subsample_size,replicate,hausdorff
50,1,0.3324847175976251
50,2,0.22198658816958058
50,3,0.2778967101964724
50,4,0.23220397565597278
50,5,0.2875255856435904
50,6,0.2204550913217743
50,7,0.2140085144210735
50,8,0.3706945267178001
50,9,0.3210301435614864
50,10,0.2464834287869797
50,11,0.27351726078354405
50,12,0.372575270666042
50,13,0.26234817207850963
50,14,0.37376391583234764
50,15,0.2259588780220641
50,16,0.2231449505835014
50,17,0.2568296496154799
50,18,0.2032579225401822
50,19,0.2653446962552513
50,20,0.28553812451627514
50,21,0.25268460793473946
50,22,0.2725346960125269
50,23,0.1886642364402185
50,24,0.24423024987911546
50,25,0.33390793805765095
50,26,0.40392823957748414
50,27,0.2934579999390118
50,28,0.30398053657993607
50,29,0.21919569113973514
50,30,0.3331507051652989
50,31,0.20138868671273974
50,32,0.2778967101964724
50,33,0.29537676405494895
50,34,0.3095773618504912
50,35,0.2044995568437461
50,36,0.24738288464698202
50,37,0.2126858962259698
50,38,0.23896711111983152
50,39,0.3708528934386633
50,40,0.5978871092916106
50,41,0.28549454656175494
50,42,0.3001351537968797
50,43,0.3389132467318765
50,44,0.3175818957337991
50,45,0.219484270357428
50,46,0.42930835280474444
50,47,0.2778967101964724
50,48,0.1952289165873261
50,49,0.2776675016112753
50,50,0.5295826896425897
50,51,0.18051690464049291
50,52,0.26156968562713506
50,53,0.29732487882713077
50,54,0.18438761438157922
50,55,0.36464070827658557
50,56,0.2807053289538773
50,57,0.247764254987085
50,58,0.23298014553138913
50,59,0.28741506177734355
50,60,0.2771388152756523
50,61,0.29731215521807086
50,62,0.23517015248862472
50,63,0.23407581735845284
50,64,0.2624891021153895
50,65,0.2717541895085076
50,66,0.18661528690374193
50,67,0.307617560083033
50,68,0.31449583209888937
50,69,0.427339614718415
50,70,0.19675430867027305
50,71,0.3020573152847525
50,72,0.26628886986545997
50,73,0.2700401305247507
50,74,0.16115154938431628
50,75,0.34886394914802166
50,76,0.251321347876266
50,77,0.262816019847467
50,78,0.2928181729916734
50,79,0.3677544747660982
50,80,0.2205908260852153
50,81,0.24447086189598385
50,82,0.2620750807224862
50,83,0.24100304088709998
50,84,0.24387688643648497
50,85,0.22039381502519587
50,86,0.2662128148050434
50,87,0.22970875395179924
50,88,0.3122787799597898
50,89,0.2830298891789303
50,90,0.2425905925464016
50,91,0.22934984543180656
50,92,0.43671992424382855
50,93,0.4476358020128751
50,94,0.24387688643648497
50,95,0.20331032798569393
50,96,0.29992329785294686
50,97,0.2114843101381908
50,98,0.20683415922333667
50,99,0.27582297901991365
50,100,0.3411481420072304
50,101,0.2031011332089731
50,102,0.31842163917025845
50,103,0.19243065638370077
50,104,0.1800620607433492
50,105,0.33468390982553975
50,106,0.39980821069955946
50,107,0.3178383615052179
50,108,0.31158711146552126
50,109,0.21374702256758193
50,110,0.2258447191852155
50,111,0.22508653185537542
50,112,0.3179121921555976
50,113,0.23904253925336663
50,114,0.3769368171539627
50,115,0.26186163437358456
50,116,0.3706340438393337
50,117,0.26135460988449416
50,118,0.19339077405233082
50,119,0.24545813059185753
50,120,0.37075338904542665
50,121,0.32771407009408765
50,122,0.22662475997149434
50,123,0.2120296770226598
50,124,0.39192714666019823
50,125,0.2676343638201371
50,126,0.4719799408795689
50,127,0.20715712549127485
50,128,0.21491258284214496
50,129,0.18802971498069782
50,130,0.2859081205652476
50,131,0.33273386500937413
50,132,0.22268039424046054
50,133,0.23149899488036554
50,134,0.20844028183628954
50,135,0.2723424572136953
50,136,0.2778967101964724
50,137,0.29537676405494895
50,138,0.2101273732180268
50,139,0.24863573176684875
50,140,0.1713254591105712
50,141,0.2615864141714016
50,142,0.4587838399998715
50,143,0.2265717979792816
50,144,0.2532577659171993
50,145,0.295646481746629
50,146,0.1874104353392352
50,147,0.39919937500614733
50,148,0.2380910525764594
50,149,0.3480525367752042
50,150,0.28277442405520176
50,151,0.3194718981588601
50,152,0.27029686910813794
50,153,0.21899795829485022
50,154,0.46240657045818606
50,155,0.24290796429314554
50,156,0.2740716288033934
50,157,0.2853515554869631
50,158,0.20117012794028918
50,159,0.22795465391016442
50,160,0.23896711111983152
50,161,0.2819511595708782
50,162,0.2248601026364522
50,163,0.28491724515375066
50,164,0.23221948314189478
50,165,0.3148245348406308
50,166,0.3083011817588224
50,167,0.20001367535277823
50,168,0.47454124363407757
50,169,0.20317337270792685
50,170,0.21242406895271804
50,171,0.22893038771371718
50,172,0.2073458261697298
50,173,0.20619320666537433
50,174,0.20887218433481333
50,175,0.30753544210551753
50,176,0.2369343961829636
50,177,0.29357256148147415
50,178,0.2578040085446533
50,179,0.19441283725222508
50,180,0.34206361574575234
50,181,0.34058126496448654
50,182,0.2762428863180541
50,183,0.26897431278406453
50,184,0.2436641538153879
50,185,0.16578602603063713
50,186,0.24116642517693196
50,187,0.1761056086419183
50,188,0.2248099421690908
50,189,0.18253680448992546
50,190,0.2079125362477867
50,191,0.4735132332094133
50,192,0.260520633615143
50,193,0.1929106789290813
50,194,0.2379642642523887
50,195,0.2657776005454705
50,196,0.30910112763983133
50,197,0.31644205103051826
50,198,0.43504335211768247
50,199,0.225040568252392
50,200,0.3003050080773214
50,201,0.2667746239931036
50,202,0.4072188842307219
50,203,0.2176387553421193
50,204,0.3061956423066536
50,205,0.4150785293666889
50,206,0.25200124389122414
50,207,0.27337926847674676
50,208,0.24682191583099364
50,209,0.25935428203069627
50,210,0.26440618897018026
50,211,0.21996045745829199
50,212,0.19635493748908736
50,213,0.2105276609258086
50,214,0.21210511815663127
50,215,0.26216762954841877
50,216,0.3484439949301754
50,217,0.29974406358779315
50,218,0.2426851997808053
50,219,0.279499195367684
50,220,0.3418623751832001
50,221,0.2817308095664143
50,222,0.32549357841297144
50,223,0.6533939724145319
50,224,0.3376574015700191
50,225,0.22025534809525332
50,226,0.28432322760188156
50,227,0.34680004792535224
50,228,0.1860923164768048
50,229,0.251321347876266
50,230,0.42168766051817264
50,231,0.2980682284061108
50,232,0.33915734410115883
50,233,0.16744526393681847
50,234,0.23612544564093146
50,235,0.2904013998103709
50,236,0.35316451008671174
50,237,0.28346067499427846
50,238,0.26277098101166785
50,239,0.1922501752211401
50,240,0.185367040819928
50,241,0.24606028005432867
50,242,0.22120832888552794
50,243,0.20650699583306747
50,244,0.23743714580717382
50,245,0.3447667637760343
50,246,0.29796542461444814
50,247,0.228514331740295
50,248,0.1722273423974319
50,249,0.2675850627254913
50,250,0.2032579225401822
50,251,0.21889505499185352
50,252,0.23982513493101845
50,253,0.3176508321776887
50,254,0.302227155877538
50,255,0.23071111311771564
50,256,0.16057123319684335
50,257,0.20783556794793134
50,258,0.4070080447570803
50,259,0.227166094150296
50,260,0.2963107455270171
50,261,0.17574147331881906
50,262,0.230554814775804
50,263,0.35777767574037134
50,264,0.28014026637185163
50,265,0.26479091192578286
50,266,0.3520295511463948
50,267,0.3418623751832001
50,268,0.29578699307454487
50,269,0.30383916216016726
50,270,0.3210623753541543
50,271,0.3076952622992837
50,272,0.25628388828343
50,273,0.3820120713342572
50,274,0.23511302639330114
50,275,0.2653758725382489
50,276,0.27286140433227873
50,277,0.2526531722022002
50,278,0.1926611505770825
50,279,0.23915271973487084
50,280,0.2853346749545094
50,281,0.3229230000254478
50,282,0.320129623326326
50,283,0.21676335632027988
50,284,0.2252228171046449
50,285,0.3758360115519521
50,286,0.27281226804789804
50,287,0.4814420617211595
50,288,0.21298538203209322
50,289,0.27047618298723985
50,290,0.3110408958663409
50,291,0.2873606946757553
50,292,0.3465428394620302
50,293,0.3132173920811565
50,294,0.3161547866446085
50,295,0.21223563792681455
50,296,0.29405869220696385
50,297,0.34838938248481477
50,298,0.1909053511928477
50,299,0.1644594697075228
50,300,0.216481321101226
50,301,0.445714233589296
50,302,0.201726972262797
50,303,0.32662178625090005
50,304,0.2833198510239941
50,305,0.21642607417961823
50,306,0.2231449505835014
50,307,0.3461694087970473
50,308,0.21296470926495764
50,309,0.2406022309641457
50,310,0.42059454279920105
50,311,0.24150151765099592
50,312,0.2928181729916734
50,313,0.3983405770938928
50,314,0.4321530812793717
50,315,0.3003676374167612
50,316,0.28223682378826376
50,317,0.19541120794245276
50,318,0.28346328561886247
50,319,0.42930835280474444
50,320,0.4468756871476747
50,321,0.2811921415284965
50,322,0.18483898931518494
50,323,0.20098737601548172
50,324,0.22743551620218477
50,325,0.3331507051652989
50,326,0.2738210682732303
50,327,0.2538437563350026
50,328,0.18790762021692795
50,329,0.2435371706108682
50,330,0.35058747176290234
50,331,0.31343728910999663
50,332,0.2956236867237359
50,333,0.19952025861892064
50,334,0.21024823898293973
50,335,0.23086156316649362
50,336,0.2512438808491154
50,337,0.4079303383896268
50,338,0.2988580042733629
50,339,0.2040671035557154
50,340,0.3249001242454682
50,341,0.369024121680332
50,342,0.41472161822817666
50,343,0.2058225431875919
50,344,0.28569772933941723
50,345,0.2684889560876407
50,346,0.2624891021153895
50,347,0.18276440822917064
50,348,0.3097605252927608
50,349,0.24230906276031708
50,350,0.28969230925502365
50,351,0.2614434005813553
50,352,0.2589307121969496
50,353,0.24310287570044975
50,354,0.24842108267002597
50,355,0.25854011902042673
50,356,0.17675541128990238
50,357,0.25257351848696247
50,358,0.3030757126117747
50,359,0.2665807061542242
50,360,0.24447086189598385
50,361,0.23299901304887347
50,362,0.22059197455810114
50,363,0.22439779571520893
50,364,0.34184950342621184
50,365,0.33656543233503394
50,366,0.4172220970897503
50,367,0.23298014553138913
50,368,0.26110635990550835
50,369,0.24199925788082033
50,370,0.3313515177714605
50,371,0.23757729866735589
50,372,0.38383060789695045
50,373,0.24035535756157744
50,374,0.39120145489222546
50,375,0.26897431278406453
50,376,0.44793815566464334
50,377,0.1925607612000429
50,378,0.280382449705073
50,379,0.34585008856859506
50,380,0.2888421784854889
50,381,0.21444200625177953
50,382,0.22496192841686524
50,383,0.32080879922457745
50,384,0.24258948028278382
50,385,0.3198926682463013
50,386,0.22025929708990016
50,387,0.2946177806173952
50,388,0.29966103919918363
50,389,0.2464834287869797
50,390,0.24806315944468743
50,391,0.3328017144561126
50,392,0.2970516150899686
50,393,0.23511302639330114
50,394,0.3247650933673185
50,395,0.2849852304188779
50,396,0.24161067944052372
50,397,0.23867279631886165
50,398,0.18045985469968007
50,399,0.21076777226777643
50,400,0.3340077120113917
50,401,0.4010640071143795
50,402,0.3022020467404438
50,403,0.37841925226425294
50,404,0.35396414841697543
50,405,0.2771388152756523
50,406,0.18562888561230967
50,407,0.28003796181053564
50,408,0.18043318942866207
50,409,0.17224841610486402
50,410,0.3197951629033098
50,411,0.2688815243254491
50,412,0.31674020785150636
50,413,0.2578093819311729
50,414,0.3140336756240566
50,415,0.26967519985532706
50,416,0.21211823004474745
50,417,0.27136772664091824
50,418,0.2652339089624155
50,419,0.19726875984531028
50,420,0.24898768634893725
50,421,0.2608671548120393
50,422,0.2746740313248243
50,423,0.30677415788473705
50,424,0.2292649419497887
50,425,0.302227155877538
50,426,0.27029686910813794
50,427,0.2811673319966532
50,428,0.36529395449901386
50,429,0.2522551715565683
50,430,0.2823258063726913
50,431,0.2820633066137576
50,432,0.2595544497928487
50,433,0.19339077405233082
50,434,0.2614434005813553
50,435,0.3200267618570522
50,436,0.18898879342850225
50,437,0.22491129036963672
50,438,0.27780566857738687
50,439,0.24726994658470602
50,440,0.2806750372877401
50,441,0.31143320033725186
50,442,0.24213260154793567
50,443,0.4644380848686644
50,444,0.31482620778267334
50,445,0.2645550183950294
50,446,0.2129498831222697
50,447,0.24704915183862622
50,448,0.23531257594797322
50,449,0.24698335019173462
50,450,0.3420187365051107
50,451,0.18174663473199204
50,452,0.31394618427398097
50,453,0.34194348662912327
50,454,0.33106310958199425
50,455,0.1686086606757211
50,456,0.1828509526852022
50,457,0.2655595695418821
50,458,0.35430563901338175
50,459,0.23772437730320123
50,460,0.23219935557471635
50,461,0.32652187357016976
50,462,0.2918219082327338
50,463,0.27820327894761526
50,464,0.1800461898893217
50,465,0.31086477354855585
50,466,0.33162370444009165
50,467,0.3304187884559897
50,468,0.2637190198454254
50,469,0.24900670679276518
50,470,0.34823022683556576
50,471,0.230554814775804
50,472,0.2439063164312452
50,473,0.21871095751350839
50,474,0.22843951051194028
50,475,0.24447086189598385
50,476,0.29680187343283754
50,477,0.34516932252128063
50,478,0.5624610971780191
50,479,0.25216476655810477
50,480,0.28683406227704733
50,481,0.23980392158804154
50,482,0.21996045745829199
50,483,0.2580464695548502
50,484,0.29578699307454487
50,485,0.26069124670350974
50,486,0.2726064586115618
50,487,0.40945643511066887
50,488,0.20458864617473044
50,489,0.22197796148443957
50,490,0.2360639187612021
50,491,0.4193677885042291
50,492,0.28020692631540983
50,493,0.25941483761240447
50,494,0.2364112400783943
50,495,0.27014159928194126
50,496,0.31362577832769134
50,497,0.33761666815335223
50,498,0.25037032453300084
50,499,0.1926611505770825
50,500,0.3137482006760796
50,501,0.24028990995841026
50,502,0.35832143073580486
50,503,0.35316451008671174
50,504,0.2941020397962459
50,505,0.2517372042813398
50,506,0.2298072418277255
50,507,0.32302626006628726
50,508,0.32354607917172606
50,509,0.4229744451177216
50,510,0.18585901769022817
50,511,0.2589307121969496
50,512,0.2662128148050434
50,513,0.24704915183862622
50,514,0.16518487698929094
50,515,0.22111504061727658
50,516,0.2963107455270171
50,517,0.38650919057890964
50,518,0.31717822773653837
50,519,0.2400598366841159
50,520,0.39489994107450926
50,521,0.2805198752540837
50,522,0.25489794046365905
50,523,0.2157086138943484
50,524,0.19952025861892064
50,525,0.2691964210053584
50,526,0.24991542406007083
50,527,0.22754082735523304
50,528,0.27106362832949693
50,529,0.2741365091657486
50,530,0.22313880537722258
50,531,0.2154880877703278
50,532,0.29794312653857563
50,533,0.34369899606114
50,534,0.2653758725382489
50,535,0.41479118764359973
50,536,0.36879597739237635
50,537,0.19254760245898875
50,538,0.2078046827014583
50,539,0.1947962961337111
50,540,0.25177829035417865
50,541,0.20701571386839157
50,542,0.22107434785659366
50,543,0.20925357028708588
50,544,0.25962886964650467
50,545,0.19241150494617948
50,546,0.3532334240713786
50,547,0.25035153654587966
50,548,0.23604839343449363
50,549,0.21897009273163237
50,550,0.18285576441931878
50,551,0.2196683824096822
50,552,0.24314330014622582
50,553,0.3796660117269935
50,554,0.2638405157612786
50,555,0.32346282951110805
50,556,0.3241110087088448
50,557,0.21686450284585398
50,558,0.3876573181561908
50,559,0.16364327960396838
50,560,0.30741574666044974
50,561,0.29357256148147415
50,562,0.24284938554771718
50,563,0.40938261589233327
50,564,0.25395941709155523
50,565,0.2476182613699618
50,566,0.27106362832949693
50,567,0.21918123450325083
50,568,0.25934195067561455
50,569,0.2995165058412059
50,570,0.2778967101964724
50,571,0.2137227281078685
50,572,0.24099947838232935
50,573,0.36704711129911
50,574,0.2662128148050434
50,575,0.4264490396966851
50,576,0.23366917429125153
50,577,0.25158522866454686
50,578,0.535222975708966
50,579,0.24116642517693196
50,580,0.24704915183862622
50,581,0.2728077266538341
50,582,0.18628800501704565
50,583,0.20693925530865168
50,584,0.22787723825321268
50,585,0.2530040144555718
50,586,0.2559192956854616
50,587,0.2632689781163308
50,588,0.3590898966151919
50,589,0.22810224039032478
50,590,0.2919964789098889
50,591,0.2509581685547698
50,592,0.25243520693876254
50,593,0.3584258079574994
50,594,0.2302600317569434
50,595,0.1926611505770825
50,596,0.20064156847064027
50,597,0.2924642185615458
50,598,0.2981981408491445
50,599,0.2129975364666657
50,600,0.22431851268045996
50,601,0.25331849994632916
50,602,0.30011457965196275
50,603,0.23345775707916464
50,604,0.24947818283703957
50,605,0.33543296514077314
50,606,0.262816019847467
50,607,0.18981834143317708
50,608,0.3304187884559897
50,609,0.20655305196321397
50,610,0.2583200606618553
50,611,0.3097605252927608
50,612,0.2647243798523097
50,613,0.2214753953828204
50,614,0.2684889560876407
50,615,0.24724704936526076
50,616,0.24910186495230452
50,617,0.24698335019173462
50,618,0.3003050080773214
50,619,0.4220680242701688
50,620,0.2111248555032269
50,621,0.3196360710454006
50,622,0.20458864617473044
50,623,0.20737885550627164
50,624,0.34680004792535224
50,625,0.38155241366751197
50,626,0.24313952849473272
50,627,0.29675930678892776
50,628,0.22048780096380893
50,629,0.27286140433227873
50,630,0.1856533664469953
50,631,0.21131253493885813
50,632,0.21401288613498437
50,633,0.2129975364666657
50,634,0.23807394932300152
50,635,0.41811146904043056
50,636,0.32195382809572953
50,637,0.23754365016840842
50,638,0.2744219850326232
50,639,0.25035376254713826
50,640,0.3723221583822313
50,641,0.2583200606618553
50,642,0.3176508321776887
50,643,0.18954405763313578
50,644,0.21814470774485387
50,645,0.22297991912381068
50,646,0.29680187343283754
50,647,0.28799074599881463
50,648,0.1722273423974319
50,649,0.24023886626726318
50,650,0.30071698921096573
50,651,0.2777791189074493
50,652,0.33928632027294303
50,653,0.4123074548214106
50,654,0.22062045385307671
50,655,0.28284885015584865
50,656,0.3642917910897399
50,657,0.4045306449606695
50,658,0.21412093028258236
50,659,0.2827869491572808
50,660,0.3829780058594395
50,661,0.35605000780299334
50,662,0.25941483761240447
50,663,0.1875800947843237
50,664,0.26584255960102454
50,665,0.3601579968579865
50,666,0.3139749595216296
50,667,0.2578040085446533
50,668,0.3157577719596327
50,669,0.24704663403921714
50,670,0.31645954708953694
50,671,0.19694030758784595
50,672,0.2543618903680678
50,673,0.17599377058370577
50,674,0.24055151840867395
50,675,0.24643582895304192
50,676,0.16017745557586568
50,677,0.2371039729739938
50,678,0.31509208969547403
50,679,0.4182591790198332
50,680,0.311827572471389
50,681,0.3175973362872615
50,682,0.2657776005454705
50,683,0.2924642185615458
50,684,0.23079976237520328
50,685,0.21585749168660193
50,686,0.3291205490865402
50,687,0.46575350402559607
50,688,0.2183673258627891
50,689,0.25275126674152965
50,690,0.20458864617473044
50,691,0.23232309373797505
50,692,0.21598556353430146
50,693,0.21910127803157173
50,694,0.29639197271853834
50,695,0.23144863251732553
50,696,0.3656002756221238
50,697,0.3470355102689361
50,698,0.27505883010637383
50,699,0.29705894105048997
50,700,0.2725346960125269
50,701,0.26980781135825166
50,702,0.4425791676284905
50,703,0.21055629206381235
50,704,0.19926050484696056
50,705,0.2470341256839597
50,706,0.2897712646481332
50,707,0.38170519259700114
50,708,0.4051915646861774
50,709,0.27206229301637597
50,710,0.2999539230975558
50,711,0.3104824596423518
50,712,0.2639182679476301
50,713,0.2738690205468729
50,714,0.40119633158655205
50,715,0.2419512557877853
50,716,0.2282830341322622
50,717,0.32809881374188743
50,718,0.2755295417507513
50,719,0.268070504165512
50,720,0.3071210087926863
50,721,0.21055629206381235
50,722,0.21131253493885813
50,723,0.18112769003129572
50,724,0.36246357588637357
50,725,0.2970516150899686
50,726,0.16588934403835187
50,727,0.2353612786560556
50,728,0.2363772709870102
50,729,0.3406115083774317
50,730,0.33878148756149307
50,731,0.20695893898501325
50,732,0.22980878012502348
50,733,0.23697783894933167
50,734,0.25935428203069627
50,735,0.2880188686888566
50,736,0.27662769200020676
50,737,0.2642556501353899
50,738,0.2298072418277255
50,739,0.22203024293340773
50,740,0.23511302639330114
50,741,0.3678102535722611
50,742,0.20458864617473044
50,743,0.3215680318092126
50,744,0.2552860101009733
50,745,0.3361672286303328
50,746,0.19198682492148192
50,747,0.17590666476297978
50,748,0.20486702170860774
50,749,0.35459186958154776
50,750,0.2741365091657486
50,751,0.3517324839600683
50,752,0.2789205067412146
50,753,0.29976087252815414
50,754,0.3040011368763371
50,755,0.1857040915197757
50,756,0.30542413949053276
50,757,0.2244441949444308
50,758,0.38062447900896007
50,759,0.2332019579426716
50,760,0.46263803042528073
50,761,0.26186163437358456
50,762,0.3590898966151919
50,763,0.22325463858549716
50,764,0.2203125631029439
50,765,0.24342132524002094
50,766,0.3465428394620302
50,767,0.22410897378878714
50,768,0.2174551177609406
50,769,0.20887218433481333
50,770,0.18551440288206164
50,771,0.3715252461272497
50,772,0.229572835319409
50,773,0.20683415922333667
50,774,0.39126002269841376
50,775,0.3161547866446085
50,776,0.24230906276031708
50,777,0.3407207902138198
50,778,0.18660497962819989
50,779,0.1819360381260991
50,780,0.24150151765099592
50,781,0.35218896491748486
50,782,0.39100093463601554
50,783,0.1926611505770825
50,784,0.22198658816958058
50,785,0.19372417161815128
50,786,0.26925559000674965
50,787,0.222851840395704
50,788,0.2780807468765818
50,789,0.16436643907640425
50,790,0.34786806145666155
50,791,0.1797726286586538
50,792,0.2482158751871317
50,793,0.29796542461444814
50,794,0.27164690027426874
50,795,0.29635485748688767
50,796,0.24898768634893725
50,797,0.22470789670454608
50,798,0.31363760182490785
50,799,0.34330948816552465
50,800,0.2092543474968035
50,801,0.253626316571386
50,802,0.2548650580756511
50,803,0.24863573176684875
50,804,0.27127091075195153
50,805,0.28321338645301625
50,806,0.36901578231676335
50,807,0.24564763786826366
50,808,0.25854011902042673
50,809,0.294989219116957
50,810,0.2801222102749621
50,811,0.18994142944461143
50,812,0.34031415669131215
50,813,0.25953260611965717
50,814,0.2463424640527038
50,815,0.19473598314619167
50,816,0.17326423239447517
50,817,0.2866095891620789
50,818,0.23867372176477522
50,819,0.3044813834347021
50,820,0.35329585208019604
50,821,0.27505883010637383
50,822,0.28073953754290437
50,823,0.20214039331572853
50,824,0.22120832888552794
50,825,0.23406002069279805
50,826,0.20728261978932816
50,827,0.26130074082927895
50,828,0.2371169413003269
50,829,0.2740716288033934
50,830,0.27033141352990947
50,831,0.3040011368763371
50,832,0.2718910152348022
50,833,0.2686423881958998
50,834,0.23421156200941706
50,835,0.27580082676108636
50,836,0.17774209571170996
50,837,0.2875255856435904
50,838,0.23790447141188917
50,839,0.3218322583871651
50,840,0.22902193945215799
50,841,0.35694419427445356
50,842,0.24055151840867395
50,843,0.2129498831222697
50,844,0.313723357985955
50,845,0.2840583991926628
50,846,0.21334980723185773
50,847,0.2823258063726913
50,848,0.32578827859158543
50,849,0.1874104353392352
50,850,0.27040048367790087
50,851,0.22881603203855708
50,852,0.35694419427445356
50,853,0.1922501752211401
50,854,0.24617700944574736
50,855,0.2830031439634465
50,856,0.2603230337337877
50,857,0.3073390695853927
50,858,0.24682191583099364
50,859,0.21223941406038024
50,860,0.30364738192822127
50,861,0.24199925788082033
50,862,0.22912635091423147
50,863,0.21109107280087752
50,864,0.30137055557046394
50,865,0.16203287517624232
50,866,0.20240360721445547
50,867,0.26588464614081775
50,868,0.3076952622992837
50,869,0.2608220012651986
50,870,0.22124618404444552
50,871,0.1713254591105712
50,872,0.38329711482284995
50,873,0.24688917733322482
50,874,0.23227662739140859
50,875,0.32623724499120965
50,876,0.18419336665108701
50,877,0.2980682284061108
50,878,0.2923962783245737
50,879,0.3083148586391054
50,880,0.2947773142605558
50,881,0.37572114022720876
50,882,0.2582518308444689
50,883,0.19523446695422894
50,884,0.2589307121969496
50,885,0.28565681363689444
50,886,0.20117012794028918
50,887,0.27555051288968174
50,888,0.2952673835413323
50,889,0.32492238791641664
50,890,0.2889149894701825
50,891,0.1729778532968988
50,892,0.1755858349324238
50,893,0.17600507961314898
50,894,0.24936016009878748
50,895,0.27179566970547586
50,896,0.22771725239543877
50,897,0.2694175970519413
50,898,0.19421655379234928
50,899,0.22496192841686524
50,900,0.19931022055078443
50,901,0.4617555199262167
50,902,0.32406035914758674
50,903,0.2369343961829636
50,904,0.29279992785137626
50,905,0.29477678438198823
50,906,0.4235607745597971
50,907,0.2501124456358329
50,908,0.33216626626567003
50,909,0.2446404293599414
50,910,0.39930724052317573
50,911,0.20844028183628954
50,912,0.20475681542347485
50,913,0.21910127803157173
50,914,0.22970875395179924
50,915,0.2600695429297805
50,916,0.2705994890254365
50,917,0.2337191506303992
50,918,0.24850991265589056
50,919,0.2464834287869797
50,920,0.2540596207920087
50,921,0.19089796827203684
50,922,0.2450034971367674
50,923,0.20562753046034737
50,924,0.2891733626360355
50,925,0.21108943329318008
50,926,0.2054640771220139
50,927,0.34901919462946357
50,928,0.33392107382199704
50,929,0.20481664822481244
50,930,0.2217079436790509
50,931,0.28937661837387174
50,932,0.2780807468765818
50,933,0.2746682298514187
50,934,0.23982513493101845
50,935,0.29680138255187033
50,936,0.17496199774708732
50,937,0.33553470503622007
50,938,0.2297810352566109
50,939,0.27820327894761526
50,940,0.2834923980376877
50,941,0.2265176764129923
50,942,0.20593770975704714
50,943,0.19684220075913703
50,944,0.3515536976662471
50,945,0.3072320432139381
50,946,0.18551440288206164
50,947,0.3057822457751898
50,948,0.26405014871520077
50,949,0.2525925728382133
50,950,0.2243036231077955
50,951,0.20138868671273974
50,952,0.19124360805727403
50,953,0.19463100653141616
50,954,0.35463144480016456
50,955,0.19433571340846467
50,956,0.25489794046365905
50,957,0.2838312666661132
50,958,0.26641385816668783
50,959,0.35740127313327813
50,960,0.40122695244381007
50,961,0.1731531153500923
50,962,0.47035457494677485
50,963,0.22750963157609524
50,964,0.2874056241543773
50,965,0.22577766444449412
50,966,0.20423898146095235
50,967,0.321435729488889
50,968,0.18276440822917064
50,969,0.23221948314189478
50,970,0.36489263196968635
50,971,0.3318636437798522
50,972,0.28940512784893835
50,973,0.23407581735845284
50,974,0.2647243798523097
50,975,0.16877506364829126
50,976,0.1893064542956691
50,977,0.24090009385088498
50,978,0.19960560465972263
50,979,0.34804460850983343
50,980,0.2812344277293356
50,981,0.38869138597832076
50,982,0.2839135977591707
50,983,0.2465072574915352
50,984,0.3307487142216085
50,985,0.32872669063712934
50,986,0.24688917733322482
50,987,0.29796542461444814
50,988,0.19546657216711585
50,989,0.27619241301201025
50,990,0.48218643900782815
50,991,0.3460579967134434
50,992,0.20325876910218768
50,993,0.314245106551585
50,994,0.2083182814049301
50,995,0.30650742215873766
50,996,0.22939620062388477
50,997,0.29202411151552377
50,998,0.2726296974572497
50,999,0.27383948442457345
50,1000,0.26194509869607835
100,1,0.1487377590002677
100,2,0.14362386280582748
100,3,0.1209039225559733
100,4,0.14123878592731987
100,5,0.1755858349324238
100,6,0.18660497962819989
100,7,0.12616372697953082
100,8,0.11354805753566286
100,9,0.2111248555032269
100,10,0.1494088833775774
100,11,0.1144095231836247
100,12,0.10865399877984044
100,13,0.11793441841513744
100,14,0.1943712796080882
100,15,0.13516959226694247
100,16,0.1518914769946101
100,17,0.14012809690103512
100,18,0.13302417992917803
100,19,0.1174803317212608
100,20,0.21814470774485387
100,21,0.18169545457233688
100,22,0.2565828699559141
100,23,0.1419538865120612
100,24,0.1005297067517294
100,25,0.13274657498361683
100,26,0.1957565775361458
100,27,0.12257754745975283
100,28,0.11808424482218376
100,29,0.13694321131619366
100,30,0.15840301243098173
100,31,0.118802231746669
100,32,0.18381775910078338
100,33,0.1921963408742088
100,34,0.11565201062251206
100,35,0.11421699851674331
100,36,0.17039184415290828
100,37,0.1645206520638075
100,38,0.1975965245475643
100,39,0.13958517511092924
100,40,0.1329204881133162
100,41,0.15705118068106486
100,42,0.13261143923308197
100,43,0.21814470774485387
100,44,0.13791566453245258
100,45,0.12814464507697296
100,46,0.18401334904131675
100,47,0.2626762683020014
100,48,0.13833096293082348
100,49,0.1939463164658153
100,50,0.15386073337209696
100,51,0.26967519985532706
100,52,0.22111504061727658
100,53,0.10970055338995205
100,54,0.12823943919070868
100,55,0.12413009196463112
100,56,0.22024109816436913
100,57,0.11234899337777826
100,58,0.12626203010534037
100,59,0.1306416756518746
100,60,0.15171119254096577
100,61,0.20428362915563963
100,62,0.14562216906577433
100,63,0.10951601647967077
100,64,0.23406002069279805
100,65,0.12498309210638613
100,66,0.12075550926999913
100,67,0.13596816015587632
100,68,0.16785044114154665
100,69,0.1414918445937585
100,70,0.1438224758509591
100,71,0.12472155368434287
100,72,0.1810602606833027
100,73,0.1289815753810918
100,74,0.19635493748908736
100,75,0.1634150787928125
100,76,0.1513665745608587
100,77,0.17232134507394709
100,78,0.18043318942866207
100,79,0.14419608762405625
100,80,0.10292969751588672
100,81,0.12906632185535966
100,82,0.15171119254096577
100,83,0.1886029310389274
100,84,0.12504612137975926
100,85,0.12670789032841276
100,86,0.20357062851755905
100,87,0.2638405157612786
100,88,0.18186222591087745
100,89,0.12788188426778538
100,90,0.1454046133687942
100,91,0.23149899488036554
100,92,0.148408874617053
100,93,0.1619423160873218
100,94,0.26182114146764685
100,95,0.17494322174346588
100,96,0.12778953805717527
100,97,0.12961480274507287
100,98,0.11600047850685591
100,99,0.12592100976409767
100,100,0.1483378797916208
100,101,0.1689004389165325
100,102,0.12472155368434287
100,103,0.167736479765812
100,104,0.14191970025897013
100,105,0.19020583033169935
100,106,0.10539573252884653
100,107,0.20486702170860774
100,108,0.12863208858661745
100,109,0.15834041619633138
100,110,0.11808424482218376
100,111,0.14525169025077914
100,112,0.17300708790400848
100,113,0.12682454371581045
100,114,0.1311675638996831
100,115,0.14251663537415055
100,116,0.15029249792501867
100,117,0.14247450334552553
100,118,0.22410897378878714
100,119,0.11173766105794665
100,120,0.11703178800725468
100,121,0.14894400111567319
100,122,0.22441138747824457
100,123,0.09726232335959187
100,124,0.22111504061727658
100,125,0.11354805753566286
100,126,0.13495534248453392
100,127,0.17675541128990238
100,128,0.18847976029722863
100,129,0.26573327184894524
100,130,0.1418636022636354
100,131,0.12253358379261309
100,132,0.1386249965340294
100,133,0.17883040601675715
100,134,0.16952872091644394
100,135,0.2286792760985728
100,136,0.17200666095069947
100,137,0.12559454563327718
100,138,0.1846406612001322
100,139,0.1393157025130268
100,140,0.13261143923308197
100,141,0.1216747854246607
100,142,0.0933936465751962
100,143,0.11756098829686056
100,144,0.1808936479084942
100,145,0.18651330446612557
100,146,0.18381775910078338
100,147,0.14105105992344247
100,148,0.21187086686617615
100,149,0.19105184879969792
100,150,0.12327742457411131
100,151,0.14599287750506887
100,152,0.16601237606133895
100,153,0.1856533664469953
100,154,0.11957964388929664
100,155,0.10606808116116752
100,156,0.1670329580861246
100,157,0.1619423160873218
100,158,0.16818078713660348
100,159,0.21108943329318008
100,160,0.2036490603895722
100,161,0.10561403696089859
100,162,0.14732106484026722
100,163,0.1449558585717889
100,164,0.15870708800813105
100,165,0.17335060876881045
100,166,0.1823829780940648
100,167,0.11911574979119878
100,168,0.17052063272087628
100,169,0.1101288952005494
100,170,0.1316652223444304
100,171,0.11808424482218376
100,172,0.1856533664469953
100,173,0.17208129564910776
100,174,0.12223175972029628
100,175,0.11483612498382678
100,176,0.15974009525570537
100,177,0.16588934403835187
100,178,0.1247030367657082
100,179,0.1823829780940648
100,180,0.18981834143317708
100,181,0.11565201062251206
100,182,0.11484340422663218
100,183,0.1355454660515263
100,184,0.1562711001377943
100,185,0.09953733489717503
100,186,0.1328185374133257
100,187,0.1494058274227461
100,188,0.11432040097648338
100,189,0.2603230337337877
100,190,0.1518914769946101
100,191,0.10730012047916505
100,192,0.15405659474222808
100,193,0.1502346486245328
100,194,0.14949853858847514
100,195,0.13361186246060208
100,196,0.14693385098447734
100,197,0.10590498321070954
100,198,0.16872274540399018
100,199,0.15473025024132778
100,200,0.15993220373367087
100,201,0.16601237606133895
100,202,0.08909315835852086
100,203,0.1952289165873261
100,204,0.13121174854394063
100,205,0.1406959694658933
100,206,0.12630690786000673
100,207,0.11022042376276037
100,208,0.12989427595087347
100,209,0.1418636022636354
100,210,0.12482715126362859
100,211,0.12730911775551554
100,212,0.2183673258627891
100,213,0.1969075095691323
100,214,0.14015639939523195
100,215,0.16397691099512998
100,216,0.08277569943052152
100,217,0.18212958161456916
100,218,0.22441138747824457
100,219,0.16980626591479475
100,220,0.1414240178417939
100,221,0.2047753996287801
100,222,0.11577155878522924
100,223,0.22843951051194028
100,224,0.13242919524622326
100,225,0.18802971498069782
100,226,0.18074409570723224
100,227,0.16675102157953992
100,228,0.1854692933719556
100,229,0.12257754745975283
100,230,0.14239004805736707
100,231,0.18483898931518494
100,232,0.14071063757619925
100,233,0.1874104353392352
100,234,0.13245269770893667
100,235,0.2584632197332202
100,236,0.15944312022660415
100,237,0.14072215540439234
100,238,0.15944312022660415
100,239,0.1306416756518746
100,240,0.17039184415290828
100,241,0.1725518964507587
100,242,0.14117794149583668
100,243,0.12017169303761246
100,244,0.12870661347515008
100,245,0.18112553488195823
100,246,0.1437624436771842
100,247,0.20544633558933073
100,248,0.14949853858847514
100,249,0.1672707950624276
100,250,0.2149414217435232
100,251,0.20137813587702963
100,252,0.14738293924632015
100,253,0.12677788597750791
100,254,0.19048686663861067
100,255,0.16703954905993448
100,256,0.16495984634602345
100,257,0.15917310707410795
100,258,0.13596816015587632
100,259,0.12543742242749203
100,260,0.13075393087590548
100,261,0.15944312022660415
100,262,0.18107367090057616
100,263,0.1406959694658933
100,264,0.11808362452400771
100,265,0.2129498831222697
100,266,0.1518914769946101
100,267,0.20458864617473044
100,268,0.20735661174977513
100,269,0.14105105992344247
100,270,0.12582211951780684
100,271,0.15393605475240066
100,272,0.2101273732180268
100,273,0.13274657498361683
100,274,0.1774494814323198
100,275,0.1481936556861251
100,276,0.1927565437062045
100,277,0.10888243215770438
100,278,0.10673963176032034
100,279,0.18483898931518494
100,280,0.15887031651522843
100,281,0.17675541128990238
100,282,0.15944312022660415
100,283,0.1704253821634855
100,284,0.15236520635520268
100,285,0.12433325835727596
100,286,0.18148391153192792
100,287,0.11808424482218376
100,288,0.20800720065344358
100,289,0.14289394735039998
100,290,0.16115154938431628
100,291,0.148408874617053
100,292,0.10724654213961253
100,293,0.19184311498943327
100,294,0.15917310707410795
100,295,0.1494058274227461
100,296,0.10849448288009968
100,297,0.12253358379261309
100,298,0.13343565546563962
100,299,0.1808097445605528
100,300,0.15416391970901883
100,301,0.18660497962819989
100,302,0.12311369505177254
100,303,0.26479091192578286
100,304,0.13756180969950263
100,305,0.16621061885187027
100,306,0.20486170722402697
100,307,0.10228470582604351
100,308,0.1731531153500923
100,309,0.10912171014307137
100,310,0.11432040097648338
100,311,0.14726305861381245
100,312,0.10157762754943939
100,313,0.15192549554444384
100,314,0.17039184415290828
100,315,0.15232430903617325
100,316,0.14806157747124998
100,317,0.15535479855264536
100,318,0.1331695504682648
100,319,0.2057386341390124
100,320,0.18880006095941831
100,321,0.15283055816662144
100,322,0.154510934431476
100,323,0.19105184879969792
100,324,0.19922997263743097
100,325,0.19105184879969792
100,326,0.1294662285251731
100,327,0.10048677011038436
100,328,0.1414240178417939
100,329,0.14921084469520837
100,330,0.15262105121175237
100,331,0.11389666715193515
100,332,0.15587845538976372
100,333,0.2301793795887864
100,334,0.13966920500938898
100,335,0.13958517511092924
100,336,0.1206173511441992
100,337,0.16146153441049335
100,338,0.2741812779030808
100,339,0.15568845496723913
100,340,0.1728368497789016
100,341,0.14362386280582748
100,342,0.14039083370801148
100,343,0.17394690987047132
100,344,0.136493001542563
100,345,0.12630690786000673
100,346,0.11974263346956138
100,347,0.13808985464176785
100,348,0.15633993506800678
100,349,0.19270373113787304
100,350,0.13655339913942885
100,351,0.14191970025897013
100,352,0.13075393087590548
100,353,0.12532541088736443
100,354,0.13363200440357928
100,355,0.1338680422169397
100,356,0.1113283856471513
100,357,0.1392978372444354
100,358,0.205071509759615
100,359,0.17039184415290828
100,360,0.11377901827809792
100,361,0.24264908648013347
100,362,0.1289815753810918
100,363,0.1848999751321664
100,364,0.16357245459938616
100,365,0.1353556799902556
100,366,0.12665837634597082
100,367,0.15416391970901883
100,368,0.0900663498882524
100,369,0.13732164337226194
100,370,0.14532610282054031
100,371,0.14289394735039998
100,372,0.15487514582723458
100,373,0.10970055338995205
100,374,0.16697736246159847
100,375,0.17237953760843502
100,376,0.12253358379261309
100,377,0.14237930535182172
100,378,0.1349714250349818
100,379,0.17502221631561676
100,380,0.1355454660515263
100,381,0.18362463383243266
100,382,0.16561519600552946
100,383,0.12072887023537102
100,384,0.1569775645004584
100,385,0.10970055338995205
100,386,0.2641622943451951
100,387,0.1446136265572561
100,388,0.1289815753810918
100,389,0.14977089333328608
100,390,0.1433873416813453
100,391,0.22410897378878714
100,392,0.1140153331481708
100,393,0.16913289691012673
100,394,0.16115154938431628
100,395,0.21996045745829199
100,396,0.14409974490636757
100,397,0.11808424482218376
100,398,0.14362386280582748
100,399,0.18362463383243266
100,400,0.1471326027637041
100,401,0.12212587725554022
100,402,0.15552212018976297
100,403,0.167736479765812
100,404,0.14474404875538244
100,405,0.14140301532684582
100,406,0.11122749280881641
100,407,0.1952289165873261
100,408,0.16192376877412573
100,409,0.17022653649491584
100,410,0.15515662830507956
100,411,0.1460868471374051
100,412,0.10646778534477658
100,413,0.15943443233625387
100,414,0.09738928576837602
100,415,0.18898879342850225
100,416,0.15283055816662144
100,417,0.12178269732381372
100,418,0.22203024293340773
100,419,0.24553880272318385
100,420,0.20599880817939237
100,421,0.15875743069659878
100,422,0.1306150436229921
100,423,0.16115154938431628
100,424,0.15535013496751574
100,425,0.16675102157953992
100,426,0.11376124199318309
100,427,0.14880615328790892
100,428,0.13034233755872213
100,429,0.11000120392909582
100,430,0.12060800091346507
100,431,0.1491943385570758
100,432,0.14103277898212016
100,433,0.15619095304979616
100,434,0.1308751011500724
100,435,0.15520210193577208
100,436,0.18483898931518494
100,437,0.14732106484026722
100,438,0.15471531075157885
100,439,0.15875743069659878
100,440,0.16115154938431628
100,441,0.11942585046695309
100,442,0.2904013998103709
100,443,0.17714464843517239
100,444,0.23016086942629582
100,445,0.20094743853349573
100,446,0.17049422712119988
100,447,0.1259950949821294
100,448,0.1316652223444304
100,449,0.12559454563327718
100,450,0.1488944648456105
100,451,0.13121174854394063
100,452,0.11411579364179458
100,453,0.10685906934475455
100,454,0.12656407524245575
100,455,0.11775181957265264
100,456,0.10504042456967158
100,457,0.1318334499024583
100,458,0.12280418940962062
100,459,0.14682406092464564
100,460,0.1177385678141796
100,461,0.13065462971858954
100,462,0.18152958121307364
100,463,0.17706006434941238
100,464,0.13242919524622326
100,465,0.1484870580092736
100,466,0.15282172312890616
100,467,0.1202380519860542
100,468,0.1518914769946101
100,469,0.13665306957766588
100,470,0.10627343379308812
100,471,0.1823829780940648
100,472,0.18107367090057616
100,473,0.15128733717349943
100,474,0.15478562238701385
100,475,0.12137718263971181
100,476,0.26249751156644374
100,477,0.1289815753810918
100,478,0.1891821653263757
100,479,0.2129498831222697
100,480,0.12060800091346507
100,481,0.15337106895482322
100,482,0.19012787844587373
100,483,0.14796427071565318
100,484,0.12107247922302465
100,485,0.11529330675571298
100,486,0.14419608762405625
100,487,0.1478250003195465
100,488,0.1901950622744194
100,489,0.14265953662583042
100,490,0.12253358379261309
100,491,0.10627343379308812
100,492,0.12559454563327718
100,493,0.22119711951375545
100,494,0.19183242482826962
100,495,0.13353521699353046
100,496,0.12342498985839988
100,497,0.18253680448992546
100,498,0.14539311831249674
100,499,0.10563641838077284
100,500,0.1360777543747027
100,501,0.1886642364402185
100,502,0.11432755349962159
100,503,0.2159366255086261
100,504,0.14336811350615322
100,505,0.14921084469520837
100,506,0.14738293924632015
100,507,0.17415469961354432
100,508,0.21919569113973514
100,509,0.1649933901293072
100,510,0.12930101574225544
100,511,0.16675102157953992
100,512,0.1418636022636354
100,513,0.13067661002198422
100,514,0.13353521699353046
100,515,0.11793441841513744
100,516,0.1725518964507587
100,517,0.14158485571542995
100,518,0.10967299866785311
100,519,0.12959966219338886
100,520,0.10888243215770438
100,521,0.13808985464176785
100,522,0.1823829780940648
100,523,0.14499380334878947
100,524,0.20486702170860774
100,525,0.11906174194573942
100,526,0.1488944648456105
100,527,0.16872274540399018
100,528,0.22303506050437946
100,529,0.18954405763313578
100,530,0.1353721697482088
100,531,0.14529335120320694
100,532,0.15806007536403097
100,533,0.10222725955780528
100,534,0.1273195688495543
100,535,0.1320540848228498
100,536,0.15232430903617325
100,537,0.1209039225559733
100,538,0.10814735833364095
100,539,0.14562216906577433
100,540,0.15944312022660415
100,541,0.16442273478089128
100,542,0.15154448908307808
100,543,0.10859517018266343
100,544,0.15176627942059992
100,545,0.13948040795809055
100,546,0.16962024510160467
100,547,0.17714870518159034
100,548,0.10839943344516013
100,549,0.15707919766846604
100,550,0.13694321131619366
100,551,0.1277493427559084
100,552,0.15865086656536415
100,553,0.11354805753566286
100,554,0.17232134507394709
100,555,0.13302417992917803
100,556,0.1414240178417939
100,557,0.2657776005454705
100,558,0.12486392493678809
100,559,0.22926733027169094
100,560,0.18396039876837134
100,561,0.09691708236770265
100,562,0.17420201851616424
100,563,0.1418636022636354
100,564,0.205071509759615
100,565,0.1886642364402185
100,566,0.1414240178417939
100,567,0.13495534248453392
100,568,0.1600934427221429
100,569,0.1513788572586967
100,570,0.1546638077658247
100,571,0.16163960074586564
100,572,0.1015013433682555
100,573,0.10970055338995205
100,574,0.15406465243766637
100,575,0.1528681588512753
100,576,0.11846267948920024
100,577,0.19184311498943327
100,578,0.1232547085245052
100,579,0.16601237606133895
100,580,0.1285547065781686
100,581,0.19339077405233082
100,582,0.1619423160873218
100,583,0.15416391970901883
100,584,0.21742610073146462
100,585,0.20428362915563963
100,586,0.1329128278986067
100,587,0.13862268860421714
100,588,0.205071509759615
100,589,0.15307603090242627
100,590,0.10283040304032602
100,591,0.12586088910429635
100,592,0.16115154938431628
100,593,0.1874104353392352
100,594,0.11808424482218376
100,595,0.14894400111567319
100,596,0.13057400528205285
100,597,0.24290796429314554
100,598,0.15416391970901883
100,599,0.1374424617339373
100,600,0.16495984634602345
100,601,0.194907465243653
100,602,0.1438224758509591
100,603,0.17707224437952682
100,604,0.1273195688495543
100,605,0.16843891562172247
100,606,0.2329500608954732
100,607,0.20194424558503815
100,608,0.11567779802122426
100,609,0.15944312022660415
100,610,0.15395947960965622
100,611,0.1655797253532691
100,612,0.11973809906880187
100,613,0.1093260467009249
100,614,0.12630690786000673
100,615,0.13862268860421714
100,616,0.12413009196463112
100,617,0.15944312022660415
100,618,0.18660497962819989
100,619,0.1731531153500923
100,620,0.1316652223444304
100,621,0.14413039640387307
100,622,0.13103601375631316
100,623,0.17537254480419345
100,624,0.16567030185821155
100,625,0.11484340422663218
100,626,0.1249404754066478
100,627,0.15633993506800678
100,628,0.1378207010752059
100,629,0.10616918271465468
100,630,0.1546638077658247
100,631,0.12225455077691365
100,632,0.1502346486245328
100,633,0.162235787555257
100,634,0.15151510939111554
100,635,0.2806750372877401
100,636,0.16880651862397444
100,637,0.1546638077658247
100,638,0.13105298995665957
100,639,0.1817003787124192
100,640,0.16854663932300115
100,641,0.15461477471790525
100,642,0.11022042376276037
100,643,0.12068584310352366
100,644,0.17039184415290828
100,645,0.18994142944461143
100,646,0.1209039225559733
100,647,0.15451167372036653
100,648,0.18651330446612557
100,649,0.15324963696533078
100,650,0.1588752635190557
100,651,0.1418636022636354
100,652,0.1144738225474326
100,653,0.30556476712224423
100,654,0.10721407062624475
100,655,0.17927408708448983
100,656,0.1338680422169397
100,657,0.1329128278986067
100,658,0.10568203038723542
100,659,0.140009319615718
100,660,0.12730911775551554
100,661,0.12190234032032801
100,662,0.15535013496751574
100,663,0.19420521391128356
100,664,0.1975965245475643
100,665,0.1857785953105439
100,666,0.12542797803571215
100,667,0.1338680422169397
100,668,0.21919569113973514
100,669,0.1289815753810918
100,670,0.15414715010824717
100,671,0.15406465243766637
100,672,0.13948040795809055
100,673,0.10969808064134651
100,674,0.11056978897994497
100,675,0.16266388372872917
100,676,0.19184311498943327
100,677,0.1856533664469953
100,678,0.1542848461499262
100,679,0.22771725239543877
100,680,0.20650699583306747
100,681,0.1111728170854452
100,682,0.20474501163114436
100,683,0.1414918445937585
100,684,0.18476565488306815
100,685,0.20619745519994154
100,686,0.12535131747022737
100,687,0.16442273478089128
100,688,0.17767609363864337
100,689,0.20670678818603044
100,690,0.17161617284523667
100,691,0.16933555981869186
100,692,0.15393605475240066
100,693,0.1378207010752059
100,694,0.13495534248453392
100,695,0.1901950622744194
100,696,0.14117021233543176
100,697,0.1289815753810918
100,698,0.1772839790590909
100,699,0.20182200198034075
100,700,0.16645625764786467
100,701,0.15118296687738608
100,702,0.12592100976409767
100,703,0.13837017080308922
100,704,0.17039184415290828
100,705,0.1350353481988593
100,706,0.10730012047916505
100,707,0.14280728955620933
100,708,0.14129039938020443
100,709,0.20887218433481333
100,710,0.10305181070066077
100,711,0.12342498985839988
100,712,0.15450858418333915
100,713,0.13837017080308922
100,714,0.1921972894547871
100,715,0.1158011759818138
100,716,0.16027498985061064
100,717,0.14802177755839016
100,718,0.14601759121184768
100,719,0.15232430903617325
100,720,0.12017169303761246
100,721,0.09304837245722668
100,722,0.10997929754200662
100,723,0.13694321131619366
100,724,0.18489921147778116
100,725,0.14806157747124998
100,726,0.15944312022660415
100,727,0.14158485571542995
100,728,0.09005579786799937
100,729,0.20860201597120967
100,730,0.1763457068312858
100,731,0.1475769101116664
100,732,0.15192549554444384
100,733,0.10721407062624475
100,734,0.13269893380005945
100,735,0.18253680448992546
100,736,0.11341945879598443
100,737,0.1379867185714629
100,738,0.135322136727956
100,739,0.1874104353392352
100,740,0.13829780049219226
100,741,0.11808424482218376
100,742,0.2176387553421193
100,743,0.11554874970832894
100,744,0.14166449931137798
100,745,0.11521140940877517
100,746,0.13403485184883165
100,747,0.17580160890805746
100,748,0.15296209102445774
100,749,0.12953789940448984
100,750,0.14512442293048175
100,751,0.10072941853351054
100,752,0.13075393087590548
100,753,0.19926050484696056
100,754,0.19495445837573272
100,755,0.16115154938431628
100,756,0.14031150878523985
100,757,0.11694659599783723
100,758,0.18806923471542655
100,759,0.2117360802191826
100,760,0.12770565458278063
100,761,0.1297317731668545
100,762,0.1856533664469953
100,763,0.1379867185714629
100,764,0.15990650757681688
100,765,0.17394690987047132
100,766,0.19433571340846467
100,767,0.1329128278986067
100,768,0.15905894294517603
100,769,0.1466803536779549
100,770,0.12616372697953082
100,771,0.1418636022636354
100,772,0.12486392493678809
100,773,0.13808985464176785
100,774,0.24747291983373018
100,775,0.10627343379308812
100,776,0.13363200440357928
100,777,0.12677782299212684
100,778,0.21187086686617615
100,779,0.10283040304032602
100,780,0.14738293924632015
100,781,0.23982513493101845
100,782,0.1518914769946101
100,783,0.2047753996287801
100,784,0.1696929024497135
100,785,0.13702757008815653
100,786,0.14717288478379748
100,787,0.14481293528119124
100,788,0.15944312022660415
100,789,0.1921963408742088
100,790,0.14016320081181421
100,791,0.18648397494463825
100,792,0.21526112117306173
100,793,0.13691125064202941
100,794,0.17039184415290828
100,795,0.14754793437591945
100,796,0.1510876315229692
100,797,0.15323960238238987
100,798,0.10307131886073748
100,799,0.17927408708448983
100,800,0.14719753611298456
100,801,0.13495534248453392
100,802,0.17741264100127402
100,803,0.1856533664469953
100,804,0.2283926683316545
100,805,0.13067661002198422
100,806,0.25035376254713826
100,807,0.20695893898501325
100,808,0.30025614285654506
100,809,0.15944312022660415
100,810,0.1471218407128397
100,811,0.15131639143938733
100,812,0.22310663893442248
100,813,0.12228986059184266
100,814,0.10115454046115152
100,815,0.20085301414537685
100,816,0.1214281193572098
100,817,0.20885448262449793
100,818,0.15118296687738608
100,819,0.1819357621632082
100,820,0.18979497385193395
100,821,0.12498309210638613
100,822,0.13274657498361683
100,823,0.1411322373347818
100,824,0.15865086656536415
100,825,0.1518914769946101
100,826,0.19523446695422894
100,827,0.22348229431260974
100,828,0.15895451280719552
100,829,0.14717288478379748
100,830,0.2474100670479404
100,831,0.16052806425997393
100,832,0.1491943385570758
100,833,0.18651330446612557
100,834,0.15706060989554513
100,835,0.15905894294517603
100,836,0.13245269770893667
100,837,0.15232430903617325
100,838,0.1728368497789016
100,839,0.1649933901293072
100,840,0.16115154938431628
100,841,0.14409974490636757
100,842,0.17039184415290828
100,843,0.13293297585330613
100,844,0.12870661347515008
100,845,0.18483898931518494
100,846,0.1553200251800542
100,847,0.1623133890737073
100,848,0.1507919067885747
100,849,0.18401334904131675
100,850,0.17679120972405019
100,851,0.12046405320507672
100,852,0.12873760297510298
100,853,0.09681480566850706
100,854,0.11500759072129771
100,855,0.13169415451407745
100,856,0.1518914769946101
100,857,0.1093260467009249
100,858,0.13261143923308197
100,859,0.13596816015587632
100,860,0.17537254480419345
100,861,0.23457924500025168
100,862,0.14921084469520837
100,863,0.13147434856436113
100,864,0.16875610867925897
100,865,0.23325883222568572
100,866,0.17831714280497246
100,867,0.16181250773958397
100,868,0.12498309210638613
100,869,0.1713919471118721
100,870,0.13567915980202824
100,871,0.17208129564910776
100,872,0.15232430903617325
100,873,0.2849852304188779
100,874,0.21814470774485387
100,875,0.22345024362753396
100,876,0.1510105717738823
100,877,0.1454046133687942
100,878,0.14806157747124998
100,879,0.16022238055759822
100,880,0.1202380519860542
100,881,0.1692078862124428
100,882,0.12072887023537102
100,883,0.17762333875242398
100,884,0.21814470774485387
100,885,0.1415513467375478
100,886,0.1418636022636354
100,887,0.15724792989128225
100,888,0.13089449099125192
100,889,0.09796790788236899
100,890,0.10616918271465468
100,891,0.18713137190584261
100,892,0.1312574759532815
100,893,0.1226517271137556
100,894,0.11703178800725468
100,895,0.21516840687922298
100,896,0.12269515518913546
100,897,0.16428318683974732
100,898,0.1409982979777704
100,899,0.15286541317107752
100,900,0.17537254480419345
100,901,0.12060800091346507
100,902,0.18362463383243266
100,903,0.16858362668596386
100,904,0.12311369505177254
100,905,0.14183824909274495
100,906,0.24738288464698202
100,907,0.18278066359478762
100,908,0.1546638077658247
100,909,0.12906632185535966
100,910,0.15895451280719552
100,911,0.21996045745829199
100,912,0.1921963408742088
100,913,0.16159486624803365
100,914,0.14060002046576056
100,915,0.1921963408742088
100,916,0.13169415451407745
100,917,0.14423010571149508
100,918,0.13403485184883165
100,919,0.14362386280582748
100,920,0.1414240178417939
100,921,0.1518914769946101
100,922,0.15205740890138605
100,923,0.1409233751439386
100,924,0.11738222791085615
100,925,0.14289394735039998
100,926,0.14152157222071116
100,927,0.18474285507884838
100,928,0.17232134507394709
100,929,0.18366047162897298
100,930,0.1328185374133257
100,931,0.1414240178417939
100,932,0.1774494814323198
100,933,0.1522304497738262
100,934,0.18660497962819989
100,935,0.10307131886073748
100,936,0.13726298245764856
100,937,0.14754349798125935
100,938,0.1392243423890368
100,939,0.15905894294517603
100,940,0.15607127784479027
100,941,0.23588128754855278
100,942,0.09495969823726992
100,943,0.20119580889337166
100,944,0.1538834956894694
100,945,0.16397691099512998
100,946,0.12486392493678809
100,947,0.17378214624860192
100,948,0.14802177755839016
100,949,0.09123696244672337
100,950,0.14362386280582748
100,951,0.1761056086419183
100,952,0.13103601375631316
100,953,0.10712490428399105
100,954,0.19254363762668023
100,955,0.10346435513040539
100,956,0.16310216298799374
100,957,0.15552212018976297
100,958,0.11554874970832894
100,959,0.125247608018772
100,960,0.16567030185821155
100,961,0.16130310668806505
100,962,0.1232547085245052
100,963,0.13293297585330613
100,964,0.16913289691012673
100,965,0.31510938758014667
100,966,0.22854101379769134
100,967,0.16785044114154665
100,968,0.12964620646514796
100,969,0.20137813587702963
100,970,0.19813334581870523
100,971,0.1518914769946101
100,972,0.1184008321526415
100,973,0.1414240178417939
100,974,0.15382117524372604
100,975,0.11529330675571298
100,976,0.13726298245764856
100,977,0.16140475921502026
100,978,0.15409214763216622
100,979,0.11563994665947054
100,980,0.09449064070488265
100,981,0.1202380519860542
100,982,0.10075706219673113
100,983,0.17327545675300754
100,984,0.15184773651242342
100,985,0.13791566453245258
100,986,0.15732214624358806
100,987,0.11000120392909582
100,988,0.16601237606133895
100,989,0.16567030185821155
100,990,0.1860923164768048
100,991,0.15137276407252676
100,992,0.12535131747022737
100,993,0.0933936465751962
100,994,0.15944312022660415
100,995,0.16518487698929094
100,996,0.11150183502025868
100,997,0.12274605829170215
100,998,0.16837828133591634
100,999,0.14362386280582748
100,1000,0.15944312022660415
144,1,0.101036463121404
144,2,0.13009058263597867
144,3,0.09582111970985571
144,4,0.0705022722672429
144,5,0.1692078862124428
144,6,0.14060002046576056
144,7,0.10384383972475725
144,8,0.0989145112200582
144,9,0.09126949859171367
144,10,0.1223643367271775
144,11,0.11035501366561479
144,12,0.09681480566850706
144,13,0.15917310707410795
144,14,0.10616918271465468
144,15,0.1414240178417939
144,16,0.0981446031571515
144,17,0.09231057835079456
144,18,0.09286893120143609
144,19,0.08948054882995814
144,20,0.09451961873250349
144,21,0.07809381532573548
144,22,0.09435869222171926
144,23,0.11882573705632131
144,24,0.11291646541534273
144,25,0.0997305121704294
144,26,0.10357877703908418
144,27,0.09612452179231461
144,28,0.0997305121704294
144,29,0.1140153331481708
144,30,0.1248235764069493
144,31,0.09681480566850706
144,32,0.12498309210638613
144,33,0.11532486298362293
144,34,0.08343169735866972
144,35,0.07830828776916256
144,36,0.10283040304032602
144,37,0.14060002046576056
144,38,0.12778953805717527
144,39,0.09184508920648717
144,40,0.08887550590264347
144,41,0.14281693974967227
144,42,0.10712490428399105
144,43,0.11354805753566286
144,44,0.0900663498882524
144,45,0.0745587388131007
144,46,0.11047295943986013
144,47,0.12484837277043603
144,48,0.15944312022660415
144,49,0.10171405620663403
144,50,0.10428919726824647
144,51,0.09142631265784354
144,52,0.10576080932443004
144,53,0.13214168480844066
144,54,0.1093260467009249
144,55,0.1277493427559084
144,56,0.08648567025702124
144,57,0.08024809425907543
144,58,0.11974263346956138
144,59,0.10037291227500912
144,60,0.14802177755839016
144,61,0.11084603580889864
144,62,0.11741786978609148
144,63,0.12470883852440039
144,64,0.10714948592015008
144,65,0.12385304138606704
144,66,0.12445376721190811
144,67,0.11257258743995492
144,68,0.10254410570040695
144,69,0.10157762754943939
144,70,0.1289815753810918
144,71,0.08024809425907543
144,72,0.15649205823526707
144,73,0.10970055338995205
144,74,0.08893398854754161
144,75,0.10849448288009968
144,76,0.11070298399956467
144,77,0.13403485184883165
144,78,0.10888243215770438
144,79,0.12961480274507287
144,80,0.1312574759532815
144,81,0.11927633950015647
144,82,0.08645898782358609
144,83,0.10916849638265
144,84,0.1849775677158596
144,85,0.12784586357328467
144,86,0.11354805753566286
144,87,0.16027498985061064
144,88,0.08283302507082382
144,89,0.13269893380005945
144,90,0.09821173242381225
144,91,0.08661410213061717
144,92,0.14280505400658244
144,93,0.11084603580889864
144,94,0.10514589010843872
144,95,0.09371464858275287
144,96,0.0900663498882524
144,97,0.09701270150560021
144,98,0.11600047850685591
144,99,0.09245007806274294
144,100,0.10714948592015008
144,101,0.1000873451414654
144,102,0.1226517271137556
144,103,0.13808985464176785
144,104,0.09453950011914647
144,105,0.11286537532069643
144,106,0.11808424482218376
144,107,0.108538454917929
144,108,0.09973398259946369
144,109,0.10814735833364095
144,110,0.07563385750174988
144,111,0.10009667580840081
144,112,0.12327742457411131
144,113,0.09592038060072848
144,114,0.07435078829573237
144,115,0.08974460558798372
144,116,0.09136147944606546
144,117,0.10576080932443004
144,118,0.10987839842542382
144,119,0.10665997550812563
144,120,0.13302417992917803
144,121,0.10357877703908418
144,122,0.0779967940932199
144,123,0.12814464507697296
144,124,0.1135106845649572
144,125,0.08203673413118076
144,126,0.09314192018731486
144,127,0.08248225243762256
144,128,0.1150665183458032
144,129,0.18107367090057616
144,130,0.10967216735458925
144,131,0.09286893120143609
144,132,0.11271054641050098
144,133,0.1226517271137556
144,134,0.10463843112105234
144,135,0.11563994665947054
144,136,0.10505986449834864
144,137,0.0989145112200582
144,138,0.09136147944606546
144,139,0.11282735977273661
144,140,0.09286893120143609
144,141,0.08367976570247315
144,142,0.08492086001865348
144,143,0.07988141672369621
144,144,0.12504612137975926
144,145,0.11565201062251206
144,146,0.11577155878522924
144,147,0.0814832687239458
144,148,0.11801599122681468
144,149,0.12665837634597082
144,150,0.1380832843614167
144,151,0.09123812933110938
144,152,0.09541771033950319
144,153,0.12504612137975926
144,154,0.08887550590264347
144,155,0.0997305121704294
144,156,0.1418636022636354
144,157,0.10514589010843872
144,158,0.125247608018772
144,159,0.10371245789154308
144,160,0.09875721083175533
144,161,0.08520177632859739
144,162,0.07949103981956629
144,163,0.10754083363863172
144,164,0.09731883982082225
144,165,0.10584156064979863
144,166,0.10357938837644498
144,167,0.12194498488438743
144,168,0.08781107345325005
144,169,0.12253358379261309
144,170,0.10442101813615075
144,171,0.0997305121704294
144,172,0.08195861776576743
144,173,0.12414460513651446
144,174,0.09223361036505108
144,175,0.12630690786000673
144,176,0.11808424482218376
144,177,0.11064409327508823
144,178,0.10539573252884653
144,179,0.11035501366561479
144,180,0.16601237606133895
144,181,0.08190842368067237
144,182,0.15308259786363326
144,183,0.08075153682888318
144,184,0.12873760297510298
144,185,0.06999072010408634
144,186,0.11927633950015647
144,187,0.08872764756079149
144,188,0.1150665183458032
144,189,0.10561403696089859
144,190,0.10357938837644498
144,191,0.14060002046576056
144,192,0.16697736246159847
144,193,0.09142631265784354
144,194,0.06991352056574535
144,195,0.09371464858275287
144,196,0.12253358379261309
144,197,0.08664573943872358
144,198,0.06753752533876142
144,199,0.14105105992344247
144,200,0.0874712795508092
144,201,0.12413009196463112
144,202,0.08781107345325005
144,203,0.08365650063288102
144,204,0.08492086001865348
144,205,0.10888243215770438
144,206,0.11032135058919236
144,207,0.11973809906880187
144,208,0.1481033137316052
144,209,0.08182475817269039
144,210,0.10048677011038436
144,211,0.10633503919479077
144,212,0.09138100740728809
144,213,0.07116291300004053
144,214,0.0831651752019401
144,215,0.08781107345325005
144,216,0.11815615744208842
144,217,0.12529875114562303
144,218,0.12331604725555914
144,219,0.07563385750174988
144,220,0.11703178800725468
144,221,0.13495534248453392
144,222,0.10371245789154308
144,223,0.10294921431616802
144,224,0.14362386280582748
144,225,0.12788188426778538
144,226,0.10290969939039575
144,227,0.15127778158011562
144,228,0.08023872409217256
144,229,0.10346268791968688
144,230,0.1482369008677025
144,231,0.10886545856874366
144,232,0.08781107345325005
144,233,0.13791566453245258
144,234,0.1043502965388797
144,235,0.09798435972640439
144,236,0.11984980344896828
144,237,0.08023872409217256
144,238,0.11808424482218376
144,239,0.06876237815217837
144,240,0.08893398854754161
144,241,0.0941882932165065
144,242,0.11747092267046787
144,243,0.10888243215770438
144,244,0.10970055338995205
144,245,0.11257149934108163
144,246,0.12479559434139863
144,247,0.16936205930111675
144,248,0.14105105992344247
144,249,0.06330597412896351
144,250,0.09681480566850706
144,251,0.17767609363864337
144,252,0.16130310668806505
144,253,0.08492086001865348
144,254,0.09491917893878102
144,255,0.09084992651292284
144,256,0.0900663498882524
144,257,0.0809892521368646
144,258,0.1262222856757628
144,259,0.15840301243098173
144,260,0.07499741787684072
144,261,0.09406597786417037
144,262,0.07649096812218334
144,263,0.13758582987523862
144,264,0.14362386280582748
144,265,0.11500759072129771
144,266,0.12559454563327718
144,267,0.13267335866933827
144,268,0.08893398854754161
144,269,0.11432040097648338
144,270,0.18981834143317708
144,271,0.09756520764763163
144,272,0.10428919726824647
144,273,0.1234105901171265
144,274,0.09597398244652718
144,275,0.09841873555821223
144,276,0.09078644640174599
144,277,0.1380832843614167
144,278,0.0745587388131007
144,279,0.0939962223160218
144,280,0.1696929024497135
144,281,0.0876246439787291
144,282,0.12228986059184266
144,283,0.11911574979119878
144,284,0.10853675215730398
144,285,0.08793273164125229
144,286,0.10346779164123106
144,287,0.11808424482218376
144,288,0.09945569750003833
144,289,0.10730012047916505
144,290,0.10853675215730398
144,291,0.09117349403798203
144,292,0.08772368773642954
144,293,0.1513788572586967
144,294,0.08887550590264347
144,295,0.08942563647864671
144,296,0.08268876813377006
144,297,0.09298113075935126
144,298,0.08995025011271661
144,299,0.09541771033950319
144,300,0.11973809906880187
144,301,0.1546638077658247
144,302,0.1202447003511395
144,303,0.10627343379308812
144,304,0.09296381704963286
144,305,0.10048677011038436
144,306,0.1226517271137556
144,307,0.11401537797443134
144,308,0.08248225243762256
144,309,0.09279232949831907
144,310,0.09939028533940233
144,311,0.15944312022660415
144,312,0.10514589010843872
144,313,0.11123391423568506
144,314,0.09298113075935126
144,315,0.11315264865609201
144,316,0.13887690518828308
144,317,0.18880006095941831
144,318,0.0900663498882524
144,319,0.07686508402811865
144,320,0.1696929024497135
144,321,0.094270930424025
144,322,0.09684231333342823
144,323,0.08268876813377006
144,324,0.09435869222171926
144,325,0.12253358379261309
144,326,0.12930101574225544
144,327,0.08455559726574649
144,328,0.08330132189238709
144,329,0.09485046550933772
144,330,0.11035501366561479
144,331,0.10839943344516013
144,332,0.09435869222171926
144,333,0.10222725955780528
144,334,0.10286226153073609
144,335,0.12504612137975926
144,336,0.1518914769946101
144,337,0.16776443585671055
144,338,0.09083467782480688
144,339,0.07746801265216276
144,340,0.08809406089830685
144,341,0.08383997382720128
144,342,0.1518914769946101
144,343,0.1329128278986067
144,344,0.10883688214707275
144,345,0.13809176822306518
144,346,0.08455559726574649
144,347,0.11801599122681468
144,348,0.08455559726574649
144,349,0.13245269770893667
144,350,0.16442273478089128
144,351,0.09223361036505108
144,352,0.10357877703908418
144,353,0.0788602644177142
144,354,0.1101288952005494
144,355,0.10818029102966896
144,356,0.09245007806274294
144,357,0.09231057835079456
144,358,0.07822814394944949
144,359,0.10565957109870462
144,360,0.1823829780940648
144,361,0.10157762754943939
144,362,0.11123391423568506
144,363,0.12664976330941455
144,364,0.12504612137975926
144,365,0.1874104353392352
144,366,0.10243771690174293
144,367,0.07746801265216276
144,368,0.12475365025441099
144,369,0.11302781735786269
144,370,0.1080390264605595
144,371,0.10346779164123106
144,372,0.09339188864195723
144,373,0.09821173242381225
144,374,0.07355752676648389
144,375,0.08647556205591168
144,376,0.10872715546449889
144,377,0.08283902846913584
144,378,0.11747092267046787
144,379,0.08893398854754161
144,380,0.10839943344516013
144,381,0.12096789400770143
144,382,0.09889443627104905
144,383,0.11389666715193515
144,384,0.08532665440271828
144,385,0.12559454563327718
144,386,0.07797670163684989
144,387,0.0834691372275841
144,388,0.10228470582604351
144,389,0.09446799518528239
144,390,0.10147185410105966
144,391,0.08953667958154227
144,392,0.077147791499279
144,393,0.15944312022660415
144,394,0.12168615485287299
144,395,0.1418636022636354
144,396,0.18253680448992546
144,397,0.10505986449834864
144,398,0.13925213106494608
144,399,0.10107979246937976
144,400,0.08768328359807562
144,401,0.1518914769946101
144,402,0.12930101574225544
144,403,0.09453950011914647
144,404,0.1518914769946101
144,405,0.1886029310389274
144,406,0.10987839842542382
144,407,0.09701270150560021
144,408,0.08781107345325005
144,409,0.09070671421667896
144,410,0.1355454660515263
144,411,0.11973809906880187
144,412,0.09341705336315453
144,413,0.0788602644177142
144,414,0.11846267948920024
144,415,0.09582111970985571
144,416,0.0997305121704294
144,417,0.09193698339450898
144,418,0.07383810549352252
144,419,0.08887550590264347
144,420,0.09142631265784354
144,421,0.08899145585679936
144,422,0.09286893120143609
144,423,0.12344934926017626
144,424,0.10505986449834864
144,425,0.0997305121704294
144,426,0.09445368741201803
144,427,0.08825223379038867
144,428,0.09345557765733432
144,429,0.0886370918986004
144,430,0.14927314626076288
144,431,0.06946951619633371
144,432,0.0874712795508092
144,433,0.0874712795508092
144,434,0.1316652223444304
144,435,0.09345557765733432
144,436,0.15633993506800678
144,437,0.13110774235080172
144,438,0.09286893120143609
144,439,0.0792485414860031
144,440,0.12559454563327718
144,441,0.1241124241450918
144,442,0.11911574979119878
144,443,0.1414240178417939
144,444,0.10118953843237001
144,445,0.08806354620342297
144,446,0.11271054641050098
144,447,0.12060800091346507
144,448,0.08650432240824488
144,449,0.10357877703908418
144,450,0.08806354620342297
144,451,0.12626203010534037
144,452,0.09582111970985571
144,453,0.108687715645471
144,454,0.09595108178546717
144,455,0.16651847067669143
144,456,0.07563385750174988
144,457,0.09231057835079456
144,458,0.08891267712723279
144,459,0.09436012576839901
144,460,0.17193296857248894
144,461,0.10584156064979863
144,462,0.07383810549352252
144,463,0.1489023467403039
144,464,0.09245007806274294
144,465,0.09601546403669708
144,466,0.12498309210638613
144,467,0.17366416786670166
144,468,0.10888243215770438
144,469,0.10484386221124822
144,470,0.16397691099512998
144,471,0.11302781735786269
144,472,0.09286893120143609
144,473,0.1226517271137556
144,474,0.09726232335959187
144,475,0.1140153331481708
144,476,0.09827741924969464
144,477,0.07988141672369621
144,478,0.10965618805112383
144,479,0.07784253648525068
144,480,0.10730012047916505
144,481,0.11756098829686056
144,482,0.1054139960944478
144,483,0.090714230910127
144,484,0.09425701466386671
144,485,0.10888243215770438
144,486,0.11911574979119878
144,487,0.134185284339912
144,488,0.12248432896347929
144,489,0.11201624690947228
144,490,0.14893714555417387
144,491,0.0874712795508092
144,492,0.08509418588615723
144,493,0.10157762754943939
144,494,0.10685906934475455
144,495,0.12504612137975926
144,496,0.15096579217622177
144,497,0.10104838546647572
144,498,0.14009724319370154
144,499,0.1518914769946101
144,500,0.10222725955780528
144,501,0.08852357617992593
144,502,0.08806354620342297
144,503,0.0997305121704294
144,504,0.09736419753648887
144,505,0.11282735977273661
144,506,0.1289815753810918
144,507,0.10599391526243514
144,508,0.10951601647967077
144,509,0.23232309373797505
144,510,0.1226517271137556
144,511,0.1216747854246607
144,512,0.09451961873250349
144,513,0.12870661347515008
144,514,0.1329128278986067
144,515,0.07418545972966815
144,516,0.11411579364179458
144,517,0.10037291227500912
144,518,0.07767676901092282
144,519,0.10019621388974323
144,520,0.10484386221124822
144,521,0.12498309210638613
144,522,0.1409982979777704
144,523,0.08546393188479866
144,524,0.08283902846913584
144,525,0.07071893111816151
144,526,0.13030336967669684
144,527,0.07645962342118261
144,528,0.08023872409217256
144,529,0.12824353608447675
144,530,0.12512748831204604
144,531,0.09595108178546717
144,532,0.09142631265784354
144,533,0.09339188864195723
144,534,0.07266279273090717
144,535,0.1289815753810918
144,536,0.12386430242078121
144,537,0.1406959694658933
144,538,0.09939028533940233
144,539,0.17336033005824553
144,540,0.13495534248453392
144,541,0.09642087709149119
144,542,0.08948054882995814
144,543,0.09220607669977444
144,544,0.14802177755839016
144,545,0.06894439898335379
144,546,0.09583467854127799
144,547,0.09231943954748884
144,548,0.12269515518913546
144,549,0.12062527081145345
144,550,0.12325394398498675
144,551,0.09939028533940233
144,552,0.09445946600615075
144,553,0.08248225243762256
144,554,0.08997470263132935
144,555,0.12017169303761246
144,556,0.09641338513316662
144,557,0.1053324819246291
144,558,0.1538834956894694
144,559,0.07071536298397636
144,560,0.10171405620663403
144,561,0.11286537532069643
144,562,0.08781107345325005
144,563,0.10514589010843872
144,564,0.10576080932443004
144,565,0.09939028533940233
144,566,0.09539121549953652
144,567,0.12548949519413954
144,568,0.12484837277043603
144,569,0.12017169303761246
144,570,0.10222725955780528
144,571,0.15096579217622177
144,572,0.10818029102966896
144,573,0.12582211951780684
144,574,0.13694321131619366
144,575,0.08023872409217256
144,576,0.09286893120143609
144,577,0.11846267948920024
144,578,0.1103140683678337
144,579,0.12849476849864053
144,580,0.11703178800725468
144,581,0.10970055338995205
144,582,0.227166094150296
144,583,0.08790158487411337
144,584,0.12630690786000673
144,585,0.1393157025130268
144,586,0.09059714428467214
144,587,0.06809023008675172
144,588,0.09142631265784354
144,589,0.10694321369557255
144,590,0.16697736246159847
144,591,0.14601759121184768
144,592,0.11119510330613873
144,593,0.07105746822954567
144,594,0.0972024963536575
144,595,0.07563385750174988
144,596,0.07563385750174988
144,597,0.09213677144343374
144,598,0.08806354620342297
144,599,0.16601237606133895
144,600,0.11747092267046787
144,601,0.09939028533940233
144,602,0.08953362922621935
144,603,0.12934531349919082
144,604,0.09738928576837602
144,605,0.12630690786000673
144,606,0.10884200174075158
144,607,0.11432040097648338
144,608,0.0705309910287958
144,609,0.11521140940877517
144,610,0.11911574979119878
144,611,0.1491943385570758
144,612,0.08268876813377006
144,613,0.09345557765733432
144,614,0.0997305121704294
144,615,0.08790158487411337
144,616,0.10572136249209851
144,617,0.15004499931956844
144,618,0.08135670320257714
144,619,0.08997470263132935
144,620,0.0997305121704294
144,621,0.12670067599193216
144,622,0.09365851044975221
144,623,0.10584156064979863
144,624,0.10427361056881325
144,625,0.12384104406119228
144,626,0.18483898931518494
144,627,0.10752215573516379
144,628,0.09939028533940233
144,629,0.11945169830520141
144,630,0.08781107345325005
144,631,0.0923465387085241
144,632,0.09286893120143609
144,633,0.10072941853351054
144,634,0.09070671421667896
144,635,0.10136937594763594
144,636,0.1349714250349818
144,637,0.08322613339859654
144,638,0.07819868100047082
144,639,0.07624642024211442
144,640,0.08997470263132935
144,641,0.08997470263132935
144,642,0.09846853190848093
144,643,0.14105105992344247
144,644,0.10572136249209851
144,645,0.11077646519208727
144,646,0.09286893120143609
144,647,0.11077512530586209
144,648,0.135322136727956
144,649,0.13892410090361548
144,650,0.08301513665030498
144,651,0.1043502965388797
144,652,0.12630690786000673
144,653,0.08781107345325005
144,654,0.08251372920608371
144,655,0.11401537797443134
144,656,0.11554874970832894
144,657,0.12327742457411131
144,658,0.11527674327905969
144,659,0.13694321131619366
144,660,0.12814464507697296
144,661,0.10886545856874366
144,662,0.11846267948920024
144,663,0.14949853858847514
144,664,0.108687715645471
144,665,0.11271054641050098
144,666,0.10094880803689124
144,667,0.06835447264800344
144,668,0.08492086001865348
144,669,0.12961480274507287
144,670,0.11829566594535465
144,671,0.10371245789154308
144,672,0.09449064070488265
144,673,0.09783530339852411
144,674,0.1414240178417939
144,675,0.10514589010843872
144,676,0.11354805753566286
144,677,0.08532665440271828
144,678,0.09078644640174599
144,679,0.07988141672369621
144,680,0.14413039640387307
144,681,0.08781107345325005
144,682,0.12504612137975926
144,683,0.11286537532069643
144,684,0.0989145112200582
144,685,0.08942563647864671
144,686,0.08487999613476702
144,687,0.09783530339852411
144,688,0.09231057835079456
144,689,0.1057724183562205
144,690,0.10849448288009968
144,691,0.12958711565045922
144,692,0.10463843112105234
144,693,0.08182475817269039
144,694,0.12181176865874072
144,695,0.08852357617992593
144,696,0.10970055338995205
144,697,0.10222725955780528
144,698,0.12060800091346507
144,699,0.10329731078803076
144,700,0.16057123319684335
144,701,0.10073932207632119
144,702,0.16266388372872917
144,703,0.11569514034322638
144,704,0.10423824768317165
144,705,0.09939028533940233
144,706,0.17745605923668537
144,707,0.13665306957766588
144,708,0.1142820240226456
144,709,0.08268876813377006
144,710,0.08927018482361325
144,711,0.08109761564388289
144,712,0.09291633487190196
144,713,0.07990882127659457
144,714,0.10222725955780528
144,715,0.15944312022660415
144,716,0.12416752087161263
144,717,0.08810115433406959
144,718,0.10048677011038436
144,719,0.08492086001865348
144,720,0.08363262031052845
144,721,0.1102088279301329
144,722,0.10632323508014266
144,723,0.15282172312890616
144,724,0.12017169303761246
144,725,0.08809406089830685
144,726,0.0900663498882524
144,727,0.09286893120143609
144,728,0.11484340422663218
144,729,0.1232547085245052
144,730,0.10505986449834864
144,731,0.10075706219673113
144,732,0.108687715645471
144,733,0.11760659741152929
144,734,0.10254410570040695
144,735,0.10997929754200662
144,736,0.15462409864422821
144,737,0.08572588351679425
144,738,0.19694030758784595
144,739,0.22861340827153237
144,740,0.06934836442955894
144,741,0.08574719551793133
144,742,0.08182475817269039
144,743,0.1353556799902556
144,744,0.09495969823726992
144,745,0.1922501752211401
144,746,0.11521140940877517
144,747,0.10256149034672413
144,748,0.1312574759532815
144,749,0.108538454917929
144,750,0.1655797253532691
144,751,0.11286537532069643
144,752,0.10526781543195116
144,753,0.1289815753810918
144,754,0.09286893120143609
144,755,0.10115454046115152
144,756,0.10818029102966896
144,757,0.1418636022636354
144,758,0.07819868100047082
144,759,0.09601546403669708
144,760,0.11565201062251206
144,761,0.07110161065849199
144,762,0.11411399383392981
144,763,0.13274657498361683
144,764,0.11972991961868545
144,765,0.0845277162772005
144,766,0.15535479855264536
144,767,0.11577155878522924
144,768,0.16697736246159847
144,769,0.12294817560743103
144,770,0.09371464858275287
144,771,0.12770565458278063
144,772,0.1329128278986067
144,773,0.1414240178417939
144,774,0.09279232949831907
144,775,0.10331913109419974
144,776,0.10362446933564023
144,777,0.14495033852501732
144,778,0.10706712058874712
144,779,0.18713137190584261
144,780,0.12258458887881182
144,781,0.09899216878556426
144,782,0.10668061419753652
144,783,0.1093260467009249
144,784,0.07355752676648389
144,785,0.10584156064979863
144,786,0.0792485414860031
144,787,0.09875721083175533
144,788,0.20458864617473044
144,789,0.0768658292895895
144,790,0.1338426563480676
144,791,0.12851233344591975
144,792,0.11379674950135714
144,793,0.08781107345325005
144,794,0.09939028533940233
144,795,0.08806354620342297
144,796,0.10685906934475455
144,797,0.08367976570247315
144,798,0.09759795949944175
144,799,0.1329128278986067
144,800,0.06539062354597747
144,801,0.1135106845649572
144,802,0.09230061908383672
144,803,0.09493473281791086
144,804,0.0667059187537318
144,805,0.11886116938964583
144,806,0.15416391970901883
144,807,0.1054139960944478
144,808,0.08428705698575334
144,809,0.09339188864195723
144,810,0.10017761075458301
144,811,0.12504612137975926
144,812,0.11808424482218376
144,813,0.14822572528096165
144,814,0.07474239855893276
144,815,0.07830828776916256
144,816,0.08195861776576743
144,817,0.08887550590264347
144,818,0.10712490428399105
144,819,0.10371245789154308
144,820,0.12599912928272453
144,821,0.10331913109419974
144,822,0.1786730768491684
144,823,0.0713050130439295
144,824,0.0744866502917422
144,825,0.17420201851616424
144,826,0.10859517018266343
144,827,0.07816306890598258
144,828,0.15917310707410795
144,829,0.1312574759532815
144,830,0.12075550926999913
144,831,0.09752952580417594
144,832,0.10900617356745548
144,833,0.10818029102966896
144,834,0.08825223379038867
144,835,0.16057123319684335
144,836,0.11032135058919236
144,837,0.0845277162772005
144,838,0.0874712795508092
144,839,0.08532665440271828
144,840,0.07823557737497777
144,841,0.10888243215770438
144,842,0.08738571501551495
144,843,0.09279783953562294
144,844,0.09889443627104905
144,845,0.10371245789154308
144,846,0.11433951342094145
144,847,0.09756520764763163
144,848,0.08806354620342297
144,849,0.1378290439264614
144,850,0.1202447003511395
144,851,0.11927633950015647
144,852,0.07179151412682343
144,853,0.10888243215770438
144,854,0.0989145112200582
144,855,0.08781107345325005
144,856,0.10073932207632119
144,857,0.1177385678141796
144,858,0.11077646519208727
144,859,0.07071814072211077
144,860,0.12559454563327718
144,861,0.08090008112774938
144,862,0.1355362681192849
144,863,0.11808424482218376
144,864,0.10210278445043709
144,865,0.11035501366561479
144,866,0.08974460558798372
144,867,0.08492938962238054
144,868,0.16266388372872917
144,869,0.09306361587197468
144,870,0.09298113075935126
144,871,0.09491917893878102
144,872,0.08997720567020802
144,873,0.15337106895482322
144,874,0.12325394398498675
144,875,0.12413009196463112
144,876,0.15552212018976297
144,877,0.11432755349962159
144,878,0.11808424482218376
144,879,0.1187478312141672
144,880,0.09123812933110938
144,881,0.15944312022660415
144,882,0.15552212018976297
144,883,0.13691125064202941
144,884,0.09756520764763163
144,885,0.11133730551750745
144,886,0.13655339913942885
144,887,0.12484837277043603
144,888,0.09681480566850706
144,889,0.07468850413504013
144,890,0.11992085675939239
144,891,0.10346435513040539
144,892,0.09129510638355302
144,893,0.09722729788716682
144,894,0.11527674327905969
144,895,0.14717288478379748
144,896,0.11927633950015647
144,897,0.13605849354502497
144,898,0.08933506896659953
144,899,0.14362386280582748
144,900,0.08532665440271828
144,901,0.12932966734499085
144,902,0.1241124241450918
144,903,0.10888243215770438
144,904,0.10222725955780528
144,905,0.11796927140406245
144,906,0.09333622750590828
144,907,0.10888243215770438
144,908,0.12535116765983326
144,909,0.07338129979245607
144,910,0.11407758888861949
144,911,0.08948054882995814
144,912,0.11348752203188953
144,913,0.12542797803571215
144,914,0.07988141672369621
144,915,0.0869277591430938
144,916,0.11569514034322638
144,917,0.1414240178417939
144,918,0.13328482307507067
144,919,0.09005579786799937
144,920,0.10818029102966896
144,921,0.09453950011914647
144,922,0.08893398854754161
144,923,0.10283500022938295
144,924,0.10655725467309984
144,925,0.09681480566850706
144,926,0.12280418940962062
144,927,0.10366754118525874
144,928,0.12542797803571215
144,929,0.12979518428237843
144,930,0.10484386221124822
144,931,0.126751445919731
144,932,0.12057140117738196
144,933,0.1460030521826772
144,934,0.1121775659438665
144,935,0.10428919726824647
144,936,0.10075706219673113
144,937,0.1518914769946101
144,938,0.10222725955780528
144,939,0.09446799518528239
144,940,0.08428705698575334
144,941,0.11829566594535465
144,942,0.15118296687738608
144,943,0.1080390264605595
144,944,0.1050874442971229
144,945,0.10514589010843872
144,946,0.1005297067517294
144,947,0.09889443627104905
144,948,0.0989145112200582
144,949,0.09117349403798203
144,950,0.09595108178546717
144,951,0.1183438323038002
144,952,0.08750986120850199
144,953,0.11846267948920024
144,954,0.10568203038723542
144,955,0.10428919726824647
144,956,0.1518914769946101
144,957,0.1216747854246607
144,958,0.08603257610277214
144,959,0.12019298647979873
144,960,0.10064884060569904
144,961,0.08924422133194414
144,962,0.1316652223444304
144,963,0.1823829780940648
144,964,0.0773434571485046
144,965,0.09297616375132468
144,966,0.09764775673784078
144,967,0.08666592676912117
144,968,0.08997470263132935
144,969,0.11041247946112227
144,970,0.10539573252884653
144,971,0.09435869222171926
144,972,0.20182200198034075
144,973,0.08953667958154227
144,974,0.12824353608447675
144,975,0.12695899090525165
144,976,0.12529875114562303
144,977,0.11927633950015647
144,978,0.1349714250349818
144,979,0.15409214763216622
144,980,0.15944312022660415
144,981,0.14368031829219288
144,982,0.07868568066679299
144,983,0.10357877703908418
144,984,0.09286893120143609
144,985,0.09722729788716682
144,986,0.0997305121704294
144,987,0.10627343379308812
144,988,0.22771725239543877
144,989,0.18148391153192792
144,990,0.09371464858275287
144,991,0.10073932207632119
144,992,0.08327482343560481
144,993,0.11574439309925752
144,994,0.13242919524622326
144,995,0.15707964844004196
144,996,0.12482715126362859
144,997,0.09722729788716682
144,998,0.16601237606133895
144,999,0.09060000894105993
144,1000,0.07816306890598258
250,1,0.04877235922254989
250,2,0.06549635034578757
250,3,0.05666742314950723
250,4,0.06672231384457099
250,5,0.07489629569110122
250,6,0.0655313900831346
250,7,0.06808591871494536
250,8,0.05756941467298457
250,9,0.058713016675108906
250,10,0.05203099402583838
250,11,0.06210447687556818
250,12,0.07767676901092282
250,13,0.06494983046533309
250,14,0.08806354620342297
250,15,0.05194693723638096
250,16,0.09446799518528239
250,17,0.06835447264800344
250,18,0.04877083174744587
250,19,0.046403788274564546
250,20,0.06808591871494536
250,21,0.0531645110085316
250,22,0.043670508309228605
250,23,0.05798616635916402
250,24,0.05844655473022887
250,25,0.06895076724520838
250,26,0.05791289633514521
250,27,0.12543298977609252
250,28,0.058713016675108906
250,29,0.05798616635916402
250,30,0.08661410213061717
250,31,0.053228074906111124
250,32,0.08781107345325005
250,33,0.08785497536784073
250,34,0.07563385750174988
250,35,0.05798616635916402
250,36,0.08248225243762256
250,37,0.06808591871494536
250,38,0.06156150193796016
250,39,0.1418636022636354
250,40,0.06811013922234417
250,41,0.055452607993820374
250,42,0.057872960254003264
250,43,0.06169776626874033
250,44,0.05871579218396449
250,45,0.06139198594611691
250,46,0.05283576896013971
250,47,0.05772407087581567
250,48,0.059817845131741265
250,49,0.06875379990640428
250,50,0.053030184930303384
250,51,0.07113867833729322
250,52,0.06169999984081509
250,53,0.06999072010408634
250,54,0.07816306890598258
250,55,0.08389755323669232
250,56,0.06808591871494536
250,57,0.05010173957646722
250,58,0.07801059471158944
250,59,0.05370810780213423
250,60,0.057872960254003264
250,61,0.09136147944606546
250,62,0.06204825620894458
250,63,0.06808591871494536
250,64,0.05798616635916402
250,65,0.059809896014279745
250,66,0.07988141672369621
250,67,0.05764225115053452
250,68,0.059817845131741265
250,69,0.08852357617992593
250,70,0.06213902608774527
250,71,0.06809023008675172
250,72,0.05666742314950723
250,73,0.0769869828363255
250,74,0.05029158259440762
250,75,0.0705022722672429
250,76,0.0625088019799162
250,77,0.07985584931257188
250,78,0.06169999984081509
250,79,0.05396451159797768
250,80,0.06844481071867972
250,81,0.06156236766377647
250,82,0.05010173957646722
250,83,0.047734373167649655
250,84,0.0677555477983731
250,85,0.07481452364111332
250,86,0.059817845131741265
250,87,0.05014551510147383
250,88,0.0711940915871781
250,89,0.06811013922234417
250,90,0.0773434571485046
250,91,0.05756941467298457
250,92,0.06165258981510548
250,93,0.10283040304032602
250,94,0.04692343311852252
250,95,0.06423111557569464
250,96,0.07949103981956629
250,97,0.06001539201822909
250,98,0.05871579218396449
250,99,0.06396105470389767
250,100,0.06242678094872518
250,101,0.05010173957646722
250,102,0.057174028541485275
250,103,0.05870653709407971
250,104,0.05784887927389806
250,105,0.059817845131741265
250,106,0.06051653987220664
250,107,0.07129119655461383
250,108,0.054883547361759974
250,109,0.06937073922582192
250,110,0.053598904647453496
250,111,0.06797863007617456
250,112,0.06617069095011129
250,113,0.06857882048988503
250,114,0.05701562403871461
250,115,0.06396105470389767
250,116,0.05829854981441553
250,117,0.05070760480646671
250,118,0.055452607993820374
250,119,0.05238150967733506
250,120,0.07543872137771897
250,121,0.07563385750174988
250,122,0.06539062354597747
250,123,0.0711940915871781
250,124,0.05776147093241569
250,125,0.06001539201822909
250,126,0.04735181660890884
250,127,0.06811013922234417
250,128,0.07809381532573548
250,129,0.06407820337392117
250,130,0.06466210453873492
250,131,0.05258414310210195
250,132,0.04419082567086882
250,133,0.05341392473075574
250,134,0.06165258981510548
250,135,0.052340014121694096
250,136,0.08781107345325005
250,137,0.08506142856561724
250,138,0.07383810549352252
250,139,0.06494983046533309
250,140,0.061826530278986984
250,141,0.05293649189904033
250,142,0.05465717846749687
250,143,0.0745587388131007
250,144,0.06466210453873492
250,145,0.08248225243762256
250,146,0.06895076724520838
250,147,0.06991352056574535
250,148,0.05830439740376331
250,149,0.07949103981956629
250,150,0.05772407087581567
250,151,0.06210447687556818
250,152,0.06957828253938528
250,153,0.06198650903135529
250,154,0.07422788215519258
250,155,0.07949103981956629
250,156,0.05798616635916402
250,157,0.07060681818849072
250,158,0.06156236766377647
250,159,0.05798616635916402
250,160,0.05258414310210195
250,161,0.05870638380502683
250,162,0.05070760480646671
250,163,0.08483491809031164
250,164,0.0583456205936119
250,165,0.05798616635916402
250,166,0.048409965759865684
250,167,0.05010173957646722
250,168,0.05877765147768192
250,169,0.043077565022531544
250,170,0.07949103981956629
250,171,0.06809023008675172
250,172,0.057872960254003264
250,173,0.054405422058669585
250,174,0.07355752676648389
250,175,0.05830439740376331
250,176,0.06539062354597747
250,177,0.05054683971670887
250,178,0.0625088019799162
250,179,0.05829854981441553
250,180,0.04735181660890884
250,181,0.07107300046649813
250,182,0.06466210453873492
250,183,0.04672415276886926
250,184,0.05756941467298457
250,185,0.05357889835208594
250,186,0.06808591871494536
250,187,0.06369265108253437
250,188,0.061998616145691944
250,189,0.05293649189904033
250,190,0.10346782165177777
250,191,0.08719762755627831
250,192,0.06330807993355497
250,193,0.08347964097684152
250,194,0.043670508309228605
250,195,0.08781107345325005
250,196,0.05798616635916402
250,197,0.06999072010408634
250,198,0.05258414310210195
250,199,0.050601036630569356
250,200,0.08893398854754161
250,201,0.06999072010408634
250,202,0.06242678094872518
250,203,0.07563385750174988
250,204,0.05784887927389806
250,205,0.07481452364111332
250,206,0.06805657566810805
250,207,0.06510509986394204
250,208,0.04641573494218959
250,209,0.06937073922582192
250,210,0.0670236237293878
250,211,0.06280780356299523
250,212,0.10818029102966896
250,213,0.06753752533876142
250,214,0.07435078829573237
250,215,0.058713016675108906
250,216,0.05798616635916402
250,217,0.05989880742328779
250,218,0.06204825620894458
250,219,0.05067078444302148
250,220,0.08781107345325005
250,221,0.054883547361759974
250,222,0.05674393975302986
250,223,0.058653854473575344
250,224,0.058713016675108906
250,225,0.07612742485271382
250,226,0.07489629569110122
250,227,0.06904499633445096
250,228,0.054883547361759974
250,229,0.058653854473575344
250,230,0.05223834094817574
250,231,0.061826530278986984
250,232,0.054405422058669585
250,233,0.07113867833729322
250,234,0.0745587388131007
250,235,0.058653854473575344
250,236,0.06837911315390315
250,237,0.07179151412682343
250,238,0.058121370854513035
250,239,0.07422788215519258
250,240,0.05756941467298457
250,241,0.06617069095011129
250,242,0.09286893120143609
250,243,0.0769869828363255
250,244,0.09142631265784354
250,245,0.06293877993915029
250,246,0.05010173957646722
250,247,0.05756941467298457
250,248,0.06204825620894458
250,249,0.07822814394944949
250,250,0.05070760480646671
250,251,0.054405422058669585
250,252,0.06617069095011129
250,253,0.06466210453873492
250,254,0.06753752533876142
250,255,0.05223834094817574
250,256,0.05293649189904033
250,257,0.07949103981956629
250,258,0.06946951619633371
250,259,0.05354516091264105
250,260,0.0643094197381848
250,261,0.061998616145691944
250,262,0.06281817921620926
250,263,0.07355752676648389
250,264,0.06934836442955894
250,265,0.06213902608774527
250,266,0.06539062354597747
250,267,0.06603845881317574
250,268,0.06837850612491424
250,269,0.06330597412896351
250,270,0.08592817063234771
250,271,0.0643094197381848
250,272,0.06330597412896351
250,273,0.08781107345325005
250,274,0.08367976570247315
250,275,0.06809023008675172
250,276,0.06210447687556818
250,277,0.08940305638756312
250,278,0.06698440928444326
250,279,0.07134479691974378
250,280,0.057174028541485275
250,281,0.05779205208664138
250,282,0.059817845131741265
250,283,0.06213902608774527
250,284,0.06707482351390281
250,285,0.05756941467298457
250,286,0.08532665440271828
250,287,0.059567624950172156
250,288,0.11747092267046787
250,289,0.0670236237293878
250,290,0.08532665440271828
250,291,0.05426036968100878
250,292,0.05756941467298457
250,293,0.09142631265784354
250,294,0.09314192018731486
250,295,0.07534377915513073
250,296,0.0655313900831346
250,297,0.057813365696280365
250,298,0.05756941467298457
250,299,0.06302946706738317
250,300,0.054165822285672564
250,301,0.07266279273090717
250,302,0.05798616635916402
250,303,0.06330597412896351
250,304,0.11927633950015647
250,305,0.06330597412896351
250,306,0.046403788274564546
250,307,0.059817845131741265
250,308,0.06468421361079911
250,309,0.044204386938800896
250,310,0.05798616635916402
250,311,0.060525904646126436
250,312,0.05701562403871461
250,313,0.04735181660890884
250,314,0.05798616635916402
250,315,0.06835956296019832
250,316,0.05756941467298457
250,317,0.06169999984081509
250,318,0.06213902608774527
250,319,0.059817845131741265
250,320,0.05258414310210195
250,321,0.04717658044424021
250,322,0.04988995142071343
250,323,0.06204825620894458
250,324,0.054219768343866104
250,325,0.07949103981956629
250,326,0.06837850612491424
250,327,0.0971703297155801
250,328,0.06293877993915029
250,329,0.04717658044424021
250,330,0.05877765147768192
250,331,0.06156236766377647
250,332,0.05429866328994231
250,333,0.043557255828246426
250,334,0.07260652330361178
250,335,0.044909595293327435
250,336,0.05228519203551578
250,337,0.05756941467298457
250,338,0.08781107345325005
250,339,0.06835956296019832
250,340,0.06302946706738317
250,341,0.055452607993820374
250,342,0.051598807109262415
250,343,0.05465717846749687
250,344,0.05871579218396449
250,345,0.046304526759353364
250,346,0.06809023008675172
250,347,0.061998616145691944
250,348,0.06539062354597747
250,349,0.05006903370463717
250,350,0.05054683971670887
250,351,0.06753752533876142
250,352,0.06302946706738317
250,353,0.0625088019799162
250,354,0.05006903370463717
250,355,0.0773434571485046
250,356,0.05211112711150406
250,357,0.07819868100047082
250,358,0.054883547361759974
250,359,0.04088231179471363
250,360,0.05341392473075574
250,361,0.04735181660890884
250,362,0.059817845131741265
250,363,0.05877765147768192
250,364,0.054883547361759974
250,365,0.06213902608774527
250,366,0.04911189068513587
250,367,0.05772407087581567
250,368,0.07807818164892338
250,369,0.06204825620894458
250,370,0.05341392473075574
250,371,0.06797863007617456
250,372,0.06753752533876142
250,373,0.06753752533876142
250,374,0.07225716952944616
250,375,0.05863658110122743
250,376,0.06549635034578757
250,377,0.05258414310210195
250,378,0.06808591871494536
250,379,0.07127777414353567
250,380,0.04528403750567281
250,381,0.06837850612491424
250,382,0.06999072010408634
250,383,0.07060681818849072
250,384,0.08940305638756312
250,385,0.045370777301408156
250,386,0.07949103981956629
250,387,0.04692343311852252
250,388,0.05003757807350637
250,389,0.05133718371156438
250,390,0.06809023008675172
250,391,0.06999072010408634
250,392,0.043256104168423
250,393,0.0711940915871781
250,394,0.07238427324745018
250,395,0.059817845131741265
250,396,0.07266279273090717
250,397,0.058713016675108906
250,398,0.05194693723638096
250,399,0.05844655473022887
250,400,0.05293649189904033
250,401,0.06313449268660673
250,402,0.07060681818849072
250,403,0.05798616635916402
250,404,0.06617069095011129
250,405,0.058713016675108906
250,406,0.05877765147768192
250,407,0.06811013922234417
250,408,0.06837850612491424
250,409,0.05784887927389806
250,410,0.06753752533876142
250,411,0.05341392473075574
250,412,0.06396105470389767
250,413,0.10970055338995205
250,414,0.055694727769448595
250,415,0.06237733258266847
250,416,0.04692343311852252
250,417,0.055452607993820374
250,418,0.05772407087581567
250,419,0.051598807109262415
250,420,0.08090008112774938
250,421,0.06407820337392117
250,422,0.05483133973085277
250,423,0.05877765147768192
250,424,0.05877765147768192
250,425,0.05798616635916402
250,426,0.06895076724520838
250,427,0.05293649189904033
250,428,0.0474259568544274
250,429,0.0773434571485046
250,430,0.06946951619633371
250,431,0.08814222538254461
250,432,0.0625088019799162
250,433,0.055452607993820374
250,434,0.05413413925923937
250,435,0.06797863007617456
250,436,0.06396105470389767
250,437,0.05370810780213423
250,438,0.06575106191360923
250,439,0.07816306890598258
250,440,0.06957828253938528
250,441,0.05270526577922591
250,442,0.09453950011914647
250,443,0.07266279273090717
250,444,0.06213902608774527
250,445,0.05877765147768192
250,446,0.09142631265784354
250,447,0.05756941467298457
250,448,0.06753752533876142
250,449,0.08736238533875336
250,450,0.06809023008675172
250,451,0.05228519203551578
250,452,0.06139198594611691
250,453,0.08023872409217256
250,454,0.06753752533876142
250,455,0.06753752533876142
250,456,0.0583456205936119
250,457,0.04815499485679366
250,458,0.061826530278986984
250,459,0.06946951619633371
250,460,0.06575106191360923
250,461,0.09314192018731486
250,462,0.06791554668931249
250,463,0.0667059187537318
250,464,0.05798616635916402
250,465,0.08781107345325005
250,466,0.05426036968100878
250,467,0.05593466812587639
250,468,0.07112804716579056
250,469,0.05308750125940404
250,470,0.06691270826976314
250,471,0.06302615318145686
250,472,0.07112804716579056
250,473,0.10916849638265
250,474,0.08169753035978934
250,475,0.07563385750174988
250,476,0.054405422058669585
250,477,0.05989880742328779
250,478,0.08330132189238709
250,479,0.07266279273090717
250,480,0.07688880899692312
250,481,0.04419082567086882
250,482,0.05798616635916402
250,483,0.06895076724520838
250,484,0.10157762754943939
250,485,0.05871579218396449
250,486,0.06811013922234417
250,487,0.0667059187537318
250,488,0.06753752533876142
250,489,0.07949103981956629
250,490,0.09394382243812151
250,491,0.07816306890598258
250,492,0.06575106191360923
250,493,0.05465717846749687
250,494,0.0596958366498089
250,495,0.06575106191360923
250,496,0.0625088019799162
250,497,0.054883547361759974
250,498,0.06753752533876142
250,499,0.06809023008675172
250,500,0.08301513665030498
250,501,0.06875379990640428
250,502,0.0651810362611479
250,503,0.05228519203551578
250,504,0.05756941467298457
250,505,0.055276796763678096
250,506,0.05756941467298457
250,507,0.058855662239504204
250,508,0.06811013922234417
250,509,0.06210447687556818
250,510,0.0531645110085316
250,511,0.05834993970621609
250,512,0.06753752533876142
250,513,0.05010173957646722
250,514,0.06169776626874033
250,515,0.06808591871494536
250,516,0.06999072010408634
250,517,0.06280780356299523
250,518,0.06494983046533309
250,519,0.06102932169865217
250,520,0.04220556776189479
250,521,0.09306361587197468
250,522,0.059817845131741265
250,523,0.06837850612491424
250,524,0.052672908511969395
250,525,0.10970055338995205
250,526,0.05308750125940404
250,527,0.07355752676648389
250,528,0.055452607993820374
250,529,0.05830439740376331
250,530,0.08806354620342297
250,531,0.04667524158602317
250,532,0.06165258981510548
250,533,0.08492086001865348
250,534,0.06169776626874033
250,535,0.05756941467298457
250,536,0.05418918569340195
250,537,0.05756941467298457
250,538,0.07563385750174988
250,539,0.058653854473575344
250,540,0.04717658044424021
250,541,0.05283576896013971
250,542,0.05784887927389806
250,543,0.06669778976780058
250,544,0.08428068645090327
250,545,0.043677490565672515
250,546,0.055452607993820374
250,547,0.05258414310210195
250,548,0.04916132710353575
250,549,0.07534824258177661
250,550,0.04877083174744587
250,551,0.04050491969138772
250,552,0.055694727769448595
250,553,0.08455559726574649
250,554,0.07383810549352252
250,555,0.05010173957646722
250,556,0.053832662300925496
250,557,0.05483133973085277
250,558,0.06330597412896351
250,559,0.06814843906956954
250,560,0.06753752533876142
250,561,0.06494983046533309
250,562,0.08432013013707038
250,563,0.06575106191360923
250,564,0.07489629569110122
250,565,0.06811013922234417
250,566,0.07949103981956629
250,567,0.055452607993820374
250,568,0.061998616145691944
250,569,0.05830439740376331
250,570,0.05798616635916402
250,571,0.06811013922234417
250,572,0.06418925592833147
250,573,0.04568715657444671
250,574,0.06875379990640428
250,575,0.08268876813377006
250,576,0.08781107345325005
250,577,0.0669150337979858
250,578,0.053832662300925496
250,579,0.0711940915871781
250,580,0.07516874378716508
250,581,0.058855662239504204
250,582,0.05877765147768192
250,583,0.08098976973332347
250,584,0.06999072010408634
250,585,0.07117873722163728
250,586,0.055452607993820374
250,587,0.05772407087581567
250,588,0.08023872409217256
250,589,0.0540894131198386
250,590,0.05133718371156438
250,591,0.05798616635916402
250,592,0.056542579186402875
250,593,0.05370810780213423
250,594,0.058286485006805756
250,595,0.07219926766350485
250,596,0.07563385750174988
250,597,0.06420529627677189
250,598,0.05830439740376331
250,599,0.05844655473022887
250,600,0.07260652330361178
250,601,0.07736424973351404
250,602,0.07060681818849072
250,603,0.05067078444302148
250,604,0.07383810549352252
250,605,0.05784887927389806
250,606,0.05701562403871461
250,607,0.06359733038739195
250,608,0.06875379990640428
250,609,0.05844655473022887
250,610,0.04916132710353575
250,611,0.06218137800479453
250,612,0.06266507340095555
250,613,0.050906349600010295
250,614,0.05232937986231834
250,615,0.054883547361759974
250,616,0.06999072010408634
250,617,0.06156236766377647
250,618,0.059414035342850544
250,619,0.058713016675108906
250,620,0.0900663498882524
250,621,0.05935561673448469
250,622,0.06904499633445096
250,623,0.052672908511969395
250,624,0.0531645110085316
250,625,0.06210447687556818
250,626,0.07266279273090717
250,627,0.058713016675108906
250,628,0.06753752533876142
250,629,0.07425197889714999
250,630,0.05171805090228419
250,631,0.056891450892326306
250,632,0.04349920450989302
250,633,0.08248225243762256
250,634,0.06589008196259219
250,635,0.06937073922582192
250,636,0.05756941467298457
250,637,0.06466210453873492
250,638,0.05054683971670887
250,639,0.06781493255521687
250,640,0.06753752533876142
250,641,0.0705022722672429
250,642,0.07112804716579056
250,643,0.06204825620894458
250,644,0.07807818164892338
250,645,0.07807818164892338
250,646,0.06811013922234417
250,647,0.06147385240458821
250,648,0.06308811882084647
250,649,0.05756941467298457
250,650,0.06468421361079911
250,651,0.05010173957646722
250,652,0.09286893120143609
250,653,0.04692343311852252
250,654,0.0531645110085316
250,655,0.08781107345325005
250,656,0.0655313900831346
250,657,0.08825223379038867
250,658,0.0531645110085316
250,659,0.07266279273090717
250,660,0.06169776626874033
250,661,0.07489629569110122
250,662,0.06147385240458821
250,663,0.06811013922234417
250,664,0.06330597412896351
250,665,0.05465717846749687
250,666,0.09298113075935126
250,667,0.06672231384457099
250,668,0.05593466812587639
250,669,0.05482897081278507
250,670,0.06147385240458821
250,671,0.06809023008675172
250,672,0.048409965759865684
250,673,0.06875379990640428
250,674,0.05070760480646671
250,675,0.052340014121694096
250,676,0.05756941467298457
250,677,0.05764225115053452
250,678,0.04586260350355159
250,679,0.057813365696280365
250,680,0.05798616635916402
250,681,0.055694727769448595
250,682,0.0745587388131007
250,683,0.08825223379038867
250,684,0.06396105470389767
250,685,0.07379988248442253
250,686,0.06946951619633371
250,687,0.05203099402583838
250,688,0.06210447687556818
250,689,0.12253358379261309
250,690,0.0647697165558209
250,691,0.07949103981956629
250,692,0.044668316130725264
250,693,0.06147385240458821
250,694,0.05418918569340195
250,695,0.05067078444302148
250,696,0.05923240039089738
250,697,0.05829854981441553
250,698,0.05666742314950723
250,699,0.055694727769448595
250,700,0.06302946706738317
250,701,0.045327310284452436
250,702,0.054405422058669585
250,703,0.06494983046533309
250,704,0.06812628972990388
250,705,0.06050598766269925
250,706,0.06835956296019832
250,707,0.052340014121694096
250,708,0.06895076724520838
250,709,0.08793273164125229
250,710,0.054405422058669585
250,711,0.061998616145691944
250,712,0.06575106191360923
250,713,0.05798616635916402
250,714,0.05228519203551578
250,715,0.05396451159797768
250,716,0.08268876813377006
250,717,0.05070760480646671
250,718,0.06907546204949754
250,719,0.05666742314950723
250,720,0.09341705336315453
250,721,0.054883547361759974
250,722,0.06999072010408634
250,723,0.04533076580149689
250,724,0.08940305638756312
250,725,0.05341392473075574
250,726,0.05258414310210195
250,727,0.061826530278986984
250,728,0.16621061885187027
250,729,0.06811013922234417
250,730,0.043557255828246426
250,731,0.04900752434389701
250,732,0.05756941467298457
250,733,0.06156236766377647
250,734,0.055452607993820374
250,735,0.06213902608774527
250,736,0.061998616145691944
250,737,0.059817845131741265
250,738,0.061826530278986984
250,739,0.06808591871494536
250,740,0.07649437575339678
250,741,0.06330597412896351
250,742,0.06848196830173249
250,743,0.04916132710353575
250,744,0.08781107345325005
250,745,0.07422788215519258
250,746,0.06753752533876142
250,747,0.06242678094872518
250,748,0.05830439740376331
250,749,0.06156236766377647
250,750,0.0531645110085316
250,751,0.06494983046533309
250,752,0.0639290015388523
250,753,0.05067078444302148
250,754,0.04694205769705938
250,755,0.055694727769448595
250,756,0.06001539201822909
250,757,0.04698172918536676
250,758,0.059817845131741265
250,759,0.05877765147768192
250,760,0.06669778976780058
250,761,0.05798616635916402
250,762,0.0647697165558209
250,763,0.07563385750174988
250,764,0.052340014121694096
250,765,0.05830439740376331
250,766,0.08428705698575334
250,767,0.06423111557569464
250,768,0.08182475817269039
250,769,0.061826530278986984
250,770,0.10724654213961253
250,771,0.08383997382720128
250,772,0.06808591871494536
250,773,0.04672415276886926
250,774,0.061826530278986984
250,775,0.05258414310210195
250,776,0.05228519203551578
250,777,0.06894386188636276
250,778,0.06242678094872518
250,779,0.06204825620894458
250,780,0.04911189068513587
250,781,0.06253688691704949
250,782,0.061998616145691944
250,783,0.04667524158602317
250,784,0.06494983046533309
250,785,0.0580488496777259
250,786,0.055452607993820374
250,787,0.08023872409217256
250,788,0.05830439740376331
250,789,0.06198650903135529
250,790,0.06999072010408634
250,791,0.06396105470389767
250,792,0.05829854981441553
250,793,0.05871579218396449
250,794,0.07001020363730154
250,795,0.0655313900831346
250,796,0.05666742314950723
250,797,0.052340014121694096
250,798,0.06169999984081509
250,799,0.06707482351390281
250,800,0.05010173957646722
250,801,0.06835956296019832
250,802,0.05798616635916402
250,803,0.08367976570247315
250,804,0.06811013922234417
250,805,0.055452607993820374
250,806,0.05258414310210195
250,807,0.045327310284452436
250,808,0.07028766230224395
250,809,0.08177252734142638
250,810,0.05010173957646722
250,811,0.0525283495506887
250,812,0.05830439740376331
250,813,0.06811013922234417
250,814,0.06367398095430674
250,815,0.05989880742328779
250,816,0.06169776626874033
250,817,0.06302946706738317
250,818,0.05293649189904033
250,819,0.050601036630569356
250,820,0.043023683935830094
250,821,0.06156236766377647
250,822,0.05293649189904033
250,823,0.05006903370463717
250,824,0.06811013922234417
250,825,0.06753752533876142
250,826,0.05756941467298457
250,827,0.07225716952944616
250,828,0.06165258981510548
250,829,0.0711940915871781
250,830,0.06135523573014335
250,831,0.05203099402583838
250,832,0.06420529627677189
250,833,0.06809023008675172
250,834,0.0670983105990347
250,835,0.08363262031052845
250,836,0.06753752533876142
250,837,0.059817845131741265
250,838,0.08997470263132935
250,839,0.05238150967733506
250,840,0.05067078444302148
250,841,0.08367976570247315
250,842,0.059567624950172156
250,843,0.06204825620894458
250,844,0.05772407087581567
250,845,0.06293877993915029
250,846,0.06808591871494536
250,847,0.06330597412896351
250,848,0.07543872137771897
250,849,0.08781107345325005
250,850,0.09286893120143609
250,851,0.05661662736493118
250,852,0.04735181660890884
250,853,0.06204825620894458
250,854,0.059817845131741265
250,855,0.1329128278986067
250,856,0.06369265108253437
250,857,0.04586407078509044
250,858,0.04735181660890884
250,859,0.05756941467298457
250,860,0.06648096029917791
250,861,0.05798616635916402
250,862,0.06811013922234417
250,863,0.053228074906111124
250,864,0.06210447687556818
250,865,0.09701270150560021
250,866,0.06466210453873492
250,867,0.05877765147768192
250,868,0.06575106191360923
250,869,0.052672908511969395
250,870,0.06753752533876142
250,871,0.04976168390665788
250,872,0.06383654829674094
250,873,0.053228074906111124
250,874,0.08645898782358609
250,875,0.07266279273090717
250,876,0.0669150337979858
250,877,0.07516874378716508
250,878,0.04347759548938323
250,879,0.08251372920608371
250,880,0.0659728792687822
250,881,0.0474259568544274
250,882,0.06213902608774527
250,883,0.05393081608881637
250,884,0.08674521993464754
250,885,0.07988141672369621
250,886,0.09701270150560021
250,887,0.04694205769705938
250,888,0.05784887927389806
250,889,0.07797670163684989
250,890,0.06811013922234417
250,891,0.055694727769448595
250,892,0.05666742314950723
250,893,0.05877765147768192
250,894,0.05701562403871461
250,895,0.06330807993355497
250,896,0.05054683971670887
250,897,0.06549635034578757
250,898,0.058713016675108906
250,899,0.06156236766377647
250,900,0.059414035342850544
250,901,0.05830439740376331
250,902,0.06999072010408634
250,903,0.05011636066458214
250,904,0.05429866328994231
250,905,0.04936258919182569
250,906,0.05133718371156438
250,907,0.04313521954254283
250,908,0.03677816155910395
250,909,0.0596958366498089
250,910,0.061826530278986984
250,911,0.05238150967733506
250,912,0.09711752365377159
250,913,0.0667059187537318
250,914,0.0596958366498089
250,915,0.05006903370463717
250,916,0.046403788274564546
250,917,0.06396105470389767
250,918,0.06753752533876142
250,919,0.06330597412896351
250,920,0.05756941467298457
250,921,0.05370810780213423
250,922,0.05830439740376331
250,923,0.06165258981510548
250,924,0.05798616635916402
250,925,0.04692343311852252
250,926,0.06126363897945548
250,927,0.06302946706738317
250,928,0.05070760480646671
250,929,0.08974460558798372
250,930,0.06976183262432006
250,931,0.08806354620342297
250,932,0.05798616635916402
250,933,0.06617069095011129
250,934,0.05355026884695789
250,935,0.06934836442955894
250,936,0.06691270826976314
250,937,0.04900752434389701
250,938,0.08806354620342297
250,939,0.08933506896659953
250,940,0.05418918569340195
250,941,0.05798616635916402
250,942,0.05666742314950723
250,943,0.06753752533876142
250,944,0.05258414310210195
250,945,0.05067078444302148
250,946,0.05830439740376331
250,947,0.05258414310210195
250,948,0.06669778976780058
250,949,0.05293649189904033
250,950,0.06198650903135529
250,951,0.08806354620342297
250,952,0.0989145112200582
250,953,0.06753752533876142
250,954,0.057872960254003264
250,955,0.05238150967733506
250,956,0.06991352056574535
250,957,0.06753752533876142
250,958,0.0540894131198386
250,959,0.05393081608881637
250,960,0.06811013922234417
250,961,0.07060681818849072
250,962,0.059817845131741265
250,963,0.09142631265784354
250,964,0.07949103981956629
250,965,0.0869277591430938
250,966,0.05756941467298457
250,967,0.06710390017989457
250,968,0.0852883032676108
250,969,0.05701562403871461
250,970,0.06549635034578757
250,971,0.07112804716579056
250,972,0.06957828253938528
250,973,0.07830828776916256
250,974,0.05465717846749687
250,975,0.05830439740376331
250,976,0.05354516091264105
250,977,0.06169776626874033
250,978,0.05393081608881637
250,979,0.04911189068513587
250,980,0.06777821611567203
250,981,0.04764521262803635
250,982,0.054883547361759974
250,983,0.05203099402583838
250,984,0.06753752533876142
250,985,0.06051653987220664
250,986,0.08781107345325005
250,987,0.05756941467298457
250,988,0.08781107345325005
250,989,0.0745587388131007
250,990,0.0667059187537318
250,991,0.06961508992376392
250,992,0.0651810362611479
250,993,0.1414240178417939
250,994,0.05067078444302148
250,995,0.05029158259440762
250,996,0.05006903370463717
250,997,0.04976168390665788
250,998,0.05385646442290709
250,999,0.05293649189904033
250,1000,0.0647697165558209
