peak_row,birth,library_death,lifetime
1,3.37593e-5,Inf,Inf
4,6.72723e-5,Inf,Inf
8,3.39517e-5,Inf,Inf
10,3.40561e-5,Inf,Inf
12,8.95443e-5,Inf,Inf
17,4.53351e-5,Inf,Inf
20,4.51205e-5,Inf,Inf
22,0.000111176,8.9463e-5,2.1713e-5
24,5.65158e-5,Inf,Inf
26,0.000100159,Inf,Inf
37,6.7606e-5,Inf,Inf
45,6.76614e-5,Inf,Inf
47,2.29409e-5,Inf,Inf
62,7.84793e-5,5.6083e-5,2.23963e-5
64,2.25519e-5,Inf,Inf
65,5.61474e-5,Inf,Inf
70,8.9832e-5,Inf,Inf
75,4.4645e-5,Inf,Inf
89,4.50729e-5,Inf,Inf
94,6.68355e-5,Inf,Inf
100,0.000134056,0.000122892,1.1164000000000004e-5
110,1.16451e-5,Inf,Inf
112,0.000122744,Inf,Inf
114,6.73208e-5,Inf,Inf
117,5.62491e-5,Inf,Inf
131,0.000156254,Inf,Inf
133,0.000145168,0.000134324,1.084399999999998e-5
137,6.70388e-5,Inf,Inf
139,0.000111715,0.000100804,1.0910999999999991e-5
140,0.000156284,Inf,Inf
143,0.000166917,0.000144577,2.233999999999998e-5
146,6.69153e-5,Inf,Inf
149,3.35564e-5,Inf,Inf
151,7.82085e-5,5.5744e-5,2.24645e-5
153,8.96796e-5,7.80349e-5,1.1644699999999994e-5
154,0.000100527,Inf,Inf
155,6.66735e-5,Inf,Inf
157,0.000167394,Inf,Inf
163,6.75321e-5,Inf,Inf
164,3.41379e-5,Inf,Inf
165,6.74357e-5,Inf,Inf
166,0.000122563,0.000100158,2.2405000000000013e-5
169,0.00014532,0.000145187,1.3300000000000703e-7
173,7.83112e-5,7.79531e-5,3.5810000000000594e-7
175,6.72489e-5,Inf,Inf
176,8.98375e-5,8.91319e-5,7.055999999999886e-7
180,0.000122814,Inf,Inf
181,0.000167221,0.000166831,3.900000000000149e-7
194,0.000156023,0.000144832,1.1190999999999995e-5
199,0.000100384,Inf,Inf
201,0.000100776,0.000100555,2.209999999999967e-7
202,6.69206e-5,Inf,Inf
214,8.9057e-5,7.78461e-5,1.1210899999999991e-5
216,5.63747e-5,Inf,Inf
220,7.87367e-5,Inf,Inf
224,0.000156246,0.000134324,2.1921999999999984e-5
226,6.74932e-5,Inf,Inf
233,8.94599e-5,Inf,Inf
242,0.000100022,Inf,Inf
249,6.71744e-5,Inf,Inf
250,0.000111787,6.69332e-5,4.48538e-5
252,7.85016e-5,Inf,Inf
253,8.97291e-5,8.89041e-5,8.250000000000065e-7
255,0.000111525,6.74092e-5,4.4115799999999995e-5
257,0.000112086,6.7439e-5,4.4646999999999995e-5
259,0.000112023,7.82689e-5,3.3754099999999996e-5
263,7.81905e-5,Inf,Inf
267,6.68466e-5,Inf,Inf
269,0.000144949,0.00013376,1.1189000000000018e-5
272,0.000134329,Inf,Inf
274,0.000167405,Inf,Inf
280,0.0001224,0.000111497,1.0902999999999987e-5
285,8.94743e-5,Inf,Inf
288,0.000145005,0.000133727,1.127800000000001e-5
292,6.69925e-5,5.60437e-5,1.0948800000000006e-5
293,0.000111452,Inf,Inf
294,0.000100779,Inf,Inf
297,0.000111219,8.96949e-5,2.15241e-5
299,0.000100873,Inf,Inf
304,0.000111609,Inf,Inf
308,8.90489e-5,Inf,Inf
311,0.000167005,0.000122987,4.4018e-5
320,0.000100217,Inf,Inf
324,7.81259e-5,Inf,Inf
325,0.000133918,Inf,Inf
328,0.000134026,0.000133762,2.6400000000000967e-7
331,0.000100306,Inf,Inf
332,0.00017823,0.000167636,1.0594e-5
333,0.000200099,0.000133936,6.6163e-5
337,0.000156371,0.000155772,5.989999999999988e-7
340,0.00018901,Inf,Inf
342,0.000177865,0.000133715,4.4150000000000016e-5
348,0.000111992,Inf,Inf
353,8.96962e-5,Inf,Inf
355,0.00014532,Inf,Inf
357,0.000122967,0.000122614,3.5300000000000153e-7
358,0.000133683,0.000100047,3.3636e-5
361,0.000167364,Inf,Inf
365,0.000122528,0.000112103,1.042500000000001e-5
374,0.000122974,6.6815e-5,5.6159e-5
377,0.000167235,0.000156103,1.1132000000000015e-5
380,0.000100089,Inf,Inf
382,0.000122749,Inf,Inf
383,0.000122838,0.000100976,2.1862000000000002e-5
386,7.82689e-5,Inf,Inf
390,7.8213e-5,Inf,Inf
393,0.000134159,Inf,Inf
395,0.00014478,Inf,Inf
396,0.000133465,0.000100221,3.324400000000001e-5
398,0.000100721,Inf,Inf
401,0.000111967,Inf,Inf
402,7.82731e-5,Inf,Inf
406,0.000145,0.000100396,4.4603999999999995e-5
411,0.000134237,0.00011166,2.2576999999999997e-5
412,0.000167523,0.00015655,1.0972999999999978e-5
413,0.00010058,6.69193e-5,3.366070000000001e-5
414,0.000156075,Inf,Inf
416,0.000100749,Inf,Inf
417,0.000122233,0.000100314,2.191899999999999e-5
426,0.000145171,Inf,Inf
427,0.000100558,6.74821e-5,3.30759e-5
431,0.000178081,0.000133927,4.4154e-5
441,4.4502e-5,Inf,Inf
442,7.80503e-5,Inf,Inf
451,0.000156211,0.000145339,1.0872000000000014e-5
456,0.00018981,0.000155877,3.393299999999999e-5
461,0.000167432,0.000156304,1.1127999999999979e-5
464,0.000122294,7.81336e-5,4.416040000000001e-5
467,0.000145069,6.70105e-5,7.80585e-5
469,0.000123132,0.000122308,8.239999999999908e-7
471,0.000100093,8.89735e-5,1.1119500000000008e-5
475,0.000100605,Inf,Inf
478,0.000112103,Inf,Inf
479,6.75285e-5,Inf,Inf
482,0.000100518,Inf,Inf
483,0.00012224,0.000111389,1.0850999999999995e-5
486,0.000167081,Inf,Inf
488,0.000189227,0.000166879,2.2347999999999997e-5
491,0.000167227,0.00015556,1.1666999999999982e-5
493,0.000111921,Inf,Inf
495,0.000122428,0.000100221,2.2207e-5
500,0.000112012,0.000100578,1.1434e-5
505,0.000122905,Inf,Inf
509,0.000133798,0.000133344,4.539999999999926e-7
511,0.000144857,0.000111581,3.3276e-5
512,8.93938e-5,Inf,Inf
517,8.97335e-5,Inf,Inf
520,0.000111324,Inf,Inf
522,7.87683e-5,Inf,Inf
531,0.000178745,0.000178002,7.430000000000164e-7
533,7.87245e-5,4.53142e-5,3.3410299999999994e-5
534,0.000111946,Inf,Inf
535,8.91868e-5,6.67197e-5,2.2467099999999994e-5
547,0.000111188,8.91549e-5,2.2033100000000004e-5
566,0.000100684,Inf,Inf
572,0.000167254,0.000122933,4.4321e-5
573,0.00018956,0.000189539,2.100000000000539e-8
574,0.0001008,Inf,Inf
576,7.82867e-5,Inf,Inf
583,8.89305e-5,6.67066e-5,2.2223900000000002e-5
584,0.000133989,Inf,Inf
590,0.000145314,0.000100631,4.4683000000000006e-5
605,0.000134323,Inf,Inf
606,0.000189551,0.000111522,7.8029e-5
607,0.000133699,0.000111942,2.1757000000000002e-5
608,5.63812e-5,Inf,Inf
610,0.000145001,7.78358e-5,6.716519999999999e-5
612,8.93569e-5,7.80426e-5,1.1314300000000001e-5
613,0.000145087,Inf,Inf
624,0.000111809,8.91288e-5,2.2680199999999993e-5
626,0.000177783,0.000166756,1.1026999999999988e-5
627,0.000100615,Inf,Inf
628,0.000122674,Inf,Inf
631,0.000112065,Inf,Inf
634,0.000133377,0.000111426,2.1951000000000007e-5
640,0.000122238,0.000100801,2.143699999999999e-5
642,0.00014536,0.000144831,5.29000000000008e-7
651,0.000123188,8.97034e-5,3.348459999999998e-5
655,0.00011199,0.000111146,8.440000000000075e-7
663,0.00015592,0.000144721,1.1199000000000013e-5
677,0.000178109,0.000155886,2.2223000000000007e-5
683,0.000111583,0.000100991,1.059200000000001e-5
692,0.000156177,0.000144511,1.1665999999999993e-5
693,0.000155803,0.000155588,2.150000000000242e-7
698,0.000133913,Inf,Inf
703,0.000112018,8.9532e-5,2.2486e-5
706,0.000167665,Inf,Inf
707,0.000112102,Inf,Inf
708,8.91744e-5,6.74821e-5,2.1692300000000002e-5
716,0.000156154,Inf,Inf
720,0.000178022,0.000134175,4.3847000000000016e-5
721,0.00015654,0.000133911,2.2628999999999976e-5
723,8.97542e-5,8.9231e-5,5.231999999999953e-7
724,0.000155788,0.000111589,4.419899999999999e-5
725,6.73308e-5,Inf,Inf
726,0.000134068,0.000112071,2.1996999999999986e-5
727,0.000123221,Inf,Inf
728,0.000122568,0.000122451,1.1699999999999905e-7
730,0.000167656,Inf,Inf
746,0.000145385,Inf,Inf
755,8.92583e-5,Inf,Inf
758,0.000189257,Inf,Inf
762,0.000100627,8.9357e-5,1.1269999999999992e-5
766,0.00018981,0.000189549,2.6099999999998954e-7
770,0.000222436,0.000200515,2.1921000000000023e-5
773,0.000155806,0.000145211,1.0595000000000016e-5
776,0.000100335,7.80654e-5,2.2269599999999987e-5
785,0.000144583,0.000111769,3.2814e-5
797,0.000156122,0.000133852,2.226999999999999e-5
799,0.000200466,0.000189819,1.0646999999999995e-5
801,0.000123095,0.000100703,2.2392000000000012e-5
803,7.8423e-5,5.56915e-5,2.2731500000000004e-5
804,0.000144567,8.89463e-5,5.562069999999998e-5
807,4.49019e-5,Inf,Inf
811,0.000122751,Inf,Inf
812,4.46282e-5,Inf,Inf
814,0.000111872,Inf,Inf
816,0.000123183,8.94258e-5,3.3757199999999996e-5
825,0.000144629,0.000133554,1.1074999999999985e-5
831,0.000122837,Inf,Inf
838,0.000156233,0.000134267,2.1966e-5
840,5.57621e-5,4.49296e-5,1.0832500000000002e-5
846,0.00012306,Inf,Inf
849,0.000133466,0.00012248,1.0985999999999993e-5
852,0.00012243,0.000100825,2.1605000000000007e-5
855,7.84674e-5,Inf,Inf
856,0.000167554,Inf,Inf
862,0.000100253,8.90829e-5,1.117010000000001e-5
865,0.000122735,0.000122272,4.629999999999988e-7
867,0.000111142,0.000100878,1.0263999999999995e-5
870,0.000111142,0.000100408,1.0733999999999996e-5
876,8.97391e-5,Inf,Inf
878,0.000123117,0.000111659,1.1458000000000011e-5
885,0.000133466,0.000122765,1.0701000000000005e-5
887,0.00011176,Inf,Inf
891,8.96684e-5,Inf,Inf
901,0.000144511,0.000133348,1.1162999999999988e-5
905,0.000144934,0.000144482,4.519999999999882e-7
910,0.000178758,0.000133919,4.4838999999999995e-5
911,0.000111357,Inf,Inf
919,0.000200945,0.000177805,2.314e-5
921,0.000167359,0.000166691,6.680000000000011e-7
923,8.98183e-5,Inf,Inf
924,5.57879e-5,Inf,Inf
925,0.000155593,0.000111599,4.399400000000001e-5
927,8.9174e-5,Inf,Inf
937,0.000133849,0.000133597,2.5200000000001046e-7
938,0.000100142,0.000100037,1.0499999999999984e-7
940,0.000100449,7.7981e-5,2.2468000000000002e-5
948,0.000234238,0.000189082,4.5156e-5
955,8.94151e-5,Inf,Inf
956,0.00012312,8.98421e-5,3.3277899999999995e-5
957,8.90465e-5,Inf,Inf
960,0.000200128,0.000178193,2.1935e-5
966,0.000200829,0.000200076,7.530000000000113e-7
969,8.98591e-5,Inf,Inf
970,0.000156053,0.000133825,2.2228000000000005e-5
978,0.000123095,0.000122317,7.780000000000254e-7
980,0.000100281,Inf,Inf
983,0.000167242,0.000155683,1.1559000000000016e-5
1000,0.000122822,0.000112027,1.0794999999999994e-5
1004,0.000112047,8.96442e-5,2.240280000000001e-5
1016,0.000189065,Inf,Inf
1028,6.7416e-5,Inf,Inf
1035,0.000211134,0.000200297,1.0837000000000005e-5
1055,0.000111729,0.000111492,2.3700000000000468e-7
1056,0.000111821,Inf,Inf
1061,0.000145026,0.000122479,2.2547000000000013e-5
1062,0.000123031,8.90576e-5,3.397340000000001e-5
1070,0.000167307,0.000133455,3.3852000000000014e-5
1074,0.00011195,Inf,Inf
1075,0.000156512,Inf,Inf
1076,7.826e-5,5.60377e-5,2.22223e-5
1081,6.74794e-5,Inf,Inf
1084,0.000244847,Inf,Inf
1088,0.000122979,Inf,Inf
1091,0.000289608,0.000211673,7.7935e-5
1092,0.000111802,0.000100146,1.1655999999999998e-5
1095,0.000145289,Inf,Inf
1103,0.00011146,0.000100586,1.0873999999999991e-5
1105,0.000155809,0.000133406,2.2402999999999995e-5
1118,6.68424e-5,Inf,Inf
1119,7.80487e-5,6.67456e-5,1.1303100000000004e-5
1122,0.000112102,0.00010099,1.1112000000000012e-5
1123,0.000111293,Inf,Inf
1125,7.85374e-5,Inf,Inf
1127,0.000133691,Inf,Inf
1128,8.94905e-5,8.94897e-5,8.000000000017542e-10
1130,0.000178627,0.000177805,8.219999999999864e-7
1139,0.000133984,0.000133627,3.569999999999832e-7
1140,0.000123127,0.000111909,1.1218e-5
1141,0.000133689,0.000122229,1.1459999999999975e-5
1144,0.000178438,0.000144583,3.385500000000001e-5
1147,0.000133508,7.86938e-5,5.481420000000001e-5
1150,0.000122668,Inf,Inf
1161,0.00012311,Inf,Inf
1163,6.6765e-5,5.60688e-5,1.0696200000000001e-5
1166,0.000133624,0.000112065,2.1558999999999988e-5
1167,0.000100668,Inf,Inf
1170,0.000111429,8.91799e-5,2.2249100000000004e-5
1174,0.000122704,Inf,Inf
1175,0.000111373,Inf,Inf
1179,0.000211319,0.000200628,1.0690999999999983e-5
1189,0.000111296,0.000100557,1.0738999999999993e-5
1203,0.000233832,0.000222792,1.1040000000000003e-5
1206,0.000145205,0.000145118,8.700000000001458e-8
1211,0.000145342,0.000144674,6.680000000000011e-7
1220,0.000111805,0.000111269,5.360000000000098e-7
1240,0.000134327,0.000134235,9.2000000000012e-8
1241,6.70859e-5,5.55817e-5,1.1504199999999997e-5
1246,0.000111579,Inf,Inf
1247,7.87186e-5,7.86727e-5,4.5899999999999e-8
1249,0.000122598,0.000111588,1.1009999999999991e-5
1254,8.90426e-5,6.7408e-5,2.163459999999999e-5
1261,0.000211308,Inf,Inf
1272,0.000156525,0.000144554,1.1970999999999998e-5
1273,0.000145392,0.000144798,5.940000000000014e-7
1286,0.000122985,Inf,Inf
1288,0.000100509,0.000100327,1.819999999999925e-7
1291,0.000167203,0.000166787,4.159999999999906e-7
1293,0.000100366,8.97874e-5,1.0578599999999994e-5
1294,6.73211e-5,6.67328e-5,5.882999999999957e-7
1295,8.96343e-5,Inf,Inf
1306,0.000289028,0.000267178,2.1849999999999962e-5
1310,0.000167647,0.000167321,3.25999999999983e-7
1313,0.000266858,0.000245242,2.1616000000000018e-5
1322,0.000111713,Inf,Inf
1331,8.9677e-5,7.87081e-5,1.0968900000000003e-5
1332,0.000122613,0.00011146,1.115300000000002e-5
1333,0.000177788,0.000111269,6.651900000000002e-5
1337,0.000100438,8.90014e-5,1.1436600000000005e-5
1349,0.000133531,0.00011135,2.2180999999999997e-5
1354,0.000100529,0.000100173,3.5599999999999456e-7
1356,0.000100223,8.90576e-5,1.1165400000000007e-5
1363,0.000211711,0.000178659,3.3051999999999995e-5
1370,0.000156276,0.000155951,3.2499999999999435e-7
1371,6.68084e-5,Inf,Inf
1374,8.97563e-5,Inf,Inf
1375,6.75416e-5,6.70658e-5,4.7579999999999975e-7
1388,0.000156124,Inf,Inf
1394,8.9267e-5,8.90756e-5,1.9139999999999956e-7
1396,0.000111122,0.000100903,1.0218999999999991e-5
1400,0.000145421,0.000145139,2.8199999999999493e-7
1405,0.000155571,0.000122469,3.3101999999999996e-5
1406,0.000123207,0.000100671,2.253599999999999e-5
1416,0.000144684,Inf,Inf
1419,0.000134141,0.000122867,1.1274e-5
1422,0.000122808,0.0001223,5.080000000000026e-7
1423,0.000133497,0.000100205,3.3292000000000006e-5
1424,0.000145018,Inf,Inf
1425,0.000189853,Inf,Inf
1429,0.000111628,7.84308e-5,3.31972e-5
1441,8.89029e-5,Inf,Inf
1447,0.00010082,0.000100236,5.840000000000066e-7
1449,0.00017818,Inf,Inf
1450,8.95169e-5,8.93921e-5,1.248000000000026e-7
1451,0.000144583,0.000123196,2.138699999999999e-5
1452,0.000100522,Inf,Inf
1453,0.000211325,0.000178257,3.3068e-5
1454,0.000311413,0.000300295,1.1118000000000011e-5
1460,0.000156442,0.00015625,1.9199999999998732e-7
1462,6.75344e-5,6.72873e-5,2.4709999999999294e-7
1466,0.000212092,Inf,Inf
1475,0.000155723,0.000144812,1.0911000000000004e-5
1477,6.67492e-5,Inf,Inf
1478,0.000123209,0.000123171,3.800000000000201e-8
1480,0.000122707,0.000111503,1.1203999999999996e-5
1481,0.000156171,Inf,Inf
1491,0.000122803,Inf,Inf
1493,8.92992e-5,7.81995e-5,1.1099700000000005e-5
1494,0.000133488,0.000122551,1.093699999999998e-5
1495,0.000122293,Inf,Inf
1497,0.000211246,0.000189152,2.209400000000001e-5
1510,0.000189727,Inf,Inf
1520,0.000123072,0.000122878,1.939999999999917e-7
1528,0.000234085,0.000233865,2.199999999999945e-7
1531,8.93483e-5,Inf,Inf
1537,8.9105e-5,Inf,Inf
1539,0.00015623,0.000133437,2.2792999999999983e-5
1540,0.000167332,Inf,Inf
1552,0.00011208,Inf,Inf
1561,8.93222e-5,Inf,Inf
1562,0.000123163,0.000122867,2.959999999999985e-7
1563,0.000178156,0.000145155,3.3001000000000005e-5
1568,0.000100911,Inf,Inf
1569,0.000100186,0.000100065,1.2100000000000782e-7
1575,0.000100486,Inf,Inf
1578,0.000111365,0.000100905,1.0460000000000005e-5
1586,0.000100246,8.98219e-5,1.04241e-5
1587,8.9635e-5,7.86846e-5,1.095040000000001e-5
1590,0.000100227,Inf,Inf
1594,0.000134241,0.000133341,8.999999999999948e-7
1596,0.000167528,0.000155743,1.1785000000000024e-5
1601,0.000200914,Inf,Inf
1603,6.69709e-5,Inf,Inf
1604,0.000134005,0.000111444,2.2561000000000003e-5
1607,6.66876e-5,Inf,Inf
1611,0.000100036,Inf,Inf
1615,6.76325e-5,5.58063e-5,1.1826199999999999e-5
1616,0.000122684,0.00011156,1.1123999999999997e-5
1620,0.000133683,0.000123002,1.0680999999999988e-5
1623,0.000111539,0.000111525,1.4000000000003593e-8
1631,0.000311938,0.000300457,1.148099999999998e-5
1633,0.000188977,0.000188945,3.2000000000015957e-8
1636,0.000134075,Inf,Inf
1637,0.000145366,Inf,Inf
1641,0.000144618,Inf,Inf
1644,0.000156266,Inf,Inf
1645,7.85956e-5,6.74125e-5,1.1183099999999998e-5
1653,0.000322482,0.000278609,4.3873000000000046e-5
1658,0.000211718,0.000178625,3.309300000000002e-5
1661,8.92358e-5,Inf,Inf
1663,6.67196e-5,Inf,Inf
1668,0.000111895,7.83285e-5,3.3566500000000005e-5
1671,0.000289639,0.000256009,3.362999999999999e-5
1672,0.000233836,Inf,Inf
1677,0.000178324,Inf,Inf
1679,0.000111312,Inf,Inf
1687,5.5626e-5,Inf,Inf
1688,0.000133762,0.000122815,1.0947000000000002e-5
1691,0.000200027,0.000189351,1.067599999999999e-5
1698,0.000223098,0.000222861,2.3699999999999112e-7
1711,4.48942e-5,Inf,Inf
1713,7.79684e-5,Inf,Inf
1725,0.000100097,Inf,Inf
1731,0.000134279,0.000111278,2.3001000000000006e-5
1735,0.000111911,0.000111525,3.8600000000000613e-7
1738,0.000156273,Inf,Inf
1739,0.000133789,0.000122851,1.0937999999999996e-5
1743,0.000111163,8.93171e-5,2.18459e-5
1750,0.000145024,8.90934e-5,5.59306e-5
1753,0.000100598,Inf,Inf
1758,5.58828e-5,Inf,Inf
1760,0.000145352,0.000133953,1.139899999999999e-5
1765,0.000288923,0.000267236,2.1686999999999998e-5
1776,0.000156079,0.000144812,1.1266999999999999e-5
1779,0.000134314,0.000111169,2.3144999999999983e-5
1782,0.000111896,Inf,Inf
1792,8.97336e-5,Inf,Inf
1793,0.000100359,4.54319e-5,5.4927100000000005e-5
1795,0.000245279,0.000234282,1.0997000000000003e-5
1812,0.000100673,Inf,Inf
1813,8.92355e-5,Inf,Inf
1815,0.000111398,0.000100939,1.0459000000000003e-5
1817,0.00015621,0.000155895,3.149999999999995e-7
1818,8.94844e-5,Inf,Inf
1833,8.95315e-5,8.90137e-5,5.17799999999997e-7
1838,0.000167407,Inf,Inf
1843,8.95289e-5,Inf,Inf
1844,0.000133982,0.00013336,6.219999999999815e-7
1850,0.000111773,Inf,Inf
1851,6.71947e-5,Inf,Inf
1853,0.000312069,0.00025569,5.637900000000001e-5
1854,0.000311373,0.000300356,1.1016999999999993e-5
1864,8.95118e-5,Inf,Inf
1889,0.000111768,0.000111333,4.3500000000000515e-7
1916,8.97525e-5,Inf,Inf
1919,0.00011135,8.98558e-5,2.1494199999999995e-5
1926,0.000122895,Inf,Inf
1927,0.000100307,Inf,Inf
1930,0.000111577,0.000100145,1.1432000000000008e-5
1932,0.000123077,0.000122559,5.179999999999974e-7
1940,0.000266798,0.000245055,2.1743000000000012e-5
1942,0.000211246,0.000189567,2.1679000000000007e-5
1947,0.00013386,0.000133502,3.5799999999999894e-7
1949,7.863e-5,7.85096e-5,1.2039999999999295e-7
1953,0.000178529,0.000156101,2.242800000000001e-5
1954,0.000111522,8.9494e-5,2.2028e-5
1955,0.0001343,0.00013418,1.2000000000001918e-7
1956,0.000145399,0.000122724,2.2674999999999996e-5
1958,0.000133607,0.000100205,3.3402e-5
1967,0.000134279,7.78657e-5,5.641330000000001e-5
1968,0.000123069,0.000122429,6.40000000000021e-7
1971,0.0001232,Inf,Inf
1974,0.000133362,0.000100195,3.316699999999999e-5
1975,8.89803e-5,Inf,Inf
1976,8.95967e-5,Inf,Inf
1983,0.000189874,0.000178706,1.1168000000000012e-5
1992,0.000100965,0.000100688,2.7700000000001107e-7
1995,0.000177897,0.000156523,2.1374000000000002e-5
2003,7.8151e-5,7.79167e-5,2.3430000000000553e-7
2005,7.84664e-5,Inf,Inf
2006,0.000133798,Inf,Inf
2008,0.000100824,8.98458e-5,1.097819999999999e-5
2015,0.000333934,0.000323046,1.0887999999999968e-5
2018,0.000289578,0.000289219,3.590000000000147e-7
2023,0.000123161,0.000111278,1.1882999999999994e-5
2030,0.000100684,Inf,Inf
2035,0.000111906,Inf,Inf
2037,0.000200514,0.000200328,1.8600000000000127e-7
2038,0.00027842,0.00025569,2.2729999999999994e-5
2046,0.000111774,0.00010042,1.1354e-5
2053,8.93159e-5,Inf,Inf
2060,0.000389192,0.000367322,2.1870000000000006e-5
2065,0.000156313,0.000156264,4.899999999998547e-8
2067,0.000144811,0.000133769,1.1042000000000007e-5
2069,0.000111507,8.9129e-5,2.2377999999999995e-5
2070,0.000122446,0.000111501,1.0945000000000011e-5
2071,8.97572e-5,7.78352e-5,1.1921999999999999e-5
2072,0.000145259,0.000133938,1.1321000000000009e-5
2075,7.87168e-5,Inf,Inf
2076,0.000211466,0.000200342,1.1123999999999997e-5
2079,8.9456e-5,6.69144e-5,2.25416e-5
2088,0.000211168,0.000189252,2.1915999999999998e-5
2104,0.00015606,8.89374e-5,6.712259999999999e-5
2106,7.80001e-5,Inf,Inf
2121,0.000122433,0.000122296,1.369999999999887e-7
2125,0.000100792,Inf,Inf
2130,0.00011173,0.000100372,1.1358000000000009e-5
2132,8.93551e-5,Inf,Inf
2141,0.000211369,0.000211208,1.609999999999871e-7
2142,0.000189854,0.000189773,8.100000000000143e-8
2144,7.82147e-5,Inf,Inf
2151,0.000122655,Inf,Inf
2154,0.000156429,0.000144585,1.1844000000000004e-5
2155,0.000123045,0.000122305,7.400000000000234e-7
2167,0.000400304,0.00038959,1.0713999999999993e-5
2178,0.000145088,0.000144908,1.8000000000001522e-7
2179,7.87431e-5,6.67709e-5,1.19722e-5
2182,0.000100398,Inf,Inf
2202,0.000178664,0.000167424,1.1240000000000008e-5
2203,0.000166916,Inf,Inf
2206,0.000111511,Inf,Inf
2209,6.67105e-5,Inf,Inf
2217,0.000367333,0.000356318,1.1015000000000016e-5
2224,0.000100741,Inf,Inf
2254,0.000344576,0.000344445,1.3099999999994843e-7
2259,0.000155728,0.000100534,5.5194e-5
2266,0.00017875,Inf,Inf
2268,0.000122635,Inf,Inf
2269,0.000111556,0.000100204,1.1351999999999996e-5
2270,0.000111865,Inf,Inf
2274,7.87639e-5,Inf,Inf
2287,0.000334241,0.000322672,1.156900000000001e-5
2293,0.000111812,0.000100932,1.0880000000000004e-5
2295,8.98181e-5,Inf,Inf
2297,0.000122802,0.000100931,2.1871000000000008e-5
2298,8.90302e-5,Inf,Inf
2301,0.000223117,Inf,Inf
2319,0.00013355,0.000111832,2.1717999999999998e-5
2320,7.87211e-5,7.83977e-5,3.234000000000044e-7
2321,6.76564e-5,6.71137e-5,5.427000000000041e-7
2344,0.000133504,Inf,Inf
2348,0.000145181,0.000111807,3.337400000000001e-5
2349,7.85816e-5,Inf,Inf
2351,0.000134013,8.90796e-5,4.49334e-5
2368,0.000255948,0.000200522,5.5425999999999994e-5
2373,0.000156199,0.000155766,4.330000000000143e-7
2376,0.000122303,Inf,Inf
2377,8.96105e-5,6.70965e-5,2.2513999999999995e-5
2381,0.000134181,0.000134073,1.0800000000001997e-7
2382,0.000111609,8.9494e-5,2.2115e-5
2383,0.000155875,Inf,Inf
2386,0.000134137,0.000133466,6.709999999999941e-7
2390,0.000223186,0.000223024,1.6200000000000285e-7
2391,0.000389223,0.000378747,1.0475999999999986e-5
2396,0.000300492,0.000300381,1.11000000000013e-7
2402,0.000123039,0.000100054,2.2984999999999998e-5
2407,0.000122895,8.89681e-5,3.392690000000001e-5
2408,0.000111476,Inf,Inf
2409,0.000122234,Inf,Inf
2412,5.64149e-5,5.63733e-5,4.1600000000003125e-8
2413,0.000100988,8.9478e-5,1.1510000000000003e-5
2420,0.000144452,0.000111843,3.2608999999999985e-5
2435,0.00013429,0.000122397,1.189299999999999e-5
2437,7.82069e-5,Inf,Inf
2439,8.94699e-5,7.87321e-5,1.0737800000000004e-5
2440,0.000100441,0.000100136,3.0499999999999115e-7
2441,7.78967e-5,6.66915e-5,1.1205199999999999e-5
2443,0.000178078,0.000112088,6.599e-5
2445,0.000111792,Inf,Inf
2447,0.000144695,0.000144522,1.7299999999998632e-7
2451,0.000178478,Inf,Inf
2472,0.000133956,0.000123113,1.0842999999999991e-5
2476,0.000167579,Inf,Inf
2497,0.000189713,0.000189411,3.0199999999998457e-7
2501,0.000122874,0.000111291,1.1583e-5
2507,0.000211907,Inf,Inf
2521,0.000211821,0.000155776,5.604500000000001e-5
2522,0.000156107,Inf,Inf
2523,0.0001005,7.86316e-5,2.1868400000000002e-5
2530,0.000133501,8.90083e-5,4.44927e-5
2535,0.000222859,0.000133887,8.897200000000001e-5
2537,4.47285e-5,Inf,Inf
2554,0.000400975,0.000356193,4.478199999999999e-5
2556,0.000255716,0.000234258,2.1458000000000024e-5
2559,0.000133818,0.000112097,2.1721000000000018e-5
2564,0.000166995,0.000144654,2.2340999999999995e-5
2575,0.000344929,0.000323123,2.1806000000000028e-5
2579,6.74643e-5,Inf,Inf
2584,7.86182e-5,6.69144e-5,1.1703799999999995e-5
2588,0.000133767,0.000111727,2.204e-5
2600,0.000133881,Inf,Inf
2603,0.000111601,8.95066e-5,2.209440000000001e-5
2610,0.000167451,0.000133809,3.364199999999999e-5
2612,0.000178004,Inf,Inf
2624,0.000222396,0.000156264,6.6132e-5
2628,0.000167325,0.000167123,2.0199999999998214e-7
2631,0.000189094,7.80985e-5,0.0001109955
2632,6.70629e-5,5.56271e-5,1.1435799999999996e-5
2640,0.000167382,0.000144676,2.2705999999999996e-5
2654,0.000400201,0.000356332,4.386899999999998e-5
2659,0.000100516,Inf,Inf
2665,0.000111528,0.000100998,1.0529999999999996e-5
2670,0.000134034,7.80461e-5,5.59879e-5
2671,7.85804e-5,Inf,Inf
2672,0.000133994,Inf,Inf
2673,0.000156107,0.000145419,1.068799999999999e-5
2674,8.96335e-5,Inf,Inf
2677,0.000100753,Inf,Inf
2703,6.70257e-5,Inf,Inf
2714,8.91296e-5,Inf,Inf
2715,0.000167533,0.000100622,6.691100000000001e-5
2716,0.000211287,0.0001896,2.1686999999999998e-5
2732,0.000111538,0.000100919,1.0619000000000001e-5
2733,0.000166702,0.000144852,2.184999999999999e-5
2735,0.000134216,Inf,Inf
2737,7.82372e-5,7.80642e-5,1.7299999999999987e-7
2744,0.00010049,Inf,Inf
2769,0.000156148,0.000156032,1.159999999999833e-7
2770,0.000111954,8.89672e-5,2.29868e-5
2771,0.000200348,Inf,Inf
2774,0.000111124,Inf,Inf
2777,0.000122766,8.94704e-5,3.3295600000000014e-5
2779,0.000178524,Inf,Inf
2805,6.71203e-5,Inf,Inf
2806,0.000111726,0.00010099,1.0736e-5
2807,0.000100189,8.92936e-5,1.0895399999999997e-5
2813,6.71552e-5,Inf,Inf
2816,0.000111904,0.000111788,1.1600000000001041e-7
2830,0.000233658,0.000222468,1.1190000000000006e-5
2839,5.57722e-5,Inf,Inf
2859,0.000167273,0.000145107,2.2166000000000004e-5
2864,0.000133451,0.000122309,1.114200000000001e-5
2874,0.000156449,0.00013342,2.3028999999999986e-5
2876,0.000167583,0.000166727,8.560000000000067e-7
2880,0.00051196,0.000467534,4.442599999999997e-5
2891,8.9513e-5,7.86322e-5,1.0880799999999992e-5
2895,0.000155864,7.78934e-5,7.79706e-5
2901,0.000544644,0.000534063,1.0581000000000067e-5
2912,0.000145391,0.000111383,3.4008000000000004e-5
2913,0.000122619,0.000112055,1.0564000000000003e-5
2938,0.000111953,8.94085e-5,2.25445e-5
2939,8.93924e-5,8.89681e-5,4.24300000000002e-7
2943,0.000134102,0.000133706,3.9600000000000095e-7
2946,0.00015644,Inf,Inf
2968,0.000155756,0.00014521,1.0546000000000004e-5
2974,0.000123014,Inf,Inf
2975,0.000156475,0.000133959,2.2515999999999986e-5
3007,6.71483e-5,Inf,Inf
3009,0.000145309,Inf,Inf
3010,0.000134297,0.000133724,5.72999999999996e-7
3020,0.000189036,0.000144761,4.4275000000000006e-5
3024,0.000445313,0.00042275,2.256300000000002e-5
3045,0.00018976,0.000188962,7.97999999999988e-7
3046,0.000167009,0.000156508,1.0501e-5
3048,0.000145292,0.000122545,2.274699999999999e-5
3050,6.68893e-5,Inf,Inf
3051,0.000223217,Inf,Inf
3068,0.000289534,0.000289484,4.999999999997411e-8
3071,0.000189311,0.000156078,3.3233e-5
3072,8.91891e-5,Inf,Inf
3073,0.000167518,0.000144602,2.2915999999999995e-5
3076,0.000145167,0.000122797,2.236999999999999e-5
3081,0.000156299,0.000122455,3.3843999999999996e-5
3085,0.000589245,0.000577943,1.1301999999999927e-5
3098,0.000167663,0.000156513,1.115e-5
3100,8.94224e-5,6.706e-5,2.23624e-5
3101,5.61971e-5,Inf,Inf
3104,8.93813e-5,Inf,Inf
3105,8.97117e-5,Inf,Inf
3106,8.8935e-5,Inf,Inf
3126,0.000122824,0.000100402,2.2421999999999996e-5
3131,0.000122928,0.000122396,5.32000000000001e-7
3138,0.000134279,0.000133693,5.86000000000011e-7
3161,0.000133947,Inf,Inf
3162,0.0001232,Inf,Inf
3163,0.000133558,0.000123192,1.0366000000000016e-5
3165,0.000144961,0.000122833,2.2128000000000002e-5
3166,0.000123179,8.899e-5,3.418900000000001e-5
3192,0.000100583,0.000100075,5.07999999999989e-7
3194,0.000122409,Inf,Inf
3195,0.000166782,0.000155562,1.121999999999999e-5
3199,0.000145386,0.000111115,3.427100000000001e-5
3200,0.000200046,Inf,Inf
3202,0.000111307,Inf,Inf
3205,0.000134246,0.00012254,1.1706e-5
3207,0.000267297,0.000256365,1.093200000000001e-5
3238,4.51588e-5,Inf,Inf
3243,4.53023e-5,Inf,Inf
3244,5.57576e-5,Inf,Inf
3245,0.000122644,0.000122263,3.809999999999816e-7
3249,0.000133912,Inf,Inf
3252,0.000189209,0.000178389,1.0820000000000008e-5
3276,0.000100338,8.97615e-5,1.0576499999999996e-5
3283,5.60499e-5,Inf,Inf
3310,6.698e-5,Inf,Inf
3312,0.000123085,Inf,Inf
3321,0.000155877,0.000134009,2.1868e-5
3322,0.000100335,6.74819e-5,3.28531e-5
3335,0.000744522,0.000722523,2.1998999999999977e-5
3342,0.000167356,Inf,Inf
3351,0.000333678,0.000322965,1.0713000000000031e-5
3369,0.000333559,0.000323181,1.037799999999996e-5
3373,7.79929e-5,Inf,Inf
3374,3.42824e-5,Inf,Inf
3375,3.39618e-5,Inf,Inf
3378,0.000155699,0.000122353,3.334599999999999e-5
3396,0.000600975,0.00060054,4.350000000000187e-7
3415,0.000189147,0.000177862,1.1284999999999984e-5
3417,0.000111737,Inf,Inf
3420,0.000111356,0.000100244,1.1111999999999998e-5
3424,6.74501e-5,Inf,Inf
3442,0.000456286,0.000445083,1.1202999999999994e-5
3446,0.000145111,7.81573e-5,6.695369999999999e-5
3447,8.91593e-5,6.71734e-5,2.1985899999999996e-5
3451,0.00012285,Inf,Inf
3457,0.000111824,0.000111167,6.57000000000004e-7
3484,0.000189143,Inf,Inf
3485,0.000145437,0.000134203,1.1233999999999994e-5
3488,0.000167373,Inf,Inf
3493,0.000122693,0.000100942,2.1751000000000002e-5
3525,0.000134185,0.000123045,1.1139999999999978e-5
3526,0.000111819,0.000111616,2.029999999999979e-7
3545,0.000111578,7.87288e-5,3.28492e-5
3546,0.000122473,0.000100108,2.2365000000000007e-5
3548,0.000189807,Inf,Inf
3552,0.000144576,0.00012273,2.184599999999998e-5
3555,0.000100532,7.85879e-5,2.1944100000000012e-5
3556,0.000256104,0.000256005,9.899999999998669e-8
3580,0.000155764,0.000145044,1.0720000000000006e-5
3584,0.000111971,8.93059e-5,2.2665100000000008e-5
3585,0.000100579,0.000100095,4.840000000000042e-7
3588,0.000155584,0.000100025,5.5559e-5
3591,0.000156544,Inf,Inf
3597,5.57568e-5,Inf,Inf
3600,0.000134162,0.000111506,2.2656000000000008e-5
3605,0.000622623,0.000566998,5.562500000000001e-5
3609,0.000745375,0.000733691,1.1684000000000087e-5
3623,0.000133841,8.93059e-5,4.45351e-5
3632,0.000133953,Inf,Inf
3664,6.68649e-5,Inf,Inf
3665,7.85794e-5,Inf,Inf
3666,5.62557e-5,Inf,Inf
3671,0.000389224,0.000367239,2.1985000000000028e-5
3697,0.000111518,Inf,Inf
3702,0.00015618,Inf,Inf
3705,7.80623e-5,Inf,Inf
3707,0.000244479,0.000233374,1.1104999999999969e-5
3717,0.000678278,0.000622911,5.536700000000007e-5
3735,0.000122532,0.000100751,2.1781000000000014e-5
3744,0.000111743,Inf,Inf
3745,0.000244787,0.000200768,4.4018999999999986e-5
3768,0.000156354,Inf,Inf
3772,7.83192e-5,Inf,Inf
3775,6.68402e-5,Inf,Inf
3800,0.000111176,Inf,Inf
3807,6.75831e-5,Inf,Inf
3808,7.7993e-5,Inf,Inf
3809,0.000122512,Inf,Inf
3810,0.000134291,0.000111166,2.3125000000000006e-5
3814,0.000389122,0.000367616,2.1505999999999967e-5
3840,0.000122892,0.000111339,1.155299999999999e-5
3843,0.000122581,0.000111455,1.1126000000000002e-5
3844,0.000122965,Inf,Inf
3845,0.00010008,5.62184e-5,4.386160000000001e-5
3849,6.69856e-5,3.39272e-5,3.3058399999999995e-5
3850,8.93669e-5,Inf,Inf
3861,0.000667138,0.000633529,3.360899999999998e-5
3864,0.00076722,0.000722721,4.4499000000000036e-5
3876,0.000145313,Inf,Inf
3877,6.74087e-5,Inf,Inf
3880,0.000111172,Inf,Inf
3883,8.8958e-5,Inf,Inf
3885,6.68716e-5,Inf,Inf
3916,0.000123165,8.95001e-5,3.3664900000000004e-5
3919,0.000100787,Inf,Inf
3921,0.000100027,8.96514e-5,1.0375599999999996e-5
3923,0.000134273,Inf,Inf
3925,0.000134209,0.000111739,2.2469999999999993e-5
3951,0.000245096,0.000122979,0.00012211699999999998
3956,7.87019e-5,6.68155e-5,1.1886400000000002e-5
3980,0.0011004,0.000978275,0.00012212500000000005
3994,4.49957e-5,Inf,Inf
4028,8.89062e-5,Inf,Inf
4029,0.00015583,0.000111491,4.433900000000001e-5
4038,0.000100291,8.93202e-5,1.09708e-5
4039,5.60297e-5,Inf,Inf
4058,7.78017e-5,Inf,Inf
4060,0.000111879,Inf,Inf
4067,0.000189585,0.000178333,1.1252000000000007e-5
4070,0.000111282,Inf,Inf
4098,0.000134312,0.000111765,2.2547000000000013e-5
4099,0.000177988,0.000156177,2.1811e-5
4100,0.000100788,8.94066e-5,1.1381399999999992e-5
4102,8.96858e-5,Inf,Inf
4107,0.000134055,0.000122787,1.1268000000000015e-5
4131,0.000156228,Inf,Inf
4132,0.000134215,0.000133774,4.4100000000000476e-7
4141,0.000111303,Inf,Inf
4143,0.000144565,Inf,Inf
4171,0.000400994,0.0004009,9.400000000001638e-8
4174,0.000111225,Inf,Inf
4175,6.71597e-5,Inf,Inf
4182,0.000122562,8.98391e-5,3.27229e-5
4214,6.70038e-5,Inf,Inf
4217,3.34743e-5,Inf,Inf
4219,0.000189738,0.000111167,7.8571e-5
4220,0.00017876,Inf,Inf
4222,0.00013362,0.000123026,1.0594e-5
4256,0.000122391,0.000100587,2.1803999999999983e-5
4258,7.78667e-5,Inf,Inf
4267,0.000745374,0.00073419,1.118400000000002e-5
4286,5.64176e-5,5.56966e-5,7.210000000000021e-7
4288,7.80453e-5,6.72819e-5,1.0763399999999993e-5
4289,0.000234284,0.000234015,2.690000000000071e-7
4318,0.000500752,0.000489694,1.1057999999999988e-5
4323,0.000166995,0.000145222,2.1772999999999996e-5
4325,4.44674e-5,Inf,Inf
4329,0.000155845,7.8538e-5,7.7307e-5
4368,0.000200483,0.000189171,1.1312000000000003e-5
4371,0.000145084,0.000123201,2.1882999999999994e-5
4372,0.000167339,0.000133737,3.360199999999998e-5
4375,8.92687e-5,Inf,Inf
4379,7.78253e-5,6.7097e-5,1.0728300000000004e-5
4415,8.97096e-5,Inf,Inf
4419,0.000177887,0.000177801,8.599999999999884e-8
4422,0.000111739,Inf,Inf
4423,0.000156023,0.000155687,3.360000000000049e-7
4455,0.000211206,Inf,Inf
4459,0.000178446,0.000167233,1.1212999999999989e-5
4460,5.62625e-5,Inf,Inf
4461,0.000133889,Inf,Inf
4464,0.000100423,0.000100317,1.0600000000000203e-7
4467,0.000145129,0.000100925,4.4204e-5
4469,0.00040025,0.000400048,2.0199999999998214e-7
4497,0.000156291,0.000145084,1.1207000000000003e-5
4498,0.000122977,0.000111707,1.1269999999999992e-5
4499,6.74141e-5,Inf,Inf
4502,0.000167504,0.000155821,1.168299999999999e-5
4532,0.00013407,0.000133981,8.899999999999186e-8
4534,6.73786e-5,Inf,Inf
4536,0.000189737,Inf,Inf
4538,0.000100126,8.98102e-5,1.03158e-5
4539,7.86675e-5,6.74813e-5,1.1186200000000012e-5
4564,0.000411893,0.000400189,1.1703999999999968e-5
4572,0.000144633,0.000100728,4.3904999999999994e-5
4573,0.000122632,Inf,Inf
4575,0.000111639,0.000100759,1.0880000000000004e-5
4584,0.000100068,Inf,Inf
4586,0.000355596,0.000300825,5.477100000000001e-5
4624,8.97726e-5,Inf,Inf
4661,0.00100074,0.000989334,1.1406000000000046e-5
4675,5.61957e-5,Inf,Inf
4686,0.000411819,0.000400048,1.1770999999999993e-5
4727,0.000189424,0.000188925,4.989999999999964e-7
4756,0.000933417,0.000922811,1.0605999999999918e-5
4775,0.000156535,0.000156045,4.899999999999902e-7
4778,0.00014446,7.78483e-5,6.661170000000001e-5
4780,0.000134202,0.000122537,1.1664999999999977e-5
4781,4.44757e-5,Inf,Inf
4787,0.000100312,Inf,Inf
4788,0.000167467,0.000167066,4.0099999999999836e-7
4793,0.000178513,Inf,Inf
4821,0.000134169,0.000100582,3.3587000000000016e-5
4824,6.72375e-5,6.69784e-5,2.591000000000057e-7
4827,0.000111208,Inf,Inf
4829,3.34606e-5,Inf,Inf
4832,8.94105e-5,6.71876e-5,2.22229e-5
4907,0.00108984,0.0010117,7.813999999999998e-5
4914,0.000178637,Inf,Inf
4920,0.00011157,0.00010091,1.066000000000001e-5
4925,0.000156116,0.000156029,8.700000000001458e-8
4961,0.0002006,0.000166687,3.3913e-5
4965,0.000200577,Inf,Inf
4992,0.000445304,0.000433825,1.1479000000000003e-5
4994,0.000367344,0.00035631,1.1034000000000044e-5
4996,0.000156236,0.000100492,5.5744e-5
5009,0.000189433,0.00011175,7.7683e-5
5010,6.68217e-5,Inf,Inf
5059,0.000122913,0.000122712,2.009999999999935e-7
5060,0.000122992,0.000122773,2.1899999999997876e-7
5062,0.000144996,0.000112056,3.293999999999999e-5
5103,0.000156306,0.00013347,2.2835999999999983e-5
5110,4.53293e-5,Inf,Inf
5111,6.72842e-5,Inf,Inf
5118,0.000123012,Inf,Inf
5156,0.000167213,8.92578e-5,7.795520000000001e-5
5158,0.000200029,0.000166707,3.332200000000002e-5
5159,6.66779e-5,Inf,Inf
5160,5.61576e-5,Inf,Inf
5162,7.86833e-5,Inf,Inf
5163,0.000167099,0.000156019,1.1080000000000009e-5
5166,0.000156268,Inf,Inf
5202,0.000455617,0.000433442,2.2175000000000038e-5
5209,0.000145249,0.000133429,1.1819999999999978e-5
5212,0.0001454,0.000133767,1.1633000000000016e-5
5213,0.000133678,0.000122823,1.085499999999999e-5
5214,0.000133946,0.00012288,1.1066000000000006e-5
5215,0.000123009,0.000122466,5.429999999999845e-7
5217,0.000166978,0.000166891,8.699999999998748e-8
5219,0.000133681,0.000123018,1.0663000000000003e-5
5221,0.000145,8.92012e-5,5.57988e-5
5225,0.00017877,0.000111814,6.6956e-5
5226,0.000133432,0.000111231,2.2201e-5
5238,0.000944949,0.000845369,9.958000000000005e-5
5261,0.00106747,0.00105578,1.1689999999999964e-5
5269,8.94505e-5,Inf,Inf
5270,5.6257e-5,Inf,Inf
5271,0.000111584,Inf,Inf
5275,0.000100052,Inf,Inf
5277,6.69584e-5,Inf,Inf
5283,0.000145229,0.000134325,1.0904000000000003e-5
5310,0.000100165,7.7912e-5,2.2253000000000005e-5
5312,0.000145313,0.000133651,1.1661999999999984e-5
5313,8.90769e-5,Inf,Inf
5314,8.95677e-5,Inf,Inf
5315,0.00010035,0.000100192,1.5799999999999408e-7
5347,0.000389564,0.000377881,1.1683000000000017e-5
5349,0.000156214,Inf,Inf
5350,0.000144998,Inf,Inf
5351,0.000177966,0.000166698,1.1267999999999988e-5
5354,7.85572e-5,Inf,Inf
5357,0.00012271,Inf,Inf
5395,0.000133959,0.000100841,3.3118000000000004e-5
5398,0.000189619,0.000122466,6.7153e-5
5400,0.000122469,8.95707e-5,3.289829999999999e-5
5413,0.000733874,0.000611767,0.000122107
5441,0.00105599,0.00102316,3.282999999999997e-5
5445,0.000189108,0.000166823,2.2285000000000008e-5
5446,0.000156475,0.000155935,5.399999999999914e-7
5448,7.8446e-5,7.77943e-5,6.516999999999992e-7
5454,0.000122502,Inf,Inf
5455,0.000167404,Inf,Inf
5464,0.000811683,0.000800429,1.1254000000000038e-5
5500,0.000145345,0.000144579,7.659999999999991e-7
5502,0.000122931,Inf,Inf
5506,0.000144951,0.000100776,4.417499999999999e-5
5543,0.000189579,Inf,Inf
5546,0.000223191,Inf,Inf
5551,6.75018e-5,Inf,Inf
5553,0.000123107,0.000122416,6.910000000000108e-7
5590,0.000133618,0.000122877,1.0741000000000011e-5
5592,0.000156191,0.000145433,1.0758000000000008e-5
5596,6.75284e-5,Inf,Inf
5599,0.000167411,Inf,Inf
5600,0.000123043,7.84379e-5,4.4605100000000004e-5
5642,0.000133863,8.95235e-5,4.433949999999999e-5
5650,7.78589e-5,6.75061e-5,1.03528e-5
5661,0.000456159,0.000455967,1.9199999999998732e-7
5712,5.56632e-5,Inf,Inf
5715,0.000123213,0.000112085,1.1128000000000006e-5
5717,0.000155648,0.000144794,1.0854000000000001e-5
5753,0.000644658,0.000622789,2.186899999999999e-5
5764,5.61335e-5,Inf,Inf
5772,0.000156462,Inf,Inf
5775,6.73725e-5,Inf,Inf
5779,0.000134064,0.000133892,1.7199999999999768e-7
5782,0.000356136,0.000344629,1.150700000000001e-5
5799,0.0012563,0.00120075,5.5549999999999914e-5
5812,0.00023349,0.000166961,6.652899999999999e-5
5816,0.000178104,7.79649e-5,0.0001001391
5818,0.000111629,Inf,Inf
5822,0.00014479,0.000134086,1.0703999999999998e-5
5823,7.79195e-5,Inf,Inf
5825,0.000155882,0.000122823,3.3058999999999996e-5
5826,0.000156023,0.000134148,2.1875000000000003e-5
5872,8.96884e-5,7.7912e-5,1.1776400000000005e-5
5873,0.000200125,Inf,Inf
5874,0.000111725,Inf,Inf
5878,0.000178534,0.000133651,4.4882999999999983e-5
5880,0.000167205,0.000155604,1.1601e-5
5882,7.81919e-5,Inf,Inf
5887,0.000111757,0.000100254,1.1502999999999988e-5
5891,0.000289344,0.000233932,5.541200000000002e-5
5931,0.000100312,7.87121e-5,2.1599900000000003e-5
5941,5.63494e-5,Inf,Inf
5942,0.000111968,Inf,Inf
5944,0.000145425,Inf,Inf
5965,0.00120061,0.00117855,2.205999999999996e-5
5993,7.82565e-5,Inf,Inf
6008,0.00133372,0.00120002,0.00013370000000000005
6034,0.000167242,0.000155636,1.1605999999999997e-5
6037,0.000134164,Inf,Inf
6042,0.000178453,0.000134139,4.4313999999999996e-5
6046,8.97302e-5,6.69545e-5,2.2775699999999993e-5
6047,0.000111661,Inf,Inf
6052,0.000155685,0.000123109,3.257600000000001e-5
6106,0.000111297,0.000100256,1.1041000000000005e-5
6108,0.000122653,0.000111902,1.0750999999999992e-5
6175,0.000111271,8.89232e-5,2.2347799999999996e-5
6178,8.95963e-5,7.873e-5,1.0866299999999995e-5
6179,8.9407e-5,Inf,Inf
6185,0.000111439,8.95049e-5,2.1934100000000004e-5
6187,0.00014497,0.000100219,4.475099999999999e-5
6190,0.000145376,Inf,Inf
6191,0.00013399,0.000122677,1.1313000000000019e-5
6232,0.000123006,Inf,Inf
6233,0.000123109,0.00012259,5.18999999999986e-7
6254,0.000655756,0.00062317,3.258599999999992e-5
6287,0.00010067,Inf,Inf
6290,0.000145169,8.92452e-5,5.59238e-5
6295,0.000134132,0.000133524,6.08000000000005e-7
6332,0.00108988,0.00102258,6.730000000000017e-5
6347,0.000100092,8.95049e-5,1.0587100000000006e-5
6348,7.85181e-5,Inf,Inf
6350,0.000111474,7.84865e-5,3.2987499999999995e-5
6352,0.000100429,0.00010002,4.0900000000000235e-7
6400,0.000367277,0.000345197,2.2080000000000005e-5
6407,0.000167166,0.000167126,4.000000000000639e-8
6408,0.000100556,0.000100386,1.7000000000000684e-7
6413,0.000134284,0.000111768,2.2516e-5
6417,0.000278379,0.00024507,3.3308999999999975e-5
6444,0.00125575,0.00122318,3.2569999999999995e-5
6456,0.000222708,0.0002001,2.2607999999999998e-5
6457,0.000100669,Inf,Inf
6494,0.00116727,0.00114507,2.2199999999999998e-5
6518,0.000133846,0.000122868,1.0978000000000002e-5
6519,0.000134113,Inf,Inf
6521,0.000156052,Inf,Inf
6524,0.000800567,0.000789453,1.1114000000000002e-5
6563,0.000156468,0.000145081,1.1386999999999991e-5
6571,0.000112097,0.000111814,2.829999999999971e-7
6609,6.72355e-5,Inf,Inf
6613,0.000167221,Inf,Inf
6653,0.000845045,0.000823062,2.198300000000005e-5
6663,0.000100829,Inf,Inf
6667,3.36709e-5,Inf,Inf
6669,0.000123038,Inf,Inf
6672,0.000111818,6.69916e-5,4.482640000000001e-5
6673,7.8136e-5,Inf,Inf
6677,0.000122365,Inf,Inf
6703,0.00126765,0.00124528,2.2369999999999855e-5
6722,8.93533e-5,7.82974e-5,1.1055900000000004e-5
6726,0.000123041,Inf,Inf
6727,0.00013392,0.000111212,2.2707999999999987e-5
6729,0.000211683,0.000211204,4.790000000000068e-7
6778,0.000133746,Inf,Inf
6780,6.7049e-5,Inf,Inf
6781,0.000134166,Inf,Inf
6785,0.000100957,Inf,Inf
6826,0.000133983,0.000122463,1.1519999999999998e-5
6827,4.5187e-5,Inf,Inf
6828,0.000167328,Inf,Inf
6836,0.000200504,0.000178578,2.1925999999999993e-5
6857,0.00124525,0.00121117,3.4080000000000134e-5
6880,0.000122226,Inf,Inf
6881,3.39768e-5,Inf,Inf
6883,5.65131e-5,Inf,Inf
6887,6.73244e-5,Inf,Inf
6901,0.000955786,0.000933793,2.199299999999999e-5
6925,0.00011183,Inf,Inf
6927,0.000100695,Inf,Inf
6930,0.000100088,Inf,Inf
6933,0.000167016,Inf,Inf
6935,6.68268e-5,Inf,Inf
6987,0.00011208,Inf,Inf
6991,8.96653e-5,Inf,Inf
7051,0.000100145,Inf,Inf
7054,7.78713e-5,Inf,Inf
7055,8.97407e-5,8.90268e-5,7.139000000000001e-7
7078,0.00134447,0.00126692,7.755000000000001e-5
7096,7.83769e-5,6.70142e-5,1.1362699999999999e-5
7097,8.93821e-5,Inf,Inf
7098,0.000111669,8.98614e-5,2.1807600000000004e-5
7099,8.91493e-5,Inf,Inf
7101,0.000100484,Inf,Inf
7107,0.000100062,Inf,Inf
7150,0.000111629,0.000100302,1.1326999999999995e-5
7152,0.000134131,Inf,Inf
7154,0.000144446,Inf,Inf
7158,0.000144844,0.000133466,1.1378000000000012e-5
7160,0.000122722,Inf,Inf
7202,0.00018966,0.000156347,3.3312999999999984e-5
7205,0.000100952,0.000100419,5.330000000000032e-7
7257,0.000122492,0.000111306,1.1186000000000011e-5
7258,8.9412e-5,Inf,Inf
7260,0.000145015,0.000133462,1.1553000000000003e-5
7267,0.000133528,Inf,Inf
7268,0.000122277,0.000112062,1.021500000000001e-5
7308,0.00123415,0.00122306,1.1090000000000058e-5
7321,8.95561e-5,Inf,Inf
7323,6.71701e-5,Inf,Inf
7325,7.81854e-5,Inf,Inf
7327,0.000156105,0.000133382,2.2722999999999992e-5
7341,0.001223,0.00120086,2.213999999999992e-5
7415,0.000134158,7.83256e-5,5.5832400000000004e-5
7416,0.000133407,Inf,Inf
7420,0.000122698,0.000111443,1.1255e-5
7428,0.000845284,0.000778031,6.725299999999997e-5
7463,0.000144725,0.000122585,2.214e-5
7467,0.00010076,8.95398e-5,1.1220200000000005e-5
7469,0.000100995,Inf,Inf
7472,0.000112004,0.000111199,8.049999999999898e-7
7511,0.00128981,0.00126742,2.2389999999999953e-5
7533,0.000133824,0.000133391,4.329999999999872e-7
7539,5.61594e-5,Inf,Inf
7540,0.000167212,Inf,Inf
7567,0.00133386,0.00130049,3.3370000000000014e-5
7591,0.000366773,0.000344823,2.1949999999999964e-5
7595,0.0001667,Inf,Inf
7597,0.000133802,0.000122384,1.1417999999999991e-5
7605,0.00011189,0.000111228,6.620000000000015e-7
7609,0.000223194,0.000167525,5.5669e-5
7664,0.000212034,Inf,Inf
7665,6.7531e-5,Inf,Inf
7669,0.000111945,Inf,Inf
7683,0.000967659,0.000966865,7.940000000000334e-7
7711,0.000644995,0.000644768,2.269999999999963e-7
7716,0.000111294,8.96615e-5,2.1632499999999993e-5
7719,7.85539e-5,Inf,Inf
7723,0.000122415,0.000111144,1.1271000000000008e-5
7724,0.000155949,Inf,Inf
7766,0.0010227,0.00102241,2.9000000000001247e-7
7768,0.00106699,0.00100074,6.625000000000012e-5
7780,0.000111195,Inf,Inf
7784,0.000145269,0.00013343,1.1839000000000006e-5
7793,0.000300962,0.000267323,3.363900000000002e-5
7841,0.000111439,0.000111293,1.4599999999999488e-7
7846,0.000134136,7.83222e-5,5.5813800000000004e-5
7848,0.000122816,8.93591e-5,3.345690000000001e-5
7849,0.00010068,8.90416e-5,1.16384e-5
7898,7.78256e-5,4.47658e-5,3.30598e-5
7905,8.89165e-5,Inf,Inf
7906,6.74372e-5,Inf,Inf
7908,0.000267241,0.000111484,0.00015575699999999997
7968,7.78962e-5,Inf,Inf
7969,8.93908e-5,7.79703e-5,1.1420500000000004e-5
7970,6.71345e-5,Inf,Inf
7977,7.82644e-5,Inf,Inf
8023,0.000200894,0.000189135,1.1758999999999994e-5
8029,0.000145388,0.000134206,1.1182000000000016e-5
8050,0.00113398,0.00111196,2.2019999999999982e-5
8089,0.000111938,0.000100015,1.1923000000000001e-5
8099,0.000112079,0.000111416,6.629999999999901e-7
8101,0.000122983,0.000122242,7.41000000000012e-7
8135,0.00136724,0.00133391,3.3330000000000035e-5
8159,0.000166887,Inf,Inf
8161,0.000156379,Inf,Inf
8164,0.000133514,0.000122331,1.1183000000000005e-5
8166,0.00011121,7.80109e-5,3.31991e-5
8168,8.91287e-5,Inf,Inf
8169,7.86204e-5,Inf,Inf
8218,0.000145373,0.000111875,3.3498e-5
8221,2.25111e-5,Inf,Inf
8226,4.44966e-5,Inf,Inf
8267,0.000145288,Inf,Inf
8268,0.000111883,0.000100226,1.1657e-5
8271,0.000112021,Inf,Inf
8274,0.0001116,8.95689e-5,2.20311e-5
8305,0.00132246,0.00115574,0.00016671999999999998
8338,0.000133492,Inf,Inf
8341,8.93457e-5,Inf,Inf
8384,0.00145563,0.00106745,0.0003881800000000001
8389,0.00132294,0.00130063,2.2309999999999995e-5
8399,0.000222751,0.000211411,1.134000000000001e-5
8402,0.000155997,Inf,Inf
8405,0.000134212,Inf,Inf
8406,0.00010083,Inf,Inf
8410,0.000100378,8.9381e-5,1.099699999999999e-5
8411,0.000134263,Inf,Inf
8414,0.000278289,0.00026756,1.0728999999999958e-5
8448,0.000289699,0.000267005,2.269399999999997e-5
8449,0.000167413,0.0001561,1.1312999999999991e-5
8453,6.68214e-5,Inf,Inf
8454,0.000100283,Inf,Inf
8458,0.000144476,0.000122256,2.2219999999999987e-5
8465,0.00084523,0.000811522,3.3708000000000024e-5
8476,0.00113386,0.00112274,1.1120000000000097e-5
8502,0.000155648,0.000144709,1.0939000000000012e-5
8504,8.95032e-5,7.87473e-5,1.0755899999999996e-5
8507,0.000100143,7.87572e-5,2.13858e-5
8512,0.000145026,0.000133382,1.1643999999999999e-5
8513,7.81831e-5,Inf,Inf
8569,0.000144702,0.000144571,1.3100000000000264e-7
8571,7.83291e-5,Inf,Inf
8577,0.000167424,Inf,Inf
8578,0.000134082,0.000123179,1.0902999999999987e-5
8579,0.000100164,8.89721e-5,1.1191900000000004e-5
8611,0.0012453,0.00122317,2.212999999999998e-5
8636,0.00020082,0.000200133,6.870000000000021e-7
8638,8.97714e-5,8.90435e-5,7.279000000000037e-7
8640,0.000122958,0.000111753,1.1204999999999999e-5
8660,0.00112288,0.00111209,1.0789999999999888e-5
8687,0.000123125,0.000122585,5.399999999999914e-7
8691,8.89747e-5,Inf,Inf
8692,8.96148e-5,Inf,Inf
8701,0.000111326,Inf,Inf
8752,8.94738e-5,7.85259e-5,1.0947899999999997e-5
8756,0.000156551,0.000144983,1.1567999999999995e-5
8758,0.000155558,Inf,Inf
8759,0.000112089,0.000111396,6.930000000000017e-7
8818,0.000189411,Inf,Inf
8819,0.000134,Inf,Inf
8821,8.91634e-5,Inf,Inf
8825,0.000100261,Inf,Inf
8847,0.00114491,0.00112295,2.1960000000000122e-5
8877,8.92352e-5,8.92045e-5,3.069999999999278e-8
8880,6.7561e-5,Inf,Inf
8881,0.000134061,0.000112074,2.198699999999999e-5
8882,0.000156419,Inf,Inf
8885,0.000134286,0.000133337,9.490000000000073e-7
8886,0.000133351,Inf,Inf
8945,0.000144608,0.00013346,1.1147999999999996e-5
8951,0.000133882,Inf,Inf
8980,0.00125591,0.00122225,3.366000000000003e-5
9009,0.000100967,7.79001e-5,2.3066899999999994e-5
9011,0.000189173,0.000134162,5.501099999999999e-5
9015,0.000111207,Inf,Inf
9068,0.000123051,0.00011205,1.1000999999999999e-5
9074,0.000144646,Inf,Inf
9076,0.000144586,0.000122271,2.2314999999999992e-5
9078,0.000256335,0.000234035,2.23e-5
9080,0.000111433,0.000111139,2.940000000000077e-7
9082,0.000167098,0.00015574,1.1357999999999995e-5
9183,0.000844751,0.000812063,3.268800000000001e-5
9189,0.000367068,0.000366849,2.1900000000003297e-7
9192,5.56371e-5,Inf,Inf
9193,8.97062e-5,Inf,Inf
9200,3.33977e-5,Inf,Inf
9202,0.000122244,0.000100014,2.223000000000001e-5
9203,0.000134101,0.000123179,1.0921999999999988e-5
9204,0.000133483,0.000100521,3.2962e-5
9205,0.000111584,Inf,Inf
9256,0.0008231,0.000822899,2.010000000000206e-7
9267,0.00016758,Inf,Inf
9275,0.000112071,Inf,Inf
9281,0.00084523,0.000844974,2.5600000000001923e-7
9293,0.00112269,0.00111195,1.0739999999999968e-5
9320,0.00083413,0.000800848,3.328200000000004e-5
9324,0.000111745,8.96689e-5,2.207609999999999e-5
9325,0.000112104,Inf,Inf
9328,8.90585e-5,Inf,Inf
9332,0.000144872,0.000122704,2.216799999999998e-5
9334,0.000111278,Inf,Inf
9391,0.000111353,8.89084e-5,2.2444600000000005e-5
9392,0.000145006,0.000111292,3.371399999999998e-5
9395,0.00013426,0.000123008,1.1252000000000007e-5
9402,0.000100928,Inf,Inf
9418,0.00124503,0.00117863,6.64000000000001e-5
9441,8.95841e-5,Inf,Inf
9443,0.000134184,6.74372e-5,6.67468e-5
9444,0.000111621,Inf,Inf
9447,0.000122366,Inf,Inf
9448,5.59235e-5,Inf,Inf
9449,5.6188e-5,Inf,Inf
9451,0.000200405,0.000178339,2.2066000000000002e-5
9495,0.000100898,0.000100394,5.039999999999938e-7
9501,0.000144679,0.000111742,3.2936999999999986e-5
9564,7.86205e-5,7.78715e-5,7.490000000000025e-7
9568,0.00011141,8.98445e-5,2.156550000000001e-5
9623,0.000122643,0.000100412,2.2230999999999998e-5
9625,8.95478e-5,7.79517e-5,1.1596100000000009e-5
9626,0.000100671,Inf,Inf
9627,0.0001228,8.91284e-5,3.36716e-5
9630,8.93243e-5,7.82561e-5,1.1068199999999997e-5
9631,0.000189665,Inf,Inf
9640,0.000244629,0.000211139,3.3490000000000006e-5
9645,0.000467364,0.000466813,5.51000000000002e-7
9705,0.000123154,8.89907e-5,3.41633e-5
9706,0.000133652,0.00012266,1.0992000000000006e-5
9709,0.000100058,8.90709e-5,1.0987100000000002e-5
9776,0.00011151,8.90709e-5,2.24391e-5
9829,0.000122871,0.00011172,1.1151000000000016e-5
9832,0.000200343,0.000145317,5.5025999999999984e-5
9840,0.000134316,0.000111799,2.2516999999999988e-5
9860,0.00115606,0.0011228,3.326000000000002e-5
9871,0.00112304,0.00111177,1.1270000000000073e-5
9896,0.00013339,Inf,Inf
9955,0.000111531,8.89969e-5,2.2534100000000005e-5
9969,0.00112317,0.00112311,5.999999999986051e-8
10016,0.000167178,0.000166837,3.410000000000023e-7
10018,0.000111661,Inf,Inf
10019,0.000100508,7.87587e-5,2.1749299999999992e-5
10023,8.89829e-5,5.59225e-5,3.3060400000000006e-5
10090,0.000166679,0.00015611,1.0569000000000013e-5
10092,0.00016695,0.000111394,5.5555999999999995e-5
10095,0.000189668,0.000189101,5.669999999999829e-7
10111,0.00122306,0.0012226,4.600000000000871e-7
10117,0.00123431,0.00120081,3.349999999999989e-5
10141,0.000156367,8.94256e-5,6.69414e-5
10144,0.000122831,Inf,Inf
10147,0.000145232,0.000111695,3.3537e-5
10154,0.000134309,0.00013397,3.3899999999999794e-7
10155,0.000133987,0.000111543,2.244399999999999e-5
10156,0.000122588,0.000122271,3.170000000000039e-7
10178,0.00116683,0.00113421,3.2619999999999915e-5
10197,7.83706e-5,7.83187e-5,5.1899999999998605e-8
10198,0.000144721,Inf,Inf
10200,0.000200553,Inf,Inf
10204,3.33368e-5,Inf,Inf
10206,0.000134039,0.000122702,1.133699999999999e-5
10208,5.56446e-5,Inf,Inf
10210,0.000311767,0.000278006,3.376099999999999e-5
10269,0.00013355,0.000122306,1.124399999999999e-5
10270,0.000112032,0.000111815,2.1700000000000148e-7
10271,0.000123115,Inf,Inf
10332,0.000167576,0.000144541,2.3035e-5
10334,0.000156384,Inf,Inf
10335,0.000112011,0.000111419,5.91999999999997e-7
10336,0.000189652,0.000189105,5.469999999999932e-7
10342,0.000100021,Inf,Inf
10344,0.000122276,8.9125e-5,3.3150999999999995e-5
10345,0.000155925,Inf,Inf
10346,6.72775e-5,6.68072e-5,4.7029999999999446e-7
10356,0.00105619,0.00105562,5.700000000000843e-7
10389,0.000144665,Inf,Inf
10397,0.000134176,Inf,Inf
10401,0.000111984,0.000111701,2.829999999999971e-7
10403,7.83958e-5,7.81776e-5,2.182000000000041e-7
10455,0.000155881,Inf,Inf
10458,0.000144607,Inf,Inf
10462,0.000111206,7.81842e-5,3.302180000000001e-5
10463,0.000122639,0.000122256,3.82999999999986e-7
10464,0.000134118,Inf,Inf
10499,0.00114525,0.00110063,4.461999999999999e-5
10515,0.000144765,Inf,Inf
10555,0.00128957,0.00127872,1.0850000000000182e-5
10573,0.00104479,0.00101206,3.273000000000013e-5
10588,0.000189132,0.000134126,5.5005999999999995e-5
10589,6.72676e-5,Inf,Inf
10591,0.00012286,Inf,Inf
10596,0.000422897,0.000400569,2.2328000000000007e-5
10619,0.00110038,0.0010786,2.177999999999989e-5
10628,0.000967664,0.000955823,1.1841000000000065e-5
10629,0.000945318,0.000944556,7.619999999999632e-7
10634,0.000122534,0.000100218,2.2315999999999994e-5
10642,0.000133581,0.000133481,1.0000000000000243e-7
10644,0.000100853,Inf,Inf
10657,0.00111204,0.001089,2.3039999999999996e-5
10721,0.00094469,0.000933516,1.1173999999999971e-5
10762,0.000111512,0.000100299,1.1213000000000003e-5
10767,7.87333e-5,Inf,Inf
10768,0.000122901,0.000111526,1.1374999999999992e-5
10770,7.78223e-5,Inf,Inf
10771,7.82444e-5,6.69355e-5,1.1308900000000003e-5
10773,0.000200941,0.000189826,1.1114999999999991e-5
10810,0.00104472,0.00103417,1.0550000000000012e-5
10817,0.000112102,0.00011117,9.320000000000107e-7
10819,0.000133937,8.97864e-5,4.415059999999999e-5
10821,0.000200167,Inf,Inf
10823,0.000155928,Inf,Inf
10824,0.000111538,Inf,Inf
10826,7.87257e-5,Inf,Inf
10827,0.000200852,0.000177952,2.2900000000000015e-5
10829,0.000156034,0.000145322,1.0711999999999988e-5
10896,6.68984e-5,Inf,Inf
10897,0.000111793,0.000111229,5.640000000000034e-7
10898,0.000134322,0.000122962,1.136e-5
10900,0.000189807,Inf,Inf
10905,0.000156025,0.000145284,1.0741000000000011e-5
10906,7.83925e-5,6.68715e-5,1.1521e-5
10921,0.0012121,0.00112296,8.913999999999992e-5
10933,0.00122269,0.0011783,4.4390000000000054e-5
10962,7.86023e-5,Inf,Inf
10967,6.73439e-5,6.68153e-5,5.286000000000071e-7
10968,8.90147e-5,7.82404e-5,1.0774299999999996e-5
10970,5.56297e-5,Inf,Inf
11030,0.000200903,0.000178681,2.222199999999999e-5
11038,0.000156396,8.98834e-5,6.65126e-5
11041,7.8427e-5,7.82897e-5,1.3729999999999613e-7
11046,8.89929e-5,Inf,Inf
11102,0.000167136,0.000156303,1.0832999999999996e-5
11105,0.000133568,7.87128e-5,5.48552e-5
11113,8.95834e-5,8.88942e-5,6.892000000000069e-7
11149,0.00132297,0.00114458,0.00017838999999999984
11155,0.00116723,0.00115628,1.0950000000000022e-5
11173,7.81401e-5,Inf,Inf
11174,0.000156055,0.000134021,2.2033999999999986e-5
11184,0.000367154,0.000366729,4.250000000000239e-7
11241,0.000711955,0.00067808,3.387500000000005e-5
11250,0.000100518,Inf,Inf
11294,0.000211807,0.000211118,6.890000000000064e-7
11298,5.64387e-5,Inf,Inf
11333,0.00121155,0.00120077,1.0779999999999948e-5
11356,0.000156054,Inf,Inf
11357,0.000133718,0.0001229,1.0818000000000004e-5
11358,0.00010092,Inf,Inf
11360,0.00011191,8.91474e-5,2.2762599999999998e-5
11362,0.00012242,Inf,Inf
11368,0.00012233,0.000100294,2.2036000000000004e-5
11417,0.000956039,0.000923212,3.282700000000003e-5
11425,0.000122976,Inf,Inf
11429,7.84884e-5,Inf,Inf
11432,5.57296e-5,Inf,Inf
11434,0.000100338,8.89927e-5,1.1345300000000001e-5
11442,0.00048919,0.000478592,1.059800000000001e-5
11494,0.000156123,0.000145229,1.0894000000000008e-5
11499,0.000122573,0.000122272,3.0099999999999593e-7
11500,0.000133488,Inf,Inf
11505,8.97143e-5,Inf,Inf
11507,0.00017874,0.00013406,4.468000000000001e-5
11514,0.00106755,0.00102299,4.455999999999991e-5
11516,0.00106673,0.00104533,2.1399999999999978e-5
11537,0.0012562,0.00123423,2.1970000000000062e-5
11542,0.00110071,0.00108935,1.1359999999999973e-5
11549,0.001178,0.00114456,3.344000000000003e-5
11561,0.000156118,0.000156112,6.000000000013156e-9
11572,0.00111135,0.00108985,2.1500000000000035e-5
11580,0.00130051,0.0011672,0.00013330999999999998
11632,7.8499e-5,7.83077e-5,1.9129999999999256e-7
11698,0.000267206,0.00021126,5.594599999999997e-5
11709,0.000178249,Inf,Inf
11754,0.00122226,0.00118894,3.331999999999988e-5
11786,2.2475e-5,Inf,Inf
11788,0.000111465,7.80485e-5,3.34165e-5
11790,0.000100783,Inf,Inf
11850,8.89502e-5,7.85033e-5,1.0446899999999996e-5
11851,0.000134143,0.000123118,1.102500000000001e-5
11853,3.4274e-5,Inf,Inf
11868,0.00136737,0.0011337,0.00023366999999999984
11890,0.000644587,0.00062318,2.140699999999998e-5
11902,0.000111856,0.0001005,1.1355999999999991e-5
11903,0.000100863,8.97308e-5,1.1132200000000002e-5
11904,0.000100044,Inf,Inf
11905,0.00013357,Inf,Inf
11907,0.000156335,Inf,Inf
11958,0.00122247,0.00110023,0.00012224000000000002
11975,0.000178705,0.00017832,3.850000000000175e-7
11988,8.92954e-5,5.63472e-5,3.2948200000000004e-5
11995,0.00046753,0.000467133,3.970000000000167e-7
12001,0.000755862,0.000745045,1.0817000000000097e-5
12048,0.0011559,0.00102322,0.00013268000000000004
12061,6.7092e-5,Inf,Inf
12068,0.000245276,0.000223137,2.2139000000000013e-5
12128,7.81701e-5,Inf,Inf
12130,0.000111944,0.000100687,1.1257000000000004e-5
12132,6.67501e-5,Inf,Inf
12136,0.000111502,Inf,Inf
12203,5.64738e-5,Inf,Inf
12206,0.000167427,0.00013406,3.3366999999999994e-5
12212,0.00111187,0.00106752,4.4350000000000075e-5
12258,0.000112068,0.000111933,1.3499999999999786e-7
12259,6.68752e-5,Inf,Inf
12265,7.84972e-5,Inf,Inf
12317,0.000189609,0.000178736,1.0873000000000002e-5
12330,0.00037862,0.000378272,3.479999999999499e-7
12354,0.00125621,0.00123345,2.2759999999999924e-5
12400,0.000166791,0.000100114,6.667700000000001e-5
12407,0.000100947,Inf,Inf
12409,0.000134279,7.8027e-5,5.6252e-5
12432,0.00136716,0.00113415,0.00023301000000000007
12469,0.000167522,Inf,Inf
12472,0.00013358,0.000100883,3.2697e-5
12488,0.00113389,0.00112283,1.106000000000002e-5
12523,0.00110068,0.00107855,2.212999999999998e-5
12537,0.000111551,8.94781e-5,2.2072899999999997e-5
12539,0.000166771,0.000156175,1.0596000000000005e-5
12543,0.000145268,0.000122369,2.2899e-5
12544,0.000200494,Inf,Inf
12546,0.000100484,Inf,Inf
12587,0.00122226,0.00115592,6.634000000000002e-5
12591,0.00112295,0.00111191,1.1039999999999921e-5
12612,0.00010012,8.96043e-5,1.0515699999999998e-5
12614,7.81275e-5,Inf,Inf
12616,0.000123195,Inf,Inf
12622,8.94001e-5,Inf,Inf
12637,0.000800166,0.00078949,1.0676000000000045e-5
12680,0.000222438,0.000212087,1.0350999999999996e-5
12689,8.96785e-5,Inf,Inf
12745,0.000200237,0.000145221,5.501599999999999e-5
12752,0.000145364,0.000133606,1.1758000000000005e-5
12756,7.78908e-5,Inf,Inf
12763,0.000844782,0.000822247,2.253499999999996e-5
12823,0.000100269,Inf,Inf
12831,0.000133774,0.000122983,1.0790999999999985e-5
12888,0.000134302,Inf,Inf
12889,8.95955e-5,Inf,Inf
12890,0.000134298,Inf,Inf
12891,7.84315e-5,6.69216e-5,1.1509899999999996e-5
12924,0.00115639,0.00113363,2.2759999999999924e-5
12940,0.000111147,0.000100304,1.0843000000000004e-5
12943,7.80795e-5,Inf,Inf
13005,0.000144996,0.000133373,1.1622999999999994e-5
13008,0.000188927,Inf,Inf
13011,8.95039e-5,Inf,Inf
13013,0.000155659,Inf,Inf
13014,0.000100537,8.91834e-5,1.13536e-5
13074,0.000156252,0.000100687,5.5565000000000014e-5
13077,4.46466e-5,Inf,Inf
13101,0.00115634,0.00107819,7.815000000000014e-5
13144,0.000189063,0.000167126,2.1937000000000004e-5
13149,0.000100021,6.74359e-5,3.2585099999999994e-5
13151,0.000156467,0.000156096,3.710000000000139e-7
13152,6.68506e-5,Inf,Inf
13153,6.68101e-5,Inf,Inf
13154,0.000133723,Inf,Inf
13159,0.000156411,0.000155581,8.300000000000039e-7
13163,0.000111344,8.93063e-5,2.20377e-5
13167,0.000411884,0.000400661,1.1222999999999984e-5
13225,8.91425e-5,8.89036e-5,2.3890000000000207e-7
13236,0.000145243,0.000122971,2.2271999999999993e-5
13292,0.00013368,0.000100981,3.2699000000000007e-5
13295,8.97921e-5,Inf,Inf
13299,8.95753e-5,7.86346e-5,1.0940700000000009e-5
13303,0.000155693,Inf,Inf
13345,0.00110053,0.00105631,4.421999999999998e-5
13363,0.000111972,8.92464e-5,2.2725599999999998e-5
13364,0.000155559,0.000122478,3.308099999999999e-5
13366,0.00012286,Inf,Inf
13367,8.9541e-5,7.85861e-5,1.0954899999999999e-5
13368,6.76345e-5,6.74359e-5,1.986000000000018e-7
13369,5.59462e-5,Inf,Inf
13372,0.00013369,0.000122488,1.1202000000000006e-5
13418,0.000111461,0.000111439,2.199999999999403e-8
13430,0.00010008,Inf,Inf
13461,0.00102225,0.00100011,2.213999999999992e-5
13481,0.000144575,0.000133836,1.0739000000000007e-5
13484,0.000167117,0.000144835,2.2281999999999988e-5
13486,0.00015639,0.000144567,1.1823000000000026e-5
13494,0.000845152,0.000789016,5.6135999999999925e-5
13511,0.00120085,0.00120047,3.800000000001285e-7
13554,0.000211375,0.000200669,1.0706000000000002e-5
13563,0.000167109,0.000122557,4.4552e-5
13567,0.000134127,0.000133771,3.5599999999999456e-7
13633,0.000145162,0.000133836,1.1326000000000006e-5
13636,0.00011191,0.000111171,7.390000000000077e-7
13640,0.000100023,8.93367e-5,1.0686300000000006e-5
13689,0.000100188,Inf,Inf
13692,0.000111907,0.000111224,6.829999999999933e-7
13698,7.80255e-5,6.70572e-5,1.0968299999999988e-5
13700,0.000223056,0.000200819,2.2236999999999984e-5
13709,0.000845427,0.000822485,2.294200000000008e-5
13749,0.000478532,0.00045617,2.2362e-5
13755,0.00011135,0.000100819,1.0530999999999998e-5
13757,0.000122831,Inf,Inf
13758,0.000111549,8.97207e-5,2.1828300000000002e-5
13764,0.000156121,0.000123191,3.293e-5
13765,8.93815e-5,Inf,Inf
13811,0.000222685,0.0002226,8.50000000000102e-8
13816,5.60295e-5,Inf,Inf
13849,0.00121193,0.00113407,7.785999999999991e-5
13865,0.00100036,0.00097821,2.2150000000000078e-5
13890,5.64671e-5,Inf,Inf
13892,0.000111747,0.000111315,4.319999999999986e-7
13894,0.0001668,Inf,Inf
13895,0.000156103,0.000134112,2.1990999999999986e-5
13957,0.000167572,Inf,Inf
13958,0.000111143,Inf,Inf
13960,0.000122976,Inf,Inf
13964,0.000111988,Inf,Inf
13975,0.000822885,0.000822748,1.369999999999887e-7
14028,0.000123004,Inf,Inf
14029,8.95116e-5,8.92001e-5,3.1149999999999863e-7
14031,0.000111562,Inf,Inf
14034,6.67088e-5,Inf,Inf
14039,0.000178417,Inf,Inf
14098,0.000422562,0.000377878,4.468400000000002e-5
14118,0.00135615,0.0012453,0.00011085000000000001
14133,8.97856e-5,8.91438e-5,6.417999999999978e-7
14134,0.000145238,0.000144815,4.230000000000195e-7
14136,6.74432e-5,Inf,Inf
14142,0.000156543,Inf,Inf
14175,0.00127866,0.00124459,3.406999999999998e-5
14196,0.000133542,7.84433e-5,5.50987e-5
14198,0.000122733,0.000111854,1.0879000000000002e-5
14199,0.000178024,0.000167167,1.0856999999999994e-5
14201,0.000167568,8.93554e-5,7.821259999999999e-5
14206,0.000123027,0.000122941,8.599999999999884e-8
14265,8.96804e-5,7.87289e-5,1.0951499999999992e-5
14268,5.57975e-5,Inf,Inf
14269,0.000177958,0.000100673,7.7285e-5
14271,7.82554e-5,5.60969e-5,2.21585e-5
14273,0.000200317,0.00016699,3.3327000000000015e-5
14325,0.000122917,0.000122497,4.1999999999999937e-7
14326,0.000100836,0.000100014,8.219999999999999e-7
14336,0.000611957,0.000600968,1.0988999999999986e-5
14383,8.9668e-5,Inf,Inf
14384,0.000145099,0.000112064,3.3034999999999984e-5
14390,0.000123175,0.000111839,1.1336000000000001e-5
14448,0.000300663,0.000245035,5.5628000000000003e-5
14450,7.8476e-5,Inf,Inf
14451,0.000100484,Inf,Inf
14453,0.00013426,0.000133393,8.670000000000173e-7
14458,0.000133981,0.000111985,2.1995999999999997e-5
14471,0.000834277,0.000822485,1.1792000000000052e-5
14514,5.63415e-5,Inf,Inf
14576,0.000389696,0.000356354,3.334199999999995e-5
14578,0.000122598,0.000111189,1.1408999999999999e-5
14581,8.98566e-5,Inf,Inf
14582,0.000122754,Inf,Inf
14584,0.000134258,0.000122443,1.1815000000000008e-5
14586,0.000156281,0.000155994,2.8699999999999234e-7
14592,0.000789322,0.000778081,1.1240999999999942e-5
14649,6.75784e-5,Inf,Inf
14652,0.000122782,Inf,Inf
14654,4.47219e-5,Inf,Inf
14655,0.000111736,Inf,Inf
14659,0.000178322,7.77996e-5,0.00010052239999999998
14666,0.000111364,6.67941e-5,4.4569899999999995e-5
14729,8.94803e-5,Inf,Inf
14730,7.81083e-5,Inf,Inf
14731,0.000123079,6.69737e-5,5.61053e-5
14732,0.000122382,Inf,Inf
14733,4.54359e-5,Inf,Inf
14736,5.61031e-5,Inf,Inf
14737,0.000144704,Inf,Inf
14738,0.000111686,8.9817e-5,2.1869000000000004e-5
14739,0.000133842,0.000112031,2.1811000000000012e-5
14810,0.000122931,0.000122742,1.889999999999943e-7
14837,0.0011563,0.00113353,2.2770000000000082e-5
14851,0.00106758,0.000989261,7.831900000000009e-5
14861,0.000666675,0.000645373,2.130200000000006e-5
14939,0.000134041,0.000100662,3.337899999999999e-5
14974,0.00120061,0.00111164,8.897000000000006e-5
15020,0.000211964,0.000189614,2.235e-5
15027,0.00010039,8.93874e-5,1.1002600000000002e-5
15028,0.000111153,0.000100477,1.0676000000000004e-5
15031,0.000133364,0.000122372,1.0991999999999979e-5
15033,8.91353e-5,Inf,Inf
15044,0.00132314,0.00107826,0.00024488000000000005
15065,0.00100098,0.000967414,3.3566000000000065e-5
15066,0.0010227,0.00096766,5.5040000000000124e-5
15084,8.91279e-5,Inf,Inf
15086,8.96435e-5,8.90754e-5,5.681000000000056e-7
15092,0.000144794,0.000133679,1.1115000000000018e-5
15131,7.78276e-5,Inf,Inf
15132,0.000123063,Inf,Inf
15135,0.000122893,8.94324e-5,3.346060000000001e-5
15139,0.000112035,0.000112012,2.2999999999996222e-8
15141,7.84886e-5,6.74652e-5,1.1023399999999993e-5
15142,0.000133975,0.000100701,3.3273999999999993e-5
15147,0.000645244,0.000644545,6.990000000000555e-7
15191,0.000222854,0.000212025,1.0829000000000014e-5
15193,0.000167501,0.000167005,4.960000000000034e-7
15196,5.56909e-5,Inf,Inf
15199,0.000100586,Inf,Inf
15254,8.94088e-5,8.92999e-5,1.0890000000000162e-7
15305,0.000334104,0.00030067,3.343399999999999e-5
15310,5.59457e-5,Inf,Inf
15314,8.93748e-5,Inf,Inf
15325,0.000755918,0.000745105,1.0812999999999925e-5
15374,0.000100514,8.89347e-5,1.15793e-5
15377,0.000100919,0.000100838,8.100000000000143e-8
15378,7.87623e-5,Inf,Inf
15382,0.000689759,0.000678351,1.140799999999997e-5
15425,0.000167393,Inf,Inf
15431,8.97573e-5,Inf,Inf
15436,0.000300088,0.000289494,1.0594e-5
15460,0.00118903,0.00115633,3.270000000000009e-5
15495,0.000145249,0.000145203,4.5999999999992445e-8
15496,0.000111463,8.93279e-5,2.2135099999999998e-5
15498,6.76211e-5,Inf,Inf
15501,0.00014514,8.94397e-5,5.5700300000000006e-5
15502,0.000122739,0.000100556,2.2182999999999987e-5
15503,0.000200166,0.000167242,3.2923999999999985e-5
15504,0.000111898,Inf,Inf
15505,0.000133437,0.000111142,2.2295000000000003e-5
15506,6.72367e-5,Inf,Inf
15533,0.00116705,0.00115648,1.0569999999999894e-5
15556,0.000267647,0.000256334,1.1312999999999991e-5
15558,0.000189187,0.000188923,2.6400000000000967e-7
15564,0.000144987,0.000111934,3.305300000000001e-5
15571,0.000156313,Inf,Inf
15597,0.00114503,0.00110079,4.424000000000008e-5
15625,4.53344e-5,4.4539e-5,7.953999999999958e-7
15636,0.000978776,0.000955881,2.289499999999999e-5
15670,0.000522407,0.000511546,1.086100000000003e-5
15681,8.97051e-5,Inf,Inf
15682,7.85824e-5,6.72418e-5,1.1340599999999998e-5
15683,0.000100835,Inf,Inf
15690,0.000178558,0.000155948,2.2610000000000002e-5
15691,0.000166789,0.000155797,1.0992000000000006e-5
15692,0.000111735,Inf,Inf
15714,0.00117824,0.00112322,5.5020000000000025e-5
15747,7.81262e-5,Inf,Inf
15751,1.16908e-5,Inf,Inf
15798,0.000711947,0.000677947,3.399999999999996e-5
15805,0.000111563,Inf,Inf
15811,0.000134095,0.000122931,1.1164000000000004e-5
15819,8.93763e-5,Inf,Inf
15833,0.00117803,0.00114493,3.31000000000001e-5
15881,0.000156412,0.000122231,3.418100000000002e-5
15882,8.97964e-5,Inf,Inf
15884,0.000167052,Inf,Inf
15934,0.000600161,0.000578002,2.2159000000000002e-5
15944,0.00021163,7.81157e-5,0.0001335143
15948,0.000100922,0.000100547,3.7499999999999556e-7
16007,0.000245379,0.000222902,2.2476999999999995e-5
16016,0.000100074,Inf,Inf
16017,0.000134095,Inf,Inf
16021,6.74751e-5,Inf,Inf
16024,0.000178516,0.000167578,1.0938000000000023e-5
16027,0.000111575,0.000111138,4.36999999999996e-7
16052,0.00111201,0.00111194,7.000000000001796e-8
16072,0.000189286,0.000166821,2.2464999999999996e-5
16074,8.94018e-5,7.79754e-5,1.1426399999999996e-5
16079,0.000111565,Inf,Inf
16087,0.00075634,0.00074454,1.1799999999999962e-5
16148,0.000155729,Inf,Inf
16152,0.000212092,0.000100453,0.00011163899999999999
16157,0.000388993,0.000345141,4.385200000000004e-5
16181,0.00104482,0.00104471,1.0999999999999725e-7
16200,0.000277986,0.000277912,7.399999999997253e-8
16205,0.000223112,0.000155698,6.741399999999999e-5
16207,0.000155881,0.000111612,4.426899999999999e-5
16208,5.62733e-5,Inf,Inf
16209,0.000112103,0.000100253,1.184999999999999e-5
16212,0.000111482,Inf,Inf
16216,0.000134288,0.000122599,1.1689000000000003e-5
16276,3.33783e-5,Inf,Inf
16282,0.000133641,0.000100591,3.304999999999999e-5
16283,0.000144452,Inf,Inf
16327,0.000623101,0.000622395,7.060000000000573e-7
16334,0.000178473,0.000156,2.2473000000000013e-5
16335,0.000212046,0.000200406,1.163999999999999e-5
16337,7.8744e-5,Inf,Inf
16347,0.000111487,Inf,Inf
16348,0.000144985,0.000111122,3.386300000000001e-5
16401,0.000145243,0.000145068,1.750000000000178e-7
16450,0.000167041,0.000111859,5.518199999999999e-5
16452,8.9354e-5,Inf,Inf
16454,0.00012321,Inf,Inf
16462,0.000145029,0.000133554,1.1474999999999994e-5
16477,0.00104512,0.00104504,8.000000000017542e-8
16511,0.000389568,0.000389267,3.0100000000002304e-7
16515,5.59302e-5,Inf,Inf
16521,0.00017845,0.000177841,6.089999999999937e-7
16525,0.000123176,Inf,Inf
16547,0.00112241,0.00108942,3.2989999999999886e-5
16556,0.00112312,0.00112267,4.499999999999296e-7
16563,0.000944479,0.000867036,7.744300000000006e-5
16581,0.000166736,Inf,Inf
16591,0.000145263,0.000144938,3.2499999999999435e-7
16644,0.000245352,0.000245018,3.3400000000000053e-7
16648,0.000255652,0.000244784,1.0867999999999978e-5
16650,0.000222784,0.000211603,1.1180999999999973e-5
16653,0.000166956,0.00013335,3.360600000000002e-5
16701,0.000411591,0.000378364,3.3226999999999985e-5
16710,0.00011153,Inf,Inf
16711,0.000200949,Inf,Inf
16714,0.000134068,0.000111586,2.2481999999999992e-5
16728,0.000622935,0.000622837,9.800000000002515e-8
16771,0.000255978,0.000211979,4.3999000000000024e-5
16777,0.000112049,Inf,Inf
16778,0.000145121,Inf,Inf
16779,0.000145335,0.000122511,2.2823999999999983e-5
16780,0.00011158,7.78511e-5,3.3728899999999995e-5
16782,0.000189436,0.00016727,2.2166000000000004e-5
16783,0.000211935,Inf,Inf
16824,0.000111253,Inf,Inf
16827,0.000167511,0.000166923,5.879999999999883e-7
16831,0.000111112,0.000100482,1.0629999999999998e-5
16834,0.000122537,Inf,Inf
16836,0.000100721,Inf,Inf
16849,0.000888945,0.000855556,3.338899999999999e-5
16888,0.000500144,0.000467279,3.286499999999998e-5
16892,0.000267391,0.000256137,1.1254000000000038e-5
16894,0.000189348,0.000133789,5.5559e-5
16895,0.000145121,0.000134261,1.0860000000000015e-5
16948,0.000500665,0.000500111,5.539999999999408e-7
16950,0.00028913,0.000256159,3.297100000000002e-5
16954,0.000145368,0.000100709,4.4658999999999994e-5
17002,0.000467483,0.000466998,4.849999999999928e-7
17015,0.000111447,Inf,Inf
17022,0.000156372,6.67045e-5,8.96675e-5
17055,0.00117806,0.00110036,7.769999999999999e-5
17077,0.000122511,7.83096e-5,4.420140000000001e-5
17079,6.73614e-5,6.73281e-5,3.329999999999848e-8
17080,0.000167354,0.000156358,1.0996000000000015e-5
17145,0.000156063,Inf,Inf
17146,0.000144888,0.000122863,2.2025000000000007e-5
17200,0.000122526,Inf,Inf
17204,0.000111585,8.978e-5,2.1805e-5
17206,0.000111335,0.000100278,1.1057e-5
17266,0.000111507,7.86933e-5,3.281370000000001e-5
17267,6.73868e-5,Inf,Inf
17271,0.000100203,Inf,Inf
17301,0.00113351,0.00106714,6.636999999999984e-5
17322,0.000511546,0.000500044,1.1501999999999932e-5
17326,0.000200481,0.000167483,3.2997999999999985e-5
17329,0.00013363,0.00012255,1.1080000000000009e-5
17332,0.000122696,Inf,Inf
17406,6.7356e-5,Inf,Inf
17407,0.000244983,Inf,Inf
17470,0.000222749,0.000222238,5.109999999999956e-7
17481,0.000167531,8.89798e-5,7.85512e-5
17528,0.000578413,0.000555813,2.25999999999999e-5
17539,0.000189813,0.000189433,3.79999999999993e-7
17543,0.000111796,0.00011125,5.460000000000046e-7
17544,0.000133448,Inf,Inf
17545,8.94745e-5,Inf,Inf
17549,0.000134171,0.000123167,1.1003999999999978e-5
17563,0.00112315,0.00102316,9.99900000000001e-5
17594,0.0005334,0.000489338,4.4061999999999986e-5
17605,0.00016723,0.000166877,3.5300000000000153e-7
17610,0.000155855,8.95612e-5,6.629379999999999e-5
17611,0.000123136,Inf,Inf
17615,6.7288e-5,Inf,Inf
17616,8.95675e-5,8.93795e-5,1.8800000000000565e-7
17669,0.000400253,0.000378606,2.1647000000000018e-5
17672,0.000311609,0.000300932,1.0677000000000006e-5
17678,7.86695e-5,Inf,Inf
17679,8.91664e-5,Inf,Inf
17734,0.000244709,0.000233847,1.0862000000000019e-5
17746,0.000178621,0.000155708,2.2913000000000002e-5
17747,0.00012274,Inf,Inf
17749,0.000189771,0.000178618,1.115300000000002e-5
17752,0.000234133,0.000212025,2.2108000000000013e-5
17757,0.000967262,0.000900875,6.6387e-5
17813,0.000233526,0.000200049,3.347700000000002e-5
17814,0.000100423,Inf,Inf
17819,6.69319e-5,Inf,Inf
17822,0.00020065,0.000189813,1.0837000000000005e-5
17823,6.68029e-5,Inf,Inf
17829,0.000855917,0.000834276,2.1640999999999978e-5
17846,0.00118942,0.00108969,9.973000000000013e-5
17851,0.000933397,0.00091189,2.1506999999999928e-5
17866,6.70195e-5,Inf,Inf
17872,0.000155873,Inf,Inf
17888,0.00120039,0.00120035,3.999999999997929e-8
17913,0.000633414,0.000623211,1.020299999999997e-5
17939,0.000222531,Inf,Inf
17940,0.000122517,0.000111523,1.0993999999999997e-5
17982,0.000145194,0.000133944,1.1250000000000002e-5
18039,0.000200848,0.000189546,1.1302000000000008e-5
18040,0.000156229,0.00014536,1.0868999999999994e-5
18102,0.00011186,0.000111799,6.099999999999823e-8
18106,8.93363e-5,7.81982e-5,1.1138099999999994e-5
18131,0.00121118,0.00113403,7.715e-5
18133,0.00115612,0.00114491,1.1209999999999996e-5
18175,0.000156492,0.000111447,4.5044999999999986e-5
18176,0.00013373,0.00011139,2.2340000000000006e-5
18179,8.9084e-5,Inf,Inf
18182,0.000156551,Inf,Inf
18189,0.000200479,Inf,Inf
18195,0.000944538,0.000878124,6.641399999999999e-5
18242,0.00015587,0.000144485,1.1385000000000014e-5
18247,0.000155865,0.000145395,1.047e-5
18248,6.7213e-5,Inf,Inf
18249,5.60081e-5,Inf,Inf
18279,0.00115602,0.0011232,3.282000000000003e-5
18357,0.00061189,0.000611876,1.4000000000003593e-8
18375,0.000122977,8.95633e-5,3.3413699999999995e-5
18379,0.000233894,0.00022318,1.071400000000002e-5
18394,0.00130093,0.00112282,0.00017811
18430,0.000400482,0.000378606,2.1876000000000046e-5
18445,0.000134171,Inf,Inf
18447,0.000111549,0.000100041,1.1507999999999999e-5
18495,0.000345201,0.000322863,2.2338000000000002e-5
18502,0.000311885,0.000289857,2.2028e-5
18507,0.000111859,0.00010028,1.1579000000000006e-5
18509,8.98189e-5,Inf,Inf
18510,0.000178608,0.000178255,3.5300000000000153e-7
18512,8.9675e-5,7.82079e-5,1.1467099999999997e-5
18574,0.000300279,0.000289242,1.1036999999999983e-5
18578,0.000333539,0.000323029,1.0509999999999979e-5
18582,0.000167059,0.000156188,1.0870999999999998e-5
18583,8.91593e-5,Inf,Inf
18586,4.44878e-5,Inf,Inf
18632,0.000355695,0.000312051,4.364400000000002e-5
18635,0.00032305,0.000311267,1.1783000000000019e-5
18641,0.000212034,0.000211345,6.890000000000064e-7
18659,0.000945328,0.000911129,3.4199000000000057e-5
18710,0.000322625,0.000312051,1.0574000000000011e-5
18718,0.000211656,0.000200108,1.1548000000000005e-5
18719,0.000122508,0.00011139,1.1117999999999984e-5
18758,0.000600979,0.000589249,1.1729999999999944e-5
18760,0.000455929,0.000433738,2.219100000000002e-5
18776,0.000111899,Inf,Inf
18777,0.000122602,Inf,Inf
18783,0.00011164,0.00011124,3.9999999999999617e-7
18834,0.000433951,0.000422289,1.1662000000000011e-5
18851,0.000111858,0.000100966,1.0892000000000003e-5
18855,0.000122375,Inf,Inf
18916,0.000122756,Inf,Inf
18919,0.000134118,0.000111799,2.2318999999999987e-5
18920,8.92969e-5,Inf,Inf
18927,0.000711229,0.00070049,1.0738999999999953e-5
18959,0.000900177,0.000845169,5.500800000000005e-5
18987,0.000122556,0.000122318,2.3800000000000687e-7
18991,0.000100969,Inf,Inf
18992,0.000100442,6.74173e-5,3.3024699999999996e-5
18999,0.0001784,0.000144498,3.390199999999999e-5
19041,7.78565e-5,Inf,Inf
19105,0.000133712,0.000111396,2.2315999999999994e-5
19109,0.000145018,Inf,Inf
19111,0.000122967,0.000100959,2.200800000000001e-5
19155,0.000611773,0.000611357,4.160000000000448e-7
19172,0.000156186,7.86619e-5,7.752409999999999e-5
19175,7.80609e-5,Inf,Inf
19229,0.000133496,Inf,Inf
19232,7.82153e-5,Inf,Inf
19237,0.000100285,0.000100006,2.790000000000019e-7
19239,0.00022292,0.000200912,2.2007999999999983e-5
19248,0.000922342,0.00090049,2.1852000000000048e-5
19294,0.000211607,0.000200977,1.0629999999999998e-5
19304,0.00017788,0.000177872,7.999999999990437e-9
19350,0.000378542,0.000334307,4.4235e-5
19360,0.000267556,Inf,Inf
19367,0.000167402,Inf,Inf
19381,0.00122322,0.00122235,8.699999999998206e-7
19410,0.00037833,0.000334307,4.402300000000002e-5
19433,7.8548e-5,4.44478e-5,3.4100199999999996e-5
19463,0.00106757,0.00106751,6.000000000007735e-8
19472,0.000866974,0.000811433,5.554099999999999e-5
19510,0.000123074,Inf,Inf
19512,0.000122959,Inf,Inf
19514,0.000111778,Inf,Inf
19516,0.000122434,0.000111896,1.0537999999999986e-5
19551,0.000378107,0.000367569,1.0537999999999986e-5
19558,0.000455812,0.00042223,3.358199999999999e-5
19568,0.000200587,0.000200581,6.000000000013156e-9
19570,0.000111931,0.000111673,2.579999999999965e-7
19575,0.000200167,0.000178112,2.205500000000002e-5
19599,0.00130014,0.00125571,4.4430000000000034e-5
19641,0.000345203,0.000334306,1.0897000000000001e-5
19647,0.000156069,Inf,Inf
19651,0.000112077,Inf,Inf
19652,0.000111632,Inf,Inf
19656,0.000711236,0.00067876,3.2475999999999924e-5
19691,0.000456447,0.00040045,5.599700000000001e-5
19697,0.000111849,Inf,Inf
19700,0.000133461,0.000122702,1.0758999999999996e-5
19703,0.000111388,0.000111359,2.8999999999995826e-8
19706,5.63946e-5,Inf,Inf
19710,0.000455908,0.000412031,4.3877e-5
19715,0.000933733,0.000912023,2.170999999999998e-5
19740,0.000689726,0.000689492,2.339999999999981e-7
19746,0.000356025,0.000345249,1.0775999999999993e-5
19751,0.000445332,0.000445139,1.9300000000000306e-7
19764,0.000111802,0.000111485,3.170000000000039e-7
19765,0.000156056,0.000155878,1.7800000000001083e-7
19768,2.26463e-5,Inf,Inf
19770,3.38003e-5,Inf,Inf
19806,0.000400252,0.000367189,3.306299999999995e-5
19812,0.000356486,0.000355591,8.949999999999974e-7
19814,0.000367341,0.000333957,3.3383999999999964e-5
19816,0.000189451,0.000178046,1.1405000000000003e-5
19822,4.53465e-5,Inf,Inf
19824,0.00020071,0.000167063,3.3646999999999985e-5
19825,0.000155835,0.00014452,1.1314999999999996e-5
19826,0.000233633,0.000200676,3.295699999999999e-5
19828,0.000244949,0.000233911,1.1037999999999998e-5
19871,0.000233977,0.000211929,2.2048000000000017e-5
19873,0.000200296,0.000200036,2.600000000000009e-7
19929,0.000100033,Inf,Inf
19933,0.000111494,7.87136e-5,3.2780399999999995e-5
19982,0.000500459,0.000477919,2.2539999999999984e-5
20001,6.70041e-5,Inf,Inf
20053,3.34049e-5,Inf,Inf
20084,0.000822634,0.000811612,1.1022000000000072e-5
20119,0.00011172,0.000111485,2.350000000000003e-7
20120,0.000144471,0.000144463,7.999999999990437e-9
20121,0.00011198,0.000111742,2.3799999999999332e-7
20123,0.000133794,0.000111824,2.196999999999998e-5
20124,0.000133801,Inf,Inf
20142,0.00125592,0.00122298,3.2939999999999966e-5
20179,0.000112108,0.000111917,1.9099999999999868e-7
20180,0.000144602,0.000133409,1.1193e-5
20182,0.000145023,0.000144641,3.8199999999999736e-7
20185,0.000133954,0.00011178,2.2174000000000008e-5
20187,0.000111635,Inf,Inf
20219,0.00104521,0.00104509,1.1999999999993786e-7
20223,0.000745089,0.000734212,1.0876999999999957e-5
20229,0.000345231,0.000344932,2.9899999999999155e-7
20239,0.000422962,0.000411439,1.1522999999999991e-5
20257,0.000111997,Inf,Inf
20258,8.94727e-5,Inf,Inf
20310,0.000489866,0.000466727,2.3139000000000037e-5
20316,0.000178368,Inf,Inf
20318,0.000134038,0.000123052,1.098600000000002e-5
20370,0.000345061,0.00033415,1.0911000000000004e-5
20378,0.000555558,0.000478759,7.679900000000006e-5
20392,0.000112043,0.000100827,1.1215999999999996e-5
20393,6.73984e-5,5.59715e-5,1.1426899999999997e-5
20394,0.000166807,0.000122409,4.439799999999999e-5
20456,0.000567631,0.000511831,5.579999999999995e-5
20463,0.000145221,0.000100819,4.440200000000001e-5
20468,0.000178738,0.000166993,1.1745000000000017e-5
20509,0.000411941,0.000400042,1.1899000000000002e-5
20522,0.000155877,0.000133497,2.2380000000000013e-5
20527,0.000167376,0.000156332,1.1044000000000011e-5
20559,0.000967645,0.000955707,1.1938000000000074e-5
20599,0.000200563,0.000189602,1.0961000000000006e-5
20637,0.00035638,0.000334312,2.206799999999998e-5
20658,0.000356338,0.000356078,2.599999999999738e-7
20663,0.000111706,Inf,Inf
20665,8.94556e-5,7.8556e-5,1.0899600000000007e-5
20666,0.0001784,0.000166993,1.1407000000000008e-5
20669,0.000167064,0.000166731,3.329999999999848e-7
20676,0.000911286,0.000889437,2.1849e-5
20703,0.000322865,0.00030015,2.2714999999999975e-5
20718,0.000189304,0.000178643,1.0660999999999998e-5
20719,0.000156474,Inf,Inf
20720,0.000133429,Inf,Inf
20723,0.000122858,Inf,Inf
20725,0.000223108,0.000222954,1.539999999999853e-7
20783,0.000200587,0.000189176,1.1411000000000017e-5
20784,0.000222545,0.00010023,0.000122315
20787,6.70124e-5,4.5121e-5,2.1891400000000005e-5
20791,0.000100439,8.90055e-5,1.1433500000000005e-5
20904,0.000145091,Inf,Inf
20910,0.000100416,6.74029e-5,3.30131e-5
20911,2.30232e-5,Inf,Inf
20912,0.000144978,0.000111502,3.3476e-5
20917,0.00100099,0.000977828,2.3161999999999966e-5
20954,0.000489117,0.000467632,2.148499999999996e-5
20961,0.000189821,0.000189464,3.570000000000103e-7
20967,5.57429e-5,Inf,Inf
20968,6.70809e-5,Inf,Inf
20969,2.24817e-5,Inf,Inf
20970,6.75463e-5,Inf,Inf
20999,0.00105582,0.00101199,4.383000000000013e-5
21032,7.84366e-5,7.84342e-5,2.39999999999171e-9
21034,7.79218e-5,Inf,Inf
21038,0.000145381,Inf,Inf
21051,0.00151124,Inf,Inf
21089,0.000445345,0.000433819,1.1525999999999984e-5
21091,0.000545289,0.000511872,3.3416999999999995e-5
21092,0.000489307,0.000478479,1.0827999999999999e-5
21156,0.000144848,0.000134243,1.0604999999999984e-5
21157,0.000167619,0.000166952,6.670000000000124e-7
21158,0.000156177,0.000122368,3.380899999999999e-5
21159,0.000100483,Inf,Inf
21160,0.000122335,Inf,Inf
21164,0.000111772,0.000111145,6.27000000000006e-7
21205,0.000411972,0.000389397,2.2574999999999993e-5
21228,5.6061e-5,Inf,Inf
21229,7.81415e-5,Inf,Inf
21234,3.35922e-5,Inf,Inf
21236,0.000100394,0.000100026,3.680000000000073e-7
21279,0.000800477,0.000778559,2.1918000000000003e-5
21283,0.000233657,0.000222586,1.1070999999999976e-5
21302,0.000400602,0.000367537,3.306500000000004e-5
21313,0.000111438,Inf,Inf
21314,0.000112088,Inf,Inf
21346,0.000311573,0.000278362,3.3211000000000004e-5
21358,0.000655819,0.000600719,5.5099999999999984e-5
21361,0.000378622,0.000355877,2.2745000000000013e-5
21377,0.00016668,Inf,Inf
21416,0.000311536,0.000300874,1.0661999999999987e-5
21446,0.000211795,Inf,Inf
21492,0.000356052,0.000323128,3.2923999999999985e-5
21512,0.000222606,0.000200554,2.2051999999999998e-5
21513,0.000133423,0.000122297,1.1126000000000002e-5
21517,0.000156154,0.000133352,2.2802000000000016e-5
21519,0.000100922,Inf,Inf
21522,0.000222488,0.00020094,2.1547999999999977e-5
21564,0.000434267,0.000345421,8.884600000000001e-5
21620,0.00035603,0.000355675,3.550000000000059e-7
21623,0.000367068,0.000366998,7.000000000001796e-8
21666,0.00102316,0.000878575,0.00014458499999999992
21719,0.000122327,Inf,Inf
21750,0.000356124,0.000355964,1.5999999999997136e-7
21772,0.000178529,0.000145244,3.3285000000000004e-5
21840,7.86982e-5,7.79862e-5,7.120000000000027e-7
21864,0.00142319,0.00135644,6.674999999999997e-5
21873,0.000956388,0.000955738,6.499999999999345e-7
21880,0.000445032,0.000444774,2.579999999999965e-7
21904,0.000544855,0.000533444,1.1411000000000017e-5
21905,0.000189585,0.000189267,3.1800000000001966e-7
21908,0.000100924,Inf,Inf
21912,0.000356252,0.000345391,1.0860999999999976e-5
21965,0.000178047,0.000111911,6.613599999999999e-5
22026,0.000178726,0.000133578,4.514800000000001e-5
22027,0.000222693,0.000189212,3.3481e-5
22029,0.000167163,7.87288e-5,8.843420000000001e-5
22035,0.000189429,0.000133376,5.6053e-5
22053,0.00100091,0.00100033,5.800000000000249e-7
22106,0.000344746,0.000333444,1.1301999999999981e-5
22111,0.000223098,0.000189173,3.3925e-5
22114,0.000144598,0.000122836,2.1761999999999986e-5
22116,0.000100979,Inf,Inf
22117,8.96078e-5,8.90123e-5,5.954999999999979e-7
22122,0.000156044,Inf,Inf
22148,0.000955887,0.000955747,1.4000000000003593e-7
22153,0.000800715,0.000767258,3.3456999999999975e-5
22168,0.000355675,0.000345202,1.0472999999999993e-5
22190,8.94712e-5,7.79518e-5,1.1519399999999997e-5
22232,0.000356136,0.000334042,2.209400000000001e-5
22258,0.000167249,0.000145356,2.1893000000000016e-5
22260,0.000200377,Inf,Inf
22263,6.76242e-5,Inf,Inf
22320,0.000155956,0.000134295,2.1661000000000022e-5
22321,0.000155686,0.000134204,2.1482000000000022e-5
22324,0.000211571,0.000211322,2.4899999999999033e-7
22358,0.000400967,0.000400316,6.510000000000044e-7
22362,0.00071144,0.000567,0.00014444000000000002
22369,0.000534146,0.000511817,2.232899999999997e-5
22384,0.00015651,0.00012254,3.397e-5
22391,6.71813e-5,Inf,Inf
22398,0.0008559,0.000844464,1.1436000000000085e-5
22427,0.000434061,0.000433722,3.3900000000002505e-7
22429,0.000356289,0.000355644,6.449999999999642e-7
22432,0.000356464,0.000334069,2.2395000000000032e-5
22459,0.000111883,7.82529e-5,3.3630099999999995e-5
22464,0.000122394,Inf,Inf
22465,0.000233748,0.000166713,6.703500000000001e-5
22516,0.000222368,0.000189384,3.298400000000001e-5
22524,0.000178452,0.000144573,3.3879000000000005e-5
22556,0.000311991,0.000311118,8.730000000000304e-7
22571,0.00064471,0.000633436,1.1274000000000028e-5
22573,0.000678193,0.000544733,0.00013345999999999996
22655,0.000100143,Inf,Inf
22675,0.00134461,0.00132312,2.1490000000000094e-5
22723,8.94084e-5,8.91957e-5,2.1269999999999883e-7
22725,8.94528e-5,Inf,Inf
22767,0.000400141,0.000344652,5.548900000000004e-5
22793,0.000111906,Inf,Inf
22797,0.000223161,0.000189682,3.3478999999999996e-5
22863,0.000167488,0.000167308,1.8000000000001522e-7
22866,0.000133487,0.000122768,1.0719000000000017e-5
22868,0.000134204,0.000123083,1.1121000000000004e-5
22942,0.000100895,0.000100459,4.3600000000000735e-7
23012,0.000345131,0.000344632,4.989999999999964e-7
23053,0.000378099,0.000367474,1.0625e-5
23094,0.000133972,0.000122805,1.1166999999999997e-5
23096,0.000123169,Inf,Inf
23098,0.00041117,0.000400474,1.069599999999998e-5
23152,0.000189134,0.000144597,4.453700000000001e-5
23163,0.000944505,0.000933356,1.1149000000000011e-5
23196,0.000467199,0.000434216,3.298299999999999e-5
23206,0.000578363,0.000567374,1.0988999999999986e-5
23226,0.000145338,0.000144717,6.2100000000002e-7
23228,7.78046e-5,5.63167e-5,2.14879e-5
23263,0.00046738,0.000423011,4.4368999999999995e-5
23292,7.79165e-5,Inf,Inf
23359,0.000111214,0.000100919,1.0294999999999995e-5
23363,0.000100568,Inf,Inf
23414,0.000434314,0.000411785,2.2528999999999974e-5
23449,7.83133e-5,Inf,Inf
23462,0.000978375,0.000967587,1.0788000000000074e-5
23483,0.00026699,0.000234205,3.278499999999999e-5
23487,0.000355893,0.000334109,2.1783999999999953e-5
23512,0.000511891,0.000489366,2.252500000000002e-5
23517,5.61747e-5,Inf,Inf
23519,6.6743e-5,Inf,Inf
23536,0.000967662,0.000955761,1.1901000000000034e-5
23547,0.000812021,0.000811808,2.129999999999927e-7
23560,0.000367212,0.000344667,2.254500000000001e-5
23579,0.000522349,0.000478296,4.405299999999995e-5
23591,0.000133949,0.000122967,1.0981999999999984e-5
23592,0.000123093,0.000111568,1.1525000000000009e-5
23663,5.6471e-5,Inf,Inf
23732,0.000189545,0.000123069,6.647599999999999e-5
23733,0.000112009,0.000111859,1.5000000000000365e-7
23734,0.00013339,0.000111689,2.1701e-5
23735,5.63712e-5,Inf,Inf
23791,0.000566725,0.00054468,2.204500000000005e-5
23835,0.000400735,0.000389374,1.1360999999999988e-5
23868,0.000122509,Inf,Inf
23870,0.000133353,7.84167e-5,5.493630000000001e-5
23873,0.000666971,0.000644897,2.2074000000000074e-5
23899,0.000656309,0.000578337,7.797200000000005e-5
23901,0.000711416,0.000700911,1.0504999999999954e-5
23917,0.000577957,0.000511533,6.642400000000004e-5
23924,0.000211498,0.0002005,1.0997999999999992e-5
23929,6.69895e-5,Inf,Inf
23932,0.000189516,0.000155996,3.352000000000002e-5
23969,0.000589791,0.000588959,8.319999999999812e-7
23984,0.000100901,Inf,Inf
24066,0.00105615,0.000878686,0.000177464
24099,0.000533938,0.000511253,2.2684999999999936e-5
24114,0.000811188,0.000734195,7.699300000000003e-5
24131,0.000567565,0.000545331,2.223399999999999e-5
24140,0.000134136,Inf,Inf
24143,0.000178501,0.000166671,1.183e-5
24177,0.000255881,0.000245439,1.0441999999999993e-5
24196,0.000766887,0.000744501,2.2386e-5
24210,0.00012302,0.000111112,1.1907999999999995e-5
24212,7.86934e-5,Inf,Inf
24248,0.000445069,0.000444458,6.109999999999709e-7
24262,0.000511749,0.000511494,2.550000000000035e-7
24290,0.000122439,0.000122319,1.2000000000001918e-7
24360,0.000133965,8.98025e-5,4.4162499999999996e-5
24361,0.000145056,Inf,Inf
24411,0.000489593,0.000456481,3.3111999999999964e-5
24439,0.000167468,0.000156096,1.1371999999999999e-5
24440,5.62117e-5,Inf,Inf
24441,0.000156036,Inf,Inf
24467,0.000955764,0.00082303,0.00013273400000000002
24473,0.00025607,0.000244756,1.1314000000000007e-5
24488,0.00084543,0.000545296,0.00030013399999999997
24504,8.96863e-5,Inf,Inf
24511,0.00108952,0.00107789,1.1630000000000104e-5
24532,0.00031206,0.000300005,1.205500000000002e-5
24535,0.000256302,0.00025611,1.9199999999998732e-7
24547,0.000611893,0.000600883,1.1009999999999991e-5
24582,0.000156121,Inf,Inf
24642,0.000567639,0.000556183,1.1455999999999966e-5
24698,0.000378058,0.000367507,1.0551000000000028e-5
24729,0.000522934,0.000467462,5.5471999999999987e-5
24736,0.000145388,0.000123171,2.221700000000002e-5
24741,0.000189663,Inf,Inf
24771,0.00104483,0.00103377,1.106000000000002e-5
24797,0.000733654,0.000656186,7.746800000000002e-5
24822,0.000111695,Inf,Inf
24825,0.000100913,7.84529e-5,2.2460100000000005e-5
24880,0.000711966,0.000711775,1.9099999999997157e-7
24901,0.000156049,0.000122584,3.346500000000002e-5
24906,0.000111171,Inf,Inf
24943,0.00048966,0.000466894,2.2766000000000073e-5
24951,0.000267443,0.000245437,2.2006000000000033e-5
24958,0.000545186,0.000522273,2.2913000000000057e-5
24985,0.000212102,0.00017825,3.3852000000000014e-5
24988,0.000100533,0.00010015,3.8299999999999955e-7
24989,6.70029e-5,Inf,Inf
24990,8.9539e-5,8.94121e-5,1.2690000000000043e-7
24991,0.000122522,0.000111814,1.0707999999999993e-5
25038,0.000644953,0.000578726,6.622699999999997e-5
25138,0.000144689,0.000111909,3.278000000000001e-5
25140,0.000123147,0.000111273,1.1873999999999988e-5
25142,0.000322609,0.000244501,7.810800000000002e-5
25213,0.000522263,0.000511533,1.0730000000000028e-5
25225,0.000167065,0.000156065,1.0999999999999996e-5
25255,0.000233571,0.000211369,2.2202000000000002e-5
25259,0.000567467,0.000489003,7.846399999999999e-5
25286,0.000800344,0.000800015,3.2900000000008443e-7
25341,0.000700387,0.000667648,3.2739000000000054e-5
25363,0.000178719,0.000144622,3.4096999999999996e-5
25366,4.4517e-5,Inf,Inf
25367,0.000233678,Inf,Inf
25371,0.000156289,0.000144843,1.1445999999999998e-5
25372,0.000134069,0.000122564,1.1505000000000006e-5
25381,0.00108928,0.00107822,1.106000000000002e-5
25400,0.000234123,0.000233728,3.950000000000123e-7
25435,8.98801e-5,8.93236e-5,5.564999999999937e-7
25481,0.000489426,0.00044524,4.418600000000004e-5
25507,0.000789714,0.000667116,0.0001225979999999999
25526,0.000144703,Inf,Inf
25529,0.000177849,0.000145031,3.2817999999999996e-5
25533,0.000300724,0.000289444,1.1280000000000014e-5
25591,7.87143e-5,Inf,Inf
25619,0.000267526,0.000255716,1.181000000000001e-5
25628,0.000711401,0.000700112,1.1288999999999939e-5
25670,0.00127825,0.00108911,0.00018914000000000018
25674,0.00107876,0.00107837,3.900000000000691e-7
25719,0.000155874,0.000122722,3.3152e-5
25720,0.00011116,8.94121e-5,2.1747900000000002e-5
25721,0.000111218,Inf,Inf
25724,0.000177912,Inf,Inf
25783,0.00055632,0.000533579,2.274100000000006e-5
25818,0.00118896,0.00117796,1.0999999999999942e-5
25827,0.000411619,0.000400338,1.128100000000003e-5
25861,0.000567129,0.000534307,3.282199999999995e-5
25862,0.00058937,0.000588977,3.930000000000079e-7
25867,0.000166783,8.96352e-5,7.714779999999999e-5
25908,0.000300131,0.000288982,1.1148999999999957e-5
25918,0.000578036,0.00048939,8.864599999999995e-5
25946,0.000244983,0.000200046,4.4936999999999993e-5
25950,0.000145006,0.000133784,1.1221999999999995e-5
25952,0.000112069,8.92377e-5,2.2831300000000006e-5
25988,0.000555756,0.000544524,1.1232000000000017e-5
25991,0.00046732,0.000467311,9.000000000033287e-9
26007,0.000800628,0.000666841,0.0001337869999999999
26018,0.00015654,Inf,Inf
26019,8.962e-5,Inf,Inf
26023,0.000123086,0.000100234,2.2852000000000004e-5
26094,0.000523074,0.000511134,1.1939999999999997e-5
26113,0.000600107,0.000589487,1.062000000000003e-5
26145,0.000545253,0.000522526,2.2726999999999947e-5
26150,0.000678573,0.000678389,1.8399999999996978e-7
26181,0.000133388,0.000123217,1.0170999999999981e-5
26185,0.000200957,0.000189701,1.1256000000000016e-5
26226,0.000467468,0.000455877,1.1591000000000032e-5
26267,0.000200414,Inf,Inf
26331,0.000744573,0.000711683,3.2890000000000046e-5
26365,0.000156412,0.000144895,1.1517000000000005e-5
26393,0.000856553,0.000856411,1.4200000000006742e-7
26403,0.000300888,0.000278205,2.2683000000000013e-5
26425,0.000711608,0.00068967,2.1937999999999992e-5
26445,7.86615e-5,7.79328e-5,7.287000000000054e-7
26449,0.000100097,8.93546e-5,1.07424e-5
26481,0.00021139,0.000100053,0.000111337
26489,0.000511703,0.000500695,1.100799999999996e-5
26519,0.000233468,0.000222353,1.1114999999999991e-5
26522,7.80329e-5,7.78458e-5,1.870999999999969e-7
26523,0.000122764,0.000122317,4.470000000000179e-7
26591,5.63272e-5,Inf,Inf
26599,0.000255768,0.000255647,1.2100000000000782e-7
26632,0.000744767,0.000622755,0.00012201200000000001
26661,0.000155925,0.00012276,3.316500000000001e-5
26685,0.00112321,0.00111143,1.1779999999999863e-5
26716,0.000711649,0.000677837,3.3811999999999926e-5
26742,0.000133866,Inf,Inf
26746,0.000156474,0.000122408,3.4065999999999995e-5
26776,0.000311575,0.000267093,4.448200000000004e-5
26777,0.000367646,0.000322574,4.5072000000000005e-5
26786,0.000667244,0.000645016,2.2228000000000005e-5
26815,0.000156293,8.90829e-5,6.721010000000001e-5
26825,0.000634204,0.000578557,5.564699999999992e-5
26836,0.000933549,0.000911325,2.2223999999999942e-5
26895,0.000256202,0.000200046,5.615600000000002e-5
26899,0.000189055,0.000145204,4.3851000000000025e-5
26904,0.000366884,0.000333772,3.311200000000002e-5
26969,0.000123027,Inf,Inf
26970,8.97364e-5,7.83775e-5,1.135889999999999e-5
26971,0.000178277,0.000144991,3.328599999999999e-5
26998,0.000344952,0.000333997,1.0954999999999993e-5
27006,0.000645228,0.000644628,6.000000000000146e-7
27027,0.000622345,0.000622312,3.299999999997749e-8
27038,0.000189401,0.000178723,1.0678000000000022e-5
27041,0.000100955,5.57536e-5,4.52014e-5
27047,0.000867264,0.000856071,1.1192999999999945e-5
27111,0.000256437,0.000256432,4.999999999970306e-9
27140,0.000122374,0.000100053,2.2320999999999992e-5
27147,0.000500891,0.000500713,1.7800000000009215e-7
27168,0.000511995,0.000511515,4.799999999999683e-7
27173,0.000178379,0.000111594,6.678499999999999e-5
27177,6.75395e-5,5.56093e-5,1.1930199999999996e-5
27197,0.000844449,0.000833855,1.0594000000000055e-5
27204,0.000356128,0.000333954,2.2173999999999968e-5
27244,0.000156014,0.000155896,1.1799999999998769e-7
27275,0.000300382,0.0002113,8.908200000000001e-5
27285,0.000734295,0.000733365,9.300000000000063e-7
27293,0.000633826,0.000611794,2.2031999999999954e-5
27312,0.000100564,Inf,Inf
27313,0.000233432,Inf,Inf
27344,0.000578203,0.000500885,7.731800000000005e-5
27374,0.000789793,0.000644536,0.00014525699999999998
27384,0.000134294,6.67424e-5,6.755159999999999e-5
27388,0.000278013,0.000245365,3.264800000000003e-5
27394,0.000655666,0.000645041,1.0625e-5
27399,0.00110049,0.00108977,1.071999999999987e-5
27448,0.000689847,0.000634253,5.5594000000000064e-5
27473,0.000122235,0.000111415,1.0819999999999995e-5
27487,0.00114483,0.00108968,5.5149999999999904e-5
27500,0.000489465,0.000478732,1.073300000000002e-5
27528,0.000555645,0.000500487,5.515800000000003e-5
27531,0.000133999,0.000122458,1.1540999999999976e-5
27598,0.000711545,0.000700267,1.1277999999999982e-5
27646,0.000522657,0.000500957,2.170000000000004e-5
27647,0.000711898,0.000711841,5.700000000003012e-8
27751,5.6322e-5,Inf,Inf
27788,0.000189334,Inf,Inf
27816,0.000800572,0.000745264,5.5308000000000006e-5
27836,0.000133477,Inf,Inf
27860,0.000967238,0.000823219,0.000144019
27864,0.000545114,0.00054471,4.039999999999643e-7
27902,0.000256147,0.000255997,1.5000000000003075e-7
27903,0.00012319,0.0001227,4.899999999999902e-7
27909,0.000211284,0.000200328,1.0956000000000008e-5
27911,8.897e-5,Inf,Inf
27930,0.00132285,0.00101134,0.0003115100000000001
27960,0.000522442,0.000512066,1.0375999999999983e-5
27992,0.000145218,0.000100826,4.439199999999999e-5
27994,0.000145126,0.000133865,1.1261000000000013e-5
28045,0.000300908,0.000267316,3.359200000000004e-5
28048,0.000522782,0.000522355,4.2700000000000116e-7
28067,0.000667292,0.000645065,2.222699999999999e-5
28102,0.000267638,0.000256278,1.1360000000000027e-5
28110,5.59691e-5,4.52326e-5,1.0736500000000001e-5
28111,5.57034e-5,Inf,Inf
28134,0.000322622,0.000300866,2.1756e-5
28142,0.000544477,0.000467465,7.7012e-5
28173,0.000645061,0.000611617,3.3444000000000095e-5
28181,5.62042e-5,Inf,Inf
28182,0.000100155,8.98419e-5,1.0313100000000001e-5
28233,0.000756454,0.000745194,1.1260000000000024e-5
28239,0.000767363,0.000745341,2.2022000000000014e-5
28248,0.000389554,0.000367367,2.218700000000001e-5
28256,0.000123177,0.000100709,2.2468000000000002e-5
28257,0.000255827,0.00024536,1.0466999999999952e-5
28274,0.000956264,0.00095601,2.5399999999998774e-7
28282,0.000289314,0.000278718,1.0595999999999978e-5
28287,0.000223146,0.000211545,1.1601e-5
28291,0.000534011,0.000533736,2.7499999999999313e-7
28329,7.82123e-5,Inf,Inf
28333,0.000377797,0.00032315,5.464699999999995e-5
28423,0.000111932,8.93032e-5,2.2628800000000003e-5
28427,6.73714e-5,Inf,Inf
28477,0.000700041,0.000622564,7.747699999999995e-5
28496,0.000156334,0.000156029,3.050000000000047e-7
28499,0.000156348,0.000134185,2.216300000000001e-5
28501,0.000144844,0.000133979,1.0865000000000012e-5
28507,0.000967615,0.000923187,4.4428e-5
28520,0.000889231,0.000878344,1.0887000000000006e-5
28562,0.000144868,Inf,Inf
28563,0.00012236,0.000122262,9.799999999999805e-8
28569,0.000223154,0.000200589,2.2565000000000025e-5
28590,0.00055628,0.000556247,3.300000000008591e-8
28591,0.000500273,0.000477798,2.247499999999999e-5
28607,0.000667584,0.00066738,2.0400000000006784e-7
28675,0.000700772,0.000700385,3.870000000000219e-7
28695,0.000100674,Inf,Inf
28696,0.000267045,0.000255906,1.1138999999999962e-5
28733,0.000588916,0.000511822,7.709399999999999e-5
28765,0.000755775,0.000733847,2.1927999999999943e-5
28771,0.000167009,Inf,Inf
28847,0.000277941,0.000234018,4.3922999999999966e-5
28849,7.86293e-5,5.61699e-5,2.2459400000000004e-5
28850,0.00014449,0.000133633,1.0856999999999994e-5
28855,0.000167239,0.000122527,4.4712e-5
28878,0.00107815,0.00104474,3.3409999999999994e-5
28888,0.000200753,0.000145334,5.541899999999999e-5
28902,0.000589457,0.000589439,1.8000000000066574e-8
28937,0.000100772,0.000100711,6.099999999999823e-8
28938,0.000155992,Inf,Inf
28941,0.000156365,0.000144594,1.1770999999999993e-5
28974,0.000289644,0.000233722,5.592199999999997e-5
28975,0.000178682,0.000166786,1.1895999999999982e-5
29018,0.000144834,Inf,Inf
29021,0.0001121,0.000111493,6.070000000000028e-7
29063,0.000278352,0.000211387,6.6965e-5
29066,0.000366793,0.000333559,3.323400000000004e-5
29095,0.000623104,0.000622959,1.4500000000000624e-7
29106,0.000856196,0.00074461,0.000111586
29117,0.000100097,Inf,Inf
29185,0.000144517,0.000100159,4.435800000000001e-5
29190,7.79579e-5,7.78593e-5,9.859999999999936e-8
29220,0.000667318,0.000544867,0.00012245099999999998
29230,0.000556284,0.000533548,2.273599999999998e-5
29238,0.000578603,0.000578245,3.5799999999999894e-7
29256,0.000144898,Inf,Inf
29257,7.81652e-5,7.78215e-5,3.4370000000000147e-7
29288,0.000289832,0.000288941,8.909999999999886e-7
29291,0.000356483,0.000322827,3.365600000000002e-5
29320,0.000811828,0.000767233,4.459500000000003e-5
29333,0.00012297,0.000111444,1.1525999999999998e-5
29369,0.000389124,0.000377931,1.1193e-5
29394,0.000756472,0.000745368,1.1103999999999953e-5
29407,0.000256089,0.000234069,2.2019999999999982e-5
29466,0.000667438,0.000633832,3.3606000000000044e-5
29489,8.93763e-5,Inf,Inf
29494,0.000800293,0.000789297,1.0995999999999988e-5
29530,0.000600894,0.000577807,2.3087000000000086e-5
29545,0.000677962,0.000600088,7.787400000000002e-5
29549,0.000145421,0.000133469,1.1951999999999997e-5
29550,0.000111208,Inf,Inf
29554,0.000100271,Inf,Inf
29555,0.000278745,0.00024536,3.338499999999998e-5
29604,0.000533874,0.00050003,3.3843999999999996e-5
29620,0.000656383,0.000623204,3.3178999999999934e-5
29623,0.000211698,0.000189875,2.1822999999999998e-5
29626,6.70696e-5,Inf,Inf
29627,0.000111522,0.000100499,1.1022999999999993e-5
29703,0.000122971,0.00011124,1.1731000000000014e-5
29705,0.000167532,Inf,Inf
29706,0.000133946,0.000123205,1.0740999999999984e-5
29728,0.00021187,0.000200018,1.1851999999999994e-5
29780,0.000466708,0.000444991,2.1716999999999982e-5
29782,6.75514e-5,Inf,Inf
29785,0.000122911,0.000111326,1.1584999999999992e-5
29804,0.00103344,0.00101114,2.2300000000000054e-5
29864,0.000145128,Inf,Inf
29866,0.00012257,8.89553e-5,3.361469999999999e-5
29867,5.61576e-5,Inf,Inf
29868,2.30642e-5,Inf,Inf
29923,0.000245119,0.000244959,1.6000000000002557e-7
29925,0.000155921,0.000111957,4.3964e-5
29984,0.000133464,Inf,Inf
30009,0.0007892,0.000767403,2.179699999999994e-5
30040,0.000567359,0.000567204,1.5500000000005527e-7
30061,0.000689736,0.000688979,7.569999999999929e-7
30099,0.00066723,0.000645374,2.1856000000000002e-5
30107,0.000189854,0.000189113,7.409999999999849e-7
30147,0.000155953,0.000145265,1.068799999999999e-5
30188,0.000567172,0.000556451,1.0720999999999994e-5
30197,0.000533647,0.000522331,1.1316000000000039e-5
30223,0.000389801,0.000389621,1.8000000000001522e-7
30228,0.000156512,0.000133681,2.2831000000000012e-5
30289,6.74645e-5,Inf,Inf
30343,0.0006452,0.000645153,4.6999999999981085e-8
30378,0.000745194,0.000667496,7.769800000000007e-5
30381,0.00111198,0.00110096,1.102000000000004e-5
30437,0.000267225,0.00025654,1.0685000000000024e-5
30442,0.000122451,Inf,Inf
30443,0.000144616,0.000133633,1.0983e-5
30447,0.000145085,0.000133352,1.1733000000000018e-5
30466,0.00100078,0.00098938,1.1399999999999952e-5
30548,0.000744885,0.000744765,1.2000000000004628e-7
30607,0.000111504,Inf,Inf
30632,0.000612037,0.0005786,3.3436999999999985e-5
30673,0.000122455,Inf,Inf
30676,0.000145406,Inf,Inf
30679,0.000111493,0.000111338,1.5500000000000106e-7
30690,0.00116754,0.00115618,1.1359999999999973e-5
30715,0.000489055,0.000478759,1.029599999999997e-5
30737,0.000844535,0.000733654,0.00011088099999999996
30743,0.000522577,0.000522307,2.700000000000228e-7
30750,0.000178053,0.000133758,4.429500000000002e-5
30755,0.000145355,Inf,Inf
30771,0.00121166,0.00120048,1.1179999999999957e-5
30792,0.00020018,0.000156118,4.4061999999999986e-5
30817,0.000811811,0.000755739,5.6072e-5
30828,0.000622265,0.000578465,4.379999999999998e-5
30865,0.000456376,0.000455862,5.139999999999615e-7
30867,0.000734011,0.000466896,0.000267115
30938,0.000611633,0.000589187,2.2445999999999968e-5
30949,0.000456492,0.000456414,7.80000000000355e-8
30960,0.00066695,0.000611846,5.510400000000005e-5
30983,0.000178389,Inf,Inf
30985,8.95698e-5,8.89355e-5,6.343000000000017e-7
31039,0.000655971,0.000633383,2.2588000000000035e-5
31058,0.00010004,Inf,Inf
31066,0.000144808,0.000134052,1.0756000000000003e-5
31095,0.000156311,0.000122294,3.401699999999998e-5
31100,0.000544614,0.000522413,2.2201000000000013e-5
31118,0.000789736,0.000778433,1.1302999999999942e-5
31128,0.000156141,Inf,Inf
31130,0.00016719,0.000122826,4.4364e-5
31134,0.000144967,Inf,Inf
31167,0.000433343,0.000411894,2.144899999999999e-5
31197,0.000756095,0.000722646,3.3449000000000065e-5
31202,0.00015609,Inf,Inf
31230,0.00017869,0.000144565,3.4125e-5
31245,0.000489693,0.000477875,1.1818000000000028e-5
31273,0.000100874,Inf,Inf
31277,0.00024475,0.000211946,3.280400000000002e-5
31279,0.000489688,0.000478389,1.1298999999999934e-5
31292,0.00126735,0.000978018,0.000289332
31310,0.000212046,0.000178526,3.351999999999999e-5
31319,0.000666976,0.000666839,1.369999999999887e-7
31348,0.000145064,0.000133602,1.1462000000000006e-5
31351,5.63724e-5,5.57005e-5,6.719000000000028e-7
31352,0.000122482,8.98598e-5,3.2622200000000014e-5
31388,0.000400731,0.000378447,2.2283999999999965e-5
31411,0.000133596,0.000122686,1.0910000000000016e-5
31415,0.000122713,Inf,Inf
31431,0.00118946,0.00118903,4.300000000000484e-7
31451,0.000233687,0.000189356,4.433099999999999e-5
31452,0.000522969,0.000466756,5.6213e-5
31578,0.000956519,0.000911455,4.506399999999993e-5
31597,0.000400151,0.000389176,1.0975000000000036e-5
31604,0.000389735,0.000367186,2.2549000000000017e-5
31621,0.000523077,0.000489494,3.358300000000001e-5
31624,0.000322974,0.00032274,2.339999999999981e-7
31633,0.000111214,Inf,Inf
31635,0.00010048,0.000100276,2.0400000000000008e-7
31700,0.000122506,Inf,Inf
31712,0.00115589,0.00114466,1.1229999999999877e-5
31730,0.000100585,Inf,Inf
31735,0.000456216,0.000422799,3.3416999999999995e-5
31761,0.000845091,0.000800748,4.4342999999999965e-5
31772,8.95502e-5,Inf,Inf
31774,0.000145379,Inf,Inf
31852,0.000234003,0.000233687,3.1599999999998817e-7
31886,0.000511312,0.000477901,3.341100000000001e-5
31898,0.000377943,0.00036741,1.0533000000000016e-5
31903,0.0003564,0.000356295,1.0499999999997274e-7
31982,0.000756134,0.000755886,2.480000000000017e-7
31984,0.000822875,0.000777873,4.500200000000004e-5
32006,0.000100527,Inf,Inf
32008,0.00021147,0.000200881,1.0589000000000003e-5
32041,0.000478649,0.000456414,2.2235000000000006e-5
32052,0.000600039,0.000588905,1.1133999999999992e-5
32073,0.000156511,Inf,Inf
32074,0.000133642,0.000122906,1.0736000000000014e-5
32077,0.000233911,0.000233532,3.7900000000000433e-7
32110,0.000356373,0.000344968,1.1404999999999976e-5
32111,0.000389562,0.000389504,5.799999999999165e-8
32146,0.000134261,0.000123076,1.1184999999999982e-5
32172,0.000489602,0.000444579,4.502299999999999e-5
32206,0.000944858,0.000777963,0.00016689500000000002
32230,0.00108934,0.00104534,4.3999999999999985e-5
32243,0.000166994,0.000134026,3.2968e-5
32283,0.000167489,0.00016726,2.290000000000007e-7
32328,0.000467611,0.000422913,4.469799999999997e-5
32361,0.000711845,0.000689869,2.197600000000005e-5
32398,0.000422432,0.000389268,3.316399999999997e-5
32414,0.000133854,0.00013378,7.399999999999963e-8
32415,0.000100881,7.79376e-5,2.29434e-5
32416,0.00012252,0.000111814,1.0706000000000016e-5
32443,0.000200047,0.000189296,1.0750999999999979e-5
32460,0.000400082,0.000355769,4.4313000000000035e-5
32493,0.000100766,7.79775e-5,2.2788500000000007e-5
32498,7.8251e-5,Inf,Inf
32555,0.000789246,0.00073384,5.540599999999992e-5
32611,0.000400888,0.000378235,2.265300000000003e-5
32669,0.000467589,0.000456095,1.1494000000000022e-5
32682,0.000389873,0.000378136,1.1737e-5
32691,0.000400958,0.000378342,2.2615999999999988e-5
32702,0.00086682,0.00084522,2.1599999999999983e-5
32705,0.00087788,0.000789404,8.847600000000009e-5
32759,0.000522372,0.000489687,3.268499999999996e-5
32770,0.000389491,0.000389319,1.7199999999999768e-7
32772,0.000400831,0.000389816,1.1014999999999961e-5
32796,0.000133967,0.000122847,1.1119999999999988e-5
32797,0.000156091,0.000123058,3.3032999999999994e-5
32798,8.93025e-5,Inf,Inf
32800,0.000133522,Inf,Inf
32833,0.000445,0.000444796,2.0399999999995942e-7
32837,0.000445128,0.000444841,2.8699999999996523e-7
32839,0.000566893,0.000555644,1.124899999999996e-5
32845,0.000389506,0.000356295,3.3211000000000004e-5
32871,0.000111557,Inf,Inf
32875,0.000233458,0.00018975,4.3707999999999996e-5
32991,0.000934302,0.00088909,4.5211999999999987e-5
32993,0.000889785,0.000878431,1.1353999999999986e-5
33014,7.86504e-5,Inf,Inf
33017,0.000155716,0.000144486,1.1229999999999986e-5
33019,0.000100775,Inf,Inf
33024,0.000655772,0.000644856,1.0916000000000029e-5
33049,0.000178742,0.000145359,3.3383e-5
33050,0.00016678,0.000145214,2.156599999999999e-5
33051,0.000267198,0.000222508,4.469000000000001e-5
33094,7.78813e-5,Inf,Inf
33096,0.000145238,Inf,Inf
33097,0.000122785,0.000111436,1.1349000000000016e-5
33124,0.000156209,0.000133987,2.222200000000002e-5
33151,0.000756413,0.000755784,6.290000000000375e-7
33164,0.000134144,0.000123168,1.0975999999999998e-5
33233,0.000145406,0.000144624,7.820000000000071e-7
33234,0.000111174,Inf,Inf
33265,0.000256287,0.00023351,2.2777000000000002e-5
33305,0.000467578,0.000455595,1.1983000000000024e-5
33307,0.000355724,0.000334327,2.139700000000004e-5
33317,0.000144876,Inf,Inf
33399,0.000545166,0.000489495,5.5671000000000084e-5
33415,0.000400496,0.000400307,1.890000000000485e-7
33439,0.000156053,0.000134221,2.1832000000000004e-5
33475,0.000322856,0.000311113,1.1742999999999986e-5
33486,0.000422875,0.00041191,1.0965000000000042e-5
33488,0.000534182,0.00053341,7.720000000000123e-7
33512,0.000145129,Inf,Inf
33542,0.000422667,0.00038952,3.314699999999997e-5
33554,0.000378682,0.00036706,1.1621999999999978e-5
33579,0.000167063,0.000155707,1.1356000000000018e-5
33580,4.47356e-5,Inf,Inf
33588,0.000222717,0.000200355,2.2362e-5
33609,0.000478191,0.000467637,1.0553999999999967e-5
33620,0.000378525,0.000366762,1.1762999999999975e-5
33651,0.000111807,0.000100682,1.1125e-5
33697,0.000344686,0.000333702,1.0984000000000015e-5
33727,0.000178028,0.000166997,1.1030999999999997e-5
33728,0.000144711,0.000133656,1.1054999999999995e-5
33751,0.000911391,0.000833631,7.775999999999996e-5
33792,0.000122964,Inf,Inf
33824,0.000256253,0.000222694,3.355900000000001e-5
33842,0.000589719,0.000555831,3.388800000000004e-5
33854,0.000700112,0.00066692,3.319200000000003e-5
33859,0.000122897,Inf,Inf
33862,0.00016684,0.00013357,3.3269999999999985e-5
33867,0.000400876,0.000366941,3.3934999999999966e-5
33872,0.000711972,0.000711501,4.70999999999935e-7
33916,0.000756272,0.000723038,3.323400000000004e-5
33959,0.000211611,0.000189143,2.2468000000000016e-5
33960,0.000123175,7.85257e-5,4.464929999999999e-5
33996,0.000167434,Inf,Inf
33997,5.61273e-5,Inf,Inf
33998,0.000145314,0.000122893,2.2421000000000008e-5
34021,0.000156047,0.000145295,1.0751999999999995e-5
34061,7.86345e-5,7.83265e-5,3.0799999999999773e-7
34084,0.000389554,0.000389417,1.370000000000429e-7
34115,0.000167146,0.000134002,3.314399999999998e-5
34193,6.70263e-5,6.67561e-5,2.7019999999999616e-7
34194,0.000111871,0.000100212,1.1659000000000005e-5
34195,0.000155776,0.000100139,5.5636999999999996e-5
34210,0.001123,0.00103409,8.890999999999999e-5
34220,0.000223197,0.000212043,1.1154000000000009e-5
34233,0.00028901,0.000267485,2.152500000000005e-5
34305,0.000212029,0.000200923,1.1106000000000012e-5
34322,0.000533995,0.000522596,1.1399000000000045e-5
34343,0.000178382,0.00015579,2.259199999999999e-5
34345,0.000189849,Inf,Inf
34381,0.000456513,0.000411553,4.496000000000003e-5
34432,0.00012229,Inf,Inf
34434,0.000177875,0.000167491,1.0384000000000001e-5
34436,0.000100061,8.98479e-5,1.0213099999999999e-5
34439,0.000400842,0.000378725,2.2116999999999992e-5
34474,0.000445303,0.000444714,5.889999999999498e-7
34478,0.000444698,0.000423095,2.1602999999999976e-5
34482,0.000245366,0.00024465,7.159999999999979e-7
34507,0.000166777,0.000155958,1.0818999999999992e-5
34511,0.000189386,0.000167119,2.2266999999999995e-5
34562,0.00076727,0.000756402,1.0868000000000032e-5
34575,0.000111792,0.000100847,1.0944999999999998e-5
34578,0.000167512,7.84814e-5,8.903060000000001e-5
34639,4.46038e-5,Inf,Inf
34642,7.86092e-5,Inf,Inf
34644,0.000178736,Inf,Inf
34656,0.00120059,0.00105582,0.00014477
34686,0.000277922,0.00026758,1.034199999999999e-5
34697,0.0006561,0.000633874,2.2225999999999973e-5
34769,0.000122645,0.000100097,2.2548e-5
34833,0.000156483,0.00015579,6.930000000000152e-7
34836,0.000100218,Inf,Inf
34840,0.00036705,0.00035606,1.0990000000000002e-5
34900,0.000155742,0.000144635,1.1107e-5
34907,0.00083367,0.000756531,7.713900000000005e-5
34929,0.000145348,0.000122374,2.2974000000000014e-5
34938,0.000323029,0.000311799,1.123000000000004e-5
34945,0.000411955,0.000400745,1.1209999999999996e-5
34967,0.000123026,0.000100363,2.266300000000001e-5
34968,7.83886e-5,Inf,Inf
34969,0.000178753,Inf,Inf
34998,0.000511907,0.000433835,7.807200000000005e-5
35026,0.000967258,0.000955987,1.127099999999998e-5
35079,0.000533583,0.00051166,2.1922999999999973e-5
35085,0.000766784,0.000700079,6.670499999999991e-5
35107,0.00016756,0.000133859,3.3700999999999995e-5
35133,0.000800161,0.000778378,2.1782999999999937e-5
35138,0.000489562,0.000433788,5.5774000000000025e-5
35206,0.000855872,0.000822819,3.305300000000001e-5
35254,0.00100082,0.00100011,7.099999999999034e-7
35285,0.000211409,0.000178728,3.268100000000001e-5
35287,0.000289573,0.00028894,6.329999999999921e-7
35318,7.84121e-5,7.82743e-5,1.37800000000004e-7
35358,0.000322517,0.000322284,2.3299999999998235e-7
35365,0.000767427,0.000766749,6.780000000000501e-7
35381,0.000100738,0.000100479,2.589999999999987e-7
35385,0.000145351,0.000122365,2.2985999999999986e-5
35407,0.000511968,0.000367559,0.00014440900000000002
35413,0.000278308,0.000267305,1.100299999999999e-5
35443,0.000111413,Inf,Inf
35444,0.000100954,Inf,Inf
35449,0.000367358,0.000355685,1.1672999999999968e-5
35486,0.000234271,0.000234247,2.3999999999998415e-8
35554,0.000289072,0.000267649,2.1423000000000015e-5
35585,0.000122982,8.89748e-5,3.40072e-5
35590,8.96981e-5,Inf,Inf
35592,0.000200056,0.000155863,4.419299999999999e-5
35600,0.00103396,0.00103358,3.7999999999991166e-7
35621,0.000478107,0.000467061,1.1046000000000016e-5
35629,0.000278451,0.000267171,1.127999999999996e-5
35678,0.000200969,0.000178667,2.2302000000000004e-5
35687,0.000155743,0.000144735,1.1007999999999987e-5
35726,0.000123105,8.89748e-5,3.4130200000000014e-5
35729,0.000189116,0.000123151,6.5965e-5
35758,0.000233862,0.000200085,3.3777e-5
35769,0.000211465,0.000211359,1.0600000000001559e-7
35794,0.000111672,Inf,Inf
35832,0.000267362,0.000244923,2.2438999999999966e-5
35840,0.000178501,0.000112018,6.6483e-5
35876,0.000167384,0.000156363,1.1021000000000002e-5
35877,0.000145377,0.000134156,1.1221000000000007e-5
35879,0.000122283,Inf,Inf
35926,0.000555887,0.000555766,1.2100000000006203e-7
35939,0.00108909,0.000778264,0.00031082600000000005
35949,0.000745278,0.000723133,2.2145e-5
35974,0.000156363,0.000122786,3.3576999999999994e-5
35989,0.000156216,0.000156195,2.100000000000539e-8
36010,0.000145137,Inf,Inf
36014,0.000889391,0.000878646,1.0745000000000047e-5
36041,0.000489337,0.000478756,1.0580999999999958e-5
36045,0.000389753,0.000389247,5.059999999999982e-7
36064,0.000945118,0.000788919,0.00015619899999999999
36082,0.000167509,0.000122353,4.5156e-5
36085,8.90331e-5,Inf,Inf
36088,0.000155915,Inf,Inf
36111,0.000322791,0.000266999,5.5791999999999984e-5
36181,0.000289474,0.00026732,2.2154000000000032e-5
36182,0.000333964,0.000200153,0.000133811
36192,0.000700609,0.000700031,5.779999999999934e-7
36260,0.000300603,0.000289822,1.0780999999999963e-5
36268,0.000322803,0.000322284,5.18999999999986e-7
36291,0.00030067,0.000267206,3.346400000000003e-5
36309,0.00101188,0.00100073,1.1149999999999919e-5
36313,0.00102276,0.000967487,5.5273e-5
36369,0.000156075,0.000123189,3.288600000000001e-5
36372,0.00013376,0.00013363,1.299999999999869e-7
36438,0.000100444,Inf,Inf
36464,0.000434249,0.000400588,3.366099999999999e-5
36465,0.000188989,0.000178184,1.0805000000000016e-5
36493,0.000155752,8.91037e-5,6.66483e-5
36499,0.000822245,0.00081152,1.0724999999999949e-5
36524,0.000212018,0.000211744,2.739999999999774e-7
36549,0.000844991,0.00074482,0.00010017100000000003
36565,0.00115642,0.00112316,3.326000000000002e-5
36633,0.000166825,0.000145293,2.1531999999999996e-5
36644,0.00111111,0.00106754,4.356999999999994e-5
36664,0.000466972,0.000455851,1.1121000000000004e-5
36689,0.000878456,0.000856092,2.2363999999999978e-5
36702,0.000834216,0.000755754,7.846200000000006e-5
36745,0.000167317,0.000144551,2.2765999999999992e-5
36758,0.000155643,0.000145308,1.0334999999999988e-5
36769,0.000923095,0.000900668,2.2426999999999994e-5
36781,0.000200089,0.000167453,3.2636000000000004e-5
36785,0.000145367,0.00013343,1.1937000000000004e-5
36788,0.00014503,0.000111819,3.321100000000002e-5
36802,0.00117872,0.000956305,0.0002224150000000001
36832,0.00022316,0.000200355,2.280500000000001e-5
36855,0.000156332,0.000123188,3.3144000000000007e-5
36930,0.000178384,0.000166804,1.1579999999999994e-5
36944,0.00102316,0.00100066,2.249999999999995e-5
36961,0.000511215,0.000445114,6.6101e-5
37001,0.000189473,0.000178481,1.0992000000000006e-5
37018,0.000522525,0.000512099,1.0426000000000012e-5
37035,0.000211553,0.000200441,1.1112000000000025e-5
37056,0.00016764,8.91452e-5,7.849479999999999e-5
37072,0.00100048,0.00100008,4.000000000000097e-7
37092,0.000389834,0.000367204,2.2629999999999992e-5
37097,0.000311994,0.000289233,2.2760999999999994e-5
37099,0.000267227,0.000245274,2.1952999999999957e-5
37125,8.92867e-5,8.91895e-5,9.719999999999629e-8
37129,0.000155919,0.000155817,1.0200000000000682e-7
37146,0.000156086,Inf,Inf
37147,0.000123055,Inf,Inf
37162,0.000244501,0.000211246,3.325499999999999e-5
37164,0.000233749,0.000233577,1.7199999999999768e-7
37167,0.000177993,0.000134298,4.369499999999998e-5
37201,0.00102314,0.00100052,2.2620000000000105e-5
37230,0.000178255,0.000156279,2.1975999999999994e-5
37231,0.000133987,Inf,Inf
37232,0.000156202,0.000144954,1.1247999999999998e-5
37286,0.000378768,0.000377887,8.809999999999938e-7
37298,0.00014537,8.97636e-5,5.56064e-5
37302,0.000189663,0.000155759,3.390399999999999e-5
37318,0.000933524,0.000922538,1.0986000000000047e-5
37359,0.000200242,0.000178184,2.205800000000001e-5
37373,0.000111195,Inf,Inf
37395,0.000155672,0.000144972,1.0700000000000016e-5
37456,0.000289236,0.000266972,2.226400000000003e-5
37457,0.000156539,0.000122895,3.364399999999999e-5
37459,0.000178495,Inf,Inf
37461,0.000122323,0.000111852,1.0471000000000002e-5
37520,0.000100343,8.94162e-5,1.0926799999999998e-5
37544,0.000523195,0.000512108,1.1086999999999902e-5
37553,0.000278231,0.000267351,1.0880000000000004e-5
37612,0.000211136,0.000200071,1.1065000000000017e-5
37624,0.000111522,0.000100475,1.1046999999999991e-5
37648,0.000156524,0.0001338,2.2724000000000008e-5
37679,0.000223004,0.000222496,5.080000000000026e-7
37688,0.000267595,0.000267395,1.9999999999995065e-7
37691,0.000522504,0.000511748,1.0756000000000003e-5
37701,0.000833673,0.000777966,5.5707e-5
37711,5.62486e-5,Inf,Inf
37740,0.000222249,0.000189014,3.3235e-5
37780,0.000989571,0.000934161,5.5410000000000095e-5
37803,0.000345292,0.000345031,2.6099999999998954e-7
37816,0.000356196,0.000355768,4.279999999999627e-7
37825,0.000778572,0.000777818,7.540000000000541e-7
37840,0.000166978,Inf,Inf
37841,6.743e-5,5.58363e-5,1.1593699999999997e-5
37867,0.000444821,0.000433901,1.0919999999999984e-5
37872,0.000100057,Inf,Inf
37898,0.000711486,0.000689801,2.168500000000002e-5
37909,0.000123098,0.000122637,4.609999999999944e-7
37910,0.000156343,0.000100663,5.568000000000001e-5
37912,3.40475e-5,Inf,Inf
37914,0.000166687,0.000155817,1.087000000000001e-5
37950,0.000178165,0.000156395,2.1770000000000003e-5
37995,0.000911802,0.000900337,1.1465e-5
37999,0.000788945,0.000778389,1.0555999999999999e-5
38008,0.000245104,0.000189395,5.5709000000000005e-5
38013,0.000166861,0.000166842,1.9000000000001004e-8
38016,0.000134196,0.00010018,3.4015999999999994e-5
38018,0.000133909,Inf,Inf
38063,0.000122916,0.000122629,2.8699999999999234e-7
38093,0.000200272,0.000145147,5.5125e-5
38110,0.000556502,0.000500193,5.630899999999994e-5
38124,0.000422329,0.000389871,3.2457999999999966e-5
38147,6.68171e-5,Inf,Inf
38212,0.000300494,0.000300125,3.690000000000095e-7
38214,0.000100714,Inf,Inf
38217,0.000922635,0.000912007,1.062799999999994e-5
38231,0.000189408,0.00016698,2.242800000000001e-5
38262,0.00030024,0.000278301,2.1939000000000008e-5
38263,0.000178556,0.000166727,1.1828999999999984e-5
38281,0.00106672,0.000989579,7.714099999999997e-5
38361,0.000511115,0.000500988,1.0127000000000074e-5
38389,7.80951e-5,Inf,Inf
38390,7.819e-5,Inf,Inf
38392,0.000255877,0.000211968,4.3909000000000016e-5
38410,0.000222421,0.000178347,4.4073999999999985e-5
38415,0.000411693,0.000400721,1.0971999999999989e-5
38429,0.000200922,Inf,Inf
38432,0.000500887,0.000500107,7.800000000000298e-7
38456,0.000178588,0.000178471,1.1699999999999905e-7
38523,0.000944658,0.000878104,6.655400000000003e-5
38528,0.000200688,0.000145145,5.554299999999999e-5
38537,0.00032288,0.000311953,1.0926999999999985e-5
38554,0.000811922,0.000778575,3.334699999999998e-5
38572,0.000167505,0.000100831,6.6674e-5
38576,3.346e-5,Inf,Inf
38579,0.000212101,0.000211968,1.3300000000000703e-7
38609,0.000178297,0.000155561,2.2736000000000007e-5
38610,7.82092e-5,Inf,Inf
38637,0.000412049,0.00040002,1.202899999999999e-5
38668,0.000266701,0.000256453,1.0247999999999974e-5
38672,0.000422878,0.000389366,3.351200000000003e-5
38679,0.000334114,0.000311738,2.2376000000000004e-5
38690,0.00048901,0.000478044,1.0966000000000003e-5
38695,0.000845248,0.000811276,3.397200000000006e-5
38699,0.000789447,0.000678733,0.00011071399999999993
38709,0.000123141,0.000111865,1.1276000000000005e-5
38720,0.000923056,0.000811411,0.00011164500000000006
38737,0.000778428,0.000744579,3.384899999999997e-5
38747,0.00047861,0.000466964,1.1645999999999976e-5
38753,0.000100746,0.000100683,6.300000000000262e-8
38776,0.000156402,0.000100789,5.561300000000001e-5
38807,0.000189547,0.000189531,1.6000000000007978e-8
38808,0.000200801,0.000178347,2.2453999999999985e-5
38821,0.000456032,0.000445145,1.0887000000000006e-5
38861,0.000767098,0.000766735,3.6299999999996925e-7
38891,0.000223058,0.000211901,1.1157000000000002e-5
38921,0.000100574,7.79104e-5,2.2663599999999998e-5
38937,0.000978081,0.000967664,1.0416999999999978e-5
38949,0.00040025,0.000389581,1.0668999999999989e-5
39011,0.000244454,0.000211553,3.2901e-5
39039,0.000133583,0.000122731,1.0851999999999997e-5
39040,0.000167225,0.000156347,1.0878e-5
39058,0.000222443,0.000177788,4.4655e-5
39067,0.000122938,0.000111901,1.103700000000001e-5
39068,0.000178381,0.000145408,3.2973e-5
39072,0.000167338,0.000133507,3.383100000000001e-5
39074,0.000100761,8.95421e-5,1.1218900000000009e-5
39099,6.73488e-5,Inf,Inf
39100,0.000178371,0.000178034,3.3699999999999355e-7
39141,0.000156127,0.000155762,3.6500000000000074e-7
39144,0.000367302,0.000367158,1.439999999999905e-7
39154,0.000123179,Inf,Inf
39186,0.000145414,Inf,Inf
39212,0.000133399,Inf,Inf
39251,0.000133739,8.9338e-5,4.4400999999999984e-5
39253,0.000256511,0.000144931,0.00011158000000000001
39279,0.00014539,0.000145265,1.2499999999998949e-7
39281,0.00037863,0.000378602,2.8000000000007186e-8
39283,0.000522362,0.000400667,0.00012169499999999995
39284,0.000200807,0.000189713,1.1094000000000013e-5
39288,0.000167643,0.000166803,8.399999999999987e-7
39289,0.000145405,0.000133371,1.2034000000000014e-5
39301,0.000723218,0.000722661,5.569999999999881e-7
39304,0.000834309,0.000767333,6.697599999999995e-5
39310,0.000211491,0.000200128,1.136300000000002e-5
39311,3.43268e-5,Inf,Inf
39312,4.54243e-5,Inf,Inf
39366,0.000433696,0.000433415,2.810000000000334e-7
39401,0.00106731,0.00103431,3.2999999999999826e-5
39406,0.000733691,0.000689642,4.4049e-5
39420,6.697e-5,Inf,Inf
39429,0.000522282,0.000511971,1.0311000000000044e-5
39433,0.00103364,0.000800839,0.00023280099999999993
39441,0.000244789,0.000234267,1.0521999999999978e-5
39444,0.00014469,0.000122468,2.222199999999999e-5
39479,0.000156179,0.000122711,3.3467999999999985e-5
39480,0.000133902,0.000123007,1.0894999999999996e-5
39486,0.000588956,0.000567324,2.1631999999999945e-5
39521,0.00101197,0.00101188,9.000000000011603e-8
39529,0.000178461,0.000133792,4.4669e-5
39535,0.000211486,0.000189464,2.2021999999999987e-5
39536,0.00014473,0.000123187,2.1543000000000007e-5
39562,0.000134006,0.000122793,1.1212999999999989e-5
39565,0.000123093,0.000122486,6.070000000000164e-7
39598,0.000233741,0.000166708,6.703300000000001e-5
39604,0.000189412,0.000178285,1.112699999999999e-5
39615,0.000734182,0.000711451,2.273100000000001e-5
39626,0.000234321,Inf,Inf
39649,0.000167113,0.000156077,1.1036000000000021e-5
39656,0.000478149,0.000478072,7.699999999996555e-8
39666,0.000211569,0.0002113,2.6899999999998e-7
39708,0.000222475,0.000211424,1.1051000000000013e-5
39743,0.000133992,Inf,Inf
39748,0.000111978,0.000111249,7.289999999999993e-7
39778,0.000122314,Inf,Inf
39798,0.00065575,0.000645315,1.0434999999999937e-5
39811,0.000411579,0.000400621,1.095800000000004e-5
39829,0.000145116,0.000145009,1.0700000000000423e-7
39854,0.000400335,0.000378554,2.178099999999996e-5
39860,0.000100484,6.7183e-5,3.3301e-5
39880,0.00100097,0.000955721,4.524899999999992e-5
39896,0.000133731,0.000123007,1.0723999999999987e-5
39898,0.000155786,Inf,Inf
39900,0.000522653,0.000500107,2.2546000000000024e-5
39918,0.000411445,0.000389612,2.1832999999999965e-5
39928,3.40426e-5,Inf,Inf
39935,0.000978624,0.000945121,3.350299999999994e-5
39945,0.000178645,Inf,Inf
39956,0.000234137,0.000222242,1.189500000000002e-5
39957,0.000178682,0.000178025,6.569999999999905e-7
39963,0.000400136,0.00040009,4.599999999996534e-8
39971,0.000100405,7.79104e-5,2.2494599999999993e-5
39976,0.000133468,0.000100756,3.271200000000001e-5
40001,0.000144913,0.000123024,2.1889000000000007e-5
40011,0.000433912,0.000422609,1.1302999999999997e-5
40012,0.000256447,0.00024502,1.1426999999999997e-5
40018,0.000222511,Inf,Inf
40020,0.000144596,Inf,Inf
40022,0.000100507,Inf,Inf
40054,6.71905e-5,Inf,Inf
40056,0.000156302,0.000155615,6.870000000000021e-7
40058,0.000144761,Inf,Inf
40088,0.000111798,Inf,Inf
40093,0.00047876,0.000466673,1.2086999999999981e-5
40117,0.000166853,0.000156113,1.0740000000000023e-5
40183,0.000312045,0.00025609,5.5955e-5
40213,0.000145178,0.000133468,1.1710000000000008e-5
40217,0.000123004,Inf,Inf
40237,0.000100272,Inf,Inf
40239,0.000111272,Inf,Inf
40251,0.00107831,0.00105577,2.2540000000000147e-5
40276,0.000245158,0.000211659,3.3498999999999985e-5
40284,0.000411235,0.00040048,1.0754999999999988e-5
40314,0.000389232,0.000367662,2.157e-5
40346,0.000223083,0.00018929,3.379300000000001e-5
40363,0.000145246,0.000133374,1.1872000000000011e-5
40364,0.000122389,Inf,Inf
40370,0.000800822,0.000800526,2.959999999999985e-7
40379,0.000100178,Inf,Inf
40412,0.000266823,0.000211338,5.548500000000003e-5
40414,0.000122417,Inf,Inf
40415,0.000145289,0.000133815,1.1474000000000006e-5
40444,0.000133443,0.000112003,2.1439999999999984e-5
40485,0.000122697,0.000100891,2.1806000000000014e-5
40487,0.000256503,0.000133557,0.000122946
40488,0.00017778,0.000167576,1.0203999999999986e-5
40515,0.000623176,0.000622727,4.490000000000223e-7
40516,0.000622944,0.000611765,1.1178999999999942e-5
40522,0.000156178,0.000156113,6.500000000002055e-8
40570,0.000722349,0.000656207,6.614199999999994e-5
40594,0.000245405,0.000245097,3.0800000000002483e-7
40622,0.000500564,0.000455697,4.4866999999999975e-5
40625,0.000389413,0.000378475,1.0937999999999996e-5
40657,0.00015639,Inf,Inf
40673,0.00110025,0.00105648,4.377000000000005e-5
40711,0.000111978,Inf,Inf
40749,0.000133759,0.00011204,2.1719e-5
40837,8.98423e-5,8.94873e-5,3.550000000000059e-7
40838,0.000100073,Inf,Inf
40871,0.000100837,7.79819e-5,2.285509999999999e-5
40872,0.000122699,8.91551e-5,3.354390000000001e-5
40876,0.000145312,Inf,Inf
40886,0.000922995,0.000922957,3.800000000005622e-8
40900,0.000377892,0.000366984,1.0908000000000011e-5
40909,0.00118898,0.00113404,5.494000000000007e-5
40928,0.000122597,0.00011191,1.0687000000000001e-5
40940,0.000889438,0.000878482,1.0956000000000008e-5
40954,8.98468e-5,6.75412e-5,2.23056e-5
40972,0.00113371,0.00111208,2.1629999999999913e-5
40988,0.000378079,0.000355637,2.2442000000000013e-5
40991,0.000223065,0.000200153,2.2911999999999987e-5
41021,0.000145095,8.89232e-5,5.61718e-5
41023,0.000133991,0.000133814,1.7699999999999509e-7
41050,0.00010052,Inf,Inf
41051,0.000211669,0.00021126,4.089999999999888e-7
41076,0.000878062,0.000811454,6.660800000000001e-5
41113,0.000500913,0.000333843,0.00016706999999999996
41120,8.98175e-5,8.91551e-5,6.624000000000023e-7
41240,0.000189291,Inf,Inf
41245,0.000200595,0.000156065,4.453000000000001e-5
41265,0.000178204,0.000100201,7.8003e-5
41288,0.000366732,0.000356021,1.0711e-5
41297,0.000189848,0.000167157,2.2691000000000003e-5
41325,7.83558e-5,Inf,Inf
41328,7.83153e-5,Inf,Inf
41367,0.000155907,0.000100394,5.5512999999999995e-5
41375,0.000700913,0.000667112,3.380099999999997e-5
41403,0.00010078,Inf,Inf
41406,0.000111803,0.000111326,4.770000000000024e-7
41410,0.000423218,0.000400952,2.2266000000000007e-5
41411,0.000456026,0.000411814,4.4212000000000016e-5
41433,8.89395e-5,Inf,Inf
41443,0.000122562,0.000100949,2.1612999999999998e-5
41447,0.000155606,Inf,Inf
41505,0.000433981,0.000422398,1.1583000000000014e-5
41531,0.000145323,0.000133442,1.188099999999999e-5
41533,0.000177909,0.000133389,4.451999999999999e-5
41534,0.000100953,Inf,Inf
41535,0.000267609,0.000222313,4.529599999999998e-5
41556,0.00021124,0.000189756,2.1484e-5
41559,0.000455979,0.000345093,0.00011088600000000004
41605,6.74034e-5,Inf,Inf
41606,4.46834e-5,Inf,Inf
41610,0.000433668,0.00042295,1.0718000000000001e-5
41612,0.000478496,0.000477951,5.45000000000016e-7
41621,0.000178074,0.000177982,9.199999999998489e-8
41625,8.92003e-5,7.79819e-5,1.1218399999999987e-5
41649,0.000600923,0.000589654,1.126899999999995e-5
41654,0.000145006,0.000111115,3.389099999999999e-5
41684,8.94881e-5,Inf,Inf
41685,0.00011177,Inf,Inf
41687,0.000144824,0.000144496,3.2799999999998737e-7
41689,0.000178374,0.000167254,1.1119999999999988e-5
41733,0.000289844,0.000289642,2.0199999999998214e-7
41734,0.000111679,8.89795e-5,2.2699500000000002e-5
41742,0.000700288,0.000689271,1.1016999999999993e-5
41756,0.00012266,0.000111514,1.1145999999999991e-5
41757,0.000111403,Inf,Inf
41781,0.00034541,0.000345199,2.1099999999996122e-7
41800,0.000800732,0.000778681,2.2050999999999928e-5
41820,0.000100741,Inf,Inf
41822,8.89378e-5,6.67528e-5,2.2184999999999992e-5
41824,5.59379e-5,Inf,Inf
41825,0.000134246,0.000133875,3.710000000000139e-7
41866,0.000989711,0.000978332,1.1379000000000163e-5
41882,0.000133696,0.000111441,2.2254999999999983e-5
41883,0.000255895,0.000177937,7.795800000000001e-5
41913,0.000133743,0.000122995,1.0747999999999986e-5
41951,0.00115613,0.00105602,0.00010011000000000004
41968,0.00035629,0.000356154,1.3599999999997295e-7
41976,7.77915e-5,Inf,Inf
42004,0.000100667,8.95303e-5,1.1136700000000005e-5
42040,0.000167365,0.00015634,1.1024999999999983e-5
42041,0.000122881,0.000111155,1.1726000000000003e-5
42044,0.000156308,Inf,Inf
42094,0.000344958,0.00030062,4.433800000000005e-5
42106,0.000145175,0.000122923,2.2252000000000003e-5
42161,0.000178438,Inf,Inf
42162,0.000144563,Inf,Inf
42221,0.000155858,0.000134003,2.1855000000000014e-5
42247,0.000133383,0.000122443,1.094e-5
42258,0.00103423,0.00103391,3.199999999998343e-7
42266,0.000412104,0.000411187,9.170000000000185e-7
42272,0.000100819,7.81365e-5,2.268249999999999e-5
42273,0.000167478,Inf,Inf
42274,8.96647e-5,Inf,Inf
42280,0.000211921,0.000133343,7.857800000000002e-5
42294,0.000167225,0.000133933,3.3292000000000006e-5
42300,0.00026741,0.000211126,5.628399999999998e-5
42315,0.000889818,0.000878607,1.1211000000000012e-5
42320,0.000245245,0.000245171,7.400000000002674e-8
42352,0.000578767,0.000545113,3.365400000000004e-5
42357,0.000111445,Inf,Inf
42402,0.00110038,0.00084484,0.00025553999999999996
42428,0.0011892,0.00104477,0.00014443000000000008
42443,0.000545063,0.000533634,1.1429000000000083e-5
42447,0.000278403,0.000278211,1.9199999999998732e-7
42449,0.000367658,0.000334312,3.334599999999996e-5
42453,0.000188998,0.000155891,3.310700000000002e-5
42455,4.45709e-5,Inf,Inf
42474,0.000156274,0.000156043,2.3100000000000507e-7
42475,0.000167015,0.00013389,3.3125000000000006e-5
42476,0.000145006,0.000144458,5.479999999999819e-7
42500,0.000100636,Inf,Inf
42522,0.000678318,0.000666945,1.1373000000000069e-5
42524,0.000822776,0.000789107,3.366899999999995e-5
42541,7.87505e-5,7.83923e-5,3.581999999999994e-7
42547,0.000467304,0.000466737,5.669999999999829e-7
42569,0.000189758,0.00014465,4.5108e-5
42575,0.000178152,0.000167575,1.0577000000000004e-5
42577,0.00017781,Inf,Inf
42578,0.000166679,0.000112083,5.4596000000000004e-5
42602,8.92802e-5,Inf,Inf
42668,0.000122569,0.000100774,2.1795000000000004e-5
42669,8.97694e-5,Inf,Inf
42689,0.000289791,0.000222585,6.720600000000002e-5
42692,0.000200765,0.00017849,2.2274999999999986e-5
42696,0.000144536,0.000123072,2.146400000000001e-5
42704,0.000845433,0.000822522,2.2911000000000025e-5
42715,0.000133904,0.000122989,1.0915000000000013e-5
42718,0.000245106,0.000222754,2.235199999999998e-5
42719,0.00026725,0.00025597,1.1280000000000014e-5
42768,0.000156416,0.000100225,5.619099999999999e-5
42772,6.70616e-5,Inf,Inf
42799,0.000367234,0.000300396,6.6838e-5
42805,0.000155568,0.000111822,4.3746e-5
42826,6.67967e-5,Inf,Inf
42853,8.95685e-5,5.59079e-5,3.36606e-5
42860,0.000111762,8.94781e-5,2.22839e-5
42861,0.000211518,0.000211333,1.8500000000001263e-7
42864,0.000222903,Inf,Inf
42891,0.000322361,0.000277853,4.4508000000000015e-5
42925,0.000356345,0.000345299,1.1046000000000016e-5
42929,0.000233752,0.000222943,1.0808999999999998e-5
42934,0.000134126,0.000133883,2.430000000000043e-7
42935,8.94133e-5,Inf,Inf
42986,0.000244584,0.000233508,1.1076e-5
42995,0.000133612,8.89143e-5,4.469769999999999e-5
43000,0.000144953,0.000144919,3.399999999999324e-8
43061,0.000166936,0.000145277,2.165899999999999e-5
43081,0.000133597,0.000122689,1.0908000000000011e-5
43082,0.000167608,0.000112069,5.5539e-5
43113,8.91367e-5,Inf,Inf
43114,0.000155987,Inf,Inf
43118,0.000278728,0.000245383,3.3345e-5
43142,0.000145138,0.000144849,2.889999999999967e-7
43197,0.000133727,Inf,Inf
43198,3.3917e-5,Inf,Inf
43199,6.71573e-5,Inf,Inf
43215,0.000278637,0.000255798,2.2838999999999976e-5
43218,0.000411615,0.000411301,3.140000000000109e-7
43227,0.000167286,0.000155625,1.1660999999999996e-5
43239,0.000745006,0.000733688,1.1317999999999962e-5
43248,0.000133919,0.000111918,2.200100000000001e-5
43249,0.000133745,0.000122303,1.144199999999999e-5
43251,0.000234289,0.000223039,1.1250000000000002e-5
43285,0.000333961,0.000322366,1.159500000000004e-5
43287,0.00013362,0.000111594,2.202600000000001e-5
43294,0.000234196,0.000222291,1.1904999999999989e-5
43295,0.000133665,0.000100399,3.326599999999999e-5
43301,0.000122382,0.000100319,2.206300000000001e-5
43302,0.000200122,0.000178665,2.1457000000000008e-5
43348,0.000900891,0.0008229,7.799100000000002e-5
43353,0.000122628,8.92853e-5,3.33427e-5
43357,0.000145006,7.78326e-5,6.717339999999999e-5
43388,0.000144909,0.000100001,4.490800000000001e-5
43420,0.000200406,0.000189647,1.0758999999999996e-5
43437,0.00068898,0.000656499,3.2481e-5
43441,0.000423067,0.000389607,3.346000000000002e-5
43444,0.000188977,0.000177912,1.1065000000000017e-5
43470,0.000167412,0.00016721,2.0200000000000925e-7
43472,0.000267015,0.000256102,1.0912999999999982e-5
43474,0.00030071,0.000300512,1.9799999999997337e-7
43481,0.00016718,0.000111361,5.5819e-5
43484,0.000134182,0.000122766,1.1415999999999987e-5
43507,8.91379e-5,7.86043e-5,1.0533600000000004e-5
43539,0.000245246,7.79228e-5,0.0001673232
43542,0.000167051,0.000122702,4.4349000000000005e-5
43543,0.000134107,0.000122599,1.1507999999999999e-5
43556,0.000289596,0.000289006,5.899999999999656e-7
43558,0.000123133,0.000100672,2.2460999999999987e-5
43560,0.000334286,0.000334042,2.439999999999929e-7
43579,7.87732e-5,Inf,Inf
43586,6.67888e-5,Inf,Inf
43615,0.00112247,0.00106691,5.556000000000007e-5
43638,0.000378201,0.000345299,3.290200000000002e-5
43640,0.000134094,0.000100304,3.379e-5
43660,0.000100294,Inf,Inf
43661,0.000144797,0.000134282,1.0515000000000004e-5
43694,0.000134317,0.000111368,2.2949000000000014e-5
43725,0.0001786,Inf,Inf
43758,0.000244712,0.000244611,1.0100000000001818e-7
43761,0.000233494,0.000222344,1.115e-5
43808,0.000433884,0.000389081,4.4803e-5
43809,0.000245301,0.000167218,7.8083e-5
43816,0.000223117,0.000222528,5.89000000000004e-7
43838,0.000133576,0.000133373,2.029999999999979e-7
43839,0.000134219,Inf,Inf
43862,0.00012304,0.000122327,7.129999999999778e-7
43865,0.000178221,0.000167644,1.0577000000000004e-5
43913,0.000100915,Inf,Inf
43916,0.000300239,0.000289653,1.0585999999999983e-5
43926,6.7447e-5,Inf,Inf
43928,0.000255759,0.000234089,2.167e-5
43945,0.000677835,0.000656512,2.132299999999996e-5
43951,0.000123071,0.000122303,7.679999999999764e-7
43974,0.000289288,0.000289212,7.600000000000402e-8
43980,0.0002892,0.000267509,2.1691000000000006e-5
44000,0.000467417,0.000433508,3.390899999999999e-5
44038,0.0002339,0.000211135,2.2765000000000003e-5
44040,0.000200814,0.000166752,3.4062000000000014e-5
44043,0.000133642,Inf,Inf
44059,0.000155975,0.000133475,2.2500000000000005e-5
44060,0.00012321,8.91766e-5,3.4033400000000005e-5
44062,0.000122839,0.000122439,3.999999999999826e-7
44098,0.000145354,0.000111927,3.342699999999999e-5
44099,0.000167564,8.9543e-5,7.8021e-5
44128,7.87235e-5,7.82299e-5,4.936000000000117e-7
44142,0.0011007,0.00108977,1.0929999999999924e-5
44153,0.000300766,0.000289204,1.1562000000000009e-5
44157,0.000278682,0.000255631,2.3051000000000007e-5
44164,0.000200723,Inf,Inf
44188,0.000234042,0.000233817,2.2500000000001902e-7
44214,0.000333897,0.000311413,2.248399999999997e-5
44216,0.000300281,0.000289653,1.0627999999999994e-5
44221,0.000666912,0.000634236,3.267599999999993e-5
44225,0.000655803,0.000611735,4.406800000000008e-5
44238,0.000278632,0.0002336,4.5032e-5
44243,0.000122315,0.000112069,1.024600000000001e-5
44256,0.0010676,0.00105655,1.1049999999999862e-5
44271,0.00015616,0.000134251,2.1908999999999996e-5
44274,8.95855e-5,Inf,Inf
44281,0.0001565,Inf,Inf
44327,0.000112106,8.95352e-5,2.2570799999999997e-5
44335,0.000400542,0.000389347,1.1194999999999977e-5
44336,0.000389616,0.000389461,1.5500000000000106e-7
44357,0.000900239,0.000856199,4.404000000000007e-5
44363,0.000166733,Inf,Inf
44365,0.000111911,8.97173e-5,2.2193700000000004e-5
44392,0.000100172,Inf,Inf
44393,0.000200052,0.00016743,3.2622e-5
44411,8.94666e-5,Inf,Inf
44415,0.00110081,0.00105639,4.442000000000009e-5
44437,0.000144526,0.00012259,2.1935999999999988e-5
44440,0.000101,0.000100433,5.669999999999964e-7
44444,0.000112101,6.71176e-5,4.49834e-5
44452,0.000611614,0.000611187,4.2700000000000116e-7
44506,0.000144969,Inf,Inf
44521,0.000956077,0.000933938,2.2138999999999904e-5
44530,6.68058e-5,5.61017e-5,1.0704099999999998e-5
44531,8.90597e-5,Inf,Inf
44563,0.000100517,7.78013e-5,2.2715699999999997e-5
44580,0.000211799,0.000156093,5.570600000000001e-5
44581,0.000189883,Inf,Inf
44607,0.000867439,0.000789628,7.7811e-5
44624,0.000211132,0.000200027,1.1104999999999996e-5
44677,7.86037e-5,7.85468e-5,5.6899999999996016e-8
44683,0.000222875,0.00022223,6.450000000000184e-7
44686,0.000178401,0.000155655,2.2745999999999975e-5
44705,0.00028987,0.000267646,2.2223999999999996e-5
44707,0.000144582,8.9079e-5,5.5503e-5
44708,0.000400807,0.000400764,4.2999999999972314e-8
44740,0.000122685,8.90917e-5,3.359330000000001e-5
44751,0.000978576,0.000912032,6.654400000000009e-5
44764,0.000156498,0.000145136,1.1362000000000004e-5
44767,0.000200966,0.00017804,2.2926000000000017e-5
44785,0.000167119,0.00014523,2.1889000000000007e-5
44795,0.00013413,0.000133988,1.419999999999861e-7
44823,0.000123189,0.000122806,3.830000000000131e-7
44825,3.3984e-5,Inf,Inf
44842,0.000233744,0.000223149,1.0595000000000016e-5
44845,0.000300937,0.000278745,2.219199999999998e-5
44851,0.000122432,0.000111186,1.1246000000000007e-5
44852,0.000111595,Inf,Inf
44853,0.000200166,0.000167442,3.272400000000001e-5
44875,0.000144789,0.000111138,3.365100000000001e-5
44892,0.000122999,Inf,Inf
44894,0.000267088,0.000244787,2.2301000000000016e-5
44898,0.000289253,0.000245248,4.400500000000001e-5
44903,0.00012236,0.000100831,2.152899999999999e-5
44905,0.000122317,Inf,Inf
44921,0.000111614,Inf,Inf
44922,8.89512e-5,7.85539e-5,1.0397299999999996e-5
44931,0.000956042,0.000945312,1.0730000000000028e-5
44938,0.00120045,0.000945081,0.0002553690000000001
44947,6.73223e-5,Inf,Inf
44954,0.000144962,0.000133806,1.1155999999999986e-5
44955,0.000100512,Inf,Inf
45002,8.95625e-5,8.94525e-5,1.0999999999999725e-7
45021,0.000334025,0.000322661,1.1363999999999981e-5
45054,0.00018896,0.000167543,2.1417000000000002e-5
45055,0.000134155,0.000133573,5.820000000000022e-7
45056,0.000133794,0.000123058,1.0735999999999987e-5
45057,0.000112093,0.000100408,1.1684999999999994e-5
45059,0.000100811,8.91583e-5,1.1652699999999998e-5
45064,0.000589637,0.000567621,2.201599999999992e-5
45090,0.000122924,8.97961e-5,3.3127900000000005e-5
45119,0.000178264,0.000144971,3.3292999999999994e-5
45120,0.000178657,Inf,Inf
45122,0.000100424,6.75925e-5,3.2831500000000006e-5
45169,0.000189308,0.000155794,3.3514000000000005e-5
45170,0.000211892,0.000200271,1.1621000000000016e-5
45176,0.000166785,0.000133757,3.3027999999999996e-5
45177,0.000200883,0.00017855,2.2333000000000005e-5
45231,0.000155941,0.000144653,1.1287999999999977e-5
45254,7.80547e-5,Inf,Inf
45292,0.000167623,0.0001232,4.442299999999998e-5
45298,0.000144735,Inf,Inf
45308,0.000989753,0.000889027,0.00010072599999999988
45370,7.84176e-5,6.71205e-5,1.1297100000000004e-5
45407,0.000822885,0.000745207,7.767799999999997e-5
45417,0.000167508,0.000123219,4.428900000000001e-5
45460,0.00018907,0.000178482,1.0588000000000015e-5
45462,0.00011163,Inf,Inf
45483,0.00018954,0.00015637,3.317000000000001e-5
45486,0.000167648,Inf,Inf
45518,0.000155902,0.000144972,1.0930000000000005e-5
45521,0.000167594,0.000155786,1.1808000000000006e-5
45522,8.94273e-5,Inf,Inf
45524,0.000111139,Inf,Inf
45525,0.000133492,7.78618e-5,5.563020000000001e-5
45543,0.000134229,6.7301e-5,6.692800000000001e-5
45544,8.98103e-5,Inf,Inf
45566,0.000178453,0.000133646,4.4807000000000007e-5
45572,0.000233816,0.000222935,1.0880999999999993e-5
45573,0.000167129,0.000144684,2.244499999999998e-5
45576,0.000233862,Inf,Inf
45578,0.000122598,Inf,Inf
45619,0.000777841,0.000767136,1.0705000000000068e-5
45633,0.000145285,0.000122335,2.294999999999999e-5
45634,0.000156355,0.000100156,5.619900000000001e-5
45647,0.000211737,0.000167087,4.465e-5
45650,0.000167356,0.000134179,3.3176999999999984e-5
45674,0.000111422,Inf,Inf
45711,0.000144723,0.000122938,2.1784999999999996e-5
45717,0.000123031,0.000111939,1.1092000000000008e-5
45718,0.000211792,0.000188962,2.2829999999999997e-5
45719,0.000234134,0.000211733,2.240099999999999e-5
45729,0.00092281,0.000889274,3.3536000000000026e-5
45740,0.000111528,0.000100479,1.1048999999999995e-5
45750,0.000944926,0.00091176,3.3166000000000055e-5
45758,0.000144711,Inf,Inf
45770,0.000122405,0.000100509,2.1895999999999995e-5
45793,0.000111199,Inf,Inf
45799,0.000900976,0.000867287,3.368899999999994e-5
45815,0.000278171,0.000200251,7.792000000000001e-5
45828,0.000178587,0.000177874,7.129999999999778e-7
45830,0.000123221,Inf,Inf
45831,7.87068e-5,Inf,Inf
45845,0.000178407,0.000178286,1.2100000000000782e-7
45871,0.000255713,0.000189413,6.630000000000001e-5
45890,0.000133568,0.000133386,1.819999999999925e-7
45909,0.000145113,Inf,Inf
45917,0.000133689,0.000111365,2.2323999999999985e-5
45925,0.000100809,Inf,Inf
45926,0.000134037,0.000133738,2.9899999999999155e-7
45928,7.86064e-5,5.57278e-5,2.28786e-5
45946,0.000978128,0.000966801,1.1326999999999995e-5
45954,0.000167017,0.000144822,2.2195e-5
45973,0.000555571,0.000545278,1.0293000000000086e-5
45976,0.000233741,0.000189404,4.4337000000000006e-5
45980,0.000233356,0.000211582,2.1773999999999985e-5
45996,0.000878007,0.000856464,2.1542999999999953e-5
46018,0.000744647,0.000723028,2.1618999999999957e-5
46030,0.000334077,0.000300863,3.3214e-5
46034,0.000178102,0.000133733,4.4368999999999995e-5
46073,0.000189183,0.00015637,3.2813e-5
46076,0.000122827,0.000111484,1.134299999999999e-5
46096,0.00013397,0.000133375,5.949999999999901e-7
46099,0.000145179,0.000134021,1.115799999999999e-5
46146,0.000489086,0.000311215,0.00017787100000000002
46154,0.000100928,8.92881e-5,1.163990000000001e-5
46162,0.000833606,0.000800681,3.2924999999999946e-5
46171,0.000100731,Inf,Inf
46174,0.000188989,0.000178042,1.0947000000000002e-5
46210,0.000411938,0.00032228,8.9658e-5
46215,0.000100648,6.70754e-5,3.35726e-5
46243,0.000223023,0.000189743,3.328000000000001e-5
46258,0.000266814,0.000212059,5.475499999999997e-5
46259,0.000156276,0.000145322,1.0954000000000004e-5
46260,0.000155843,0.000111797,4.404599999999999e-5
46265,0.00016764,8.92193e-5,7.842069999999999e-5
46269,0.000200167,0.000134197,6.597000000000002e-5
46286,4.52221e-5,Inf,Inf
46287,7.82704e-5,6.69983e-5,1.127209999999999e-5
46290,6.68797e-5,Inf,Inf
46316,0.000212106,0.000178309,3.379699999999999e-5
46330,0.000245295,0.000233879,1.1415999999999987e-5
46337,0.000222765,0.000200011,2.275400000000002e-5
46341,0.000867226,0.000833848,3.337800000000003e-5
46356,0.000522879,0.000500608,2.2270999999999923e-5
46385,0.000167232,0.000145148,2.2083999999999987e-5
46404,0.0001453,0.000133737,1.1562999999999998e-5
46432,0.000334133,0.000333742,3.9100000000003065e-7
46448,0.000689433,0.000623108,6.6325e-5
46453,0.000100781,Inf,Inf
46489,0.000467268,0.000444699,2.2569000000000007e-5
46494,0.000134296,Inf,Inf
46495,0.000178644,0.000156155,2.2488999999999994e-5
46496,0.000178691,0.000178203,4.880000000000129e-7
46519,8.94435e-5,Inf,Inf
46556,0.000222989,0.000211641,1.1348e-5
46559,0.000134199,Inf,Inf
46563,0.000155776,Inf,Inf
46580,0.00103335,0.000867279,0.00016607099999999995
46615,0.000166911,Inf,Inf
46626,6.7503e-5,Inf,Inf
46633,0.000166832,Inf,Inf
46655,0.000100777,Inf,Inf
46659,0.000878231,0.000855654,2.257700000000008e-5
46676,0.000389527,0.000356094,3.343300000000003e-5
46678,0.0002895,0.000211641,7.7859e-5
46717,0.000122756,0.000111452,1.1303999999999985e-5
46772,0.000134289,Inf,Inf
46815,0.000223042,0.000211663,1.1379e-5
46821,0.000123116,0.000100287,2.2828999999999994e-5
46823,0.000166979,0.000166966,1.2999999999987848e-8
46824,0.000100814,Inf,Inf
46829,0.000178612,0.000178425,1.8700000000001701e-7
46851,0.000211615,0.00021139,2.2500000000001902e-7
46852,0.0001895,0.000178295,1.1204999999999999e-5
46853,6.71716e-5,Inf,Inf
46871,0.000244642,0.000222278,2.2364000000000005e-5
46879,0.000111177,8.91584e-5,2.2018599999999993e-5
46880,0.000145339,0.000133937,1.140200000000001e-5
46885,0.00033372,0.000311915,2.1805000000000012e-5
46902,0.000489834,0.000488983,8.509999999999551e-7
46906,0.000111875,0.000111234,6.409999999999961e-7
46907,0.000144618,Inf,Inf
46918,0.0010676,0.00103387,3.372999999999983e-5
46923,0.000789829,0.000778314,1.1515000000000028e-5
46930,0.000122532,0.000100215,2.231700000000001e-5
46941,0.000278248,0.000212111,6.6137e-5
46944,0.000178058,0.000177832,2.2600000000000766e-7
46947,0.000144921,0.000111617,3.3304000000000005e-5
46948,7.79867e-5,Inf,Inf
46954,0.000100512,Inf,Inf
46955,0.00013416,0.000123132,1.1028000000000004e-5
46957,0.000233936,0.000222655,1.1281000000000003e-5
46977,0.000133435,0.000122773,1.0661999999999987e-5
46979,7.84494e-5,Inf,Inf
46980,0.000233426,0.000178679,5.474700000000001e-5
46983,0.000867236,0.000811896,5.533999999999997e-5
47005,0.000123186,0.000122496,6.900000000000222e-7
47028,0.000111833,0.000100379,1.1454000000000002e-5
47030,0.000167626,Inf,Inf
47065,0.000145411,0.000145253,1.5799999999999408e-7
47117,0.000200071,0.000167586,3.2484999999999985e-5
47122,0.00035653,0.000355582,9.479999999999645e-7
47125,5.591e-5,Inf,Inf
47127,7.84125e-5,Inf,Inf
47143,0.000911675,0.000900329,1.1346000000000077e-5
47153,0.000945088,0.000923205,2.1882999999999994e-5
47158,0.000789578,0.000789342,2.360000000000296e-7
47183,0.000888995,0.000877895,1.1099999999999999e-5
47200,0.000167115,Inf,Inf
47218,0.000844455,0.000823128,2.132700000000002e-5
47227,0.000122419,0.00011155,1.0868999999999994e-5
47231,0.000144596,0.000122995,2.1601e-5
47234,0.00010093,0.000100325,6.049999999999984e-7
47256,6.70039e-5,Inf,Inf
47288,0.000377852,0.000366856,1.0995999999999988e-5
47292,0.000111685,Inf,Inf
47296,0.000144513,0.000122707,2.1806e-5
47298,0.000322959,0.000322611,3.480000000000041e-7
47321,0.000478188,0.000478059,1.2899999999997115e-7
47340,0.000178393,0.000156035,2.235799999999999e-5
47341,0.00032306,0.000211663,0.000111397
47351,8.97123e-5,8.90699e-5,6.423999999999991e-7
47381,0.000189382,0.000189055,3.2699999999999873e-7
47396,0.000867265,0.000867081,1.8399999999996978e-7
47402,0.00024485,0.000234036,1.0814000000000022e-5
47403,8.93706e-5,Inf,Inf
47404,0.000145058,0.000144558,4.99999999999985e-7
47457,0.000267119,0.000256435,1.0684000000000008e-5
47458,0.000112,Inf,Inf
47460,0.000200221,Inf,Inf
47486,0.000255902,0.000233953,2.194900000000003e-5
47489,7.80132e-5,Inf,Inf
47509,0.000267132,0.000233814,3.331800000000001e-5
47517,0.000111255,Inf,Inf
47518,0.000144659,0.000133904,1.0754999999999988e-5
47522,0.000156246,0.000133874,2.2371999999999995e-5
47530,0.000878203,0.000878141,6.200000000000042e-8
47576,0.000322424,0.000289191,3.323299999999997e-5
47622,0.000223085,0.000223015,7.000000000001796e-8
47632,0.000167488,0.000100668,6.682e-5
47649,0.000189661,0.000189055,6.060000000000006e-7
47673,0.000133347,Inf,Inf
47677,0.000167546,Inf,Inf
47680,0.000456207,0.000423042,3.3164999999999985e-5
47694,7.80296e-5,Inf,Inf
47695,0.000111514,Inf,Inf
47748,0.000155733,Inf,Inf
47749,0.000156299,0.000122344,3.395499999999998e-5
47750,6.68356e-5,Inf,Inf
47756,0.000756484,0.000756102,3.8199999999994315e-7
47778,0.000111842,0.000100314,1.1528000000000002e-5
47781,0.000134233,0.000111176,2.3056999999999993e-5
47790,0.000733943,0.000722746,1.1197000000000008e-5
47807,0.000122975,Inf,Inf
47808,0.000189155,0.000178373,1.0781999999999979e-5
47810,0.000489134,0.000467055,2.207899999999999e-5
47817,0.00086754,0.000811866,5.567400000000002e-5
47833,0.000100647,Inf,Inf
47835,0.000156475,0.000144652,1.1822999999999998e-5
47841,0.000167584,Inf,Inf
47845,0.000356377,0.00035599,3.870000000000219e-7
47864,0.000289246,0.000255732,3.3514000000000005e-5
47875,0.00107824,0.00107788,3.6000000000003043e-7
47887,0.000156426,0.000122868,3.355800000000002e-5
47891,0.000155933,0.000155656,2.769999999999975e-7
47892,0.000134245,0.000122923,1.1322000000000025e-5
47894,0.000122721,0.000111662,1.1059000000000004e-5
47901,8.92394e-5,8.90971e-5,1.423000000000071e-7
47911,0.000900832,0.000878261,2.2570999999999984e-5
47922,3.41555e-5,Inf,Inf
47923,0.000200927,0.000167524,3.340299999999999e-5
47946,0.000156257,0.000100361,5.589600000000001e-5
47947,0.000167305,0.000144939,2.236600000000001e-5
47949,0.000378692,0.000378659,3.30000000000317e-8
47953,0.000112017,Inf,Inf
47957,0.000111477,0.000100846,1.0631e-5
47972,0.000178374,0.00016733,1.1043999999999984e-5
47990,0.000411578,0.000356292,5.5285999999999985e-5
48001,0.000156171,0.000133682,2.2488999999999994e-5
48009,0.000400124,0.000367378,3.2746e-5
48066,0.000345019,0.000344648,3.709999999999868e-7
48070,0.000100615,8.9702e-5,1.0912999999999995e-5
48071,0.000123156,0.000100281,2.2875e-5
48091,0.000111296,0.000100811,1.0485000000000005e-5
48092,0.000211216,Inf,Inf
48110,0.000822681,0.000822511,1.6999999999996619e-7
48119,0.00010039,Inf,Inf
48126,0.000122721,0.000111879,1.0842000000000002e-5
48127,0.000178449,0.000155824,2.262500000000002e-5
48128,0.000100925,Inf,Inf
48131,0.000211667,Inf,Inf
48133,8.92424e-5,Inf,Inf
48159,0.000155904,0.000144807,1.1097000000000006e-5
48169,0.000800878,0.000777821,2.305699999999994e-5
48172,0.000834106,0.000811235,2.2871000000000046e-5
48179,0.00108987,0.00101122,7.864999999999999e-5
48189,0.000222903,0.000222818,8.499999999998309e-8
48224,0.000167448,Inf,Inf
48225,0.000155676,0.000155609,6.699999999999783e-8
48244,0.000878123,0.000833664,4.445899999999995e-5
48249,0.000234285,0.000233993,2.9200000000001686e-7
48257,0.000100176,Inf,Inf
48280,0.000156236,0.000155821,4.1500000000000196e-7
48311,0.000278722,0.000278387,3.350000000000163e-7
48313,0.000111943,Inf,Inf
48315,0.000100697,Inf,Inf
48316,0.000156343,0.000133499,2.2844e-5
48355,0.000155843,0.000144656,1.1186999999999986e-5
48356,0.000167205,0.000144465,2.273999999999999e-5
48358,0.000200605,Inf,Inf
48378,0.000134111,0.000122471,1.163999999999999e-5
48397,0.000378461,0.000367302,1.1159000000000006e-5
48404,0.000233861,0.000222714,1.1147000000000007e-5
48408,0.00011124,0.000100171,1.1068999999999999e-5
48434,0.000444667,0.000433932,1.0734999999999998e-5
48470,0.000144885,0.000111879,3.3006e-5
48476,0.000122275,0.000111373,1.0901999999999998e-5
48526,0.000122819,Inf,Inf
48528,0.000167193,0.000156337,1.0856000000000006e-5
48552,0.000112014,0.000111123,8.910000000000021e-7
48564,0.000878742,0.000844715,3.402699999999995e-5
48578,8.90525e-5,7.8629e-5,1.04235e-5
48579,0.0001342,0.000122627,1.157300000000002e-5
48582,0.00027856,0.000222784,5.577600000000003e-5
48583,0.000133768,Inf,Inf
48595,0.000855917,0.000811674,4.424300000000002e-5
48605,0.000800642,0.000800393,2.48999999999909e-7
48612,0.000211538,0.000167047,4.449099999999999e-5
48639,0.000377813,0.000344799,3.301399999999999e-5
48654,0.000966954,0.000878162,8.879199999999997e-5
48669,0.000212072,0.000189492,2.257999999999999e-5
48685,0.00108939,0.00102314,6.62499999999999e-5
48706,0.000189504,0.000144901,4.460300000000002e-5
48715,0.000423179,0.000411647,1.153199999999997e-5
48736,0.000178603,0.000144875,3.3727999999999986e-5
48737,0.000134093,0.000100411,3.368200000000001e-5
48743,0.000489482,0.000466988,2.2493999999999965e-5
48766,0.000378708,0.000367282,1.1425999999999982e-5
48769,0.000122615,0.000100493,2.212199999999999e-5
48775,0.000133964,0.00013396,4.000000000008771e-9
48795,0.000622372,0.000611945,1.0427000000000027e-5
48800,0.000122974,0.000122727,2.4700000000001305e-7
48836,0.000133706,0.000111717,2.198900000000001e-5
48849,0.000155899,0.000133544,2.2355e-5
48855,0.000100317,0.000100281,3.599999999999762e-8
48856,0.000134136,Inf,Inf
48891,0.00010025,8.96501e-5,1.0599899999999993e-5
48892,0.000166735,0.000144637,2.209799999999999e-5
48899,0.000133866,0.000122514,1.135200000000001e-5
48900,0.000144895,0.000111235,3.366e-5
48905,0.000178691,0.00015566,2.303099999999999e-5
48907,0.000144556,0.000111318,3.323800000000001e-5
48908,0.000100592,7.80413e-5,2.25507e-5
48931,0.000745138,0.000734092,1.1046000000000016e-5
48951,0.00024488,0.000222933,2.1947e-5
48956,0.000123084,0.000122325,7.589999999999973e-7
48981,0.000178639,0.000166885,1.1753999999999996e-5
48988,0.000523218,0.000466965,5.625299999999998e-5
48995,0.000889838,0.000878735,1.1103000000000046e-5
48999,0.000866817,0.000844732,2.208500000000003e-5
49000,0.00083432,0.000833899,4.210000000000151e-7
49008,0.000189812,0.00011188,7.7932e-5
49040,0.000166733,0.000156308,1.0424999999999996e-5
49041,0.000245411,Inf,Inf
49042,0.000122879,0.000111573,1.1306000000000003e-5
49062,0.000378209,0.000345255,3.2954000000000024e-5
49069,0.000144959,Inf,Inf
49112,0.000167353,Inf,Inf
49121,0.000100857,7.86129e-5,2.2244100000000006e-5
49123,0.000189611,0.000178525,1.1086000000000022e-5
49128,0.000145429,Inf,Inf
49130,0.000122403,Inf,Inf
49149,0.000122911,Inf,Inf
49165,0.000212002,0.000211882,1.2000000000001918e-7
49184,0.000312087,0.00030081,1.1277000000000021e-5
49216,0.000144677,0.000133886,1.0791000000000012e-5
49217,0.00014449,0.000134244,1.0245999999999996e-5
49222,0.000289577,0.000278215,1.1362000000000004e-5
49278,0.000467203,0.000422421,4.478199999999999e-5
49279,0.000478158,0.000445221,3.293700000000003e-5
49312,0.000389039,0.000378278,1.0760999999999974e-5
49314,6.75362e-5,Inf,Inf
49372,0.000177852,0.000166849,1.100299999999999e-5
49373,0.000100875,Inf,Inf
49424,0.000144856,0.000133451,1.1405000000000003e-5
49478,0.000900033,0.000844681,5.535199999999994e-5
49485,0.000178,0.000177804,1.959999999999961e-7
49494,0.000233907,0.000144962,8.8945e-5
49497,0.000155601,0.000133889,2.171200000000001e-5
49498,0.000166795,0.000155833,1.0961999999999994e-5
49502,0.000155892,0.000123174,3.2717999999999994e-5
49523,0.0001563,0.000100941,5.535900000000001e-5
49526,0.000100252,Inf,Inf
49555,0.000267103,0.0002112,5.590299999999997e-5
49559,0.000122844,0.000100465,2.2378999999999997e-5
49568,0.00010017,Inf,Inf
49577,0.000989,0.000778456,0.00021054400000000012
49599,0.000311487,0.000300042,1.144500000000001e-5
49602,8.98119e-5,Inf,Inf
49603,0.000134259,Inf,Inf
49609,7.84494e-5,Inf,Inf
49633,0.000167521,0.000156307,1.1214000000000005e-5
49659,0.000133954,0.000133597,3.570000000000103e-7
49666,0.000267502,0.000200849,6.665299999999999e-5
49685,0.000145419,0.000144779,6.40000000000021e-7
49723,0.000166821,0.000144708,2.2112999999999983e-5
49724,0.000166739,0.00015593,1.0808999999999998e-5
49747,0.000167414,0.000167117,2.9700000000001427e-7
49779,0.000178313,0.000134,4.431300000000001e-5
49801,0.000334258,0.000311873,2.2384999999999983e-5
49862,7.81868e-5,Inf,Inf
49880,0.000133559,0.000123058,1.0501e-5
49881,8.95583e-5,8.89589e-5,5.993999999999997e-7
49884,0.000177794,0.000166971,1.0823000000000001e-5
49890,0.000134249,0.000133964,2.8499999999998795e-7
49894,0.000433947,0.000423114,1.0833000000000023e-5
49914,0.000145108,0.000144475,6.329999999999921e-7
49917,0.000367647,0.000367479,1.6800000000004311e-7
49919,0.000411479,0.000400898,1.0581000000000013e-5
49933,0.000378572,0.000378278,2.9399999999996703e-7
49935,0.000122436,Inf,Inf
49941,0.000312097,0.000289671,2.2425999999999978e-5
50006,0.000133986,0.000133674,3.120000000000065e-7
50010,0.000344536,0.000244983,9.9553e-5
50035,0.000155742,0.000133968,2.1774000000000012e-5
50067,0.000222692,0.000189257,3.343500000000001e-5
50068,0.000211836,0.000211779,5.700000000000301e-8
50072,0.000167619,0.000122952,4.4667e-5
50075,0.00016697,0.000144513,2.2457000000000005e-5
50079,0.000111595,Inf,Inf
50090,0.000844968,0.000834332,1.0635999999999957e-5
50103,0.000223025,0.000156334,6.669099999999999e-5
50126,0.000100818,0.000100598,2.199999999999945e-7
50128,0.000100844,Inf,Inf
50129,0.00025653,0.000234089,2.2440999999999997e-5
50132,8.93024e-5,Inf,Inf
50138,0.000167024,Inf,Inf
50141,0.00018955,Inf,Inf
50164,0.000322959,0.000311534,1.142500000000002e-5
50167,0.000123105,0.000122302,8.030000000000125e-7
50187,0.000134096,0.000134082,1.4000000000003593e-8
50189,0.000311924,0.000289673,2.2250999999999987e-5
50194,0.000134091,0.000122442,1.1648999999999996e-5
50224,0.000167087,0.000166706,3.810000000000087e-7
50225,0.00015653,0.000133452,2.3077999999999998e-5
50226,0.00018906,Inf,Inf
50227,6.73805e-5,5.63648e-5,1.1015700000000004e-5
50256,0.000211552,0.000211407,1.4500000000000624e-7
50265,0.000978562,0.000900035,7.852700000000011e-5
50301,0.00031126,0.000289761,2.149900000000002e-5
50344,0.000300563,0.000256064,4.449899999999998e-5
50354,0.000200903,0.000133733,6.717e-5
50389,0.000333782,0.000311471,2.231100000000001e-5
50390,0.000167145,0.000155907,1.1238000000000003e-5
50394,0.00015565,Inf,Inf
50395,0.000178438,0.000156527,2.1911e-5
50406,0.000956493,0.000944756,1.1736999999999945e-5
50421,7.83945e-5,Inf,Inf
50422,7.86724e-5,Inf,Inf
50441,0.000745096,0.000722947,2.2148999999999953e-5
50442,0.000112108,0.000111874,2.339999999999981e-7
50450,0.000178719,0.000133733,4.4986000000000006e-5
50459,6.67103e-5,5.57758e-5,1.0934499999999995e-5
50462,0.000266995,0.00021175,5.524500000000002e-5
50481,0.000134028,0.000100164,3.386400000000001e-5
50497,0.00115644,0.00113358,2.285999999999998e-5
50511,8.98376e-5,7.82774e-5,1.1560200000000005e-5
50527,0.000311376,0.000289493,2.1882999999999994e-5
50537,0.000866676,0.000822962,4.3714000000000036e-5
50567,0.000400883,0.000367517,3.3366000000000005e-5
50585,0.000234146,0.000222826,1.1319999999999993e-5
50586,0.000123031,Inf,Inf
50587,0.000166905,Inf,Inf
50609,0.00013387,Inf,Inf
50631,0.00018958,0.000189376,2.0400000000001363e-7
50632,0.000122517,7.8081e-5,4.443599999999999e-5
50635,0.000267611,0.000111577,0.000156034
50640,7.84154e-5,6.67805e-5,1.16349e-5
50667,0.000134232,0.000111133,2.3099000000000004e-5
50693,8.89978e-5,7.86995e-5,1.029830000000001e-5
50695,0.000244814,0.000222511,2.2302999999999993e-5
50701,0.000223038,Inf,Inf
50702,0.00018959,0.000178556,1.1034000000000017e-5
50705,0.000189613,0.000189323,2.8999999999998536e-7
50706,0.000145413,8.89004e-5,5.6512600000000005e-5
50710,0.000144764,0.000133674,1.1090000000000004e-5
50729,0.000111376,8.94374e-5,2.1938599999999994e-5
50780,0.000100999,Inf,Inf
50783,0.000167383,0.000133516,3.3867000000000006e-5
50787,0.000400047,0.0004,4.6999999999981085e-8
50810,0.000178765,0.000100035,7.873e-5
50819,0.000111781,Inf,Inf
50860,0.00013428,0.000111238,2.3042e-5
50863,0.000178679,0.00014537,3.3309e-5
50871,0.000167019,0.000133403,3.3615999999999984e-5
50927,0.000833956,0.000789368,4.458799999999992e-5
50970,0.000123216,Inf,Inf
51012,0.000267452,0.000267155,2.9700000000001427e-7
51015,0.000189015,0.000178297,1.0718000000000001e-5
51017,0.000167322,0.000144962,2.2359999999999996e-5
51020,0.000156496,0.000111674,4.4822e-5
51021,0.000233897,0.000212044,2.185300000000001e-5
51041,4.49831e-5,Inf,Inf
51063,0.000178159,0.000167636,1.0522999999999994e-5
51067,8.96965e-5,Inf,Inf
51070,0.000122438,Inf,Inf
51071,0.000155785,0.000122829,3.2956e-5
51073,0.000378083,0.000367502,1.0580999999999958e-5
51114,0.000745342,0.000733447,1.189499999999994e-5
51117,0.000712043,0.000711261,7.819999999999529e-7
51123,0.000156252,Inf,Inf
51153,0.000134249,0.000133947,3.0199999999998457e-7
51154,0.000200495,0.000178226,2.2269e-5
51176,0.000367184,0.000289237,7.794699999999998e-5
51182,0.000222257,0.000167188,5.506900000000001e-5
51183,0.000200367,0.000200266,1.0099999999999107e-7
51199,0.00088956,0.000800511,8.904900000000001e-5
51236,8.91294e-5,Inf,Inf
51242,0.000188957,0.000188901,5.5999999999987267e-8
51243,0.00016696,0.000145162,2.1797999999999983e-5
51245,0.000167364,0.000166827,5.369999999999984e-7
51272,6.674e-5,Inf,Inf
51329,4.4763e-5,Inf,Inf
51331,0.000422474,0.000412049,1.0424999999999996e-5
51349,0.000311545,0.000256358,5.5187e-5
51351,0.00013346,0.000100925,3.253500000000001e-5
51354,0.00026685,0.000255925,1.0925000000000008e-5
51364,0.000933709,0.000922471,1.1238000000000003e-5
51387,0.000989883,0.00086717,0.000122713
51404,0.000212005,0.000211768,2.3699999999999112e-7
51412,0.000156321,8.96331e-5,6.668790000000002e-5
51432,7.78222e-5,Inf,Inf
51437,0.000600044,0.000589407,1.0636999999999973e-5
51456,0.000133678,Inf,Inf
51458,0.000222499,0.000200916,2.1582999999999986e-5
51461,0.000200896,0.000189432,1.1463999999999984e-5
51491,0.000178193,0.000177984,2.0899999999998394e-7
51526,0.000122954,0.000111753,1.120099999999999e-5
51528,0.000178726,0.000133656,4.507e-5
51550,0.000167595,0.000166747,8.480000000000163e-7
51560,0.000200543,0.000167626,3.291699999999998e-5
51585,0.000478032,0.000445207,3.2825e-5
51610,8.92843e-5,Inf,Inf
51612,5.55793e-5,Inf,Inf
51622,0.000134012,0.000133592,4.1999999999999937e-7
51624,0.000144489,0.000122716,2.1772999999999996e-5
51661,0.000700238,0.000689875,1.0363000000000104e-5
51682,0.000189714,0.000189214,5.000000000000122e-7
51689,0.000133528,0.000133382,1.4599999999999488e-7
51723,0.00120068,0.000933974,0.000266706
51737,7.80353e-5,Inf,Inf
51745,0.000156488,0.000145126,1.1362000000000004e-5
51757,0.000911505,0.000900035,1.146999999999997e-5
51771,0.000144956,Inf,Inf
51798,0.00021196,0.000133486,7.847400000000001e-5
51801,0.000278631,7.78285e-5,0.0002008025
51802,7.87312e-5,Inf,Inf
51805,0.00014521,0.000134293,1.091699999999999e-5
51806,0.000112081,0.000100486,1.1595e-5
51819,0.00103345,0.000900016,0.00013343399999999998
51826,0.000256547,0.000234047,2.2499999999999978e-5
51849,0.000189088,0.000178163,1.0924999999999981e-5
51850,0.000100229,8.92189e-5,1.1010100000000012e-5
51862,8.90876e-5,Inf,Inf
51863,0.000133951,0.00012308,1.0870999999999998e-5
51867,0.000256508,0.000211624,4.4884000000000026e-5
51873,7.8763e-5,Inf,Inf
51903,0.000266942,0.000222565,4.4376999999999985e-5
51935,0.000245211,0.000222289,2.292200000000001e-5
51936,0.000200669,0.000178319,2.235e-5
51940,0.00010023,7.86821e-5,2.1547899999999997e-5
51941,0.000189288,0.00017877,1.0517999999999997e-5
51972,0.000923201,0.000911971,1.1229999999999986e-5
51997,0.000200181,Inf,Inf
52003,0.00021185,0.000211688,1.6200000000000285e-7
52017,0.000945417,0.000900793,4.462400000000005e-5
52029,7.85956e-5,Inf,Inf
52030,0.000167666,0.000167178,4.879999999999858e-7
52031,0.000234292,0.000200768,3.3524e-5
52049,0.000267568,0.000267106,4.6200000000001015e-7
52050,0.000278628,0.000277908,7.200000000000067e-7
52073,7.84286e-5,Inf,Inf
52098,0.000100225,Inf,Inf
52099,0.000200387,0.000178329,2.205800000000001e-5
52102,0.000323015,0.000322413,6.019999999999919e-7
52115,0.00011187,Inf,Inf
52143,0.000223106,0.000222949,1.5699999999997834e-7
52163,0.00040063,0.000400182,4.4800000000000655e-7
52167,0.000189582,0.000145106,4.4476e-5
52176,0.000111869,Inf,Inf
52183,0.000433797,0.000422948,1.0849000000000004e-5
52206,0.000100083,Inf,Inf
52235,0.000177852,0.000166812,1.1040000000000003e-5
52237,7.81256e-5,Inf,Inf
52238,0.000222696,0.000222621,7.500000000001538e-8
52269,0.000145158,0.000144823,3.3499999999998917e-7
52272,0.000223052,0.000211219,1.1832999999999993e-5
52273,0.000522964,0.000488941,3.4022999999999996e-5
52296,0.000111279,0.000100977,1.0301999999999997e-5
52297,0.00017857,0.000178112,4.580000000000014e-7
52301,0.000156021,0.000123083,3.2938000000000016e-5
52318,7.78884e-5,5.6098e-5,2.17904e-5
52321,0.000467166,0.0004446,2.256599999999996e-5
52353,0.000478768,0.000456541,2.2227000000000043e-5
52370,0.000178361,Inf,Inf
52394,0.000445087,0.000389307,5.578000000000001e-5
52398,0.000178267,0.000166951,1.1315999999999984e-5
52400,0.000200756,0.000144689,5.606699999999998e-5
52402,7.81808e-5,Inf,Inf
52404,0.000144753,0.00012304,2.1713e-5
52452,0.000100579,Inf,Inf
52458,0.000767086,0.000755714,1.1372000000000053e-5
52473,0.000167311,0.000144834,2.2477000000000022e-5
52494,0.000178351,0.000177897,4.539999999999926e-7
52499,0.000189841,0.000144669,4.517200000000001e-5
52504,0.000167349,0.000156394,1.095500000000002e-5
52530,0.000166907,0.000100229,6.667799999999999e-5
52533,7.7883e-5,6.71418e-5,1.0741199999999998e-5
52537,0.000311872,0.000300763,1.1108999999999978e-5
52585,0.000223154,0.000211252,1.1902000000000023e-5
52597,0.000711679,0.000678618,3.306100000000003e-5
52617,0.000989089,0.000945126,4.396300000000005e-5
52632,0.000211565,0.000178044,3.3521000000000007e-5
52672,0.000956433,0.000878574,7.7859e-5
52686,0.000178724,0.000178448,2.760000000000089e-7
52699,0.000122602,Inf,Inf
52731,0.000556293,0.000556246,4.6999999999981085e-8
52749,8.98547e-5,Inf,Inf
52756,7.78829e-5,Inf,Inf
52780,0.000511476,0.000467074,4.440199999999997e-5
52802,0.000200506,0.000155638,4.486800000000002e-5
52811,0.000188999,0.000167309,2.168999999999999e-5
52840,0.00045627,0.000455599,6.709999999999941e-7
52846,0.000900325,0.000889753,1.0572000000000034e-5
52861,0.000100923,0.000100461,4.619999999999966e-7
52866,0.000322697,0.000211192,0.000111505
52877,0.000744958,0.000689827,5.513100000000004e-5
52892,0.000134103,0.000111209,2.2894e-5
52893,0.000244974,0.000223031,2.1943000000000017e-5
52919,0.000211513,0.000178032,3.3481e-5
52959,0.000433482,0.000411192,2.2290000000000005e-5
52969,0.000189235,0.00013419,5.504500000000001e-5
52973,0.00020076,0.000178426,2.2333999999999993e-5
52980,0.000278113,0.000189031,8.908200000000001e-5
52982,0.000211572,0.000188981,2.2591e-5
52983,6.68262e-5,Inf,Inf
52984,0.000233919,0.000233867,5.20000000000056e-8
52985,0.000256495,0.00025638,1.1499999999996756e-7
53003,0.000222449,0.000211386,1.1062999999999985e-5
53007,8.89909e-5,Inf,Inf
53024,0.000956142,0.000944999,1.1143000000000025e-5
53031,0.000100722,6.70187e-5,3.3703300000000006e-5
53039,7.85401e-5,Inf,Inf
53052,0.00102296,0.000923153,9.980700000000004e-5
53057,0.000155701,0.000144867,1.0834000000000012e-5
53058,0.000144767,0.000133352,1.1414999999999998e-5
53080,0.000189002,0.000156553,3.244899999999999e-5
53084,0.000222638,0.000178125,4.4512999999999985e-5
53087,0.000255783,0.000200378,5.540499999999999e-5
53145,0.000156392,0.000155944,4.4799999999997945e-7
53152,0.000122549,0.000111122,1.1427000000000011e-5
53153,0.00024529,0.000144951,0.00010033900000000002
53206,0.000167503,Inf,Inf
53212,0.000311978,0.0002564,5.5577999999999975e-5
53216,0.000167343,0.000167261,8.199999999999007e-8
53218,0.000245169,8.90459e-5,0.00015612310000000002
53223,0.00022312,0.000212047,1.107299999999998e-5
53227,0.000467092,0.000466925,1.6700000000002737e-7
53243,0.000267016,0.000222299,4.4717000000000026e-5
53246,3.42239e-5,Inf,Inf
53247,0.000100898,Inf,Inf
53275,0.000189389,0.000167005,2.238400000000002e-5
53282,0.000200974,0.000189172,1.1801999999999993e-5
53285,2.26406e-5,Inf,Inf
53337,0.00020092,0.000155834,4.508599999999998e-5
53343,0.000200356,0.000178738,2.1617999999999995e-5
53395,0.000111562,8.9515e-5,2.2047e-5
53423,0.000712109,0.000689703,2.2406000000000097e-5
53449,0.000956327,0.000945126,1.1200999999999963e-5
53458,0.000111322,Inf,Inf
53470,0.000200463,0.000178698,2.1765000000000006e-5
53471,6.74354e-5,Inf,Inf
53492,0.000467134,0.000467026,1.0800000000001997e-7
53496,0.000934295,0.000933353,9.419999999999784e-7
53525,6.72632e-5,Inf,Inf
53528,0.000200102,0.000189477,1.0625e-5
53553,0.000234322,0.000200832,3.3490000000000006e-5
53575,0.000189716,0.000156326,3.3390000000000004e-5
53576,0.000167116,0.000166831,2.8500000000001506e-7
53578,0.000222768,0.000178771,4.399699999999999e-5
53607,0.000145413,Inf,Inf
53627,0.0001113,Inf,Inf
53630,0.000245386,0.000167589,7.7797e-5
53656,0.000111867,Inf,Inf
53678,0.000244559,0.000189691,5.486799999999999e-5
53685,8.96974e-5,8.9515e-5,1.8240000000000693e-7
53687,0.000100857,Inf,Inf
53714,0.000456382,0.000445286,1.1096000000000044e-5
53720,0.000100126,Inf,Inf
53731,0.000945133,0.000934159,1.0973999999999966e-5
53737,0.000189315,0.000167576,2.1739000000000003e-5
53743,0.000144823,Inf,Inf
53767,0.000256459,0.000222248,3.4211e-5
53768,0.000133737,0.000133653,8.400000000002156e-8
53773,0.000478038,0.000455647,2.2391000000000023e-5
53786,0.000956079,0.000934047,2.2031999999999954e-5
53791,0.000455608,0.000433359,2.2248999999999956e-5
53794,0.000122697,Inf,Inf
53795,0.000145176,Inf,Inf
53802,0.000289568,0.000278733,1.0835e-5
53812,0.000178281,0.000166885,1.1395999999999997e-5
53815,0.000267551,0.000200648,6.690299999999999e-5
53862,0.000178099,0.000122814,5.5285e-5
53869,0.000211803,0.000211175,6.279999999999947e-7
53892,0.000122443,0.00011126,1.1182999999999991e-5
53924,0.000211943,0.000211511,4.319999999999986e-7
53942,0.000111283,0.000111209,7.399999999999963e-8
53973,0.000166686,0.000145351,2.1335000000000012e-5
53976,0.00018969,0.000189408,2.8199999999999493e-7
54015,0.000133383,Inf,Inf
54019,0.00017831,0.000156267,2.2042999999999992e-5
54023,0.000134106,0.000111166,2.2939999999999994e-5
54039,0.000734202,0.000711973,2.222900000000002e-5
54059,0.000100736,Inf,Inf
54068,0.000922887,0.00091144,1.1446999999999933e-5
54082,0.000133876,Inf,Inf
54083,0.000189577,0.000122915,6.666199999999999e-5
54091,0.000222957,0.000178032,4.4924999999999994e-5
54093,0.000178063,0.000167655,1.0408e-5
54122,0.000167451,0.00011126,5.619099999999999e-5
54123,8.96916e-5,Inf,Inf
54139,0.000923022,0.000911317,1.1704999999999984e-5
54161,0.000222882,0.000211697,1.1185000000000009e-5
54166,0.000200592,0.000156394,4.419800000000001e-5
54189,0.000644494,0.000634039,1.0455000000000035e-5
54196,7.86632e-5,6.70959e-5,1.15673e-5
54214,0.000189434,0.000156267,3.316699999999999e-5
54220,0.000166881,0.00011116,5.572099999999999e-5
54226,0.000222439,0.000212076,1.0362999999999995e-5
54229,0.000400647,0.000356472,4.417500000000003e-5
54261,0.000944947,0.00091132,3.362700000000005e-5
54276,0.000200286,0.000189354,1.093200000000001e-5
54303,0.00108948,0.00108945,3.0000000000038676e-8
54312,0.00043359,0.000423206,1.0383999999999947e-5
54380,0.000234283,0.000212094,2.2189000000000014e-5
54384,0.000200168,0.000122814,7.735399999999999e-5
54388,0.000211363,0.000211124,2.389999999999955e-7
54389,0.000155895,0.000155682,2.129999999999927e-7
54415,0.000100686,Inf,Inf
54418,5.63838e-5,Inf,Inf
54439,0.000267138,0.000245084,2.2053999999999976e-5
54451,0.000200467,0.000134308,6.615899999999999e-5
54460,0.000233864,0.00023367,1.939999999999917e-7
54477,0.000622587,0.000611824,1.0763000000000005e-5
54496,0.000211364,0.00018922,2.2143999999999983e-5
54497,0.000178508,0.000178377,1.3100000000000264e-7
54502,5.63894e-5,Inf,Inf
54503,0.000122426,Inf,Inf
54545,0.00015592,0.000144698,1.1222000000000022e-5
54554,0.00021169,0.000189475,2.221499999999999e-5
54556,6.74752e-5,Inf,Inf
54603,0.000112031,Inf,Inf
54605,0.000111977,6.76483e-5,4.432870000000001e-5
54606,0.000178533,0.000155685,2.284800000000001e-5
54635,0.000367567,0.000356389,1.1178000000000034e-5
54648,0.000922934,0.000888896,3.4038000000000015e-5
54662,0.000166679,0.000134222,3.2457000000000005e-5
54671,0.000122741,Inf,Inf
54711,0.000178755,Inf,Inf
54713,0.000245256,0.000189808,5.5448000000000015e-5
54759,0.000256276,0.000245084,1.1191999999999984e-5
54766,0.000155642,Inf,Inf
54774,0.00014534,Inf,Inf
54775,0.000267531,0.000255987,1.1543999999999997e-5
54826,0.000156303,Inf,Inf
54827,0.000122525,8.92052e-5,3.331980000000001e-5
54828,0.000145036,0.000134096,1.094e-5
54831,0.00015556,0.000111451,4.410900000000001e-5
54832,0.000189519,0.000166877,2.264199999999999e-5
54834,8.91263e-5,Inf,Inf
54836,0.000144992,0.000112068,3.292400000000001e-5
54839,0.000200829,0.000200195,6.340000000000078e-7
54840,0.000100328,Inf,Inf
54857,7.80208e-5,6.69e-5,1.1120800000000004e-5
54871,0.000767585,0.000766961,6.239999999999588e-7
54876,0.000178588,0.000167007,1.158100000000001e-5
54877,0.000100576,0.000100231,3.4499999999999754e-7
54881,0.000145339,0.000123127,2.2211999999999997e-5
54883,0.000233478,0.000167565,6.591299999999999e-5
54884,0.000222775,0.000200982,2.1793000000000013e-5
54885,8.93177e-5,Inf,Inf
54919,0.000900672,0.000734311,0.00016636100000000007
54926,0.000145089,0.000123081,2.2007999999999983e-5
54931,0.000155917,0.000145288,1.0628999999999982e-5
54935,0.000745221,0.000745118,1.0299999999999546e-7
54938,0.00127845,0.000867414,0.00041103599999999993
54948,0.000100853,Inf,Inf
54949,6.68775e-5,Inf,Inf
54974,0.000212021,0.000211975,4.600000000001955e-8
55009,0.000111887,Inf,Inf
55032,0.000166853,0.000156473,1.038000000000002e-5
55042,0.000200077,0.000156236,4.3841e-5
55064,7.86584e-5,5.62317e-5,2.2426700000000007e-5
55093,0.000145405,0.00011172,3.3685000000000014e-5
55094,0.000178163,0.000155698,2.2464999999999996e-5
55129,0.000277836,0.000211947,6.588899999999999e-5
55155,0.000122505,0.000111425,1.1079999999999996e-5
55161,0.000189533,0.000167271,2.2261999999999998e-5
55162,0.000178682,0.000123167,5.5514999999999986e-5
55169,0.00012315,Inf,Inf
55182,8.9428e-5,Inf,Inf
55184,0.000145263,0.000145137,1.2600000000000523e-7
55205,0.000133844,0.00012295,1.089399999999998e-5
55212,0.000111556,0.000100027,1.1529000000000004e-5
55218,0.000178438,0.0001449,3.3538e-5
55219,0.000177858,0.000156308,2.155000000000001e-5
55224,0.000644686,0.000633714,1.0972000000000043e-5
55234,0.000211365,0.000189715,2.165000000000001e-5
55253,0.000577952,0.000567663,1.0288999999999915e-5
55258,5.64964e-5,4.53871e-5,1.1109299999999999e-5
55262,0.000234021,0.00023362,4.0099999999999836e-7
55274,7.83465e-5,Inf,Inf
55275,0.000222241,0.000178544,4.369700000000001e-5
55291,0.000100035,Inf,Inf
55293,0.000112052,0.000100431,1.1621000000000003e-5
55301,0.00100079,0.000922368,7.842200000000008e-5
55303,0.000944521,0.00092285,2.1671000000000017e-5
55306,0.000922317,0.00091195,1.036699999999995e-5
55315,0.000145381,0.000133418,1.1963000000000007e-5
55316,0.000222555,0.000200499,2.2056000000000007e-5
55318,0.000167626,0.000156357,1.1269000000000003e-5
55321,0.000211323,0.000189674,2.1648999999999996e-5
55323,6.68653e-5,Inf,Inf
55352,0.000867348,0.000844731,2.261699999999995e-5
55373,0.000111524,0.000100614,1.0910000000000002e-5
55376,0.000166906,0.000156434,1.0472000000000004e-5
55399,0.000367482,0.000356286,1.1195999999999992e-5
55400,4.5277e-5,Inf,Inf
55448,8.90752e-5,Inf,Inf
55469,0.000144978,0.000144907,7.10000000000066e-8
55477,0.000122968,0.000111384,1.158399999999999e-5
55479,0.00022321,0.000222237,9.730000000000058e-7
55481,0.000134079,0.000133426,6.530000000000088e-7
55483,0.000322242,0.000255614,6.6628e-5
55502,0.000100294,8.90196e-5,1.1274400000000002e-5
55516,0.000889458,0.000866719,2.2739000000000027e-5
55519,0.0008446,0.000767147,7.7453e-5
55532,8.97456e-5,Inf,Inf
55549,0.00010091,0.000100431,4.789999999999932e-7
55554,0.000778094,0.000756078,2.2016000000000028e-5
55577,0.000233681,0.000189885,4.3796e-5
55578,0.000144579,0.000133855,1.0724000000000015e-5
55581,0.0002,0.000177791,2.2209000000000004e-5
55583,0.000156182,0.000144813,1.1368999999999979e-5
55584,0.000145394,0.00014537,2.3999999999998415e-8
55605,0.000700372,0.000700278,9.399999999996217e-8
55635,0.000200524,0.000144895,5.562899999999999e-5
55639,3.35083e-5,Inf,Inf
55700,0.000156201,0.000112077,4.4123999999999986e-5
55705,0.000222583,0.000200172,2.2410999999999986e-5
55706,5.60005e-5,Inf,Inf
55728,0.000111893,Inf,Inf
55753,0.000166926,0.000144844,2.2081999999999983e-5
55755,0.000311517,0.00030061,1.0906999999999996e-5
55773,0.000134045,7.79146e-5,5.613040000000001e-5
55775,4.54083e-5,Inf,Inf
55777,0.000111551,0.000100199,1.135200000000001e-5
55788,0.000745274,0.00072267,2.2603999999999962e-5
55817,0.000712042,0.000666841,4.520099999999992e-5
55822,0.00018971,0.000133468,5.6241999999999994e-5
55830,0.0009334,0.000922845,1.0554999999999983e-5
55842,6.74192e-5,6.68983e-5,5.20899999999997e-7
55848,0.000189738,0.000144493,4.524500000000002e-5
55858,0.000211276,0.000178508,3.2767999999999995e-5
55909,0.000178541,0.000167254,1.1286999999999989e-5
55933,0.000167048,0.000144652,2.2395999999999994e-5
55987,0.00094455,0.000900636,4.391399999999993e-5
55996,0.000244705,0.000234098,1.0607000000000016e-5
56035,0.000122708,0.000122316,3.919999999999922e-7
56036,0.000289762,0.000278009,1.175299999999998e-5
56061,0.000155922,Inf,Inf
56069,8.92602e-5,Inf,Inf
56071,0.000144887,0.000144535,3.520000000000129e-7
56112,0.000189722,0.000156456,3.3266e-5
56113,0.000122697,0.000100988,2.1709000000000005e-5
56114,0.000133493,8.92476e-5,4.4245399999999995e-5
56116,0.000123084,0.000111575,1.1509000000000001e-5
56141,0.000122632,Inf,Inf
56150,0.000866701,0.000855887,1.0813999999999941e-5
56155,0.000900989,0.000900495,4.940000000000803e-7
56168,0.000144518,0.00014451,7.999999999990437e-9
56170,0.000267007,0.000234248,3.275899999999999e-5
56181,0.000100503,8.91879e-5,1.1315100000000003e-5
56202,0.000456431,0.000422938,3.3493e-5
56203,0.000388903,0.000377847,1.105600000000001e-5
56229,8.90062e-5,Inf,Inf
56232,0.000222947,0.000200469,2.247800000000001e-5
56233,0.000200511,0.000178012,2.2499000000000016e-5
56242,0.000833685,0.000789667,4.401800000000005e-5
56245,0.00100022,0.000978036,2.2183999999999962e-5
56259,0.000111643,0.00011149,1.5299999999999667e-7
56279,0.000167364,Inf,Inf
56283,0.000178702,0.000167621,1.1080999999999998e-5
56284,0.000178698,0.000145315,3.3383e-5
56299,0.000822743,0.000811294,1.1449000000000073e-5
56305,0.000389162,0.000367047,2.2115000000000014e-5
56306,0.0001561,0.000134088,2.2011999999999992e-5
56331,0.000100872,Inf,Inf
56339,0.000145413,0.000144493,9.200000000000115e-7
56343,0.000266957,0.000256507,1.045000000000001e-5
56382,0.000233763,0.000233574,1.889999999999943e-7
56386,0.000134317,0.000134049,2.6800000000001844e-7
56394,0.000323179,0.000177879,0.00014529999999999998
56399,0.000156191,0.000122649,3.3541999999999985e-5
56400,0.000322674,0.00030061,2.2064000000000025e-5
56415,0.000145139,0.000144915,2.2400000000000328e-7
56417,6.66989e-5,Inf,Inf
56419,0.000156172,0.00012279,3.3381999999999986e-5
56440,0.00021156,0.000211349,2.1099999999998832e-7
56441,0.000223024,0.000167469,5.555499999999999e-5
56446,0.000145106,0.000144563,5.429999999999845e-7
56459,0.000988891,0.000967349,2.1541999999999937e-5
56467,0.000133523,Inf,Inf
56486,8.9111e-5,7.80532e-5,1.1057800000000001e-5
56488,0.000233836,0.00023349,3.4599999999999974e-7
56494,0.000145172,0.00014463,5.419999999999958e-7
56512,0.000689797,0.000689085,7.120000000000433e-7
56519,0.000311995,0.000311707,2.880000000000352e-7
56521,0.000156549,0.00012279,3.3758999999999986e-5
56551,0.00017862,0.000178409,2.1099999999998832e-7
56553,0.00020051,0.000178584,2.1925999999999993e-5
56572,5.56799e-5,4.48702e-5,1.08097e-5
56596,0.000245418,0.000245142,2.760000000000089e-7
56597,0.000145154,0.000144812,3.4200000000001807e-7
56605,0.000144739,0.000134309,1.043000000000002e-5
56606,0.000178194,Inf,Inf
56624,7.79288e-5,Inf,Inf
56633,0.000944616,0.000889209,5.540700000000005e-5
56649,0.000134038,Inf,Inf
56676,0.000112099,Inf,Inf
56680,0.000934049,0.000911872,2.217699999999996e-5
56694,0.0001121,Inf,Inf
56697,0.000212085,0.000211789,2.960000000000256e-7
56726,0.000234273,0.000233456,8.170000000000161e-7
56741,8.97154e-5,Inf,Inf
56742,0.000100805,Inf,Inf
56744,0.000244734,0.000156304,8.842999999999996e-5
56745,0.000244449,0.000222981,2.146799999999999e-5
56750,0.000122375,0.00012226,1.1499999999999466e-7
56753,0.000123062,0.000123034,2.8000000000007186e-8
56771,0.000889522,0.000856035,3.348700000000001e-5
56780,0.000156525,Inf,Inf
56781,0.000134001,0.000133781,2.199999999999945e-7
56799,0.000177831,0.000167659,1.0172000000000024e-5
56812,0.000189742,Inf,Inf
56834,5.55675e-5,Inf,Inf
56851,0.000200528,0.000200285,2.430000000000043e-7
56856,0.000145284,0.000144822,4.6200000000001015e-7
56857,0.000188902,0.000166772,2.212999999999998e-5
56904,0.00065621,0.000645333,1.0876999999999957e-5
56912,0.000255769,0.000245132,1.0636999999999973e-5
56915,0.000178144,0.000177911,2.3300000000000946e-7
56920,0.000145237,0.000100222,4.501499999999999e-5
56922,0.000189131,0.000156446,3.268499999999999e-5
56924,0.000178125,0.000156075,2.2049999999999994e-5
56948,0.000155799,0.000133849,2.194999999999999e-5
56953,0.000445268,0.000433686,1.1581999999999999e-5
56968,0.000356081,0.000300488,5.5592999999999994e-5
57008,0.000144614,0.000123185,2.1429e-5
57012,6.68259e-5,Inf,Inf
57013,7.79885e-5,Inf,Inf
57026,0.000689511,0.000667031,2.247999999999996e-5
57030,0.000567405,0.000567052,3.5300000000002864e-7
57043,0.00022292,0.000200407,2.2512999999999993e-5
57044,0.000122683,8.91603e-5,3.3522700000000003e-5
57061,0.000112071,7.78051e-5,3.426590000000001e-5
57062,0.000123177,Inf,Inf
57082,0.000234168,0.000233708,4.6000000000000576e-7
57087,0.000100204,Inf,Inf
57091,0.00020039,0.000178544,2.1846000000000007e-5
57095,0.00013369,8.91603e-5,4.45297e-5
57113,8.98159e-5,6.68036e-5,2.3012299999999996e-5
57115,0.000100571,4.50258e-5,5.55452e-5
57133,0.000112014,0.000111447,5.669999999999964e-7
57138,0.000211111,0.000178763,3.2347999999999996e-5
57139,0.000155773,0.000111261,4.4512e-5
57144,0.000255576,0.000211823,4.375299999999997e-5
57178,0.000822824,0.00077873,4.409399999999995e-5
57183,0.000122532,Inf,Inf
57189,0.000200308,0.000200243,6.500000000002055e-8
57192,0.00014535,0.000122945,2.2405e-5
57196,0.000167442,Inf,Inf
57200,0.000322806,0.00028943,3.3376e-5
57219,5.59381e-5,Inf,Inf
57231,0.000789519,0.000778087,1.1432000000000022e-5
57241,0.000122882,0.000122526,3.5599999999999456e-7
57292,0.000222332,0.000189258,3.307399999999999e-5
57293,0.000266748,0.000155701,0.00011104699999999997
57295,0.000211332,0.000189104,2.2228000000000005e-5
57299,0.000233688,0.000167278,6.640999999999998e-5
57301,0.000178497,Inf,Inf
57332,0.000133444,Inf,Inf
57335,0.00023421,0.000222962,1.1247999999999998e-5
57340,0.000822258,0.000755957,6.630099999999995e-5
57355,0.000189698,0.000122739,6.695900000000001e-5
57362,0.000144821,0.000122478,2.2343e-5
57363,0.000100668,Inf,Inf
57366,0.000133878,0.000122513,1.1364999999999997e-5
57368,0.000133435,Inf,Inf
57408,0.000245398,0.000188993,5.640500000000001e-5
57409,0.000178036,Inf,Inf
57422,0.000856425,0.000856154,2.7099999999993015e-7
57428,0.000312076,0.000311169,9.070000000000237e-7
57453,0.00020001,Inf,Inf
57454,0.000178056,0.000156446,2.1610000000000005e-5
57463,0.000989703,0.000967322,2.238100000000003e-5
57466,0.000156438,0.000155873,5.650000000000056e-7
57467,0.000155741,0.000133347,2.2394000000000016e-5
57468,5.58448e-5,Inf,Inf
57477,0.000978758,0.000778667,0.0002000909999999999
57492,0.000177876,0.000167646,1.0229999999999988e-5
57493,0.000211457,0.000189191,2.226599999999998e-5
57495,0.000211688,0.000200285,1.1402999999999999e-5
57496,0.000322585,0.000189207,0.00013337800000000002
57501,0.000145052,0.000144822,2.3000000000001643e-7
57531,0.000378653,0.00036731,1.134300000000003e-5
57537,0.000244988,0.000244857,1.3100000000000264e-7
57562,0.000267355,0.000256493,1.0861999999999992e-5
57570,0.00022304,0.000166937,5.6103e-5
57571,0.000144666,0.000122907,2.1758999999999993e-5
57590,0.000178746,0.000133494,4.525199999999999e-5
57610,0.000155962,0.000144766,1.1195999999999992e-5
57633,0.000956052,0.000955888,1.6399999999998013e-7
57643,4.51467e-5,Inf,Inf
57662,0.000666763,0.000666667,9.599999999999366e-8
57666,0.0001009,0.00010032,5.799999999999978e-7
57703,0.000200689,0.000178562,2.2126999999999987e-5
57728,0.000100904,Inf,Inf
57772,0.000400014,0.000378651,2.1363000000000046e-5
57777,0.000134284,Inf,Inf
57785,0.000133676,0.000122989,1.0687000000000001e-5
57795,0.00022239,0.000211222,1.1167999999999985e-5
57800,8.98539e-5,7.83973e-5,1.1456600000000008e-5
57810,0.000989548,0.000955723,3.382500000000002e-5
57843,0.000200737,0.000189062,1.1675000000000026e-5
57848,0.000112018,0.000100211,1.180699999999999e-5
57898,0.000656128,0.000645112,1.1015999999999977e-5
57901,0.00013414,0.00013398,1.6000000000002557e-7
57904,0.000322235,0.000300401,2.183399999999998e-5
57916,0.000356509,0.000356408,1.0100000000001818e-7
57932,0.000755635,0.000734049,2.1586000000000088e-5
57938,4.4811e-5,Inf,Inf
57962,0.000356513,0.000345021,1.1491999999999991e-5
57965,0.000189382,0.000155935,3.344700000000001e-5
57969,0.000156497,Inf,Inf
57983,0.000989037,0.000967024,2.2012999999999872e-5
58050,0.000211802,0.000211146,6.560000000000019e-7
58073,0.000144823,0.000133566,1.1257000000000004e-5
58090,0.000945187,0.0008448,0.00010038699999999996
58104,0.00103371,0.00100034,3.3370000000000014e-5
58116,0.000100896,Inf,Inf
58125,0.000123073,0.000100033,2.3039999999999996e-5
58126,0.000178524,0.000178234,2.9000000000001247e-7
58132,0.000567608,0.000467319,0.00010028900000000004
58137,0.000978498,0.00096747,1.102799999999995e-5
58151,0.000189563,0.000178361,1.1201999999999978e-5
58180,0.000100531,8.89652e-5,1.1565800000000004e-5
58181,0.000200406,0.00020014,2.6600000000001406e-7
58182,0.000222904,0.000200376,2.2528000000000012e-5
58232,0.000845041,0.000833742,1.1299000000000096e-5
58239,0.000256206,0.000244469,1.1737e-5
58244,8.96913e-5,Inf,Inf
58245,0.000233897,0.000233394,5.030000000000052e-7
58270,0.000100484,Inf,Inf
58273,6.70823e-5,Inf,Inf
58274,0.000100941,0.000100305,6.359999999999987e-7
58275,0.000234229,0.000167501,6.6728e-5
58281,0.000756154,0.000745206,1.094799999999999e-5
58302,0.000178529,0.000166867,1.1662000000000011e-5
58303,4.45578e-5,Inf,Inf
58305,0.000300692,0.000267658,3.303399999999998e-5
58314,0.000100887,6.68634e-5,3.40236e-5
58336,0.000200732,0.00018915,1.1581999999999999e-5
58356,0.000233965,0.00022302,1.0944999999999998e-5
58359,0.000267237,0.000234021,3.3215999999999975e-5
58361,0.000178547,0.000177786,7.610000000000017e-7
58364,0.000145254,0.000111283,3.397099999999999e-5
58367,8.94306e-5,Inf,Inf
58375,0.000923213,0.000922751,4.6200000000001015e-7
58384,0.000111735,Inf,Inf
58404,0.000178361,0.000167372,1.0989000000000013e-5
58414,0.000100392,Inf,Inf
58423,0.00103381,0.000933721,0.00010008900000000004
58465,0.000178534,0.000167508,1.1025999999999999e-5
58496,6.70066e-5,Inf,Inf
58511,0.00086693,0.000855613,1.1317000000000054e-5
58518,0.000167115,0.000133814,3.3300999999999985e-5
58520,0.000100661,8.97433e-5,1.0917699999999999e-5
58524,0.000211352,0.000178765,3.258699999999999e-5
58525,8.91928e-5,7.80701e-5,1.1122700000000001e-5
58526,0.000156136,0.000144453,1.168299999999999e-5
58535,0.00103334,0.000967148,6.619199999999997e-5
58544,0.000867574,0.000855612,1.1962000000000019e-5
58549,0.000100724,Inf,Inf
58572,0.000167276,0.00014485,2.2426000000000005e-5
58597,0.000278129,0.000267395,1.0733999999999982e-5
58599,8.89515e-5,Inf,Inf
58623,0.000167127,0.000144938,2.2188999999999987e-5
58624,0.00015624,0.000123186,3.3054e-5
58705,0.000911912,0.000878181,3.373099999999995e-5
58713,0.000222937,0.000211113,1.1824000000000014e-5
58718,0.000178375,0.000166963,1.1412000000000005e-5
58723,0.000266782,0.000245334,2.144800000000003e-5
58748,0.000356183,0.000355696,4.869999999999701e-7
58791,0.000956149,0.00095606,8.899999999999186e-8
58803,0.000767636,0.000700122,6.751400000000007e-5
58820,0.00108913,0.000878296,0.00021083400000000002
58835,0.000189855,0.000167146,2.2709000000000016e-5
58839,0.000255755,0.000189575,6.617999999999999e-5
58841,0.000234155,0.000222802,1.1352999999999998e-5
58875,0.000789394,0.000788912,4.819999999999998e-7
58895,0.000278703,0.000245241,3.3462e-5
58896,0.000166924,0.000166867,5.700000000000301e-8
58901,0.000311217,0.000134279,0.00017693800000000002
58923,0.00100025,0.000978684,2.156599999999999e-5
58932,8.95855e-5,Inf,Inf
58957,0.000244742,0.000211247,3.3495000000000004e-5
58959,0.000111971,8.91532e-5,2.2817799999999997e-5
58965,0.000133837,0.000122407,1.1430000000000018e-5
58983,0.000222626,Inf,Inf
58985,8.97876e-5,8.91235e-5,6.640999999999993e-7
58997,0.00027782,0.000266857,1.096300000000001e-5
59002,8.89109e-5,Inf,Inf
59003,0.000111964,0.000111927,3.6999999999999815e-8
59005,0.000178673,0.000178384,2.889999999999967e-7
59027,5.57473e-5,Inf,Inf
59102,0.00011117,7.85828e-5,3.258719999999999e-5
59103,0.000156061,0.000134314,2.174700000000002e-5
59109,7.82118e-5,Inf,Inf
59133,0.000478392,0.000477881,5.110000000000227e-7
59159,7.85765e-5,6.73009e-5,1.127559999999999e-5
59161,0.000189272,0.000144513,4.475900000000001e-5
59179,0.000111987,Inf,Inf
59200,0.000112102,Inf,Inf
59203,0.000111896,0.000111601,2.9499999999999633e-7
59217,0.000145324,0.000122366,2.2958000000000006e-5
59248,0.000833779,0.00083364,1.3900000000002018e-7
59257,0.000167605,0.000167192,4.1299999999999757e-7
59294,0.000789603,0.00073433,5.5273e-5
59311,0.000144811,Inf,Inf
59343,0.000122894,Inf,Inf
59374,0.000233568,0.000212042,2.152600000000001e-5
59401,0.000200884,0.000144463,5.6420999999999994e-5
59419,8.91834e-5,Inf,Inf
59431,0.000189542,0.000167251,2.229100000000002e-5
59463,0.000766966,0.000744942,2.2024000000000045e-5
59469,0.000122514,0.000100147,2.2366999999999998e-5
59470,0.000189366,0.000189148,2.1799999999999012e-7
59472,0.000234161,0.000233776,3.850000000000175e-7
59477,0.000122513,0.000100365,2.2148000000000005e-5
59479,0.000200894,0.00017793,2.2963999999999992e-5
59486,8.8975e-5,Inf,Inf
59488,0.00012286,0.000122407,4.5300000000000396e-7
59507,0.000389707,0.000367375,2.233199999999996e-5
59508,0.000145272,Inf,Inf
59510,5.62677e-5,Inf,Inf
59536,0.000267266,0.000256225,1.1040999999999991e-5
59542,0.000122639,0.000122358,2.809999999999792e-7
59543,0.000122948,0.000122358,5.899999999999927e-7
59546,0.000266701,0.000255788,1.0912999999999982e-5
59556,0.00100001,0.000966877,3.313299999999997e-5
59567,7.85079e-5,Inf,Inf
59569,0.00028941,0.000289013,3.969999999999625e-7
59595,8.9366e-5,Inf,Inf
59600,0.000189367,0.000178142,1.1224999999999988e-5
59607,0.000311302,0.00027855,3.275199999999999e-5
59622,0.00043381,0.000389019,4.4791000000000026e-5
59627,0.000200243,0.000178629,2.1613999999999987e-5
59644,0.000456049,0.000423042,3.300699999999999e-5
59654,0.000134105,0.000133623,4.819999999999998e-7
59678,0.000100413,Inf,Inf
59685,0.000756515,0.000755767,7.480000000000681e-7
59706,8.93405e-5,Inf,Inf
59707,0.000111816,0.000100033,1.1783000000000006e-5
59708,0.000200296,0.000167223,3.3073e-5
59710,0.000356385,0.000223184,0.00013320100000000003
59719,0.00046756,0.000422392,4.5168e-5
59733,0.000911875,0.000889272,2.2603000000000054e-5
59747,0.000145292,8.91235e-5,5.616849999999999e-5
59765,0.00093356,0.000833742,9.981800000000011e-5
59771,0.000189875,0.000156104,3.3770999999999985e-5
59781,0.000300725,0.000289271,1.1453999999999989e-5
59835,0.000156112,Inf,Inf
59836,0.000200792,0.000166735,3.4057000000000016e-5
59837,0.000267407,0.000255943,1.1463999999999984e-5
59843,0.000267482,0.000256462,1.1019999999999986e-5
59848,0.000145348,0.000122257,2.3091000000000013e-5
59879,0.000100047,7.78111e-5,2.22359e-5
59883,0.000178538,0.000166735,1.1803000000000009e-5
59890,0.000155963,0.000111725,4.4238000000000006e-5
59893,0.000222375,0.000211828,1.0546999999999992e-5
59899,0.000189368,0.000144539,4.4829e-5
59937,8.92177e-5,7.78111e-5,1.1406600000000007e-5
59938,0.000200032,0.000178059,2.1973e-5
59943,0.000234106,0.000211986,2.2120000000000012e-5
59944,0.000222335,0.000222308,2.699999999999144e-8
59948,7.85791e-5,Inf,Inf
59949,0.000134292,0.000133379,9.129999999999826e-7
59954,0.000289742,0.000245121,4.4621000000000005e-5
59970,0.000778305,0.000744931,3.337399999999997e-5
60005,0.00011152,Inf,Inf
60008,0.000189131,0.000166763,2.2367999999999986e-5
60013,0.000244738,0.000223067,2.167099999999999e-5
60015,0.000134289,0.000133631,6.580000000000062e-7
60020,0.00101112,0.000944842,6.627799999999991e-5
60030,0.000122562,0.000122512,5.0000000000001215e-8
60031,0.00012261,Inf,Inf
60039,0.000689745,0.000666686,2.305899999999997e-5
60053,0.000245275,0.000244997,2.7799999999998616e-7
60066,0.000111201,7.87067e-5,3.24943e-5
60099,0.000912046,0.000900578,1.1468000000000047e-5
60112,0.000144461,0.000111704,3.2757e-5
60117,0.000200612,0.000100052,0.00010056
60146,0.000122422,8.92839e-5,3.313809999999999e-5
60147,0.000167267,0.000145108,2.2159000000000002e-5
60165,0.000200483,0.000144821,5.5662e-5
60168,0.000167469,8.94615e-5,7.800750000000001e-5
60170,0.000134124,0.000133634,4.900000000000173e-7
60172,0.000134215,0.000122294,1.1920999999999996e-5
60173,0.000145284,0.000144926,3.5799999999999894e-7
60180,0.000300938,0.0002676,3.3338e-5
60196,0.000188895,0.000167541,2.1354000000000013e-5
60208,0.000212051,0.000211636,4.1500000000000196e-7
60215,0.000255962,0.000245061,1.090100000000001e-5
60217,0.000289397,0.000289271,1.2599999999997813e-7
60221,0.000322897,0.00032269,2.0700000000000666e-7
60239,0.000167652,0.000122683,4.496899999999998e-5
60282,5.59293e-5,Inf,Inf
60284,0.000456533,0.00044484,1.1693000000000012e-5
60303,0.000389317,0.000289392,9.9925e-5
60307,0.000578232,0.000567622,1.0609999999999981e-5
60316,0.000123193,0.000100464,2.2729000000000005e-5
60319,0.000233635,0.000211599,2.203599999999999e-5
60322,0.000134267,8.90956e-5,4.5171400000000006e-5
60324,0.000156291,0.00012269,3.360099999999999e-5
60326,0.000267488,0.000267241,2.4700000000004016e-7
60334,8.9106e-5,Inf,Inf
60335,0.000267351,0.000167499,9.985199999999999e-5
60346,0.000889798,0.000866756,2.3042000000000028e-5
60357,0.000200408,0.000177914,2.249400000000002e-5
60382,0.000167118,Inf,Inf
60387,0.000122973,0.000112031,1.0941999999999991e-5
60389,0.000300119,0.00025642,4.3699000000000016e-5
60392,0.000122948,Inf,Inf
60406,7.80371e-5,Inf,Inf
60415,0.000944727,0.000922674,2.2053000000000068e-5
60434,0.000178558,Inf,Inf
60456,0.000100296,5.6081e-5,4.4215e-5
60458,0.000167661,0.000111681,5.597999999999999e-5
60483,0.000189818,0.000189756,6.200000000000042e-8
60491,0.000300338,0.00027855,2.178799999999996e-5
60496,0.000189004,0.000188936,6.799999999998647e-8
60528,0.000233598,0.000233403,1.9500000000000745e-7
60536,0.000111965,0.000100197,1.1768e-5
60542,0.000244754,0.000244648,1.0600000000004269e-7
60554,0.000956046,0.000945294,1.0752000000000049e-5
60568,0.000411623,0.000356251,5.537200000000004e-5
60594,0.000223149,0.000222955,1.939999999999917e-7
60597,0.000234161,0.000233482,6.790000000000116e-7
60598,0.000234169,Inf,Inf
60631,0.000700774,0.000700608,1.6600000000001162e-7
60661,0.000289803,0.000266827,2.2975999999999964e-5
60692,0.000100512,Inf,Inf
60695,0.000167016,0.000166827,1.889999999999943e-7
60715,0.000267609,0.00023373,3.387899999999998e-5
60724,0.000200264,0.000155671,4.4593e-5
60731,0.000911538,0.000900608,1.0930000000000033e-5
60738,0.000123196,0.000100097,2.3099000000000004e-5
60768,0.000267354,0.000266733,6.209999999999658e-7
60795,0.000489249,0.000434294,5.495499999999998e-5
60823,0.000178067,0.000167391,1.067599999999999e-5
60827,0.00028988,0.000278542,1.1338000000000006e-5
60829,0.000111587,0.000111546,4.0999999999995033e-8
60830,0.000100627,Inf,Inf
60850,0.000189211,Inf,Inf
60861,0.000944518,0.000922674,2.184400000000003e-5
60876,0.000144899,0.000122282,2.2617000000000004e-5
60881,7.86197e-5,7.8427e-5,1.9269999999999563e-7
60928,0.00013376,0.000123165,1.059499999999999e-5
60931,0.000189776,0.000177975,1.1801000000000004e-5
60932,0.000211155,0.000200252,1.0903000000000014e-5
60937,0.000267614,0.000256254,1.1360000000000027e-5
60960,0.000923162,0.000900316,2.2846000000000086e-5
60964,0.000112061,0.000100864,1.1196999999999995e-5
60965,3.35032e-5,Inf,Inf
60988,0.000189343,0.000166815,2.2527999999999985e-5
60997,0.000111984,Inf,Inf
61004,0.000900253,0.000878074,2.2178999999999992e-5
61011,0.000111268,7.87611e-5,3.250690000000001e-5
61012,8.89973e-5,Inf,Inf
61039,0.000167245,0.000166983,2.620000000000053e-7
61061,0.000200915,Inf,Inf
61088,0.000233969,0.000222468,1.1500999999999997e-5
61094,0.000189038,0.000156104,3.293399999999998e-5
61099,0.000122273,8.9709e-5,3.2563999999999995e-5
61100,0.000111846,Inf,Inf
61120,0.000888942,0.0008565,3.244200000000004e-5
61125,7.82831e-5,7.79213e-5,3.618000000000073e-7
61127,0.000111907,Inf,Inf
61128,0.000189091,0.000167261,2.183e-5
61144,0.000100367,7.86765e-5,2.16905e-5
61152,0.000122644,7.8427e-5,4.421699999999999e-5
61184,0.000122844,0.000122683,1.609999999999871e-7
61192,0.000733779,0.000700721,3.305800000000009e-5
61211,0.000111405,0.000100966,1.0439e-5
61213,0.000178614,0.000156555,2.2059e-5
61216,0.000233534,0.000233367,1.6700000000000026e-7
61229,0.000923147,0.000911622,1.1525000000000077e-5
61235,0.00012309,0.000122543,5.469999999999932e-7
61265,0.000156414,0.000144841,1.157300000000002e-5
61267,0.000255994,0.000234119,2.1875000000000003e-5
61271,0.000100122,Inf,Inf
61277,0.000267067,0.000256497,1.0570000000000002e-5
61281,0.000623005,0.000600035,2.2970000000000087e-5
61292,0.000100456,Inf,Inf
61313,0.000233718,0.000233473,2.4500000000000867e-7
61314,0.000156215,Inf,Inf
61348,0.000156211,0.000155927,2.839999999999993e-7
61376,0.000278557,0.000278192,3.6500000000000074e-7
61381,0.000933459,0.000889314,4.414499999999999e-5
61410,0.000778313,0.000777989,3.240000000000057e-7
61427,0.000133942,Inf,Inf
61430,0.000123124,0.000122786,3.380000000000093e-7
61432,0.00012227,0.000111741,1.0529000000000007e-5
61433,0.000311225,0.000244838,6.6387e-5
61439,8.9354e-5,Inf,Inf
61440,0.000100637,8.91082e-5,1.1528800000000004e-5
61452,0.000956304,0.000900183,5.6121000000000014e-5
61467,0.000489877,0.000488916,9.609999999999523e-7
61491,0.000234078,0.000233859,2.1900000000000587e-7
61500,0.000944668,0.000889662,5.5005999999999913e-5
61520,0.00106668,0.000945247,0.000121433
61532,0.000222939,0.000222657,2.8199999999999493e-7
61542,0.000289072,0.000200591,8.848100000000004e-5
61550,0.000144889,0.000144531,3.5799999999999894e-7
61597,0.00018973,0.000155926,3.380399999999999e-5
61598,0.000223044,0.000211612,1.1431999999999995e-5
61600,0.000211871,0.000178188,3.368300000000001e-5
61609,8.92962e-5,8.92105e-5,8.56999999999914e-8
61631,0.000112093,0.000100522,1.1571000000000002e-5
61651,0.000111706,0.000111392,3.140000000000109e-7
61652,8.97563e-5,7.86336e-5,1.1122700000000001e-5
61657,0.000156472,0.000156307,1.6499999999999588e-7
61671,0.000911887,0.000911272,6.150000000000339e-7
61700,0.000311953,0.000267438,4.451500000000002e-5
61738,0.000166952,0.000133431,3.3521000000000007e-5
61746,0.000266809,0.000256168,1.0641000000000036e-5
61760,0.000178715,0.000134128,4.458700000000001e-5
61787,0.000156272,Inf,Inf
61789,0.000255773,0.000245101,1.0671999999999982e-5
61793,0.000145285,0.000134153,1.1131999999999988e-5
61800,0.000256556,0.000211884,4.467200000000002e-5
61821,0.000611136,0.000578658,3.2477999999999956e-5
61827,0.000122538,0.000100412,2.2125999999999998e-5
61846,0.000166884,Inf,Inf
61855,0.000178313,0.000156555,2.1758000000000004e-5
61858,0.000267518,Inf,Inf
61864,0.00011161,0.000100552,1.1058000000000002e-5
61887,0.000167289,0.000167042,2.4699999999998595e-7
61911,0.000400379,0.000367585,3.2794e-5
61912,0.00022303,0.000222506,5.240000000000106e-7
61914,0.000177997,0.000155773,2.2223999999999996e-5
61923,0.000300334,0.000289605,1.0728999999999958e-5
61943,4.47348e-5,Inf,Inf
61968,0.000156266,0.000133345,2.292100000000002e-5
62035,0.000178319,0.000156171,2.2147999999999992e-5
62043,0.000278581,0.000256413,2.2168000000000036e-5
62071,0.000144845,Inf,Inf
62089,0.000122472,0.000111392,1.1079999999999996e-5
62100,7.81431e-5,Inf,Inf
62101,6.71545e-5,Inf,Inf
62103,0.000166918,0.000122583,4.4335e-5
62128,4.52709e-5,Inf,Inf
62133,0.000167627,0.000133754,3.387299999999999e-5
62152,0.000267395,0.000222683,4.471200000000003e-5
62159,0.000189585,0.000178309,1.1276000000000005e-5
62171,0.000200595,0.000155937,4.465799999999999e-5
62184,0.000767534,0.000766701,8.329999999999969e-7
62187,0.000767404,0.000755704,1.1700000000000013e-5
62200,0.000178033,Inf,Inf
62203,0.000212088,0.00021121,8.780000000000007e-7
62229,0.000178179,0.000156171,2.2007999999999983e-5
62230,0.000255903,0.000234182,2.172099999999999e-5
62238,0.00023422,0.000134052,0.00010016799999999998
62239,0.000244787,0.000222878,2.1908999999999996e-5
62255,0.000111757,0.000111685,7.199999999999524e-8
62281,0.000177945,0.000156016,2.1928999999999986e-5
62283,0.000111182,Inf,Inf
62284,0.000178032,0.000166794,1.1238000000000003e-5
62291,0.000900544,0.000877999,2.254500000000001e-5
62311,0.000145363,0.000144624,7.390000000000077e-7
62329,0.000100369,Inf,Inf
62359,0.00016735,0.000144834,2.2516000000000013e-5
62362,0.000845141,0.000811765,3.3376e-5
62378,0.000133821,0.000122359,1.1462000000000006e-5
62401,0.000167534,0.000111111,5.6423e-5
62413,0.000967583,0.00094537,2.2213000000000094e-5
62420,0.000334029,0.000333738,2.910000000000282e-7
62426,8.90214e-5,Inf,Inf
62436,0.000256393,0.000166804,8.9589e-5
62440,0.000133925,Inf,Inf
62441,0.000178115,0.000100285,7.783e-5
62458,0.000133688,0.000122522,1.1166000000000008e-5
62476,0.000855895,0.000766991,8.8904e-5
62483,0.000222427,0.000222389,3.800000000000201e-8
62486,0.00012297,Inf,Inf
62487,0.000200085,0.000177883,2.2202000000000002e-5
62490,0.000144716,0.000144642,7.399999999999963e-8
62536,0.000100408,8.93054e-5,1.1102600000000004e-5
62537,0.000111983,Inf,Inf
62542,0.000133849,Inf,Inf
62550,0.000245261,0.000222407,2.2853999999999995e-5
62558,0.00085606,0.000845007,1.105299999999991e-5
62559,0.000922248,0.0009116,1.064799999999993e-5
62574,0.000133929,8.91694e-5,4.47596e-5
62592,0.000800615,0.000789333,1.1281999999999937e-5
62609,0.000200135,0.000145226,5.4908999999999985e-5
62660,0.000256005,0.000245041,1.0964000000000026e-5
62663,0.00024503,0.000177855,6.717499999999997e-5
62664,0.000122266,8.92167e-5,3.3049299999999995e-5
62702,0.000889266,0.000867186,2.207999999999995e-5
62709,0.000144728,Inf,Inf
62710,0.000177812,0.000155773,2.203900000000001e-5
62713,0.000222371,0.000167152,5.521899999999999e-5
62716,0.000134245,Inf,Inf
62727,0.000923077,0.000900852,2.2225000000000066e-5
62728,0.000855889,0.000844908,1.0980999999999968e-5
62742,5.58874e-5,Inf,Inf
62743,0.000134237,0.000122462,1.1775000000000002e-5
62745,0.000111785,Inf,Inf
62750,0.000911831,0.000789479,0.00012235199999999994
62771,0.000145275,0.000133983,1.1291999999999986e-5
62781,0.000256295,0.000234,2.229500000000003e-5
62800,0.000133666,0.000111931,2.1735000000000008e-5
62825,0.000123161,0.000122814,3.469999999999884e-7
62827,0.000133908,0.000111799,2.2108999999999988e-5
62865,0.000156497,Inf,Inf
62866,0.000123155,0.000123133,2.2000000000021135e-8
62881,0.000933385,0.000900929,3.245600000000004e-5
62891,0.000189417,0.000178609,1.0807999999999982e-5
62894,0.000122506,8.96945e-5,3.28115e-5
62918,0.000189241,Inf,Inf
62952,0.000145378,0.000100376,4.500199999999999e-5
62954,0.000178718,0.00016668,1.2037999999999996e-5
62995,6.7102e-5,Inf,Inf
62996,7.81229e-5,Inf,Inf
63020,0.000111589,0.000100333,1.1256000000000002e-5
63029,0.000123156,0.000123054,1.0200000000000682e-7
63032,0.00021211,0.000177806,3.4304e-5
63038,0.000533755,0.000500672,3.308300000000005e-5
63075,0.000145188,Inf,Inf
63086,0.00020029,0.000189756,1.0534000000000005e-5
63088,0.000133502,0.000100285,3.321699999999999e-5
63107,0.000189768,Inf,Inf
63127,0.000223177,0.000222384,7.929999999999905e-7
63130,0.000123085,0.00011203,1.1054999999999995e-5
63131,0.000133969,0.00011194,2.2029000000000002e-5
63136,0.000178358,0.000178065,2.929999999999784e-7
63137,0.000155658,0.00014482,1.0837999999999993e-5
63159,0.000267423,0.000245073,2.2349999999999974e-5
63198,0.000144567,0.000122557,2.2009999999999987e-5
63201,0.000222924,0.000222445,4.790000000000068e-7
63206,0.000189174,0.000156219,3.2954999999999985e-5
63207,0.000367031,0.000344627,2.2403999999999957e-5
63220,0.000811341,0.000767452,4.388900000000008e-5
63249,0.000100561,0.000100371,1.899999999999965e-7
63251,0.000145277,Inf,Inf
63296,0.000133908,0.00012285,1.1057999999999988e-5
63297,0.000123059,0.000122838,2.2099999999998315e-7
63304,0.000178361,0.000133853,4.4508000000000015e-5
63314,0.000223003,0.000200717,2.2285999999999996e-5
63315,0.000612051,0.000534068,7.7983e-5
63348,0.000900454,0.000900059,3.94999999999931e-7
63367,0.000166751,0.000155597,1.1154000000000009e-5
63410,0.000289419,0.00027863,1.0789000000000035e-5
63418,0.000978519,0.000978324,1.9499999999992614e-7
63456,0.000100142,Inf,Inf
63460,0.000200655,0.000167286,3.3369e-5
63461,0.000289385,0.000278772,1.0613000000000029e-5
63466,0.000200372,0.000189584,1.078800000000002e-5
63468,0.000156331,0.000145236,1.1095000000000001e-5
63470,0.000178276,Inf,Inf
63472,5.62623e-5,Inf,Inf
63492,0.00104517,0.00101182,3.3349999999999916e-5
63508,7.87476e-5,6.74562e-5,1.1291399999999998e-5
63510,0.000189075,0.000178406,1.0668999999999989e-5
63513,0.00023399,0.000200501,3.348899999999999e-5
63547,0.0009115,0.000900898,1.0601999999999964e-5
63581,0.000133438,Inf,Inf
63602,0.000700867,0.000700459,4.0800000000002726e-7
63661,0.000167185,0.000144689,2.2495999999999996e-5
63667,0.000144894,Inf,Inf
63699,8.97539e-5,7.85058e-5,1.1248100000000005e-5
63700,8.96743e-5,Inf,Inf
63718,0.000278422,0.000245056,3.3366000000000005e-5
63719,0.000178483,0.000167504,1.0979000000000018e-5
63721,0.000155901,0.000144877,1.1024000000000022e-5
63741,0.000245364,0.000222509,2.2854999999999984e-5
63744,0.00013409,8.92604e-5,4.4829600000000015e-5
63758,0.000800192,0.000756538,4.365400000000007e-5
63760,0.000811752,0.000789497,2.2254999999999996e-5
63765,0.000145442,0.000145298,1.439999999999905e-7
63769,0.000200491,0.000189554,1.093699999999998e-5
63771,0.000200622,0.000134205,6.641699999999998e-5
63818,0.000300042,0.000211947,8.809499999999998e-5
63819,0.000167331,0.00015627,1.1061000000000008e-5
63821,0.000178179,0.000167077,1.1101999999999976e-5
63829,0.00016738,0.00016683,5.499999999999863e-7
63858,5.5776e-5,Inf,Inf
63876,0.000122518,0.00010029,2.2228000000000005e-5
63877,0.00015602,Inf,Inf
63920,0.000167563,0.000167334,2.290000000000007e-7
63939,0.000456418,0.000455676,7.419999999999736e-7
63952,0.000245275,0.000177853,6.742199999999998e-5
63956,0.000134231,Inf,Inf
63958,0.000133867,Inf,Inf
63960,0.000344653,0.000311412,3.324099999999999e-5
63963,0.000322744,0.00028918,3.356400000000003e-5
64031,0.000123002,8.88949e-5,3.410710000000001e-5
64032,0.00024528,0.000244583,6.97000000000024e-7
64043,0.0010898,0.0010778,1.1999999999999858e-5
64056,0.000100628,Inf,Inf
64083,0.000122544,0.000111147,1.1397000000000013e-5
64131,0.000189544,0.000189517,2.7000000000018546e-8
64141,8.98562e-5,Inf,Inf
64173,0.00100073,0.000933365,6.7365e-5
64186,0.000278148,0.000233566,4.458199999999999e-5
64230,0.000156132,0.000133424,2.2708e-5
64259,0.000133606,0.000112047,2.1559e-5
64262,0.000300959,0.000289085,1.1873999999999988e-5
64282,0.000133983,0.000112111,2.187200000000001e-5
64337,0.00011119,0.000100212,1.0978000000000002e-5
64339,0.000100121,Inf,Inf
64367,0.000189513,0.000189116,3.970000000000167e-7
64368,0.000223211,0.000211673,1.1537999999999983e-5
64369,0.000167333,0.000155854,1.1479000000000003e-5
64371,0.000155773,0.000134122,2.1651e-5
64394,0.000167034,0.000145149,2.1884999999999998e-5
64395,0.000189206,0.000178103,1.1102999999999992e-5
64398,0.000145386,0.000145093,2.930000000000055e-7
64405,0.000823041,0.000812062,1.0979000000000045e-5
64420,0.000100253,Inf,Inf
64426,0.000200617,0.000155662,4.4955000000000006e-5
64429,0.000145003,0.000100113,4.489e-5
64430,0.000122385,0.000112047,1.0337999999999995e-5
64441,0.000178636,0.000133417,4.5219000000000015e-5
64448,0.00110077,0.00106677,3.399999999999996e-5
64467,0.000167262,0.000167165,9.70000000000094e-8
64494,0.000178325,0.000167152,1.117300000000001e-5
64497,0.000178728,0.000134238,4.4489999999999976e-5
64503,0.000111534,0.000111242,2.920000000000033e-7
64504,0.00018963,0.000133806,5.5824e-5
64516,0.00104488,0.00100084,4.4039999999999965e-5
64527,7.83415e-5,Inf,Inf
64551,8.91887e-5,7.80764e-5,1.1112299999999992e-5
64578,0.000189555,Inf,Inf
64579,0.00016766,0.000166742,9.180000000000071e-7
64612,0.000178334,0.000167415,1.0918999999999995e-5
64618,0.000422671,0.000400301,2.2370000000000018e-5
64623,0.000178313,0.00016701,1.1303000000000024e-5
64652,0.000478323,0.000433462,4.486099999999999e-5
64679,0.000167414,0.000167302,1.1200000000000164e-7
64681,8.91703e-5,8.90833e-5,8.700000000000103e-8
64685,0.000200279,0.000166999,3.328000000000001e-5
64691,0.00014495,0.000122951,2.1999000000000004e-5
64692,0.00012277,0.000100291,2.2478999999999986e-5
64729,0.000245026,0.000145192,9.983400000000003e-5
64730,0.000167398,0.000134249,3.3149000000000004e-5
64740,8.98298e-5,Inf,Inf
64749,0.00105634,0.00104523,1.110999999999994e-5
64762,0.000145148,Inf,Inf
64768,0.000189774,0.000178096,1.1677999999999992e-5
64770,0.000311204,0.000289319,2.188499999999997e-5
64788,0.000445308,0.000433361,1.1947e-5
64789,0.000189629,0.000167434,2.2195e-5
64794,7.81608e-5,Inf,Inf
64798,7.8614e-5,Inf,Inf
64799,0.000166887,0.000144751,2.2135999999999993e-5
64813,0.0011008,0.000911208,0.00018959200000000004
64822,0.000589864,0.000589133,7.309999999999088e-7
64836,0.00106711,0.000888934,0.00017817600000000005
64851,0.000211912,0.000145023,6.688899999999999e-5
64855,0.000100459,Inf,Inf
64857,0.00014484,0.00012231,2.252999999999999e-5
64894,0.000178611,Inf,Inf
64897,0.000612107,0.00061164,4.6699999999998045e-7
64917,0.000244661,0.000167644,7.701700000000003e-5
64953,0.000278671,0.000256224,2.2446999999999983e-5
64958,0.000145388,0.000134064,1.1324000000000002e-5
64960,0.000133778,0.000133485,2.930000000000055e-7
64962,0.000178218,0.000144486,3.3731999999999995e-5
64979,0.000200651,0.000133494,6.715699999999998e-5
64985,0.000200586,0.000123003,7.758299999999999e-5
64991,0.000133385,8.89295e-5,4.44555e-5
65004,0.000878489,0.000878432,5.700000000003012e-8
65021,0.000267266,0.000256053,1.1212999999999989e-5
65026,0.000200273,0.000189049,1.1224e-5
65038,0.000966782,0.000944685,2.2097000000000002e-5
65057,0.000200725,0.000189836,1.0888999999999983e-5
65058,0.000322853,0.000300088,2.2765000000000003e-5
65088,0.000133401,0.000122788,1.0613000000000002e-5
65104,0.000600729,0.000567261,3.346800000000004e-5
65106,0.000100328,Inf,Inf
65112,0.000333591,0.000322659,1.093200000000001e-5
65115,0.000300578,0.000255891,4.4687000000000014e-5
65117,0.000122844,6.75569e-5,5.5287099999999995e-5
65165,0.000300566,0.000289579,1.0987000000000008e-5
65168,6.71797e-5,Inf,Inf
65170,0.000166847,Inf,Inf
65177,0.000300975,0.000289845,1.1129999999999983e-5
65184,0.000111391,0.000100488,1.0903e-5
65244,0.00106729,0.00102223,4.505999999999998e-5
65253,0.00101205,0.000823141,0.00018890900000000002
65261,0.000111229,Inf,Inf
65265,0.000233742,0.000223106,1.0636000000000011e-5
65287,5.59414e-5,Inf,Inf
65288,0.000100781,Inf,Inf
65294,0.000200065,0.000178059,2.2006000000000006e-5
65297,0.000211631,Inf,Inf
65298,0.00016749,0.000156166,1.1324000000000002e-5
65303,0.00021168,0.000167326,4.4354e-5
65325,0.000167005,0.000166727,2.7799999999998616e-7
65346,0.000133959,0.000111791,2.216800000000001e-5
65349,0.00020078,0.000189515,1.1265000000000022e-5
65352,5.60055e-5,Inf,Inf
65356,0.00024499,Inf,Inf
65407,0.000189336,0.000167488,2.1847999999999985e-5
65411,0.000211424,0.000200129,1.1294999999999979e-5
65412,8.90482e-5,Inf,Inf
65431,8.89222e-5,Inf,Inf
65435,0.000189169,Inf,Inf
65461,0.000189878,0.000178581,1.1296999999999983e-5
65463,0.000189817,0.000177874,1.194299999999999e-5
65498,0.000155566,0.000111152,4.4414e-5
65504,0.000667043,0.000623059,4.398399999999995e-5
65523,0.00018958,0.000177853,1.1727000000000005e-5
65531,0.000466976,0.000455655,1.1321000000000009e-5
65535,0.000166889,0.000166682,2.0700000000000666e-7
65574,0.000589736,0.000589733,2.9999999999388155e-9
65578,0.000200755,0.000178375,2.2379999999999986e-5
65586,0.000112106,0.000111549,5.570000000000016e-7
65612,0.000244657,0.000233979,1.0678000000000022e-5
65613,0.000111746,Inf,Inf
65655,7.87371e-5,Inf,Inf
65679,0.000178636,0.000145141,3.3495000000000004e-5
65683,0.000212076,0.00017829,3.3786000000000005e-5
65736,0.000145008,Inf,Inf
65738,0.000123157,0.000123094,6.299999999998906e-8
65740,0.00015626,7.86737e-5,7.758629999999999e-5
65779,0.00021173,0.000178661,3.306900000000002e-5
65802,0.000111459,Inf,Inf
65807,0.000122265,Inf,Inf
65816,0.000167666,0.000156435,1.1231000000000001e-5
65832,0.0010003,0.00100028,1.9999999999881224e-8
65862,0.000122716,0.000122571,1.4500000000000624e-7
65870,0.000244701,0.000234058,1.0643000000000013e-5
65916,0.000100272,Inf,Inf
65918,0.000200056,0.000167084,3.297200000000001e-5
65921,0.000178677,0.000167647,1.1030000000000008e-5
65922,0.00047872,0.000267487,0.00021123300000000002
65925,0.000156229,Inf,Inf
65953,8.89446e-5,Inf,Inf
65954,5.558e-5,Inf,Inf
65969,0.000877828,0.0008453,3.2527999999999984e-5
65976,0.00044519,0.000422784,2.240599999999999e-5
65988,0.000222499,0.000211808,1.069100000000001e-5
65997,0.00023409,0.000222566,1.1524000000000007e-5
66027,0.00093369,0.000933621,6.900000000000222e-8
66032,0.000878556,0.000822897,5.5659000000000004e-5
66088,0.000222418,0.000211886,1.0532e-5
66090,0.000222693,0.000211617,1.1076e-5
66108,0.000145226,0.000111906,3.332000000000001e-5
66129,0.00017846,Inf,Inf
66131,0.000133936,0.000133911,2.4999999999987055e-8
66134,0.000133722,0.000122995,1.072699999999998e-5
66173,0.000178185,0.000177926,2.5900000000001226e-7
66212,7.85544e-5,Inf,Inf
66239,3.35908e-5,Inf,Inf
66241,0.000145345,0.000144848,4.970000000000191e-7
66248,0.000222672,0.000178321,4.435100000000001e-5
66254,0.000844803,0.000800675,4.412799999999994e-5
66257,0.00100032,0.000956345,4.3975000000000025e-5
66263,0.000178204,0.000166673,1.1531000000000009e-5
66284,0.000323194,0.000300337,2.2856999999999988e-5
66290,0.000211607,0.000122583,8.9024e-5
66298,0.000155975,0.000155843,1.320000000000184e-7
66301,0.000367536,0.000367173,3.6300000000002346e-7
66318,0.000167511,0.000111258,5.625299999999999e-5
66326,0.000977859,0.000922785,5.507400000000001e-5
66335,0.000289352,Inf,Inf
66337,0.000156118,0.000144525,1.1593000000000009e-5
66363,6.72006e-5,Inf,Inf
66380,0.000144678,0.000122387,2.2290999999999994e-5
66382,0.000156211,0.000156204,7.0000000000017965e-9
66384,0.000156068,0.00012303,3.303800000000002e-5
66388,0.000223124,0.000211472,1.165199999999999e-5
66417,0.000189885,0.000145174,4.4710999999999986e-5
66431,0.000611743,0.000611479,2.640000000000368e-7
66447,0.000245361,0.000234279,1.1081999999999986e-5
66448,0.00032301,0.000266771,5.6238999999999974e-5
66455,0.000200568,0.000200212,3.5600000000002166e-7
66456,0.000189822,0.000122869,6.6953e-5
66493,0.000166962,0.000145423,2.1538999999999998e-5
66495,0.000177954,0.00012239,5.5564e-5
66496,0.000145386,0.000122543,2.284300000000001e-5
66500,0.000133897,0.000133707,1.9000000000001004e-7
66549,0.000145414,0.000144918,4.959999999999763e-7
66553,0.000134165,Inf,Inf
66586,0.000156476,0.000155635,8.410000000000145e-7
66603,0.000133971,0.000133748,2.2300000000001464e-7
66604,0.000134162,Inf,Inf
66611,0.000256065,0.000244466,1.1598999999999995e-5
66634,0.000100809,Inf,Inf
66636,0.000144534,0.000122927,2.1607000000000012e-5
66657,0.000178394,Inf,Inf
66663,0.000167127,Inf,Inf
66664,0.000111692,Inf,Inf
66695,0.000133613,0.000100379,3.3234000000000014e-5
66715,0.000467621,0.000455808,1.1813000000000004e-5
66718,6.68787e-5,Inf,Inf
66730,0.000178423,0.00015606,2.2363000000000016e-5
66731,0.000245203,0.000245119,8.399999999996735e-8
66733,0.000578767,0.000577951,8.159999999999461e-7
66745,0.000156523,0.000145254,1.1269000000000003e-5
66765,7.83438e-5,Inf,Inf
66776,0.000123161,Inf,Inf
66824,0.000144998,0.000134276,1.0721999999999983e-5
66828,0.000167657,0.000167365,2.9200000000001686e-7
66836,0.000733755,0.000723212,1.054300000000001e-5
66857,0.000111291,0.000100536,1.0755000000000001e-5
66860,0.000555792,0.000533913,2.187900000000004e-5
66881,0.000223194,Inf,Inf
66916,0.000312072,0.00030064,1.1431999999999968e-5
66918,0.000178754,8.90832e-5,8.967079999999999e-5
66943,0.000322625,0.000300835,2.1789999999999993e-5
66952,0.000122753,0.00012234,4.1299999999999757e-7
66953,0.00013341,0.000111188,2.2222000000000005e-5
66956,0.000145115,0.000144923,1.9199999999998732e-7
66957,0.000244518,0.000189358,5.515999999999998e-5
66977,0.000322295,0.000300177,2.2118000000000007e-5
66978,0.000145127,0.000133519,1.1608000000000001e-5
66979,0.000156006,0.000133519,2.2487000000000017e-5
66981,0.000100729,8.9383e-5,1.134600000000001e-5
66982,0.000100892,Inf,Inf
67004,0.000123221,0.000122357,8.639999999999971e-7
67005,0.000178179,0.000144992,3.318699999999998e-5
67009,0.00016753,0.000133763,3.376699999999998e-5
67010,0.000156207,0.000122785,3.342199999999999e-5
67012,0.000156149,0.000144974,1.1175000000000014e-5
67016,0.000378747,0.000377896,8.510000000000093e-7
67028,0.000845263,0.000811305,3.395799999999995e-5
67054,0.000178547,0.000166729,1.1818000000000001e-5
67056,8.9788e-5,Inf,Inf
67060,0.000155853,0.000144994,1.0858999999999999e-5
67063,0.00017788,0.000144561,3.3319e-5
67094,0.000312101,0.000289155,2.2946000000000034e-5
67118,0.000189811,0.00015583,3.3980999999999985e-5
67129,0.00107806,0.00092238,0.00015568000000000005
67140,0.000189277,0.000188922,3.550000000000059e-7
67152,0.000178285,0.000156179,2.2106000000000008e-5
67155,0.000156003,0.000123023,3.298e-5
67160,0.000122725,0.000100179,2.2545999999999984e-5
67169,0.000211908,0.000200452,1.1455999999999993e-5
67184,0.000123027,0.000111217,1.1809999999999997e-5
67188,0.000144842,0.000133614,1.1228000000000008e-5
67213,7.82771e-5,6.73758e-5,1.0901300000000004e-5
67218,0.00016696,0.000134321,3.2639e-5
67238,0.000589169,0.000589029,1.399999999999275e-7
67241,3.41535e-5,Inf,Inf
67243,8.93703e-5,8.92457e-5,1.2460000000000216e-7
67247,0.00091211,0.000911309,8.010000000000352e-7
67257,0.000589806,0.000544681,4.5125000000000026e-5
67266,0.000189244,Inf,Inf
67271,0.000122855,0.000111415,1.1439999999999999e-5
67292,8.94412e-5,8.91997e-5,2.414999999999942e-7
67332,0.000334227,0.000322378,1.1848999999999974e-5
67376,0.000111217,Inf,Inf
67408,0.000145075,0.000111131,3.3943999999999985e-5
67424,0.000400889,0.000400209,6.799999999999732e-7
67428,0.000900216,0.000889808,1.0408000000000053e-5
67468,0.000167094,0.000133538,3.3556000000000016e-5
67474,0.000189148,0.000189037,1.11000000000013e-7
67495,0.000356037,0.000344691,1.1346000000000023e-5
67496,0.000123196,0.000100093,2.3103e-5
67497,0.000167594,0.000111199,5.639499999999999e-5
67499,0.000178179,0.000111508,6.667099999999999e-5
67504,0.00031202,0.000278267,3.375299999999997e-5
67529,0.000145217,Inf,Inf
67531,8.95595e-5,8.94621e-5,9.739999999999673e-8
67535,0.000178405,Inf,Inf
67549,0.000278509,0.000244736,3.377300000000002e-5
67580,0.000122969,Inf,Inf
67612,0.000211962,0.000200483,1.1479000000000003e-5
67621,0.00021175,0.000211241,5.089999999999912e-7
67622,0.000111246,0.000111201,4.5000000000003804e-8
67623,0.000156363,0.000145043,1.1319999999999993e-5
67642,0.000122556,7.8583e-5,4.397300000000001e-5
67644,0.000122691,0.0001006,2.209099999999999e-5
67678,0.00017795,0.000166902,1.1047999999999993e-5
67702,0.000522488,0.00050077,2.1717999999999998e-5
67710,0.000144764,0.000133737,1.1026999999999988e-5
67721,0.000844787,0.000811279,3.350799999999991e-5
67733,7.87388e-5,6.71754e-5,1.1563400000000012e-5
67739,0.000189296,0.000189115,1.8100000000000386e-7
67740,0.000189653,0.000167122,2.2531000000000005e-5
67775,0.000867386,0.000800779,6.6607e-5
67797,0.000156504,0.000144882,1.1621999999999978e-5
67823,0.000167258,0.000144949,2.230899999999998e-5
67827,0.000134212,Inf,Inf
67831,0.000289593,0.000278449,1.1143999999999987e-5
67846,7.87518e-5,Inf,Inf
67851,0.000256048,0.000178176,7.787199999999999e-5
67853,8.90591e-5,Inf,Inf
67907,0.000400868,0.000400098,7.70000000000035e-7
67929,0.000145138,0.000134291,1.0847e-5
67931,0.000623004,0.000600688,2.231599999999998e-5
67946,0.0004449,0.000411719,3.318100000000002e-5
67950,0.000200942,0.000178184,2.2758e-5
67957,0.000145206,0.000144553,6.529999999999817e-7
67959,0.00016752,0.000144981,2.2538999999999995e-5
67962,0.000433968,0.000278552,0.00015541600000000002
67964,0.000156162,0.000144907,1.1255e-5
67986,0.000145153,0.000144803,3.500000000000085e-7
68009,0.000122958,Inf,Inf
68010,5.61999e-5,Inf,Inf
68014,0.000200485,0.000178386,2.2099000000000006e-5
68015,0.000144912,0.000134321,1.0591000000000008e-5
68016,0.000156077,0.000155902,1.749999999999907e-7
68042,0.000100412,Inf,Inf
68062,0.000189556,0.00015584,3.3716000000000014e-5
68063,8.89065e-5,7.83428e-5,1.0563699999999995e-5
68066,0.000145402,0.000111276,3.412599999999999e-5
68067,0.000222872,0.000178607,4.4264999999999984e-5
68076,0.000144796,0.000122665,2.2130999999999995e-5
68101,0.00021134,0.000156494,5.4845999999999996e-5
68119,6.7535e-5,Inf,Inf
68127,0.000322405,0.000322378,2.699999999999144e-8
68170,0.000444591,0.000422918,2.1672999999999994e-5
68174,0.000311956,0.000289167,2.2789e-5
68181,0.000189832,0.000178406,1.1425999999999982e-5
68223,0.000178417,0.00015604,2.2376999999999993e-5
68224,0.000166882,0.000145347,2.1535000000000017e-5
68227,0.000156013,0.000111115,4.4898000000000016e-5
68235,0.000211992,0.000189189,2.2803000000000005e-5
68253,0.000100578,Inf,Inf
68269,0.000667608,0.000667326,2.8199999999999493e-7
68274,0.000122523,0.000111193,1.1330000000000002e-5
68278,8.90673e-5,Inf,Inf
68283,0.000200558,0.000144646,5.5912e-5
68301,0.000145299,7.8583e-5,6.671599999999999e-5
68304,0.000133793,0.000112105,2.1688e-5
68315,0.000845116,0.000800476,4.463999999999998e-5
68325,0.000178431,Inf,Inf
68326,0.00016709,Inf,Inf
68355,0.000467058,0.000444844,2.2214e-5
68387,0.00022224,0.000133545,8.869500000000002e-5
68388,0.000177939,0.000145301,3.263800000000001e-5
68389,0.000278494,0.000278138,3.5600000000002166e-7
68410,0.000523071,0.000511991,1.10799999999999e-5
68417,0.000155707,0.000144586,1.1121000000000004e-5
68437,0.000156384,0.00014478,1.1603999999999993e-5
68439,0.00015618,Inf,Inf
68446,0.00021201,0.000134225,7.7785e-5
68470,0.000167113,0.000156253,1.0860000000000015e-5
68500,0.000156546,0.000144553,1.1992999999999992e-5
68506,0.000155834,0.000144868,1.0966000000000003e-5
68556,0.00078928,0.000789231,4.8999999999904155e-8
68571,0.000356474,0.000344946,1.1528000000000016e-5
68574,0.0002564,0.000233612,2.2787999999999986e-5
68579,0.000123153,0.000122227,9.259999999999976e-7
68598,0.000255903,0.000234257,2.1645999999999975e-5
68620,0.000411432,0.000389529,2.1902999999999983e-5
68626,0.000223079,0.000155586,6.749299999999999e-5
68627,0.000156467,0.000155586,8.809999999999938e-7
68641,0.00102222,0.00101151,1.070999999999993e-5
68650,0.000178626,Inf,Inf
68684,0.000288958,0.000277792,1.1166000000000008e-5
68686,0.000267251,0.000245026,2.2224999999999957e-5
68687,0.000277951,0.000267375,1.0576000000000042e-5
68690,0.000266976,0.000255929,1.1046999999999977e-5
68692,0.000200344,0.000166946,3.3397999999999994e-5
68738,0.000188905,0.00016672,2.2185000000000005e-5
68744,0.000145108,0.000133538,1.157e-5
68746,0.000189062,0.000167306,2.1756e-5
68767,0.00018986,Inf,Inf
68786,0.000111944,Inf,Inf
68790,0.000178777,0.00015607,2.270700000000001e-5
68795,0.000289796,0.000266777,2.301899999999999e-5
68818,0.000144859,8.92992e-5,5.55598e-5
68833,0.000800451,0.000800442,9.000000000033287e-9
68845,0.000145089,0.000122489,2.259999999999998e-5
68846,0.00013413,Inf,Inf
68847,0.000167576,Inf,Inf
68851,0.000300634,0.00024461,5.6024000000000004e-5
68871,0.000134145,Inf,Inf
68885,0.00100091,0.000800076,0.000200834
68891,0.000178612,0.000177982,6.29999999999999e-7
68900,0.00018957,0.000134281,5.528899999999998e-5
68901,0.00014542,0.000144766,6.539999999999975e-7
68904,0.000578242,0.000566684,1.1557999999999946e-5
68910,0.00106709,0.00105562,1.146999999999997e-5
68954,0.000144806,0.000144654,1.5200000000000803e-7
68956,0.000167345,Inf,Inf
68959,0.000155693,0.000144607,1.1085999999999995e-5
68979,0.000134249,0.000100822,3.342699999999999e-5
68980,0.000100489,Inf,Inf
68984,0.000212047,0.00018949,2.2557000000000008e-5
68991,0.000833351,0.000789843,4.3507999999999936e-5
69033,0.000167525,0.000155721,1.1803999999999997e-5
69034,0.000144916,0.000112105,3.281100000000001e-5
69038,0.000700046,0.000689503,1.054300000000001e-5
69057,0.000156164,0.000144537,1.1627000000000002e-5
69122,0.000156544,Inf,Inf
69130,0.000178121,0.000155639,2.2481999999999992e-5
69165,8.97355e-5,Inf,Inf
69168,0.000567622,0.000523089,4.453300000000003e-5
69187,7.86832e-5,Inf,Inf
69189,0.000233908,0.000178527,5.538100000000002e-5
69218,0.000256548,0.000245137,1.1411000000000017e-5
69248,0.000189833,0.000189331,5.020000000000165e-7
69296,0.000345101,0.000334067,1.103399999999999e-5
69321,0.000189665,0.000145038,4.462699999999999e-5
69341,0.000133812,0.000133424,3.880000000000105e-7
69343,0.000155876,0.000134251,2.1624999999999997e-5
69348,0.000178288,0.0001452,3.308799999999999e-5
69351,0.00025628,0.000234074,2.220600000000001e-5
69357,0.000178366,0.000167344,1.1022000000000017e-5
69397,6.68393e-5,Inf,Inf
69406,0.000178535,0.000155633,2.290200000000002e-5
69407,0.00015605,Inf,Inf
69425,0.00014473,0.00011138,3.335000000000001e-5
69445,0.000434047,0.00042256,1.148700000000002e-5
69458,0.000155901,0.00015587,3.100000000000021e-8
69486,0.00124498,0.000911916,0.0003330639999999999
69506,0.000166774,0.000133943,3.283100000000001e-5
69509,0.000122268,0.000111862,1.0406000000000008e-5
69510,0.000122878,0.000122641,2.3700000000001823e-7
69524,0.000856215,0.000833944,2.227100000000003e-5
69534,7.80402e-5,5.55705e-5,2.2469700000000006e-5
69535,0.000133732,8.95327e-5,4.419930000000001e-5
69545,0.000167247,0.000167222,2.500000000001416e-8
69571,0.00070072,0.000678337,2.238300000000006e-5
69581,0.00100053,0.000978629,2.1900999999999952e-5
69589,0.000100777,8.93099e-5,1.1467099999999997e-5
69590,0.000145266,0.000134206,1.1059999999999992e-5
69593,0.000122715,0.000100349,2.2365999999999996e-5
69618,0.000100813,8.91877e-5,1.1625299999999992e-5
69629,0.000300818,0.000300714,1.040000000000112e-7
69631,0.000178387,0.000177924,4.629999999999988e-7
69636,0.000267503,0.00024486,2.264299999999998e-5
69639,0.000322643,0.000278128,4.451500000000002e-5
69666,0.000667523,0.000634274,3.324900000000006e-5
69672,0.00010087,Inf,Inf
69695,0.000667009,0.000645133,2.1875999999999992e-5
69701,0.000189175,0.000189093,8.200000000001717e-8
69703,0.000100799,Inf,Inf
69707,0.000178472,Inf,Inf
69708,0.00018949,0.000178156,1.1333999999999997e-5
69713,0.000311705,0.000289422,2.2283000000000003e-5
69741,0.000123044,0.000100075,2.296899999999999e-5
69764,0.000111861,Inf,Inf
69765,4.48259e-5,Inf,Inf
69767,0.000100401,Inf,Inf
69774,0.000178569,0.000145335,3.3234000000000014e-5
69802,0.000122722,Inf,Inf
69803,0.000156509,0.000155906,6.029999999999805e-7
69804,0.000189723,0.000167327,2.239600000000002e-5
69818,0.000900195,0.000822901,7.7294e-5
69837,0.000166834,0.00012289,4.3944e-5
69839,0.00013351,7.81804e-5,5.5329599999999986e-5
69842,0.000144586,Inf,Inf
69844,0.000200913,0.00012262,7.8293e-5
69847,0.000178432,0.000167062,1.1369999999999994e-5
69874,0.000100589,Inf,Inf
69905,0.000189183,0.000178622,1.0560999999999996e-5
69906,0.000200456,0.000189035,1.1421000000000011e-5
69926,8.91664e-5,Inf,Inf
69933,0.000711813,0.00067818,3.3633000000000035e-5
69943,0.000645423,0.00064484,5.829999999999638e-7
69947,8.98067e-5,7.82856e-5,1.1521099999999994e-5
69949,0.000156502,0.000156338,1.6399999999998013e-7
69953,0.000133999,Inf,Inf
69960,0.000212066,0.000189085,2.2981000000000016e-5
69976,0.000111891,Inf,Inf
69977,0.000255939,0.000233644,2.2295000000000003e-5
70000,6.75573e-5,4.51791e-5,2.2378199999999995e-5
70010,0.000211576,0.000189834,2.1741999999999996e-5
70014,0.000589338,0.000500649,8.868899999999998e-5
70026,0.00106721,0.000934163,0.00013304700000000007
70029,0.000645378,0.000645247,1.3100000000000264e-7
70035,0.000166862,0.000122305,4.4557e-5
70036,0.000100774,8.98792e-5,1.0894799999999996e-5
70058,0.00016745,0.000167227,2.2300000000001464e-7
70068,0.000167181,0.000155639,1.1541999999999992e-5
70110,0.000122602,0.000111843,1.0758999999999996e-5
70137,8.97982e-5,Inf,Inf
70138,0.000222929,0.000189219,3.371e-5
70156,0.000656513,0.000655982,5.309999999999039e-7
70193,0.000700682,0.000667143,3.3538999999999965e-5
70199,0.000366839,0.000311429,5.5409999999999986e-5
70233,0.000122426,Inf,Inf
70241,0.000334249,0.000322445,1.1804000000000025e-5
70259,0.000178159,0.000166851,1.1307999999999994e-5
70280,0.00016763,0.000167021,6.089999999999937e-7
70283,0.000289707,0.000278358,1.1349000000000016e-5
70286,0.000300651,0.000300562,8.899999999999186e-8
70324,0.00073417,0.000734002,1.6800000000004311e-7
70332,0.00100063,0.000977798,2.2831999999999974e-5
70340,0.00011181,0.000111359,4.509999999999996e-7
70341,0.000133848,Inf,Inf
70348,0.000178757,0.000167386,1.137100000000001e-5
70366,0.00013353,0.000123148,1.0381999999999996e-5
70367,0.000100095,Inf,Inf
70368,0.000222629,0.000200652,2.197700000000001e-5
70373,0.000622397,0.000523067,9.933000000000001e-5
70376,0.000700824,0.000688993,1.1830999999999908e-5
70387,0.000578188,0.000556257,2.193099999999999e-5
70389,0.0001669,0.000133718,3.318199999999998e-5
70391,0.000111993,7.87102e-5,3.32828e-5
70392,0.00022262,Inf,Inf
70394,0.00012283,0.000111587,1.1242999999999987e-5
70398,0.000267042,0.000234074,3.2968e-5
70402,0.000311428,0.000289225,2.220299999999999e-5
70458,0.000133917,Inf,Inf
70459,0.000122639,0.000122597,4.1999999999983674e-8
70474,0.000600287,0.000589829,1.0457999999999973e-5
70491,0.000122598,0.000122568,2.9999999999984466e-8
70492,0.000111139,0.000100473,1.0665999999999996e-5
70493,4.44617e-5,Inf,Inf
70496,0.000233477,0.00018912,4.4356999999999996e-5
70524,0.000155856,0.000145136,1.0720000000000006e-5
70530,0.000389753,0.000289306,0.00010044699999999998
70533,0.000111309,Inf,Inf
70534,0.000200118,0.000189173,1.0944999999999998e-5
70541,0.000822825,0.000800392,2.243299999999998e-5
70574,0.000122698,0.000111367,1.133099999999999e-5
70581,0.000256432,0.00021149,4.494200000000002e-5
70585,0.000245335,0.000222846,2.248900000000002e-5
70613,7.84551e-5,7.78612e-5,5.938999999999944e-7
70641,0.00010072,8.96889e-5,1.1031100000000004e-5
70642,0.000100951,8.91189e-5,1.1832099999999998e-5
70676,0.000156264,0.000155703,5.609999999999968e-7
70678,0.000134201,0.000100327,3.3873999999999995e-5
70680,0.00010035,Inf,Inf
70696,0.000123107,Inf,Inf
70697,6.71509e-5,Inf,Inf
70700,0.000133602,0.000100877,3.2724999999999996e-5
70717,0.000100346,Inf,Inf
70718,0.000100248,7.81038e-5,2.214420000000001e-5
70721,0.000600311,0.00058934,1.097099999999992e-5
70738,0.000167226,0.000133378,3.3848000000000005e-5
70745,0.000389286,0.000378525,1.0761000000000028e-5
70793,0.00021211,0.000211292,8.180000000000047e-7
70823,0.000289807,0.000289369,4.3800000000001173e-7
70838,0.000800633,0.00078894,1.1693000000000012e-5
70853,6.68769e-5,Inf,Inf
70856,0.000256524,0.000244535,1.198900000000001e-5
70891,0.000200567,0.000144628,5.5938999999999994e-5
70920,0.000123167,0.000100707,2.2460000000000012e-5
70948,0.000622757,0.000611342,1.141500000000008e-5
70973,0.000134073,Inf,Inf
71003,0.000100884,8.92655e-5,1.1618500000000004e-5
71005,8.94136e-5,Inf,Inf
71006,8.98674e-5,Inf,Inf
71007,0.000111773,0.000111282,4.91000000000006e-7
71029,0.000122986,0.00012237,6.159999999999955e-7
71032,0.000167037,0.000155572,1.1465e-5
71042,0.000200958,0.000177944,2.3013999999999993e-5
71066,4.53679e-5,Inf,Inf
71110,0.000656477,0.000645322,1.1154999999999997e-5
71113,8.94077e-5,8.91229e-5,2.8480000000000107e-7
71137,7.85489e-5,Inf,Inf
71138,0.000156217,0.000156075,1.419999999999861e-7
71159,4.5011e-5,Inf,Inf
71160,0.000122909,0.000100473,2.2436000000000014e-5
71166,0.00078916,0.000756326,3.283400000000003e-5
71177,0.000156378,0.000144496,1.1882000000000006e-5
71182,0.000389063,0.000378456,1.0606999999999988e-5
71197,0.000133757,8.91762e-5,4.45808e-5
71203,0.000223094,0.000200923,2.2171e-5
71261,0.000100574,Inf,Inf
71262,0.000166797,Inf,Inf
71283,0.000545006,0.000534209,1.0796999999999998e-5
71284,0.000134232,0.000134185,4.700000000000819e-8
71285,0.000156325,0.000133391,2.293399999999998e-5
71288,0.000189673,Inf,Inf
71289,8.98371e-5,7.81736e-5,1.1663499999999994e-5
71291,0.00014543,Inf,Inf
71293,0.000200303,0.000189719,1.0584000000000006e-5
71299,7.77866e-5,Inf,Inf
71302,0.000389657,0.000356276,3.3381000000000025e-5
71328,0.000178165,0.000156549,2.1616000000000018e-5
71330,0.000100002,7.78294e-5,2.217259999999999e-5
71368,0.00107831,0.00106717,1.1139999999999978e-5
71377,0.000145108,Inf,Inf
71394,0.000122501,Inf,Inf
71395,0.00010077,0.000100427,3.4299999999999316e-7
71396,0.000111759,Inf,Inf
71400,0.000211571,0.000211292,2.790000000000019e-7
71445,0.000123211,Inf,Inf
71450,4.45992e-5,Inf,Inf
71467,0.000100401,Inf,Inf
71468,0.000311424,0.000311347,7.699999999996555e-8
71528,0.000112038,8.9315e-5,2.2723000000000006e-5
71529,0.000167113,0.000145047,2.2066000000000002e-5
71541,0.000855714,0.000844771,1.094300000000002e-5
71579,0.000200199,0.000189566,1.0632999999999991e-5
71603,0.000134286,Inf,Inf
71604,0.000178313,0.000145272,3.304100000000001e-5
71609,0.000255626,0.000255616,9.999999999994822e-9
71655,0.000122437,0.000111585,1.085200000000001e-5
71701,0.00015586,0.000144935,1.0924999999999981e-5
71704,8.98235e-5,8.89582e-5,8.653000000000068e-7
71705,0.000111806,0.000111486,3.200000000000105e-7
71719,0.000900963,0.000822606,7.835699999999993e-5
71747,0.000733493,0.000722793,1.0699999999999989e-5
71759,0.00012322,0.000111917,1.1302999999999997e-5
71760,0.000133475,Inf,Inf
71769,0.000144754,Inf,Inf
71774,0.00060094,0.000600164,7.759999999999668e-7
71805,0.000723042,0.000722841,2.010000000000206e-7
71810,0.000756043,0.000744909,1.1133999999999992e-5
71817,0.000167338,0.000134185,3.315300000000001e-5
71820,0.000100737,Inf,Inf
71823,0.00011139,8.89582e-5,2.2431800000000004e-5
71851,4.53561e-5,Inf,Inf
71853,4.54173e-5,Inf,Inf
71872,0.000189108,0.000178037,1.1071000000000003e-5
71876,7.7872e-5,Inf,Inf
71879,0.000366936,0.000356498,1.0437999999999984e-5
71904,0.00015634,0.000111784,4.455600000000001e-5
71929,0.00010004,8.94156e-5,1.06244e-5
71932,0.000100234,0.000100082,1.5200000000000803e-7
71934,0.000189306,0.000123088,6.6218e-5
71972,6.67959e-5,Inf,Inf
71973,0.000100716,8.95971e-5,1.1118900000000006e-5
71974,8.96706e-5,7.86641e-5,1.1006500000000004e-5
71995,0.000367648,0.00035639,1.1257999999999993e-5
72027,0.000334014,0.000333879,1.350000000000114e-7
72028,0.000444858,0.000444635,2.2300000000004174e-7
72038,0.000578009,0.000533791,4.421799999999995e-5
72043,6.68172e-5,Inf,Inf
72045,0.000122896,0.000122631,2.649999999999983e-7
72047,0.000133859,0.000122354,1.1505000000000006e-5
72048,5.61354e-5,Inf,Inf
72051,0.000234095,0.000233734,3.6099999999999197e-7
72057,0.000400295,0.000388986,1.1308999999999983e-5
72089,0.000134176,0.000111128,2.3048000000000014e-5
72110,0.000123135,Inf,Inf
72157,0.000856045,0.00085569,3.5500000000006013e-7
72158,0.00078945,0.000767387,2.206300000000001e-5
72172,0.000378151,0.000366715,1.143600000000003e-5
72195,0.000278401,0.000267134,1.1267000000000026e-5
72196,0.000112029,7.82285e-5,3.380049999999999e-5
72245,0.000233813,0.000200888,3.2925e-5
72248,0.000167193,0.000144785,2.2407999999999993e-5
72276,0.000166816,0.000145174,2.1641999999999994e-5
72277,8.98815e-5,Inf,Inf
72279,0.000178454,0.000156252,2.2202000000000002e-5
72307,7.8386e-5,6.67284e-5,1.1657600000000002e-5
72309,7.85126e-5,Inf,Inf
72330,0.000167478,0.000100308,6.717000000000001e-5
72340,0.000333929,0.000322951,1.097800000000003e-5
72384,0.000389849,0.000389772,7.700000000001976e-8
72388,0.000134239,0.00013383,4.089999999999888e-7
72435,0.000111881,0.000100669,1.1212e-5
72438,0.0001672,Inf,Inf
72455,0.000845163,0.000833987,1.1176000000000003e-5
72493,0.000422623,0.000400349,2.2274000000000024e-5
72495,0.000389232,0.000378694,1.0537999999999986e-5
72522,0.000122774,0.000111761,1.1012999999999998e-5
72523,0.000122836,Inf,Inf
72529,0.000912057,0.00085569,5.6366999999999984e-5
72536,0.000633426,0.000600934,3.249199999999996e-5
72542,0.000122782,Inf,Inf
72550,0.000300844,0.000300022,8.219999999999864e-7
72570,5.55927e-5,4.51499e-5,1.0442800000000001e-5
72593,0.000267492,0.000255934,1.1558e-5
72640,0.000877808,0.000844771,3.3036999999999975e-5
72690,0.000111749,0.000111583,1.6599999999999807e-7
72710,0.000145026,0.00014471,3.1600000000001527e-7
72711,0.000156293,0.000144617,1.1676000000000015e-5
72712,0.000189824,0.0001225,6.732400000000001e-5
72713,0.000111497,0.000111116,3.810000000000087e-7
72730,0.000166913,Inf,Inf
72746,0.00112266,0.000978033,0.00014462700000000004
72763,5.57626e-5,Inf,Inf
72797,0.000311701,0.000300008,1.1693000000000012e-5
72800,0.000333494,0.000323141,1.0353e-5
72823,0.000300595,0.000289429,1.1166000000000008e-5
72824,0.000244884,0.000211461,3.342300000000001e-5
72827,0.000122696,0.000122457,2.389999999999955e-7
72833,0.000445121,0.000433582,1.1538999999999972e-5
72849,0.000111803,Inf,Inf
72855,0.000144632,7.80428e-5,6.658920000000001e-5
72878,0.000267108,0.000256215,1.0892999999999992e-5
72891,0.000777817,0.00075557,2.224699999999998e-5
72902,0.000189766,0.000189068,6.980000000000126e-7
72908,0.000134106,0.000111797,2.2308999999999993e-5
72937,5.65066e-5,Inf,Inf
72961,0.000189115,0.000178063,1.1052000000000002e-5
72964,0.000200994,Inf,Inf
72976,0.000400306,0.000400057,2.4900000000001744e-7
73000,0.000100981,Inf,Inf
73001,6.7318e-5,Inf,Inf
73003,5.57573e-5,Inf,Inf
73022,0.00010091,Inf,Inf
73023,0.000189432,Inf,Inf
73046,0.000911963,0.000889687,2.2276e-5
73056,6.74341e-5,Inf,Inf
73057,6.67567e-5,Inf,Inf
73082,0.000144842,0.000133551,1.1290999999999997e-5
73083,0.000178748,0.000178168,5.799999999999978e-7
73120,0.0001003,Inf,Inf
73136,0.000689258,0.000667585,2.167299999999994e-5
73147,0.000189225,0.000167334,2.189100000000001e-5
73171,0.00101148,0.000989877,2.160300000000003e-5
73173,0.000856153,0.000823101,3.3051999999999995e-5
73179,0.000323154,0.00032301,1.439999999999905e-7
73182,4.50548e-5,Inf,Inf
73189,0.000855782,0.000844516,1.126600000000001e-5
73194,0.000656369,0.000611828,4.454099999999994e-5
73199,0.000122593,8.98538e-5,3.27392e-5
73203,6.68954e-5,Inf,Inf
73204,0.00013354,0.000111748,2.1791999999999997e-5
73206,0.000266786,0.000256337,1.0448999999999994e-5
73214,0.000389636,0.000378188,1.1448000000000003e-5
73250,0.000789515,0.000778767,1.0747999999999986e-5
73262,8.94838e-5,Inf,Inf
73269,0.000189071,0.000178305,1.0765999999999998e-5
73293,0.000267388,0.000189344,7.804400000000001e-5
73295,0.000200277,0.000200011,2.6600000000001406e-7
73312,0.000100916,0.000100308,6.079999999999915e-7
73313,0.000122528,0.000111186,1.1342e-5
73319,0.000222513,0.000211237,1.1276000000000005e-5
73320,0.000356233,0.000345192,1.1040999999999991e-5
73357,0.000911262,0.000811965,9.929700000000004e-5
73367,0.000122995,0.000111535,1.1460000000000016e-5
73371,0.000145399,Inf,Inf
73403,0.000167035,0.000111849,5.5185999999999996e-5
73432,0.000100776,0.000100643,1.3299999999999348e-7
73434,0.000178693,0.000155874,2.2819000000000013e-5
73445,0.000344594,0.000278511,6.608299999999998e-5
73450,0.000445053,0.000345114,9.9939e-5
73463,0.000900274,0.000834271,6.600299999999992e-5
73471,0.000356057,0.000300071,5.5986e-5
73473,0.000133638,0.000122223,1.1414999999999998e-5
73500,0.000356355,0.000356251,1.040000000000112e-7
73501,0.000444927,0.000345265,9.966200000000004e-5
73511,0.000789296,0.000756428,3.2868000000000025e-5
73532,0.000123065,0.000111812,1.1252999999999995e-5
73555,0.000178271,0.000167641,1.0629999999999998e-5
73558,0.000156196,0.000145086,1.1109999999999994e-5
73560,0.000367415,0.000322724,4.469100000000002e-5
73598,0.000144631,Inf,Inf
73600,0.000112029,0.000111946,8.299999999999226e-8
73620,0.000155629,0.000133824,2.1805000000000012e-5
73628,0.000400195,0.000389505,1.0689999999999994e-5
73634,0.000300972,0.000244676,5.6296000000000004e-5
73643,0.00107876,0.00107783,9.299999999998979e-7
73661,8.97811e-5,Inf,Inf
73689,0.000144477,Inf,Inf
73690,8.92167e-5,Inf,Inf
73728,0.00021141,0.000211407,3.0000000000201307e-9
73730,0.000189689,Inf,Inf
73733,5.57028e-5,Inf,Inf
73736,0.000167098,0.00011205,5.504799999999999e-5
73748,0.000789082,0.000778677,1.0405000000000006e-5
73751,0.000733708,0.000722307,1.1400999999999968e-5
73772,0.000878351,0.000844772,3.3578999999999944e-5
73792,0.000789424,0.000755564,3.386000000000003e-5
73810,0.00083417,0.000822661,1.1508999999999933e-5
73826,0.000189082,0.000155866,3.3216e-5
73831,0.00040032,0.000300428,9.989200000000003e-5
73856,0.000122644,0.000111473,1.1170999999999992e-5
73857,8.95037e-5,8.92671e-5,2.3659999999999025e-7
73860,0.000422263,0.000411184,1.1078999999999993e-5
73886,0.000355923,0.000334065,2.1858000000000034e-5
73952,0.000933383,0.000911287,2.2095999999999986e-5
73966,0.000866873,0.000845034,2.183899999999995e-5
73974,0.000123083,0.000111211,1.1871999999999984e-5
73975,0.000133382,0.000111774,2.1608e-5
73976,0.000122408,0.000100876,2.153200000000001e-5
74005,0.000155977,0.000122696,3.3280999999999995e-5
74013,0.000333842,0.000322411,1.1431000000000006e-5
74045,0.000122776,0.000111395,1.1381000000000005e-5
74059,0.000644766,0.000634252,1.0513999999999988e-5
74072,0.000167617,Inf,Inf
74077,0.000378364,0.000367046,1.1318000000000016e-5
74112,7.84666e-5,Inf,Inf
74114,0.000122666,0.000100762,2.1904000000000013e-5
74118,0.0007225,0.000700577,2.192300000000008e-5
74161,0.00030088,0.000300169,7.110000000000276e-7
74164,0.000134126,Inf,Inf
74165,7.799e-5,Inf,Inf
74191,0.000111389,Inf,Inf
74201,0.000178315,0.00016678,1.153499999999999e-5
74240,0.000189457,0.000156128,3.332899999999999e-5
74252,0.000300718,0.000300378,3.399999999999866e-7
74284,0.000478372,0.000477798,5.740000000000389e-7
74285,0.000489289,0.00042289,6.639899999999997e-5
74293,0.000767453,0.000733834,3.361899999999992e-5
74296,0.000856526,0.000767342,8.918400000000007e-5
74305,0.000234022,0.000212034,2.1987999999999993e-5
74306,0.000156219,0.000144739,1.1479999999999992e-5
74308,5.65412e-5,Inf,Inf
74309,0.000145114,Inf,Inf
74372,0.00012295,Inf,Inf
74374,5.56007e-5,4.53843e-5,1.02164e-5
74433,0.000156093,Inf,Inf
74434,0.000122984,0.000111829,1.1154999999999997e-5
74469,8.97849e-5,8.89394e-5,8.45500000000004e-7
74494,0.000111863,0.00010094,1.092299999999999e-5
74503,0.000200155,0.000189314,1.0841000000000014e-5
74536,0.000111518,Inf,Inf
74560,8.98679e-5,Inf,Inf
74563,0.000333599,0.0003119,2.1699000000000024e-5
74565,0.000345086,0.000334134,1.0952e-5
74585,0.000133463,0.000122493,1.0970000000000012e-5
74586,0.000145152,Inf,Inf
74606,0.000133335,0.000123062,1.0272999999999988e-5
74636,0.000200982,0.000189625,1.1357000000000007e-5
74637,3.37814e-5,Inf,Inf
74647,0.000766962,0.000723059,4.3903000000000084e-5
74661,0.000134197,Inf,Inf
74700,0.00018966,Inf,Inf
74701,0.000156064,Inf,Inf
74725,0.000134208,8.98515e-5,4.43565e-5
74733,0.000367509,0.000367043,4.660000000000189e-7
74741,0.000256037,0.000245376,1.0660999999999971e-5
74753,0.000645253,0.00064459,6.630000000000308e-7
74759,0.000200784,0.000189433,1.1350999999999993e-5
74778,0.000145016,0.000133981,1.1035000000000005e-5
74783,0.000200667,0.000178291,2.2376000000000004e-5
74789,0.00021138,0.000200166,1.1214000000000005e-5
74834,0.000145245,0.00014491,3.350000000000163e-7
74846,0.0004231,0.000400161,2.2938999999999978e-5
74898,0.000167203,Inf,Inf
74899,0.000123128,Inf,Inf
74901,0.000411638,0.000400742,1.0895999999999985e-5
74931,7.86562e-5,Inf,Inf
74972,0.000177896,0.000156393,2.1503e-5
74980,0.00115598,0.00106765,8.832999999999996e-5
74989,0.000333707,0.000288922,4.4784999999999985e-5
75018,6.71164e-5,Inf,Inf
75046,0.000122353,0.000111636,1.0717000000000013e-5
75048,0.000200769,0.000200473,2.959999999999985e-7
75057,0.000844925,0.000822894,2.203099999999994e-5
75058,0.00087819,0.000722489,0.00015570100000000006
75066,0.000323184,0.000322844,3.400000000000408e-7
75072,0.000211506,0.000200949,1.0557000000000014e-5
75083,0.000167607,0.000166683,9.240000000000203e-7
75107,0.000178772,0.000156132,2.2640000000000014e-5
75108,0.000122426,0.000111221,1.1204999999999999e-5
75122,0.000178254,0.000133851,4.4403000000000015e-5
75162,0.000133941,Inf,Inf
75184,0.000167493,0.000155708,1.1784999999999996e-5
75226,0.000111688,0.000100453,1.123500000000001e-5
75254,0.00015585,0.000144907,1.0942999999999993e-5
75256,7.82577e-5,7.81251e-5,1.3260000000000615e-7
75259,0.000145086,Inf,Inf
75260,0.000222722,0.000111829,0.00011089300000000001
75317,0.000100496,8.91435e-5,1.135249999999999e-5
75330,0.000167174,0.00010061,6.6564e-5
75332,0.000312096,0.000234322,7.777399999999999e-5
75341,0.00115633,0.000978687,0.0001776429999999999
75368,0.000400406,0.000389697,1.0709000000000022e-5
75371,0.000323053,0.00031177,1.1283000000000007e-5
75376,0.00016714,0.000156531,1.0608999999999993e-5
75378,0.000100949,Inf,Inf
75379,0.000222789,0.000145355,7.7434e-5
75383,0.000345051,0.000323016,2.2034999999999947e-5
75404,0.000900166,0.000823125,7.704100000000002e-5
75414,0.000212064,0.000211578,4.860000000000086e-7
75451,0.000422278,0.000411157,1.1121000000000004e-5
75466,7.78646e-5,Inf,Inf
75467,6.74813e-5,6.70979e-5,3.8340000000000043e-7
75474,0.000544527,0.000512099,3.2428000000000036e-5
75492,0.000345115,0.000344621,4.940000000000261e-7
75498,0.00013416,0.000133457,7.0300000000001e-7
75503,0.000434132,0.000433724,4.0799999999997305e-7
75551,6.7663e-5,Inf,Inf
75552,0.0001337,0.000123151,1.0548999999999997e-5
75553,0.000122462,0.000111185,1.1276999999999994e-5
75557,0.000244494,0.000222996,2.1498000000000003e-5
75558,0.000145129,0.000133341,1.178799999999999e-5
75583,5.55869e-5,Inf,Inf
75601,0.00016705,0.000156153,1.0897000000000001e-5
75608,0.000123206,7.79114e-5,4.5294600000000005e-5
75609,0.000167268,0.000144575,2.2693000000000008e-5
75636,0.00016703,0.000155892,1.1138e-5
75658,0.000111892,6.73393e-5,4.455270000000001e-5
75714,0.000289316,0.000244837,4.4479000000000046e-5
75716,7.82686e-5,Inf,Inf
75723,0.000311963,0.000311582,3.809999999999816e-7
75747,7.87255e-5,Inf,Inf
75748,0.000133582,Inf,Inf
75757,0.000888896,0.000856192,3.2704000000000045e-5
75770,0.00022283,0.000144547,7.828300000000001e-5
75805,0.0004671,0.00043373,3.3370000000000014e-5
75819,0.00015606,0.00010035,5.5709999999999993e-5
75820,0.000289506,0.00028946,4.599999999996534e-8
75825,0.000200819,0.000178342,2.2476999999999995e-5
75848,0.00033364,0.000289235,4.440500000000002e-5
75851,6.7591e-5,Inf,Inf
75852,0.000167227,0.000155613,1.1613999999999987e-5
75854,4.52107e-5,Inf,Inf
75855,8.95833e-5,7.8481e-5,1.110230000000001e-5
75888,0.000489123,0.000467647,2.1476000000000036e-5
75909,0.000189232,0.000188936,2.959999999999985e-7
75914,0.000112,Inf,Inf
75936,0.000300585,0.000289878,1.0707000000000045e-5
75950,0.000344907,0.000300715,4.419199999999997e-5
75953,0.000178228,0.000167402,1.0825999999999994e-5
75992,8.934e-5,7.83918e-5,1.0948199999999991e-5
75995,0.00015644,0.000144918,1.1522000000000003e-5
76036,0.00111163,0.00107841,3.322000000000004e-5
76043,0.000111403,0.000111245,1.5800000000000764e-7
76080,0.000544803,0.000511565,3.3237999999999996e-5
76105,0.000278536,0.000267044,1.1491999999999991e-5
76120,0.000667639,0.000622914,4.4725000000000016e-5
76123,0.000389428,0.00037859,1.0837999999999993e-5
76129,8.92823e-5,8.8899e-5,3.8329999999999343e-7
76133,0.000334057,0.0003229,1.1157000000000029e-5
76167,6.75259e-5,Inf,Inf
76175,0.000422807,0.00041138,1.1426999999999997e-5
76203,0.000111876,0.000100029,1.1846999999999997e-5
76232,5.56071e-5,Inf,Inf
76298,0.000267512,0.000266963,5.490000000000247e-7
76299,0.00011165,7.8113e-5,3.3537e-5
76301,0.000111916,8.97192e-5,2.2196800000000004e-5
76302,0.000488999,0.000444484,4.451500000000007e-5
76321,0.000244908,0.000200365,4.4543e-5
76348,0.000967603,0.000966707,8.960000000000131e-7
76360,7.80849e-5,Inf,Inf
76362,0.000334064,0.000322686,1.1378000000000039e-5
76363,0.000455863,0.000411195,4.4667999999999986e-5
76378,0.000222668,0.000211633,1.1035000000000005e-5
76390,8.95844e-5,8.9508e-5,7.640000000000489e-8
76391,0.000167203,0.000155786,1.1417000000000003e-5
76421,0.000755766,0.00067864,7.712599999999995e-5
76427,0.000711639,0.000689874,2.176499999999998e-5
76441,0.000155791,Inf,Inf
76490,0.000200657,0.000189771,1.088599999999999e-5
76492,0.000200684,Inf,Inf
76520,0.000111257,Inf,Inf
76528,0.000533884,0.000511973,2.1911e-5
76530,0.000433951,0.000400063,3.388800000000004e-5
76539,0.000778106,0.000766725,1.1380999999999978e-5
76549,0.00104539,0.000967461,7.792900000000002e-5
76551,0.000400073,0.000389489,1.0583999999999952e-5
76556,0.00020032,0.000156544,4.377600000000001e-5
76580,0.000167064,0.000155603,1.146099999999999e-5
76588,0.00011119,8.9508e-5,2.1682e-5
76616,0.000211805,0.000178317,3.3488e-5
76618,5.6382e-5,Inf,Inf
76619,6.74393e-5,Inf,Inf
76666,0.000100648,0.000100601,4.700000000000819e-8
76682,0.000167257,0.000156114,1.1142999999999998e-5
76690,0.000345346,0.000300508,4.483800000000001e-5
76693,0.000645201,0.000644908,2.929999999999513e-7
76739,0.000133725,Inf,Inf
76742,0.0002674,0.000234105,3.3295e-5
76752,0.000189498,0.000167174,2.2324e-5
76781,0.000111406,0.000100931,1.0474999999999997e-5
76784,0.000466848,0.000455637,1.1211000000000012e-5
76793,0.000900176,0.000889668,1.0508000000000002e-5
76797,0.000689052,0.000678443,1.0608999999999966e-5
76804,0.000189815,0.000189362,4.5300000000000396e-7
76867,0.000678548,0.000644966,3.358199999999999e-5
76874,0.000189461,0.000178476,1.0985000000000004e-5
76875,0.000167007,0.000156138,1.0868999999999994e-5
76878,0.000245116,0.000144671,0.00010044499999999998
76936,0.000156275,0.000145019,1.1255999999999988e-5
76948,0.000145022,Inf,Inf
76954,0.000989865,0.000989184,6.809999999999889e-7
76957,0.00103409,0.00102272,1.137000000000013e-5
76978,6.74065e-5,Inf,Inf
76984,0.000423149,0.000422239,9.100000000000167e-7
76998,0.000700902,0.000677885,2.301699999999996e-5
77007,0.000234215,0.000189703,4.4512e-5
77009,0.000167171,Inf,Inf
77011,0.000423182,0.000423044,1.3799999999995023e-7
77017,0.00013335,7.7911e-5,5.543899999999998e-5
77021,0.000234251,0.000223145,1.1105999999999985e-5
77024,0.000833528,0.000833375,1.5300000000002378e-7
77081,0.000556525,0.000500826,5.569899999999998e-5
77131,0.000266954,0.000256136,1.0818000000000004e-5
77138,0.000266996,0.00026686,1.3599999999997295e-7
77173,0.000778757,0.000745023,3.3734e-5
77177,6.67922e-5,Inf,Inf
77197,0.00063421,0.00060001,3.4199999999999964e-5
77203,0.000233966,0.000189368,4.4597999999999996e-5
77248,7.78814e-5,Inf,Inf
77250,0.000144465,0.000134162,1.0303e-5
77254,0.000178048,0.000155718,2.2329999999999984e-5
77279,0.000245029,0.000234273,1.0756000000000003e-5
77282,0.000200056,0.000189741,1.0314999999999999e-5
77283,0.000155698,0.00012272,3.297800000000002e-5
77284,0.000189561,0.000178104,1.1457000000000009e-5
77290,0.000556328,0.000522701,3.362700000000005e-5
77294,0.000289875,0.000289203,6.720000000000098e-7
77302,0.000544562,0.000512021,3.254099999999997e-5
77341,0.000156377,0.000123187,3.319e-5
77384,0.000112016,Inf,Inf
77386,0.000167556,0.000133831,3.372499999999999e-5
77448,0.00011188,Inf,Inf
77455,0.000722812,0.000711624,1.1187999999999975e-5
77471,7.78633e-5,Inf,Inf
77492,0.00100025,0.000989804,1.044600000000011e-5
77502,0.000156407,0.000112099,4.430800000000001e-5
77506,0.000111633,0.000111243,3.9000000000000135e-7
77514,0.00103353,0.000955892,7.763799999999999e-5
77529,0.000278435,0.000222576,5.585900000000001e-5
77534,0.000355823,0.00032271,3.3113000000000033e-5
77540,0.000144748,0.000133645,1.1102999999999992e-5
77541,0.000145339,0.000100541,4.4798e-5
77547,0.000444872,0.000444859,1.3000000000042058e-8
77569,0.000189363,0.000177971,1.1392000000000016e-5
77601,0.000166735,Inf,Inf
77604,0.000133946,0.000112007,2.1938999999999994e-5
77629,0.00101177,0.000989712,2.205799999999993e-5
77645,0.000145437,Inf,Inf
77650,0.000389288,0.000378412,1.0875999999999995e-5
77687,0.000178422,0.000167592,1.0830000000000003e-5
77736,0.000423182,0.000411442,1.1739999999999993e-5
77744,0.000545216,0.00051148,3.373599999999992e-5
77762,0.00102223,0.00101126,1.097000000000012e-5
77768,0.00094534,0.000944692,6.480000000000114e-7
77778,5.6032e-5,Inf,Inf
77782,0.000122254,7.8481e-5,4.3773e-5
77802,0.000211932,0.000200146,1.1785999999999985e-5
77809,0.000500081,0.000489358,1.0723000000000026e-5
77840,0.00010056,Inf,Inf
77857,0.000700427,0.000678759,2.166799999999997e-5
77869,0.000211745,0.00020084,1.0904999999999991e-5
77876,0.000455646,0.000433427,2.221899999999997e-5
77923,0.000678247,0.000666899,1.1348e-5
77937,0.000223067,0.000222832,2.3499999999998674e-7
77942,0.000300011,0.000267435,3.257599999999998e-5
77978,0.000144768,8.91802e-5,5.558780000000001e-5
77980,0.000122432,Inf,Inf
78003,0.000223052,0.00020015,2.2901999999999992e-5
78006,0.000189741,0.000167027,2.2713999999999986e-5
78024,0.000967273,0.000956197,1.1076000000000055e-5
78037,0.000755567,0.000744723,1.084399999999998e-5
78040,0.000155743,0.000123038,3.270499999999998e-5
78041,0.000111229,Inf,Inf
78042,0.000111578,0.000100584,1.0993999999999997e-5
78059,0.000689041,0.000667486,2.1555000000000033e-5
78074,0.000522345,0.000522245,1.0000000000005664e-7
78110,0.000456228,0.000433798,2.2429999999999987e-5
78124,0.0001454,0.000111228,3.417200000000001e-5
78126,0.000222993,0.000211398,1.1594999999999986e-5
78140,0.000512091,0.000500547,1.154400000000005e-5
78151,0.00105639,0.0010447,1.1689999999999964e-5
78167,0.000145178,0.000144935,2.430000000000043e-7
78256,0.000188985,0.000178641,1.0343999999999994e-5
78269,0.000189072,0.00017786,1.1212e-5
78295,0.000123108,0.000123059,4.9000000000012575e-8
78296,0.000200503,0.000177971,2.2531999999999994e-5
78328,0.000267425,0.000233885,3.354000000000001e-5
78341,0.000133803,0.000133755,4.799999999999683e-8
78359,0.00102315,0.00100066,2.249000000000001e-5
78366,0.00077803,0.000733998,4.403199999999995e-5
78370,6.73378e-5,Inf,Inf
78372,0.000134188,Inf,Inf
78374,0.000133898,0.000122281,1.1617000000000008e-5
78417,0.000456112,0.000445061,1.1050999999999986e-5
78444,0.00012267,8.89829e-5,3.3687099999999984e-5
78445,0.000155685,0.000145433,1.025200000000001e-5
78478,0.000267531,0.000244902,2.2628999999999976e-5
78489,0.000266929,0.000233446,3.3483000000000005e-5
78515,0.000100469,Inf,Inf
78548,0.000200716,0.000200531,1.8500000000001263e-7
78570,0.000423176,0.000389674,3.350199999999998e-5
78573,0.000111123,0.000100519,1.0603999999999995e-5
78577,0.000133767,0.000112016,2.175099999999999e-5
78587,0.00106754,0.00105636,1.1180000000000174e-5
78626,0.00105579,0.00101116,4.462999999999993e-5
78642,0.000122488,0.000111713,1.0774999999999991e-5
78647,0.000145236,6.70597e-5,7.81763e-5
78665,0.000812036,0.00080042,1.1615999999999992e-5
78679,0.000200685,0.00017791,2.2774999999999998e-5
78682,0.000433606,0.000422818,1.078800000000002e-5
78702,0.000123217,0.000122944,2.7300000000001585e-7
78704,0.000267038,0.000234007,3.303099999999999e-5
78719,0.00047832,0.000455916,2.240400000000001e-5
78728,0.000256394,0.000244535,1.1859000000000023e-5
78788,0.00040047,0.000378011,2.245900000000001e-5
78793,0.000189221,0.000156286,3.2934999999999996e-5
78806,0.000466949,0.000445097,2.1851999999999993e-5
78838,0.00024527,0.000244969,3.0100000000002304e-7
78842,0.000111727,0.000111532,1.949999999999939e-7
78894,0.000178334,0.000178275,5.899999999998029e-8
78908,0.0010231,0.000978507,4.4593000000000107e-5
78930,0.000167151,0.000156243,1.0908000000000011e-5
78954,0.000400986,0.00040026,7.259999999999927e-7
78959,0.000223148,0.000200232,2.2915999999999995e-5
78961,0.000289286,0.000256119,3.316699999999996e-5
78963,0.000256221,0.000245034,1.1187000000000013e-5
78965,0.000312061,0.000311852,2.0899999999998394e-7
79011,8.90411e-5,Inf,Inf
79013,0.00014504,0.000122964,2.2075999999999997e-5
79015,0.00018914,0.000156338,3.280199999999999e-5
79053,0.00023432,0.000233675,6.449999999999913e-7
79079,0.000155991,0.000155675,3.1599999999998817e-7
79082,0.000111946,0.0001119,4.6000000000006e-8
79092,0.00107851,0.00107846,4.99999999999199e-8
79148,0.000155906,Inf,Inf
79154,0.00107851,0.000722581,0.00035592899999999995
79164,0.000222237,0.0002008,2.143699999999999e-5
79167,0.000300807,0.000267183,3.3624e-5
79237,0.000556132,0.000511881,4.4251000000000034e-5
79264,0.00107871,0.00102313,5.558000000000017e-5
79272,7.84313e-5,Inf,Inf
79273,0.000111136,Inf,Inf
79277,0.000166916,Inf,Inf
79301,0.000222658,0.000200912,2.1746000000000005e-5
79304,0.000222682,0.000211708,1.0973999999999994e-5
79308,0.000256051,0.000245107,1.0943999999999982e-5
79352,0.000623181,0.000600997,2.2183999999999962e-5
79364,0.000634278,0.000634104,1.7399999999992075e-7
79406,0.000822553,0.000800607,2.194600000000001e-5
79410,0.00014537,Inf,Inf
79412,0.000123162,0.000111309,1.185300000000001e-5
79413,0.000133754,Inf,Inf
79415,0.000222684,Inf,Inf
79473,0.000278593,0.000278306,2.8700000000001944e-7
79474,0.000323012,0.000322634,3.780000000000428e-7
79485,0.00117794,0.000989874,0.00018806599999999997
79515,0.000811312,0.000800283,1.1028999999999965e-5
79533,0.000423002,0.000411797,1.1205000000000026e-5
79534,0.00035598,0.000355634,3.4599999999997263e-7
79544,0.000400762,0.000367097,3.3665e-5
79573,0.000122796,0.000100303,2.249299999999999e-5
79574,5.61287e-5,Inf,Inf
79600,0.000444986,0.000378382,6.6604e-5
79647,0.000234297,0.000211459,2.2838000000000014e-5
79648,0.000156241,0.000145393,1.0847999999999988e-5
79650,0.000100845,Inf,Inf
79686,0.000434212,0.00043336,8.52000000000025e-7
79690,0.000644996,0.000622958,2.203800000000005e-5
79719,0.000100009,Inf,Inf
79723,0.00012288,0.000122663,2.1700000000000148e-7
79793,7.86596e-5,Inf,Inf
79795,0.000122905,Inf,Inf
79803,0.000500777,0.000467554,3.3222999999999977e-5
79827,0.000411141,0.000400661,1.0479999999999995e-5
79834,0.000212077,0.000211708,3.689999999999824e-7
79840,0.000300528,0.000278681,2.184699999999997e-5
79874,0.00101135,0.00100094,1.0409999999999977e-5
79885,8.95177e-5,Inf,Inf
79888,8.98346e-5,8.92672e-5,5.673999999999973e-7
79891,0.000511812,0.000455871,5.594100000000005e-5
79945,0.000123026,0.000100804,2.2222000000000005e-5
79946,0.000178221,0.000134061,4.416000000000001e-5
79949,0.000111835,0.000111309,5.260000000000014e-7
79951,0.000100768,Inf,Inf
79985,0.000556416,0.00048961,6.680599999999998e-5
79992,0.000655689,0.000422742,0.000232947
79998,0.000244811,0.000244698,1.1299999999999028e-7
80020,0.00107817,0.00105582,2.2349999999999974e-5
80021,0.000756175,0.000700145,5.602999999999999e-5
80026,0.000112044,8.94203e-5,2.2623699999999998e-5
80053,0.000300926,0.000289639,1.1287000000000016e-5
80061,0.000367345,0.000367294,5.0999999999989856e-8
80083,0.000144899,Inf,Inf
80093,0.000756335,0.000744907,1.1428000000000067e-5
80120,0.000267196,0.00022312,4.407599999999999e-5
80129,0.000155853,0.000145225,1.0627999999999994e-5
80185,0.000212104,0.000200892,1.1212e-5
80186,0.000234185,0.000211277,2.2908000000000005e-5
80187,0.000223082,0.00022299,9.199999999998489e-8
80190,0.000367552,0.000322489,4.506299999999997e-5
80217,0.000134328,0.000134255,7.299999999998389e-8
80218,0.000111707,0.000100299,1.140800000000001e-5
80219,0.000178698,Inf,Inf
80220,0.000167468,0.000167086,3.8199999999999736e-7
80222,0.000211772,0.000189749,2.2023000000000002e-5
80231,0.000867284,0.000833526,3.3757999999999943e-5
80263,0.00116675,0.0011338,3.295000000000012e-5
80279,0.000166982,0.000155743,1.1239000000000019e-5
80283,0.00015645,0.000156267,1.8300000000000824e-7
80316,0.000278401,0.000267207,1.1194000000000015e-5
80359,0.000123069,0.000111174,1.1895000000000007e-5
80362,0.0001892,0.000178366,1.0833999999999985e-5
80378,0.0009118,0.00074527,0.00016653000000000002
80398,0.00020023,0.000166977,3.325299999999999e-5
80428,0.000178698,0.000155798,2.2900000000000015e-5
80431,0.000112059,0.0001001,1.1959000000000012e-5
80464,0.000278742,0.000267217,1.1525000000000023e-5
80584,0.000100145,Inf,Inf
80601,0.000756435,0.000711582,4.485299999999997e-5
80620,0.000345184,0.000344508,6.760000000000186e-7
80657,0.000155916,0.000145313,1.0603000000000007e-5
80659,0.000166796,Inf,Inf
80660,0.000122775,0.000122587,1.8799999999997855e-7
80662,0.000155772,0.000122721,3.3051000000000006e-5
80674,0.000834028,0.000789423,4.460499999999997e-5
80681,0.000855978,0.000833691,2.2286999999999958e-5
80690,0.000389503,0.000378763,1.0739999999999968e-5
80724,0.00108985,0.00102288,6.696999999999996e-5
80735,0.000100278,7.79354e-5,2.23426e-5
80736,0.000156056,Inf,Inf
80738,0.000489388,0.000466807,2.258099999999998e-5
80739,0.000545111,0.000500779,4.433200000000001e-5
80767,0.000278051,0.000277996,5.4999999999998626e-8
80768,0.00047826,0.000477968,2.9199999999998975e-7
80770,0.000489829,0.000478615,1.1214000000000005e-5
80810,0.000200547,0.000156181,4.4366e-5
80818,0.000867089,0.000856014,1.1075000000000039e-5
80839,0.000445002,0.000433353,1.1649000000000023e-5
80846,0.000511764,0.000511641,1.229999999999851e-7
80851,0.000400291,0.000367184,3.310699999999999e-5
80854,0.000267498,0.000234022,3.347600000000003e-5
80948,0.000167575,0.000156097,1.1477999999999987e-5
80949,0.000111498,Inf,Inf
80951,0.000133884,Inf,Inf
80953,0.000178617,Inf,Inf
80954,0.000133472,Inf,Inf
80955,0.000178448,0.000167086,1.1362000000000004e-5
80982,0.000522995,0.000500593,2.2401999999999925e-5
81024,0.000111782,Inf,Inf
81051,0.000267335,0.000266727,6.079999999999779e-7
81059,0.000211514,0.000189819,2.1694999999999988e-5
81091,0.000156108,Inf,Inf
81094,0.000122761,Inf,Inf
81096,0.000100844,6.67985e-5,3.40455e-5
81103,0.000489055,0.000478418,1.0636999999999973e-5
81125,0.000333913,0.000312017,2.1896000000000036e-5
81128,0.000322371,0.000311864,1.0506999999999986e-5
81133,0.000433922,0.000433758,1.6399999999998013e-7
81137,0.000511654,0.000489833,2.1820999999999993e-5
81183,0.000833503,0.000822267,1.1235999999999972e-5
81196,0.000245054,0.000233343,1.171099999999997e-5
81218,0.000200686,0.000200676,9.999999999994822e-9
81232,0.00113382,0.00111165,2.216999999999996e-5
81245,0.000156306,0.000155743,5.630000000000012e-7
81248,0.000122749,0.000100505,2.2244000000000013e-5
81297,0.000178433,0.000167411,1.1022000000000017e-5
81333,0.000744481,0.000700854,4.362699999999997e-5
81388,0.000823093,0.000789042,3.4051e-5
81408,0.000122933,Inf,Inf
81454,0.000489362,0.000478733,1.062900000000001e-5
81460,0.000244627,0.000233374,1.1252999999999968e-5
81471,0.00115605,0.0011449,1.1150000000000135e-5
81481,8.94158e-5,8.91232e-5,2.926000000000046e-7
81483,0.000122926,0.000111584,1.1342000000000014e-5
81524,0.000800768,0.000778138,2.2629999999999937e-5
81549,0.000189838,0.000100014,8.982400000000001e-5
81654,0.000455695,0.000444581,1.1114000000000002e-5
81663,0.000500954,0.000500401,5.529999999999251e-7
81699,0.000145049,0.000144879,1.700000000000204e-7
81701,0.00011175,Inf,Inf
81704,8.92854e-5,Inf,Inf
81784,0.000123097,Inf,Inf
81788,0.000122655,0.000111376,1.1278999999999998e-5
81789,7.77806e-5,Inf,Inf
81828,0.000555738,0.000545413,1.032499999999994e-5
81845,0.0011451,0.000945185,0.00019991500000000005
81868,0.000167502,0.000166828,6.740000000000142e-7
81897,0.000422872,0.000389731,3.314100000000004e-5
81936,0.000100779,Inf,Inf
81944,0.000689872,0.000677952,1.1920000000000008e-5
82003,0.000100552,0.00010015,4.0200000000000056e-7
82006,8.90341e-5,6.6887e-5,2.2147099999999997e-5
82034,0.000444484,0.000422242,2.2242000000000008e-5
82049,0.000244921,0.00024483,9.099999999996914e-8
82067,0.00113363,0.00103401,9.962000000000013e-5
82075,0.000222246,0.000200596,2.165000000000001e-5
82103,0.000523155,0.000445095,7.805999999999997e-5
82106,0.00063429,0.000612012,2.2278000000000033e-5
82118,0.000800248,0.000778155,2.2093000000000047e-5
82142,0.000145035,0.000111147,3.388800000000001e-5
82143,8.90787e-5,6.70151e-5,2.2063599999999997e-5
82156,0.000778245,0.000734216,4.402900000000001e-5
82176,0.000500763,0.000489158,1.1605000000000035e-5
82192,0.000989452,0.000978609,1.0842999999999964e-5
82212,3.3335e-5,Inf,Inf
82213,6.66925e-5,Inf,Inf
82215,0.000166982,0.000145125,2.1857000000000018e-5
82252,0.00047835,0.000444644,3.370599999999999e-5
82264,0.00107781,0.00102275,5.5060000000000005e-5
82281,0.000145093,0.000134119,1.0973999999999994e-5
82285,0.000178685,0.000144735,3.3949999999999985e-5
82288,0.000455774,0.000445378,1.0395999999999973e-5
82340,0.00027829,0.000256373,2.1916999999999987e-5
82343,0.000778611,0.000722623,5.598799999999998e-5
82376,0.0005893,0.000556197,3.310299999999993e-5
82381,0.000133551,Inf,Inf
82382,0.000167467,0.000144517,2.294999999999999e-5
82408,4.47592e-5,Inf,Inf
82460,0.000900928,0.000878642,2.2285999999999942e-5
82483,0.00075651,0.000756113,3.969999999999625e-7
82490,0.00011155,0.000100258,1.1292e-5
82496,0.000178466,0.000167652,1.0814000000000022e-5
82497,0.000445143,0.000444947,1.959999999999961e-7
82515,0.000878749,0.000877893,8.559999999999254e-7
82532,0.000534259,0.000455748,7.851100000000002e-5
82583,0.000433439,0.000412106,2.1333000000000007e-5
82585,0.000478228,0.00045589,2.2338000000000002e-5
82589,0.000367453,0.000367356,9.70000000000094e-8
82634,0.000167496,0.000156252,1.124399999999999e-5
82635,0.000122531,0.000111633,1.089799999999999e-5
82636,0.000122383,0.000112075,1.0307999999999997e-5
82663,0.000711294,0.00068914,2.2154000000000032e-5
82670,0.000467261,0.000445057,2.2204000000000006e-5
82724,8.9555e-5,7.86574e-5,1.0897600000000002e-5
82725,8.97858e-5,8.94143e-5,3.7149999999999466e-7
82746,0.000922743,0.000656381,0.0002663619999999999
82773,0.000644683,0.000578498,6.618499999999996e-5
82806,0.000156122,0.000133893,2.2228999999999993e-5
82857,0.000266858,0.000233615,3.324300000000002e-5
82859,0.000211959,0.000178764,3.3194999999999996e-5
82890,0.000133487,0.000111125,2.2362e-5
82892,6.76124e-5,Inf,Inf
82961,0.000100608,8.96716e-5,1.0936399999999992e-5
82962,6.72662e-5,Inf,Inf
82991,0.000378366,0.000367356,1.1009999999999991e-5
83012,0.000311838,0.000300872,1.0966000000000003e-5
83036,0.000122414,0.000122242,1.7199999999999768e-7
83038,0.000211181,0.000145352,6.582900000000002e-5
83073,0.000522381,0.000445409,7.697200000000002e-5
83079,0.000200603,0.000177919,2.2684e-5
83103,0.00107851,0.00107804,4.700000000000277e-7
83128,0.000700116,0.00068968,1.0435999999999952e-5
83168,0.00108971,0.00105568,3.403e-5
83186,0.00076704,0.000755967,1.1073000000000007e-5
83196,0.000144866,0.000134308,1.0558000000000003e-5
83201,6.76203e-5,Inf,Inf
83202,0.000123068,0.000123026,4.1999999999983674e-8
83272,0.0001009,Inf,Inf
83273,0.000100974,8.98087e-5,1.11653e-5
83274,0.000189174,Inf,Inf
83278,0.000222382,0.000200192,2.2190000000000003e-5
83293,0.000477809,0.000467158,1.0650999999999976e-5
83312,0.000189161,0.000178648,1.0512999999999999e-5
83394,0.000866694,0.000855715,1.0979000000000045e-5
83459,0.000366905,0.000345126,2.1778999999999982e-5
83478,0.00105626,0.00105619,7.000000000001796e-8
83490,0.000122236,0.000100732,2.1504000000000016e-5
83492,0.000122656,Inf,Inf
83494,2.24062e-5,Inf,Inf
83497,6.7174e-5,5.56415e-5,1.1532500000000005e-5
83498,0.000189398,0.000189095,3.030000000000003e-7
83502,0.000689276,0.000656424,3.285199999999999e-5
83563,5.64062e-5,5.61752e-5,2.3100000000000507e-7
83564,0.000144708,Inf,Inf
83568,6.74874e-5,Inf,Inf
83607,0.000645304,0.000634004,1.1300000000000004e-5
83633,0.000133757,0.0001336,1.5700000000000544e-7
83634,0.000123076,0.000111446,1.1630000000000009e-5
83638,8.95769e-5,Inf,Inf
83656,0.000867425,0.000866914,5.110000000000227e-7
83688,0.000711701,0.000678199,3.350200000000003e-5
83710,0.000122592,Inf,Inf
83740,0.000489406,0.000433834,5.5571999999999935e-5
83752,0.000622658,0.00062232,3.380000000000093e-7
83756,0.000544801,0.000544598,2.030000000000521e-7
83771,0.000867587,0.000867191,3.9599999999994674e-7
83816,0.000411449,0.000411351,9.799999999997094e-8
83820,0.000511352,0.000466806,4.454599999999996e-5
83824,0.000477944,0.000456408,2.1536000000000005e-5
83830,0.00058973,0.000589355,3.7500000000004977e-7
83864,0.000166862,0.00015608,1.0781999999999979e-5
83868,0.000400521,0.000377963,2.2557999999999996e-5
83893,0.000678435,0.000667659,1.0775999999999993e-5
83899,0.000189779,0.000189341,4.3800000000001173e-7
83921,7.7916e-5,6.71473e-5,1.0768699999999997e-5
84006,8.93483e-5,Inf,Inf
84007,0.000145377,0.000133845,1.1531999999999997e-5
84113,0.000378637,0.000377815,8.219999999999864e-7
84128,0.0011223,0.00107795,4.434999999999986e-5
84142,0.000144515,0.00011162,3.2895e-5
84147,0.000222338,0.000189594,3.2744000000000024e-5
84164,0.000800471,0.000789077,1.1393999999999966e-5
84167,0.000512094,0.000489146,2.2948000000000066e-5
84218,0.000133687,Inf,Inf
84222,0.000133539,Inf,Inf
84232,0.000389882,0.000389685,1.9699999999995763e-7
84251,0.000800061,0.000744492,5.5568999999999996e-5
84262,0.000500486,0.000489203,1.1282999999999953e-5
84343,0.000356505,0.000355988,5.170000000000088e-7
84348,0.000656455,0.00063383,2.2624999999999967e-5
84373,0.000189086,Inf,Inf
84386,0.00050086,0.000489677,1.1183000000000005e-5
84424,0.000366899,0.000355924,1.0975000000000036e-5
84426,0.000344504,0.000289689,5.4814999999999996e-5
84429,0.000367364,0.000345358,2.2006000000000033e-5
84460,0.000422914,0.000400586,2.2328000000000007e-5
84468,0.000112074,8.97345e-5,2.23395e-5
84544,0.000122548,0.000122502,4.5999999999992445e-8
84545,0.000134054,Inf,Inf
84546,8.9226e-5,Inf,Inf
84548,0.000178581,0.000122788,5.5793e-5
84614,0.000633564,0.000623194,1.0369999999999997e-5
84620,0.000122814,Inf,Inf
84622,0.000167545,Inf,Inf
84627,0.000122239,0.000100375,2.1864000000000006e-5
84628,0.000244946,0.000144607,0.00010033900000000002
84667,0.00052276,0.000489455,3.3305000000000075e-5
84706,8.92274e-5,Inf,Inf
84709,2.3108e-5,Inf,Inf
84715,0.000322574,0.000312031,1.054300000000001e-5
84721,0.000811728,0.000644804,0.00016692399999999994
84737,0.00047858,0.000422956,5.5623999999999995e-5
84751,0.000300071,0.000278432,2.1639e-5
84780,0.000633669,0.000623194,1.0475000000000024e-5
84786,0.000144852,0.000100125,4.472700000000001e-5
84794,0.000733827,0.000711666,2.2161000000000034e-5
84812,0.000455932,0.000455865,6.699999999997073e-8
84818,0.000722863,0.000511444,0.00021141900000000002
84846,0.00114491,0.00113381,1.1099999999999999e-5
84849,0.00127789,0.00106753,0.00021036000000000015
84854,0.000122451,0.000112075,1.037600000000001e-5
84857,0.000167113,0.000133791,3.332200000000002e-5
84911,0.000700754,0.00067868,2.2074000000000074e-5
84936,0.000145033,Inf,Inf
84941,0.000167224,0.000144985,2.2238999999999988e-5
85004,0.000100568,0.000100231,3.370000000000071e-7
85007,0.000167623,Inf,Inf
85024,0.000844809,0.000611753,0.00023305599999999993
85079,0.000122943,8.92164e-5,3.372660000000001e-5
85091,0.00075614,0.000700253,5.5887000000000016e-5
85120,0.000555843,0.000545001,1.0841999999999948e-5
85124,0.000300498,0.000289536,1.0961999999999994e-5
85151,0.000211159,0.000189144,2.2014999999999985e-5
85152,0.000133519,Inf,Inf
85154,7.81903e-5,Inf,Inf
85187,0.00054491,0.000489825,5.5084999999999965e-5
85234,7.8091e-5,7.78449e-5,2.4609999999999075e-7
85257,0.000534048,0.000523172,1.0875999999999941e-5
85302,0.000256055,0.000223021,3.303399999999998e-5
85309,0.000167636,0.000156262,1.1374000000000003e-5
85354,0.000334078,0.000333852,2.2600000000003477e-7
85356,0.000200276,0.000189329,1.0947000000000002e-5
85386,0.000277914,0.000256124,2.1789999999999993e-5
85413,0.000800928,0.000545257,0.00025567100000000007
85480,0.000767343,0.000734024,3.331899999999997e-5
85515,0.00125645,0.00115647,9.998000000000016e-5
85527,0.000611991,0.000611642,3.4899999999996566e-7
85528,0.000145355,0.000111849,3.3506e-5
85530,6.73358e-5,Inf,Inf
85533,0.0005559,0.000467165,8.8735e-5
85563,0.0005673,0.000534179,3.3121e-5
85574,0.00066724,0.000667224,1.6000000000035083e-8
85599,8.9571e-5,Inf,Inf
85601,0.000111387,6.71118e-5,4.427519999999999e-5
85602,0.000122911,7.78449e-5,4.5066099999999985e-5
85631,0.000545163,0.000534097,1.1066000000000006e-5
85649,0.000355865,0.000345384,1.048100000000001e-5
85688,0.000133725,0.00012256,1.116500000000002e-5
85691,0.000234281,0.000211217,2.3063999999999995e-5
85724,0.000478532,0.000478186,3.4599999999997263e-7
85726,0.000145312,0.000144844,4.679999999999962e-7
85747,0.00010074,8.9834e-5,1.0906000000000007e-5
85749,0.000134233,8.95774e-5,4.4655599999999986e-5
85759,0.000778559,0.000667447,0.00011111199999999991
85778,0.000522493,0.000500892,2.1601e-5
85782,0.000367588,0.000366906,6.820000000000047e-7
85791,0.000367562,0.000267583,9.997899999999999e-5
85793,0.000289338,0.000267322,2.2015999999999974e-5
85831,7.85007e-5,Inf,Inf
85835,0.000211863,0.000211808,5.4999999999998626e-8
85915,0.000611213,0.000567505,4.370799999999994e-5
85918,4.50812e-5,Inf,Inf
86078,0.000145362,0.000144765,5.970000000000216e-7
86079,0.000123004,Inf,Inf
86083,0.000167518,Inf,Inf
86101,0.000645181,0.000645099,8.199999999999007e-8
86118,0.000233931,0.000222655,1.1276000000000005e-5
86119,0.000156122,0.000144702,1.1419999999999996e-5
86145,0.000133804,0.000100949,3.285500000000001e-5
86146,0.000134283,8.89709e-5,4.531209999999998e-5
86184,0.000523105,0.000477914,4.519099999999993e-5
86206,0.00124476,0.00121157,3.319e-5
86210,0.00102249,0.00102233,1.60000000000134e-7
86225,0.000200824,0.000189144,1.1679999999999997e-5
86228,8.98823e-5,Inf,Inf
86233,0.000134233,7.79171e-5,5.631589999999999e-5
86309,0.000156107,0.000156103,4.000000000008771e-9
86319,0.000778318,0.000777925,3.930000000000079e-7
86338,0.000733715,0.000722806,1.0909000000000027e-5
86339,0.000644534,0.000567343,7.7191e-5
86378,0.000766939,0.000744824,2.211499999999996e-5
86382,5.61218e-5,Inf,Inf
86384,0.000223105,0.000222808,2.9699999999998716e-7
86421,0.000478711,0.000478051,6.599999999999835e-7
86422,0.000355897,0.000334229,2.166799999999997e-5
86424,0.000278551,0.000267313,1.1238000000000003e-5
86429,0.000789617,0.000767495,2.212200000000007e-5
86468,0.000711943,0.000689143,2.2800000000000012e-5
86528,0.000123051,0.000111359,1.1691999999999996e-5
86530,0.000134195,0.00012273,1.1465e-5
86540,0.000645278,0.000623152,2.2126000000000025e-5
86603,0.000123173,Inf,Inf
86653,0.000267051,0.000266882,1.6899999999995044e-7
86693,4.46879e-5,Inf,Inf
86748,0.000800053,0.000767371,3.2682000000000024e-5
86772,0.000634306,0.000622947,1.1358999999999957e-5
86773,0.000545332,0.000522753,2.2579000000000002e-5
86813,0.000455671,0.000445416,1.0254999999999976e-5
86820,0.000456498,0.00045637,1.2800000000000962e-7
86835,0.00111173,0.00110075,1.0980000000000061e-5
86860,0.000155956,Inf,Inf
86862,0.000111298,8.90816e-5,2.2216400000000006e-5
86863,0.000111821,0.000111297,5.23999999999997e-7
86864,7.79598e-5,Inf,Inf
86898,0.000356512,0.00026715,8.9362e-5
86936,0.000345101,0.000322381,2.272e-5
86949,0.000823201,0.000756105,6.7096e-5
86954,0.000622514,0.000567335,5.5179000000000035e-5
86992,0.00018911,0.000111787,7.7323e-5
86994,5.60508e-5,Inf,Inf
87032,0.000534224,0.000444784,8.944000000000004e-5
87067,0.000578457,0.000534073,4.438399999999996e-5
87069,0.000200979,0.000189496,1.1483000000000012e-5
87072,7.86184e-5,Inf,Inf
87074,0.000123149,0.000100355,2.2794e-5
87116,0.000178379,0.000133488,4.4891e-5
87117,0.0002449,0.000200297,4.460299999999999e-5
87164,0.0007447,0.000744615,8.50000000000373e-8
87213,0.000112037,0.000111939,9.799999999999805e-8
87214,0.000134287,0.000133375,9.11999999999994e-7
87217,0.000123097,0.000111733,1.1363999999999995e-5
87245,0.000633913,0.000633413,4.999999999999579e-7
87296,0.000134005,Inf,Inf
87298,6.71282e-5,Inf,Inf
87300,0.000111784,Inf,Inf
87305,0.000155917,0.000100693,5.5223999999999985e-5
87314,0.000489573,0.000478635,1.0937999999999996e-5
87370,0.000122306,Inf,Inf
87372,6.68604e-5,Inf,Inf
87373,0.000156073,0.000111526,4.4547000000000006e-5
87377,8.92889e-5,Inf,Inf
87384,0.000811719,0.000667252,0.000144467
87416,0.00031211,0.000311509,6.009999999999761e-7
87442,8.98863e-5,Inf,Inf
87445,0.000156176,0.000156122,5.4000000000009986e-8
87452,0.00063417,0.000633387,7.829999999999686e-7
87563,0.000812007,0.000811908,9.90000000000409e-8
87576,0.00120021,0.00117822,2.1989999999999944e-5
87593,6.72544e-5,Inf,Inf
87595,4.44465e-5,Inf,Inf
87640,0.000589109,0.000545273,4.3836000000000005e-5
87643,0.000400642,0.000389439,1.1202999999999994e-5
87647,0.000633862,0.0005113,0.000122562
87677,0.000100369,7.81298e-5,2.2239200000000002e-5
87679,0.000345233,0.000334229,1.1004000000000005e-5
87687,0.000478375,0.000477892,4.830000000000155e-7
87701,0.000666944,0.000622388,4.4556000000000066e-5
87733,0.00131154,0.00100081,0.00031072999999999995
87737,0.00112288,0.00111191,1.0969999999999903e-5
87750,7.86735e-5,7.83481e-5,3.254000000000088e-7
87783,0.000489483,0.000478646,1.0836999999999978e-5
87811,0.00076695,0.000756401,1.0548999999999997e-5
87824,0.000189235,0.000178126,1.1109000000000005e-5
87829,0.000100018,Inf,Inf
87900,8.96317e-5,7.83481e-5,1.1283600000000008e-5
87901,0.000122668,0.000100767,2.1901000000000006e-5
87938,0.000511232,0.000478646,3.258600000000003e-5
87976,0.000611985,0.000611637,3.479999999999499e-7
87986,0.000111239,Inf,Inf
87987,0.000133898,Inf,Inf
87988,0.000111721,0.000111125,5.959999999999923e-7
87991,0.000134273,Inf,Inf
88008,0.000656402,0.000644681,1.1721000000000019e-5
88023,0.000555707,0.000533895,2.181199999999996e-5
88035,0.000366865,0.000322506,4.4359e-5
88075,0.000122527,8.95308e-5,3.2996199999999994e-5
88077,0.000244655,0.000156123,8.853199999999997e-5
88079,0.000289342,0.000266773,2.2569000000000007e-5
88238,0.00013386,0.000122634,1.1226000000000004e-5
88239,7.80462e-5,6.72387e-5,1.0807500000000001e-5
88271,0.000278369,0.000267568,1.0801000000000007e-5
88306,0.000223071,0.000200925,2.2146000000000015e-5
88342,0.000400865,0.000367616,3.324899999999995e-5
88352,0.000534217,0.000522873,1.1344000000000046e-5
88376,0.000233993,0.000144881,8.9112e-5
88381,0.000123081,0.000122857,2.2400000000000328e-7
88385,0.000267567,0.000244555,2.3012000000000043e-5
88451,0.000133629,Inf,Inf
88453,0.000144995,8.91497e-5,5.58453e-5
88496,0.00032318,0.00032311,7.000000000001796e-8
88572,0.000889859,0.000877938,1.1921000000000024e-5
88593,0.000134262,0.000123073,1.1189000000000018e-5
88594,0.000100503,Inf,Inf
88599,8.94809e-5,Inf,Inf
88640,0.000323141,0.000322735,4.059999999999958e-7
88656,0.0012556,0.00114498,0.00011061999999999986
88672,0.000144867,Inf,Inf
88707,0.000611154,0.000589347,2.180699999999999e-5
88711,0.000556356,0.000533895,2.2460999999999987e-5
88755,0.000155563,0.000144491,1.1071999999999992e-5
88756,0.000223139,0.000178264,4.487499999999999e-5
88760,0.000289812,0.000278335,1.1477000000000026e-5
88780,0.000700548,0.000656031,4.4516999999999994e-5
88787,0.000577913,0.00056678,1.1132999999999976e-5
88793,0.000278505,0.000267221,1.1284000000000023e-5
88865,0.000234109,0.00021181,2.229900000000001e-5
88901,7.79009e-5,5.61426e-5,2.1758300000000005e-5
88902,0.000189717,Inf,Inf
88921,0.000655865,0.000611325,4.454000000000003e-5
88939,0.000189276,0.000178302,1.0973999999999994e-5
88972,0.000823079,0.000822987,9.20000000000391e-8
88982,8.91162e-5,Inf,Inf
88983,0.000133904,0.000112029,2.1875000000000017e-5
88986,7.81078e-5,6.66781e-5,1.142970000000001e-5
89037,0.00121175,0.00121174,9.999999999940612e-9
89053,3.34396e-5,Inf,Inf
89059,0.000123077,0.000100278,2.2798999999999996e-5
89081,0.000689783,0.000656077,3.370599999999999e-5
89128,6.70441e-5,Inf,Inf
89130,0.000167078,Inf,Inf
89148,0.000612079,0.0005784,3.3679e-5
89238,0.000489158,0.000489087,7.099999999992529e-8
89261,0.000567574,0.000556433,1.1141000000000102e-5
89263,0.0002114,0.000200122,1.1277999999999982e-5
89270,0.000133422,Inf,Inf
89271,0.0001008,7.83055e-5,2.24945e-5
89272,8.92681e-5,Inf,Inf
89330,0.000945147,0.000911649,3.349799999999997e-5
89340,0.00112311,0.00108928,3.38300000000001e-5
89356,0.000100917,Inf,Inf
89362,0.00011112,0.000100618,1.0502000000000002e-5
89370,0.000600078,0.000578416,2.1661999999999983e-5
89395,0.000355819,0.000334241,2.1578000000000016e-5
89426,0.000133975,0.000111483,2.2491999999999987e-5
89440,0.000611827,0.000578123,3.370399999999996e-5
89484,0.000234177,0.000156164,7.801299999999999e-5
89486,0.000156461,0.000145374,1.1086999999999984e-5
89488,0.000122881,0.000111588,1.1293000000000002e-5
89507,0.000623017,0.000622742,2.7499999999999313e-7
89518,0.000489873,0.000423129,6.674400000000004e-5
89557,0.000144821,0.000144812,9.000000000006182e-9
89567,0.000456329,0.000433989,2.233999999999998e-5
89569,0.000733852,0.000655749,7.810300000000005e-5
89595,0.000567209,0.000533537,3.3672e-5
89627,0.00122258,0.00118972,3.286000000000001e-5
89651,0.000144843,0.000122398,2.2445000000000006e-5
89652,0.000122913,7.82826e-5,4.46304e-5
89653,0.000167221,0.000156346,1.0875000000000007e-5
89679,0.000567619,0.00051193,5.568900000000004e-5
89694,0.000489827,0.0004563,3.352699999999999e-5
89719,0.000844606,0.000811716,3.2890000000000046e-5
89727,0.000133998,Inf,Inf
89729,0.000155671,0.000133968,2.1703000000000005e-5
89749,0.000689795,0.000656316,3.3478999999999996e-5
89766,0.000322354,0.000289025,3.332900000000002e-5
89796,0.000411907,0.000400369,1.153800000000001e-5
89826,0.000878636,0.000578284,0.00030035200000000004
89837,0.000555664,0.000544725,1.0938999999999957e-5
89885,0.000122619,0.000122494,1.2499999999998949e-7
89887,0.000111964,0.00010092,1.1043999999999998e-5
89939,0.00121124,0.00114541,6.583000000000001e-5
89962,5.60288e-5,Inf,Inf
89963,0.000123083,0.000112073,1.1009999999999991e-5
89985,0.000556434,0.000555993,4.4100000000000476e-7
90037,5.60134e-5,Inf,Inf
90044,0.000422721,0.000400122,2.259899999999999e-5
90112,0.000311186,0.000266774,4.441200000000002e-5
90123,0.000578131,0.00056758,1.055099999999992e-5
90144,0.000223029,0.000222625,4.039999999999914e-7
90156,0.00122315,0.00120013,2.3020000000000115e-5
90177,0.000144458,Inf,Inf
90212,0.00103342,0.00102315,1.026999999999994e-5
90238,0.000178329,0.000155841,2.2488000000000006e-5
90239,5.58708e-5,Inf,Inf
90245,0.000133925,8.96881e-5,4.423689999999998e-5
90317,3.40883e-5,Inf,Inf
90323,0.000267355,0.000266753,6.019999999999919e-7
90334,0.000589319,0.000566821,2.2498000000000028e-5
90336,0.000567585,0.000556423,1.1162e-5
90395,0.000189558,0.000167505,2.2052999999999987e-5
90396,7.82468e-5,Inf,Inf
90402,0.000100274,Inf,Inf
90406,0.00035616,0.000300697,5.546300000000001e-5
90415,0.000522749,0.000522574,1.749999999999365e-7
90431,0.000522832,0.000511579,1.1253000000000023e-5
90452,0.00122285,0.00115585,6.7e-5
90465,0.000211567,0.000156029,5.5537999999999996e-5
90468,0.000122341,Inf,Inf
90469,0.000123205,Inf,Inf
90477,0.000300965,0.000300812,1.5299999999996957e-7
90480,0.000478577,0.000434294,4.4282999999999996e-5
90497,0.000744669,0.000611673,0.00013299600000000003
90558,0.000545101,0.00050067,4.443099999999994e-5
90563,0.000588915,0.000545087,4.382799999999999e-5
90582,0.000333971,0.000323191,1.0780000000000002e-5
90607,0.00113407,0.00112272,1.1350000000000032e-5
90614,0.000189267,0.000145162,4.4104999999999985e-5
90623,0.000166997,0.000156182,1.081500000000001e-5
90653,0.00057787,0.000533439,4.443099999999994e-5
90657,0.00044492,0.000400332,4.458800000000003e-5
90661,0.000289276,0.000255906,3.336999999999996e-5
90697,8.9578e-5,7.84568e-5,1.1121200000000005e-5
90700,0.000123026,0.000112073,1.0953000000000015e-5
90704,0.000356534,0.000355792,7.419999999999736e-7
90715,0.00068931,0.000656272,3.30380000000001e-5
90763,5.64911e-5,Inf,Inf
90776,0.000844887,0.000822239,2.2648000000000004e-5
90790,0.000267069,0.000244916,2.2152999999999962e-5
90821,0.000112029,0.000100085,1.1943999999999993e-5
90822,3.41305e-5,Inf,Inf
90823,8.9103e-5,7.8143e-5,1.0960000000000003e-5
90824,0.000100458,Inf,Inf
90825,0.000111697,0.000100442,1.1255e-5
90827,0.000111882,8.98538e-5,2.20282e-5
90860,0.000523187,0.000500415,2.2772000000000005e-5
90864,0.000367429,0.000334135,3.329400000000001e-5
90887,0.000389509,0.000355631,3.387799999999999e-5
90895,0.000589599,0.000556128,3.347099999999998e-5
90953,0.000100838,7.8143e-5,2.2695e-5
90954,0.00011191,0.000100726,1.1184000000000007e-5
90956,0.000189289,Inf,Inf
90996,0.000222262,0.000211534,1.0727999999999996e-5
91008,0.0010454,0.0010007,4.469999999999995e-5
91033,0.000455719,0.000434264,2.1454999999999977e-5
91038,0.000144949,0.000144759,1.9000000000001004e-7
91039,0.00011196,0.000100085,1.1875000000000004e-5
91041,0.000111778,0.000111329,4.489999999999952e-7
91043,0.000134095,Inf,Inf
91045,0.000222908,0.000211333,1.1574999999999997e-5
91047,0.000345167,0.00032226,2.2907000000000016e-5
91050,0.00042286,0.00041198,1.0880000000000004e-5
91078,0.0004445,0.000400548,4.395200000000004e-5
91083,0.000278768,0.000234227,4.454099999999999e-5
91120,0.000100988,Inf,Inf
91197,0.00104513,0.000989495,5.563500000000006e-5
91205,0.000245048,0.000244783,2.649999999999983e-7
91219,0.00062309,0.000611692,1.139799999999992e-5
91260,0.00123431,0.00115605,7.825999999999992e-5
91272,8.98347e-5,8.92133e-5,6.214000000000073e-7
91284,0.000600588,0.000567509,3.3078999999999986e-5
91286,0.000523136,0.000511738,1.1398000000000029e-5
91294,0.000700941,0.000678366,2.257499999999994e-5
91304,0.000411747,0.000367664,4.408299999999999e-5
91342,0.000112014,0.000111561,4.5300000000000396e-7
91350,0.000556073,0.000489795,6.627800000000002e-5
91368,0.000667189,0.000666887,3.0199999999998457e-7
91405,0.00117819,0.00116742,1.0770000000000007e-5
91419,8.93398e-5,7.84345e-5,1.0905299999999999e-5
91421,6.69173e-5,Inf,Inf
91422,6.66727e-5,Inf,Inf
91497,5.60152e-5,Inf,Inf
91499,0.000188929,8.90809e-5,9.98481e-5
91540,0.000745337,0.000734014,1.132300000000004e-5
91565,6.68264e-5,Inf,Inf
91567,0.000100445,Inf,Inf
91629,0.000156103,Inf,Inf
91672,0.000867263,0.000855575,1.1687999999999933e-5
91698,0.000345086,0.000312006,3.308e-5
91702,5.65131e-5,Inf,Inf
91749,0.00076715,0.000755572,1.1577999999999936e-5
91778,0.000100157,Inf,Inf
91782,0.000111727,Inf,Inf
91783,6.76329e-5,Inf,Inf
91829,0.00114488,0.00112292,2.1960000000000122e-5
91863,0.000522744,0.000511258,1.1486000000000005e-5
91866,0.000522328,0.000511387,1.0940999999999989e-5
91884,0.000523024,0.000522421,6.029999999999534e-7
91890,0.000377987,0.000366688,1.1298999999999988e-5
91966,0.000345357,0.000322596,2.2760999999999994e-5
92003,0.000889478,0.000855946,3.353199999999996e-5
92013,0.000223051,Inf,Inf
92023,0.000611403,0.000556027,5.537599999999999e-5
92024,0.000544673,0.000500302,4.437099999999997e-5
92037,0.000389603,0.000389567,3.599999999997052e-8
92045,0.000389853,0.000389152,7.010000000000328e-7
92048,0.000267446,0.000244509,2.2937e-5
92053,0.00110005,0.000922329,0.00017772099999999993
92070,0.000200449,Inf,Inf
92071,0.000167368,0.000145433,2.1935e-5
92078,0.000511777,0.000478628,3.314900000000006e-5
92140,8.90884e-5,Inf,Inf
92164,0.000477961,0.000456191,2.1770000000000003e-5
92208,8.91254e-5,7.79896e-5,1.1135799999999996e-5
92212,0.000122499,0.000100643,2.1856000000000002e-5
92228,0.000422267,0.000411268,1.099899999999998e-5
92277,0.00016717,0.000134112,3.305799999999998e-5
92282,0.000111423,Inf,Inf
92284,0.000267546,0.000256007,1.1539000000000026e-5
92321,0.00116705,0.00107823,8.882000000000009e-5
92335,8.9842e-5,Inf,Inf
92348,0.000511808,0.000489256,2.255200000000001e-5
92368,0.000244741,0.000244509,2.319999999999666e-7
92377,0.000767637,0.0007453,2.2337000000000095e-5
92404,0.000156343,0.000100071,5.6272000000000006e-5
92405,6.69264e-5,Inf,Inf
92422,0.000467296,0.000411551,5.5745e-5
92448,0.00111205,0.00107808,3.397000000000014e-5
92461,0.000178704,0.000167606,1.1097999999999994e-5
92462,0.000156195,0.000145295,1.0899999999999994e-5
92465,0.000122454,Inf,Inf
92466,5.59758e-5,Inf,Inf
92516,0.00113418,0.00107853,5.564999999999997e-5
92521,0.00105602,0.00105599,3.0000000000038676e-8
92523,0.00101186,0.00101169,1.700000000000746e-7
92529,0.000255978,0.000233464,2.251400000000001e-5
92533,0.000144992,0.000100675,4.4317000000000016e-5
92554,0.000567425,0.000566879,5.460000000000317e-7
92623,0.000211743,0.000189871,2.1871999999999983e-5
92671,0.000156459,0.000145288,1.1170999999999978e-5
92673,0.00010087,Inf,Inf
92674,0.00020041,0.000111507,8.890299999999999e-5
92678,8.92956e-5,Inf,Inf
92679,0.000122703,Inf,Inf
92682,0.000122953,Inf,Inf
92684,0.000189277,0.000167642,2.163500000000002e-5
92686,0.000266669,0.000256022,1.0646999999999968e-5
92715,0.00112233,0.00108895,3.3379999999999955e-5
92727,0.000111409,Inf,Inf
92732,0.000122545,0.000100754,2.1790999999999995e-5
92734,0.000133995,0.000122836,1.1159000000000006e-5
92748,0.000400654,0.000400435,2.1900000000003297e-7
92791,0.000811556,0.000756039,5.5516999999999936e-5
92793,0.000700328,0.000689641,1.0687000000000001e-5
92830,0.000600908,0.000600199,7.089999999999961e-7
92855,0.00101155,0.00100074,1.0809999999999986e-5
92864,0.00010008,Inf,Inf
92884,0.000278172,0.000277976,1.959999999999961e-7
92897,0.000800512,0.000778079,2.243299999999998e-5
92922,0.000211634,0.000200562,1.1071999999999992e-5
92924,0.000167336,0.000156115,1.1221000000000007e-5
92935,0.000556324,0.000545415,1.0908999999999919e-5
92946,0.000422988,0.000378188,4.4800000000000005e-5
92950,0.000267388,0.000256082,1.1306000000000044e-5
92991,0.000245063,0.000233539,1.1524000000000007e-5
92992,0.000100208,Inf,Inf
92993,0.000123213,0.000112008,1.1204999999999999e-5
92994,0.000111371,0.000111352,1.9000000000001004e-8
93044,0.0011452,0.00111167,3.353000000000015e-5
93060,7.79429e-5,Inf,Inf
93124,0.000200142,0.000189804,1.0338000000000008e-5
93128,8.91833e-5,7.79578e-5,1.1225499999999996e-5
93130,0.000144889,Inf,Inf
93149,0.00037867,0.000377974,6.960000000000082e-7
93183,0.000145338,Inf,Inf
93188,0.000111214,Inf,Inf
93193,0.000178752,0.00017826,4.920000000000217e-7
93200,0.000489021,0.000488895,1.2599999999992392e-7
93210,0.00050015,0.000489523,1.0627000000000032e-5
93215,0.000455775,0.000411265,4.450999999999999e-5
93217,0.000411724,0.000378571,3.315299999999996e-5
93219,0.00033412,0.000323108,1.1011999999999968e-5
93225,0.000511608,0.000489269,2.2339000000000018e-5
93255,0.000133741,Inf,Inf
93323,0.000123189,Inf,Inf
93344,0.0004447,0.000422909,2.179100000000001e-5
93396,0.000122271,Inf,Inf
93398,7.81165e-5,7.78144e-5,3.021000000000051e-7
93406,0.000478651,0.000444597,3.4053999999999996e-5
93415,0.000311421,0.000300883,1.0537999999999986e-5
93459,0.00018926,0.000177805,1.1454999999999978e-5
93463,0.000122381,0.000111352,1.1028999999999992e-5
93464,7.8628e-5,7.81945e-5,4.334999999999951e-7
93466,5.64491e-5,Inf,Inf
93473,0.000445388,0.000411441,3.394699999999999e-5
93489,0.000811117,0.000800191,1.092599999999997e-5
93500,0.00114524,0.00113369,1.1550000000000145e-5
93517,0.000145265,0.000111463,3.3802e-5
93518,0.000145251,0.000133488,1.1763000000000002e-5
93520,0.000189716,0.000167337,2.2379000000000024e-5
93525,0.000100359,Inf,Inf
93526,0.000167578,0.000167349,2.2899999999997358e-7
93527,0.000178232,Inf,Inf
93537,0.000356263,0.000356212,5.0999999999989856e-8
93538,0.000378649,0.000378576,7.300000000001099e-8
93595,0.00016755,0.00015599,1.1560000000000005e-5
93619,0.000767182,0.000756506,1.0676000000000045e-5
93645,0.000145074,Inf,Inf
93654,0.000322572,0.000277927,4.464499999999995e-5
93723,0.000167242,0.000156263,1.0979000000000018e-5
93761,0.000767296,0.00076706,2.360000000000296e-7
93784,0.00014511,0.000144532,5.779999999999934e-7
93789,0.000100003,Inf,Inf
93816,0.00055609,0.000500819,5.5270999999999966e-5
93852,0.000134111,0.000133861,2.4999999999997897e-7
93857,0.000233616,0.000222518,1.1097999999999994e-5
93863,0.000411775,0.000411175,6.000000000000146e-7
93901,0.00112299,0.00111141,1.1579999999999967e-5
93922,0.000455607,0.000434177,2.1430000000000017e-5
93963,0.000177806,0.000166814,1.0992000000000006e-5
93971,8.96474e-5,7.78029e-5,1.1844500000000012e-5
93976,8.94931e-5,8.89682e-5,5.248999999999922e-7
94037,0.000178777,Inf,Inf
94086,0.000212022,0.000155751,5.627099999999999e-5
94088,0.000111603,0.000111401,2.019999999999957e-7
94089,0.000156401,0.000156026,3.7499999999999556e-7
94094,0.000122441,Inf,Inf
94095,0.000100726,Inf,Inf
94097,0.000189741,0.000178551,1.1190000000000006e-5
94111,0.000467086,0.000422225,4.4861000000000044e-5
94114,0.000411417,0.000389249,2.2168000000000036e-5
94163,0.000145406,0.000134329,1.1076999999999989e-5
94166,0.000122597,0.000112025,1.0572000000000007e-5
94167,0.000178275,0.00014533,3.294500000000002e-5
94195,0.000500237,0.000455942,4.429499999999997e-5
94196,0.000412019,0.000411765,2.5399999999998774e-7
94241,0.000545431,0.000500626,4.4804999999999975e-5
94265,0.000856194,0.0008336,2.259400000000002e-5
94285,0.00115645,0.0010783,7.815000000000014e-5
94299,0.000144538,Inf,Inf
94301,0.000200971,Inf,Inf
94303,7.85858e-5,Inf,Inf
94311,0.000411602,0.000377961,3.3641e-5
94329,0.000867446,0.000867138,3.079999999999706e-7
94350,6.67434e-5,6.66983e-5,4.509999999999725e-8
94367,0.000400602,0.000356288,4.4313999999999996e-5
94419,0.000222655,Inf,Inf
94421,0.000100305,8.90105e-5,1.1294499999999998e-5
94423,0.000144704,Inf,Inf
94424,0.000178733,Inf,Inf
94430,0.000322308,0.000311998,1.0309999999999974e-5
94476,0.000145305,0.000111532,3.3773000000000003e-5
94479,0.000223023,Inf,Inf
94482,0.000156417,0.000155686,7.309999999999901e-7
94484,0.000134227,8.93329e-5,4.48941e-5
94486,7.87041e-5,6.73237e-5,1.1380400000000004e-5
94488,8.91585e-5,Inf,Inf
94515,0.000789655,0.000789205,4.5000000000003804e-7
94549,0.000134096,Inf,Inf
94554,5.5606e-5,Inf,Inf
94606,0.000145369,0.0001118,3.356900000000002e-5
94669,0.00015645,0.00011173,4.4720000000000006e-5
94670,0.000156502,0.000133383,2.3118999999999993e-5
94678,0.000111626,0.000111378,2.480000000000017e-7
94684,0.000322495,0.000322453,4.200000000001078e-8
94694,0.000411236,0.000400986,1.0250000000000005e-5
94733,2.22577e-5,Inf,Inf
94808,0.00013392,Inf,Inf
94809,6.75762e-5,Inf,Inf
94822,0.00038987,0.000367391,2.2479e-5
94831,0.000467263,0.000455695,1.1567999999999995e-5
94838,0.000667259,0.000656422,1.0836999999999978e-5
94859,0.00115585,0.0010898,6.605e-5
94937,0.000177783,0.000167015,1.0767999999999976e-5
94940,0.000111668,0.000100764,1.0904000000000003e-5
94982,0.000211649,0.000211328,3.210000000000127e-7
94984,0.000200232,0.000178761,2.1471000000000012e-5
94990,0.000178006,0.000166713,1.1293000000000002e-5
95034,0.00113387,0.00112278,1.1089999999999841e-5
95055,0.000100798,Inf,Inf
95116,0.000178589,0.000156026,2.2562999999999994e-5
95119,8.92789e-5,Inf,Inf
95121,0.000155856,Inf,Inf
95123,0.000144542,Inf,Inf
95185,0.000211233,0.000189627,2.1605999999999996e-5
95187,0.00018964,0.000144483,4.5157000000000015e-5
95203,0.000367415,0.000334102,3.3312999999999984e-5
95246,7.85233e-5,Inf,Inf
95250,0.000122714,0.000112039,1.0675000000000002e-5
95256,0.000378541,0.000300404,7.813699999999999e-5
95267,0.000345222,0.000322229,2.2993000000000015e-5
95271,0.000445003,0.000400678,4.432500000000001e-5
95321,0.000133935,0.000122569,1.1366000000000013e-5
95382,0.000122858,0.000122829,2.8999999999995826e-8
95440,0.000178302,Inf,Inf
95443,0.000123058,0.000111936,1.1122000000000006e-5
95445,0.000111641,Inf,Inf
95447,8.95155e-5,7.84657e-5,1.1049799999999997e-5
95448,0.000133706,0.000111676,2.2030000000000004e-5
95478,0.00067872,0.000678656,6.399999999992349e-8
95505,0.000845432,0.000789093,5.633899999999998e-5
95512,0.000134029,0.000123027,1.1002e-5
95514,8.95794e-5,7.82801e-5,1.1299300000000009e-5
95520,0.000167216,0.000167045,1.7100000000000904e-7
95527,0.000400468,0.000355847,4.4621000000000005e-5
95532,0.000544708,0.000488986,5.572200000000002e-5
95539,0.000578004,0.000567582,1.0422000000000057e-5
95571,0.000111971,6.69801e-5,4.4990899999999996e-5
95575,0.000133434,0.000111285,2.2149000000000008e-5
95578,0.000122593,0.000111725,1.0867999999999991e-5
95580,0.000111593,Inf,Inf
95583,0.000222869,0.000177944,4.4924999999999994e-5
95631,0.000156022,0.000145267,1.0754999999999988e-5
95633,7.78432e-5,Inf,Inf
95689,0.000167296,0.000155971,1.132499999999999e-5
95691,8.93426e-5,Inf,Inf
95722,0.00115616,0.00111204,4.412000000000014e-5
95743,0.000100994,7.82304e-5,2.27636e-5
95745,0.000133731,Inf,Inf
95769,0.000822605,0.00082231,2.949999999999828e-7
95797,0.00121145,0.00105595,0.00015550000000000004
95807,0.000233609,0.000233569,3.999999999997929e-8
95808,0.00012308,Inf,Inf
95810,0.000111384,Inf,Inf
95822,0.000367124,0.000355847,1.1276999999999967e-5
95872,5.64685e-5,Inf,Inf
95878,0.000200909,0.000200655,2.5400000000001485e-7
95888,0.000222981,0.00020044,2.2541e-5
95898,0.000667388,0.000622723,4.466499999999994e-5
95947,0.000122735,0.000111693,1.1042000000000007e-5
95948,0.000145157,Inf,Inf
95950,0.000122585,0.00010066,2.1925000000000004e-5
95951,0.000111784,Inf,Inf
96018,0.000144727,0.000133933,1.0794000000000005e-5
96020,0.000145411,0.000144668,7.429999999999893e-7
96023,0.000133931,0.000112035,2.189600000000001e-5
96064,0.00101171,0.00101112,5.900000000001824e-7
96075,0.000567634,0.000555779,1.1855000000000069e-5
96082,0.000122449,0.000111285,1.1164000000000004e-5
96092,0.000223072,0.000200452,2.2619999999999997e-5
96101,0.000411562,0.000411376,1.8599999999994706e-7
96155,8.93598e-5,Inf,Inf
96157,0.000144718,0.000133518,1.1200000000000001e-5
96158,4.46782e-5,3.39834e-5,1.0694800000000005e-5
96160,0.000100852,8.91821e-5,1.1669900000000008e-5
96162,0.000111472,7.86802e-5,3.279180000000001e-5
96170,0.000367352,0.000311925,5.542699999999998e-5
96199,0.00105581,0.00103382,2.1989999999999944e-5
96208,0.00043362,0.000411156,2.2464000000000034e-5
96212,8.95938e-5,Inf,Inf
96213,8.93916e-5,7.8072e-5,1.1319600000000006e-5
96215,8.9799e-5,7.82469e-5,1.1552099999999994e-5
96219,0.00020093,0.000200208,7.219999999999839e-7
96251,0.00107875,0.00107873,2.0000000000098064e-8
96272,0.000934302,0.000922571,1.1731000000000068e-5
96279,0.00013401,8.97252e-5,4.42848e-5
96348,0.000134327,0.000134086,2.409999999999999e-7
96358,0.000233697,0.000233408,2.889999999999967e-7
96396,0.000345225,0.000311795,3.342999999999998e-5
96399,0.000189793,0.000122289,6.7504e-5
96403,0.000156541,Inf,Inf
96405,0.000100102,Inf,Inf
96412,0.000267274,0.000200661,6.661300000000001e-5
96414,0.000245257,0.000245216,4.1000000000049244e-8
96415,0.000233602,0.000222385,1.1216999999999998e-5
96459,0.00033359,0.000322359,1.1231000000000001e-5
96465,0.000155724,Inf,Inf
96468,0.000100921,0.000100627,2.940000000000077e-7
96470,0.000189444,0.0001336,5.5844000000000016e-5
96514,0.000467318,0.000444692,2.2625999999999983e-5
96518,0.000111885,0.000111532,3.5300000000000153e-7
96519,0.000178374,0.000167272,1.1102000000000003e-5
96520,0.000111623,0.000100617,1.1005999999999996e-5
96521,6.70716e-5,Inf,Inf
96524,0.000122977,0.000122893,8.399999999999445e-8
96533,0.000245332,0.000211337,3.3995000000000016e-5
96540,0.000445423,0.000444816,6.070000000000164e-7
96553,0.000911908,0.000900783,1.1124999999999959e-5
96570,0.00112292,0.00110049,2.2429999999999933e-5
96592,0.000111991,0.000111577,4.1399999999999976e-7
96594,0.000111396,Inf,Inf
96597,0.000122415,0.000111182,1.123300000000002e-5
96602,0.000222359,0.0002223,5.899999999998029e-8
96653,0.000144862,0.000134228,1.0634000000000007e-5
96656,0.000167614,0.00014478,2.2834000000000005e-5
96660,0.00017829,0.000178042,2.480000000000017e-7
96712,8.92024e-5,5.62817e-5,3.2920700000000005e-5
96715,0.000122236,8.94681e-5,3.2767900000000015e-5
96730,0.000567079,0.000544474,2.2604999999999978e-5
96736,0.000878328,0.000856315,2.201300000000009e-5
96745,0.00131185,0.00125564,5.6210000000000114e-5
96766,0.000111883,0.000100349,1.1534000000000002e-5
96767,3.33939e-5,Inf,Inf
96768,0.000100246,8.94025e-5,1.0843499999999999e-5
96770,8.98134e-5,Inf,Inf
96774,0.000212027,0.000211168,8.589999999999997e-7
96777,0.000300921,0.000255854,4.506699999999998e-5
96778,0.000222661,0.000211339,1.1321999999999998e-5
96804,0.00102268,0.000989386,3.32939999999999e-5
96809,0.00117814,0.0011342,4.3940000000000125e-5
96885,0.000544572,0.000523164,2.1407999999999996e-5
96895,0.000188987,0.000156262,3.2724999999999996e-5
96896,0.000178702,0.000156262,2.244000000000001e-5
96897,0.000133685,Inf,Inf
96898,0.000111789,8.94934e-5,2.229559999999999e-5
96907,0.000600227,0.000600001,2.2600000000008898e-7
96950,0.000111403,Inf,Inf
96954,0.000222803,0.000155902,6.690099999999999e-5
96965,0.000555677,0.000544674,1.100299999999999e-5
97004,0.000422856,0.00038909,3.3766000000000015e-5
97014,0.000111907,Inf,Inf
97020,0.00025631,0.000244621,1.1689000000000003e-5
97022,0.000278511,0.000255774,2.2736999999999996e-5
97050,0.000900109,0.000889666,1.0442999999999954e-5
97059,0.000111883,Inf,Inf
97060,0.000189671,0.000189102,5.690000000000144e-7
97070,0.000122832,Inf,Inf
97073,0.000100268,5.57598e-5,4.4508199999999995e-5
97087,0.000678233,0.000645332,3.2901e-5
97136,0.000156545,0.000144566,1.1979000000000015e-5
97143,0.000122474,0.000100413,2.206099999999999e-5
97145,0.000156291,0.000156274,1.699999999999662e-8
97210,0.000133776,Inf,Inf
97220,0.000445285,0.000444834,4.509999999999996e-7
97275,0.000167412,0.000167318,9.399999999998927e-8
97276,0.000122817,0.000122289,5.279999999999922e-7
97284,0.00024475,0.000211699,3.3051000000000006e-5
97402,0.000123165,Inf,Inf
97404,0.000111222,8.90894e-5,2.21326e-5
97405,0.000178756,Inf,Inf
97407,0.000189377,Inf,Inf
97413,0.000155619,0.000144965,1.0653999999999997e-5
97465,0.000312027,0.000300873,1.1153999999999982e-5
97471,0.000133683,0.000133485,1.9800000000000048e-7
97472,0.00013365,0.000112069,2.1580999999999995e-5
97475,0.000122791,Inf,Inf
97476,8.95192e-5,8.934e-5,1.791999999999999e-7
97477,0.000178691,0.000123124,5.556699999999999e-5
97484,0.0003232,0.000245374,7.782599999999997e-5
97498,0.000622381,0.000611697,1.0683999999999954e-5
97516,0.00147823,0.00142279,5.544000000000013e-5
97544,0.000145197,0.000134106,1.109100000000002e-5
97550,0.000178511,0.000178136,3.7500000000002267e-7
97551,0.000178428,0.000156183,2.2245e-5
97617,0.000522888,0.000500121,2.2767000000000035e-5
97625,5.59936e-5,Inf,Inf
97687,8.93801e-5,7.80175e-5,1.1362599999999992e-5
97688,8.96799e-5,Inf,Inf
97690,0.000122238,Inf,Inf
97733,0.00104541,0.000978622,6.678800000000013e-5
97737,0.000678751,0.00066756,1.1191000000000022e-5
97748,0.000145236,0.00014477,4.659999999999918e-7
97751,0.000189732,Inf,Inf
97816,0.000144679,0.000134228,1.0450999999999999e-5
97820,0.000145289,0.000133754,1.153499999999999e-5
97822,0.000166863,0.000144588,2.2275000000000013e-5
97827,0.000134147,Inf,Inf
97877,8.93147e-5,Inf,Inf
97879,0.000123045,0.000123034,1.1000000000010567e-8
97887,0.000156481,0.000144718,1.1763000000000002e-5
97889,0.000212017,0.000178465,3.355200000000001e-5
97890,0.000211995,0.000188949,2.304600000000001e-5
97896,0.000433992,0.000400179,3.3812999999999996e-5
97916,0.000978344,0.000966696,1.1647999999999954e-5
97946,0.000289526,0.000278518,1.1008000000000014e-5
97956,0.000111971,Inf,Inf
97961,0.000234155,0.000188922,4.523299999999999e-5
97963,0.000211189,0.00020021,1.0978999999999991e-5
98004,0.000267506,0.000256347,1.1159000000000006e-5
98007,7.83642e-5,6.72113e-5,1.11529e-5
98010,0.000189342,0.000156002,3.334e-5
98077,0.000166671,0.000145217,2.1453999999999988e-5
98080,0.000600374,0.000600007,3.6700000000003223e-7
98130,0.000133726,0.000133485,2.409999999999999e-7
98131,0.000111552,8.934e-5,2.221200000000001e-5
98160,0.00103367,0.00102267,1.0999999999999942e-5
98189,8.91833e-5,Inf,Inf
98193,0.000122733,0.000100874,2.185900000000001e-5
98195,0.000122511,7.79441e-5,4.45669e-5
98200,0.000167577,0.00016719,3.8699999999999477e-7
98201,0.000211194,0.000200995,1.0198999999999988e-5
98211,0.000666709,0.000656373,1.0336000000000004e-5
98266,0.000156425,Inf,Inf
98271,0.000211704,0.000200223,1.1481000000000007e-5
98304,0.00148984,0.00036718,0.0011226600000000002
98314,0.000756456,0.000745271,1.1184999999999928e-5
98319,0.000100709,0.000100073,6.359999999999987e-7
98325,0.000200913,Inf,Inf
98326,0.000133611,0.000100385,3.322600000000001e-5
98332,0.000122358,Inf,Inf
98333,0.000256464,0.000245412,1.1052000000000002e-5
98368,0.00117799,0.00115615,2.1839999999999967e-5
98382,0.00012227,0.000111262,1.1008e-5
98386,7.86131e-5,6.70796e-5,1.1533499999999994e-5
98389,0.000111394,0.000100497,1.0897000000000001e-5
98390,7.78392e-5,6.75118e-5,1.0327399999999999e-5
98445,0.000267399,0.000255669,1.1729999999999998e-5
98446,0.00021166,8.92088e-5,0.0001224512
98447,0.00010048,Inf,Inf
98448,0.000144961,Inf,Inf
98454,0.000111841,Inf,Inf
98458,0.000133604,0.000133414,1.9000000000001004e-7
98463,0.000589399,0.00057832,1.1078999999999993e-5
98523,7.87159e-5,Inf,Inf
98524,0.00010048,Inf,Inf
98528,0.00016747,Inf,Inf
98532,0.000200844,0.000200299,5.449999999999889e-7
98535,0.000245388,0.000234305,1.1082999999999975e-5
98596,0.000133753,Inf,Inf
98597,0.000100781,Inf,Inf
98605,0.00041178,0.000389433,2.234699999999998e-5
98649,0.000288967,0.000267174,2.1792999999999986e-5
98651,0.00014465,0.000133984,1.0665999999999996e-5
98652,0.000111463,8.8896e-5,2.2567000000000003e-5
98710,0.000678373,0.000666925,1.1448000000000057e-5
98717,0.000145225,0.000133726,1.1498999999999993e-5
98718,0.000111797,Inf,Inf
98720,0.00010075,Inf,Inf
98732,0.000166678,Inf,Inf
98792,0.000100276,Inf,Inf
98800,6.69619e-5,Inf,Inf
98801,0.00016684,Inf,Inf
98806,0.000133461,0.000111136,2.2325e-5
98824,0.00110087,0.001056,4.487000000000002e-5
98849,0.000811862,0.00078938,2.2481999999999992e-5
98857,0.000322346,0.000311587,1.0758999999999996e-5
98860,0.000155876,0.000144727,1.1148999999999984e-5
98862,0.00014526,0.000133995,1.1264999999999995e-5
98863,0.000100691,Inf,Inf
98865,8.93734e-5,7.85363e-5,1.0837099999999998e-5
98868,0.000233615,0.000222792,1.0823000000000001e-5
98869,0.00018983,0.000144963,4.4867e-5
98871,0.000234297,0.000200138,3.415900000000002e-5
98920,0.000178479,0.000178361,1.1799999999998769e-7
98960,0.00104512,0.001045,1.200000000001547e-7
98995,0.000134199,Inf,Inf
98996,0.00014489,0.000133696,1.1194000000000015e-5
99053,0.000100604,Inf,Inf
99057,0.000122681,0.000122399,2.8199999999999493e-7
99065,0.000289837,0.000277941,1.189600000000001e-5
99067,0.000167383,0.000155754,1.1629000000000007e-5
99068,0.000200843,0.000178213,2.2629999999999992e-5
99084,0.00105639,0.00105614,2.500000000000332e-7
99127,7.84148e-5,Inf,Inf
99130,8.95536e-5,6.73572e-5,2.2196400000000003e-5
99133,0.00013431,0.000123211,1.109900000000001e-5
99186,0.000112047,Inf,Inf
99198,0.000122331,0.000111429,1.0901999999999985e-5
99199,0.000100848,Inf,Inf
99202,7.86446e-5,6.75212e-5,1.1123399999999996e-5
99203,0.000145265,0.000123172,2.2092999999999993e-5
99215,0.000867009,0.000856449,1.0559999999999953e-5
99229,0.00111152,0.00103416,7.736000000000006e-5
99258,0.000623167,0.000622259,9.079999999999852e-7
99263,0.000355973,0.000334256,2.1716999999999982e-5
99323,0.000177945,0.000155664,2.2281e-5
99340,0.000378318,0.000355943,2.2374999999999988e-5
99389,6.67975e-5,Inf,Inf
99390,0.000122786,Inf,Inf
99392,0.000156339,0.00010014,5.6198999999999995e-5
99439,0.00127783,0.00125641,2.1420000000000076e-5
99452,0.00011128,8.89085e-5,2.23715e-5
99459,6.75981e-5,Inf,Inf
99464,0.00022295,0.000222743,2.0700000000000666e-7
99467,0.000345095,0.00033352,1.1574999999999997e-5
99530,0.000100984,0.000100333,6.509999999999909e-7
99532,5.59937e-5,Inf,Inf
99535,0.000167364,0.000133368,3.3996000000000005e-5
99540,0.000167242,Inf,Inf
99565,0.00110023,0.00106683,3.340000000000005e-5
99577,0.00123431,0.00118963,4.468000000000007e-5
99581,0.000944838,0.000922791,2.2047000000000082e-5
99590,0.000134211,Inf,Inf
99596,0.000178367,0.000177793,5.739999999999847e-7
99598,0.000156413,Inf,Inf
99653,0.00017835,8.96079e-5,8.874209999999999e-5
99658,0.000100979,Inf,Inf
99661,0.000223044,0.000222459,5.849999999999952e-7
99663,0.00035613,0.000345128,1.1002000000000028e-5
99717,0.00010084,0.000100505,3.350000000000027e-7
99718,0.00010052,Inf,Inf
99720,0.000156046,0.000145181,1.0864999999999985e-5
99774,0.000167506,0.000166783,7.229999999999997e-7
99777,0.000145413,0.000111292,3.4120999999999994e-5
99781,0.000178156,0.000155742,2.2414000000000006e-5
99784,0.000189568,0.000111491,7.807700000000002e-5
99785,0.000167061,0.000122863,4.419800000000001e-5
99857,8.94424e-5,7.81172e-5,1.1325200000000005e-5
99858,8.97642e-5,Inf,Inf
99862,0.000100329,Inf,Inf
99865,0.00021191,0.000144789,6.712099999999998e-5
99881,0.00121145,0.00105605,0.00015539999999999998
99925,0.000134325,0.000123123,1.1202000000000006e-5
99926,0.000145148,0.000100886,4.4262000000000004e-5
99928,0.000122733,0.000122721,1.1999999999999207e-8
99931,0.000167207,Inf,Inf
99934,0.00014492,0.000133885,1.1034999999999978e-5
99963,0.00117812,0.00117795,1.6999999999985776e-7
99964,0.00111171,0.00107855,3.315999999999996e-5
99990,0.000133519,0.000133458,6.099999999998468e-8
99991,6.70853e-5,Inf,Inf
99992,8.9555e-5,4.53883e-5,4.4166700000000005e-5
99993,0.000100123,Inf,Inf
99994,8.96532e-5,4.51605e-5,4.44927e-5
99995,8.91505e-5,Inf,Inf
100000,8.98754e-5,Inf,Inf
100033,0.00112285,0.00111116,1.1690000000000181e-5
100048,0.00106752,0.00105572,1.1799999999999962e-5
100069,0.000133533,0.000111128,2.2405e-5
100071,0.000122569,0.000111912,1.0657000000000003e-5
100075,0.000133912,Inf,Inf
100091,0.000800091,0.000778211,2.1879999999999946e-5
100141,7.84176e-5,Inf,Inf
100142,8.96585e-5,Inf,Inf
100148,0.000144546,0.000133464,1.1082000000000013e-5
100202,0.000123161,0.000100742,2.241899999999999e-5
100205,0.00013417,0.00013413,4.000000000000639e-8
100259,0.000223025,0.000189757,3.326799999999998e-5
100263,0.000133555,0.000111748,2.180699999999999e-5
100271,0.00015638,Inf,Inf
100276,0.000177938,Inf,Inf
100278,0.000267111,0.000267077,3.399999999999324e-8
100280,0.000345354,0.000344866,4.879999999999858e-7
100330,0.000911345,0.00090088,1.0465000000000084e-5
100335,0.000156334,Inf,Inf
100336,0.000122258,Inf,Inf
100338,0.000111463,8.89894e-5,2.24736e-5
100341,0.000133893,0.00012303,1.0863000000000008e-5
100343,0.000122539,Inf,Inf
100414,0.00016679,0.000166783,7.0000000000017965e-9
100480,0.000111392,0.000100134,1.1257999999999993e-5
100486,0.000800681,0.000800033,6.480000000000114e-7
100550,0.000111826,Inf,Inf
100568,0.00112288,0.000978285,0.00014459499999999997
100609,0.000600169,0.000589245,1.0924000000000047e-5
100612,0.000134264,0.000100457,3.380699999999998e-5
100616,7.78358e-5,Inf,Inf
100617,0.000155661,0.000122687,3.2973999999999986e-5
100627,0.000789388,0.000778211,1.1177000000000019e-5
100637,0.00107839,0.00106717,1.1219999999999937e-5
100639,0.00116724,0.00116721,3.0000000000038676e-8
100677,0.000133592,0.000122675,1.0917000000000018e-5
100679,0.000111833,0.000100094,1.1739000000000004e-5
100680,0.000144843,0.000133697,1.1145999999999991e-5
100683,0.000100699,Inf,Inf
100692,0.000189212,0.000167348,2.1863999999999993e-5
100693,0.000100235,Inf,Inf
100695,5.64411e-5,Inf,Inf
100754,8.9758e-5,8.89324e-5,8.256000000000078e-7
100761,0.000145034,0.000134027,1.1006999999999998e-5
100762,0.000211803,0.000211561,2.4199999999998854e-7
100763,0.000233629,0.000222385,1.1244000000000016e-5
100769,0.000900656,0.000800884,9.977200000000003e-5
100826,0.000167215,0.000167146,6.900000000000222e-8
100830,0.000144475,0.000133831,1.0644000000000002e-5
100833,0.00012291,0.000100283,2.2627e-5
100835,0.000356524,0.000356425,9.899999999998669e-8
100869,0.00126695,0.00114508,0.00012187000000000005
100895,0.000133967,Inf,Inf
100901,0.000145365,0.000122864,2.2500999999999993e-5
100903,5.64841e-5,Inf,Inf
100904,0.000134163,0.000100694,3.3469e-5
100972,0.000111564,0.000100406,1.1158000000000004e-5
100983,0.000167463,0.000166702,7.610000000000017e-7
101017,0.00121149,0.00120057,1.0919999999999984e-5
101035,0.000144748,0.000100933,4.3814999999999986e-5
101038,3.38155e-5,Inf,Inf
101039,0.000178388,0.000145071,3.331699999999999e-5
101040,3.40847e-5,Inf,Inf
101042,0.000155876,0.000145056,1.0820000000000008e-5
101045,0.000100828,0.000100331,4.970000000000056e-7
101059,0.000878373,0.000878272,1.0099999999996397e-7
101091,0.000123054,0.000111903,1.1150999999999989e-5
101093,0.000111446,Inf,Inf
101098,0.000122888,8.95203e-5,3.33677e-5
101100,0.000133594,Inf,Inf
101161,0.000100853,8.92369e-5,1.1616099999999999e-5
101163,8.98755e-5,Inf,Inf
101173,0.000111869,Inf,Inf
101225,0.000144974,7.84486e-5,6.652539999999999e-5
101292,0.000145053,Inf,Inf
101296,0.000133554,0.000100648,3.2906e-5
101299,0.000100322,0.000100248,7.399999999999963e-8
101323,0.0010667,0.00103335,3.335000000000013e-5
101331,0.00138954,0.00127833,0.00011121000000000004
101364,8.96987e-5,6.75434e-5,2.21553e-5
101367,8.97084e-5,Inf,Inf
101369,0.000112079,Inf,Inf
101432,0.000367499,0.000278291,8.920800000000002e-5
101434,6.74847e-5,Inf,Inf
101445,0.000567382,0.000545238,2.2143999999999983e-5
101495,8.93543e-5,8.93211e-5,3.3200000000005035e-8
101497,0.000122663,8.98808e-5,3.2782199999999986e-5
101530,0.00123429,0.00117828,5.601e-5
101553,0.000611511,0.000600775,1.0736000000000014e-5
101563,0.000111191,0.000100885,1.0306000000000006e-5
101564,0.000122455,0.000100501,2.1953999999999987e-5
101614,0.00116751,0.00114445,2.3060000000000094e-5
101633,7.78212e-5,Inf,Inf
101636,6.67208e-5,Inf,Inf
101641,0.000156289,7.84945e-5,7.779449999999999e-5
101644,0.000145327,Inf,Inf
101657,0.00102306,0.00100018,2.2879999999999862e-5
101696,0.000156111,Inf,Inf
101698,0.000156137,0.000144974,1.1163000000000015e-5
101751,0.000133433,Inf,Inf
101752,0.000100927,8.97073e-5,1.121970000000001e-5
101753,7.78981e-5,Inf,Inf
101755,0.000111811,0.000100123,1.1688e-5
101805,0.000878021,0.000855818,2.2202999999999936e-5
101815,0.00010025,0.000100093,1.569999999999919e-7
101821,0.000111564,8.94871e-5,2.2076900000000005e-5
101826,0.000111847,8.94865e-5,2.2360500000000004e-5
101827,0.000111176,Inf,Inf
101864,0.0011676,0.00105591,0.00011169000000000001
101869,0.000867659,0.000866734,9.25000000000036e-7
101877,0.000144622,0.000111903,3.271900000000001e-5
101878,0.000122737,0.000122565,1.7199999999999768e-7
101880,0.000100175,8.92945e-5,1.0880499999999999e-5
101885,0.000122472,0.000100855,2.1616999999999993e-5
101893,0.000244696,0.000222708,2.1987999999999966e-5
101957,0.000123212,0.00010044,2.277200000000002e-5
101961,8.93323e-5,7.8227e-5,1.1105300000000004e-5
101962,8.98215e-5,8.97073e-5,1.1420000000000646e-7
101967,0.000112061,0.000111792,2.6899999999999353e-7
102017,6.7539e-5,Inf,Inf
102018,8.90075e-5,Inf,Inf
102031,0.000933994,0.000933802,1.9199999999998732e-7
102083,8.98372e-5,7.82212e-5,1.1616000000000005e-5
102085,0.000133655,Inf,Inf
102088,0.00011186,0.000111668,1.9200000000000087e-7
102089,7.80332e-5,Inf,Inf
102137,0.00123388,0.00122246,1.1419999999999833e-5
102153,8.93703e-5,7.81179e-5,1.1252399999999994e-5
102161,0.000555936,0.000545354,1.0582000000000083e-5
102214,0.000100379,Inf,Inf
102217,0.000133893,Inf,Inf
102219,0.000222539,Inf,Inf
102220,0.000111856,0.000100823,1.1033000000000001e-5
102221,0.000100589,8.89462e-5,1.1642799999999996e-5
102224,0.000234263,0.000234219,4.399999999998806e-8
102286,0.000145402,0.000100912,4.448999999999999e-5
102288,7.81165e-5,Inf,Inf
102291,7.85837e-5,Inf,Inf
102296,0.000112083,Inf,Inf
102298,0.000112109,0.000111262,8.46999999999987e-7
102350,8.93466e-5,7.81158e-5,1.1230800000000001e-5
102351,0.000133712,0.000111661,2.2050999999999996e-5
102352,0.000111774,8.93159e-5,2.24581e-5
102356,6.71043e-5,Inf,Inf
102357,8.95687e-5,Inf,Inf
102423,0.000222639,0.000222464,1.750000000000178e-7
102425,0.000111772,Inf,Inf
102427,0.000100606,Inf,Inf
102431,0.000145151,8.94184e-5,5.573259999999999e-5
102433,0.000133966,Inf,Inf
102488,5.59725e-5,Inf,Inf
102489,7.78414e-5,Inf,Inf
102490,8.95727e-5,Inf,Inf
102492,7.78977e-5,5.64483e-5,2.1449399999999998e-5
102553,0.000122418,Inf,Inf
102554,0.000166796,0.000155828,1.0968000000000007e-5
102560,0.000100794,7.85869e-5,2.2207099999999993e-5
102564,0.00055626,0.000556191,6.900000000000222e-8
102592,0.00115622,0.00115607,1.4999999999997654e-7
102615,7.80589e-5,7.79858e-5,7.310000000000443e-8
102622,0.000145239,8.89442e-5,5.62948e-5
102623,0.000133385,0.000111828,2.1556999999999997e-5
102627,0.000334119,0.000311686,2.2433000000000034e-5
102630,0.000566943,0.000523191,4.3751999999999984e-5
102679,0.000133988,Inf,Inf
102681,0.000122861,Inf,Inf
102682,7.8491e-5,Inf,Inf
102687,0.000133975,0.000123056,1.0918999999999995e-5
102732,0.00108965,0.0010889,7.499999999998827e-7
102816,0.000100542,Inf,Inf
102817,8.93981e-5,Inf,Inf
102820,0.000156479,6.66986e-5,8.97804e-5
102826,0.00020083,0.000200474,3.5600000000002166e-7
102877,0.000112041,0.000100912,1.1128999999999995e-5
102880,4.44753e-5,Inf,Inf
102883,0.000100537,0.000100251,2.860000000000037e-7
102884,0.000145388,0.000133509,1.1879000000000013e-5
102888,0.000289358,0.000288967,3.9099999999997644e-7
102920,0.00102233,0.00101129,1.1039999999999921e-5
102972,7.82182e-5,Inf,Inf
102975,8.96564e-5,Inf,Inf
102976,8.95823e-5,Inf,Inf
102977,0.000133411,8.91301e-5,4.42809e-5
102980,0.000112046,0.000111202,8.440000000000075e-7
102982,0.000167303,0.00016701,2.930000000000055e-7
102983,0.000133961,Inf,Inf
103039,0.000100055,Inf,Inf
103040,6.70599e-5,Inf,Inf
103048,0.000256538,0.000234138,2.2400000000000002e-5
103049,0.000234133,0.000200957,3.3175999999999995e-5
103103,0.000144908,0.000144548,3.599999999999762e-7
103105,0.000178075,0.000100723,7.7352e-5
103107,0.000100469,Inf,Inf
103149,0.000855802,0.000855654,1.4800000000005347e-7
103161,5.57925e-5,Inf,Inf
103162,0.000134041,Inf,Inf
103163,0.000145169,0.000123149,2.202000000000001e-5
103166,8.92269e-5,6.72927e-5,2.1934199999999997e-5
103169,8.93096e-5,Inf,Inf
103173,0.000556107,0.00054511,1.0997000000000003e-5
103183,0.00121196,0.00121183,1.3000000000009532e-7
103218,0.000111423,8.92169e-5,2.220609999999999e-5
103220,0.000144569,0.000122573,2.1995999999999984e-5
103223,7.84499e-5,Inf,Inf
103229,0.000489433,0.000478589,1.0843999999999925e-5
103282,6.69733e-5,Inf,Inf
103286,0.00011158,Inf,Inf
103288,7.81555e-5,Inf,Inf
103296,0.000133818,0.000111359,2.245900000000001e-5
103353,0.000200767,Inf,Inf
103357,0.000123197,0.000123149,4.799999999999683e-8
103358,5.613e-5,Inf,Inf
103391,0.0014563,0.00114467,0.00031163
103418,0.000111569,7.78678e-5,3.370120000000001e-5
103420,5.6449e-5,Inf,Inf
103422,7.86304e-5,6.74789e-5,1.1151499999999996e-5
103425,0.000111508,0.000100811,1.069700000000001e-5
103433,0.000122365,0.000100399,2.1966000000000013e-5
103434,0.000156218,Inf,Inf
103476,0.000945338,0.000900651,4.468699999999996e-5
103488,0.000133963,Inf,Inf
103493,0.000111695,0.000111384,3.1099999999999075e-7
103503,0.00126741,0.00117783,8.958000000000013e-5
103513,0.00127822,0.0012778,4.200000000001078e-7
103551,0.000100041,Inf,Inf
103556,0.000145107,0.000100477,4.463000000000001e-5
103561,0.000256068,0.000244681,1.1386999999999964e-5
103595,0.00132306,0.00127803,4.502999999999994e-5
103598,0.00133427,0.00126755,6.671999999999993e-5
103618,0.000545274,0.000534201,1.1073000000000007e-5
103622,7.84207e-5,Inf,Inf
103624,0.00014522,0.000133835,1.1384999999999987e-5
103626,7.79785e-5,Inf,Inf
103628,0.000145175,0.000144516,6.589999999999949e-7
103630,0.000145376,Inf,Inf
103637,0.000800182,0.000800147,3.500000000000898e-8
103660,0.00102277,0.000989443,3.3327000000000096e-5
103672,0.000122651,Inf,Inf
103675,0.000167438,Inf,Inf
103679,0.000155723,Inf,Inf
103681,0.000200869,0.000100005,0.000100864
103734,0.000211986,0.000211283,7.0300000000001e-7
103736,0.000167654,0.000145048,2.2605999999999993e-5
103738,8.89628e-5,6.70316e-5,2.193119999999999e-5
103742,0.000155907,Inf,Inf
103745,0.000267497,0.000245415,2.2081999999999983e-5
103850,0.000178733,0.000178565,1.68000000000016e-7
103852,0.000144646,Inf,Inf
103854,8.94314e-5,Inf,Inf
103855,8.96333e-5,8.93715e-5,2.617999999999913e-7
103857,0.000122515,0.000122467,4.799999999999683e-8
103860,0.000145292,0.000134125,1.1166999999999997e-5
103864,0.000134204,0.000111802,2.2401999999999993e-5
103884,0.00125558,0.0012337,2.1880000000000163e-5
103927,1.20814e-5,Inf,Inf
103929,7.82981e-5,7.79821e-5,3.1599999999998817e-7
103931,0.000144593,0.000144472,1.2099999999998071e-7
103932,0.000144444,8.89077e-5,5.55363e-5
103991,8.94966e-5,8.89212e-5,5.754000000000013e-7
103993,7.82252e-5,6.69938e-5,1.1231400000000002e-5
103996,0.000123204,0.000122266,9.379999999999968e-7
103998,0.000133651,Inf,Inf
104001,0.000200314,0.00012269,7.762399999999999e-5
104005,0.00024504,0.000244744,2.959999999999985e-7
104024,0.00127803,0.00127784,1.9000000000017267e-7
104045,0.000944789,0.000933554,1.1235000000000064e-5
104070,0.000100725,8.98859e-5,1.0839099999999989e-5
104072,7.83482e-5,Inf,Inf
104098,0.00125611,0.00123356,2.254999999999987e-5
104151,0.000156476,0.000156218,2.580000000000236e-7
104152,0.000100916,0.000100394,5.219999999999926e-7
104156,0.000123041,0.000100736,2.2304999999999997e-5
104157,0.000144856,0.000144607,2.4900000000001744e-7
104162,7.85951e-5,Inf,Inf
104163,0.000111543,Inf,Inf
104164,7.81742e-5,Inf,Inf
104166,0.000500106,0.000455678,4.4428000000000056e-5
104183,0.00132321,0.00132303,1.8000000000001522e-7
104209,0.00108974,0.00106726,2.248000000000007e-5
104224,0.000133789,0.000123031,1.075799999999998e-5
104225,0.000155615,Inf,Inf
104226,7.82547e-5,7.82517e-5,2.9999999999930256e-9
104227,0.000133683,Inf,Inf
104289,0.000100796,7.8728e-5,2.2068000000000006e-5
104297,0.000122776,0.000122563,2.129999999999927e-7
104358,7.8204e-5,7.81254e-5,7.859999999999616e-8
104361,5.64882e-5,Inf,Inf
104362,0.000112016,Inf,Inf
104365,0.000144846,0.000122996,2.184999999999999e-5
104366,0.000123212,0.000111168,1.2044000000000009e-5
104380,0.00127813,0.00124494,3.319e-5
104398,0.00130066,0.00127852,2.213999999999992e-5
104429,0.000134096,0.00012223,1.1865999999999998e-5
104431,0.000100168,7.84094e-5,2.1758599999999992e-5
104508,0.00016704,Inf,Inf
104510,8.89161e-5,6.69513e-5,2.1964799999999997e-5
104511,0.000145352,0.000145158,1.939999999999917e-7
104514,8.97679e-5,Inf,Inf
104515,0.000122424,Inf,Inf
104580,0.000100466,Inf,Inf
104581,0.000133481,0.000100289,3.319199999999999e-5
104582,0.000156518,0.000144635,1.1882999999999994e-5
104583,7.86461e-5,Inf,Inf
104588,0.000289273,0.000244634,4.463900000000002e-5
104648,0.000111528,Inf,Inf
104649,0.000155787,Inf,Inf
104653,0.000123119,8.92687e-5,3.385030000000002e-5
104696,0.000967275,0.000889598,7.767699999999995e-5
104704,0.000100506,Inf,Inf
104706,0.000133765,0.000123142,1.0622999999999996e-5
104709,0.00012296,0.00011128,1.1679999999999997e-5
104710,0.000122717,Inf,Inf
104769,0.000111358,Inf,Inf
104770,0.000111386,Inf,Inf
104772,8.93073e-5,Inf,Inf
104774,0.000111909,Inf,Inf
104842,0.000111797,Inf,Inf
104843,0.000112046,Inf,Inf
104847,0.000178403,0.000155777,2.2625999999999983e-5
104848,8.93539e-5,Inf,Inf
104882,0.000989702,0.000944638,4.506400000000004e-5
104893,0.000222294,0.000200111,2.2183e-5
104896,7.79801e-5,7.79704e-5,9.70000000000094e-9
104899,0.000133871,Inf,Inf
104901,0.000134038,Inf,Inf
104916,0.00122236,0.00120027,2.209e-5
104928,0.00134512,0.00132228,2.28400000000001e-5
104974,0.000155842,Inf,Inf
104986,0.000733903,0.000722662,1.124100000000005e-5
105029,0.000144556,0.000133379,1.1176999999999991e-5
105030,0.000111319,0.000100653,1.0665999999999996e-5
105033,0.000123208,8.94104e-5,3.37976e-5
105034,0.000133986,0.000100685,3.3301e-5
105037,0.000122539,0.000111934,1.0604999999999984e-5
105040,3.40347e-5,Inf,Inf
105044,0.000167343,Inf,Inf
105071,0.00132312,0.00130052,2.259999999999979e-5
105100,0.00020069,0.000200648,4.200000000001078e-8
105102,3.38771e-5,Inf,Inf
105131,0.00132249,0.00128925,3.323999999999992e-5
105132,0.00131178,0.00130048,1.1300000000000112e-5
105151,0.000422409,0.000345002,7.740699999999999e-5
105154,0.00014531,0.000133487,1.1822999999999998e-5
105155,0.000111737,0.00011117,5.6700000000001e-7
105157,8.97793e-5,8.97519e-5,2.740000000000587e-8
105161,0.000200065,0.000167284,3.278100000000001e-5
105165,0.000122968,Inf,Inf
105188,0.00135562,0.00134452,1.1099999999999999e-5
105227,0.000155999,Inf,Inf
105228,0.000100537,Inf,Inf
105229,6.76021e-5,Inf,Inf
105232,0.000156295,0.000155777,5.179999999999974e-7
105239,6.70254e-5,Inf,Inf
105303,0.000145088,0.000133773,1.1314999999999996e-5
105321,0.00137797,0.00124506,0.00013290999999999997
105342,0.00016676,0.000123031,4.3729e-5
105348,0.000112028,Inf,Inf
105355,0.000144942,Inf,Inf
105356,7.83049e-5,Inf,Inf
105400,0.00030023,0.000267503,3.272700000000003e-5
105404,0.000100436,8.96843e-5,1.07517e-5
105405,0.000133852,Inf,Inf
105409,7.86879e-5,7.81986e-5,4.892999999999955e-7
105418,0.00015646,0.000155966,4.93999999999999e-7
105449,0.00142285,0.00137867,4.418e-5
105470,0.000356074,0.000333851,2.222299999999998e-5
105479,0.000122891,7.78483e-5,4.50427e-5
105484,0.000122779,0.000100188,2.2591e-5
105540,0.000100333,8.97346e-5,1.0598399999999997e-5
105542,0.000100924,Inf,Inf
105544,0.000100685,Inf,Inf
105551,0.000166834,0.000156144,1.0690000000000021e-5
105654,7.79649e-5,6.67163e-5,1.12486e-5
105660,6.76183e-5,6.73667e-5,2.5159999999999603e-7
105664,0.000100983,0.000100095,8.880000000000091e-7
105669,0.000800686,0.000789224,1.1461999999999952e-5
105692,0.00136761,0.00135631,1.1300000000000112e-5
105719,6.76644e-5,Inf,Inf
105722,0.000111781,Inf,Inf
105726,0.00018945,Inf,Inf
105730,0.000123083,8.89827e-5,3.410029999999998e-5
105731,0.000111207,Inf,Inf
105768,0.000911836,0.000889887,2.194899999999995e-5
105779,0.000111605,0.000111558,4.699999999999464e-8
105781,6.72171e-5,Inf,Inf
105782,0.000100778,Inf,Inf
105789,0.000223072,0.000189237,3.383499999999999e-5
105841,0.000556025,0.000512028,4.3997000000000046e-5
105846,8.90988e-5,Inf,Inf
105848,0.000144661,0.00012318,2.1481000000000007e-5
105850,0.000178064,Inf,Inf
105851,4.45815e-5,Inf,Inf
105858,0.00127842,0.0011893,8.912000000000004e-5
105862,0.00120081,0.00118975,1.106000000000002e-5
105912,0.000467526,0.000400835,6.669100000000002e-5
105918,0.000122967,0.000100191,2.2776e-5
105924,0.00012283,0.00011181,1.1019999999999986e-5
105926,7.81717e-5,6.68997e-5,1.1271999999999996e-5
105927,0.000178338,Inf,Inf
105979,0.00010089,0.000100695,1.9500000000000745e-7
105985,7.8548e-5,6.72427e-5,1.1305299999999995e-5
105987,0.00056711,0.000533603,3.3507e-5
106027,0.000889116,0.000844647,4.4469e-5
106047,0.000100981,0.000100135,8.459999999999983e-7
106054,0.000122485,0.000111188,1.1296999999999997e-5
106057,7.78737e-5,Inf,Inf
106060,0.000122684,8.90866e-5,3.35974e-5
106061,0.000189069,Inf,Inf
106062,0.000211755,0.000178555,3.3199999999999994e-5
106107,0.000100603,0.000100068,5.34999999999994e-7
106108,6.76024e-5,Inf,Inf
106109,0.000144592,Inf,Inf
106110,0.0001008,Inf,Inf
106112,6.76319e-5,Inf,Inf
106115,0.00016741,Inf,Inf
106119,0.000111488,8.97758e-5,2.17122e-5
106149,0.000900727,0.000900596,1.3100000000000264e-7
106166,0.000244817,0.00020038,4.443699999999998e-5
106170,0.000111506,0.000111491,1.5000000000005786e-8
106171,0.000134293,0.000133707,5.86000000000011e-7
106173,0.000111868,0.000100961,1.0906999999999996e-5
106178,0.000145295,0.00014471,5.850000000000224e-7
106221,0.00101193,0.000978627,3.330300000000015e-5
106235,0.000100036,Inf,Inf
106236,0.0001341,0.000134038,6.200000000000042e-8
106286,0.000277811,0.000244938,3.2872999999999995e-5
106289,6.76499e-5,Inf,Inf
106291,0.000111672,Inf,Inf
106292,7.82048e-5,Inf,Inf
106324,0.00131194,0.0013007,1.1240000000000035e-5
106347,0.000455769,0.000411929,4.3840000000000014e-5
106351,8.92923e-5,Inf,Inf
106352,0.000111719,Inf,Inf
106353,6.73281e-5,5.56236e-5,1.1704499999999996e-5
106355,7.82132e-5,Inf,Inf
106408,0.000133789,0.000100423,3.336599999999999e-5
106410,8.9882e-5,Inf,Inf
106413,7.8513e-5,Inf,Inf
106414,6.70691e-5,Inf,Inf
106415,0.00013389,0.00012278,1.111000000000002e-5
106416,7.84738e-5,Inf,Inf
106419,0.000111928,7.87716e-5,3.315640000000001e-5
106421,0.000278763,0.00027856,2.029999999999979e-7
106444,0.00138889,0.00124497,0.00014392000000000007
106479,0.000156048,0.00012278,3.326800000000001e-5
106481,0.000100595,8.96335e-5,1.09615e-5
106483,0.000167511,0.000167061,4.4999999999998383e-7
106536,0.000122692,0.000111257,1.1435000000000015e-5
106542,0.000111624,Inf,Inf
106543,0.000166974,0.000166817,1.5699999999997834e-7
106609,0.00013405,0.000111947,2.2103e-5
106614,0.000111927,Inf,Inf
106671,0.000222779,0.000211697,1.1081999999999986e-5
106672,8.96203e-5,7.85784e-5,1.10419e-5
106673,0.000111304,0.000100135,1.1169000000000001e-5
106675,7.84964e-5,Inf,Inf
106678,8.98249e-5,7.84066e-5,1.1418299999999999e-5
106679,0.000100051,8.95277e-5,1.0523300000000001e-5
106709,0.00133335,0.00127812,5.523000000000008e-5
106741,0.00012318,Inf,Inf
106742,0.000122721,0.000100531,2.2190000000000003e-5
106743,0.000122506,Inf,Inf
106744,0.000100539,Inf,Inf
106745,0.000144547,Inf,Inf
106750,0.000167236,0.000134288,3.294799999999998e-5
106751,0.000100252,8.89792e-5,1.1272799999999998e-5
106756,0.000334123,0.000333665,4.580000000000014e-7
106768,0.0012669,0.00121188,5.5020000000000025e-5
106791,0.000911947,0.00088985,2.2097000000000002e-5
106804,0.000122376,Inf,Inf
106805,0.000100369,Inf,Inf
106860,0.000222817,0.000211635,1.1181999999999989e-5
106862,7.86205e-5,Inf,Inf
106872,8.95436e-5,Inf,Inf
106902,0.00103399,0.000923061,0.00011092900000000006
106926,0.000111918,7.85133e-5,3.340469999999999e-5
106970,5.6128e-5,Inf,Inf
106975,8.98203e-5,Inf,Inf
106978,6.76094e-5,Inf,Inf
106981,7.84839e-5,Inf,Inf
107010,0.000956206,0.000955912,2.9400000000007545e-7
107028,0.000300077,0.000267561,3.251600000000001e-5
107035,8.93913e-5,Inf,Inf
107036,8.98581e-5,Inf,Inf
107038,0.000122809,0.000111964,1.0845000000000009e-5
107040,0.000111811,Inf,Inf
107041,0.000166904,Inf,Inf
107042,0.00013416,0.000122599,1.1560999999999993e-5
107043,0.00012242,0.00010078,2.1640000000000016e-5
107044,0.000144547,Inf,Inf
107045,0.000111371,8.89722e-5,2.23988e-5
107100,8.91445e-5,7.8139e-5,1.1005499999999988e-5
107102,0.000123186,Inf,Inf
107111,5.5899e-5,Inf,Inf
107170,0.000100942,0.000100777,1.6499999999999588e-7
107171,0.000122955,Inf,Inf
107175,6.66878e-5,Inf,Inf
107207,0.000134204,0.0001338,4.039999999999914e-7
107214,0.000145331,8.90976e-5,5.62334e-5
107216,0.000144971,0.000112025,3.2946000000000006e-5
107227,0.00115647,0.00113345,2.3019999999999898e-5
107263,0.000134176,0.000122875,1.130100000000002e-5
107265,3.3879e-5,Inf,Inf
107280,0.000878499,0.000878357,1.4200000000006742e-7
107331,0.000111273,0.000100638,1.0635000000000009e-5
107333,0.000100745,6.71167e-5,3.3628300000000005e-5
107335,0.000133906,0.000100478,3.342799999999999e-5
107336,0.000133561,0.000111625,2.1936e-5
107337,8.98106e-5,Inf,Inf
107379,0.000689231,0.000633677,5.555399999999998e-5
107384,0.000178398,0.00017809,3.0799999999999773e-7
107389,0.000133468,0.000111263,2.220500000000001e-5
107396,0.000156299,0.000145075,1.1224e-5
107399,0.000134052,Inf,Inf
107403,0.000156075,0.000144927,1.1148000000000023e-5
107423,0.00126745,0.00126707,3.800000000001285e-7
107447,8.95771e-5,7.8139e-5,1.1438100000000001e-5
107454,0.000189851,Inf,Inf
107495,0.000167659,0.000123133,4.4526e-5
107497,0.000144469,0.000122974,2.1494999999999983e-5
107498,0.000100232,Inf,Inf
107500,0.000100079,7.87009e-5,2.1378100000000005e-5
107504,7.80609e-5,Inf,Inf
107505,7.81396e-5,7.794e-5,1.9960000000000398e-7
107523,0.00116703,0.00116681,2.2000000000021135e-7
107556,0.00017869,Inf,Inf
107558,0.000167653,0.000145179,2.2474000000000002e-5
107559,0.000111964,Inf,Inf
107560,0.000122542,0.000100777,2.1765000000000006e-5
107566,0.00013341,0.000122404,1.100600000000001e-5
107573,0.00051202,0.000511757,2.629999999999126e-7
107619,0.000167529,8.97265e-5,7.78025e-5
107626,0.000111923,Inf,Inf
107631,0.000122365,0.000111631,1.073400000000001e-5
107683,0.000134157,0.000123133,1.1024000000000022e-5
107688,0.000100824,8.96347e-5,1.1189299999999998e-5
107696,1.20486e-5,Inf,Inf
107697,0.000111638,8.97997e-5,2.183830000000001e-5
107739,4.49505e-5,Inf,Inf
107740,5.62375e-5,4.48668e-5,1.1370699999999996e-5
107741,0.000100196,Inf,Inf
107744,0.000111739,8.98478e-5,2.1891199999999998e-5
107745,0.000123215,Inf,Inf
107748,0.000133578,Inf,Inf
107805,0.000156303,0.000111861,4.444199999999999e-5
107807,0.000144703,0.000123031,2.1671999999999978e-5
107808,0.000100281,Inf,Inf
107816,0.000900537,0.000844808,5.572900000000002e-5
107828,0.00118928,0.001156,3.3280000000000115e-5
107830,0.00111143,0.00105612,5.531000000000004e-5
107844,0.000145161,0.000134226,1.0934999999999976e-5
107846,8.92803e-5,8.92176e-5,6.270000000000873e-8
107847,7.80312e-5,Inf,Inf
107848,0.000111781,0.000111775,5.999999999999604e-9
107850,0.000111257,0.00010086,1.0396999999999989e-5
107903,0.000123081,0.000111823,1.1258000000000006e-5
107959,0.000100734,Inf,Inf
107962,0.000100276,8.90976e-5,1.1178399999999994e-5
107965,0.000134011,0.000123059,1.0952e-5
107967,0.000167663,0.000167128,5.34999999999994e-7
108025,0.00012246,Inf,Inf
108029,0.000156075,0.000145183,1.0892000000000003e-5
108030,0.000134137,Inf,Inf
108035,0.000200881,Inf,Inf
108037,0.000100223,Inf,Inf
108049,0.00125588,0.00120016,5.571999999999999e-5
108063,0.00106711,0.00104518,2.1930000000000083e-5
108086,0.000155915,0.0001338,2.2114999999999987e-5
108087,0.000134002,Inf,Inf
108143,0.000178754,0.000177834,9.199999999999844e-7
108146,0.000100112,Inf,Inf
108147,8.96319e-5,8.91474e-5,4.844999999999985e-7
108150,0.000112007,0.000111953,5.3999999999996434e-8
108151,8.91392e-5,7.82391e-5,1.0900100000000001e-5
108154,0.000178019,0.000123012,5.5006999999999983e-5
108155,0.000178078,0.000166691,1.1386999999999991e-5
108174,0.00125632,0.00125562,6.999999999999628e-7
108183,0.00101206,0.00101138,6.799999999998647e-7
108198,0.000134213,0.000133994,2.1900000000000587e-7
108247,0.000122847,0.000111634,1.1213000000000016e-5
108306,6.68754e-5,Inf,Inf
108312,0.000189682,Inf,Inf
108315,0.000167664,0.000144579,2.3085e-5
108324,0.000956044,0.000933407,2.263699999999994e-5
108334,0.00115637,0.00113365,2.2720000000000162e-5
108355,0.000156093,0.000155996,9.70000000000094e-8
108399,0.000156004,Inf,Inf
108404,0.000111653,Inf,Inf
108405,0.000100971,Inf,Inf
108407,8.94779e-5,Inf,Inf
108421,0.00123373,0.00117827,5.5460000000000014e-5
108448,0.00018974,0.000166852,2.2888000000000015e-5
108454,7.85937e-5,7.84286e-5,1.6510000000000287e-7
108455,0.000134185,0.000122672,1.1512999999999996e-5
108505,0.000177999,0.000166672,1.1326999999999995e-5
108512,8.971e-5,8.95617e-5,1.483000000000067e-7
108513,8.90216e-5,6.75447e-5,2.1476900000000004e-5
108547,8.98306e-5,Inf,Inf
108548,0.000100287,Inf,Inf
108552,8.92603e-5,7.86962e-5,1.056410000000001e-5
108555,0.00016765,Inf,Inf
108557,0.000122461,8.93631e-5,3.309790000000001e-5
108562,0.000178466,Inf,Inf
108588,0.0011784,0.0011558,2.2600000000000007e-5
108609,7.83261e-5,6.70806e-5,1.12455e-5
108612,8.95493e-5,Inf,Inf
108619,0.000123087,0.000122553,5.340000000000054e-7
108659,8.93645e-5,Inf,Inf
108660,0.000122717,Inf,Inf
108661,0.000133907,Inf,Inf
108698,0.000478308,0.000466869,1.143899999999997e-5
108701,5.60298e-5,Inf,Inf
108706,7.82888e-5,6.75664e-5,1.0722399999999997e-5
108713,0.000122623,8.89784e-5,3.3644600000000006e-5
108715,0.0002338,0.000167149,6.665099999999998e-5
108717,0.000889169,0.000878691,1.0477999999999963e-5
108752,0.000256105,0.000233758,2.2347000000000008e-5
108757,0.000133931,0.000111247,2.2684e-5
108760,0.00013376,0.000122767,1.0992999999999995e-5
108761,8.96178e-5,Inf,Inf
108771,0.000167182,0.000144494,2.268800000000001e-5
108808,0.000167347,0.000122825,4.452200000000002e-5
108811,7.85821e-5,7.82391e-5,3.4299999999999316e-7
108812,0.000111516,Inf,Inf
108816,0.000134049,0.000111557,2.2491999999999987e-5
108817,0.000100213,Inf,Inf
108820,0.000145121,0.000111226,3.3895000000000013e-5
108831,0.00116674,0.00115583,1.0910000000000043e-5
108849,0.000567265,0.000544489,2.277599999999996e-5
108852,0.000189436,0.000189338,9.799999999999805e-8
108853,0.000122542,Inf,Inf
108857,0.000100162,Inf,Inf
108859,0.000200581,Inf,Inf
108866,8.92759e-5,6.71189e-5,2.2156999999999998e-5
108869,0.000156167,0.000145128,1.1038999999999987e-5
108915,0.000178623,Inf,Inf
108918,0.000100951,0.000100268,6.830000000000068e-7
108919,0.000122901,Inf,Inf
108930,0.00101146,0.000900633,0.00011082700000000008
108950,6.69676e-5,Inf,Inf
108954,6.76237e-5,Inf,Inf
108956,0.000167649,0.000133585,3.406399999999999e-5
108989,0.000322828,0.000311857,1.0970999999999973e-5
108994,7.8515e-5,Inf,Inf
109002,0.000111194,Inf,Inf
109007,0.000156221,Inf,Inf
109008,0.000156153,0.000144525,1.1627999999999991e-5
109018,0.000156036,Inf,Inf
109026,0.00107787,0.00105655,2.132000000000002e-5
109042,0.000678771,0.000678689,8.199999999999007e-8
109051,0.000166708,0.000122284,4.4423999999999993e-5
109052,0.00013376,Inf,Inf
109053,7.854e-5,7.83467e-5,1.9329999999999695e-7
109056,8.98692e-5,8.95438e-5,3.254000000000088e-7
109059,0.000111918,0.000111336,5.819999999999887e-7
109061,0.00015647,Inf,Inf
109064,0.000122866,0.000111831,1.1035000000000019e-5
109103,0.000122679,Inf,Inf
109107,0.000122789,Inf,Inf
109114,0.000122504,Inf,Inf
109134,0.00107866,0.00107827,3.8999999999985227e-7
109154,0.000144751,0.000122709,2.2042000000000003e-5
109162,0.00020072,0.000144621,5.609899999999999e-5
109197,0.000123099,0.000100603,2.2495999999999996e-5
109202,0.00017842,Inf,Inf
109205,5.56344e-5,Inf,Inf
109207,0.000122896,0.000100263,2.2632999999999998e-5
109240,0.000222449,Inf,Inf
109253,7.82765e-5,Inf,Inf
109256,0.000278071,0.00026686,1.1211000000000012e-5
109288,0.000244821,0.000234254,1.0566999999999982e-5
109290,0.000123055,Inf,Inf
109304,0.000178587,0.000111723,6.686399999999999e-5
109305,0.000156472,0.000156452,1.9999999999989644e-8
109350,0.000155656,0.000122595,3.3061e-5
109351,0.000145182,0.000144871,3.1099999999999075e-7
109352,0.000122406,0.000111839,1.0567000000000009e-5
109361,0.000133385,0.00011154,2.184499999999999e-5
109362,0.000200514,Inf,Inf
109366,0.000244918,Inf,Inf
109403,0.000155562,0.00014514,1.0422000000000003e-5
109404,6.73896e-5,Inf,Inf
109406,0.000178559,0.000156164,2.2395000000000005e-5
109410,0.000133571,0.000100704,3.2866999999999996e-5
109454,0.000311321,0.000289074,2.224699999999998e-5
109457,0.000133998,0.000133903,9.500000000000502e-8
109461,0.000189461,Inf,Inf
109464,0.000200383,Inf,Inf
109509,0.0001228,Inf,Inf
109549,0.000723074,0.000667289,5.5785000000000036e-5
109564,6.75351e-5,6.7424e-5,1.1110000000000644e-7
109565,6.70654e-5,Inf,Inf
109567,8.92831e-5,Inf,Inf
109571,0.000111647,Inf,Inf
109615,0.000200255,0.000189338,1.0917000000000018e-5
109616,0.000211697,Inf,Inf
109617,0.000123134,Inf,Inf
109623,7.79318e-5,Inf,Inf
109626,6.75082e-5,Inf,Inf
109668,0.000167163,0.000156347,1.0816e-5
109678,0.000111953,Inf,Inf
109684,0.000933977,0.000911286,2.269100000000003e-5
109693,0.00103353,0.000989746,4.3784000000000054e-5
109720,0.000111687,0.000111165,5.220000000000062e-7
109721,0.000122344,Inf,Inf
109724,0.000166989,0.00015571,1.1278999999999998e-5
109725,0.000123098,Inf,Inf
109727,6.74877e-5,Inf,Inf
109734,0.000156388,0.000155867,5.210000000000175e-7
109738,0.000334011,0.000322793,1.1218000000000014e-5
109763,0.000556254,0.000544947,1.1306999999999897e-5
109764,0.000112008,0.000111165,8.430000000000053e-7
109765,8.91974e-5,Inf,Inf
109770,0.000100111,8.89404e-5,1.1170600000000004e-5
109772,0.000133345,0.000100815,3.252999999999999e-5
109774,8.95323e-5,Inf,Inf
109791,0.00102267,0.000967056,5.5614000000000054e-5
109795,0.00090065,0.000900295,3.5500000000006013e-7
109805,0.000311891,0.00030066,1.1231000000000001e-5
109809,0.000156378,0.00012223,3.414800000000001e-5
109811,0.000222373,0.000178405,4.3967999999999996e-5
109813,0.000111651,0.00011115,5.010000000000008e-7
109815,0.000122845,0.000122551,2.9399999999999414e-7
109816,0.000123151,6.68112e-5,5.6339800000000006e-5
109818,0.000100841,Inf,Inf
109821,0.000167436,Inf,Inf
109823,7.85173e-5,Inf,Inf
109854,8.96808e-5,Inf,Inf
109886,0.000133656,7.82771e-5,5.5378900000000006e-5
109887,3.35269e-5,Inf,Inf
109891,5.6273e-5,5.56079e-5,6.651000000000015e-7
109896,0.00011173,0.000100393,1.1337000000000003e-5
109900,0.000178582,0.000100999,7.758299999999999e-5
109901,0.000156027,0.000156003,2.3999999999998415e-8
109938,0.000278329,0.000245032,3.3297e-5
109944,0.000134025,Inf,Inf
109945,0.00010043,7.83372e-5,2.2092799999999993e-5
109952,0.000200448,0.000189531,1.091699999999999e-5
109979,0.000112003,0.000100446,1.1557000000000011e-5
109988,0.000111389,0.000100868,1.0521000000000003e-5
110019,0.000167426,0.000144565,2.2860999999999997e-5
110020,0.000111328,Inf,Inf
110021,0.00011157,0.000100577,1.0993000000000008e-5
110023,0.000378006,0.000367428,1.057800000000002e-5
110044,0.000434018,0.000433384,6.340000000000078e-7
110051,0.000177814,Inf,Inf
110060,0.000144569,0.000133946,1.0622999999999996e-5
110064,0.000155902,0.000145,1.0901999999999998e-5
110092,0.000600688,0.000600495,1.9300000000000306e-7
110111,0.000111701,Inf,Inf
110112,0.000145377,0.000144608,7.689999999999921e-7
110113,0.000145249,0.00012225,2.2999e-5
110118,0.000112068,8.96987e-5,2.2369299999999996e-5
110121,5.58924e-5,Inf,Inf
110146,0.000133742,0.000123039,1.070300000000001e-5
110147,0.000122544,Inf,Inf
110155,0.000133874,0.000111722,2.2152e-5
110158,0.000145252,Inf,Inf
110159,0.000122935,Inf,Inf
110164,0.000167172,0.000156182,1.0990000000000002e-5
110193,0.000333525,0.000312109,2.1416000000000013e-5
110195,8.95292e-5,7.78916e-5,1.1637599999999998e-5
110197,8.90516e-5,Inf,Inf
110198,0.000123015,0.000100991,2.2024000000000005e-5
110206,0.00012299,0.000100656,2.2334000000000007e-5
110208,0.000123063,0.000111599,1.1463999999999997e-5
110209,0.000100022,7.83981e-5,2.16239e-5
110232,0.000144748,Inf,Inf
110237,8.93094e-5,5.56079e-5,3.3701499999999996e-5
110238,0.000123012,0.000111419,1.1593000000000009e-5
110239,0.000100215,Inf,Inf
110244,0.000189198,0.000100492,8.870599999999999e-5
110280,0.000167193,8.93007e-5,7.78923e-5
110281,0.00014448,Inf,Inf
110282,0.000112022,7.8293e-5,3.3729e-5
110287,0.000111711,0.000100937,1.0774000000000002e-5
110306,0.00040098,0.000345092,5.588799999999998e-5
110310,0.000122489,8.94107e-5,3.307830000000002e-5
110312,7.82749e-5,Inf,Inf
110315,0.000134105,Inf,Inf
110344,0.000134101,0.000133985,1.159999999999833e-7
110345,8.89567e-5,Inf,Inf
110350,0.000178237,Inf,Inf
110354,0.000111122,Inf,Inf
110355,6.6701e-5,Inf,Inf
110359,0.000267192,0.000245077,2.2115000000000014e-5
110389,0.000100497,Inf,Inf
110430,0.000234267,0.000200665,3.360200000000001e-5
110433,6.67454e-5,Inf,Inf
110434,0.000211544,0.000200579,1.0965000000000014e-5
110436,0.000122842,Inf,Inf
110439,0.000111677,Inf,Inf
110442,8.91895e-5,Inf,Inf
110448,0.000100948,8.89196e-5,1.2028400000000002e-5
110470,0.00016744,0.000156338,1.1102000000000003e-5
110472,0.000134286,0.000111374,2.2912000000000014e-5
110474,8.97018e-5,Inf,Inf
110491,0.000855952,0.000845158,1.0793999999999951e-5
110507,0.000156128,0.000134169,2.1958999999999998e-5
110508,7.84517e-5,Inf,Inf
110524,0.000178475,0.000167553,1.0921999999999988e-5
110534,0.000833728,0.000823175,1.055300000000006e-5
110554,0.000166887,0.000155626,1.1261000000000013e-5
110557,0.000111964,0.000111646,3.180000000000061e-7
110558,8.98408e-5,Inf,Inf
110560,6.70559e-5,6.69325e-5,1.2339999999999953e-7
110591,0.000178249,0.000177973,2.760000000000089e-7
110600,0.000122954,Inf,Inf
110606,0.000211429,0.000167475,4.395400000000002e-5
110624,0.000556343,0.000544863,1.1480000000000019e-5
110633,0.000100119,Inf,Inf
110640,0.000144512,0.000133573,1.0938999999999985e-5
110648,0.000145365,Inf,Inf
110673,0.000144498,0.00012249,2.200800000000001e-5
110676,0.000111603,8.90195e-5,2.258349999999999e-5
110682,0.000100853,8.90153e-5,1.183770000000001e-5
110683,0.000144666,Inf,Inf
110684,0.000144464,0.000111288,3.3175999999999995e-5
110685,0.000111543,7.79001e-5,3.3642899999999996e-5
110689,8.95989e-5,Inf,Inf
110706,0.000767628,0.000723013,4.461500000000002e-5
110712,0.000144946,0.000122408,2.253799999999998e-5
110720,0.000122451,0.000122239,2.1200000000000407e-7
110731,0.000778532,0.000778356,1.7599999999995224e-7
110748,0.000145323,0.000133968,1.1355000000000002e-5
110752,0.000111858,Inf,Inf
110757,0.00016741,0.000156018,1.1391999999999989e-5
110768,0.000789225,0.00077829,1.0935000000000003e-5
110788,0.000156284,0.00014506,1.1224e-5
110792,0.000156127,Inf,Inf
110794,0.000111491,0.000100738,1.0752999999999997e-5
110795,0.0001004,Inf,Inf
110798,0.000111184,0.000111154,2.999999999999802e-8
110799,8.96825e-5,8.89807e-5,7.017999999999939e-7
110801,7.84371e-5,Inf,Inf
110841,0.000134177,7.82872e-5,5.5889799999999995e-5
110844,7.86718e-5,5.65266e-5,2.2145199999999993e-5
110849,0.000100942,Inf,Inf
110851,0.00014487,0.000122605,2.226499999999999e-5
110853,8.94131e-5,Inf,Inf
110854,0.000133862,Inf,Inf
110873,0.000323117,0.000266811,5.6306e-5
110881,0.000167127,0.000155626,1.1500999999999997e-5
110882,0.00018951,0.000177878,1.1632e-5
110888,0.000200181,0.00018988,1.0301000000000022e-5
110903,0.000400518,0.000378452,2.2066000000000002e-5
110905,0.00025601,0.000245374,1.0635999999999957e-5
110907,0.00014539,0.000134096,1.129399999999999e-5
110916,0.000123133,0.000122876,2.5699999999998077e-7
110917,0.00016696,0.000156263,1.0696999999999996e-5
110945,0.000144654,0.000111715,3.2939000000000004e-5
110951,6.75708e-5,Inf,Inf
110954,0.000111236,0.000100699,1.0536999999999998e-5
110981,0.00013353,0.000111958,2.1572000000000003e-5
110984,0.000100295,7.86477e-5,2.16473e-5
110995,0.000789858,0.000789179,6.790000000000658e-7
111013,6.71643e-5,Inf,Inf
111015,0.00020098,6.7508e-5,0.00013347199999999999
111016,0.000100378,Inf,Inf
111019,0.000177841,8.93773e-5,8.84637e-5
111020,0.000156126,Inf,Inf
111023,0.000122415,0.000111138,1.1277000000000007e-5
111027,0.000100945,Inf,Inf
111035,0.000755938,0.000755907,3.100000000005442e-8
111058,0.000123139,Inf,Inf
111085,0.000345216,0.000323127,2.208900000000004e-5
111088,7.85373e-5,7.81417e-5,3.956000000000001e-7
111090,0.000188932,0.000156228,3.270399999999999e-5
111093,0.000111801,0.000100316,1.1484999999999989e-5
111099,0.000211615,Inf,Inf
111100,0.000122243,Inf,Inf
111102,0.000122889,0.000122784,1.0499999999999984e-7
111103,0.000156511,0.000155988,5.229999999999948e-7
111104,0.000167014,0.000134232,3.2782e-5
111106,5.59594e-5,Inf,Inf
111128,0.000177901,0.00015557,2.2331e-5
111130,7.79035e-5,Inf,Inf
111138,0.0001121,Inf,Inf
111140,0.000122468,0.00010005,2.2418e-5
111179,6.6713e-5,Inf,Inf
111180,0.000111592,Inf,Inf
111183,7.84827e-5,7.8219e-5,2.6370000000000224e-7
111187,0.000156071,6.76026e-5,8.846840000000001e-5
111210,0.000433677,0.000423039,1.0637999999999989e-5
111220,0.000100432,Inf,Inf
111222,0.000133639,Inf,Inf
111238,0.000467014,0.000445403,2.1611000000000048e-5
111248,5.62302e-5,Inf,Inf
111249,0.000188915,0.000100145,8.877e-5
111251,4.45514e-5,Inf,Inf
111256,0.000111949,Inf,Inf
111276,7.86928e-5,Inf,Inf
111281,0.000133996,0.000111968,2.2028e-5
111299,0.000478455,0.000422813,5.564200000000001e-5
111304,0.000111876,7.80994e-5,3.37766e-5
111305,0.000189133,0.000145296,4.3836999999999994e-5
111308,0.000122527,Inf,Inf
111309,0.000111538,Inf,Inf
111314,0.00011188,Inf,Inf
111315,0.000166793,Inf,Inf
111319,0.000133741,0.000100699,3.3041999999999986e-5
111343,0.000233733,Inf,Inf
111344,0.000178073,0.000167396,1.0677000000000006e-5
111350,0.000111607,Inf,Inf
111354,0.00014503,0.000122605,2.2425000000000017e-5
111355,0.000178648,Inf,Inf
111359,0.000100998,0.000100247,7.509999999999933e-7
111381,0.000178203,0.000122408,5.5794999999999977e-5
111386,0.000134299,Inf,Inf
111387,5.61188e-5,Inf,Inf
111393,0.000444522,0.000411853,3.266899999999998e-5
111417,0.000200989,Inf,Inf
111418,0.000145288,0.000144506,7.820000000000071e-7
111420,0.000189542,0.000122392,6.715e-5
111422,8.92555e-5,Inf,Inf
111423,6.71899e-5,Inf,Inf
111425,0.00013349,0.000111164,2.2326000000000003e-5
111428,0.000111214,8.93007e-5,2.19133e-5
111430,0.000111337,8.90791e-5,2.2257899999999996e-5
111433,8.89742e-5,7.82525e-5,1.0721700000000003e-5
111437,0.000167193,0.000111272,5.5920999999999995e-5
111456,0.000300501,0.000267596,3.290500000000001e-5
111466,0.000189202,0.000178474,1.0727999999999996e-5
111469,0.000122662,8.89613e-5,3.37007e-5
111488,0.000134226,0.000122701,1.1525000000000023e-5
111492,8.91029e-5,Inf,Inf
111514,8.96872e-5,Inf,Inf
111526,0.000255963,0.000244708,1.1255e-5
111549,0.000133379,Inf,Inf
111575,0.000212103,0.000200841,1.1262000000000002e-5
111582,8.89845e-5,Inf,Inf
111584,3.39033e-5,Inf,Inf
111585,0.000111134,0.000100819,1.0314999999999999e-5
111586,0.000133512,0.000122768,1.0744000000000004e-5
111591,8.90363e-5,Inf,Inf
111592,0.000111264,0.000100627,1.0637e-5
111593,0.000100321,Inf,Inf
111607,0.000189213,0.000177803,1.1410000000000001e-5
111609,0.000155748,0.000112056,4.369199999999999e-5
111616,0.000133773,8.92633e-5,4.450970000000001e-5
111626,4.44938e-5,Inf,Inf
111640,0.000189443,0.000156294,3.3149000000000004e-5
111644,0.000111529,Inf,Inf
111650,7.8431e-5,7.79047e-5,5.262999999999953e-7
111653,0.000389486,0.000389267,2.1899999999997876e-7
111661,0.000456433,0.00044535,1.1083000000000002e-5
111669,0.000100058,8.90641e-5,1.099389999999999e-5
111671,0.000122936,8.97673e-5,3.31687e-5
111673,7.86047e-5,Inf,Inf
111701,7.82034e-5,Inf,Inf
111702,0.000122424,0.000111968,1.0455999999999996e-5
111707,0.000166898,Inf,Inf
111708,0.000123147,Inf,Inf
111727,0.000123173,Inf,Inf
111730,0.00011155,Inf,Inf
111731,8.94112e-5,Inf,Inf
111733,0.000111752,0.000111571,1.809999999999903e-7
111734,0.000100069,Inf,Inf
111735,0.00012314,0.000122543,5.969999999999945e-7
111751,0.000212103,0.000178309,3.3793999999999995e-5
111753,0.000111769,Inf,Inf
111759,0.00013363,0.000133524,1.0600000000001559e-7
111762,0.000145264,0.000100833,4.443100000000001e-5
111763,0.000156536,0.00011192,4.461600000000001e-5
111766,0.00012312,Inf,Inf
111767,8.97503e-5,8.92586e-5,4.916999999999872e-7
111770,0.000422635,0.000400858,2.1777000000000005e-5
111788,0.00017875,0.000166818,1.1932000000000007e-5
111790,0.000122858,0.000122427,4.3099999999998283e-7
111791,0.000100289,Inf,Inf
111792,8.98443e-5,Inf,Inf
111797,0.000200168,0.000156055,4.4113e-5
111801,0.000133798,0.000122448,1.1350000000000005e-5
111821,0.000123118,0.000111724,1.1393999999999993e-5
111825,0.000144865,0.000111909,3.295599999999999e-5
111826,0.000133347,Inf,Inf
111829,0.000122288,Inf,Inf
111835,0.000133478,0.000111537,2.1941e-5
111838,0.0001229,0.000100755,2.2145000000000012e-5
111840,0.000256267,0.000256237,3.0000000000038676e-8
111844,0.00041205,0.000411536,5.140000000000157e-7
111862,0.000111766,0.000100913,1.0853e-5
111866,8.90422e-5,6.70862e-5,2.1956000000000005e-5
111869,0.00018972,0.000189203,5.169999999999817e-7
111896,0.000134012,0.000133524,4.880000000000129e-7
111902,0.000156171,0.000145388,1.0782999999999995e-5
111904,8.9592e-5,Inf,Inf
111905,0.000267663,0.000256067,1.1596000000000002e-5
111919,0.000156444,0.000144642,1.1801999999999993e-5
111929,0.000100732,8.96695e-5,1.1062499999999991e-5
111946,0.000188945,Inf,Inf
111947,3.38053e-5,Inf,Inf
111948,0.000166871,Inf,Inf
111950,0.000167027,Inf,Inf
111951,0.000166698,Inf,Inf
111952,0.000111652,Inf,Inf
111955,0.000100732,7.82836e-5,2.24484e-5
111956,4.49633e-5,Inf,Inf
111957,3.42848e-5,Inf,Inf
111972,0.000177934,0.000156543,2.1391e-5
111975,8.96076e-5,Inf,Inf
111979,7.77957e-5,Inf,Inf
111985,7.8287e-5,7.80994e-5,1.8760000000000478e-7
112005,0.000311904,0.000278684,3.3219999999999983e-5
112007,0.000167468,0.000144858,2.2610000000000002e-5
112011,0.000111775,Inf,Inf
112013,8.97571e-5,Inf,Inf
112014,0.000111351,Inf,Inf
112030,8.92288e-5,7.86287e-5,1.0600099999999994e-5
112034,0.00010002,8.9086e-5,1.0934e-5
112042,6.71039e-5,Inf,Inf
112043,0.000123037,Inf,Inf
112044,0.000123018,0.000111431,1.1586999999999996e-5
112059,0.000156153,0.000134184,2.1968999999999992e-5
112062,0.000133383,0.000100759,3.262399999999999e-5
112064,0.000145294,0.000145206,8.800000000000322e-8
112065,0.000144514,0.000122395,2.2118999999999996e-5
112076,0.000423105,0.000388952,3.415299999999998e-5
112080,0.000266909,0.000244728,2.2181000000000024e-5
112086,0.000122726,0.000111714,1.1012000000000009e-5
112107,0.000434189,0.000411684,2.250500000000003e-5
112123,8.96689e-5,8.95495e-5,1.194000000000043e-7
112136,0.000233942,0.000200268,3.3674e-5
112143,0.00012304,0.000111741,1.1298999999999988e-5
112145,0.0001448,0.000100117,4.468299999999999e-5
112157,4.49539e-5,Inf,Inf
112158,0.000122434,0.000111879,1.0554999999999983e-5
112169,0.000134081,Inf,Inf
112172,0.000155649,0.000145181,1.0467999999999995e-5
112179,0.000111498,0.000100027,1.1470999999999999e-5
112180,0.000144827,0.000111537,3.328999999999999e-5
112199,0.000177925,0.000156477,2.1448000000000002e-5
112205,8.96973e-5,8.96917e-5,5.599999999998727e-9
112208,4.49092e-5,Inf,Inf
112227,0.000200905,0.000167161,3.3743999999999994e-5
112231,0.000123048,0.000122541,5.07000000000014e-7
112235,0.000112019,0.000111571,4.47999999999993e-7
112261,8.89544e-5,7.78137e-5,1.11407e-5
112266,0.000155692,0.000133811,2.188099999999999e-5
112268,0.000134186,0.000133641,5.45000000000016e-7
112271,0.000112091,8.90331e-5,2.3057899999999988e-5
112285,0.000233931,0.000211513,2.2417999999999988e-5
112286,0.00011177,0.000111216,5.53999999999995e-7
112287,0.000100614,Inf,Inf
112288,0.000111292,Inf,Inf
112299,0.000111287,0.000100965,1.0321999999999987e-5
112301,7.8332e-5,Inf,Inf
112317,0.000211526,0.000200794,1.0732000000000005e-5
112326,0.000178526,Inf,Inf
112330,6.72635e-5,5.63459e-5,1.0917600000000005e-5
112331,0.00020032,Inf,Inf
112351,0.000144925,0.000122331,2.259400000000002e-5
112358,5.63319e-5,Inf,Inf
112360,0.000100843,Inf,Inf
112371,0.000111924,Inf,Inf
112374,0.000111573,Inf,Inf
112376,0.000122626,Inf,Inf
112377,0.000122441,Inf,Inf
112379,0.000100798,8.95423e-5,1.1255700000000008e-5
112387,0.000300298,0.000244806,5.549200000000003e-5
112395,0.000122813,Inf,Inf
112400,3.3715e-5,Inf,Inf
112403,0.000156214,0.000144723,1.1491000000000002e-5
112407,0.000134143,0.000100287,3.385600000000001e-5
112413,0.000311997,0.000278571,3.3425999999999974e-5
112414,0.000289694,0.000278041,1.1653000000000032e-5
112420,8.91009e-5,7.8123e-5,1.0977900000000009e-5
112421,0.000144816,0.000144632,1.8399999999999688e-7
112422,0.000111696,0.000111349,3.4700000000000193e-7
112424,0.000144756,8.93976e-5,5.535840000000001e-5
112427,0.000156426,Inf,Inf
112437,0.000234132,0.000178042,5.6089999999999986e-5
112438,0.000111354,0.000100104,1.1250000000000002e-5
112440,0.000111562,0.000100228,1.1333999999999997e-5
112445,0.000200713,Inf,Inf
112448,0.000111945,0.000100783,1.1162e-5
112464,0.000155657,0.000144732,1.0924999999999981e-5
112465,0.000145296,0.000144458,8.379999999999943e-7
112467,0.000177794,0.000167161,1.0632999999999991e-5
112484,0.000222958,0.000178501,4.4457e-5
112487,0.000189771,0.000189302,4.6900000000001194e-7
112493,0.00011195,0.0001009,1.1049999999999998e-5
112494,0.000111495,0.000111397,9.799999999999805e-8
112497,0.00011199,0.000111878,1.1200000000000164e-7
112518,0.00012274,Inf,Inf
112520,0.000145077,0.000111517,3.356e-5
112521,7.80848e-5,Inf,Inf
112522,7.87762e-5,Inf,Inf
112536,0.000134003,8.93535e-5,4.464949999999999e-5
112540,0.000211782,Inf,Inf
112544,0.000111451,Inf,Inf
112554,0.000367426,0.000367069,3.570000000000374e-7
112564,4.52551e-5,Inf,Inf
112565,0.000111116,Inf,Inf
112570,0.000111546,8.8902e-5,2.264400000000001e-5
112572,0.000166746,0.000111766,5.4980000000000006e-5
112573,0.000100946,Inf,Inf
112584,8.98419e-5,6.69242e-5,2.2917700000000006e-5
112585,0.000111974,0.00011162,3.5399999999999017e-7
112587,0.000156293,Inf,Inf
112595,0.000388905,0.000378655,1.0250000000000005e-5
112598,0.000289385,0.000267257,2.2128000000000002e-5
112607,0.000100571,Inf,Inf
112608,0.000100535,Inf,Inf
112612,0.000145341,6.72335e-5,7.81075e-5
112622,0.000100627,0.000100611,1.5999999999994426e-8
112625,0.000100406,Inf,Inf
112631,6.76464e-5,Inf,Inf
112634,0.00010076,8.97789e-5,1.0981100000000002e-5
112637,0.000123182,0.000100309,2.2872999999999996e-5
112646,0.000322275,0.000278146,4.412900000000001e-5
112653,8.89916e-5,Inf,Inf
112654,0.000145308,0.000133334,1.197399999999999e-5
112674,0.000156552,0.000144526,1.2025999999999996e-5
112678,0.000111819,Inf,Inf
112681,0.000133517,0.000111622,2.1894999999999993e-5
112691,0.000100977,Inf,Inf
112692,0.000145105,0.000144866,2.389999999999955e-7
112701,0.000234284,0.000222549,1.1734999999999995e-5
112706,0.000178298,0.000156165,2.2133e-5
112723,0.000111822,Inf,Inf
112731,0.000289674,0.000278571,1.1102999999999992e-5
112738,5.61306e-5,Inf,Inf
112739,0.000189054,Inf,Inf
112742,0.000111167,Inf,Inf
112744,0.000167662,0.000122569,4.509300000000001e-5
112747,7.7985e-5,Inf,Inf
112748,8.89183e-5,Inf,Inf
112749,0.000133568,0.000100998,3.257000000000001e-5
112766,0.00013395,0.000100104,3.3846e-5
112768,0.000156355,Inf,Inf
112775,0.000111703,7.82562e-5,3.344679999999999e-5
112779,4.48077e-5,Inf,Inf
112780,7.82342e-5,Inf,Inf
112785,0.000178012,Inf,Inf
112789,0.000211635,0.000200731,1.0904000000000003e-5
112790,0.000333759,0.000323104,1.0654999999999985e-5
112802,0.000145007,0.000112076,3.2931e-5
112803,0.000144853,8.90149e-5,5.5838099999999997e-5
112809,0.000189689,Inf,Inf
112812,0.000200882,0.000189677,1.1204999999999999e-5
112813,0.000100633,Inf,Inf
112817,0.000134313,0.000123026,1.1286999999999989e-5
112818,8.98889e-5,Inf,Inf
112820,8.93924e-5,Inf,Inf
112829,0.00021171,0.000155922,5.5788e-5
112830,0.000167488,7.83607e-5,8.912730000000001e-5
112833,0.000122606,8.9779e-5,3.2827000000000016e-5
112835,8.97865e-5,6.73532e-5,2.24333e-5
112841,0.000145358,0.000123061,2.2297000000000007e-5
112842,8.92949e-5,8.90037e-5,2.9120000000000155e-7
112858,0.000111787,8.92937e-5,2.249330000000001e-5
112865,0.000100161,Inf,Inf
112867,0.00014475,0.000144629,1.2100000000000782e-7
112869,0.000177913,0.000122365,5.554799999999999e-5
112873,0.000155954,0.000145431,1.0522999999999994e-5
112887,5.58742e-5,Inf,Inf
112896,0.000389454,0.000356392,3.306199999999999e-5
112905,0.000178405,0.000122381,5.6024000000000004e-5
112907,7.81074e-5,7.80863e-5,2.1099999999998832e-8
112911,0.000178578,0.000167368,1.1210000000000023e-5
112915,0.000389424,0.000367057,2.236699999999997e-5
112917,0.0003004,0.000289511,1.0888999999999983e-5
112925,0.000156314,0.000133799,2.2514999999999997e-5
112926,0.000133508,0.000122683,1.0825000000000006e-5
112930,5.57767e-5,Inf,Inf
112932,4.49112e-5,Inf,Inf
112933,5.61127e-5,5.60948e-5,1.7900000000005368e-8
112938,0.000145282,8.94159e-5,5.586609999999999e-5
112950,0.000134089,0.0001002,3.3889e-5
112953,0.000111874,8.93535e-5,2.2520500000000002e-5
112954,8.96956e-5,6.74969e-5,2.21987e-5
112957,0.000245426,Inf,Inf
112959,8.93307e-5,7.79225e-5,1.1408199999999997e-5
112967,0.00014492,0.00013383,1.1089999999999977e-5
112969,0.00012284,Inf,Inf
112973,0.000189766,Inf,Inf
112986,0.000111445,Inf,Inf
112995,0.000156428,Inf,Inf
112997,0.00010032,8.93464e-5,1.0973600000000006e-5
112998,4.47922e-5,Inf,Inf
112999,0.000111487,Inf,Inf
113015,0.000200275,0.000145214,5.5060999999999993e-5
113017,0.000156526,0.000122701,3.382500000000002e-5
113021,8.92371e-5,5.62378e-5,3.299930000000001e-5
113029,0.000145062,Inf,Inf
113030,7.85621e-5,Inf,Inf
113039,0.000123119,Inf,Inf
113040,0.000100957,7.78621e-5,2.30949e-5
113041,0.000145058,Inf,Inf
113046,0.00017849,Inf,Inf
113055,4.48611e-5,Inf,Inf
113061,0.000222832,0.000200107,2.2725000000000024e-5
113072,0.000100071,Inf,Inf
113073,5.57895e-5,Inf,Inf
113078,0.000144585,Inf,Inf
113079,0.00016701,0.000145104,2.1905999999999976e-5
113082,7.79783e-5,Inf,Inf
113088,0.000156537,0.000112029,4.4508e-5
113096,0.000267064,0.000266992,7.199999999999524e-8
113098,0.000256407,0.00016681,8.959699999999999e-5
113102,0.000111611,Inf,Inf
113104,0.000123109,7.79166e-5,4.5192399999999984e-5
113111,7.84054e-5,5.58546e-5,2.2550800000000008e-5
113115,7.83432e-5,6.69639e-5,1.1379300000000008e-5
113116,5.57451e-5,Inf,Inf
113119,0.000122393,0.000122266,1.2699999999999387e-7
113120,0.000145127,0.000122689,2.2438000000000004e-5
113121,0.000100013,Inf,Inf
113127,0.000111356,0.000100437,1.0918999999999995e-5
113128,5.64946e-5,Inf,Inf
113131,6.66994e-5,Inf,Inf
113135,4.44485e-5,Inf,Inf
113141,8.96161e-5,Inf,Inf
113142,0.000123179,0.00010057,2.2609000000000013e-5
113149,5.64485e-5,Inf,Inf
113150,7.85989e-5,Inf,Inf
113153,2.23378e-5,Inf,Inf
113154,8.92619e-5,Inf,Inf
113156,0.000122641,0.000111942,1.0698999999999987e-5
113158,0.000123219,0.000122266,9.52999999999989e-7
113159,0.000144802,Inf,Inf
113161,0.000145156,0.000122678,2.2477999999999984e-5
113168,0.000166756,0.000122443,4.431300000000001e-5
113170,0.00012266,Inf,Inf
113175,8.98442e-5,7.80156e-5,1.1828599999999997e-5
113177,0.000167113,0.000134202,3.2911000000000024e-5
113192,7.84834e-5,Inf,Inf
113193,0.000234043,0.000178044,5.599899999999999e-5
113199,0.000144831,0.000134291,1.053999999999999e-5
113200,0.000145007,0.000111326,3.3681000000000005e-5
113202,8.93096e-5,Inf,Inf
113212,6.67119e-5,Inf,Inf
113213,7.84391e-5,Inf,Inf
113217,7.81849e-5,Inf,Inf
113219,0.000133412,0.000123027,1.038499999999999e-5
113222,0.000111842,7.82044e-5,3.3637600000000005e-5
113231,8.92005e-5,5.61224e-5,3.307809999999999e-5
113234,5.59239e-5,Inf,Inf
113239,0.000100886,Inf,Inf
113240,0.000123221,Inf,Inf
113242,6.67173e-5,Inf,Inf
113256,0.000144482,0.000122753,2.1729000000000008e-5
113264,8.9335e-5,8.90683e-5,2.6669999999999526e-7
113266,7.82662e-5,Inf,Inf
113274,0.000123112,0.000100443,2.266900000000001e-5
113276,8.97927e-5,Inf,Inf
113278,0.000100816,8.92987e-5,1.1517299999999999e-5
113284,0.000144698,0.000134292,1.0405999999999995e-5
113289,0.000189771,0.000156057,3.371400000000001e-5
113290,0.000200079,0.000178653,2.1426000000000008e-5
113303,0.000222639,0.000211743,1.0896000000000012e-5
113306,7.87358e-5,7.84807e-5,2.5509999999999693e-7
113308,0.000134083,0.000100374,3.370900000000001e-5
113309,0.00015633,0.000145184,1.1145999999999991e-5
113310,0.000133444,Inf,Inf
113317,0.000211696,0.00017872,3.297599999999999e-5
113323,0.000122335,Inf,Inf
113324,6.74107e-5,5.58594e-5,1.1551299999999999e-5
113325,0.000200598,0.000189665,1.0932999999999998e-5
113327,0.000111499,Inf,Inf
113330,0.000156435,0.000100338,5.609699999999999e-5
113332,0.000178574,0.000122729,5.5845000000000005e-5
113339,5.57508e-5,Inf,Inf
113340,8.97769e-5,Inf,Inf
113341,8.95697e-5,Inf,Inf
113350,0.000222714,0.000200218,2.2495999999999996e-5
113357,0.000122445,8.97559e-5,3.268909999999999e-5
113359,7.85525e-5,5.62378e-5,2.2314699999999998e-5
113364,0.00016698,Inf,Inf
113369,0.000122847,0.000111412,1.1435000000000015e-5
113371,0.000222894,0.000200529,2.236500000000002e-5
113378,0.0001672,Inf,Inf
113379,6.75587e-5,Inf,Inf
113382,8.96851e-5,Inf,Inf
113385,0.000145258,0.000123053,2.2204999999999995e-5
113387,0.000166712,0.000122975,4.373700000000002e-5
113389,0.000122396,0.000111173,1.1223000000000011e-5
113393,0.000322556,0.000311979,1.0577000000000004e-5
113395,0.000189471,0.000178184,1.1287000000000016e-5
113397,0.000145384,0.000100176,4.5208000000000005e-5
113402,7.82363e-5,6.72088e-5,1.1027499999999996e-5
113405,0.000123184,0.000100048,2.3136000000000003e-5
113410,0.000178022,0.000155589,2.2433000000000007e-5
113412,7.83424e-5,Inf,Inf
113422,4.53961e-5,Inf,Inf
113427,0.000133837,0.000112034,2.1803000000000008e-5
113433,0.000134083,0.000112029,2.2054000000000016e-5
113435,0.000144634,Inf,Inf
113437,0.000122438,Inf,Inf
113450,6.72359e-5,6.66728e-5,5.630999999999947e-7
113468,0.000234231,0.000100094,0.000134137
113472,4.48211e-5,Inf,Inf
113475,0.000133536,0.000112104,2.1431999999999994e-5
113478,0.000100883,0.00010058,3.030000000000003e-7
113479,8.91772e-5,Inf,Inf
113480,0.000122782,0.000100358,2.2423999999999987e-5
113482,0.000122356,0.000111412,1.0944000000000009e-5
113493,0.000123159,0.000111956,1.1202999999999994e-5
113495,0.000155618,0.000134315,2.1302999999999996e-5
113499,0.000100518,7.82044e-5,2.2313600000000003e-5
113508,0.000122959,7.81076e-5,4.485140000000001e-5
113511,0.000166962,0.000100322,6.663999999999999e-5
113514,0.000112099,8.91366e-5,2.2962400000000002e-5
113518,0.000100911,Inf,Inf
113520,0.000100772,Inf,Inf
113531,0.000189146,0.000144448,4.4698e-5
113532,0.00011182,8.9715e-5,2.2104999999999992e-5
113537,7.83785e-5,Inf,Inf
113540,0.00013409,7.86349e-5,5.545510000000001e-5
113542,0.000134129,Inf,Inf
113545,0.000100783,Inf,Inf
113546,0.000100945,0.000100759,1.8600000000000127e-7
113547,0.000178006,0.000167127,1.0879000000000016e-5
113563,0.000145073,Inf,Inf
113571,0.000134148,Inf,Inf
113573,8.94903e-5,8.93314e-5,1.5890000000000283e-7
113587,0.000100472,Inf,Inf
113588,6.67871e-5,5.64695e-5,1.0317600000000004e-5
113589,0.000122448,8.89944e-5,3.3453599999999994e-5
113592,0.000200149,0.000166718,3.3431e-5
113596,0.000145375,Inf,Inf
113599,0.0001121,0.000111187,9.129999999999962e-7
113600,5.63341e-5,Inf,Inf
113603,0.000100782,7.87442e-5,2.2037799999999994e-5
113619,0.000189497,0.000189027,4.700000000000006e-7
113620,8.9161e-5,Inf,Inf
113621,0.000122807,Inf,Inf
113623,6.70874e-5,Inf,Inf
113627,0.000134322,8.95729e-5,4.474910000000001e-5
113630,0.000100978,8.97023e-5,1.1275699999999998e-5
113633,0.000134114,Inf,Inf
113635,7.8097e-5,Inf,Inf
113640,0.00021158,0.000200327,1.1252999999999995e-5
113642,4.53975e-5,Inf,Inf
113655,0.000134061,0.000134043,1.799999999998526e-8
113656,0.000133386,Inf,Inf
113659,0.000189132,0.000155606,3.3526000000000004e-5
113661,0.000189583,0.000166871,2.271200000000001e-5
113663,0.000122346,Inf,Inf
113672,0.000123152,0.000100596,2.2555999999999992e-5
113675,0.000145367,0.000133815,1.1552000000000014e-5
113679,0.000133934,0.000133407,5.270000000000036e-7
113680,0.000133946,Inf,Inf
113689,0.000111837,0.000111169,6.679999999999875e-7
113694,7.83638e-5,Inf,Inf
113696,6.73688e-5,Inf,Inf
113697,0.000100029,8.93538e-5,1.0675200000000002e-5
113706,0.000189321,0.000178047,1.1274e-5
113721,0.00017815,0.000144848,3.3302e-5
113725,0.000145272,Inf,Inf
113728,0.000123078,Inf,Inf
113739,0.000156444,0.000156076,3.6799999999999377e-7
113742,0.00012238,Inf,Inf
113743,0.000144988,0.000123145,2.1843000000000014e-5
113750,0.000156308,Inf,Inf
113754,0.000100261,8.98534e-5,1.0407599999999998e-5
113755,0.000111545,8.93687e-5,2.2176300000000007e-5
113757,8.97511e-5,Inf,Inf
113766,0.000145282,Inf,Inf
113767,8.91209e-5,Inf,Inf
113769,0.00010071,Inf,Inf
113771,0.000122874,Inf,Inf
113775,0.000100236,Inf,Inf
113779,8.91461e-5,8.89405e-5,2.0559999999999004e-7
113781,0.000134296,0.00013398,3.1600000000001527e-7
113782,0.000123035,0.000111687,1.1347999999999987e-5
113783,0.000156127,Inf,Inf
113784,0.000156513,0.000122247,3.4266e-5
113791,8.94208e-5,Inf,Inf
113793,0.00017835,0.000100047,7.8303e-5
113801,0.000133839,8.91366e-5,4.4702399999999994e-5
113804,0.000100784,8.95948e-5,1.1189200000000005e-5
113806,7.84479e-5,Inf,Inf
113808,0.000122438,0.000100067,2.2370999999999993e-5
113810,0.000100029,7.84503e-5,2.1578699999999997e-5
113813,0.000178619,0.00017845,1.6900000000000465e-7
113815,7.85784e-5,6.76543e-5,1.0924100000000013e-5
113816,0.00014536,0.000111489,3.3871e-5
113819,6.75182e-5,6.67662e-5,7.519999999999955e-7
113820,4.47382e-5,Inf,Inf
113821,6.67047e-5,5.65305e-5,1.0174200000000002e-5
113827,0.000178021,0.000156502,2.151900000000001e-5
113829,0.000100985,0.00010078,2.0500000000000227e-7
113830,0.000133646,0.000123206,1.0439999999999988e-5
113832,0.000178268,Inf,Inf
113834,0.000111612,8.95328e-5,2.2079200000000004e-5
113859,8.98599e-5,Inf,Inf
113863,0.00014497,Inf,Inf
113869,0.000178625,Inf,Inf
113881,0.000200357,0.000133791,6.6566e-5
113882,7.84265e-5,7.83209e-5,1.0560000000000116e-7
113896,0.000122746,0.000100527,2.2219e-5
113898,0.000133825,0.000133438,3.8699999999999477e-7
113900,8.92483e-5,7.8012e-5,1.1236300000000006e-5
113909,0.000189684,Inf,Inf
113912,8.90405e-5,Inf,Inf
113913,7.8391e-5,Inf,Inf
113914,0.000211688,Inf,Inf
113919,0.000111974,0.000100062,1.191199999999999e-5
113930,5.57938e-5,Inf,Inf
113932,0.000133966,0.000133779,1.8700000000001701e-7
113934,0.000100913,Inf,Inf
113939,0.000100895,Inf,Inf
113940,8.97189e-5,8.94009e-5,3.180000000000061e-7
113943,0.000134315,8.94397e-5,4.48753e-5
113946,0.000156113,0.000134279,2.183399999999998e-5
113947,0.000211743,0.000189119,2.2624000000000006e-5
113949,6.67747e-5,Inf,Inf
113951,0.00012225,0.000100004,2.224599999999999e-5
113953,0.000156097,8.90126e-5,6.708440000000001e-5
113961,7.81054e-5,Inf,Inf
113962,0.000133535,Inf,Inf
113966,0.000100197,Inf,Inf
113971,0.000178757,Inf,Inf
113973,7.86544e-5,Inf,Inf
113976,4.54283e-5,Inf,Inf
113977,5.60735e-5,Inf,Inf
113981,0.000111999,Inf,Inf
113985,5.61346e-5,Inf,Inf
113986,8.92047e-5,Inf,Inf
113988,0.000122835,Inf,Inf
113990,0.000122523,8.8927e-5,3.359600000000001e-5
113993,6.7169e-5,Inf,Inf
113995,5.58508e-5,Inf,Inf
113996,0.000122838,Inf,Inf
114004,0.000123192,Inf,Inf
114007,0.000123176,0.000122445,7.309999999999901e-7
114012,0.000178731,Inf,Inf
114015,0.000100383,Inf,Inf
114016,0.000178407,0.000145052,3.3354999999999995e-5
114017,0.000100395,Inf,Inf
114018,0.000155668,0.000144715,1.0952999999999988e-5
114021,0.00016708,0.000156428,1.065200000000002e-5
114024,0.000123138,0.000100529,2.2609000000000013e-5
114027,0.000189421,0.00017845,1.0971e-5
114030,0.000111408,7.81036e-5,3.3304400000000006e-5
114032,0.000100667,Inf,Inf
114036,0.000178524,Inf,Inf
114037,0.000100908,5.62152e-5,4.469280000000001e-5
114043,0.000167594,0.000155949,1.1644999999999988e-5
114048,7.80698e-5,Inf,Inf
114052,0.000111947,Inf,Inf
114053,0.00012262,0.000111382,1.123799999999999e-5
114056,0.000133462,0.000133413,4.899999999998547e-8
114060,0.000144472,0.000134225,1.0247000000000012e-5
114061,0.000133914,0.000122913,1.1001000000000012e-5
114063,0.000189584,Inf,Inf
114066,0.000100332,7.87467e-5,2.1585299999999998e-5
114067,0.000133702,0.000122773,1.092899999999999e-5
114068,0.000145301,Inf,Inf
114078,0.000200887,0.000178124,2.2763e-5
114083,5.5881e-5,Inf,Inf
114092,0.000112053,0.000111625,4.2800000000000336e-7
114098,0.000123156,0.000122793,3.6299999999999636e-7
114103,0.000111606,0.000100813,1.0793000000000003e-5
114107,0.000122701,0.00010066,2.2040999999999988e-5
114108,6.76417e-5,Inf,Inf
114110,0.000100823,6.70276e-5,3.37954e-5
114115,0.000122905,Inf,Inf
114125,0.000156173,7.854e-5,7.763300000000001e-5
114129,0.000134001,0.000100593,3.340799999999999e-5
114131,0.000122905,Inf,Inf
114137,0.000123025,Inf,Inf
114145,7.82584e-5,Inf,Inf
114148,4.47922e-5,Inf,Inf
114152,0.000111499,Inf,Inf
114153,0.000133797,0.000111857,2.194000000000001e-5
114157,0.000189369,Inf,Inf
114158,0.000122893,0.000122448,4.4500000000001353e-7
114160,0.000189037,Inf,Inf
114167,0.000144902,0.000133825,1.1077000000000016e-5
114168,0.000100933,6.74351e-5,3.34979e-5
114170,7.84618e-5,7.78277e-5,6.341000000000013e-7
114172,6.76303e-5,Inf,Inf
114177,0.000155913,0.000134001,2.1912000000000017e-5
114180,0.000123071,Inf,Inf
114182,0.00011189,Inf,Inf
114183,0.000111348,8.92875e-5,2.206050000000001e-5
114186,0.000122257,0.000100365,2.1891999999999986e-5
114188,0.000100005,6.68189e-5,3.31861e-5
114192,8.94576e-5,8.89879e-5,4.6969999999999315e-7
114195,7.85532e-5,Inf,Inf
114196,0.000144568,0.00011112,3.3447999999999996e-5
114197,0.000189583,Inf,Inf
114200,0.000189879,Inf,Inf
114203,6.76207e-5,6.68469e-5,7.738000000000027e-7
114206,0.000123066,Inf,Inf
114207,0.00012237,0.000111242,1.1128000000000006e-5
114208,8.95115e-5,7.83942e-5,1.1117300000000003e-5
114214,0.00011182,Inf,Inf
114217,0.000145188,0.000145043,1.4500000000000624e-7
114220,0.000156004,6.72928e-5,8.871120000000001e-5
114223,0.000122239,Inf,Inf
114224,0.000122914,Inf,Inf
114226,0.000211904,Inf,Inf
114229,0.000133359,6.69467e-5,6.64123e-5
114233,0.000100176,Inf,Inf
114234,0.000111804,Inf,Inf
114237,7.83148e-5,Inf,Inf
114241,0.000156288,Inf,Inf
114244,0.000100862,Inf,Inf
114250,7.79535e-5,Inf,Inf
114252,0.000156531,Inf,Inf
114253,0.000145434,0.000134225,1.1209000000000007e-5
114257,0.000133578,0.00011136,2.2217999999999996e-5
114263,0.000133546,Inf,Inf
114269,8.97186e-5,Inf,Inf
114271,0.000122503,8.89733e-5,3.352969999999999e-5
114283,0.000189763,0.000178465,1.1298e-5
114287,4.45931e-5,Inf,Inf
114288,0.000123154,0.00012267,4.840000000000042e-7
114289,0.000155579,Inf,Inf
114290,7.87186e-5,Inf,Inf
114292,0.000144821,0.000123012,2.1808999999999994e-5
114293,6.71385e-5,Inf,Inf
114295,6.75718e-5,Inf,Inf
114298,0.000134209,0.000123113,1.109599999999999e-5
114302,0.000111848,Inf,Inf
114306,0.000122901,Inf,Inf
114307,8.918e-5,Inf,Inf
114308,7.81416e-5,Inf,Inf
114309,0.000133952,Inf,Inf
114314,7.79139e-5,5.58273e-5,2.2086600000000006e-5
114318,0.000167655,0.000167415,2.4000000000001125e-7
114319,7.87235e-5,Inf,Inf
114329,0.000145302,0.000144617,6.850000000000248e-7
114330,0.000156109,Inf,Inf
114331,7.78974e-5,Inf,Inf
114344,0.000134286,Inf,Inf
114345,8.96833e-5,Inf,Inf
114347,6.7633e-5,Inf,Inf
114348,0.000144916,0.00014488,3.599999999999762e-8
114358,0.00017844,0.000167584,1.0856000000000006e-5
114359,8.89391e-5,6.6869e-5,2.2070100000000004e-5
114361,8.91041e-5,Inf,Inf
114363,8.97435e-5,Inf,Inf
114375,5.57695e-5,Inf,Inf
114377,0.000112037,0.000111788,2.490000000000039e-7
114390,6.74926e-5,Inf,Inf
114391,8.94884e-5,Inf,Inf
114393,0.000100996,Inf,Inf
114394,0.00015601,0.000145306,1.0703999999999998e-5
114397,7.83308e-5,7.80896e-5,2.4120000000000033e-7
114398,7.85893e-5,Inf,Inf
114399,0.000100139,Inf,Inf
114403,0.00011156,Inf,Inf
114406,0.000122885,0.000112081,1.0804000000000014e-5
114408,5.55697e-5,Inf,Inf
114410,7.83617e-5,5.62513e-5,2.2110399999999998e-5
114411,0.000100175,0.00010017,4.999999999997411e-9
114412,3.42685e-5,Inf,Inf
114418,5.64188e-5,Inf,Inf
114424,6.73516e-5,6.68278e-5,5.237999999999966e-7
114426,8.98751e-5,8.89401e-5,9.349999999999902e-7
114428,5.55681e-5,Inf,Inf
114441,7.79686e-5,6.75171e-5,1.0451499999999993e-5
114448,8.98324e-5,Inf,Inf
114455,7.81927e-5,Inf,Inf
114458,0.00010064,Inf,Inf
114460,7.81621e-5,Inf,Inf
114461,3.33373e-5,Inf,Inf
114464,0.000123,Inf,Inf
114466,4.52541e-5,Inf,Inf
114469,5.59722e-5,Inf,Inf
114471,0.0001009,Inf,Inf
114482,7.87277e-5,Inf,Inf
114483,5.64935e-5,Inf,Inf
114500,6.73422e-5,Inf,Inf
114503,0.000111394,8.93847e-5,2.2009299999999993e-5
114510,4.51207e-5,Inf,Inf
114517,0.000100006,8.94729e-5,1.053310000000001e-5
114521,6.742e-5,Inf,Inf
114526,2.29926e-5,Inf,Inf
114528,0.000100543,7.78378e-5,2.2705200000000008e-5
114529,5.57398e-5,Inf,Inf
114533,8.94187e-5,Inf,Inf
114543,2.226e-5,Inf,Inf
114545,3.40772e-5,Inf,Inf
114546,5.59556e-5,Inf,Inf
114547,4.51467e-5,Inf,Inf
114554,4.51886e-5,Inf,Inf
114555,4.48887e-5,Inf,Inf
114559,3.40105e-5,3.35076e-5,5.02900000000005e-7
114561,2.25765e-5,Inf,Inf
