radius,peak_row,birth,library_death,reference_same_ties_death,disagree
10.0,1,3.37593e-5,Inf,Inf,false
10.0,4,6.72723e-5,Inf,Inf,false
10.0,8,3.39517e-5,Inf,Inf,false
10.0,10,3.40561e-5,Inf,Inf,false
10.0,12,8.95443e-5,Inf,Inf,false
10.0,17,4.53351e-5,Inf,Inf,false
10.0,20,4.51205e-5,Inf,Inf,false
10.0,22,0.000111176,8.9463e-5,8.9463e-5,false
10.0,24,5.65158e-5,Inf,Inf,false
10.0,26,0.000100159,Inf,Inf,false
10.0,37,6.7606e-5,Inf,Inf,false
10.0,45,6.76614e-5,Inf,Inf,false
10.0,47,2.29409e-5,Inf,Inf,false
10.0,62,7.84793e-5,5.6083e-5,5.6083e-5,false
10.0,64,2.25519e-5,Inf,Inf,false
10.0,65,5.61474e-5,Inf,Inf,false
10.0,70,8.9832e-5,Inf,Inf,false
10.0,75,4.4645e-5,Inf,Inf,false
10.0,89,4.50729e-5,Inf,Inf,false
10.0,94,6.68355e-5,Inf,Inf,false
10.0,100,0.000134056,0.000122892,0.000122892,false
10.0,110,1.16451e-5,Inf,Inf,false
10.0,112,0.000122744,Inf,Inf,false
10.0,114,6.73208e-5,Inf,Inf,false
10.0,117,5.62491e-5,Inf,Inf,false
10.0,131,0.000156254,Inf,Inf,false
10.0,133,0.000145168,0.000134324,0.000134324,false
10.0,137,6.70388e-5,Inf,Inf,false
10.0,139,0.000111715,0.000100804,0.000100804,false
10.0,140,0.000156284,Inf,Inf,false
10.0,143,0.000166917,0.000144577,0.000144577,false
10.0,146,6.69153e-5,Inf,Inf,false
10.0,149,3.35564e-5,Inf,Inf,false
10.0,151,7.82085e-5,5.5744e-5,5.5744e-5,false
10.0,153,8.96796e-5,7.80349e-5,7.80349e-5,false
10.0,154,0.000100527,Inf,Inf,false
10.0,155,6.66735e-5,Inf,Inf,false
10.0,157,0.000167394,Inf,Inf,false
10.0,163,6.75321e-5,Inf,Inf,false
10.0,164,3.41379e-5,Inf,Inf,false
10.0,165,6.74357e-5,Inf,Inf,false
10.0,166,0.000122563,0.000100158,0.000100158,false
10.0,169,0.00014532,0.000145187,0.000145187,false
10.0,173,7.83112e-5,7.79531e-5,7.79531e-5,false
10.0,175,6.72489e-5,Inf,Inf,false
10.0,176,8.98375e-5,8.91319e-5,8.91319e-5,false
10.0,180,0.000122814,Inf,Inf,false
10.0,181,0.000167221,0.000166831,0.000166831,false
10.0,194,0.000156023,0.000144832,0.000144832,false
10.0,199,0.000100384,Inf,Inf,false
10.0,201,0.000100776,0.000100555,0.000100555,false
10.0,202,6.69206e-5,Inf,Inf,false
10.0,214,8.9057e-5,7.78461e-5,7.78461e-5,false
10.0,216,5.63747e-5,Inf,Inf,false
10.0,220,7.87367e-5,Inf,Inf,false
10.0,224,0.000156246,0.000134324,0.000134324,false
10.0,226,6.74932e-5,Inf,Inf,false
10.0,233,8.94599e-5,Inf,Inf,false
10.0,242,0.000100022,Inf,Inf,false
10.0,249,6.71744e-5,Inf,Inf,false
10.0,250,0.000111787,6.69332e-5,6.69332e-5,false
10.0,252,7.85016e-5,Inf,Inf,false
10.0,253,8.97291e-5,8.89041e-5,8.89041e-5,false
10.0,255,0.000111525,6.74092e-5,6.74092e-5,false
10.0,257,0.000112086,6.7439e-5,6.7439e-5,false
10.0,259,0.000112023,7.82689e-5,7.82689e-5,false
10.0,263,7.81905e-5,Inf,Inf,false
10.0,267,6.68466e-5,Inf,Inf,false
10.0,269,0.000144949,0.00013376,0.00013376,false
10.0,272,0.000134329,Inf,Inf,false
10.0,274,0.000167405,Inf,Inf,false
10.0,280,0.0001224,0.000111497,0.000111497,false
10.0,285,8.94743e-5,Inf,Inf,false
10.0,288,0.000145005,0.000133727,0.000133727,false
10.0,292,6.69925e-5,5.60437e-5,5.60437e-5,false
10.0,293,0.000111452,Inf,Inf,false
10.0,294,0.000100779,Inf,Inf,false
10.0,297,0.000111219,8.96949e-5,8.96949e-5,false
10.0,299,0.000100873,Inf,Inf,false
10.0,304,0.000111609,Inf,Inf,false
10.0,308,8.90489e-5,Inf,Inf,false
10.0,311,0.000167005,0.000122987,0.000122987,false
10.0,320,0.000100217,Inf,Inf,false
10.0,324,7.81259e-5,Inf,Inf,false
10.0,325,0.000133918,Inf,Inf,false
10.0,328,0.000134026,0.000133762,0.000133762,false
10.0,331,0.000100306,Inf,Inf,false
10.0,332,0.00017823,0.000167636,0.000167636,false
10.0,333,0.000200099,0.000133936,0.000133936,false
10.0,337,0.000156371,0.000155772,0.000155772,false
10.0,340,0.00018901,Inf,Inf,false
10.0,342,0.000177865,0.000133715,0.000133715,false
10.0,348,0.000111992,Inf,Inf,false
10.0,353,8.96962e-5,Inf,Inf,false
10.0,355,0.00014532,Inf,Inf,false
10.0,357,0.000122967,0.000122614,0.000122614,false
10.0,358,0.000133683,0.000100047,0.000100047,false
10.0,361,0.000167364,Inf,Inf,false
10.0,365,0.000122528,0.000112103,0.000112103,false
10.0,374,0.000122974,6.6815e-5,6.6815e-5,false
10.0,377,0.000167235,0.000156103,0.000156103,false
10.0,380,0.000100089,Inf,Inf,false
10.0,382,0.000122749,Inf,Inf,false
10.0,383,0.000122838,0.000100976,0.000100976,false
10.0,386,7.82689e-5,Inf,Inf,false
10.0,390,7.8213e-5,Inf,Inf,false
10.0,393,0.000134159,Inf,Inf,false
10.0,395,0.00014478,Inf,Inf,false
10.0,396,0.000133465,0.000100221,0.000100221,false
10.0,398,0.000100721,Inf,Inf,false
10.0,401,0.000111967,Inf,Inf,false
10.0,402,7.82731e-5,Inf,Inf,false
10.0,406,0.000145,0.000100396,0.000100396,false
10.0,411,0.000134237,0.00011166,0.00011166,false
10.0,412,0.000167523,0.00015655,0.00015655,false
10.0,413,0.00010058,6.69193e-5,6.69193e-5,false
10.0,414,0.000156075,Inf,Inf,false
10.0,416,0.000100749,Inf,Inf,false
10.0,417,0.000122233,0.000100314,0.000100314,false
10.0,426,0.000145171,Inf,Inf,false
10.0,427,0.000100558,6.74821e-5,6.74821e-5,false
10.0,431,0.000178081,0.000133927,0.000133927,false
10.0,441,4.4502e-5,Inf,Inf,false
10.0,442,7.80503e-5,Inf,Inf,false
10.0,451,0.000156211,0.000145339,0.000145339,false
10.0,456,0.00018981,0.000155877,0.000155877,false
10.0,461,0.000167432,0.000156304,0.000156304,false
10.0,464,0.000122294,7.81336e-5,7.81336e-5,false
10.0,467,0.000145069,6.70105e-5,6.70105e-5,false
10.0,469,0.000123132,0.000122308,0.000122308,false
10.0,471,0.000100093,8.89735e-5,8.89735e-5,false
10.0,475,0.000100605,Inf,Inf,false
10.0,478,0.000112103,Inf,Inf,false
10.0,479,6.75285e-5,Inf,Inf,false
10.0,482,0.000100518,Inf,Inf,false
10.0,483,0.00012224,0.000111389,0.000111389,false
10.0,486,0.000167081,Inf,Inf,false
10.0,488,0.000189227,0.000166879,0.000166879,false
10.0,491,0.000167227,0.00015556,0.00015556,false
10.0,493,0.000111921,Inf,Inf,false
10.0,495,0.000122428,0.000100221,0.000100221,false
10.0,500,0.000112012,0.000100578,0.000100578,false
10.0,505,0.000122905,Inf,Inf,false
10.0,509,0.000133798,0.000133344,0.000133344,false
10.0,511,0.000144857,0.000111581,0.000111581,false
10.0,512,8.93938e-5,Inf,Inf,false
10.0,517,8.97335e-5,Inf,Inf,false
10.0,520,0.000111324,Inf,Inf,false
10.0,522,7.87683e-5,Inf,Inf,false
10.0,531,0.000178745,0.000178002,0.000178002,false
10.0,533,7.87245e-5,4.53142e-5,4.53142e-5,false
10.0,534,0.000111946,Inf,Inf,false
10.0,535,8.91868e-5,6.67197e-5,6.67197e-5,false
10.0,547,0.000111188,8.91549e-5,8.91549e-5,false
10.0,566,0.000100684,Inf,Inf,false
10.0,572,0.000167254,0.000122933,0.000122933,false
10.0,573,0.00018956,0.000189539,0.000189539,false
10.0,574,0.0001008,Inf,Inf,false
10.0,576,7.82867e-5,Inf,Inf,false
10.0,583,8.89305e-5,6.67066e-5,6.67066e-5,false
10.0,584,0.000133989,Inf,Inf,false
10.0,590,0.000145314,0.000100631,0.000100631,false
10.0,605,0.000134323,Inf,Inf,false
10.0,606,0.000189551,0.000111522,0.000112027,true
10.0,607,0.000133699,0.000111942,0.000111942,false
10.0,608,5.63812e-5,Inf,Inf,false
10.0,610,0.000145001,7.78358e-5,7.78358e-5,false
10.0,612,8.93569e-5,7.80426e-5,7.80426e-5,false
10.0,613,0.000145087,Inf,Inf,false
10.0,624,0.000111809,8.91288e-5,8.91288e-5,false
10.0,626,0.000177783,0.000166756,0.000166756,false
10.0,627,0.000100615,Inf,Inf,false
10.0,628,0.000122674,Inf,Inf,false
10.0,631,0.000112065,Inf,Inf,false
10.0,634,0.000133377,0.000111426,0.000111426,false
10.0,640,0.000122238,0.000100801,0.000100801,false
10.0,642,0.00014536,0.000144831,0.000144831,false
10.0,651,0.000123188,8.97034e-5,8.97034e-5,false
10.0,655,0.00011199,0.000111146,0.000111146,false
10.0,663,0.00015592,0.000144721,0.000144721,false
10.0,677,0.000178109,0.000155886,0.000155886,false
10.0,683,0.000111583,0.000100991,0.000100991,false
10.0,692,0.000156177,0.000144511,0.000144511,false
10.0,693,0.000155803,0.000155588,0.000155588,false
10.0,698,0.000133913,Inf,Inf,false
10.0,703,0.000112018,8.9532e-5,8.9532e-5,false
10.0,706,0.000167665,Inf,Inf,false
10.0,707,0.000112102,Inf,Inf,false
10.0,708,8.91744e-5,6.74821e-5,6.74821e-5,false
10.0,716,0.000156154,Inf,Inf,false
10.0,720,0.000178022,0.000134175,0.000134175,false
10.0,721,0.00015654,0.000133911,0.000133911,false
10.0,723,8.97542e-5,8.9231e-5,8.9231e-5,false
10.0,724,0.000155788,0.000111589,0.000111589,false
10.0,725,6.73308e-5,Inf,Inf,false
10.0,726,0.000134068,0.000112071,0.000112071,false
10.0,727,0.000123221,Inf,Inf,false
10.0,728,0.000122568,0.000122451,0.000122451,false
10.0,730,0.000167656,Inf,Inf,false
10.0,746,0.000145385,Inf,Inf,false
10.0,755,8.92583e-5,Inf,Inf,false
10.0,758,0.000189257,Inf,Inf,false
10.0,762,0.000100627,8.9357e-5,8.9357e-5,false
10.0,766,0.00018981,0.000189549,0.000189549,false
10.0,770,0.000222436,0.000200515,0.000200515,false
10.0,773,0.000155806,0.000145211,0.000145211,false
10.0,776,0.000100335,7.80654e-5,7.80654e-5,false
10.0,785,0.000144583,0.000111769,0.000111769,false
10.0,797,0.000156122,0.000133852,0.000133852,false
10.0,799,0.000200466,0.000189819,0.000189819,false
10.0,801,0.000123095,0.000100703,0.000100703,false
10.0,803,7.8423e-5,5.56915e-5,5.56915e-5,false
10.0,804,0.000144567,8.89463e-5,8.89463e-5,false
10.0,807,4.49019e-5,Inf,Inf,false
10.0,811,0.000122751,Inf,Inf,false
10.0,812,4.46282e-5,Inf,Inf,false
10.0,814,0.000111872,Inf,Inf,false
10.0,816,0.000123183,8.94258e-5,8.94258e-5,false
10.0,825,0.000144629,0.000133554,0.000133554,false
10.0,831,0.000122837,Inf,Inf,false
10.0,838,0.000156233,0.000134267,0.000134267,false
10.0,840,5.57621e-5,4.49296e-5,4.49296e-5,false
10.0,846,0.00012306,Inf,Inf,false
10.0,849,0.000133466,0.00012248,0.00012248,false
10.0,852,0.00012243,0.000100825,0.000100825,false
10.0,855,7.84674e-5,Inf,Inf,false
10.0,856,0.000167554,Inf,Inf,false
10.0,862,0.000100253,8.90829e-5,8.90829e-5,false
10.0,865,0.000122735,0.000122272,0.000122272,false
10.0,867,0.000111142,0.000100878,0.000100878,false
10.0,870,0.000111142,0.000100408,0.000100408,false
10.0,876,8.97391e-5,Inf,Inf,false
10.0,878,0.000123117,0.000111659,0.000111659,false
10.0,885,0.000133466,0.000122765,0.000122765,false
10.0,887,0.00011176,Inf,Inf,false
10.0,891,8.96684e-5,Inf,Inf,false
10.0,901,0.000144511,0.000133348,0.000133348,false
10.0,905,0.000144934,0.000144482,0.000144482,false
10.0,910,0.000178758,0.000133919,0.000133919,false
10.0,911,0.000111357,Inf,Inf,false
10.0,919,0.000200945,0.000177805,0.000177805,false
10.0,921,0.000167359,0.000166691,0.000166691,false
10.0,923,8.98183e-5,Inf,Inf,false
10.0,924,5.57879e-5,Inf,Inf,false
10.0,925,0.000155593,0.000111599,0.000111599,false
10.0,927,8.9174e-5,Inf,Inf,false
10.0,937,0.000133849,0.000133597,0.000133597,false
10.0,938,0.000100142,0.000100037,0.000100037,false
10.0,940,0.000100449,7.7981e-5,7.7981e-5,false
10.0,948,0.000234238,0.000189082,0.000189082,false
10.0,955,8.94151e-5,Inf,Inf,false
10.0,956,0.00012312,8.98421e-5,8.98421e-5,false
10.0,957,8.90465e-5,Inf,Inf,false
10.0,960,0.000200128,0.000178193,0.000178193,false
10.0,966,0.000200829,0.000200076,0.000200076,false
10.0,969,8.98591e-5,Inf,Inf,false
10.0,970,0.000156053,0.000133825,0.000133825,false
10.0,978,0.000123095,0.000122317,0.000122317,false
10.0,980,0.000100281,Inf,Inf,false
10.0,983,0.000167242,0.000155683,0.000155683,false
10.0,1000,0.000122822,0.000112027,0.000112027,false
10.0,1004,0.000112047,8.96442e-5,8.96442e-5,false
10.0,1016,0.000189065,Inf,Inf,false
10.0,1028,6.7416e-5,Inf,Inf,false
10.0,1035,0.000211134,0.000200297,0.000200297,false
10.0,1055,0.000111729,0.000111492,0.000111492,false
10.0,1056,0.000111821,Inf,Inf,false
10.0,1061,0.000145026,0.000122479,0.000122479,false
10.0,1062,0.000123031,8.90576e-5,8.90576e-5,false
10.0,1070,0.000167307,0.000133455,0.000133455,false
10.0,1074,0.00011195,Inf,Inf,false
10.0,1075,0.000156512,Inf,Inf,false
10.0,1076,7.826e-5,5.60377e-5,5.60377e-5,false
10.0,1081,6.74794e-5,Inf,Inf,false
10.0,1084,0.000244847,Inf,Inf,false
10.0,1088,0.000122979,Inf,Inf,false
10.0,1091,0.000289608,0.000211673,0.000211673,false
10.0,1092,0.000111802,0.000100146,0.000100146,false
10.0,1095,0.000145289,Inf,Inf,false
10.0,1103,0.00011146,0.000100586,0.000100586,false
10.0,1105,0.000155809,0.000133406,0.000133406,false
10.0,1118,6.68424e-5,Inf,Inf,false
10.0,1119,7.80487e-5,6.67456e-5,6.67456e-5,false
10.0,1122,0.000112102,0.00010099,0.00010099,false
10.0,1123,0.000111293,Inf,Inf,false
10.0,1125,7.85374e-5,Inf,Inf,false
10.0,1127,0.000133691,Inf,Inf,false
10.0,1128,8.94905e-5,8.94897e-5,8.94897e-5,false
10.0,1130,0.000178627,0.000177805,0.000177805,false
10.0,1139,0.000133984,0.000133627,0.000133627,false
10.0,1140,0.000123127,0.000111909,0.000111909,false
10.0,1141,0.000133689,0.000122229,0.000122229,false
10.0,1144,0.000178438,0.000144583,0.000144583,false
10.0,1147,0.000133508,7.86938e-5,7.86938e-5,false
10.0,1150,0.000122668,Inf,Inf,false
10.0,1161,0.00012311,Inf,Inf,false
10.0,1163,6.6765e-5,5.60688e-5,5.60688e-5,false
10.0,1166,0.000133624,0.000112065,0.000112065,false
10.0,1167,0.000100668,Inf,Inf,false
10.0,1170,0.000111429,8.91799e-5,8.91799e-5,false
10.0,1174,0.000122704,Inf,Inf,false
10.0,1175,0.000111373,Inf,Inf,false
10.0,1179,0.000211319,0.000200628,0.000200628,false
10.0,1189,0.000111296,0.000100557,0.000100557,false
10.0,1203,0.000233832,0.000222792,0.000222792,false
10.0,1206,0.000145205,0.000145118,0.000145118,false
10.0,1211,0.000145342,0.000144674,0.000144674,false
10.0,1220,0.000111805,0.000111269,0.000111269,false
10.0,1240,0.000134327,0.000134235,0.000134235,false
10.0,1241,6.70859e-5,5.55817e-5,5.55817e-5,false
10.0,1246,0.000111579,Inf,Inf,false
10.0,1247,7.87186e-5,7.86727e-5,7.86727e-5,false
10.0,1249,0.000122598,0.000111588,0.000111588,false
10.0,1254,8.90426e-5,6.7408e-5,6.7408e-5,false
10.0,1261,0.000211308,Inf,Inf,false
10.0,1272,0.000156525,0.000144554,0.000144554,false
10.0,1273,0.000145392,0.000144798,0.000144798,false
10.0,1286,0.000122985,Inf,Inf,false
10.0,1288,0.000100509,0.000100327,0.000100327,false
10.0,1291,0.000167203,0.000166787,0.000166787,false
10.0,1293,0.000100366,8.97874e-5,8.97874e-5,false
10.0,1294,6.73211e-5,6.67328e-5,6.67328e-5,false
10.0,1295,8.96343e-5,Inf,Inf,false
10.0,1306,0.000289028,0.000267178,0.000267178,false
10.0,1310,0.000167647,0.000167321,0.000167321,false
10.0,1313,0.000266858,0.000245242,0.000245242,false
10.0,1322,0.000111713,Inf,Inf,false
10.0,1331,8.9677e-5,7.87081e-5,7.87081e-5,false
10.0,1332,0.000122613,0.00011146,0.00011146,false
10.0,1333,0.000177788,0.000111269,0.000111269,false
10.0,1337,0.000100438,8.90014e-5,8.90014e-5,false
10.0,1349,0.000133531,0.00011135,0.00011135,false
10.0,1354,0.000100529,0.000100173,0.000100173,false
10.0,1356,0.000100223,8.90576e-5,8.90576e-5,false
10.0,1363,0.000211711,0.000178659,0.000178659,false
10.0,1370,0.000156276,0.000155951,0.000155951,false
10.0,1371,6.68084e-5,Inf,Inf,false
10.0,1374,8.97563e-5,Inf,Inf,false
10.0,1375,6.75416e-5,6.70658e-5,6.70658e-5,false
10.0,1388,0.000156124,Inf,Inf,false
10.0,1394,8.9267e-5,8.90756e-5,8.90756e-5,false
10.0,1396,0.000111122,0.000100903,0.000100903,false
10.0,1400,0.000145421,0.000145139,0.000145139,false
10.0,1405,0.000155571,0.000122469,0.000122469,false
10.0,1406,0.000123207,0.000100671,0.000100671,false
10.0,1416,0.000144684,Inf,Inf,false
10.0,1419,0.000134141,0.000122867,0.000122867,false
10.0,1422,0.000122808,0.0001223,0.0001223,false
10.0,1423,0.000133497,0.000100205,0.000100205,false
10.0,1424,0.000145018,Inf,Inf,false
10.0,1425,0.000189853,Inf,Inf,false
10.0,1429,0.000111628,7.84308e-5,7.84308e-5,false
10.0,1441,8.89029e-5,Inf,Inf,false
10.0,1447,0.00010082,0.000100236,0.000100236,false
10.0,1449,0.00017818,Inf,Inf,false
10.0,1450,8.95169e-5,8.93921e-5,8.93921e-5,false
10.0,1451,0.000144583,0.000123196,0.000123196,false
10.0,1452,0.000100522,Inf,Inf,false
10.0,1453,0.000211325,0.000178257,0.000178257,false
10.0,1454,0.000311413,0.000300295,0.000300295,false
10.0,1460,0.000156442,0.00015625,0.00015625,false
10.0,1462,6.75344e-5,6.72873e-5,6.72873e-5,false
10.0,1466,0.000212092,Inf,Inf,false
10.0,1475,0.000155723,0.000144812,0.000144812,false
10.0,1477,6.67492e-5,Inf,Inf,false
10.0,1478,0.000123209,0.000123171,0.000123171,false
10.0,1480,0.000122707,0.000111503,0.000111503,false
10.0,1481,0.000156171,Inf,Inf,false
10.0,1491,0.000122803,Inf,Inf,false
10.0,1493,8.92992e-5,7.81995e-5,7.81995e-5,false
10.0,1494,0.000133488,0.000122551,0.000122551,false
10.0,1495,0.000122293,Inf,Inf,false
10.0,1497,0.000211246,0.000189152,0.000189351,true
10.0,1510,0.000189727,Inf,Inf,false
10.0,1520,0.000123072,0.000122878,0.000122878,false
10.0,1528,0.000234085,0.000233865,0.000233865,false
10.0,1531,8.93483e-5,Inf,Inf,false
10.0,1537,8.9105e-5,Inf,Inf,false
10.0,1539,0.00015623,0.000133437,0.000133437,false
10.0,1540,0.000167332,Inf,Inf,false
10.0,1552,0.00011208,Inf,Inf,false
10.0,1561,8.93222e-5,Inf,Inf,false
10.0,1562,0.000123163,0.000122867,0.000122867,false
10.0,1563,0.000178156,0.000145155,0.000145155,false
10.0,1568,0.000100911,Inf,Inf,false
10.0,1569,0.000100186,0.000100065,0.000100065,false
10.0,1575,0.000100486,Inf,Inf,false
10.0,1578,0.000111365,0.000100905,0.000100905,false
10.0,1586,0.000100246,8.98219e-5,8.98219e-5,false
10.0,1587,8.9635e-5,7.86846e-5,7.86846e-5,false
10.0,1590,0.000100227,Inf,Inf,false
10.0,1594,0.000134241,0.000133341,0.000133341,false
10.0,1596,0.000167528,0.000155743,0.000155743,false
10.0,1601,0.000200914,Inf,Inf,false
10.0,1603,6.69709e-5,Inf,Inf,false
10.0,1604,0.000134005,0.000111444,0.000111444,false
10.0,1607,6.66876e-5,Inf,Inf,false
10.0,1611,0.000100036,Inf,Inf,false
10.0,1615,6.76325e-5,5.58063e-5,5.58063e-5,false
10.0,1616,0.000122684,0.00011156,0.00011156,false
10.0,1620,0.000133683,0.000123002,0.000123002,false
10.0,1623,0.000111539,0.000111525,0.000111525,false
10.0,1631,0.000311938,0.000300457,0.000300457,false
10.0,1633,0.000188977,0.000188945,0.000188945,false
10.0,1636,0.000134075,Inf,Inf,false
10.0,1637,0.000145366,Inf,Inf,false
10.0,1641,0.000144618,Inf,Inf,false
10.0,1644,0.000156266,Inf,Inf,false
10.0,1645,7.85956e-5,6.74125e-5,6.74125e-5,false
10.0,1653,0.000322482,0.000278609,0.000278609,false
10.0,1658,0.000211718,0.000178625,0.000178625,false
10.0,1661,8.92358e-5,Inf,Inf,false
10.0,1663,6.67196e-5,Inf,Inf,false
10.0,1668,0.000111895,7.83285e-5,7.83285e-5,false
10.0,1671,0.000289639,0.000256009,0.000256009,false
10.0,1672,0.000233836,Inf,Inf,false
10.0,1677,0.000178324,Inf,Inf,false
10.0,1679,0.000111312,Inf,Inf,false
10.0,1687,5.5626e-5,Inf,Inf,false
10.0,1688,0.000133762,0.000122815,0.000122815,false
10.0,1691,0.000200027,0.000189351,0.000189351,false
10.0,1698,0.000223098,0.000222861,0.000222861,false
10.0,1711,4.48942e-5,Inf,Inf,false
10.0,1713,7.79684e-5,Inf,Inf,false
10.0,1725,0.000100097,Inf,Inf,false
10.0,1731,0.000134279,0.000111278,0.000111278,false
10.0,1735,0.000111911,0.000111525,0.000111525,false
10.0,1738,0.000156273,Inf,Inf,false
10.0,1739,0.000133789,0.000122851,0.000122851,false
10.0,1743,0.000111163,8.93171e-5,8.93171e-5,false
10.0,1750,0.000145024,8.90934e-5,8.90934e-5,false
10.0,1753,0.000100598,Inf,Inf,false
10.0,1758,5.58828e-5,Inf,Inf,false
10.0,1760,0.000145352,0.000133953,0.000133953,false
10.0,1765,0.000288923,0.000267236,0.000267236,false
10.0,1776,0.000156079,0.000144812,0.000144812,false
10.0,1779,0.000134314,0.000111169,0.000111169,false
10.0,1782,0.000111896,Inf,Inf,false
10.0,1792,8.97336e-5,Inf,Inf,false
10.0,1793,0.000100359,4.54319e-5,4.54319e-5,false
10.0,1795,0.000245279,0.000234282,0.000234282,false
10.0,1812,0.000100673,Inf,Inf,false
10.0,1813,8.92355e-5,Inf,Inf,false
10.0,1815,0.000111398,0.000100939,0.000100939,false
10.0,1817,0.00015621,0.000155895,0.000155895,false
10.0,1818,8.94844e-5,Inf,Inf,false
10.0,1833,8.95315e-5,8.90137e-5,8.90137e-5,false
10.0,1838,0.000167407,Inf,Inf,false
10.0,1843,8.95289e-5,Inf,Inf,false
10.0,1844,0.000133982,0.00013336,0.00013336,false
10.0,1850,0.000111773,Inf,Inf,false
10.0,1851,6.71947e-5,Inf,Inf,false
10.0,1853,0.000312069,0.00025569,0.00025569,false
10.0,1854,0.000311373,0.000300356,0.000300356,false
10.0,1864,8.95118e-5,Inf,Inf,false
10.0,1889,0.000111768,0.000111333,0.000111333,false
10.0,1916,8.97525e-5,Inf,Inf,false
10.0,1919,0.00011135,8.98558e-5,8.98558e-5,false
10.0,1926,0.000122895,Inf,Inf,false
10.0,1927,0.000100307,Inf,Inf,false
10.0,1930,0.000111577,0.000100145,0.000100145,false
10.0,1932,0.000123077,0.000122559,0.000122559,false
10.0,1940,0.000266798,0.000245055,0.000245055,false
10.0,1942,0.000211246,0.000189567,0.000189567,false
10.0,1947,0.00013386,0.000133502,0.000133502,false
10.0,1949,7.863e-5,7.85096e-5,7.85096e-5,false
10.0,1953,0.000178529,0.000156101,0.000156101,false
10.0,1954,0.000111522,8.9494e-5,8.9494e-5,false
10.0,1955,0.0001343,0.00013418,0.00013418,false
10.0,1956,0.000145399,0.000122724,0.000122724,false
10.0,1958,0.000133607,0.000100205,0.000100205,false
10.0,1967,0.000134279,7.78657e-5,7.78657e-5,false
10.0,1968,0.000123069,0.000122429,0.000122429,false
10.0,1971,0.0001232,Inf,Inf,false
10.0,1974,0.000133362,0.000100195,0.000100195,false
10.0,1975,8.89803e-5,Inf,Inf,false
10.0,1976,8.95967e-5,Inf,Inf,false
10.0,1983,0.000189874,0.000178706,0.000178706,false
10.0,1992,0.000100965,0.000100688,0.000100688,false
10.0,1995,0.000177897,0.000156523,0.000156523,false
10.0,2003,7.8151e-5,7.79167e-5,7.79167e-5,false
10.0,2005,7.84664e-5,Inf,Inf,false
10.0,2006,0.000133798,Inf,Inf,false
10.0,2008,0.000100824,8.98458e-5,8.98458e-5,false
10.0,2015,0.000333934,0.000323046,0.000323046,false
10.0,2018,0.000289578,0.000289219,0.000289219,false
10.0,2023,0.000123161,0.000111278,0.000111278,false
10.0,2030,0.000100684,Inf,Inf,false
10.0,2035,0.000111906,Inf,Inf,false
10.0,2037,0.000200514,0.000200328,0.000200328,false
10.0,2038,0.00027842,0.00025569,0.00025569,false
10.0,2046,0.000111774,0.00010042,0.00010042,false
10.0,2053,8.93159e-5,Inf,Inf,false
10.0,2060,0.000389192,0.000367322,0.000367322,false
10.0,2065,0.000156313,0.000156264,0.000156264,false
10.0,2067,0.000144811,0.000133769,0.000133769,false
10.0,2069,0.000111507,8.9129e-5,8.9129e-5,false
10.0,2070,0.000122446,0.000111501,0.000111501,false
10.0,2071,8.97572e-5,7.78352e-5,7.78352e-5,false
10.0,2072,0.000145259,0.000133938,0.000133938,false
10.0,2075,7.87168e-5,Inf,Inf,false
10.0,2076,0.000211466,0.000200342,0.000200342,false
10.0,2079,8.9456e-5,6.69144e-5,6.69144e-5,false
10.0,2088,0.000211168,0.000189252,0.000189252,false
10.0,2104,0.00015606,8.89374e-5,8.89374e-5,false
10.0,2106,7.80001e-5,Inf,Inf,false
10.0,2121,0.000122433,0.000122296,0.000122296,false
10.0,2125,0.000100792,Inf,Inf,false
10.0,2130,0.00011173,0.000100372,0.000100372,false
10.0,2132,8.93551e-5,Inf,Inf,false
10.0,2141,0.000211369,0.000211208,0.000211208,false
10.0,2142,0.000189854,0.000189773,0.000189773,false
10.0,2144,7.82147e-5,Inf,Inf,false
10.0,2151,0.000122655,Inf,Inf,false
10.0,2154,0.000156429,0.000144585,0.000144585,false
10.0,2155,0.000123045,0.000122305,0.000122305,false
10.0,2167,0.000400304,0.00038959,0.00038959,false
10.0,2178,0.000145088,0.000144908,0.000144908,false
10.0,2179,7.87431e-5,6.67709e-5,6.67709e-5,false
10.0,2182,0.000100398,Inf,Inf,false
10.0,2202,0.000178664,0.000167424,0.000167424,false
10.0,2203,0.000166916,Inf,Inf,false
10.0,2206,0.000111511,Inf,Inf,false
10.0,2209,6.67105e-5,Inf,Inf,false
10.0,2217,0.000367333,0.000356318,0.000356318,false
10.0,2224,0.000100741,Inf,Inf,false
10.0,2254,0.000344576,0.000344445,0.000344445,false
10.0,2259,0.000155728,0.000100534,0.000100534,false
10.0,2266,0.00017875,Inf,Inf,false
10.0,2268,0.000122635,Inf,Inf,false
10.0,2269,0.000111556,0.000100204,0.000100204,false
10.0,2270,0.000111865,Inf,Inf,false
10.0,2274,7.87639e-5,Inf,Inf,false
10.0,2287,0.000334241,0.000322672,0.000322672,false
10.0,2293,0.000111812,0.000100932,0.000100932,false
10.0,2295,8.98181e-5,Inf,Inf,false
10.0,2297,0.000122802,0.000100931,0.000100931,false
10.0,2298,8.90302e-5,Inf,Inf,false
10.0,2301,0.000223117,Inf,Inf,false
10.0,2319,0.00013355,0.000111832,0.000111832,false
10.0,2320,7.87211e-5,7.83977e-5,7.83977e-5,false
10.0,2321,6.76564e-5,6.71137e-5,6.71137e-5,false
10.0,2344,0.000133504,Inf,Inf,false
10.0,2348,0.000145181,0.000111807,0.000111807,false
10.0,2349,7.85816e-5,Inf,Inf,false
10.0,2351,0.000134013,8.90796e-5,8.90796e-5,false
10.0,2368,0.000255948,0.000200522,0.000200522,false
10.0,2373,0.000156199,0.000155766,0.000155766,false
10.0,2376,0.000122303,Inf,Inf,false
10.0,2377,8.96105e-5,6.70965e-5,6.70965e-5,false
10.0,2381,0.000134181,0.000134073,0.000134073,false
10.0,2382,0.000111609,8.9494e-5,8.9494e-5,false
10.0,2383,0.000155875,Inf,Inf,false
10.0,2386,0.000134137,0.000133466,0.000133466,false
10.0,2390,0.000223186,0.000223024,0.000223024,false
10.0,2391,0.000389223,0.000378747,0.000378747,false
10.0,2396,0.000300492,0.000300381,0.000300381,false
10.0,2402,0.000123039,0.000100054,0.000100054,false
10.0,2407,0.000122895,8.89681e-5,8.89681e-5,false
10.0,2408,0.000111476,Inf,Inf,false
10.0,2409,0.000122234,Inf,Inf,false
10.0,2412,5.64149e-5,5.63733e-5,5.63733e-5,false
10.0,2413,0.000100988,8.9478e-5,8.9478e-5,false
10.0,2420,0.000144452,0.000111843,0.000111843,false
10.0,2435,0.00013429,0.000122397,0.000122397,false
10.0,2437,7.82069e-5,Inf,Inf,false
10.0,2439,8.94699e-5,7.87321e-5,7.87321e-5,false
10.0,2440,0.000100441,0.000100136,0.000100136,false
10.0,2441,7.78967e-5,6.66915e-5,6.66915e-5,false
10.0,2443,0.000178078,0.000112088,0.000112088,false
10.0,2445,0.000111792,Inf,Inf,false
10.0,2447,0.000144695,0.000144522,0.000144522,false
10.0,2451,0.000178478,Inf,Inf,false
10.0,2472,0.000133956,0.000123113,0.000123113,false
10.0,2476,0.000167579,Inf,Inf,false
10.0,2497,0.000189713,0.000189411,0.000189411,false
10.0,2501,0.000122874,0.000111291,0.000111291,false
10.0,2507,0.000211907,Inf,Inf,false
10.0,2521,0.000211821,0.000155776,0.000155776,false
10.0,2522,0.000156107,Inf,Inf,false
10.0,2523,0.0001005,7.86316e-5,7.86316e-5,false
10.0,2530,0.000133501,8.90083e-5,8.90083e-5,false
10.0,2535,0.000222859,0.000133887,0.000133887,false
10.0,2537,4.47285e-5,Inf,Inf,false
10.0,2554,0.000400975,0.000356193,0.000356193,false
10.0,2556,0.000255716,0.000234258,0.000234258,false
10.0,2559,0.000133818,0.000112097,0.000112097,false
10.0,2564,0.000166995,0.000144654,0.000144654,false
10.0,2575,0.000344929,0.000323123,0.000323123,false
10.0,2579,6.74643e-5,Inf,Inf,false
10.0,2584,7.86182e-5,6.69144e-5,6.69144e-5,false
10.0,2588,0.000133767,0.000111727,0.000111727,false
10.0,2600,0.000133881,Inf,Inf,false
10.0,2603,0.000111601,8.95066e-5,8.95066e-5,false
10.0,2610,0.000167451,0.000133809,0.000133809,false
10.0,2612,0.000178004,Inf,Inf,false
10.0,2624,0.000222396,0.000156264,0.000156264,false
10.0,2628,0.000167325,0.000167123,0.000167123,false
10.0,2631,0.000189094,7.80985e-5,7.80985e-5,false
10.0,2632,6.70629e-5,5.56271e-5,5.56271e-5,false
10.0,2640,0.000167382,0.000144676,0.000144676,false
10.0,2654,0.000400201,0.000356332,0.000356332,false
10.0,2659,0.000100516,Inf,Inf,false
10.0,2665,0.000111528,0.000100998,0.000100998,false
10.0,2670,0.000134034,7.80461e-5,7.80461e-5,false
10.0,2671,7.85804e-5,Inf,Inf,false
10.0,2672,0.000133994,Inf,Inf,false
10.0,2673,0.000156107,0.000145419,0.000145419,false
10.0,2674,8.96335e-5,Inf,Inf,false
10.0,2677,0.000100753,Inf,Inf,false
10.0,2703,6.70257e-5,Inf,Inf,false
10.0,2714,8.91296e-5,Inf,Inf,false
10.0,2715,0.000167533,0.000100622,0.000100622,false
10.0,2716,0.000211287,0.0001896,0.0001896,false
10.0,2732,0.000111538,0.000100919,0.000100919,false
10.0,2733,0.000166702,0.000144852,0.000144852,false
10.0,2735,0.000134216,Inf,Inf,false
10.0,2737,7.82372e-5,7.80642e-5,7.80642e-5,false
10.0,2744,0.00010049,Inf,Inf,false
10.0,2769,0.000156148,0.000156032,0.000156032,false
10.0,2770,0.000111954,8.89672e-5,8.89672e-5,false
10.0,2771,0.000200348,Inf,Inf,false
10.0,2774,0.000111124,Inf,Inf,false
10.0,2777,0.000122766,8.94704e-5,8.94704e-5,false
10.0,2779,0.000178524,Inf,Inf,false
10.0,2805,6.71203e-5,Inf,Inf,false
10.0,2806,0.000111726,0.00010099,0.00010099,false
10.0,2807,0.000100189,8.92936e-5,8.92936e-5,false
10.0,2813,6.71552e-5,Inf,Inf,false
10.0,2816,0.000111904,0.000111788,0.000111788,false
10.0,2830,0.000233658,0.000222468,0.000222468,false
10.0,2839,5.57722e-5,Inf,Inf,false
10.0,2859,0.000167273,0.000145107,0.000145107,false
10.0,2864,0.000133451,0.000122309,0.000122309,false
10.0,2874,0.000156449,0.00013342,0.00013342,false
10.0,2876,0.000167583,0.000166727,0.000166727,false
10.0,2880,0.00051196,0.000467534,0.000467534,false
10.0,2891,8.9513e-5,7.86322e-5,7.86322e-5,false
10.0,2895,0.000155864,7.78934e-5,7.78934e-5,false
10.0,2901,0.000544644,0.000534063,0.000534063,false
10.0,2912,0.000145391,0.000111383,0.000111383,false
10.0,2913,0.000122619,0.000112055,0.000112055,false
10.0,2938,0.000111953,8.94085e-5,8.94085e-5,false
10.0,2939,8.93924e-5,8.89681e-5,8.89681e-5,false
10.0,2943,0.000134102,0.000133706,0.000133706,false
10.0,2946,0.00015644,Inf,Inf,false
10.0,2968,0.000155756,0.00014521,0.00014521,false
10.0,2974,0.000123014,Inf,Inf,false
10.0,2975,0.000156475,0.000133959,0.000133959,false
10.0,3007,6.71483e-5,Inf,Inf,false
10.0,3009,0.000145309,Inf,Inf,false
10.0,3010,0.000134297,0.000133724,0.000133724,false
10.0,3020,0.000189036,0.000144761,0.000144761,false
10.0,3024,0.000445313,0.00042275,0.00042275,false
10.0,3045,0.00018976,0.000188962,0.000188962,false
10.0,3046,0.000167009,0.000156508,0.000156508,false
10.0,3048,0.000145292,0.000122545,0.000122545,false
10.0,3050,6.68893e-5,Inf,Inf,false
10.0,3051,0.000223217,Inf,Inf,false
10.0,3068,0.000289534,0.000289484,0.000289484,false
10.0,3071,0.000189311,0.000156078,0.000156078,false
10.0,3072,8.91891e-5,Inf,Inf,false
10.0,3073,0.000167518,0.000144602,0.000144602,false
10.0,3076,0.000145167,0.000122797,0.000122797,false
10.0,3081,0.000156299,0.000122455,0.000122455,false
10.0,3085,0.000589245,0.000577943,0.000577943,false
10.0,3098,0.000167663,0.000156513,0.000156513,false
10.0,3100,8.94224e-5,6.706e-5,6.706e-5,false
10.0,3101,5.61971e-5,Inf,Inf,false
10.0,3104,8.93813e-5,Inf,Inf,false
10.0,3105,8.97117e-5,Inf,Inf,false
10.0,3106,8.8935e-5,Inf,Inf,false
10.0,3126,0.000122824,0.000100402,0.000100402,false
10.0,3131,0.000122928,0.000122396,0.000122396,false
10.0,3138,0.000134279,0.000133693,0.000133693,false
10.0,3161,0.000133947,Inf,Inf,false
10.0,3162,0.0001232,Inf,Inf,false
10.0,3163,0.000133558,0.000123192,0.000123192,false
10.0,3165,0.000144961,0.000122833,0.000122833,false
10.0,3166,0.000123179,8.899e-5,8.899e-5,false
10.0,3192,0.000100583,0.000100075,0.000100075,false
10.0,3194,0.000122409,Inf,Inf,false
10.0,3195,0.000166782,0.000155562,0.000155562,false
10.0,3199,0.000145386,0.000111115,0.000111115,false
10.0,3200,0.000200046,Inf,Inf,false
10.0,3202,0.000111307,Inf,Inf,false
10.0,3205,0.000134246,0.00012254,0.00012254,false
10.0,3207,0.000267297,0.000256365,0.000256365,false
10.0,3238,4.51588e-5,Inf,Inf,false
10.0,3243,4.53023e-5,Inf,Inf,false
10.0,3244,5.57576e-5,Inf,Inf,false
10.0,3245,0.000122644,0.000122263,0.000122263,false
10.0,3249,0.000133912,Inf,Inf,false
10.0,3252,0.000189209,0.000178389,0.000178389,false
10.0,3276,0.000100338,8.97615e-5,8.97615e-5,false
10.0,3283,5.60499e-5,Inf,Inf,false
10.0,3310,6.698e-5,Inf,Inf,false
10.0,3312,0.000123085,Inf,Inf,false
10.0,3321,0.000155877,0.000134009,0.000134009,false
10.0,3322,0.000100335,6.74819e-5,6.74819e-5,false
10.0,3335,0.000744522,0.000722523,0.000722523,false
10.0,3342,0.000167356,Inf,Inf,false
10.0,3351,0.000333678,0.000322965,0.000322965,false
10.0,3369,0.000333559,0.000323181,0.000323181,false
10.0,3373,7.79929e-5,Inf,Inf,false
10.0,3374,3.42824e-5,Inf,Inf,false
10.0,3375,3.39618e-5,Inf,Inf,false
10.0,3378,0.000155699,0.000122353,0.000122353,false
10.0,3396,0.000600975,0.00060054,0.00060054,false
10.0,3415,0.000189147,0.000177862,0.000177862,false
10.0,3417,0.000111737,Inf,Inf,false
10.0,3420,0.000111356,0.000100244,0.000100244,false
10.0,3424,6.74501e-5,Inf,Inf,false
10.0,3442,0.000456286,0.000445083,0.000445083,false
10.0,3446,0.000145111,7.81573e-5,7.81573e-5,false
10.0,3447,8.91593e-5,6.71734e-5,6.71734e-5,false
10.0,3451,0.00012285,Inf,Inf,false
10.0,3457,0.000111824,0.000111167,0.000111167,false
10.0,3484,0.000189143,Inf,Inf,false
10.0,3485,0.000145437,0.000134203,0.000134203,false
10.0,3488,0.000167373,Inf,Inf,false
10.0,3493,0.000122693,0.000100942,0.000100942,false
10.0,3525,0.000134185,0.000123045,0.000123045,false
10.0,3526,0.000111819,0.000111616,0.000111616,false
10.0,3545,0.000111578,7.87288e-5,7.87288e-5,false
10.0,3546,0.000122473,0.000100108,0.000100108,false
10.0,3548,0.000189807,Inf,Inf,false
10.0,3552,0.000144576,0.00012273,0.00012273,false
10.0,3555,0.000100532,7.85879e-5,7.85879e-5,false
10.0,3556,0.000256104,0.000256005,0.000256005,false
10.0,3580,0.000155764,0.000145044,0.000145044,false
10.0,3584,0.000111971,8.93059e-5,8.93059e-5,false
10.0,3585,0.000100579,0.000100095,0.000100095,false
10.0,3588,0.000155584,0.000100025,0.000100025,false
10.0,3591,0.000156544,Inf,Inf,false
10.0,3597,5.57568e-5,Inf,Inf,false
10.0,3600,0.000134162,0.000111506,0.000111506,false
10.0,3605,0.000622623,0.000566998,0.000566998,false
10.0,3609,0.000745375,0.000733691,0.000733691,false
10.0,3623,0.000133841,8.93059e-5,8.93059e-5,false
10.0,3632,0.000133953,Inf,Inf,false
10.0,3664,6.68649e-5,Inf,Inf,false
10.0,3665,7.85794e-5,Inf,Inf,false
10.0,3666,5.62557e-5,Inf,Inf,false
10.0,3671,0.000389224,0.000367239,0.000367239,false
10.0,3697,0.000111518,Inf,Inf,false
10.0,3702,0.00015618,Inf,Inf,false
10.0,3705,7.80623e-5,Inf,Inf,false
10.0,3707,0.000244479,0.000233374,0.000233374,false
10.0,3717,0.000678278,0.000622911,0.000622911,false
10.0,3735,0.000122532,0.000100751,0.000100751,false
10.0,3744,0.000111743,Inf,Inf,false
10.0,3745,0.000244787,0.000200768,0.000200768,false
10.0,3768,0.000156354,Inf,Inf,false
10.0,3772,7.83192e-5,Inf,Inf,false
10.0,3775,6.68402e-5,Inf,Inf,false
10.0,3800,0.000111176,Inf,Inf,false
10.0,3807,6.75831e-5,Inf,Inf,false
10.0,3808,7.7993e-5,Inf,Inf,false
10.0,3809,0.000122512,Inf,Inf,false
10.0,3810,0.000134291,0.000111166,0.000111166,false
10.0,3814,0.000389122,0.000367616,0.000367616,false
10.0,3840,0.000122892,0.000111339,0.000111339,false
10.0,3843,0.000122581,0.000111455,0.000111455,false
10.0,3844,0.000122965,Inf,Inf,false
10.0,3845,0.00010008,5.62184e-5,5.62184e-5,false
10.0,3849,6.69856e-5,3.39272e-5,3.39272e-5,false
10.0,3850,8.93669e-5,Inf,Inf,false
10.0,3861,0.000667138,0.000633529,0.000633529,false
10.0,3864,0.00076722,0.000722721,0.000722721,false
10.0,3876,0.000145313,Inf,Inf,false
10.0,3877,6.74087e-5,Inf,Inf,false
10.0,3880,0.000111172,Inf,Inf,false
10.0,3883,8.8958e-5,Inf,Inf,false
10.0,3885,6.68716e-5,Inf,Inf,false
10.0,3916,0.000123165,8.95001e-5,8.95001e-5,false
10.0,3919,0.000100787,Inf,Inf,false
10.0,3921,0.000100027,8.96514e-5,8.96514e-5,false
10.0,3923,0.000134273,Inf,Inf,false
10.0,3925,0.000134209,0.000111739,0.000111739,false
10.0,3951,0.000245096,0.000122979,0.000122979,false
10.0,3956,7.87019e-5,6.68155e-5,6.68155e-5,false
10.0,3980,0.0011004,0.000978275,0.000978275,false
10.0,3994,4.49957e-5,Inf,Inf,false
10.0,4028,8.89062e-5,Inf,Inf,false
10.0,4029,0.00015583,0.000111491,0.000111491,false
10.0,4038,0.000100291,8.93202e-5,8.93202e-5,false
10.0,4039,5.60297e-5,Inf,Inf,false
10.0,4058,7.78017e-5,Inf,Inf,false
10.0,4060,0.000111879,Inf,Inf,false
10.0,4067,0.000189585,0.000178333,0.000178333,false
10.0,4070,0.000111282,Inf,Inf,false
10.0,4098,0.000134312,0.000111765,0.000111765,false
10.0,4099,0.000177988,0.000156177,0.000156177,false
10.0,4100,0.000100788,8.94066e-5,8.94066e-5,false
10.0,4102,8.96858e-5,Inf,Inf,false
10.0,4107,0.000134055,0.000122787,0.000122787,false
10.0,4131,0.000156228,Inf,Inf,false
10.0,4132,0.000134215,0.000133774,0.000133774,false
10.0,4141,0.000111303,Inf,Inf,false
10.0,4143,0.000144565,Inf,Inf,false
10.0,4171,0.000400994,0.0004009,0.0004009,false
10.0,4174,0.000111225,Inf,Inf,false
10.0,4175,6.71597e-5,Inf,Inf,false
10.0,4182,0.000122562,8.98391e-5,8.98391e-5,false
10.0,4214,6.70038e-5,Inf,Inf,false
10.0,4217,3.34743e-5,Inf,Inf,false
10.0,4219,0.000189738,0.000111167,0.000111167,false
10.0,4220,0.00017876,Inf,Inf,false
10.0,4222,0.00013362,0.000123026,0.000123026,false
10.0,4256,0.000122391,0.000100587,0.000100587,false
10.0,4258,7.78667e-5,Inf,Inf,false
10.0,4267,0.000745374,0.00073419,0.00073419,false
10.0,4286,5.64176e-5,5.56966e-5,5.56966e-5,false
10.0,4288,7.80453e-5,6.72819e-5,6.72819e-5,false
10.0,4289,0.000234284,0.000234015,0.000234015,false
10.0,4318,0.000500752,0.000489694,0.000489694,false
10.0,4323,0.000166995,0.000145222,0.000145222,false
10.0,4325,4.44674e-5,Inf,Inf,false
10.0,4329,0.000155845,7.8538e-5,7.8538e-5,false
10.0,4368,0.000200483,0.000189171,0.000189171,false
10.0,4371,0.000145084,0.000123201,0.000123201,false
10.0,4372,0.000167339,0.000133737,0.000133737,false
10.0,4375,8.92687e-5,Inf,Inf,false
10.0,4379,7.78253e-5,6.7097e-5,6.7097e-5,false
10.0,4415,8.97096e-5,Inf,Inf,false
10.0,4419,0.000177887,0.000177801,0.000177801,false
10.0,4422,0.000111739,Inf,Inf,false
10.0,4423,0.000156023,0.000155687,0.000155687,false
10.0,4455,0.000211206,Inf,Inf,false
10.0,4459,0.000178446,0.000167233,0.000167233,false
10.0,4460,5.62625e-5,Inf,Inf,false
10.0,4461,0.000133889,Inf,Inf,false
10.0,4464,0.000100423,0.000100317,0.000100317,false
10.0,4467,0.000145129,0.000100925,0.000100925,false
10.0,4469,0.00040025,0.000400048,0.000400048,false
10.0,4497,0.000156291,0.000145084,0.000145084,false
10.0,4498,0.000122977,0.000111707,0.000111707,false
10.0,4499,6.74141e-5,Inf,Inf,false
10.0,4502,0.000167504,0.000155821,0.000155821,false
10.0,4532,0.00013407,0.000133981,0.000133981,false
10.0,4534,6.73786e-5,Inf,Inf,false
10.0,4536,0.000189737,Inf,Inf,false
10.0,4538,0.000100126,8.98102e-5,8.98102e-5,false
10.0,4539,7.86675e-5,6.74813e-5,6.74813e-5,false
10.0,4564,0.000411893,0.000400189,0.000400189,false
10.0,4572,0.000144633,0.000100728,0.000100728,false
10.0,4573,0.000122632,Inf,Inf,false
10.0,4575,0.000111639,0.000100759,0.000100759,false
10.0,4584,0.000100068,Inf,Inf,false
10.0,4586,0.000355596,0.000300825,0.000300825,false
10.0,4624,8.97726e-5,Inf,Inf,false
10.0,4661,0.00100074,0.000989334,0.000989334,false
10.0,4675,5.61957e-5,Inf,Inf,false
10.0,4686,0.000411819,0.000400048,0.000400048,false
10.0,4727,0.000189424,0.000188925,0.000188925,false
10.0,4756,0.000933417,0.000922811,0.000922811,false
10.0,4775,0.000156535,0.000156045,0.000156045,false
10.0,4778,0.00014446,7.78483e-5,7.78483e-5,false
10.0,4780,0.000134202,0.000122537,0.000122537,false
10.0,4781,4.44757e-5,Inf,Inf,false
10.0,4787,0.000100312,Inf,Inf,false
10.0,4788,0.000167467,0.000167066,0.000167066,false
10.0,4793,0.000178513,Inf,Inf,false
10.0,4821,0.000134169,0.000100582,0.000100582,false
10.0,4824,6.72375e-5,6.69784e-5,6.69784e-5,false
10.0,4827,0.000111208,Inf,Inf,false
10.0,4829,3.34606e-5,Inf,Inf,false
10.0,4832,8.94105e-5,6.71876e-5,6.71876e-5,false
10.0,4907,0.00108984,0.0010117,0.0010117,false
10.0,4914,0.000178637,Inf,Inf,false
10.0,4920,0.00011157,0.00010091,0.00010091,false
10.0,4925,0.000156116,0.000156029,0.000156029,false
10.0,4961,0.0002006,0.000166687,0.000166687,false
10.0,4965,0.000200577,Inf,Inf,false
10.0,4992,0.000445304,0.000433825,0.000433825,false
10.0,4994,0.000367344,0.00035631,0.00035631,false
10.0,4996,0.000156236,0.000100492,0.000100492,false
10.0,5009,0.000189433,0.00011175,0.00011175,false
10.0,5010,6.68217e-5,Inf,Inf,false
10.0,5059,0.000122913,0.000122712,0.000122712,false
10.0,5060,0.000122992,0.000122773,0.000122773,false
10.0,5062,0.000144996,0.000112056,0.000112056,false
10.0,5103,0.000156306,0.00013347,0.00013347,false
10.0,5110,4.53293e-5,Inf,Inf,false
10.0,5111,6.72842e-5,Inf,Inf,false
10.0,5118,0.000123012,Inf,Inf,false
10.0,5156,0.000167213,8.92578e-5,8.92578e-5,false
10.0,5158,0.000200029,0.000166707,0.000166707,false
10.0,5159,6.66779e-5,Inf,Inf,false
10.0,5160,5.61576e-5,Inf,Inf,false
10.0,5162,7.86833e-5,Inf,Inf,false
10.0,5163,0.000167099,0.000156019,0.000156019,false
10.0,5166,0.000156268,Inf,Inf,false
10.0,5202,0.000455617,0.000433442,0.000433442,false
10.0,5209,0.000145249,0.000133429,0.000133429,false
10.0,5212,0.0001454,0.000133767,0.000133767,false
10.0,5213,0.000133678,0.000122823,0.000122823,false
10.0,5214,0.000133946,0.00012288,0.00012288,false
10.0,5215,0.000123009,0.000122466,0.000122466,false
10.0,5217,0.000166978,0.000166891,0.000166891,false
10.0,5219,0.000133681,0.000123018,0.000123018,false
10.0,5221,0.000145,8.92012e-5,8.92012e-5,false
10.0,5225,0.00017877,0.000111814,0.000111814,false
10.0,5226,0.000133432,0.000111231,0.000111231,false
10.0,5238,0.000944949,0.000845369,0.000845369,false
10.0,5261,0.00106747,0.00105578,0.00105578,false
10.0,5269,8.94505e-5,Inf,Inf,false
10.0,5270,5.6257e-5,Inf,Inf,false
10.0,5271,0.000111584,Inf,Inf,false
10.0,5275,0.000100052,Inf,Inf,false
10.0,5277,6.69584e-5,Inf,Inf,false
10.0,5283,0.000145229,0.000134325,0.000134325,false
10.0,5310,0.000100165,7.7912e-5,7.7912e-5,false
10.0,5312,0.000145313,0.000133651,0.000133651,false
10.0,5313,8.90769e-5,Inf,Inf,false
10.0,5314,8.95677e-5,Inf,Inf,false
10.0,5315,0.00010035,0.000100192,0.000100192,false
10.0,5347,0.000389564,0.000377881,0.000377881,false
10.0,5349,0.000156214,Inf,Inf,false
10.0,5350,0.000144998,Inf,Inf,false
10.0,5351,0.000177966,0.000166698,0.000166698,false
10.0,5354,7.85572e-5,Inf,Inf,false
10.0,5357,0.00012271,Inf,Inf,false
10.0,5395,0.000133959,0.000100841,0.000100841,false
10.0,5398,0.000189619,0.000122466,0.000122466,false
10.0,5400,0.000122469,8.95707e-5,8.95707e-5,false
10.0,5413,0.000733874,0.000611767,0.000611767,false
10.0,5441,0.00105599,0.00102316,0.00102316,false
10.0,5445,0.000189108,0.000166823,0.000166823,false
10.0,5446,0.000156475,0.000155935,0.000155935,false
10.0,5448,7.8446e-5,7.77943e-5,7.77943e-5,false
10.0,5454,0.000122502,Inf,Inf,false
10.0,5455,0.000167404,Inf,Inf,false
10.0,5464,0.000811683,0.000800429,0.000800429,false
10.0,5500,0.000145345,0.000144579,0.000144579,false
10.0,5502,0.000122931,Inf,Inf,false
10.0,5506,0.000144951,0.000100776,0.000100776,false
10.0,5543,0.000189579,Inf,Inf,false
10.0,5546,0.000223191,Inf,Inf,false
10.0,5551,6.75018e-5,Inf,Inf,false
10.0,5553,0.000123107,0.000122416,0.000122416,false
10.0,5590,0.000133618,0.000122877,0.000122877,false
10.0,5592,0.000156191,0.000145433,0.000145433,false
10.0,5596,6.75284e-5,Inf,Inf,false
10.0,5599,0.000167411,Inf,Inf,false
10.0,5600,0.000123043,7.84379e-5,7.84379e-5,false
10.0,5642,0.000133863,8.95235e-5,8.95235e-5,false
10.0,5650,7.78589e-5,6.75061e-5,6.75061e-5,false
10.0,5661,0.000456159,0.000455967,0.000455967,false
10.0,5712,5.56632e-5,Inf,Inf,false
10.0,5715,0.000123213,0.000112085,0.000112085,false
10.0,5717,0.000155648,0.000144794,0.000144794,false
10.0,5753,0.000644658,0.000622789,0.000622789,false
10.0,5764,5.61335e-5,Inf,Inf,false
10.0,5772,0.000156462,Inf,Inf,false
10.0,5775,6.73725e-5,Inf,Inf,false
10.0,5779,0.000134064,0.000133892,0.000133892,false
10.0,5782,0.000356136,0.000344629,0.000344629,false
10.0,5799,0.0012563,0.00120075,0.00120075,false
10.0,5812,0.00023349,0.000166961,0.000166961,false
10.0,5816,0.000178104,7.79649e-5,7.79649e-5,false
10.0,5818,0.000111629,Inf,Inf,false
10.0,5822,0.00014479,0.000134086,0.000134086,false
10.0,5823,7.79195e-5,Inf,Inf,false
10.0,5825,0.000155882,0.000122823,0.000122823,false
10.0,5826,0.000156023,0.000134148,0.000134148,false
10.0,5872,8.96884e-5,7.7912e-5,7.7912e-5,false
10.0,5873,0.000200125,Inf,Inf,false
10.0,5874,0.000111725,Inf,Inf,false
10.0,5878,0.000178534,0.000133651,0.000133651,false
10.0,5880,0.000167205,0.000155604,0.000155604,false
10.0,5882,7.81919e-5,Inf,Inf,false
10.0,5887,0.000111757,0.000100254,0.000100254,false
10.0,5891,0.000289344,0.000233932,0.000233932,false
10.0,5931,0.000100312,7.87121e-5,7.87121e-5,false
10.0,5941,5.63494e-5,Inf,Inf,false
10.0,5942,0.000111968,Inf,Inf,false
10.0,5944,0.000145425,Inf,Inf,false
10.0,5965,0.00120061,0.00117855,0.00117855,false
10.0,5993,7.82565e-5,Inf,Inf,false
10.0,6008,0.00133372,0.00120002,0.00120002,false
10.0,6034,0.000167242,0.000155636,0.000155636,false
10.0,6037,0.000134164,Inf,Inf,false
10.0,6042,0.000178453,0.000134139,0.000134139,false
10.0,6046,8.97302e-5,6.69545e-5,6.69545e-5,false
10.0,6047,0.000111661,Inf,Inf,false
10.0,6052,0.000155685,0.000123109,0.000123109,false
10.0,6106,0.000111297,0.000100256,0.000100256,false
10.0,6108,0.000122653,0.000111902,0.000111902,false
10.0,6175,0.000111271,8.89232e-5,8.89232e-5,false
10.0,6178,8.95963e-5,7.873e-5,7.873e-5,false
10.0,6179,8.9407e-5,Inf,Inf,false
10.0,6185,0.000111439,8.95049e-5,8.95049e-5,false
10.0,6187,0.00014497,0.000100219,0.000100219,false
10.0,6190,0.000145376,Inf,Inf,false
10.0,6191,0.00013399,0.000122677,0.000122677,false
10.0,6232,0.000123006,Inf,Inf,false
10.0,6233,0.000123109,0.00012259,0.00012259,false
10.0,6254,0.000655756,0.00062317,0.00062317,false
10.0,6287,0.00010067,Inf,Inf,false
10.0,6290,0.000145169,8.92452e-5,8.92452e-5,false
10.0,6295,0.000134132,0.000133524,0.000133524,false
10.0,6332,0.00108988,0.00102258,0.00102258,false
10.0,6347,0.000100092,8.95049e-5,8.95049e-5,false
10.0,6348,7.85181e-5,Inf,Inf,false
10.0,6350,0.000111474,7.84865e-5,7.84865e-5,false
10.0,6352,0.000100429,0.00010002,0.00010002,false
10.0,6400,0.000367277,0.000345197,0.000345197,false
10.0,6407,0.000167166,0.000167126,0.000167126,false
10.0,6408,0.000100556,0.000100386,0.000100386,false
10.0,6413,0.000134284,0.000111768,0.000111768,false
10.0,6417,0.000278379,0.00024507,0.00024507,false
10.0,6444,0.00125575,0.00122318,0.00122318,false
10.0,6456,0.000222708,0.0002001,0.0002001,false
10.0,6457,0.000100669,Inf,Inf,false
10.0,6494,0.00116727,0.00114507,0.00114507,false
10.0,6518,0.000133846,0.000122868,0.000122868,false
10.0,6519,0.000134113,Inf,Inf,false
10.0,6521,0.000156052,Inf,Inf,false
10.0,6524,0.000800567,0.000789453,0.000789453,false
10.0,6563,0.000156468,0.000145081,0.000145081,false
10.0,6571,0.000112097,0.000111814,0.000111814,false
10.0,6609,6.72355e-5,Inf,Inf,false
10.0,6613,0.000167221,Inf,Inf,false
10.0,6653,0.000845045,0.000823062,0.000823062,false
10.0,6663,0.000100829,Inf,Inf,false
10.0,6667,3.36709e-5,Inf,Inf,false
10.0,6669,0.000123038,Inf,Inf,false
10.0,6672,0.000111818,6.69916e-5,6.69916e-5,false
10.0,6673,7.8136e-5,Inf,Inf,false
10.0,6677,0.000122365,Inf,Inf,false
10.0,6703,0.00126765,0.00124528,0.00124528,false
10.0,6722,8.93533e-5,7.82974e-5,7.82974e-5,false
10.0,6726,0.000123041,Inf,Inf,false
10.0,6727,0.00013392,0.000111212,0.000111212,false
10.0,6729,0.000211683,0.000211204,0.000211204,false
10.0,6778,0.000133746,Inf,Inf,false
10.0,6780,6.7049e-5,Inf,Inf,false
10.0,6781,0.000134166,Inf,Inf,false
10.0,6785,0.000100957,Inf,Inf,false
10.0,6826,0.000133983,0.000122463,0.000122463,false
10.0,6827,4.5187e-5,Inf,Inf,false
10.0,6828,0.000167328,Inf,Inf,false
10.0,6836,0.000200504,0.000178578,0.000178578,false
10.0,6857,0.00124525,0.00121117,0.00121117,false
10.0,6880,0.000122226,Inf,Inf,false
10.0,6881,3.39768e-5,Inf,Inf,false
10.0,6883,5.65131e-5,Inf,Inf,false
10.0,6887,6.73244e-5,Inf,Inf,false
10.0,6901,0.000955786,0.000933793,0.000933793,false
10.0,6925,0.00011183,Inf,Inf,false
10.0,6927,0.000100695,Inf,Inf,false
10.0,6930,0.000100088,Inf,Inf,false
10.0,6933,0.000167016,Inf,Inf,false
10.0,6935,6.68268e-5,Inf,Inf,false
10.0,6987,0.00011208,Inf,Inf,false
10.0,6991,8.96653e-5,Inf,Inf,false
10.0,7051,0.000100145,Inf,Inf,false
10.0,7054,7.78713e-5,Inf,Inf,false
10.0,7055,8.97407e-5,8.90268e-5,8.90268e-5,false
10.0,7078,0.00134447,0.00126692,0.00126692,false
10.0,7096,7.83769e-5,6.70142e-5,6.70142e-5,false
10.0,7097,8.93821e-5,Inf,Inf,false
10.0,7098,0.000111669,8.98614e-5,8.98614e-5,false
10.0,7099,8.91493e-5,Inf,Inf,false
10.0,7101,0.000100484,Inf,Inf,false
10.0,7107,0.000100062,Inf,Inf,false
10.0,7150,0.000111629,0.000100302,0.000100302,false
10.0,7152,0.000134131,Inf,Inf,false
10.0,7154,0.000144446,Inf,Inf,false
10.0,7158,0.000144844,0.000133466,0.000133466,false
10.0,7160,0.000122722,Inf,Inf,false
10.0,7202,0.00018966,0.000156347,0.000156347,false
10.0,7205,0.000100952,0.000100419,0.000100419,false
10.0,7257,0.000122492,0.000111306,0.000111306,false
10.0,7258,8.9412e-5,Inf,Inf,false
10.0,7260,0.000145015,0.000133462,0.000133462,false
10.0,7267,0.000133528,Inf,Inf,false
10.0,7268,0.000122277,0.000112062,0.000112062,false
10.0,7308,0.00123415,0.00122306,0.00122306,false
10.0,7321,8.95561e-5,Inf,Inf,false
10.0,7323,6.71701e-5,Inf,Inf,false
10.0,7325,7.81854e-5,Inf,Inf,false
10.0,7327,0.000156105,0.000133382,0.000133382,false
10.0,7341,0.001223,0.00120086,0.00120086,false
10.0,7415,0.000134158,7.83256e-5,7.83256e-5,false
10.0,7416,0.000133407,Inf,Inf,false
10.0,7420,0.000122698,0.000111443,0.000111443,false
10.0,7428,0.000845284,0.000778031,0.000778031,false
10.0,7463,0.000144725,0.000122585,0.000122585,false
10.0,7467,0.00010076,8.95398e-5,8.95398e-5,false
10.0,7469,0.000100995,Inf,Inf,false
10.0,7472,0.000112004,0.000111199,0.000111199,false
10.0,7511,0.00128981,0.00126742,0.00126742,false
10.0,7533,0.000133824,0.000133391,0.000133391,false
10.0,7539,5.61594e-5,Inf,Inf,false
10.0,7540,0.000167212,Inf,Inf,false
10.0,7567,0.00133386,0.00130049,0.00130049,false
10.0,7591,0.000366773,0.000344823,0.000344823,false
10.0,7595,0.0001667,Inf,Inf,false
10.0,7597,0.000133802,0.000122384,0.000122384,false
10.0,7605,0.00011189,0.000111228,0.000111228,false
10.0,7609,0.000223194,0.000167525,0.000167525,false
10.0,7664,0.000212034,Inf,Inf,false
10.0,7665,6.7531e-5,Inf,Inf,false
10.0,7669,0.000111945,Inf,Inf,false
10.0,7683,0.000967659,0.000966865,0.000966865,false
10.0,7711,0.000644995,0.000644768,0.000644768,false
10.0,7716,0.000111294,8.96615e-5,8.96615e-5,false
10.0,7719,7.85539e-5,Inf,Inf,false
10.0,7723,0.000122415,0.000111144,0.000111144,false
10.0,7724,0.000155949,Inf,Inf,false
10.0,7766,0.0010227,0.00102241,0.00102241,false
10.0,7768,0.00106699,0.00100074,0.00100074,false
10.0,7780,0.000111195,Inf,Inf,false
10.0,7784,0.000145269,0.00013343,0.00013343,false
10.0,7793,0.000300962,0.000267323,0.000267323,false
10.0,7841,0.000111439,0.000111293,0.000111293,false
10.0,7846,0.000134136,7.83222e-5,7.83222e-5,false
10.0,7848,0.000122816,8.93591e-5,8.93591e-5,false
10.0,7849,0.00010068,8.90416e-5,8.90416e-5,false
10.0,7898,7.78256e-5,4.47658e-5,4.47658e-5,false
10.0,7905,8.89165e-5,Inf,Inf,false
10.0,7906,6.74372e-5,Inf,Inf,false
10.0,7908,0.000267241,0.000111484,0.000111484,false
10.0,7968,7.78962e-5,Inf,Inf,false
10.0,7969,8.93908e-5,7.79703e-5,7.79703e-5,false
10.0,7970,6.71345e-5,Inf,Inf,false
10.0,7977,7.82644e-5,Inf,Inf,false
10.0,8023,0.000200894,0.000189135,0.000189135,false
10.0,8029,0.000145388,0.000134206,0.000134206,false
10.0,8050,0.00113398,0.00111196,0.00111196,false
10.0,8089,0.000111938,0.000100015,0.000100015,false
10.0,8099,0.000112079,0.000111416,0.000111416,false
10.0,8101,0.000122983,0.000122242,0.000122242,false
10.0,8135,0.00136724,0.00133391,0.00133391,false
10.0,8159,0.000166887,Inf,Inf,false
10.0,8161,0.000156379,Inf,Inf,false
10.0,8164,0.000133514,0.000122331,0.000122331,false
10.0,8166,0.00011121,7.80109e-5,7.80109e-5,false
10.0,8168,8.91287e-5,Inf,Inf,false
10.0,8169,7.86204e-5,Inf,Inf,false
10.0,8218,0.000145373,0.000111875,0.000111875,false
10.0,8221,2.25111e-5,Inf,Inf,false
10.0,8226,4.44966e-5,Inf,Inf,false
10.0,8267,0.000145288,Inf,Inf,false
10.0,8268,0.000111883,0.000100226,0.000100226,false
10.0,8271,0.000112021,Inf,Inf,false
10.0,8274,0.0001116,8.95689e-5,8.95689e-5,false
10.0,8305,0.00132246,0.00115574,0.00115574,false
10.0,8338,0.000133492,Inf,Inf,false
10.0,8341,8.93457e-5,Inf,Inf,false
10.0,8384,0.00145563,0.00106745,0.00106745,false
10.0,8389,0.00132294,0.00130063,0.00130063,false
10.0,8399,0.000222751,0.000211411,0.000211411,false
10.0,8402,0.000155997,Inf,Inf,false
10.0,8405,0.000134212,Inf,Inf,false
10.0,8406,0.00010083,Inf,Inf,false
10.0,8410,0.000100378,8.9381e-5,8.9381e-5,false
10.0,8411,0.000134263,Inf,Inf,false
10.0,8414,0.000278289,0.00026756,0.00026756,false
10.0,8448,0.000289699,0.000267005,0.000267005,false
10.0,8449,0.000167413,0.0001561,0.0001561,false
10.0,8453,6.68214e-5,Inf,Inf,false
10.0,8454,0.000100283,Inf,Inf,false
10.0,8458,0.000144476,0.000122256,0.000122256,false
10.0,8465,0.00084523,0.000811522,0.000811522,false
10.0,8476,0.00113386,0.00112274,0.00112274,false
10.0,8502,0.000155648,0.000144709,0.000144709,false
10.0,8504,8.95032e-5,7.87473e-5,7.87473e-5,false
10.0,8507,0.000100143,7.87572e-5,7.87572e-5,false
10.0,8512,0.000145026,0.000133382,0.000133382,false
10.0,8513,7.81831e-5,Inf,Inf,false
10.0,8569,0.000144702,0.000144571,0.000144571,false
10.0,8571,7.83291e-5,Inf,Inf,false
10.0,8577,0.000167424,Inf,Inf,false
10.0,8578,0.000134082,0.000123179,0.000123179,false
10.0,8579,0.000100164,8.89721e-5,8.89721e-5,false
10.0,8611,0.0012453,0.00122317,0.00122317,false
10.0,8636,0.00020082,0.000200133,0.000200133,false
10.0,8638,8.97714e-5,8.90435e-5,8.90435e-5,false
10.0,8640,0.000122958,0.000111753,0.000111753,false
10.0,8660,0.00112288,0.00111209,0.00111209,false
10.0,8687,0.000123125,0.000122585,0.000122585,false
10.0,8691,8.89747e-5,Inf,Inf,false
10.0,8692,8.96148e-5,Inf,Inf,false
10.0,8701,0.000111326,Inf,Inf,false
10.0,8752,8.94738e-5,7.85259e-5,7.85259e-5,false
10.0,8756,0.000156551,0.000144983,0.000144983,false
10.0,8758,0.000155558,Inf,Inf,false
10.0,8759,0.000112089,0.000111396,0.000111396,false
10.0,8818,0.000189411,Inf,Inf,false
10.0,8819,0.000134,Inf,Inf,false
10.0,8821,8.91634e-5,Inf,Inf,false
10.0,8825,0.000100261,Inf,Inf,false
10.0,8847,0.00114491,0.00112295,0.00112295,false
10.0,8877,8.92352e-5,8.92045e-5,8.92045e-5,false
10.0,8880,6.7561e-5,Inf,Inf,false
10.0,8881,0.000134061,0.000112074,0.000112074,false
10.0,8882,0.000156419,Inf,Inf,false
10.0,8885,0.000134286,0.000133337,0.000133337,false
10.0,8886,0.000133351,Inf,Inf,false
10.0,8945,0.000144608,0.00013346,0.00013346,false
10.0,8951,0.000133882,Inf,Inf,false
10.0,8980,0.00125591,0.00122225,0.00122225,false
10.0,9009,0.000100967,7.79001e-5,7.79001e-5,false
10.0,9011,0.000189173,0.000134162,0.000134162,false
10.0,9015,0.000111207,Inf,Inf,false
10.0,9068,0.000123051,0.00011205,0.00011205,false
10.0,9074,0.000144646,Inf,Inf,false
10.0,9076,0.000144586,0.000122271,0.000122271,false
10.0,9078,0.000256335,0.000234035,0.000234035,false
10.0,9080,0.000111433,0.000111139,0.000111139,false
10.0,9082,0.000167098,0.00015574,0.00015574,false
10.0,9183,0.000844751,0.000812063,0.000812063,false
10.0,9189,0.000367068,0.000366849,0.000366849,false
10.0,9192,5.56371e-5,Inf,Inf,false
10.0,9193,8.97062e-5,Inf,Inf,false
10.0,9200,3.33977e-5,Inf,Inf,false
10.0,9202,0.000122244,0.000100014,0.000100014,false
10.0,9203,0.000134101,0.000123179,0.000123179,false
10.0,9204,0.000133483,0.000100521,0.000100521,false
10.0,9205,0.000111584,Inf,Inf,false
10.0,9256,0.0008231,0.000822899,0.000822899,false
10.0,9267,0.00016758,Inf,Inf,false
10.0,9275,0.000112071,Inf,Inf,false
10.0,9281,0.00084523,0.000844974,0.000844974,false
10.0,9293,0.00112269,0.00111195,0.00111195,false
10.0,9320,0.00083413,0.000800848,0.000800848,false
10.0,9324,0.000111745,8.96689e-5,8.96689e-5,false
10.0,9325,0.000112104,Inf,Inf,false
10.0,9328,8.90585e-5,Inf,Inf,false
10.0,9332,0.000144872,0.000122704,0.000122704,false
10.0,9334,0.000111278,Inf,Inf,false
10.0,9391,0.000111353,8.89084e-5,8.89084e-5,false
10.0,9392,0.000145006,0.000111292,0.000111292,false
10.0,9395,0.00013426,0.000123008,0.000123008,false
10.0,9402,0.000100928,Inf,Inf,false
10.0,9418,0.00124503,0.00117863,0.00117863,false
10.0,9441,8.95841e-5,Inf,Inf,false
10.0,9443,0.000134184,6.74372e-5,6.74372e-5,false
10.0,9444,0.000111621,Inf,Inf,false
10.0,9447,0.000122366,Inf,Inf,false
10.0,9448,5.59235e-5,Inf,Inf,false
10.0,9449,5.6188e-5,Inf,Inf,false
10.0,9451,0.000200405,0.000178339,0.000178339,false
10.0,9495,0.000100898,0.000100394,0.000100394,false
10.0,9501,0.000144679,0.000111742,0.000111742,false
10.0,9564,7.86205e-5,7.78715e-5,7.78715e-5,false
10.0,9568,0.00011141,8.98445e-5,8.98445e-5,false
10.0,9623,0.000122643,0.000100412,0.000100412,false
10.0,9625,8.95478e-5,7.79517e-5,7.79517e-5,false
10.0,9626,0.000100671,Inf,Inf,false
10.0,9627,0.0001228,8.91284e-5,8.91284e-5,false
10.0,9630,8.93243e-5,7.82561e-5,7.82561e-5,false
10.0,9631,0.000189665,Inf,Inf,false
10.0,9640,0.000244629,0.000211139,0.000211139,false
10.0,9645,0.000467364,0.000466813,0.000466813,false
10.0,9705,0.000123154,8.89907e-5,8.89907e-5,false
10.0,9706,0.000133652,0.00012266,0.00012266,false
10.0,9709,0.000100058,8.90709e-5,8.90709e-5,false
10.0,9776,0.00011151,8.90709e-5,8.90709e-5,false
10.0,9829,0.000122871,0.00011172,0.00011172,false
10.0,9832,0.000200343,0.000145317,0.000145317,false
10.0,9840,0.000134316,0.000111799,0.000111799,false
10.0,9860,0.00115606,0.0011228,0.0011228,false
10.0,9871,0.00112304,0.00111177,0.00111177,false
10.0,9896,0.00013339,Inf,Inf,false
10.0,9955,0.000111531,8.89969e-5,8.89969e-5,false
10.0,9969,0.00112317,0.00112311,0.00112311,false
10.0,10016,0.000167178,0.000166837,0.000166837,false
10.0,10018,0.000111661,Inf,Inf,false
10.0,10019,0.000100508,7.87587e-5,7.87587e-5,false
10.0,10023,8.89829e-5,5.59225e-5,5.59225e-5,false
10.0,10090,0.000166679,0.00015611,0.00015611,false
10.0,10092,0.00016695,0.000111394,0.000111394,false
10.0,10095,0.000189668,0.000189101,0.000189101,false
10.0,10111,0.00122306,0.0012226,0.0012226,false
10.0,10117,0.00123431,0.00120081,0.00120081,false
10.0,10141,0.000156367,8.94256e-5,8.94256e-5,false
10.0,10144,0.000122831,Inf,Inf,false
10.0,10147,0.000145232,0.000111695,0.000111695,false
10.0,10154,0.000134309,0.00013397,0.00013397,false
10.0,10155,0.000133987,0.000111543,0.000111543,false
10.0,10156,0.000122588,0.000122271,0.000122271,false
10.0,10178,0.00116683,0.00113421,0.00113421,false
10.0,10197,7.83706e-5,7.83187e-5,7.83187e-5,false
10.0,10198,0.000144721,Inf,Inf,false
10.0,10200,0.000200553,Inf,Inf,false
10.0,10204,3.33368e-5,Inf,Inf,false
10.0,10206,0.000134039,0.000122702,0.000122702,false
10.0,10208,5.56446e-5,Inf,Inf,false
10.0,10210,0.000311767,0.000278006,0.000278006,false
10.0,10269,0.00013355,0.000122306,0.000122306,false
10.0,10270,0.000112032,0.000111815,0.000111815,false
10.0,10271,0.000123115,Inf,Inf,false
10.0,10332,0.000167576,0.000144541,0.000144541,false
10.0,10334,0.000156384,Inf,Inf,false
10.0,10335,0.000112011,0.000111419,0.000111419,false
10.0,10336,0.000189652,0.000189105,0.000189105,false
10.0,10342,0.000100021,Inf,Inf,false
10.0,10344,0.000122276,8.9125e-5,8.9125e-5,false
10.0,10345,0.000155925,Inf,Inf,false
10.0,10346,6.72775e-5,6.68072e-5,6.68072e-5,false
10.0,10356,0.00105619,0.00105562,0.00105562,false
10.0,10389,0.000144665,Inf,Inf,false
10.0,10397,0.000134176,Inf,Inf,false
10.0,10401,0.000111984,0.000111701,0.000111701,false
10.0,10403,7.83958e-5,7.81776e-5,7.81776e-5,false
10.0,10455,0.000155881,Inf,Inf,false
10.0,10458,0.000144607,Inf,Inf,false
10.0,10462,0.000111206,7.81842e-5,7.81842e-5,false
10.0,10463,0.000122639,0.000122256,0.000122256,false
10.0,10464,0.000134118,Inf,Inf,false
10.0,10499,0.00114525,0.00110063,0.00110063,false
10.0,10515,0.000144765,Inf,Inf,false
10.0,10555,0.00128957,0.00127872,0.00127872,false
10.0,10573,0.00104479,0.00101206,0.00101206,false
10.0,10588,0.000189132,0.000134126,0.000134126,false
10.0,10589,6.72676e-5,Inf,Inf,false
10.0,10591,0.00012286,Inf,Inf,false
10.0,10596,0.000422897,0.000400569,0.000400569,false
10.0,10619,0.00110038,0.0010786,0.0010786,false
10.0,10628,0.000967664,0.000955823,0.000955823,false
10.0,10629,0.000945318,0.000944556,0.000944556,false
10.0,10634,0.000122534,0.000100218,0.000100218,false
10.0,10642,0.000133581,0.000133481,0.000133481,false
10.0,10644,0.000100853,Inf,Inf,false
10.0,10657,0.00111204,0.001089,0.001089,false
10.0,10721,0.00094469,0.000933516,0.000933516,false
10.0,10762,0.000111512,0.000100299,0.000100299,false
10.0,10767,7.87333e-5,Inf,Inf,false
10.0,10768,0.000122901,0.000111526,0.000111526,false
10.0,10770,7.78223e-5,Inf,Inf,false
10.0,10771,7.82444e-5,6.69355e-5,6.69355e-5,false
10.0,10773,0.000200941,0.000189826,0.000189826,false
10.0,10810,0.00104472,0.00103417,0.00103417,false
10.0,10817,0.000112102,0.00011117,0.00011117,false
10.0,10819,0.000133937,8.97864e-5,8.97864e-5,false
10.0,10821,0.000200167,Inf,Inf,false
10.0,10823,0.000155928,Inf,Inf,false
10.0,10824,0.000111538,Inf,Inf,false
10.0,10826,7.87257e-5,Inf,Inf,false
10.0,10827,0.000200852,0.000177952,0.000177952,false
10.0,10829,0.000156034,0.000145322,0.000145322,false
10.0,10896,6.68984e-5,Inf,Inf,false
10.0,10897,0.000111793,0.000111229,0.000111229,false
10.0,10898,0.000134322,0.000122962,0.000122962,false
10.0,10900,0.000189807,Inf,Inf,false
10.0,10905,0.000156025,0.000145284,0.000145284,false
10.0,10906,7.83925e-5,6.68715e-5,6.68715e-5,false
10.0,10921,0.0012121,0.00112296,0.00112296,false
10.0,10933,0.00122269,0.0011783,0.0011783,false
10.0,10962,7.86023e-5,Inf,Inf,false
10.0,10967,6.73439e-5,6.68153e-5,6.68153e-5,false
10.0,10968,8.90147e-5,7.82404e-5,7.82404e-5,false
10.0,10970,5.56297e-5,Inf,Inf,false
10.0,11030,0.000200903,0.000178681,0.000178681,false
10.0,11038,0.000156396,8.98834e-5,8.98834e-5,false
10.0,11041,7.8427e-5,7.82897e-5,7.82897e-5,false
10.0,11046,8.89929e-5,Inf,Inf,false
10.0,11102,0.000167136,0.000156303,0.000156303,false
10.0,11105,0.000133568,7.87128e-5,7.87128e-5,false
10.0,11113,8.95834e-5,8.88942e-5,8.88942e-5,false
10.0,11149,0.00132297,0.00114458,0.00114458,false
10.0,11155,0.00116723,0.00115628,0.00115628,false
10.0,11173,7.81401e-5,Inf,Inf,false
10.0,11174,0.000156055,0.000134021,0.000134021,false
10.0,11184,0.000367154,0.000366729,0.000366729,false
10.0,11241,0.000711955,0.00067808,0.00067808,false
10.0,11250,0.000100518,Inf,Inf,false
10.0,11294,0.000211807,0.000211118,0.000211118,false
10.0,11298,5.64387e-5,Inf,Inf,false
10.0,11333,0.00121155,0.00120077,0.00120077,false
10.0,11356,0.000156054,Inf,Inf,false
10.0,11357,0.000133718,0.0001229,0.0001229,false
10.0,11358,0.00010092,Inf,Inf,false
10.0,11360,0.00011191,8.91474e-5,8.91474e-5,false
10.0,11362,0.00012242,Inf,Inf,false
10.0,11368,0.00012233,0.000100294,0.000100294,false
10.0,11417,0.000956039,0.000923212,0.000923212,false
10.0,11425,0.000122976,Inf,Inf,false
10.0,11429,7.84884e-5,Inf,Inf,false
10.0,11432,5.57296e-5,Inf,Inf,false
10.0,11434,0.000100338,8.89927e-5,8.89927e-5,false
10.0,11442,0.00048919,0.000478592,0.000478592,false
10.0,11494,0.000156123,0.000145229,0.000145229,false
10.0,11499,0.000122573,0.000122272,0.000122272,false
10.0,11500,0.000133488,Inf,Inf,false
10.0,11505,8.97143e-5,Inf,Inf,false
10.0,11507,0.00017874,0.00013406,0.00013406,false
10.0,11514,0.00106755,0.00102299,0.00102299,false
10.0,11516,0.00106673,0.00104533,0.00104533,false
10.0,11537,0.0012562,0.00123423,0.00123423,false
10.0,11542,0.00110071,0.00108935,0.00108935,false
10.0,11549,0.001178,0.00114456,0.00114456,false
10.0,11561,0.000156118,0.000156112,0.000156112,false
10.0,11572,0.00111135,0.00108985,0.00108985,false
10.0,11580,0.00130051,0.0011672,0.0011672,false
10.0,11632,7.8499e-5,7.83077e-5,7.83077e-5,false
10.0,11698,0.000267206,0.00021126,0.00021126,false
10.0,11709,0.000178249,Inf,Inf,false
10.0,11754,0.00122226,0.00118894,0.00118894,false
10.0,11786,2.2475e-5,Inf,Inf,false
10.0,11788,0.000111465,7.80485e-5,7.80485e-5,false
10.0,11790,0.000100783,Inf,Inf,false
10.0,11850,8.89502e-5,7.85033e-5,7.85033e-5,false
10.0,11851,0.000134143,0.000123118,0.000123118,false
10.0,11853,3.4274e-5,Inf,Inf,false
10.0,11868,0.00136737,0.0011337,0.0011337,false
10.0,11890,0.000644587,0.00062318,0.00062318,false
10.0,11902,0.000111856,0.0001005,0.0001005,false
10.0,11903,0.000100863,8.97308e-5,8.97308e-5,false
10.0,11904,0.000100044,Inf,Inf,false
10.0,11905,0.00013357,Inf,Inf,false
10.0,11907,0.000156335,Inf,Inf,false
10.0,11958,0.00122247,0.00110023,0.00110023,false
10.0,11975,0.000178705,0.00017832,0.00017832,false
10.0,11988,8.92954e-5,5.63472e-5,5.63472e-5,false
10.0,11995,0.00046753,0.000467133,0.000467133,false
10.0,12001,0.000755862,0.000745045,0.000745045,false
10.0,12048,0.0011559,0.00102322,0.00102322,false
10.0,12061,6.7092e-5,Inf,Inf,false
10.0,12068,0.000245276,0.000223137,0.000223137,false
10.0,12128,7.81701e-5,Inf,Inf,false
10.0,12130,0.000111944,0.000100687,0.000100687,false
10.0,12132,6.67501e-5,Inf,Inf,false
10.0,12136,0.000111502,Inf,Inf,false
10.0,12203,5.64738e-5,Inf,Inf,false
10.0,12206,0.000167427,0.00013406,0.00013406,false
10.0,12212,0.00111187,0.00106752,0.00106752,false
10.0,12258,0.000112068,0.000111933,0.000111933,false
10.0,12259,6.68752e-5,Inf,Inf,false
10.0,12265,7.84972e-5,Inf,Inf,false
10.0,12317,0.000189609,0.000178736,0.000178736,false
10.0,12330,0.00037862,0.000378272,0.000378272,false
10.0,12354,0.00125621,0.00123345,0.00123345,false
10.0,12400,0.000166791,0.000100114,0.000100114,false
10.0,12407,0.000100947,Inf,Inf,false
10.0,12409,0.000134279,7.8027e-5,7.8027e-5,false
10.0,12432,0.00136716,0.00113415,0.00113415,false
10.0,12469,0.000167522,Inf,Inf,false
10.0,12472,0.00013358,0.000100883,0.000100883,false
10.0,12488,0.00113389,0.00112283,0.00112283,false
10.0,12523,0.00110068,0.00107855,0.00107855,false
10.0,12537,0.000111551,8.94781e-5,8.94781e-5,false
10.0,12539,0.000166771,0.000156175,0.000156175,false
10.0,12543,0.000145268,0.000122369,0.000122369,false
10.0,12544,0.000200494,Inf,Inf,false
10.0,12546,0.000100484,Inf,Inf,false
10.0,12587,0.00122226,0.00115592,0.00115592,false
10.0,12591,0.00112295,0.00111191,0.00111191,false
10.0,12612,0.00010012,8.96043e-5,8.96043e-5,false
10.0,12614,7.81275e-5,Inf,Inf,false
10.0,12616,0.000123195,Inf,Inf,false
10.0,12622,8.94001e-5,Inf,Inf,false
10.0,12637,0.000800166,0.00078949,0.00078949,false
10.0,12680,0.000222438,0.000212087,0.000212087,false
10.0,12689,8.96785e-5,Inf,Inf,false
10.0,12745,0.000200237,0.000145221,0.000145221,false
10.0,12752,0.000145364,0.000133606,0.000133606,false
10.0,12756,7.78908e-5,Inf,Inf,false
10.0,12763,0.000844782,0.000822247,0.000822247,false
10.0,12823,0.000100269,Inf,Inf,false
10.0,12831,0.000133774,0.000122983,0.000122983,false
10.0,12888,0.000134302,Inf,Inf,false
10.0,12889,8.95955e-5,Inf,Inf,false
10.0,12890,0.000134298,Inf,Inf,false
10.0,12891,7.84315e-5,6.69216e-5,6.69216e-5,false
10.0,12924,0.00115639,0.00113363,0.00113363,false
10.0,12940,0.000111147,0.000100304,0.000100304,false
10.0,12943,7.80795e-5,Inf,Inf,false
10.0,13005,0.000144996,0.000133373,0.000133373,false
10.0,13008,0.000188927,Inf,Inf,false
10.0,13011,8.95039e-5,Inf,Inf,false
10.0,13013,0.000155659,Inf,Inf,false
10.0,13014,0.000100537,8.91834e-5,8.91834e-5,false
10.0,13074,0.000156252,0.000100687,0.000100687,false
10.0,13077,4.46466e-5,Inf,Inf,false
10.0,13101,0.00115634,0.00107819,0.00107819,false
10.0,13144,0.000189063,0.000167126,0.000167126,false
10.0,13149,0.000100021,6.74359e-5,6.74359e-5,false
10.0,13151,0.000156467,0.000156096,0.000156096,false
10.0,13152,6.68506e-5,Inf,Inf,false
10.0,13153,6.68101e-5,Inf,Inf,false
10.0,13154,0.000133723,Inf,Inf,false
10.0,13159,0.000156411,0.000155581,0.000155581,false
10.0,13163,0.000111344,8.93063e-5,8.93063e-5,false
10.0,13167,0.000411884,0.000400661,0.000400661,false
10.0,13225,8.91425e-5,8.89036e-5,8.89036e-5,false
10.0,13236,0.000145243,0.000122971,0.000122971,false
10.0,13292,0.00013368,0.000100981,0.000100981,false
10.0,13295,8.97921e-5,Inf,Inf,false
10.0,13299,8.95753e-5,7.86346e-5,7.86346e-5,false
10.0,13303,0.000155693,Inf,Inf,false
10.0,13345,0.00110053,0.00105631,0.00105631,false
10.0,13363,0.000111972,8.92464e-5,8.92464e-5,false
10.0,13364,0.000155559,0.000122478,0.000122478,false
10.0,13366,0.00012286,Inf,Inf,false
10.0,13367,8.9541e-5,7.85861e-5,7.85861e-5,false
10.0,13368,6.76345e-5,6.74359e-5,6.74359e-5,false
10.0,13369,5.59462e-5,Inf,Inf,false
10.0,13372,0.00013369,0.000122488,0.000122488,false
10.0,13418,0.000111461,0.000111439,0.000111439,false
10.0,13430,0.00010008,Inf,Inf,false
10.0,13461,0.00102225,0.00100011,0.00100011,false
10.0,13481,0.000144575,0.000133836,0.000133836,false
10.0,13484,0.000167117,0.000144835,0.000144835,false
10.0,13486,0.00015639,0.000144567,0.000144567,false
10.0,13494,0.000845152,0.000789016,0.000789016,false
10.0,13511,0.00120085,0.00120047,0.00120047,false
10.0,13554,0.000211375,0.000200669,0.000200669,false
10.0,13563,0.000167109,0.000122557,0.000122557,false
10.0,13567,0.000134127,0.000133771,0.000133771,false
10.0,13633,0.000145162,0.000133836,0.000133836,false
10.0,13636,0.00011191,0.000111171,0.000111171,false
10.0,13640,0.000100023,8.93367e-5,8.93367e-5,false
10.0,13689,0.000100188,Inf,Inf,false
10.0,13692,0.000111907,0.000111224,0.000111224,false
10.0,13698,7.80255e-5,6.70572e-5,6.70572e-5,false
10.0,13700,0.000223056,0.000200819,0.000200819,false
10.0,13709,0.000845427,0.000822485,0.000822485,false
10.0,13749,0.000478532,0.00045617,0.00045617,false
10.0,13755,0.00011135,0.000100819,0.000100819,false
10.0,13757,0.000122831,Inf,Inf,false
10.0,13758,0.000111549,8.97207e-5,8.97207e-5,false
10.0,13764,0.000156121,0.000123191,0.000123191,false
10.0,13765,8.93815e-5,Inf,Inf,false
10.0,13811,0.000222685,0.0002226,0.0002226,false
10.0,13816,5.60295e-5,Inf,Inf,false
10.0,13849,0.00121193,0.00113407,0.00113407,false
10.0,13865,0.00100036,0.00097821,0.00097821,false
10.0,13890,5.64671e-5,Inf,Inf,false
10.0,13892,0.000111747,0.000111315,0.000111315,false
10.0,13894,0.0001668,Inf,Inf,false
10.0,13895,0.000156103,0.000134112,0.000134112,false
10.0,13957,0.000167572,Inf,Inf,false
10.0,13958,0.000111143,Inf,Inf,false
10.0,13960,0.000122976,Inf,Inf,false
10.0,13964,0.000111988,Inf,Inf,false
10.0,13975,0.000822885,0.000822748,0.000822748,false
10.0,14028,0.000123004,Inf,Inf,false
10.0,14029,8.95116e-5,8.92001e-5,8.92001e-5,false
10.0,14031,0.000111562,Inf,Inf,false
10.0,14034,6.67088e-5,Inf,Inf,false
10.0,14039,0.000178417,Inf,Inf,false
10.0,14098,0.000422562,0.000377878,0.000377878,false
10.0,14118,0.00135615,0.0012453,0.0012453,false
10.0,14133,8.97856e-5,8.91438e-5,8.91438e-5,false
10.0,14134,0.000145238,0.000144815,0.000144815,false
10.0,14136,6.74432e-5,Inf,Inf,false
10.0,14142,0.000156543,Inf,Inf,false
10.0,14175,0.00127866,0.00124459,0.00124459,false
10.0,14196,0.000133542,7.84433e-5,7.84433e-5,false
10.0,14198,0.000122733,0.000111854,0.000111854,false
10.0,14199,0.000178024,0.000167167,0.000167167,false
10.0,14201,0.000167568,8.93554e-5,8.93554e-5,false
10.0,14206,0.000123027,0.000122941,0.000122941,false
10.0,14265,8.96804e-5,7.87289e-5,7.87289e-5,false
10.0,14268,5.57975e-5,Inf,Inf,false
10.0,14269,0.000177958,0.000100673,0.000100673,false
10.0,14271,7.82554e-5,5.60969e-5,5.60969e-5,false
10.0,14273,0.000200317,0.00016699,0.00016699,false
10.0,14325,0.000122917,0.000122497,0.000122497,false
10.0,14326,0.000100836,0.000100014,0.000100014,false
10.0,14336,0.000611957,0.000600968,0.000600968,false
10.0,14383,8.9668e-5,Inf,Inf,false
10.0,14384,0.000145099,0.000112064,0.000112064,false
10.0,14390,0.000123175,0.000111839,0.000111839,false
10.0,14448,0.000300663,0.000245035,0.000245035,false
10.0,14450,7.8476e-5,Inf,Inf,false
10.0,14451,0.000100484,Inf,Inf,false
10.0,14453,0.00013426,0.000133393,0.000133393,false
10.0,14458,0.000133981,0.000111985,0.000111985,false
10.0,14471,0.000834277,0.000822485,0.000822485,false
10.0,14514,5.63415e-5,Inf,Inf,false
10.0,14576,0.000389696,0.000356354,0.000356354,false
10.0,14578,0.000122598,0.000111189,0.000111189,false
10.0,14581,8.98566e-5,Inf,Inf,false
10.0,14582,0.000122754,Inf,Inf,false
10.0,14584,0.000134258,0.000122443,0.000122443,false
10.0,14586,0.000156281,0.000155994,0.000155994,false
10.0,14592,0.000789322,0.000778081,0.000778081,false
10.0,14649,6.75784e-5,Inf,Inf,false
10.0,14652,0.000122782,Inf,Inf,false
10.0,14654,4.47219e-5,Inf,Inf,false
10.0,14655,0.000111736,Inf,Inf,false
10.0,14659,0.000178322,7.77996e-5,7.77996e-5,false
10.0,14666,0.000111364,6.67941e-5,6.67941e-5,false
10.0,14729,8.94803e-5,Inf,Inf,false
10.0,14730,7.81083e-5,Inf,Inf,false
10.0,14731,0.000123079,6.69737e-5,6.69737e-5,false
10.0,14732,0.000122382,Inf,Inf,false
10.0,14733,4.54359e-5,Inf,Inf,false
10.0,14736,5.61031e-5,Inf,Inf,false
10.0,14737,0.000144704,Inf,Inf,false
10.0,14738,0.000111686,8.9817e-5,8.9817e-5,false
10.0,14739,0.000133842,0.000112031,0.000112031,false
10.0,14810,0.000122931,0.000122742,0.000122742,false
10.0,14837,0.0011563,0.00113353,0.00113353,false
10.0,14851,0.00106758,0.000989261,0.000989261,false
10.0,14861,0.000666675,0.000645373,0.000645373,false
10.0,14939,0.000134041,0.000100662,0.000100662,false
10.0,14974,0.00120061,0.00111164,0.00111164,false
10.0,15020,0.000211964,0.000189614,0.000189614,false
10.0,15027,0.00010039,8.93874e-5,8.93874e-5,false
10.0,15028,0.000111153,0.000100477,0.000100477,false
10.0,15031,0.000133364,0.000122372,0.000122372,false
10.0,15033,8.91353e-5,Inf,Inf,false
10.0,15044,0.00132314,0.00107826,0.00107826,false
10.0,15065,0.00100098,0.000967414,0.000967414,false
10.0,15066,0.0010227,0.00096766,0.00096766,false
10.0,15084,8.91279e-5,Inf,Inf,false
10.0,15086,8.96435e-5,8.90754e-5,8.90754e-5,false
10.0,15092,0.000144794,0.000133679,0.000133679,false
10.0,15131,7.78276e-5,Inf,Inf,false
10.0,15132,0.000123063,Inf,Inf,false
10.0,15135,0.000122893,8.94324e-5,8.94324e-5,false
10.0,15139,0.000112035,0.000112012,0.000112012,false
10.0,15141,7.84886e-5,6.74652e-5,6.74652e-5,false
10.0,15142,0.000133975,0.000100701,0.000100701,false
10.0,15147,0.000645244,0.000644545,0.000644545,false
10.0,15191,0.000222854,0.000212025,0.000212025,false
10.0,15193,0.000167501,0.000167005,0.000167005,false
10.0,15196,5.56909e-5,Inf,Inf,false
10.0,15199,0.000100586,Inf,Inf,false
10.0,15254,8.94088e-5,8.92999e-5,8.92999e-5,false
10.0,15305,0.000334104,0.00030067,0.00030067,false
10.0,15310,5.59457e-5,Inf,Inf,false
10.0,15314,8.93748e-5,Inf,Inf,false
10.0,15325,0.000755918,0.000745105,0.000745105,false
10.0,15374,0.000100514,8.89347e-5,8.89347e-5,false
10.0,15377,0.000100919,0.000100838,0.000100838,false
10.0,15378,7.87623e-5,Inf,Inf,false
10.0,15382,0.000689759,0.000678351,0.000678351,false
10.0,15425,0.000167393,Inf,Inf,false
10.0,15431,8.97573e-5,Inf,Inf,false
10.0,15436,0.000300088,0.000289494,0.000289494,false
10.0,15460,0.00118903,0.00115633,0.00115633,false
10.0,15495,0.000145249,0.000145203,0.000145203,false
10.0,15496,0.000111463,8.93279e-5,8.93279e-5,false
10.0,15498,6.76211e-5,Inf,Inf,false
10.0,15501,0.00014514,8.94397e-5,8.94397e-5,false
10.0,15502,0.000122739,0.000100556,0.000100556,false
10.0,15503,0.000200166,0.000167242,0.000167242,false
10.0,15504,0.000111898,Inf,Inf,false
10.0,15505,0.000133437,0.000111142,0.000111142,false
10.0,15506,6.72367e-5,Inf,Inf,false
10.0,15533,0.00116705,0.00115648,0.00115648,false
10.0,15556,0.000267647,0.000256334,0.000256334,false
10.0,15558,0.000189187,0.000188923,0.000188923,false
10.0,15564,0.000144987,0.000111934,0.000111934,false
10.0,15571,0.000156313,Inf,Inf,false
10.0,15597,0.00114503,0.00110079,0.00110079,false
10.0,15625,4.53344e-5,4.4539e-5,4.4539e-5,false
10.0,15636,0.000978776,0.000955881,0.000955881,false
10.0,15670,0.000522407,0.000511546,0.000511546,false
10.0,15681,8.97051e-5,Inf,Inf,false
10.0,15682,7.85824e-5,6.72418e-5,6.72418e-5,false
10.0,15683,0.000100835,Inf,Inf,false
10.0,15690,0.000178558,0.000155948,0.000155948,false
10.0,15691,0.000166789,0.000155797,0.000155797,false
10.0,15692,0.000111735,Inf,Inf,false
10.0,15714,0.00117824,0.00112322,0.00112322,false
10.0,15747,7.81262e-5,Inf,Inf,false
10.0,15751,1.16908e-5,Inf,Inf,false
10.0,15798,0.000711947,0.000677947,0.000677947,false
10.0,15805,0.000111563,Inf,Inf,false
10.0,15811,0.000134095,0.000122931,0.000122931,false
10.0,15819,8.93763e-5,Inf,Inf,false
10.0,15833,0.00117803,0.00114493,0.00114493,false
10.0,15881,0.000156412,0.000122231,0.000122231,false
10.0,15882,8.97964e-5,Inf,Inf,false
10.0,15884,0.000167052,Inf,Inf,false
10.0,15934,0.000600161,0.000578002,0.000578002,false
10.0,15944,0.00021163,7.81157e-5,7.81157e-5,false
10.0,15948,0.000100922,0.000100547,0.000100547,false
10.0,16007,0.000245379,0.000222902,0.000222902,false
10.0,16016,0.000100074,Inf,Inf,false
10.0,16017,0.000134095,Inf,Inf,false
10.0,16021,6.74751e-5,Inf,Inf,false
10.0,16024,0.000178516,0.000167578,0.000167578,false
10.0,16027,0.000111575,0.000111138,0.000111138,false
10.0,16052,0.00111201,0.00111194,0.00111194,false
10.0,16072,0.000189286,0.000166821,0.000166821,false
10.0,16074,8.94018e-5,7.79754e-5,7.79754e-5,false
10.0,16079,0.000111565,Inf,Inf,false
10.0,16087,0.00075634,0.00074454,0.00074454,false
10.0,16148,0.000155729,Inf,Inf,false
10.0,16152,0.000212092,0.000100453,0.000100453,false
10.0,16157,0.000388993,0.000345141,0.000345141,false
10.0,16181,0.00104482,0.00104471,0.00104471,false
10.0,16200,0.000277986,0.000277912,0.000277912,false
10.0,16205,0.000223112,0.000155698,0.000155698,false
10.0,16207,0.000155881,0.000111612,0.000111612,false
10.0,16208,5.62733e-5,Inf,Inf,false
10.0,16209,0.000112103,0.000100253,0.000100253,false
10.0,16212,0.000111482,Inf,Inf,false
10.0,16216,0.000134288,0.000122599,0.000122599,false
10.0,16276,3.33783e-5,Inf,Inf,false
10.0,16282,0.000133641,0.000100591,0.000100591,false
10.0,16283,0.000144452,Inf,Inf,false
10.0,16327,0.000623101,0.000622395,0.000622395,false
10.0,16334,0.000178473,0.000156,0.000156,false
10.0,16335,0.000212046,0.000200406,0.000200406,false
10.0,16337,7.8744e-5,Inf,Inf,false
10.0,16347,0.000111487,Inf,Inf,false
10.0,16348,0.000144985,0.000111122,0.000111122,false
10.0,16401,0.000145243,0.000145068,0.000145068,false
10.0,16450,0.000167041,0.000111859,0.000111859,false
10.0,16452,8.9354e-5,Inf,Inf,false
10.0,16454,0.00012321,Inf,Inf,false
10.0,16462,0.000145029,0.000133554,0.000133554,false
10.0,16477,0.00104512,0.00104504,0.00104504,false
10.0,16511,0.000389568,0.000389267,0.000389267,false
10.0,16515,5.59302e-5,Inf,Inf,false
10.0,16521,0.00017845,0.000177841,0.000177841,false
10.0,16525,0.000123176,Inf,Inf,false
10.0,16547,0.00112241,0.00108942,0.00108942,false
10.0,16556,0.00112312,0.00112267,0.00112267,false
10.0,16563,0.000944479,0.000867036,0.000867036,false
10.0,16581,0.000166736,Inf,Inf,false
10.0,16591,0.000145263,0.000144938,0.000144938,false
10.0,16644,0.000245352,0.000245018,0.000245018,false
10.0,16648,0.000255652,0.000244784,0.000244784,false
10.0,16650,0.000222784,0.000211603,0.000211603,false
10.0,16653,0.000166956,0.00013335,0.00013335,false
10.0,16701,0.000411591,0.000378364,0.000378364,false
10.0,16710,0.00011153,Inf,Inf,false
10.0,16711,0.000200949,Inf,Inf,false
10.0,16714,0.000134068,0.000111586,0.000111586,false
10.0,16728,0.000622935,0.000622837,0.000622837,false
10.0,16771,0.000255978,0.000211979,0.000211979,false
10.0,16777,0.000112049,Inf,Inf,false
10.0,16778,0.000145121,Inf,Inf,false
10.0,16779,0.000145335,0.000122511,0.000122511,false
10.0,16780,0.00011158,7.78511e-5,7.78511e-5,false
10.0,16782,0.000189436,0.00016727,0.00016727,false
10.0,16783,0.000211935,Inf,Inf,false
10.0,16824,0.000111253,Inf,Inf,false
10.0,16827,0.000167511,0.000166923,0.000166923,false
10.0,16831,0.000111112,0.000100482,0.000100482,false
10.0,16834,0.000122537,Inf,Inf,false
10.0,16836,0.000100721,Inf,Inf,false
10.0,16849,0.000888945,0.000855556,0.000855556,false
10.0,16888,0.000500144,0.000467279,0.000467279,false
10.0,16892,0.000267391,0.000256137,0.000256137,false
10.0,16894,0.000189348,0.000133789,0.000133789,false
10.0,16895,0.000145121,0.000134261,0.000134261,false
10.0,16948,0.000500665,0.000500111,0.000500111,false
10.0,16950,0.00028913,0.000256159,0.000256159,false
10.0,16954,0.000145368,0.000100709,0.000100709,false
10.0,17002,0.000467483,0.000466998,0.000466998,false
10.0,17015,0.000111447,Inf,Inf,false
10.0,17022,0.000156372,6.67045e-5,6.67045e-5,false
10.0,17055,0.00117806,0.00110036,0.00110036,false
10.0,17077,0.000122511,7.83096e-5,7.83096e-5,false
10.0,17079,6.73614e-5,6.73281e-5,6.73281e-5,false
10.0,17080,0.000167354,0.000156358,0.000156358,false
10.0,17145,0.000156063,Inf,Inf,false
10.0,17146,0.000144888,0.000122863,0.000122863,false
10.0,17200,0.000122526,Inf,Inf,false
10.0,17204,0.000111585,8.978e-5,8.978e-5,false
10.0,17206,0.000111335,0.000100278,0.000100278,false
10.0,17266,0.000111507,7.86933e-5,7.86933e-5,false
10.0,17267,6.73868e-5,Inf,Inf,false
10.0,17271,0.000100203,Inf,Inf,false
10.0,17301,0.00113351,0.00106714,0.00106714,false
10.0,17322,0.000511546,0.000500044,0.000500044,false
10.0,17326,0.000200481,0.000167483,0.000167483,false
10.0,17329,0.00013363,0.00012255,0.00012255,false
10.0,17332,0.000122696,Inf,Inf,false
10.0,17406,6.7356e-5,Inf,Inf,false
10.0,17407,0.000244983,Inf,Inf,false
10.0,17470,0.000222749,0.000222238,0.000222238,false
10.0,17481,0.000167531,8.89798e-5,8.89798e-5,false
10.0,17528,0.000578413,0.000555813,0.000555813,false
10.0,17539,0.000189813,0.000189433,0.000189433,false
10.0,17543,0.000111796,0.00011125,0.00011125,false
10.0,17544,0.000133448,Inf,Inf,false
10.0,17545,8.94745e-5,Inf,Inf,false
10.0,17549,0.000134171,0.000123167,0.000123167,false
10.0,17563,0.00112315,0.00102316,0.00102316,false
10.0,17594,0.0005334,0.000489338,0.000489338,false
10.0,17605,0.00016723,0.000166877,0.000166877,false
10.0,17610,0.000155855,8.95612e-5,8.95612e-5,false
10.0,17611,0.000123136,Inf,Inf,false
10.0,17615,6.7288e-5,Inf,Inf,false
10.0,17616,8.95675e-5,8.93795e-5,8.93795e-5,false
10.0,17669,0.000400253,0.000378606,0.000378606,false
10.0,17672,0.000311609,0.000300932,0.000300932,false
10.0,17678,7.86695e-5,Inf,Inf,false
10.0,17679,8.91664e-5,Inf,Inf,false
10.0,17734,0.000244709,0.000233847,0.000233847,false
10.0,17746,0.000178621,0.000155708,0.000155708,false
10.0,17747,0.00012274,Inf,Inf,false
10.0,17749,0.000189771,0.000178618,0.000178618,false
10.0,17752,0.000234133,0.000212025,0.000212025,false
10.0,17757,0.000967262,0.000900875,0.000900875,false
10.0,17813,0.000233526,0.000200049,0.000200049,false
10.0,17814,0.000100423,Inf,Inf,false
10.0,17819,6.69319e-5,Inf,Inf,false
10.0,17822,0.00020065,0.000189813,0.000189813,false
10.0,17823,6.68029e-5,Inf,Inf,false
10.0,17829,0.000855917,0.000834276,0.000834276,false
10.0,17846,0.00118942,0.00108969,0.00108969,false
10.0,17851,0.000933397,0.00091189,0.00091189,false
10.0,17866,6.70195e-5,Inf,Inf,false
10.0,17872,0.000155873,Inf,Inf,false
10.0,17888,0.00120039,0.00120035,0.00120035,false
10.0,17913,0.000633414,0.000623211,0.000623211,false
10.0,17939,0.000222531,Inf,Inf,false
10.0,17940,0.000122517,0.000111523,0.000111523,false
10.0,17982,0.000145194,0.000133944,0.000133944,false
10.0,18039,0.000200848,0.000189546,0.000189546,false
10.0,18040,0.000156229,0.00014536,0.00014536,false
10.0,18102,0.00011186,0.000111799,0.000111799,false
10.0,18106,8.93363e-5,7.81982e-5,7.81982e-5,false
10.0,18131,0.00121118,0.00113403,0.00113403,false
10.0,18133,0.00115612,0.00114491,0.00114491,false
10.0,18175,0.000156492,0.000111447,0.000111447,false
10.0,18176,0.00013373,0.00011139,0.00011139,false
10.0,18179,8.9084e-5,Inf,Inf,false
10.0,18182,0.000156551,Inf,Inf,false
10.0,18189,0.000200479,Inf,Inf,false
10.0,18195,0.000944538,0.000878124,0.000878124,false
10.0,18242,0.00015587,0.000144485,0.000144485,false
10.0,18247,0.000155865,0.000145395,0.000145395,false
10.0,18248,6.7213e-5,Inf,Inf,false
10.0,18249,5.60081e-5,Inf,Inf,false
10.0,18279,0.00115602,0.0011232,0.0011232,false
10.0,18357,0.00061189,0.000611876,0.000611876,false
10.0,18375,0.000122977,8.95633e-5,8.95633e-5,false
10.0,18379,0.000233894,0.00022318,0.00022318,false
10.0,18394,0.00130093,0.00112282,0.00112282,false
10.0,18430,0.000400482,0.000378606,0.000378606,false
10.0,18445,0.000134171,Inf,Inf,false
10.0,18447,0.000111549,0.000100041,0.000100041,false
10.0,18495,0.000345201,0.000322863,0.000322863,false
10.0,18502,0.000311885,0.000289857,0.000289857,false
10.0,18507,0.000111859,0.00010028,0.00010028,false
10.0,18509,8.98189e-5,Inf,Inf,false
10.0,18510,0.000178608,0.000178255,0.000178255,false
10.0,18512,8.9675e-5,7.82079e-5,7.82079e-5,false
10.0,18574,0.000300279,0.000289242,0.000289242,false
10.0,18578,0.000333539,0.000323029,0.000323029,false
10.0,18582,0.000167059,0.000156188,0.000156188,false
10.0,18583,8.91593e-5,Inf,Inf,false
10.0,18586,4.44878e-5,Inf,Inf,false
10.0,18632,0.000355695,0.000312051,0.000312051,false
10.0,18635,0.00032305,0.000311267,0.000311267,false
10.0,18641,0.000212034,0.000211345,0.000211345,false
10.0,18659,0.000945328,0.000911129,0.000911129,false
10.0,18710,0.000322625,0.000312051,0.000312051,false
10.0,18718,0.000211656,0.000200108,0.000200108,false
10.0,18719,0.000122508,0.00011139,0.00011139,false
10.0,18758,0.000600979,0.000589249,0.000589249,false
10.0,18760,0.000455929,0.000433738,0.000433738,false
10.0,18776,0.000111899,Inf,Inf,false
10.0,18777,0.000122602,Inf,Inf,false
10.0,18783,0.00011164,0.00011124,0.00011124,false
10.0,18834,0.000433951,0.000422289,0.000422289,false
10.0,18851,0.000111858,0.000100966,0.000100966,false
10.0,18855,0.000122375,Inf,Inf,false
10.0,18916,0.000122756,Inf,Inf,false
10.0,18919,0.000134118,0.000111799,0.000111799,false
10.0,18920,8.92969e-5,Inf,Inf,false
10.0,18927,0.000711229,0.00070049,0.00070049,false
10.0,18959,0.000900177,0.000845169,0.000845169,false
10.0,18987,0.000122556,0.000122318,0.000122318,false
10.0,18991,0.000100969,Inf,Inf,false
10.0,18992,0.000100442,6.74173e-5,6.74173e-5,false
10.0,18999,0.0001784,0.000144498,0.000144498,false
10.0,19041,7.78565e-5,Inf,Inf,false
10.0,19105,0.000133712,0.000111396,0.000111396,false
10.0,19109,0.000145018,Inf,Inf,false
10.0,19111,0.000122967,0.000100959,0.000100959,false
10.0,19155,0.000611773,0.000611357,0.000611357,false
10.0,19172,0.000156186,7.86619e-5,7.86619e-5,false
10.0,19175,7.80609e-5,Inf,Inf,false
10.0,19229,0.000133496,Inf,Inf,false
10.0,19232,7.82153e-5,Inf,Inf,false
10.0,19237,0.000100285,0.000100006,0.000100006,false
10.0,19239,0.00022292,0.000200912,0.000200912,false
10.0,19248,0.000922342,0.00090049,0.00090049,false
10.0,19294,0.000211607,0.000200977,0.000200977,false
10.0,19304,0.00017788,0.000177872,0.000177872,false
10.0,19350,0.000378542,0.000334307,0.000334307,false
10.0,19360,0.000267556,Inf,Inf,false
10.0,19367,0.000167402,Inf,Inf,false
10.0,19381,0.00122322,0.00122235,0.00122235,false
10.0,19410,0.00037833,0.000334307,0.000334307,false
10.0,19433,7.8548e-5,4.44478e-5,4.44478e-5,false
10.0,19463,0.00106757,0.00106751,0.00106751,false
10.0,19472,0.000866974,0.000811433,0.000811433,false
10.0,19510,0.000123074,Inf,Inf,false
10.0,19512,0.000122959,Inf,Inf,false
10.0,19514,0.000111778,Inf,Inf,false
10.0,19516,0.000122434,0.000111896,0.000111896,false
10.0,19551,0.000378107,0.000367569,0.000367569,false
10.0,19558,0.000455812,0.00042223,0.00042223,false
10.0,19568,0.000200587,0.000200581,0.000200581,false
10.0,19570,0.000111931,0.000111673,0.000111673,false
10.0,19575,0.000200167,0.000178112,0.000178112,false
10.0,19599,0.00130014,0.00125571,0.00125571,false
10.0,19641,0.000345203,0.000334306,0.000334306,false
10.0,19647,0.000156069,Inf,Inf,false
10.0,19651,0.000112077,Inf,Inf,false
10.0,19652,0.000111632,Inf,Inf,false
10.0,19656,0.000711236,0.00067876,0.00067876,false
10.0,19691,0.000456447,0.00040045,0.00040045,false
10.0,19697,0.000111849,Inf,Inf,false
10.0,19700,0.000133461,0.000122702,0.000122702,false
10.0,19703,0.000111388,0.000111359,0.000111359,false
10.0,19706,5.63946e-5,Inf,Inf,false
10.0,19710,0.000455908,0.000412031,0.000412031,false
10.0,19715,0.000933733,0.000912023,0.000912023,false
10.0,19740,0.000689726,0.000689492,0.000689492,false
10.0,19746,0.000356025,0.000345249,0.000345249,false
10.0,19751,0.000445332,0.000445139,0.000445139,false
10.0,19764,0.000111802,0.000111485,0.000111485,false
10.0,19765,0.000156056,0.000155878,0.000155878,false
10.0,19768,2.26463e-5,Inf,Inf,false
10.0,19770,3.38003e-5,Inf,Inf,false
10.0,19806,0.000400252,0.000367189,0.000367189,false
10.0,19812,0.000356486,0.000355591,0.000355591,false
10.0,19814,0.000367341,0.000333957,0.000333957,false
10.0,19816,0.000189451,0.000178046,0.000178046,false
10.0,19822,4.53465e-5,Inf,Inf,false
10.0,19824,0.00020071,0.000167063,0.000167063,false
10.0,19825,0.000155835,0.00014452,0.00014452,false
10.0,19826,0.000233633,0.000200676,0.000200676,false
10.0,19828,0.000244949,0.000233911,0.000233911,false
10.0,19871,0.000233977,0.000211929,0.000211929,false
10.0,19873,0.000200296,0.000200036,0.000200036,false
10.0,19929,0.000100033,Inf,Inf,false
10.0,19933,0.000111494,7.87136e-5,7.87136e-5,false
10.0,19982,0.000500459,0.000477919,0.000477919,false
10.0,20001,6.70041e-5,Inf,Inf,false
10.0,20053,3.34049e-5,Inf,Inf,false
10.0,20084,0.000822634,0.000811612,0.000811612,false
10.0,20119,0.00011172,0.000111485,0.000111485,false
10.0,20120,0.000144471,0.000144463,0.000144463,false
10.0,20121,0.00011198,0.000111742,0.000111742,false
10.0,20123,0.000133794,0.000111824,0.000111824,false
10.0,20124,0.000133801,Inf,Inf,false
10.0,20142,0.00125592,0.00122298,0.00122298,false
10.0,20179,0.000112108,0.000111917,0.000111917,false
10.0,20180,0.000144602,0.000133409,0.000133409,false
10.0,20182,0.000145023,0.000144641,0.000144641,false
10.0,20185,0.000133954,0.00011178,0.00011178,false
10.0,20187,0.000111635,Inf,Inf,false
10.0,20219,0.00104521,0.00104509,0.00104509,false
10.0,20223,0.000745089,0.000734212,0.000734212,false
10.0,20229,0.000345231,0.000344932,0.000344932,false
10.0,20239,0.000422962,0.000411439,0.000411439,false
10.0,20257,0.000111997,Inf,Inf,false
10.0,20258,8.94727e-5,Inf,Inf,false
10.0,20310,0.000489866,0.000466727,0.000466727,false
10.0,20316,0.000178368,Inf,Inf,false
10.0,20318,0.000134038,0.000123052,0.000123052,false
10.0,20370,0.000345061,0.00033415,0.00033415,false
10.0,20378,0.000555558,0.000478759,0.000478759,false
10.0,20392,0.000112043,0.000100827,0.000100827,false
10.0,20393,6.73984e-5,5.59715e-5,5.59715e-5,false
10.0,20394,0.000166807,0.000122409,0.000122409,false
10.0,20456,0.000567631,0.000511831,0.000511831,false
10.0,20463,0.000145221,0.000100819,0.000100819,false
10.0,20468,0.000178738,0.000166993,0.000166993,false
10.0,20509,0.000411941,0.000400042,0.000400042,false
10.0,20522,0.000155877,0.000133497,0.000133497,false
10.0,20527,0.000167376,0.000156332,0.000156332,false
10.0,20559,0.000967645,0.000955707,0.000955707,false
10.0,20599,0.000200563,0.000189602,0.000189602,false
10.0,20637,0.00035638,0.000334312,0.000334312,false
10.0,20658,0.000356338,0.000356078,0.000356078,false
10.0,20663,0.000111706,Inf,Inf,false
10.0,20665,8.94556e-5,7.8556e-5,7.8556e-5,false
10.0,20666,0.0001784,0.000166993,0.000166993,false
10.0,20669,0.000167064,0.000166731,0.000166731,false
10.0,20676,0.000911286,0.000889437,0.000889437,false
10.0,20703,0.000322865,0.00030015,0.00030015,false
10.0,20718,0.000189304,0.000178643,0.000178643,false
10.0,20719,0.000156474,Inf,Inf,false
10.0,20720,0.000133429,Inf,Inf,false
10.0,20723,0.000122858,Inf,Inf,false
10.0,20725,0.000223108,0.000222954,0.000222954,false
10.0,20783,0.000200587,0.000189176,0.000189176,false
10.0,20784,0.000222545,0.00010023,0.00010023,false
10.0,20787,6.70124e-5,4.5121e-5,4.5121e-5,false
10.0,20791,0.000100439,8.90055e-5,8.90055e-5,false
10.0,20904,0.000145091,Inf,Inf,false
10.0,20910,0.000100416,6.74029e-5,6.74029e-5,false
10.0,20911,2.30232e-5,Inf,Inf,false
10.0,20912,0.000144978,0.000111502,0.000111502,false
10.0,20917,0.00100099,0.000977828,0.000977828,false
10.0,20954,0.000489117,0.000467632,0.000467632,false
10.0,20961,0.000189821,0.000189464,0.000189464,false
10.0,20967,5.57429e-5,Inf,Inf,false
10.0,20968,6.70809e-5,Inf,Inf,false
10.0,20969,2.24817e-5,Inf,Inf,false
10.0,20970,6.75463e-5,Inf,Inf,false
10.0,20999,0.00105582,0.00101199,0.00101199,false
10.0,21032,7.84366e-5,7.84342e-5,7.84342e-5,false
10.0,21034,7.79218e-5,Inf,Inf,false
10.0,21038,0.000145381,Inf,Inf,false
10.0,21051,0.00151124,Inf,Inf,false
10.0,21089,0.000445345,0.000433819,0.000433819,false
10.0,21091,0.000545289,0.000511872,0.000511872,false
10.0,21092,0.000489307,0.000478479,0.000478479,false
10.0,21156,0.000144848,0.000134243,0.000134243,false
10.0,21157,0.000167619,0.000166952,0.000166952,false
10.0,21158,0.000156177,0.000122368,0.000122368,false
10.0,21159,0.000100483,Inf,Inf,false
10.0,21160,0.000122335,Inf,Inf,false
10.0,21164,0.000111772,0.000111145,0.000111145,false
10.0,21205,0.000411972,0.000389397,0.000389397,false
10.0,21228,5.6061e-5,Inf,Inf,false
10.0,21229,7.81415e-5,Inf,Inf,false
10.0,21234,3.35922e-5,Inf,Inf,false
10.0,21236,0.000100394,0.000100026,0.000100026,false
10.0,21279,0.000800477,0.000778559,0.000778559,false
10.0,21283,0.000233657,0.000222586,0.000222586,false
10.0,21302,0.000400602,0.000367537,0.000367537,false
10.0,21313,0.000111438,Inf,Inf,false
10.0,21314,0.000112088,Inf,Inf,false
10.0,21346,0.000311573,0.000278362,0.000278362,false
10.0,21358,0.000655819,0.000600719,0.000600719,false
10.0,21361,0.000378622,0.000355877,0.000355877,false
10.0,21377,0.00016668,Inf,Inf,false
10.0,21416,0.000311536,0.000300874,0.000300874,false
10.0,21446,0.000211795,Inf,Inf,false
10.0,21492,0.000356052,0.000323128,0.000323128,false
10.0,21512,0.000222606,0.000200554,0.000200554,false
10.0,21513,0.000133423,0.000122297,0.000122297,false
10.0,21517,0.000156154,0.000133352,0.000133352,false
10.0,21519,0.000100922,Inf,Inf,false
10.0,21522,0.000222488,0.00020094,0.00020094,false
10.0,21564,0.000434267,0.000345421,0.000345421,false
10.0,21620,0.00035603,0.000355675,0.000355675,false
10.0,21623,0.000367068,0.000366998,0.000366998,false
10.0,21666,0.00102316,0.000878575,0.000878575,false
10.0,21719,0.000122327,Inf,Inf,false
10.0,21750,0.000356124,0.000355964,0.000355964,false
10.0,21772,0.000178529,0.000145244,0.000145244,false
10.0,21840,7.86982e-5,7.79862e-5,7.79862e-5,false
10.0,21864,0.00142319,0.00135644,0.00135644,false
10.0,21873,0.000956388,0.000955738,0.000955738,false
10.0,21880,0.000445032,0.000444774,0.000444774,false
10.0,21904,0.000544855,0.000533444,0.000533444,false
10.0,21905,0.000189585,0.000189267,0.000189267,false
10.0,21908,0.000100924,Inf,Inf,false
10.0,21912,0.000356252,0.000345391,0.000345391,false
10.0,21965,0.000178047,0.000111911,0.000111911,false
10.0,22026,0.000178726,0.000133578,0.000133578,false
10.0,22027,0.000222693,0.000189212,0.000189212,false
10.0,22029,0.000167163,7.87288e-5,7.87288e-5,false
10.0,22035,0.000189429,0.000133376,0.000133376,false
10.0,22053,0.00100091,0.00100033,0.00100033,false
10.0,22106,0.000344746,0.000333444,0.000333444,false
10.0,22111,0.000223098,0.000189173,0.000189173,false
10.0,22114,0.000144598,0.000122836,0.000122836,false
10.0,22116,0.000100979,Inf,Inf,false
10.0,22117,8.96078e-5,8.90123e-5,8.90123e-5,false
10.0,22122,0.000156044,Inf,Inf,false
10.0,22148,0.000955887,0.000955747,0.000955747,false
10.0,22153,0.000800715,0.000767258,0.000767258,false
10.0,22168,0.000355675,0.000345202,0.000345202,false
10.0,22190,8.94712e-5,7.79518e-5,7.79518e-5,false
10.0,22232,0.000356136,0.000334042,0.000334042,false
10.0,22258,0.000167249,0.000145356,0.000145356,false
10.0,22260,0.000200377,Inf,Inf,false
10.0,22263,6.76242e-5,Inf,Inf,false
10.0,22320,0.000155956,0.000134295,0.000134295,false
10.0,22321,0.000155686,0.000134204,0.000134204,false
10.0,22324,0.000211571,0.000211322,0.000211322,false
10.0,22358,0.000400967,0.000400316,0.000400316,false
10.0,22362,0.00071144,0.000567,0.000567,false
10.0,22369,0.000534146,0.000511817,0.000511817,false
10.0,22384,0.00015651,0.00012254,0.00012254,false
10.0,22391,6.71813e-5,Inf,Inf,false
10.0,22398,0.0008559,0.000844464,0.000844464,false
10.0,22427,0.000434061,0.000433722,0.000433722,false
10.0,22429,0.000356289,0.000355644,0.000355644,false
10.0,22432,0.000356464,0.000334069,0.000334069,false
10.0,22459,0.000111883,7.82529e-5,7.82529e-5,false
10.0,22464,0.000122394,Inf,Inf,false
10.0,22465,0.000233748,0.000166713,0.000166713,false
10.0,22516,0.000222368,0.000189384,0.000189384,false
10.0,22524,0.000178452,0.000144573,0.000144573,false
10.0,22556,0.000311991,0.000311118,0.000311118,false
10.0,22571,0.00064471,0.000633436,0.000633436,false
10.0,22573,0.000678193,0.000544733,0.000544733,false
10.0,22655,0.000100143,Inf,Inf,false
10.0,22675,0.00134461,0.00132312,0.00132312,false
10.0,22723,8.94084e-5,8.91957e-5,8.91957e-5,false
10.0,22725,8.94528e-5,Inf,Inf,false
10.0,22767,0.000400141,0.000344652,0.000344652,false
10.0,22793,0.000111906,Inf,Inf,false
10.0,22797,0.000223161,0.000189682,0.000189682,false
10.0,22863,0.000167488,0.000167308,0.000167308,false
10.0,22866,0.000133487,0.000122768,0.000122768,false
10.0,22868,0.000134204,0.000123083,0.000123083,false
10.0,22942,0.000100895,0.000100459,0.000100459,false
10.0,23012,0.000345131,0.000344632,0.000344632,false
10.0,23053,0.000378099,0.000367474,0.000367474,false
10.0,23094,0.000133972,0.000122805,0.000122805,false
10.0,23096,0.000123169,Inf,Inf,false
10.0,23098,0.00041117,0.000400474,0.000400474,false
10.0,23152,0.000189134,0.000144597,0.000144597,false
10.0,23163,0.000944505,0.000933356,0.000933356,false
10.0,23196,0.000467199,0.000434216,0.000434216,false
10.0,23206,0.000578363,0.000567374,0.000567374,false
10.0,23226,0.000145338,0.000144717,0.000144717,false
10.0,23228,7.78046e-5,5.63167e-5,5.63167e-5,false
10.0,23263,0.00046738,0.000423011,0.000423011,false
10.0,23292,7.79165e-5,Inf,Inf,false
10.0,23359,0.000111214,0.000100919,0.000100919,false
10.0,23363,0.000100568,Inf,Inf,false
10.0,23414,0.000434314,0.000411785,0.000411785,false
10.0,23449,7.83133e-5,Inf,Inf,false
10.0,23462,0.000978375,0.000967587,0.000967587,false
10.0,23483,0.00026699,0.000234205,0.000234205,false
10.0,23487,0.000355893,0.000334109,0.000334109,false
10.0,23512,0.000511891,0.000489366,0.000489366,false
10.0,23517,5.61747e-5,Inf,Inf,false
10.0,23519,6.6743e-5,Inf,Inf,false
10.0,23536,0.000967662,0.000955761,0.000955761,false
10.0,23547,0.000812021,0.000811808,0.000811808,false
10.0,23560,0.000367212,0.000344667,0.000344667,false
10.0,23579,0.000522349,0.000478296,0.000478296,false
10.0,23591,0.000133949,0.000122967,0.000122967,false
10.0,23592,0.000123093,0.000111568,0.000111568,false
10.0,23663,5.6471e-5,Inf,Inf,false
10.0,23732,0.000189545,0.000123069,0.000123069,false
10.0,23733,0.000112009,0.000111859,0.000111859,false
10.0,23734,0.00013339,0.000111689,0.000111689,false
10.0,23735,5.63712e-5,Inf,Inf,false
10.0,23791,0.000566725,0.00054468,0.00054468,false
10.0,23835,0.000400735,0.000389374,0.000389374,false
10.0,23868,0.000122509,Inf,Inf,false
10.0,23870,0.000133353,7.84167e-5,7.84167e-5,false
10.0,23873,0.000666971,0.000644897,0.000644897,false
10.0,23899,0.000656309,0.000578337,0.000578337,false
10.0,23901,0.000711416,0.000700911,0.000700911,false
10.0,23917,0.000577957,0.000511533,0.000511533,false
10.0,23924,0.000211498,0.0002005,0.0002005,false
10.0,23929,6.69895e-5,Inf,Inf,false
10.0,23932,0.000189516,0.000155996,0.000155996,false
10.0,23969,0.000589791,0.000588959,0.000588959,false
10.0,23984,0.000100901,Inf,Inf,false
10.0,24066,0.00105615,0.000878686,0.000878686,false
10.0,24099,0.000533938,0.000511253,0.000511253,false
10.0,24114,0.000811188,0.000734195,0.000734195,false
10.0,24131,0.000567565,0.000545331,0.000545331,false
10.0,24140,0.000134136,Inf,Inf,false
10.0,24143,0.000178501,0.000166671,0.000166671,false
10.0,24177,0.000255881,0.000245439,0.000245439,false
10.0,24196,0.000766887,0.000744501,0.000744501,false
10.0,24210,0.00012302,0.000111112,0.000111112,false
10.0,24212,7.86934e-5,Inf,Inf,false
10.0,24248,0.000445069,0.000444458,0.000444458,false
10.0,24262,0.000511749,0.000511494,0.000511494,false
10.0,24290,0.000122439,0.000122319,0.000122319,false
10.0,24360,0.000133965,8.98025e-5,8.98025e-5,false
10.0,24361,0.000145056,Inf,Inf,false
10.0,24411,0.000489593,0.000456481,0.000456481,false
10.0,24439,0.000167468,0.000156096,0.000156096,false
10.0,24440,5.62117e-5,Inf,Inf,false
10.0,24441,0.000156036,Inf,Inf,false
10.0,24467,0.000955764,0.00082303,0.00082303,false
10.0,24473,0.00025607,0.000244756,0.000244756,false
10.0,24488,0.00084543,0.000545296,0.000545296,false
10.0,24504,8.96863e-5,Inf,Inf,false
10.0,24511,0.00108952,0.00107789,0.00107789,false
10.0,24532,0.00031206,0.000300005,0.000300005,false
10.0,24535,0.000256302,0.00025611,0.00025611,false
10.0,24547,0.000611893,0.000600883,0.000600883,false
10.0,24582,0.000156121,Inf,Inf,false
10.0,24642,0.000567639,0.000556183,0.000556183,false
10.0,24698,0.000378058,0.000367507,0.000367507,false
10.0,24729,0.000522934,0.000467462,0.000467462,false
10.0,24736,0.000145388,0.000123171,0.000123171,false
10.0,24741,0.000189663,Inf,Inf,false
10.0,24771,0.00104483,0.00103377,0.00103377,false
10.0,24797,0.000733654,0.000656186,0.000656186,false
10.0,24822,0.000111695,Inf,Inf,false
10.0,24825,0.000100913,7.84529e-5,7.84529e-5,false
10.0,24880,0.000711966,0.000711775,0.000711775,false
10.0,24901,0.000156049,0.000122584,0.000122584,false
10.0,24906,0.000111171,Inf,Inf,false
10.0,24943,0.00048966,0.000466894,0.000466894,false
10.0,24951,0.000267443,0.000245437,0.000245437,false
10.0,24958,0.000545186,0.000522273,0.000522273,false
10.0,24985,0.000212102,0.00017825,0.00017825,false
10.0,24988,0.000100533,0.00010015,0.00010015,false
10.0,24989,6.70029e-5,Inf,Inf,false
10.0,24990,8.9539e-5,8.94121e-5,8.94121e-5,false
10.0,24991,0.000122522,0.000111814,0.000111814,false
10.0,25038,0.000644953,0.000578726,0.000578726,false
10.0,25138,0.000144689,0.000111909,0.000111909,false
10.0,25140,0.000123147,0.000111273,0.000111273,false
10.0,25142,0.000322609,0.000244501,0.000244501,false
10.0,25213,0.000522263,0.000511533,0.000511533,false
10.0,25225,0.000167065,0.000156065,0.000156065,false
10.0,25255,0.000233571,0.000211369,0.000211369,false
10.0,25259,0.000567467,0.000489003,0.000489003,false
10.0,25286,0.000800344,0.000800015,0.000800015,false
10.0,25341,0.000700387,0.000667648,0.000667648,false
10.0,25363,0.000178719,0.000144622,0.000144622,false
10.0,25366,4.4517e-5,Inf,Inf,false
10.0,25367,0.000233678,Inf,Inf,false
10.0,25371,0.000156289,0.000144843,0.000144843,false
10.0,25372,0.000134069,0.000122564,0.000122564,false
10.0,25381,0.00108928,0.00107822,0.00107822,false
10.0,25400,0.000234123,0.000233728,0.000233728,false
10.0,25435,8.98801e-5,8.93236e-5,8.93236e-5,false
10.0,25481,0.000489426,0.00044524,0.00044524,false
10.0,25507,0.000789714,0.000667116,0.000667116,false
10.0,25526,0.000144703,Inf,Inf,false
10.0,25529,0.000177849,0.000145031,0.000145031,false
10.0,25533,0.000300724,0.000289444,0.000289444,false
10.0,25591,7.87143e-5,Inf,Inf,false
10.0,25619,0.000267526,0.000255716,0.000255716,false
10.0,25628,0.000711401,0.000700112,0.000700112,false
10.0,25670,0.00127825,0.00108911,0.00108911,false
10.0,25674,0.00107876,0.00107837,0.00107837,false
10.0,25719,0.000155874,0.000122722,0.000122722,false
10.0,25720,0.00011116,8.94121e-5,8.94121e-5,false
10.0,25721,0.000111218,Inf,Inf,false
10.0,25724,0.000177912,Inf,Inf,false
10.0,25783,0.00055632,0.000533579,0.000533579,false
10.0,25818,0.00118896,0.00117796,0.00117796,false
10.0,25827,0.000411619,0.000400338,0.000400338,false
10.0,25861,0.000567129,0.000534307,0.000534307,false
10.0,25862,0.00058937,0.000588977,0.000588977,false
10.0,25867,0.000166783,8.96352e-5,8.96352e-5,false
10.0,25908,0.000300131,0.000288982,0.000288982,false
10.0,25918,0.000578036,0.00048939,0.00048939,false
10.0,25946,0.000244983,0.000200046,0.000200046,false
10.0,25950,0.000145006,0.000133784,0.000133784,false
10.0,25952,0.000112069,8.92377e-5,8.92377e-5,false
10.0,25988,0.000555756,0.000544524,0.000544524,false
10.0,25991,0.00046732,0.000467311,0.000467311,false
10.0,26007,0.000800628,0.000666841,0.000666841,false
10.0,26018,0.00015654,Inf,Inf,false
10.0,26019,8.962e-5,Inf,Inf,false
10.0,26023,0.000123086,0.000100234,0.000100234,false
10.0,26094,0.000523074,0.000511134,0.000511134,false
10.0,26113,0.000600107,0.000589487,0.000589487,false
10.0,26145,0.000545253,0.000522526,0.000522526,false
10.0,26150,0.000678573,0.000678389,0.000678389,false
10.0,26181,0.000133388,0.000123217,0.000123217,false
10.0,26185,0.000200957,0.000189701,0.000189701,false
10.0,26226,0.000467468,0.000455877,0.000455877,false
10.0,26267,0.000200414,Inf,Inf,false
10.0,26331,0.000744573,0.000711683,0.000711683,false
10.0,26365,0.000156412,0.000144895,0.000144895,false
10.0,26393,0.000856553,0.000856411,0.000856411,false
10.0,26403,0.000300888,0.000278205,0.000278205,false
10.0,26425,0.000711608,0.00068967,0.00068967,false
10.0,26445,7.86615e-5,7.79328e-5,7.79328e-5,false
10.0,26449,0.000100097,8.93546e-5,8.93546e-5,false
10.0,26481,0.00021139,0.000100053,0.000100053,false
10.0,26489,0.000511703,0.000500695,0.000500695,false
10.0,26519,0.000233468,0.000222353,0.000222353,false
10.0,26522,7.80329e-5,7.78458e-5,7.78458e-5,false
10.0,26523,0.000122764,0.000122317,0.000122317,false
10.0,26591,5.63272e-5,Inf,Inf,false
10.0,26599,0.000255768,0.000255647,0.000255647,false
10.0,26632,0.000744767,0.000622755,0.000622755,false
10.0,26661,0.000155925,0.00012276,0.00012276,false
10.0,26685,0.00112321,0.00111143,0.00111143,false
10.0,26716,0.000711649,0.000677837,0.000678389,true
10.0,26742,0.000133866,Inf,Inf,false
10.0,26746,0.000156474,0.000122408,0.000122408,false
10.0,26776,0.000311575,0.000267093,0.000267093,false
10.0,26777,0.000367646,0.000322574,0.000322574,false
10.0,26786,0.000667244,0.000645016,0.000645016,false
10.0,26815,0.000156293,8.90829e-5,8.90829e-5,false
10.0,26825,0.000634204,0.000578557,0.000578557,false
10.0,26836,0.000933549,0.000911325,0.000911325,false
10.0,26895,0.000256202,0.000200046,0.000200046,false
10.0,26899,0.000189055,0.000145204,0.000145204,false
10.0,26904,0.000366884,0.000333772,0.000333772,false
10.0,26969,0.000123027,Inf,Inf,false
10.0,26970,8.97364e-5,7.83775e-5,7.83775e-5,false
10.0,26971,0.000178277,0.000144991,0.000144991,false
10.0,26998,0.000344952,0.000333997,0.000333997,false
10.0,27006,0.000645228,0.000644628,0.000644628,false
10.0,27027,0.000622345,0.000622312,0.000622312,false
10.0,27038,0.000189401,0.000178723,0.000178723,false
10.0,27041,0.000100955,5.57536e-5,5.57536e-5,false
10.0,27047,0.000867264,0.000856071,0.000856071,false
10.0,27111,0.000256437,0.000256432,0.000256432,false
10.0,27140,0.000122374,0.000100053,0.000100053,false
10.0,27147,0.000500891,0.000500713,0.000500713,false
10.0,27168,0.000511995,0.000511515,0.000511515,false
10.0,27173,0.000178379,0.000111594,0.000111594,false
10.0,27177,6.75395e-5,5.56093e-5,5.56093e-5,false
10.0,27197,0.000844449,0.000833855,0.000833855,false
10.0,27204,0.000356128,0.000333954,0.000333954,false
10.0,27244,0.000156014,0.000155896,0.000155896,false
10.0,27275,0.000300382,0.0002113,0.0002113,false
10.0,27285,0.000734295,0.000733365,0.000733365,false
10.0,27293,0.000633826,0.000611794,0.000611794,false
10.0,27312,0.000100564,Inf,Inf,false
10.0,27313,0.000233432,Inf,Inf,false
10.0,27344,0.000578203,0.000500885,0.000500885,false
10.0,27374,0.000789793,0.000644536,0.000644536,false
10.0,27384,0.000134294,6.67424e-5,6.67424e-5,false
10.0,27388,0.000278013,0.000245365,0.000245365,false
10.0,27394,0.000655666,0.000645041,0.000645041,false
10.0,27399,0.00110049,0.00108977,0.00108977,false
10.0,27448,0.000689847,0.000634253,0.000634253,false
10.0,27473,0.000122235,0.000111415,0.000111415,false
10.0,27487,0.00114483,0.00108968,0.00108968,false
10.0,27500,0.000489465,0.000478732,0.000478732,false
10.0,27528,0.000555645,0.000500487,0.000500487,false
10.0,27531,0.000133999,0.000122458,0.000122458,false
10.0,27598,0.000711545,0.000700267,0.000700267,false
10.0,27646,0.000522657,0.000500957,0.000500957,false
10.0,27647,0.000711898,0.000711841,0.000711841,false
10.0,27751,5.6322e-5,Inf,Inf,false
10.0,27788,0.000189334,Inf,Inf,false
10.0,27816,0.000800572,0.000745264,0.000745264,false
10.0,27836,0.000133477,Inf,Inf,false
10.0,27860,0.000967238,0.000823219,0.000823219,false
10.0,27864,0.000545114,0.00054471,0.00054471,false
10.0,27902,0.000256147,0.000255997,0.000255997,false
10.0,27903,0.00012319,0.0001227,0.0001227,false
10.0,27909,0.000211284,0.000200328,0.000200328,false
10.0,27911,8.897e-5,Inf,Inf,false
10.0,27930,0.00132285,0.00101134,0.00101134,false
10.0,27960,0.000522442,0.000512066,0.000512066,false
10.0,27992,0.000145218,0.000100826,0.000100826,false
10.0,27994,0.000145126,0.000133865,0.000133865,false
10.0,28045,0.000300908,0.000267316,0.000267316,false
10.0,28048,0.000522782,0.000522355,0.000522355,false
10.0,28067,0.000667292,0.000645065,0.000645065,false
10.0,28102,0.000267638,0.000256278,0.000256278,false
10.0,28110,5.59691e-5,4.52326e-5,4.52326e-5,false
10.0,28111,5.57034e-5,Inf,Inf,false
10.0,28134,0.000322622,0.000300866,0.000300866,false
10.0,28142,0.000544477,0.000467465,0.000467465,false
10.0,28173,0.000645061,0.000611617,0.000611617,false
10.0,28181,5.62042e-5,Inf,Inf,false
10.0,28182,0.000100155,8.98419e-5,8.98419e-5,false
10.0,28233,0.000756454,0.000745194,0.000745194,false
10.0,28239,0.000767363,0.000745341,0.000745341,false
10.0,28248,0.000389554,0.000367367,0.000367367,false
10.0,28256,0.000123177,0.000100709,0.000100709,false
10.0,28257,0.000255827,0.00024536,0.00024536,false
10.0,28274,0.000956264,0.00095601,0.00095601,false
10.0,28282,0.000289314,0.000278718,0.000278718,false
10.0,28287,0.000223146,0.000211545,0.000211545,false
10.0,28291,0.000534011,0.000533736,0.000533736,false
10.0,28329,7.82123e-5,Inf,Inf,false
10.0,28333,0.000377797,0.00032315,0.00032315,false
10.0,28423,0.000111932,8.93032e-5,8.93032e-5,false
10.0,28427,6.73714e-5,Inf,Inf,false
10.0,28477,0.000700041,0.000622564,0.000622564,false
10.0,28496,0.000156334,0.000156029,0.000156029,false
10.0,28499,0.000156348,0.000134185,0.000134185,false
10.0,28501,0.000144844,0.000133979,0.000133979,false
10.0,28507,0.000967615,0.000923187,0.000923187,false
10.0,28520,0.000889231,0.000878344,0.000878344,false
10.0,28562,0.000144868,Inf,Inf,false
10.0,28563,0.00012236,0.000122262,0.000122262,false
10.0,28569,0.000223154,0.000200589,0.000200589,false
10.0,28590,0.00055628,0.000556247,0.000556247,false
10.0,28591,0.000500273,0.000477798,0.000477798,false
10.0,28607,0.000667584,0.00066738,0.00066738,false
10.0,28675,0.000700772,0.000700385,0.000700385,false
10.0,28695,0.000100674,Inf,Inf,false
10.0,28696,0.000267045,0.000255906,0.000255906,false
10.0,28733,0.000588916,0.000511822,0.000511822,false
10.0,28765,0.000755775,0.000733847,0.000733847,false
10.0,28771,0.000167009,Inf,Inf,false
10.0,28847,0.000277941,0.000234018,0.000234018,false
10.0,28849,7.86293e-5,5.61699e-5,5.61699e-5,false
10.0,28850,0.00014449,0.000133633,0.000133633,false
10.0,28855,0.000167239,0.000122527,0.000122527,false
10.0,28878,0.00107815,0.00104474,0.00104474,false
10.0,28888,0.000200753,0.000145334,0.000145334,false
10.0,28902,0.000589457,0.000589439,0.000589439,false
10.0,28937,0.000100772,0.000100711,0.000100711,false
10.0,28938,0.000155992,Inf,Inf,false
10.0,28941,0.000156365,0.000144594,0.000144594,false
10.0,28974,0.000289644,0.000233722,0.000233722,false
10.0,28975,0.000178682,0.000166786,0.000166786,false
10.0,29018,0.000144834,Inf,Inf,false
10.0,29021,0.0001121,0.000111493,0.000111493,false
10.0,29063,0.000278352,0.000211387,0.000211387,false
10.0,29066,0.000366793,0.000333559,0.000333559,false
10.0,29095,0.000623104,0.000622959,0.000622959,false
10.0,29106,0.000856196,0.00074461,0.00074461,false
10.0,29117,0.000100097,Inf,Inf,false
10.0,29185,0.000144517,0.000100159,0.000100159,false
10.0,29190,7.79579e-5,7.78593e-5,7.78593e-5,false
10.0,29220,0.000667318,0.000544867,0.000544867,false
10.0,29230,0.000556284,0.000533548,0.000533548,false
10.0,29238,0.000578603,0.000578245,0.000578245,false
10.0,29256,0.000144898,Inf,Inf,false
10.0,29257,7.81652e-5,7.78215e-5,7.78215e-5,false
10.0,29288,0.000289832,0.000288941,0.000288941,false
10.0,29291,0.000356483,0.000322827,0.000322827,false
10.0,29320,0.000811828,0.000767233,0.000767233,false
10.0,29333,0.00012297,0.000111444,0.000111444,false
10.0,29369,0.000389124,0.000377931,0.000377931,false
10.0,29394,0.000756472,0.000745368,0.000745368,false
10.0,29407,0.000256089,0.000234069,0.000234069,false
10.0,29466,0.000667438,0.000633832,0.000633832,false
10.0,29489,8.93763e-5,Inf,Inf,false
10.0,29494,0.000800293,0.000789297,0.000789297,false
10.0,29530,0.000600894,0.000577807,0.000577807,false
10.0,29545,0.000677962,0.000600088,0.000600088,false
10.0,29549,0.000145421,0.000133469,0.000133469,false
10.0,29550,0.000111208,Inf,Inf,false
10.0,29554,0.000100271,Inf,Inf,false
10.0,29555,0.000278745,0.00024536,0.00024536,false
10.0,29604,0.000533874,0.00050003,0.00050003,false
10.0,29620,0.000656383,0.000623204,0.000623204,false
10.0,29623,0.000211698,0.000189875,0.000189875,false
10.0,29626,6.70696e-5,Inf,Inf,false
10.0,29627,0.000111522,0.000100499,0.000100499,false
10.0,29703,0.000122971,0.00011124,0.00011124,false
10.0,29705,0.000167532,Inf,Inf,false
10.0,29706,0.000133946,0.000123205,0.000123205,false
10.0,29728,0.00021187,0.000200018,0.000200018,false
10.0,29780,0.000466708,0.000444991,0.000444991,false
10.0,29782,6.75514e-5,Inf,Inf,false
10.0,29785,0.000122911,0.000111326,0.000111326,false
10.0,29804,0.00103344,0.00101114,0.00101114,false
10.0,29864,0.000145128,Inf,Inf,false
10.0,29866,0.00012257,8.89553e-5,8.89553e-5,false
10.0,29867,5.61576e-5,Inf,Inf,false
10.0,29868,2.30642e-5,Inf,Inf,false
10.0,29923,0.000245119,0.000244959,0.000244959,false
10.0,29925,0.000155921,0.000111957,0.000111957,false
10.0,29984,0.000133464,Inf,Inf,false
10.0,30009,0.0007892,0.000767403,0.000767403,false
10.0,30040,0.000567359,0.000567204,0.000567204,false
10.0,30061,0.000689736,0.000688979,0.000688979,false
10.0,30099,0.00066723,0.000645374,0.000645374,false
10.0,30107,0.000189854,0.000189113,0.000189113,false
10.0,30147,0.000155953,0.000145265,0.000145265,false
10.0,30188,0.000567172,0.000556451,0.000556451,false
10.0,30197,0.000533647,0.000522331,0.000522331,false
10.0,30223,0.000389801,0.000389621,0.000389621,false
10.0,30228,0.000156512,0.000133681,0.000133681,false
10.0,30289,6.74645e-5,Inf,Inf,false
10.0,30343,0.0006452,0.000645153,0.000645153,false
10.0,30378,0.000745194,0.000667496,0.000667496,false
10.0,30381,0.00111198,0.00110096,0.00110096,false
10.0,30437,0.000267225,0.00025654,0.00025654,false
10.0,30442,0.000122451,Inf,Inf,false
10.0,30443,0.000144616,0.000133633,0.000133633,false
10.0,30447,0.000145085,0.000133352,0.000133352,false
10.0,30466,0.00100078,0.00098938,0.00098938,false
10.0,30548,0.000744885,0.000744765,0.000744765,false
10.0,30607,0.000111504,Inf,Inf,false
10.0,30632,0.000612037,0.0005786,0.0005786,false
10.0,30673,0.000122455,Inf,Inf,false
10.0,30676,0.000145406,Inf,Inf,false
10.0,30679,0.000111493,0.000111338,0.000111338,false
10.0,30690,0.00116754,0.00115618,0.00115618,false
10.0,30715,0.000489055,0.000478759,0.000478759,false
10.0,30737,0.000844535,0.000733654,0.000733654,false
10.0,30743,0.000522577,0.000522307,0.000522307,false
10.0,30750,0.000178053,0.000133758,0.000133758,false
10.0,30755,0.000145355,Inf,Inf,false
10.0,30771,0.00121166,0.00120048,0.00120048,false
10.0,30792,0.00020018,0.000156118,0.000156118,false
10.0,30817,0.000811811,0.000755739,0.000755739,false
10.0,30828,0.000622265,0.000578465,0.000578465,false
10.0,30865,0.000456376,0.000455862,0.000455862,false
10.0,30867,0.000734011,0.000466896,0.000466896,false
10.0,30938,0.000611633,0.000589187,0.000589187,false
10.0,30949,0.000456492,0.000456414,0.000456414,false
10.0,30960,0.00066695,0.000611846,0.000611846,false
10.0,30983,0.000178389,Inf,Inf,false
10.0,30985,8.95698e-5,8.89355e-5,8.89355e-5,false
10.0,31039,0.000655971,0.000633383,0.000633383,false
10.0,31058,0.00010004,Inf,Inf,false
10.0,31066,0.000144808,0.000134052,0.000134052,false
10.0,31095,0.000156311,0.000122294,0.000122294,false
10.0,31100,0.000544614,0.000522413,0.000522413,false
10.0,31118,0.000789736,0.000778433,0.000778433,false
10.0,31128,0.000156141,Inf,Inf,false
10.0,31130,0.00016719,0.000122826,0.000122826,false
10.0,31134,0.000144967,Inf,Inf,false
10.0,31167,0.000433343,0.000411894,0.000411894,false
10.0,31197,0.000756095,0.000722646,0.000722646,false
10.0,31202,0.00015609,Inf,Inf,false
10.0,31230,0.00017869,0.000144565,0.000144565,false
10.0,31245,0.000489693,0.000477875,0.000477875,false
10.0,31273,0.000100874,Inf,Inf,false
10.0,31277,0.00024475,0.000211946,0.000211946,false
10.0,31279,0.000489688,0.000478389,0.000478389,false
10.0,31292,0.00126735,0.000978018,0.000978018,false
10.0,31310,0.000212046,0.000178526,0.000178526,false
10.0,31319,0.000666976,0.000666839,0.000666839,false
10.0,31348,0.000145064,0.000133602,0.000133602,false
10.0,31351,5.63724e-5,5.57005e-5,5.57005e-5,false
10.0,31352,0.000122482,8.98598e-5,8.98598e-5,false
10.0,31388,0.000400731,0.000378447,0.000378447,false
10.0,31411,0.000133596,0.000122686,0.000122686,false
10.0,31415,0.000122713,Inf,Inf,false
10.0,31431,0.00118946,0.00118903,0.00118903,false
10.0,31451,0.000233687,0.000189356,0.000189356,false
10.0,31452,0.000522969,0.000466756,0.000466756,false
10.0,31578,0.000956519,0.000911455,0.000911455,false
10.0,31597,0.000400151,0.000389176,0.000389176,false
10.0,31604,0.000389735,0.000367186,0.000367186,false
10.0,31621,0.000523077,0.000489494,0.000489494,false
10.0,31624,0.000322974,0.00032274,0.00032274,false
10.0,31633,0.000111214,Inf,Inf,false
10.0,31635,0.00010048,0.000100276,0.000100276,false
10.0,31700,0.000122506,Inf,Inf,false
10.0,31712,0.00115589,0.00114466,0.00114466,false
10.0,31730,0.000100585,Inf,Inf,false
10.0,31735,0.000456216,0.000422799,0.000422799,false
10.0,31761,0.000845091,0.000800748,0.000800748,false
10.0,31772,8.95502e-5,Inf,Inf,false
10.0,31774,0.000145379,Inf,Inf,false
10.0,31852,0.000234003,0.000233687,0.000233687,false
10.0,31886,0.000511312,0.000477901,0.000477901,false
10.0,31898,0.000377943,0.00036741,0.00036741,false
10.0,31903,0.0003564,0.000356295,0.000356295,false
10.0,31982,0.000756134,0.000755886,0.000755886,false
10.0,31984,0.000822875,0.000777873,0.000777873,false
10.0,32006,0.000100527,Inf,Inf,false
10.0,32008,0.00021147,0.000200881,0.000200881,false
10.0,32041,0.000478649,0.000456414,0.000456414,false
10.0,32052,0.000600039,0.000588905,0.000588905,false
10.0,32073,0.000156511,Inf,Inf,false
10.0,32074,0.000133642,0.000122906,0.000122906,false
10.0,32077,0.000233911,0.000233532,0.000233532,false
10.0,32110,0.000356373,0.000344968,0.000344968,false
10.0,32111,0.000389562,0.000389504,0.000389504,false
10.0,32146,0.000134261,0.000123076,0.000123076,false
10.0,32172,0.000489602,0.000444579,0.000444579,false
10.0,32206,0.000944858,0.000777963,0.000777963,false
10.0,32230,0.00108934,0.00104534,0.00104534,false
10.0,32243,0.000166994,0.000134026,0.000134026,false
10.0,32283,0.000167489,0.00016726,0.00016726,false
10.0,32328,0.000467611,0.000422913,0.000422913,false
10.0,32361,0.000711845,0.000689869,0.000689869,false
10.0,32398,0.000422432,0.000389268,0.000389268,false
10.0,32414,0.000133854,0.00013378,0.00013378,false
10.0,32415,0.000100881,7.79376e-5,7.79376e-5,false
10.0,32416,0.00012252,0.000111814,0.000111814,false
10.0,32443,0.000200047,0.000189296,0.000189296,false
10.0,32460,0.000400082,0.000355769,0.000355769,false
10.0,32493,0.000100766,7.79775e-5,7.79775e-5,false
10.0,32498,7.8251e-5,Inf,Inf,false
10.0,32555,0.000789246,0.00073384,0.00073384,false
10.0,32611,0.000400888,0.000378235,0.000378235,false
10.0,32669,0.000467589,0.000456095,0.000456095,false
10.0,32682,0.000389873,0.000378136,0.000378136,false
10.0,32691,0.000400958,0.000378342,0.000378342,false
10.0,32702,0.00086682,0.00084522,0.00084522,false
10.0,32705,0.00087788,0.000789404,0.000789404,false
10.0,32759,0.000522372,0.000489687,0.000489687,false
10.0,32770,0.000389491,0.000389319,0.000389319,false
10.0,32772,0.000400831,0.000389816,0.000389816,false
10.0,32796,0.000133967,0.000122847,0.000122847,false
10.0,32797,0.000156091,0.000123058,0.000123058,false
10.0,32798,8.93025e-5,Inf,Inf,false
10.0,32800,0.000133522,Inf,Inf,false
10.0,32833,0.000445,0.000444796,0.000444796,false
10.0,32837,0.000445128,0.000444841,0.000444841,false
10.0,32839,0.000566893,0.000555644,0.000555644,false
10.0,32845,0.000389506,0.000356295,0.000356295,false
10.0,32871,0.000111557,Inf,Inf,false
10.0,32875,0.000233458,0.00018975,0.00018975,false
10.0,32991,0.000934302,0.00088909,0.00088909,false
10.0,32993,0.000889785,0.000878431,0.000878431,false
10.0,33014,7.86504e-5,Inf,Inf,false
10.0,33017,0.000155716,0.000144486,0.000144486,false
10.0,33019,0.000100775,Inf,Inf,false
10.0,33024,0.000655772,0.000644856,0.000644856,false
10.0,33049,0.000178742,0.000145359,0.000145359,false
10.0,33050,0.00016678,0.000145214,0.000145214,false
10.0,33051,0.000267198,0.000222508,0.000222508,false
10.0,33094,7.78813e-5,Inf,Inf,false
10.0,33096,0.000145238,Inf,Inf,false
10.0,33097,0.000122785,0.000111436,0.000111436,false
10.0,33124,0.000156209,0.000133987,0.000133987,false
10.0,33151,0.000756413,0.000755784,0.000755784,false
10.0,33164,0.000134144,0.000123168,0.000123168,false
10.0,33233,0.000145406,0.000144624,0.000144624,false
10.0,33234,0.000111174,Inf,Inf,false
10.0,33265,0.000256287,0.00023351,0.00023351,false
10.0,33305,0.000467578,0.000455595,0.000455595,false
10.0,33307,0.000355724,0.000334327,0.000334327,false
10.0,33317,0.000144876,Inf,Inf,false
10.0,33399,0.000545166,0.000489495,0.000489495,false
10.0,33415,0.000400496,0.000400307,0.000400307,false
10.0,33439,0.000156053,0.000134221,0.000134221,false
10.0,33475,0.000322856,0.000311113,0.000311113,false
10.0,33486,0.000422875,0.00041191,0.00041191,false
10.0,33488,0.000534182,0.00053341,0.00053341,false
10.0,33512,0.000145129,Inf,Inf,false
10.0,33542,0.000422667,0.00038952,0.00038952,false
10.0,33554,0.000378682,0.00036706,0.00036706,false
10.0,33579,0.000167063,0.000155707,0.000155707,false
10.0,33580,4.47356e-5,Inf,Inf,false
10.0,33588,0.000222717,0.000200355,0.000200355,false
10.0,33609,0.000478191,0.000467637,0.000467637,false
10.0,33620,0.000378525,0.000366762,0.000366762,false
10.0,33651,0.000111807,0.000100682,0.000100682,false
10.0,33697,0.000344686,0.000333702,0.000333702,false
10.0,33727,0.000178028,0.000166997,0.000166997,false
10.0,33728,0.000144711,0.000133656,0.000133656,false
10.0,33751,0.000911391,0.000833631,0.000833631,false
10.0,33792,0.000122964,Inf,Inf,false
10.0,33824,0.000256253,0.000222694,0.000222694,false
10.0,33842,0.000589719,0.000555831,0.000555831,false
10.0,33854,0.000700112,0.00066692,0.00066692,false
10.0,33859,0.000122897,Inf,Inf,false
10.0,33862,0.00016684,0.00013357,0.00013357,false
10.0,33867,0.000400876,0.000366941,0.000366941,false
10.0,33872,0.000711972,0.000711501,0.000711501,false
10.0,33916,0.000756272,0.000723038,0.000723038,false
10.0,33959,0.000211611,0.000189143,0.000189143,false
10.0,33960,0.000123175,7.85257e-5,7.85257e-5,false
10.0,33996,0.000167434,Inf,Inf,false
10.0,33997,5.61273e-5,Inf,Inf,false
10.0,33998,0.000145314,0.000122893,0.000122893,false
10.0,34021,0.000156047,0.000145295,0.000145295,false
10.0,34061,7.86345e-5,7.83265e-5,7.83265e-5,false
10.0,34084,0.000389554,0.000389417,0.000389417,false
10.0,34115,0.000167146,0.000134002,0.000134002,false
10.0,34193,6.70263e-5,6.67561e-5,6.67561e-5,false
10.0,34194,0.000111871,0.000100212,0.000100212,false
10.0,34195,0.000155776,0.000100139,0.000100139,false
10.0,34210,0.001123,0.00103409,0.00103409,false
10.0,34220,0.000223197,0.000212043,0.000212043,false
10.0,34233,0.00028901,0.000267485,0.000267485,false
10.0,34305,0.000212029,0.000200923,0.000200923,false
10.0,34322,0.000533995,0.000522596,0.000522596,false
10.0,34343,0.000178382,0.00015579,0.00015579,false
10.0,34345,0.000189849,Inf,Inf,false
10.0,34381,0.000456513,0.000411553,0.000411553,false
10.0,34432,0.00012229,Inf,Inf,false
10.0,34434,0.000177875,0.000167491,0.000167491,false
10.0,34436,0.000100061,8.98479e-5,8.98479e-5,false
10.0,34439,0.000400842,0.000378725,0.000378725,false
10.0,34474,0.000445303,0.000444714,0.000444714,false
10.0,34478,0.000444698,0.000423095,0.000423095,false
10.0,34482,0.000245366,0.00024465,0.00024465,false
10.0,34507,0.000166777,0.000155958,0.000155958,false
10.0,34511,0.000189386,0.000167119,0.000167119,false
10.0,34562,0.00076727,0.000756402,0.000756402,false
10.0,34575,0.000111792,0.000100847,0.000100847,false
10.0,34578,0.000167512,7.84814e-5,7.84814e-5,false
10.0,34639,4.46038e-5,Inf,Inf,false
10.0,34642,7.86092e-5,Inf,Inf,false
10.0,34644,0.000178736,Inf,Inf,false
10.0,34656,0.00120059,0.00105582,0.00105582,false
10.0,34686,0.000277922,0.00026758,0.00026758,false
10.0,34697,0.0006561,0.000633874,0.000633874,false
10.0,34769,0.000122645,0.000100097,0.000100097,false
10.0,34833,0.000156483,0.00015579,0.00015579,false
10.0,34836,0.000100218,Inf,Inf,false
10.0,34840,0.00036705,0.00035606,0.00035606,false
10.0,34900,0.000155742,0.000144635,0.000144635,false
10.0,34907,0.00083367,0.000756531,0.000756531,false
10.0,34929,0.000145348,0.000122374,0.000122374,false
10.0,34938,0.000323029,0.000311799,0.000311799,false
10.0,34945,0.000411955,0.000400745,0.000400745,false
10.0,34967,0.000123026,0.000100363,0.000100363,false
10.0,34968,7.83886e-5,Inf,Inf,false
10.0,34969,0.000178753,Inf,Inf,false
10.0,34998,0.000511907,0.000433835,0.000433835,false
10.0,35026,0.000967258,0.000955987,0.000955987,false
10.0,35079,0.000533583,0.00051166,0.00051166,false
10.0,35085,0.000766784,0.000700079,0.000700079,false
10.0,35107,0.00016756,0.000133859,0.000133859,false
10.0,35133,0.000800161,0.000778378,0.000778378,false
10.0,35138,0.000489562,0.000433788,0.000433788,false
10.0,35206,0.000855872,0.000822819,0.000822819,false
10.0,35254,0.00100082,0.00100011,0.00100011,false
10.0,35285,0.000211409,0.000178728,0.000178728,false
10.0,35287,0.000289573,0.00028894,0.00028894,false
10.0,35318,7.84121e-5,7.82743e-5,7.82743e-5,false
10.0,35358,0.000322517,0.000322284,0.000322284,false
10.0,35365,0.000767427,0.000766749,0.000766749,false
10.0,35381,0.000100738,0.000100479,0.000100479,false
10.0,35385,0.000145351,0.000122365,0.000122365,false
10.0,35407,0.000511968,0.000367559,0.000367559,false
10.0,35413,0.000278308,0.000267305,0.000267305,false
10.0,35443,0.000111413,Inf,Inf,false
10.0,35444,0.000100954,Inf,Inf,false
10.0,35449,0.000367358,0.000355685,0.000355685,false
10.0,35486,0.000234271,0.000234247,0.000234247,false
10.0,35554,0.000289072,0.000267649,0.000267649,false
10.0,35585,0.000122982,8.89748e-5,8.89748e-5,false
10.0,35590,8.96981e-5,Inf,Inf,false
10.0,35592,0.000200056,0.000155863,0.000155863,false
10.0,35600,0.00103396,0.00103358,0.00103358,false
10.0,35621,0.000478107,0.000467061,0.000467061,false
10.0,35629,0.000278451,0.000267171,0.000267171,false
10.0,35678,0.000200969,0.000178667,0.000178667,false
10.0,35687,0.000155743,0.000144735,0.000144735,false
10.0,35726,0.000123105,8.89748e-5,8.89748e-5,false
10.0,35729,0.000189116,0.000123151,0.000123151,false
10.0,35758,0.000233862,0.000200085,0.000200085,false
10.0,35769,0.000211465,0.000211359,0.000211359,false
10.0,35794,0.000111672,Inf,Inf,false
10.0,35832,0.000267362,0.000244923,0.000244923,false
10.0,35840,0.000178501,0.000112018,0.000112018,false
10.0,35876,0.000167384,0.000156363,0.000156363,false
10.0,35877,0.000145377,0.000134156,0.000134156,false
10.0,35879,0.000122283,Inf,Inf,false
10.0,35926,0.000555887,0.000555766,0.000555766,false
10.0,35939,0.00108909,0.000778264,0.000778264,false
10.0,35949,0.000745278,0.000723133,0.000723133,false
10.0,35974,0.000156363,0.000122786,0.000122786,false
10.0,35989,0.000156216,0.000156195,0.000156195,false
10.0,36010,0.000145137,Inf,Inf,false
10.0,36014,0.000889391,0.000878646,0.000878646,false
10.0,36041,0.000489337,0.000478756,0.000478756,false
10.0,36045,0.000389753,0.000389247,0.000389247,false
10.0,36064,0.000945118,0.000788919,0.000788919,false
10.0,36082,0.000167509,0.000122353,0.000122353,false
10.0,36085,8.90331e-5,Inf,Inf,false
10.0,36088,0.000155915,Inf,Inf,false
10.0,36111,0.000322791,0.000266999,0.000266999,false
10.0,36181,0.000289474,0.00026732,0.00026732,false
10.0,36182,0.000333964,0.000200153,0.000200153,false
10.0,36192,0.000700609,0.000700031,0.000700031,false
10.0,36260,0.000300603,0.000289822,0.000289822,false
10.0,36268,0.000322803,0.000322284,0.000322284,false
10.0,36291,0.00030067,0.000267206,0.000267206,false
10.0,36309,0.00101188,0.00100073,0.00100073,false
10.0,36313,0.00102276,0.000967487,0.000967487,false
10.0,36369,0.000156075,0.000123189,0.000123189,false
10.0,36372,0.00013376,0.00013363,0.00013363,false
10.0,36438,0.000100444,Inf,Inf,false
10.0,36464,0.000434249,0.000400588,0.000400588,false
10.0,36465,0.000188989,0.000178184,0.000178184,false
10.0,36493,0.000155752,8.91037e-5,8.91037e-5,false
10.0,36499,0.000822245,0.00081152,0.00081152,false
10.0,36524,0.000212018,0.000211744,0.000211744,false
10.0,36549,0.000844991,0.00074482,0.00074482,false
10.0,36565,0.00115642,0.00112316,0.00112316,false
10.0,36633,0.000166825,0.000145293,0.000145293,false
10.0,36644,0.00111111,0.00106754,0.00106754,false
10.0,36664,0.000466972,0.000455851,0.000455851,false
10.0,36689,0.000878456,0.000856092,0.000856092,false
10.0,36702,0.000834216,0.000755754,0.000755754,false
10.0,36745,0.000167317,0.000144551,0.000144551,false
10.0,36758,0.000155643,0.000145308,0.000145308,false
10.0,36769,0.000923095,0.000900668,0.000900668,false
10.0,36781,0.000200089,0.000167453,0.000167453,false
10.0,36785,0.000145367,0.00013343,0.00013343,false
10.0,36788,0.00014503,0.000111819,0.000111819,false
10.0,36802,0.00117872,0.000956305,0.000956305,false
10.0,36832,0.00022316,0.000200355,0.000200355,false
10.0,36855,0.000156332,0.000123188,0.000123188,false
10.0,36930,0.000178384,0.000166804,0.000166804,false
10.0,36944,0.00102316,0.00100066,0.00100066,false
10.0,36961,0.000511215,0.000445114,0.000445114,false
10.0,37001,0.000189473,0.000178481,0.000178481,false
10.0,37018,0.000522525,0.000512099,0.000512099,false
10.0,37035,0.000211553,0.000200441,0.000200441,false
10.0,37056,0.00016764,8.91452e-5,8.91452e-5,false
10.0,37072,0.00100048,0.00100008,0.00100008,false
10.0,37092,0.000389834,0.000367204,0.000367204,false
10.0,37097,0.000311994,0.000289233,0.000289233,false
10.0,37099,0.000267227,0.000245274,0.000245274,false
10.0,37125,8.92867e-5,8.91895e-5,8.91895e-5,false
10.0,37129,0.000155919,0.000155817,0.000155817,false
10.0,37146,0.000156086,Inf,Inf,false
10.0,37147,0.000123055,Inf,Inf,false
10.0,37162,0.000244501,0.000211246,0.000211246,false
10.0,37164,0.000233749,0.000233577,0.000233577,false
10.0,37167,0.000177993,0.000134298,0.000134298,false
10.0,37201,0.00102314,0.00100052,0.00100052,false
10.0,37230,0.000178255,0.000156279,0.000156279,false
10.0,37231,0.000133987,Inf,Inf,false
10.0,37232,0.000156202,0.000144954,0.000144954,false
10.0,37286,0.000378768,0.000377887,0.000377887,false
10.0,37298,0.00014537,8.97636e-5,8.97636e-5,false
10.0,37302,0.000189663,0.000155759,0.000155759,false
10.0,37318,0.000933524,0.000922538,0.000922538,false
10.0,37359,0.000200242,0.000178184,0.000178184,false
10.0,37373,0.000111195,Inf,Inf,false
10.0,37395,0.000155672,0.000144972,0.000144972,false
10.0,37456,0.000289236,0.000266972,0.000266972,false
10.0,37457,0.000156539,0.000122895,0.000122895,false
10.0,37459,0.000178495,Inf,Inf,false
10.0,37461,0.000122323,0.000111852,0.000111852,false
10.0,37520,0.000100343,8.94162e-5,8.94162e-5,false
10.0,37544,0.000523195,0.000512108,0.000512108,false
10.0,37553,0.000278231,0.000267351,0.000267351,false
10.0,37612,0.000211136,0.000200071,0.000200071,false
10.0,37624,0.000111522,0.000100475,0.000100475,false
10.0,37648,0.000156524,0.0001338,0.0001338,false
10.0,37679,0.000223004,0.000222496,0.000222496,false
10.0,37688,0.000267595,0.000267395,0.000267395,false
10.0,37691,0.000522504,0.000511748,0.000511748,false
10.0,37701,0.000833673,0.000777966,0.000777966,false
10.0,37711,5.62486e-5,Inf,Inf,false
10.0,37740,0.000222249,0.000189014,0.000189014,false
10.0,37780,0.000989571,0.000934161,0.000934161,false
10.0,37803,0.000345292,0.000345031,0.000345031,false
10.0,37816,0.000356196,0.000355768,0.000355768,false
10.0,37825,0.000778572,0.000777818,0.000777818,false
10.0,37840,0.000166978,Inf,Inf,false
10.0,37841,6.743e-5,5.58363e-5,5.58363e-5,false
10.0,37867,0.000444821,0.000433901,0.000433901,false
10.0,37872,0.000100057,Inf,Inf,false
10.0,37898,0.000711486,0.000689801,0.000689801,false
10.0,37909,0.000123098,0.000122637,0.000122637,false
10.0,37910,0.000156343,0.000100663,0.000100663,false
10.0,37912,3.40475e-5,Inf,Inf,false
10.0,37914,0.000166687,0.000155817,0.000155817,false
10.0,37950,0.000178165,0.000156395,0.000156395,false
10.0,37995,0.000911802,0.000900337,0.000900337,false
10.0,37999,0.000788945,0.000778389,0.000778389,false
10.0,38008,0.000245104,0.000189395,0.000189395,false
10.0,38013,0.000166861,0.000166842,0.000166842,false
10.0,38016,0.000134196,0.00010018,0.00010018,false
10.0,38018,0.000133909,Inf,Inf,false
10.0,38063,0.000122916,0.000122629,0.000122629,false
10.0,38093,0.000200272,0.000145147,0.000145147,false
10.0,38110,0.000556502,0.000500193,0.000500193,false
10.0,38124,0.000422329,0.000389871,0.000389871,false
10.0,38147,6.68171e-5,Inf,Inf,false
10.0,38212,0.000300494,0.000300125,0.000300125,false
10.0,38214,0.000100714,Inf,Inf,false
10.0,38217,0.000922635,0.000912007,0.000912007,false
10.0,38231,0.000189408,0.00016698,0.00016698,false
10.0,38262,0.00030024,0.000278301,0.000278301,false
10.0,38263,0.000178556,0.000166727,0.000166727,false
10.0,38281,0.00106672,0.000989579,0.000989579,false
10.0,38361,0.000511115,0.000500988,0.000500988,false
10.0,38389,7.80951e-5,Inf,Inf,false
10.0,38390,7.819e-5,Inf,Inf,false
10.0,38392,0.000255877,0.000211968,0.000211968,false
10.0,38410,0.000222421,0.000178347,0.000178347,false
10.0,38415,0.000411693,0.000400721,0.000400721,false
10.0,38429,0.000200922,Inf,Inf,false
10.0,38432,0.000500887,0.000500107,0.000500107,false
10.0,38456,0.000178588,0.000178471,0.000178471,false
10.0,38523,0.000944658,0.000878104,0.000878104,false
10.0,38528,0.000200688,0.000145145,0.000145145,false
10.0,38537,0.00032288,0.000311953,0.000311953,false
10.0,38554,0.000811922,0.000778575,0.000778575,false
10.0,38572,0.000167505,0.000100831,0.000100831,false
10.0,38576,3.346e-5,Inf,Inf,false
10.0,38579,0.000212101,0.000211968,0.000211968,false
10.0,38609,0.000178297,0.000155561,0.000155561,false
10.0,38610,7.82092e-5,Inf,Inf,false
10.0,38637,0.000412049,0.00040002,0.00040002,false
10.0,38668,0.000266701,0.000256453,0.000256453,false
10.0,38672,0.000422878,0.000389366,0.000389366,false
10.0,38679,0.000334114,0.000311738,0.000311738,false
10.0,38690,0.00048901,0.000478044,0.000478044,false
10.0,38695,0.000845248,0.000811276,0.000811276,false
10.0,38699,0.000789447,0.000678733,0.000678733,false
10.0,38709,0.000123141,0.000111865,0.000111865,false
10.0,38720,0.000923056,0.000811411,0.000811411,false
10.0,38737,0.000778428,0.000744579,0.000744579,false
10.0,38747,0.00047861,0.000466964,0.000466964,false
10.0,38753,0.000100746,0.000100683,0.000100683,false
10.0,38776,0.000156402,0.000100789,0.000100789,false
10.0,38807,0.000189547,0.000189531,0.000189531,false
10.0,38808,0.000200801,0.000178347,0.000178347,false
10.0,38821,0.000456032,0.000445145,0.000445145,false
10.0,38861,0.000767098,0.000766735,0.000766735,false
10.0,38891,0.000223058,0.000211901,0.000211901,false
10.0,38921,0.000100574,7.79104e-5,7.79104e-5,false
10.0,38937,0.000978081,0.000967664,0.000967664,false
10.0,38949,0.00040025,0.000389581,0.000389581,false
10.0,39011,0.000244454,0.000211553,0.000211553,false
10.0,39039,0.000133583,0.000122731,0.000122731,false
10.0,39040,0.000167225,0.000156347,0.000156347,false
10.0,39058,0.000222443,0.000177788,0.000177788,false
10.0,39067,0.000122938,0.000111901,0.000111901,false
10.0,39068,0.000178381,0.000145408,0.000145408,false
10.0,39072,0.000167338,0.000133507,0.000133507,false
10.0,39074,0.000100761,8.95421e-5,8.95421e-5,false
10.0,39099,6.73488e-5,Inf,Inf,false
10.0,39100,0.000178371,0.000178034,0.000178034,false
10.0,39141,0.000156127,0.000155762,0.000155762,false
10.0,39144,0.000367302,0.000367158,0.000367158,false
10.0,39154,0.000123179,Inf,Inf,false
10.0,39186,0.000145414,Inf,Inf,false
10.0,39212,0.000133399,Inf,Inf,false
10.0,39251,0.000133739,8.9338e-5,8.9338e-5,false
10.0,39253,0.000256511,0.000144931,0.000144931,false
10.0,39279,0.00014539,0.000145265,0.000145265,false
10.0,39281,0.00037863,0.000378602,0.000378602,false
10.0,39283,0.000522362,0.000400667,0.000400667,false
10.0,39284,0.000200807,0.000189713,0.000189713,false
10.0,39288,0.000167643,0.000166803,0.000166803,false
10.0,39289,0.000145405,0.000133371,0.000133371,false
10.0,39301,0.000723218,0.000722661,0.000722661,false
10.0,39304,0.000834309,0.000767333,0.000767333,false
10.0,39310,0.000211491,0.000200128,0.000200128,false
10.0,39311,3.43268e-5,Inf,Inf,false
10.0,39312,4.54243e-5,Inf,Inf,false
10.0,39366,0.000433696,0.000433415,0.000433415,false
10.0,39401,0.00106731,0.00103431,0.00103431,false
10.0,39406,0.000733691,0.000689642,0.000689642,false
10.0,39420,6.697e-5,Inf,Inf,false
10.0,39429,0.000522282,0.000511971,0.000511971,false
10.0,39433,0.00103364,0.000800839,0.000800839,false
10.0,39441,0.000244789,0.000234267,0.000234267,false
10.0,39444,0.00014469,0.000122468,0.000122468,false
10.0,39479,0.000156179,0.000122711,0.000122711,false
10.0,39480,0.000133902,0.000123007,0.000123007,false
10.0,39486,0.000588956,0.000567324,0.000567324,false
10.0,39521,0.00101197,0.00101188,0.00101188,false
10.0,39529,0.000178461,0.000133792,0.000133792,false
10.0,39535,0.000211486,0.000189464,0.000189464,false
10.0,39536,0.00014473,0.000123187,0.000123187,false
10.0,39562,0.000134006,0.000122793,0.000122793,false
10.0,39565,0.000123093,0.000122486,0.000122486,false
10.0,39598,0.000233741,0.000166708,0.000166708,false
10.0,39604,0.000189412,0.000178285,0.000178285,false
10.0,39615,0.000734182,0.000711451,0.000711451,false
10.0,39626,0.000234321,Inf,Inf,false
10.0,39649,0.000167113,0.000156077,0.000156077,false
10.0,39656,0.000478149,0.000478072,0.000478072,false
10.0,39666,0.000211569,0.0002113,0.0002113,false
10.0,39708,0.000222475,0.000211424,0.000211424,false
10.0,39743,0.000133992,Inf,Inf,false
10.0,39748,0.000111978,0.000111249,0.000111249,false
10.0,39778,0.000122314,Inf,Inf,false
10.0,39798,0.00065575,0.000645315,0.000645315,false
10.0,39811,0.000411579,0.000400621,0.000400621,false
10.0,39829,0.000145116,0.000145009,0.000145009,false
10.0,39854,0.000400335,0.000378554,0.000378554,false
10.0,39860,0.000100484,6.7183e-5,6.7183e-5,false
10.0,39880,0.00100097,0.000955721,0.000955721,false
10.0,39896,0.000133731,0.000123007,0.000123007,false
10.0,39898,0.000155786,Inf,Inf,false
10.0,39900,0.000522653,0.000500107,0.000500107,false
10.0,39918,0.000411445,0.000389612,0.000389612,false
10.0,39928,3.40426e-5,Inf,Inf,false
10.0,39935,0.000978624,0.000945121,0.000945121,false
10.0,39945,0.000178645,Inf,Inf,false
10.0,39956,0.000234137,0.000222242,0.000222242,false
10.0,39957,0.000178682,0.000178025,0.000178025,false
10.0,39963,0.000400136,0.00040009,0.00040009,false
10.0,39971,0.000100405,7.79104e-5,7.79104e-5,false
10.0,39976,0.000133468,0.000100756,0.000100756,false
10.0,40001,0.000144913,0.000123024,0.000123024,false
10.0,40011,0.000433912,0.000422609,0.000422609,false
10.0,40012,0.000256447,0.00024502,0.00024502,false
10.0,40018,0.000222511,Inf,Inf,false
10.0,40020,0.000144596,Inf,Inf,false
10.0,40022,0.000100507,Inf,Inf,false
10.0,40054,6.71905e-5,Inf,Inf,false
10.0,40056,0.000156302,0.000155615,0.000155615,false
10.0,40058,0.000144761,Inf,Inf,false
10.0,40088,0.000111798,Inf,Inf,false
10.0,40093,0.00047876,0.000466673,0.000466673,false
10.0,40117,0.000166853,0.000156113,0.000156113,false
10.0,40183,0.000312045,0.00025609,0.00025609,false
10.0,40213,0.000145178,0.000133468,0.000133468,false
10.0,40217,0.000123004,Inf,Inf,false
10.0,40237,0.000100272,Inf,Inf,false
10.0,40239,0.000111272,Inf,Inf,false
10.0,40251,0.00107831,0.00105577,0.00105577,false
10.0,40276,0.000245158,0.000211659,0.000211659,false
10.0,40284,0.000411235,0.00040048,0.00040048,false
10.0,40314,0.000389232,0.000367662,0.000367662,false
10.0,40346,0.000223083,0.00018929,0.00018929,false
10.0,40363,0.000145246,0.000133374,0.000133374,false
10.0,40364,0.000122389,Inf,Inf,false
10.0,40370,0.000800822,0.000800526,0.000800526,false
10.0,40379,0.000100178,Inf,Inf,false
10.0,40412,0.000266823,0.000211338,0.000211338,false
10.0,40414,0.000122417,Inf,Inf,false
10.0,40415,0.000145289,0.000133815,0.000133815,false
10.0,40444,0.000133443,0.000112003,0.000112003,false
10.0,40485,0.000122697,0.000100891,0.000100891,false
10.0,40487,0.000256503,0.000133557,0.000133557,false
10.0,40488,0.00017778,0.000167576,0.000167576,false
10.0,40515,0.000623176,0.000622727,0.000622727,false
10.0,40516,0.000622944,0.000611765,0.000611765,false
10.0,40522,0.000156178,0.000156113,0.000156113,false
10.0,40570,0.000722349,0.000656207,0.000656207,false
10.0,40594,0.000245405,0.000245097,0.000245097,false
10.0,40622,0.000500564,0.000455697,0.000455697,false
10.0,40625,0.000389413,0.000378475,0.000378475,false
10.0,40657,0.00015639,Inf,Inf,false
10.0,40673,0.00110025,0.00105648,0.00105648,false
10.0,40711,0.000111978,Inf,Inf,false
10.0,40749,0.000133759,0.00011204,0.00011204,false
10.0,40837,8.98423e-5,8.94873e-5,8.94873e-5,false
10.0,40838,0.000100073,Inf,Inf,false
10.0,40871,0.000100837,7.79819e-5,7.79819e-5,false
10.0,40872,0.000122699,8.91551e-5,8.91551e-5,false
10.0,40876,0.000145312,Inf,Inf,false
10.0,40886,0.000922995,0.000922957,0.000922957,false
10.0,40900,0.000377892,0.000366984,0.000366984,false
10.0,40909,0.00118898,0.00113404,0.00113404,false
10.0,40928,0.000122597,0.00011191,0.00011191,false
10.0,40940,0.000889438,0.000878482,0.000878482,false
10.0,40954,8.98468e-5,6.75412e-5,6.75412e-5,false
10.0,40972,0.00113371,0.00111208,0.00111208,false
10.0,40988,0.000378079,0.000355637,0.000355637,false
10.0,40991,0.000223065,0.000200153,0.000200153,false
10.0,41021,0.000145095,8.89232e-5,8.89232e-5,false
10.0,41023,0.000133991,0.000133814,0.000133814,false
10.0,41050,0.00010052,Inf,Inf,false
10.0,41051,0.000211669,0.00021126,0.00021126,false
10.0,41076,0.000878062,0.000811454,0.000811454,false
10.0,41113,0.000500913,0.000333843,0.000333843,false
10.0,41120,8.98175e-5,8.91551e-5,8.91551e-5,false
10.0,41240,0.000189291,Inf,Inf,false
10.0,41245,0.000200595,0.000156065,0.000156065,false
10.0,41265,0.000178204,0.000100201,0.000100201,false
10.0,41288,0.000366732,0.000356021,0.000356021,false
10.0,41297,0.000189848,0.000167157,0.000167157,false
10.0,41325,7.83558e-5,Inf,Inf,false
10.0,41328,7.83153e-5,Inf,Inf,false
10.0,41367,0.000155907,0.000100394,0.000100394,false
10.0,41375,0.000700913,0.000667112,0.000667112,false
10.0,41403,0.00010078,Inf,Inf,false
10.0,41406,0.000111803,0.000111326,0.000111326,false
10.0,41410,0.000423218,0.000400952,0.000400952,false
10.0,41411,0.000456026,0.000411814,0.000411814,false
10.0,41433,8.89395e-5,Inf,Inf,false
10.0,41443,0.000122562,0.000100949,0.000100949,false
10.0,41447,0.000155606,Inf,Inf,false
10.0,41505,0.000433981,0.000422398,0.000422398,false
10.0,41531,0.000145323,0.000133442,0.000133442,false
10.0,41533,0.000177909,0.000133389,0.000133389,false
10.0,41534,0.000100953,Inf,Inf,false
10.0,41535,0.000267609,0.000222313,0.000222313,false
10.0,41556,0.00021124,0.000189756,0.000189756,false
10.0,41559,0.000455979,0.000345093,0.000345093,false
10.0,41605,6.74034e-5,Inf,Inf,false
10.0,41606,4.46834e-5,Inf,Inf,false
10.0,41610,0.000433668,0.00042295,0.00042295,false
10.0,41612,0.000478496,0.000477951,0.000477951,false
10.0,41621,0.000178074,0.000177982,0.000177982,false
10.0,41625,8.92003e-5,7.79819e-5,7.79819e-5,false
10.0,41649,0.000600923,0.000589654,0.000589654,false
10.0,41654,0.000145006,0.000111115,0.000111115,false
10.0,41684,8.94881e-5,Inf,Inf,false
10.0,41685,0.00011177,Inf,Inf,false
10.0,41687,0.000144824,0.000144496,0.000144496,false
10.0,41689,0.000178374,0.000167254,0.000167254,false
10.0,41733,0.000289844,0.000289642,0.000289642,false
10.0,41734,0.000111679,8.89795e-5,8.89795e-5,false
10.0,41742,0.000700288,0.000689271,0.000689271,false
10.0,41756,0.00012266,0.000111514,0.000111514,false
10.0,41757,0.000111403,Inf,Inf,false
10.0,41781,0.00034541,0.000345199,0.000345199,false
10.0,41800,0.000800732,0.000778681,0.000778681,false
10.0,41820,0.000100741,Inf,Inf,false
10.0,41822,8.89378e-5,6.67528e-5,6.67528e-5,false
10.0,41824,5.59379e-5,Inf,Inf,false
10.0,41825,0.000134246,0.000133875,0.000133875,false
10.0,41866,0.000989711,0.000978332,0.000978332,false
10.0,41882,0.000133696,0.000111441,0.000111441,false
10.0,41883,0.000255895,0.000177937,0.000177937,false
10.0,41913,0.000133743,0.000122995,0.000122995,false
10.0,41951,0.00115613,0.00105602,0.00105602,false
10.0,41968,0.00035629,0.000356154,0.000356154,false
10.0,41976,7.77915e-5,Inf,Inf,false
10.0,42004,0.000100667,8.95303e-5,8.95303e-5,false
10.0,42040,0.000167365,0.00015634,0.00015634,false
10.0,42041,0.000122881,0.000111155,0.000111155,false
10.0,42044,0.000156308,Inf,Inf,false
10.0,42094,0.000344958,0.00030062,0.00030062,false
10.0,42106,0.000145175,0.000122923,0.000122923,false
10.0,42161,0.000178438,Inf,Inf,false
10.0,42162,0.000144563,Inf,Inf,false
10.0,42221,0.000155858,0.000134003,0.000134003,false
10.0,42247,0.000133383,0.000122443,0.000122443,false
10.0,42258,0.00103423,0.00103391,0.00103391,false
10.0,42266,0.000412104,0.000411187,0.000411187,false
10.0,42272,0.000100819,7.81365e-5,7.81365e-5,false
10.0,42273,0.000167478,Inf,Inf,false
10.0,42274,8.96647e-5,Inf,Inf,false
10.0,42280,0.000211921,0.000133343,0.000133343,false
10.0,42294,0.000167225,0.000133933,0.000133933,false
10.0,42300,0.00026741,0.000211126,0.000223039,true
10.0,42315,0.000889818,0.000878607,0.000878607,false
10.0,42320,0.000245245,0.000245171,0.000245171,false
10.0,42352,0.000578767,0.000545113,0.000545113,false
10.0,42357,0.000111445,Inf,Inf,false
10.0,42402,0.00110038,0.00084484,0.00084484,false
10.0,42428,0.0011892,0.00104477,0.00104477,false
10.0,42443,0.000545063,0.000533634,0.000533634,false
10.0,42447,0.000278403,0.000278211,0.000278211,false
10.0,42449,0.000367658,0.000334312,0.000334312,false
10.0,42453,0.000188998,0.000155891,0.000155891,false
10.0,42455,4.45709e-5,Inf,Inf,false
10.0,42474,0.000156274,0.000156043,0.000156043,false
10.0,42475,0.000167015,0.00013389,0.00013389,false
10.0,42476,0.000145006,0.000144458,0.000144458,false
10.0,42500,0.000100636,Inf,Inf,false
10.0,42522,0.000678318,0.000666945,0.000666945,false
10.0,42524,0.000822776,0.000789107,0.000789107,false
10.0,42541,7.87505e-5,7.83923e-5,7.83923e-5,false
10.0,42547,0.000467304,0.000466737,0.000466737,false
10.0,42569,0.000189758,0.00014465,0.00014465,false
10.0,42575,0.000178152,0.000167575,0.000167575,false
10.0,42577,0.00017781,Inf,Inf,false
10.0,42578,0.000166679,0.000112083,0.000112083,false
10.0,42602,8.92802e-5,Inf,Inf,false
10.0,42668,0.000122569,0.000100774,0.000100774,false
10.0,42669,8.97694e-5,Inf,Inf,false
10.0,42689,0.000289791,0.000222585,0.000222585,false
10.0,42692,0.000200765,0.00017849,0.00017849,false
10.0,42696,0.000144536,0.000123072,0.000123072,false
10.0,42704,0.000845433,0.000822522,0.000822522,false
10.0,42715,0.000133904,0.000122989,0.000122989,false
10.0,42718,0.000245106,0.000222754,0.000222754,false
10.0,42719,0.00026725,0.00025597,0.00025597,false
10.0,42768,0.000156416,0.000100225,0.000100225,false
10.0,42772,6.70616e-5,Inf,Inf,false
10.0,42799,0.000367234,0.000300396,0.000300396,false
10.0,42805,0.000155568,0.000111822,0.000111822,false
10.0,42826,6.67967e-5,Inf,Inf,false
10.0,42853,8.95685e-5,5.59079e-5,5.59079e-5,false
10.0,42860,0.000111762,8.94781e-5,8.94781e-5,false
10.0,42861,0.000211518,0.000211333,0.000211333,false
10.0,42864,0.000222903,Inf,Inf,false
10.0,42891,0.000322361,0.000277853,0.000277853,false
10.0,42925,0.000356345,0.000345299,0.000345299,false
10.0,42929,0.000233752,0.000222943,0.000222943,false
10.0,42934,0.000134126,0.000133883,0.000133883,false
10.0,42935,8.94133e-5,Inf,Inf,false
10.0,42986,0.000244584,0.000233508,0.000233508,false
10.0,42995,0.000133612,8.89143e-5,8.89143e-5,false
10.0,43000,0.000144953,0.000144919,0.000144919,false
10.0,43061,0.000166936,0.000145277,0.000145277,false
10.0,43081,0.000133597,0.000122689,0.000122689,false
10.0,43082,0.000167608,0.000112069,0.000112069,false
10.0,43113,8.91367e-5,Inf,Inf,false
10.0,43114,0.000155987,Inf,Inf,false
10.0,43118,0.000278728,0.000245383,0.000245383,false
10.0,43142,0.000145138,0.000144849,0.000144849,false
10.0,43197,0.000133727,Inf,Inf,false
10.0,43198,3.3917e-5,Inf,Inf,false
10.0,43199,6.71573e-5,Inf,Inf,false
10.0,43215,0.000278637,0.000255798,0.000255798,false
10.0,43218,0.000411615,0.000411301,0.000411301,false
10.0,43227,0.000167286,0.000155625,0.000155625,false
10.0,43239,0.000745006,0.000733688,0.000733688,false
10.0,43248,0.000133919,0.000111918,0.000111918,false
10.0,43249,0.000133745,0.000122303,0.000122303,false
10.0,43251,0.000234289,0.000223039,0.000223039,false
10.0,43285,0.000333961,0.000322366,0.000322366,false
10.0,43287,0.00013362,0.000111594,0.000111594,false
10.0,43294,0.000234196,0.000222291,0.000222291,false
10.0,43295,0.000133665,0.000100399,0.000100399,false
10.0,43301,0.000122382,0.000100319,0.000100319,false
10.0,43302,0.000200122,0.000178665,0.000178665,false
10.0,43348,0.000900891,0.0008229,0.0008229,false
10.0,43353,0.000122628,8.92853e-5,8.92853e-5,false
10.0,43357,0.000145006,7.78326e-5,7.78326e-5,false
10.0,43388,0.000144909,0.000100001,0.000100001,false
10.0,43420,0.000200406,0.000189647,0.000189647,false
10.0,43437,0.00068898,0.000656499,0.000656499,false
10.0,43441,0.000423067,0.000389607,0.000389607,false
10.0,43444,0.000188977,0.000177912,0.000177912,false
10.0,43470,0.000167412,0.00016721,0.00016721,false
10.0,43472,0.000267015,0.000256102,0.000256102,false
10.0,43474,0.00030071,0.000300512,0.000300512,false
10.0,43481,0.00016718,0.000111361,0.000111361,false
10.0,43484,0.000134182,0.000122766,0.000122766,false
10.0,43507,8.91379e-5,7.86043e-5,7.86043e-5,false
10.0,43539,0.000245246,7.79228e-5,7.79228e-5,false
10.0,43542,0.000167051,0.000122702,0.000122702,false
10.0,43543,0.000134107,0.000122599,0.000122599,false
10.0,43556,0.000289596,0.000289006,0.000289006,false
10.0,43558,0.000123133,0.000100672,0.000100672,false
10.0,43560,0.000334286,0.000334042,0.000334042,false
10.0,43579,7.87732e-5,Inf,Inf,false
10.0,43586,6.67888e-5,Inf,Inf,false
10.0,43615,0.00112247,0.00106691,0.00106691,false
10.0,43638,0.000378201,0.000345299,0.000345299,false
10.0,43640,0.000134094,0.000100304,0.000100304,false
10.0,43660,0.000100294,Inf,Inf,false
10.0,43661,0.000144797,0.000134282,0.000134282,false
10.0,43694,0.000134317,0.000111368,0.000111368,false
10.0,43725,0.0001786,Inf,Inf,false
10.0,43758,0.000244712,0.000244611,0.000244611,false
10.0,43761,0.000233494,0.000222344,0.000222344,false
10.0,43808,0.000433884,0.000389081,0.000389081,false
10.0,43809,0.000245301,0.000167218,0.000167218,false
10.0,43816,0.000223117,0.000222528,0.000222528,false
10.0,43838,0.000133576,0.000133373,0.000133373,false
10.0,43839,0.000134219,Inf,Inf,false
10.0,43862,0.00012304,0.000122327,0.000122327,false
10.0,43865,0.000178221,0.000167644,0.000167644,false
10.0,43913,0.000100915,Inf,Inf,false
10.0,43916,0.000300239,0.000289653,0.000289653,false
10.0,43926,6.7447e-5,Inf,Inf,false
10.0,43928,0.000255759,0.000234089,0.000234089,false
10.0,43945,0.000677835,0.000656512,0.000656512,false
10.0,43951,0.000123071,0.000122303,0.000122303,false
10.0,43974,0.000289288,0.000289212,0.000289212,false
10.0,43980,0.0002892,0.000267509,0.000267509,false
10.0,44000,0.000467417,0.000433508,0.000433508,false
10.0,44038,0.0002339,0.000211135,0.000211135,false
10.0,44040,0.000200814,0.000166752,0.000166752,false
10.0,44043,0.000133642,Inf,Inf,false
10.0,44059,0.000155975,0.000133475,0.000133475,false
10.0,44060,0.00012321,8.91766e-5,8.91766e-5,false
10.0,44062,0.000122839,0.000122439,0.000122439,false
10.0,44098,0.000145354,0.000111927,0.000111927,false
10.0,44099,0.000167564,8.9543e-5,8.9543e-5,false
10.0,44128,7.87235e-5,7.82299e-5,7.82299e-5,false
10.0,44142,0.0011007,0.00108977,0.00108977,false
10.0,44153,0.000300766,0.000289204,0.000289204,false
10.0,44157,0.000278682,0.000255631,0.000255631,false
10.0,44164,0.000200723,Inf,Inf,false
10.0,44188,0.000234042,0.000233817,0.000233817,false
10.0,44214,0.000333897,0.000311413,0.000311413,false
10.0,44216,0.000300281,0.000289653,0.000289653,false
10.0,44221,0.000666912,0.000634236,0.000634236,false
10.0,44225,0.000655803,0.000611735,0.000611735,false
10.0,44238,0.000278632,0.0002336,0.0002336,false
10.0,44243,0.000122315,0.000112069,0.000112069,false
10.0,44256,0.0010676,0.00105655,0.00105655,false
10.0,44271,0.00015616,0.000134251,0.000134251,false
10.0,44274,8.95855e-5,Inf,Inf,false
10.0,44281,0.0001565,Inf,Inf,false
10.0,44327,0.000112106,8.95352e-5,8.95352e-5,false
10.0,44335,0.000400542,0.000389347,0.000389347,false
10.0,44336,0.000389616,0.000389461,0.000389461,false
10.0,44357,0.000900239,0.000856199,0.000856199,false
10.0,44363,0.000166733,Inf,Inf,false
10.0,44365,0.000111911,8.97173e-5,8.97173e-5,false
10.0,44392,0.000100172,Inf,Inf,false
10.0,44393,0.000200052,0.00016743,0.00016743,false
10.0,44411,8.94666e-5,Inf,Inf,false
10.0,44415,0.00110081,0.00105639,0.00105639,false
10.0,44437,0.000144526,0.00012259,0.00012259,false
10.0,44440,0.000101,0.000100433,0.000100433,false
10.0,44444,0.000112101,6.71176e-5,6.71176e-5,false
10.0,44452,0.000611614,0.000611187,0.000611187,false
10.0,44506,0.000144969,Inf,Inf,false
10.0,44521,0.000956077,0.000933938,0.000933938,false
10.0,44530,6.68058e-5,5.61017e-5,5.61017e-5,false
10.0,44531,8.90597e-5,Inf,Inf,false
10.0,44563,0.000100517,7.78013e-5,7.78013e-5,false
10.0,44580,0.000211799,0.000156093,0.000156093,false
10.0,44581,0.000189883,Inf,Inf,false
10.0,44607,0.000867439,0.000789628,0.000789628,false
10.0,44624,0.000211132,0.000200027,0.000200027,false
10.0,44677,7.86037e-5,7.85468e-5,7.85468e-5,false
10.0,44683,0.000222875,0.00022223,0.00022223,false
10.0,44686,0.000178401,0.000155655,0.000155655,false
10.0,44705,0.00028987,0.000267646,0.000267646,false
10.0,44707,0.000144582,8.9079e-5,8.9079e-5,false
10.0,44708,0.000400807,0.000400764,0.000400764,false
10.0,44740,0.000122685,8.90917e-5,8.90917e-5,false
10.0,44751,0.000978576,0.000912032,0.000912032,false
10.0,44764,0.000156498,0.000145136,0.000145136,false
10.0,44767,0.000200966,0.00017804,0.00017804,false
10.0,44785,0.000167119,0.00014523,0.00014523,false
10.0,44795,0.00013413,0.000133988,0.000133988,false
10.0,44823,0.000123189,0.000122806,0.000122806,false
10.0,44825,3.3984e-5,Inf,Inf,false
10.0,44842,0.000233744,0.000223149,0.000223149,false
10.0,44845,0.000300937,0.000278745,0.000278745,false
10.0,44851,0.000122432,0.000111186,0.000111186,false
10.0,44852,0.000111595,Inf,Inf,false
10.0,44853,0.000200166,0.000167442,0.000167442,false
10.0,44875,0.000144789,0.000111138,0.000111138,false
10.0,44892,0.000122999,Inf,Inf,false
10.0,44894,0.000267088,0.000244787,0.000244787,false
10.0,44898,0.000289253,0.000245248,0.000245248,false
10.0,44903,0.00012236,0.000100831,0.000100831,false
10.0,44905,0.000122317,Inf,Inf,false
10.0,44921,0.000111614,Inf,Inf,false
10.0,44922,8.89512e-5,7.85539e-5,7.85539e-5,false
10.0,44931,0.000956042,0.000945312,0.000945312,false
10.0,44938,0.00120045,0.000945081,0.000945081,false
10.0,44947,6.73223e-5,Inf,Inf,false
10.0,44954,0.000144962,0.000133806,0.000133806,false
10.0,44955,0.000100512,Inf,Inf,false
10.0,45002,8.95625e-5,8.94525e-5,8.94525e-5,false
10.0,45021,0.000334025,0.000322661,0.000322661,false
10.0,45054,0.00018896,0.000167543,0.000167543,false
10.0,45055,0.000134155,0.000133573,0.000133573,false
10.0,45056,0.000133794,0.000123058,0.000123058,false
10.0,45057,0.000112093,0.000100408,0.000100408,false
10.0,45059,0.000100811,8.91583e-5,8.91583e-5,false
10.0,45064,0.000589637,0.000567621,0.000567621,false
10.0,45090,0.000122924,8.97961e-5,8.97961e-5,false
10.0,45119,0.000178264,0.000144971,0.000144971,false
10.0,45120,0.000178657,Inf,Inf,false
10.0,45122,0.000100424,6.75925e-5,6.75925e-5,false
10.0,45169,0.000189308,0.000155794,0.000155794,false
10.0,45170,0.000211892,0.000200271,0.000200271,false
10.0,45176,0.000166785,0.000133757,0.000133757,false
10.0,45177,0.000200883,0.00017855,0.00017855,false
10.0,45231,0.000155941,0.000144653,0.000144653,false
10.0,45254,7.80547e-5,Inf,Inf,false
10.0,45292,0.000167623,0.0001232,0.0001232,false
10.0,45298,0.000144735,Inf,Inf,false
10.0,45308,0.000989753,0.000889027,0.000889027,false
10.0,45370,7.84176e-5,6.71205e-5,6.71205e-5,false
10.0,45407,0.000822885,0.000745207,0.000745207,false
10.0,45417,0.000167508,0.000123219,0.000123219,false
10.0,45460,0.00018907,0.000178482,0.000178482,false
10.0,45462,0.00011163,Inf,Inf,false
10.0,45483,0.00018954,0.00015637,0.00015637,false
10.0,45486,0.000167648,Inf,Inf,false
10.0,45518,0.000155902,0.000144972,0.000144972,false
10.0,45521,0.000167594,0.000155786,0.000155786,false
10.0,45522,8.94273e-5,Inf,Inf,false
10.0,45524,0.000111139,Inf,Inf,false
10.0,45525,0.000133492,7.78618e-5,7.78618e-5,false
10.0,45543,0.000134229,6.7301e-5,0.000100479,true
10.0,45544,8.98103e-5,Inf,Inf,false
10.0,45566,0.000178453,0.000133646,0.000133646,false
10.0,45572,0.000233816,0.000222935,0.000222935,false
10.0,45573,0.000167129,0.000144684,0.000144684,false
10.0,45576,0.000233862,Inf,Inf,false
10.0,45578,0.000122598,Inf,Inf,false
10.0,45619,0.000777841,0.000767136,0.000767136,false
10.0,45633,0.000145285,0.000122335,0.000122335,false
10.0,45634,0.000156355,0.000100156,0.000100156,false
10.0,45647,0.000211737,0.000167087,0.000167087,false
10.0,45650,0.000167356,0.000134179,0.000134179,false
10.0,45674,0.000111422,Inf,Inf,false
10.0,45711,0.000144723,0.000122938,0.000122938,false
10.0,45717,0.000123031,0.000111939,0.000111939,false
10.0,45718,0.000211792,0.000188962,0.000188962,false
10.0,45719,0.000234134,0.000211733,0.000211733,false
10.0,45729,0.00092281,0.000889274,0.000889274,false
10.0,45740,0.000111528,0.000100479,0.000100479,false
10.0,45750,0.000944926,0.00091176,0.00091176,false
10.0,45758,0.000144711,Inf,Inf,false
10.0,45770,0.000122405,0.000100509,0.000100509,false
10.0,45793,0.000111199,Inf,Inf,false
10.0,45799,0.000900976,0.000867287,0.000867287,false
10.0,45815,0.000278171,0.000200251,0.000200251,false
10.0,45828,0.000178587,0.000177874,0.000177874,false
10.0,45830,0.000123221,Inf,Inf,false
10.0,45831,7.87068e-5,Inf,Inf,false
10.0,45845,0.000178407,0.000178286,0.000178286,false
10.0,45871,0.000255713,0.000189413,0.000189413,false
10.0,45890,0.000133568,0.000133386,0.000133386,false
10.0,45909,0.000145113,Inf,Inf,false
10.0,45917,0.000133689,0.000111365,0.000111365,false
10.0,45925,0.000100809,Inf,Inf,false
10.0,45926,0.000134037,0.000133738,0.000133738,false
10.0,45928,7.86064e-5,5.57278e-5,5.57278e-5,false
10.0,45946,0.000978128,0.000966801,0.000966801,false
10.0,45954,0.000167017,0.000144822,0.000144822,false
10.0,45973,0.000555571,0.000545278,0.000545278,false
10.0,45976,0.000233741,0.000189404,0.000189404,false
10.0,45980,0.000233356,0.000211582,0.000211582,false
10.0,45996,0.000878007,0.000856464,0.000856464,false
10.0,46018,0.000744647,0.000723028,0.000723028,false
10.0,46030,0.000334077,0.000300863,0.000300863,false
10.0,46034,0.000178102,0.000133733,0.000133733,false
10.0,46073,0.000189183,0.00015637,0.00015637,false
10.0,46076,0.000122827,0.000111484,0.000111484,false
10.0,46096,0.00013397,0.000133375,0.000133375,false
10.0,46099,0.000145179,0.000134021,0.000134021,false
10.0,46146,0.000489086,0.000311215,0.000311215,false
10.0,46154,0.000100928,8.92881e-5,8.92881e-5,false
10.0,46162,0.000833606,0.000800681,0.000800681,false
10.0,46171,0.000100731,Inf,Inf,false
10.0,46174,0.000188989,0.000178042,0.000178042,false
10.0,46210,0.000411938,0.00032228,0.00032228,false
10.0,46215,0.000100648,6.70754e-5,6.70754e-5,false
10.0,46243,0.000223023,0.000189743,0.000189743,false
10.0,46258,0.000266814,0.000212059,0.000212059,false
10.0,46259,0.000156276,0.000145322,0.000145322,false
10.0,46260,0.000155843,0.000111797,0.000111797,false
10.0,46265,0.00016764,8.92193e-5,8.92193e-5,false
10.0,46269,0.000200167,0.000134197,0.000134197,false
10.0,46286,4.52221e-5,Inf,Inf,false
10.0,46287,7.82704e-5,6.69983e-5,6.69983e-5,false
10.0,46290,6.68797e-5,Inf,Inf,false
10.0,46316,0.000212106,0.000178309,0.000178309,false
10.0,46330,0.000245295,0.000233879,0.000233879,false
10.0,46337,0.000222765,0.000200011,0.000200011,false
10.0,46341,0.000867226,0.000833848,0.000833848,false
10.0,46356,0.000522879,0.000500608,0.000500608,false
10.0,46385,0.000167232,0.000145148,0.000145148,false
10.0,46404,0.0001453,0.000133737,0.000133737,false
10.0,46432,0.000334133,0.000333742,0.000333742,false
10.0,46448,0.000689433,0.000623108,0.000623108,false
10.0,46453,0.000100781,Inf,Inf,false
10.0,46489,0.000467268,0.000444699,0.000444699,false
10.0,46494,0.000134296,Inf,Inf,false
10.0,46495,0.000178644,0.000156155,0.000156155,false
10.0,46496,0.000178691,0.000178203,0.000178203,false
10.0,46519,8.94435e-5,Inf,Inf,false
10.0,46556,0.000222989,0.000211641,0.000211641,false
10.0,46559,0.000134199,Inf,Inf,false
10.0,46563,0.000155776,Inf,Inf,false
10.0,46580,0.00103335,0.000867279,0.000867279,false
10.0,46615,0.000166911,Inf,Inf,false
10.0,46626,6.7503e-5,Inf,Inf,false
10.0,46633,0.000166832,Inf,Inf,false
10.0,46655,0.000100777,Inf,Inf,false
10.0,46659,0.000878231,0.000855654,0.000855654,false
10.0,46676,0.000389527,0.000356094,0.000356094,false
10.0,46678,0.0002895,0.000211641,0.000211641,false
10.0,46717,0.000122756,0.000111452,0.000111452,false
10.0,46772,0.000134289,Inf,Inf,false
10.0,46815,0.000223042,0.000211663,0.000211663,false
10.0,46821,0.000123116,0.000100287,0.000100287,false
10.0,46823,0.000166979,0.000166966,0.000166966,false
10.0,46824,0.000100814,Inf,Inf,false
10.0,46829,0.000178612,0.000178425,0.000178425,false
10.0,46851,0.000211615,0.00021139,0.00021139,false
10.0,46852,0.0001895,0.000178295,0.000178295,false
10.0,46853,6.71716e-5,Inf,Inf,false
10.0,46871,0.000244642,0.000222278,0.000222278,false
10.0,46879,0.000111177,8.91584e-5,8.91584e-5,false
10.0,46880,0.000145339,0.000133937,0.000133937,false
10.0,46885,0.00033372,0.000311915,0.000311915,false
10.0,46902,0.000489834,0.000488983,0.000488983,false
10.0,46906,0.000111875,0.000111234,0.000111234,false
10.0,46907,0.000144618,Inf,Inf,false
10.0,46918,0.0010676,0.00103387,0.00103387,false
10.0,46923,0.000789829,0.000778314,0.000778314,false
10.0,46930,0.000122532,0.000100215,0.000100215,false
10.0,46941,0.000278248,0.000212111,0.000212111,false
10.0,46944,0.000178058,0.000177832,0.000177832,false
10.0,46947,0.000144921,0.000111617,0.000111617,false
10.0,46948,7.79867e-5,Inf,Inf,false
10.0,46954,0.000100512,Inf,Inf,false
10.0,46955,0.00013416,0.000123132,0.000123132,false
10.0,46957,0.000233936,0.000222655,0.000222655,false
10.0,46977,0.000133435,0.000122773,0.000122773,false
10.0,46979,7.84494e-5,Inf,Inf,false
10.0,46980,0.000233426,0.000178679,0.000178679,false
10.0,46983,0.000867236,0.000811896,0.000811896,false
10.0,47005,0.000123186,0.000122496,0.000122496,false
10.0,47028,0.000111833,0.000100379,0.000100379,false
10.0,47030,0.000167626,Inf,Inf,false
10.0,47065,0.000145411,0.000145253,0.000145253,false
10.0,47117,0.000200071,0.000167586,0.000167586,false
10.0,47122,0.00035653,0.000355582,0.000355582,false
10.0,47125,5.591e-5,Inf,Inf,false
10.0,47127,7.84125e-5,Inf,Inf,false
10.0,47143,0.000911675,0.000900329,0.000900329,false
10.0,47153,0.000945088,0.000923205,0.000923205,false
10.0,47158,0.000789578,0.000789342,0.000789342,false
10.0,47183,0.000888995,0.000877895,0.000877895,false
10.0,47200,0.000167115,Inf,Inf,false
10.0,47218,0.000844455,0.000823128,0.000823128,false
10.0,47227,0.000122419,0.00011155,0.00011155,false
10.0,47231,0.000144596,0.000122995,0.000122995,false
10.0,47234,0.00010093,0.000100325,0.000100325,false
10.0,47256,6.70039e-5,Inf,Inf,false
10.0,47288,0.000377852,0.000366856,0.000366856,false
10.0,47292,0.000111685,Inf,Inf,false
10.0,47296,0.000144513,0.000122707,0.000122707,false
10.0,47298,0.000322959,0.000322611,0.000322611,false
10.0,47321,0.000478188,0.000478059,0.000478059,false
10.0,47340,0.000178393,0.000156035,0.000156035,false
10.0,47341,0.00032306,0.000211663,0.000211663,false
10.0,47351,8.97123e-5,8.90699e-5,8.90699e-5,false
10.0,47381,0.000189382,0.000189055,0.000189055,false
10.0,47396,0.000867265,0.000867081,0.000867081,false
10.0,47402,0.00024485,0.000234036,0.000234036,false
10.0,47403,8.93706e-5,Inf,Inf,false
10.0,47404,0.000145058,0.000144558,0.000144558,false
10.0,47457,0.000267119,0.000256435,0.000256435,false
10.0,47458,0.000112,Inf,Inf,false
10.0,47460,0.000200221,Inf,Inf,false
10.0,47486,0.000255902,0.000233953,0.000233953,false
10.0,47489,7.80132e-5,Inf,Inf,false
10.0,47509,0.000267132,0.000233814,0.000233814,false
10.0,47517,0.000111255,Inf,Inf,false
10.0,47518,0.000144659,0.000133904,0.000133904,false
10.0,47522,0.000156246,0.000133874,0.000133874,false
10.0,47530,0.000878203,0.000878141,0.000878141,false
10.0,47576,0.000322424,0.000289191,0.000289191,false
10.0,47622,0.000223085,0.000223015,0.000223015,false
10.0,47632,0.000167488,0.000100668,0.000100668,false
10.0,47649,0.000189661,0.000189055,0.000189055,false
10.0,47673,0.000133347,Inf,Inf,false
10.0,47677,0.000167546,Inf,Inf,false
10.0,47680,0.000456207,0.000423042,0.000423042,false
10.0,47694,7.80296e-5,Inf,Inf,false
10.0,47695,0.000111514,Inf,Inf,false
10.0,47748,0.000155733,Inf,Inf,false
10.0,47749,0.000156299,0.000122344,0.000122344,false
10.0,47750,6.68356e-5,Inf,Inf,false
10.0,47756,0.000756484,0.000756102,0.000756102,false
10.0,47778,0.000111842,0.000100314,0.000100314,false
10.0,47781,0.000134233,0.000111176,0.000111176,false
10.0,47790,0.000733943,0.000722746,0.000722746,false
10.0,47807,0.000122975,Inf,Inf,false
10.0,47808,0.000189155,0.000178373,0.000178373,false
10.0,47810,0.000489134,0.000467055,0.000467055,false
10.0,47817,0.00086754,0.000811866,0.000811866,false
10.0,47833,0.000100647,Inf,Inf,false
10.0,47835,0.000156475,0.000144652,0.000144652,false
10.0,47841,0.000167584,Inf,Inf,false
10.0,47845,0.000356377,0.00035599,0.00035599,false
10.0,47864,0.000289246,0.000255732,0.000255732,false
10.0,47875,0.00107824,0.00107788,0.00107788,false
10.0,47887,0.000156426,0.000122868,0.000122868,false
10.0,47891,0.000155933,0.000155656,0.000155656,false
10.0,47892,0.000134245,0.000122923,0.000122923,false
10.0,47894,0.000122721,0.000111662,0.000111662,false
10.0,47901,8.92394e-5,8.90971e-5,8.90971e-5,false
10.0,47911,0.000900832,0.000878261,0.000878261,false
10.0,47922,3.41555e-5,Inf,Inf,false
10.0,47923,0.000200927,0.000167524,0.000167524,false
10.0,47946,0.000156257,0.000100361,0.000100361,false
10.0,47947,0.000167305,0.000144939,0.000144939,false
10.0,47949,0.000378692,0.000378659,0.000378659,false
10.0,47953,0.000112017,Inf,Inf,false
10.0,47957,0.000111477,0.000100846,0.000100846,false
10.0,47972,0.000178374,0.00016733,0.00016733,false
10.0,47990,0.000411578,0.000356292,0.000356292,false
10.0,48001,0.000156171,0.000133682,0.000133682,false
10.0,48009,0.000400124,0.000367378,0.000367378,false
10.0,48066,0.000345019,0.000344648,0.000344648,false
10.0,48070,0.000100615,8.9702e-5,8.9702e-5,false
10.0,48071,0.000123156,0.000100281,0.000100281,false
10.0,48091,0.000111296,0.000100811,0.000100811,false
10.0,48092,0.000211216,Inf,Inf,false
10.0,48110,0.000822681,0.000822511,0.000822511,false
10.0,48119,0.00010039,Inf,Inf,false
10.0,48126,0.000122721,0.000111879,0.000111879,false
10.0,48127,0.000178449,0.000155824,0.000155824,false
10.0,48128,0.000100925,Inf,Inf,false
10.0,48131,0.000211667,Inf,Inf,false
10.0,48133,8.92424e-5,Inf,Inf,false
10.0,48159,0.000155904,0.000144807,0.000144807,false
10.0,48169,0.000800878,0.000777821,0.000777821,false
10.0,48172,0.000834106,0.000811235,0.000811235,false
10.0,48179,0.00108987,0.00101122,0.00101122,false
10.0,48189,0.000222903,0.000222818,0.000222818,false
10.0,48224,0.000167448,Inf,Inf,false
10.0,48225,0.000155676,0.000155609,0.000155609,false
10.0,48244,0.000878123,0.000833664,0.000833899,true
10.0,48249,0.000234285,0.000233993,0.000233993,false
10.0,48257,0.000100176,Inf,Inf,false
10.0,48280,0.000156236,0.000155821,0.000155821,false
10.0,48311,0.000278722,0.000278387,0.000278387,false
10.0,48313,0.000111943,Inf,Inf,false
10.0,48315,0.000100697,Inf,Inf,false
10.0,48316,0.000156343,0.000133499,0.000133499,false
10.0,48355,0.000155843,0.000144656,0.000144656,false
10.0,48356,0.000167205,0.000144465,0.000144465,false
10.0,48358,0.000200605,Inf,Inf,false
10.0,48378,0.000134111,0.000122471,0.000122471,false
10.0,48397,0.000378461,0.000367302,0.000367302,false
10.0,48404,0.000233861,0.000222714,0.000222714,false
10.0,48408,0.00011124,0.000100171,0.000100171,false
10.0,48434,0.000444667,0.000433932,0.000433932,false
10.0,48470,0.000144885,0.000111879,0.000111879,false
10.0,48476,0.000122275,0.000111373,0.000111373,false
10.0,48526,0.000122819,Inf,Inf,false
10.0,48528,0.000167193,0.000156337,0.000156337,false
10.0,48552,0.000112014,0.000111123,0.000111123,false
10.0,48564,0.000878742,0.000844715,0.000844715,false
10.0,48578,8.90525e-5,7.8629e-5,7.8629e-5,false
10.0,48579,0.0001342,0.000122627,0.000122627,false
10.0,48582,0.00027856,0.000222784,0.000222784,false
10.0,48583,0.000133768,Inf,Inf,false
10.0,48595,0.000855917,0.000811674,0.000811674,false
10.0,48605,0.000800642,0.000800393,0.000800393,false
10.0,48612,0.000211538,0.000167047,0.000167047,false
10.0,48639,0.000377813,0.000344799,0.000344799,false
10.0,48654,0.000966954,0.000878162,0.000878162,false
10.0,48669,0.000212072,0.000189492,0.000189492,false
10.0,48685,0.00108939,0.00102314,0.00102314,false
10.0,48706,0.000189504,0.000144901,0.000144901,false
10.0,48715,0.000423179,0.000411647,0.000411647,false
10.0,48736,0.000178603,0.000144875,0.000144875,false
10.0,48737,0.000134093,0.000100411,0.000100411,false
10.0,48743,0.000489482,0.000466988,0.000466988,false
10.0,48766,0.000378708,0.000367282,0.000367282,false
10.0,48769,0.000122615,0.000100493,0.000100493,false
10.0,48775,0.000133964,0.00013396,0.00013396,false
10.0,48795,0.000622372,0.000611945,0.000611945,false
10.0,48800,0.000122974,0.000122727,0.000122727,false
10.0,48836,0.000133706,0.000111717,0.000111717,false
10.0,48849,0.000155899,0.000133544,0.000133544,false
10.0,48855,0.000100317,0.000100281,0.000100281,false
10.0,48856,0.000134136,Inf,Inf,false
10.0,48891,0.00010025,8.96501e-5,8.96501e-5,false
10.0,48892,0.000166735,0.000144637,0.000144637,false
10.0,48899,0.000133866,0.000122514,0.000122514,false
10.0,48900,0.000144895,0.000111235,0.000111235,false
10.0,48905,0.000178691,0.00015566,0.00015566,false
10.0,48907,0.000144556,0.000111318,0.000111318,false
10.0,48908,0.000100592,7.80413e-5,7.80413e-5,false
10.0,48931,0.000745138,0.000734092,0.000734092,false
10.0,48951,0.00024488,0.000222933,0.000222933,false
10.0,48956,0.000123084,0.000122325,0.000122325,false
10.0,48981,0.000178639,0.000166885,0.000166885,false
10.0,48988,0.000523218,0.000466965,0.000466965,false
10.0,48995,0.000889838,0.000878735,0.000878735,false
10.0,48999,0.000866817,0.000844732,0.000844732,false
10.0,49000,0.00083432,0.000833899,0.000833899,false
10.0,49008,0.000189812,0.00011188,0.00011188,false
10.0,49040,0.000166733,0.000156308,0.000156308,false
10.0,49041,0.000245411,Inf,Inf,false
10.0,49042,0.000122879,0.000111573,0.000111573,false
10.0,49062,0.000378209,0.000345255,0.000345255,false
10.0,49069,0.000144959,Inf,Inf,false
10.0,49112,0.000167353,Inf,Inf,false
10.0,49121,0.000100857,7.86129e-5,7.86129e-5,false
10.0,49123,0.000189611,0.000178525,0.000178525,false
10.0,49128,0.000145429,Inf,Inf,false
10.0,49130,0.000122403,Inf,Inf,false
10.0,49149,0.000122911,Inf,Inf,false
10.0,49165,0.000212002,0.000211882,0.000211882,false
10.0,49184,0.000312087,0.00030081,0.00030081,false
10.0,49216,0.000144677,0.000133886,0.000133886,false
10.0,49217,0.00014449,0.000134244,0.000134244,false
10.0,49222,0.000289577,0.000278215,0.000278215,false
10.0,49278,0.000467203,0.000422421,0.000422421,false
10.0,49279,0.000478158,0.000445221,0.000445221,false
10.0,49312,0.000389039,0.000378278,0.000378278,false
10.0,49314,6.75362e-5,Inf,Inf,false
10.0,49372,0.000177852,0.000166849,0.000166849,false
10.0,49373,0.000100875,Inf,Inf,false
10.0,49424,0.000144856,0.000133451,0.000133451,false
10.0,49478,0.000900033,0.000844681,0.000844681,false
10.0,49485,0.000178,0.000177804,0.000177804,false
10.0,49494,0.000233907,0.000144962,0.000144962,false
10.0,49497,0.000155601,0.000133889,0.000133889,false
10.0,49498,0.000166795,0.000155833,0.000155833,false
10.0,49502,0.000155892,0.000123174,0.000123174,false
10.0,49523,0.0001563,0.000100941,0.000100941,false
10.0,49526,0.000100252,Inf,Inf,false
10.0,49555,0.000267103,0.0002112,0.0002112,false
10.0,49559,0.000122844,0.000100465,0.000100465,false
10.0,49568,0.00010017,Inf,Inf,false
10.0,49577,0.000989,0.000778456,0.000778456,false
10.0,49599,0.000311487,0.000300042,0.000300042,false
10.0,49602,8.98119e-5,Inf,Inf,false
10.0,49603,0.000134259,Inf,Inf,false
10.0,49609,7.84494e-5,Inf,Inf,false
10.0,49633,0.000167521,0.000156307,0.000156307,false
10.0,49659,0.000133954,0.000133597,0.000133597,false
10.0,49666,0.000267502,0.000200849,0.000200849,false
10.0,49685,0.000145419,0.000144779,0.000144779,false
10.0,49723,0.000166821,0.000144708,0.000144708,false
10.0,49724,0.000166739,0.00015593,0.00015593,false
10.0,49747,0.000167414,0.000167117,0.000167117,false
10.0,49779,0.000178313,0.000134,0.000134,false
10.0,49801,0.000334258,0.000311873,0.000311873,false
10.0,49862,7.81868e-5,Inf,Inf,false
10.0,49880,0.000133559,0.000123058,0.000123058,false
10.0,49881,8.95583e-5,8.89589e-5,8.89589e-5,false
10.0,49884,0.000177794,0.000166971,0.000166971,false
10.0,49890,0.000134249,0.000133964,0.000133964,false
10.0,49894,0.000433947,0.000423114,0.000423114,false
10.0,49914,0.000145108,0.000144475,0.000144475,false
10.0,49917,0.000367647,0.000367479,0.000367479,false
10.0,49919,0.000411479,0.000400898,0.000400898,false
10.0,49933,0.000378572,0.000378278,0.000378278,false
10.0,49935,0.000122436,Inf,Inf,false
10.0,49941,0.000312097,0.000289671,0.000289671,false
10.0,50006,0.000133986,0.000133674,0.000133674,false
10.0,50010,0.000344536,0.000244983,0.000244983,false
10.0,50035,0.000155742,0.000133968,0.000133968,false
10.0,50067,0.000222692,0.000189257,0.000189257,false
10.0,50068,0.000211836,0.000211779,0.000211779,false
10.0,50072,0.000167619,0.000122952,0.000122952,false
10.0,50075,0.00016697,0.000144513,0.000144513,false
10.0,50079,0.000111595,Inf,Inf,false
10.0,50090,0.000844968,0.000834332,0.000834332,false
10.0,50103,0.000223025,0.000156334,0.000156334,false
10.0,50126,0.000100818,0.000100598,0.000100598,false
10.0,50128,0.000100844,Inf,Inf,false
10.0,50129,0.00025653,0.000234089,0.000234089,false
10.0,50132,8.93024e-5,Inf,Inf,false
10.0,50138,0.000167024,Inf,Inf,false
10.0,50141,0.00018955,Inf,Inf,false
10.0,50164,0.000322959,0.000311534,0.000311534,false
10.0,50167,0.000123105,0.000122302,0.000122302,false
10.0,50187,0.000134096,0.000134082,0.000134082,false
10.0,50189,0.000311924,0.000289673,0.000289673,false
10.0,50194,0.000134091,0.000122442,0.000122442,false
10.0,50224,0.000167087,0.000166706,0.000166706,false
10.0,50225,0.00015653,0.000133452,0.000133452,false
10.0,50226,0.00018906,Inf,Inf,false
10.0,50227,6.73805e-5,5.63648e-5,5.63648e-5,false
10.0,50256,0.000211552,0.000211407,0.000211407,false
10.0,50265,0.000978562,0.000900035,0.000900035,false
10.0,50301,0.00031126,0.000289761,0.000289761,false
10.0,50344,0.000300563,0.000256064,0.000256064,false
10.0,50354,0.000200903,0.000133733,0.000133733,false
10.0,50389,0.000333782,0.000311471,0.000311471,false
10.0,50390,0.000167145,0.000155907,0.000155907,false
10.0,50394,0.00015565,Inf,Inf,false
10.0,50395,0.000178438,0.000156527,0.000156527,false
10.0,50406,0.000956493,0.000944756,0.000944756,false
10.0,50421,7.83945e-5,Inf,Inf,false
10.0,50422,7.86724e-5,Inf,Inf,false
10.0,50441,0.000745096,0.000722947,0.000722947,false
10.0,50442,0.000112108,0.000111874,0.000111874,false
10.0,50450,0.000178719,0.000133733,0.000133733,false
10.0,50459,6.67103e-5,5.57758e-5,5.57758e-5,false
10.0,50462,0.000266995,0.00021175,0.00021175,false
10.0,50481,0.000134028,0.000100164,0.000100164,false
10.0,50497,0.00115644,0.00113358,0.00113358,false
10.0,50511,8.98376e-5,7.82774e-5,7.82774e-5,false
10.0,50527,0.000311376,0.000289493,0.000289493,false
10.0,50537,0.000866676,0.000822962,0.000822962,false
10.0,50567,0.000400883,0.000367517,0.000367517,false
10.0,50585,0.000234146,0.000222826,0.000222826,false
10.0,50586,0.000123031,Inf,Inf,false
10.0,50587,0.000166905,Inf,Inf,false
10.0,50609,0.00013387,Inf,Inf,false
10.0,50631,0.00018958,0.000189376,0.000189376,false
10.0,50632,0.000122517,7.8081e-5,7.8081e-5,false
10.0,50635,0.000267611,0.000111577,0.000111577,false
10.0,50640,7.84154e-5,6.67805e-5,6.67805e-5,false
10.0,50667,0.000134232,0.000111133,0.000111133,false
10.0,50693,8.89978e-5,7.86995e-5,7.86995e-5,false
10.0,50695,0.000244814,0.000222511,0.000222511,false
10.0,50701,0.000223038,Inf,Inf,false
10.0,50702,0.00018959,0.000178556,0.000178556,false
10.0,50705,0.000189613,0.000189323,0.000189323,false
10.0,50706,0.000145413,8.89004e-5,8.89004e-5,false
10.0,50710,0.000144764,0.000133674,0.000133674,false
10.0,50729,0.000111376,8.94374e-5,8.94374e-5,false
10.0,50780,0.000100999,Inf,Inf,false
10.0,50783,0.000167383,0.000133516,0.000133516,false
10.0,50787,0.000400047,0.0004,0.0004,false
10.0,50810,0.000178765,0.000100035,0.000100035,false
10.0,50819,0.000111781,Inf,Inf,false
10.0,50860,0.00013428,0.000111238,0.000111238,false
10.0,50863,0.000178679,0.00014537,0.00014537,false
10.0,50871,0.000167019,0.000133403,0.000133403,false
10.0,50927,0.000833956,0.000789368,0.000789368,false
10.0,50970,0.000123216,Inf,Inf,false
10.0,51012,0.000267452,0.000267155,0.000267155,false
10.0,51015,0.000189015,0.000178297,0.000178297,false
10.0,51017,0.000167322,0.000144962,0.000144962,false
10.0,51020,0.000156496,0.000111674,0.000111674,false
10.0,51021,0.000233897,0.000212044,0.000212044,false
10.0,51041,4.49831e-5,Inf,Inf,false
10.0,51063,0.000178159,0.000167636,0.000167636,false
10.0,51067,8.96965e-5,Inf,Inf,false
10.0,51070,0.000122438,Inf,Inf,false
10.0,51071,0.000155785,0.000122829,0.000122829,false
10.0,51073,0.000378083,0.000367502,0.000367502,false
10.0,51114,0.000745342,0.000733447,0.000733447,false
10.0,51117,0.000712043,0.000711261,0.000711261,false
10.0,51123,0.000156252,Inf,Inf,false
10.0,51153,0.000134249,0.000133947,0.000133947,false
10.0,51154,0.000200495,0.000178226,0.000178226,false
10.0,51176,0.000367184,0.000289237,0.000289237,false
10.0,51182,0.000222257,0.000167188,0.000167188,false
10.0,51183,0.000200367,0.000200266,0.000200266,false
10.0,51199,0.00088956,0.000800511,0.000800511,false
10.0,51236,8.91294e-5,Inf,Inf,false
10.0,51242,0.000188957,0.000188901,0.000188901,false
10.0,51243,0.00016696,0.000145162,0.000145162,false
10.0,51245,0.000167364,0.000166827,0.000166827,false
10.0,51272,6.674e-5,Inf,Inf,false
10.0,51329,4.4763e-5,Inf,Inf,false
10.0,51331,0.000422474,0.000412049,0.000412049,false
10.0,51349,0.000311545,0.000256358,0.000256358,false
10.0,51351,0.00013346,0.000100925,0.000100925,false
10.0,51354,0.00026685,0.000255925,0.000255925,false
10.0,51364,0.000933709,0.000922471,0.000922471,false
10.0,51387,0.000989883,0.00086717,0.00086717,false
10.0,51404,0.000212005,0.000211768,0.000211768,false
10.0,51412,0.000156321,8.96331e-5,8.96331e-5,false
10.0,51432,7.78222e-5,Inf,Inf,false
10.0,51437,0.000600044,0.000589407,0.000589407,false
10.0,51456,0.000133678,Inf,Inf,false
10.0,51458,0.000222499,0.000200916,0.000200916,false
10.0,51461,0.000200896,0.000189432,0.000189432,false
10.0,51491,0.000178193,0.000177984,0.000177984,false
10.0,51526,0.000122954,0.000111753,0.000111753,false
10.0,51528,0.000178726,0.000133656,0.000133656,false
10.0,51550,0.000167595,0.000166747,0.000166747,false
10.0,51560,0.000200543,0.000167626,0.000167626,false
10.0,51585,0.000478032,0.000445207,0.000445207,false
10.0,51610,8.92843e-5,Inf,Inf,false
10.0,51612,5.55793e-5,Inf,Inf,false
10.0,51622,0.000134012,0.000133592,0.000133592,false
10.0,51624,0.000144489,0.000122716,0.000122716,false
10.0,51661,0.000700238,0.000689875,0.000689875,false
10.0,51682,0.000189714,0.000189214,0.000189214,false
10.0,51689,0.000133528,0.000133382,0.000133382,false
10.0,51723,0.00120068,0.000933974,0.000933974,false
10.0,51737,7.80353e-5,Inf,Inf,false
10.0,51745,0.000156488,0.000145126,0.000145126,false
10.0,51757,0.000911505,0.000900035,0.000900035,false
10.0,51771,0.000144956,Inf,Inf,false
10.0,51798,0.00021196,0.000133486,0.000133486,false
10.0,51801,0.000278631,7.78285e-5,7.78285e-5,false
10.0,51802,7.87312e-5,Inf,Inf,false
10.0,51805,0.00014521,0.000134293,0.000134293,false
10.0,51806,0.000112081,0.000100486,0.000100486,false
10.0,51819,0.00103345,0.000900016,0.000900016,false
10.0,51826,0.000256547,0.000234047,0.000234047,false
10.0,51849,0.000189088,0.000178163,0.000178163,false
10.0,51850,0.000100229,8.92189e-5,8.92189e-5,false
10.0,51862,8.90876e-5,Inf,Inf,false
10.0,51863,0.000133951,0.00012308,0.00012308,false
10.0,51867,0.000256508,0.000211624,0.000211624,false
10.0,51873,7.8763e-5,Inf,Inf,false
10.0,51903,0.000266942,0.000222565,0.000222565,false
10.0,51935,0.000245211,0.000222289,0.000222289,false
10.0,51936,0.000200669,0.000178319,0.000178319,false
10.0,51940,0.00010023,7.86821e-5,7.86821e-5,false
10.0,51941,0.000189288,0.00017877,0.00017877,false
10.0,51972,0.000923201,0.000911971,0.000911971,false
10.0,51997,0.000200181,Inf,Inf,false
10.0,52003,0.00021185,0.000211688,0.000211688,false
10.0,52017,0.000945417,0.000900793,0.000900793,false
10.0,52029,7.85956e-5,Inf,Inf,false
10.0,52030,0.000167666,0.000167178,0.000167178,false
10.0,52031,0.000234292,0.000200768,0.000200768,false
10.0,52049,0.000267568,0.000267106,0.000267106,false
10.0,52050,0.000278628,0.000277908,0.000277908,false
10.0,52073,7.84286e-5,Inf,Inf,false
10.0,52098,0.000100225,Inf,Inf,false
10.0,52099,0.000200387,0.000178329,0.000178329,false
10.0,52102,0.000323015,0.000322413,0.000322413,false
10.0,52115,0.00011187,Inf,Inf,false
10.0,52143,0.000223106,0.000222949,0.000222949,false
10.0,52163,0.00040063,0.000400182,0.000400182,false
10.0,52167,0.000189582,0.000145106,0.000145106,false
10.0,52176,0.000111869,Inf,Inf,false
10.0,52183,0.000433797,0.000422948,0.000422948,false
10.0,52206,0.000100083,Inf,Inf,false
10.0,52235,0.000177852,0.000166812,0.000166812,false
10.0,52237,7.81256e-5,Inf,Inf,false
10.0,52238,0.000222696,0.000222621,0.000222621,false
10.0,52269,0.000145158,0.000144823,0.000144823,false
10.0,52272,0.000223052,0.000211219,0.000211219,false
10.0,52273,0.000522964,0.000488941,0.000488941,false
10.0,52296,0.000111279,0.000100977,0.000100977,false
10.0,52297,0.00017857,0.000178112,0.000178112,false
10.0,52301,0.000156021,0.000123083,0.000123083,false
10.0,52318,7.78884e-5,5.6098e-5,5.6098e-5,false
10.0,52321,0.000467166,0.0004446,0.0004446,false
10.0,52353,0.000478768,0.000456541,0.000456541,false
10.0,52370,0.000178361,Inf,Inf,false
10.0,52394,0.000445087,0.000389307,0.000389307,false
10.0,52398,0.000178267,0.000166951,0.000166951,false
10.0,52400,0.000200756,0.000144689,0.000144689,false
10.0,52402,7.81808e-5,Inf,Inf,false
10.0,52404,0.000144753,0.00012304,0.00012304,false
10.0,52452,0.000100579,Inf,Inf,false
10.0,52458,0.000767086,0.000755714,0.000755714,false
10.0,52473,0.000167311,0.000144834,0.000144834,false
10.0,52494,0.000178351,0.000177897,0.000177897,false
10.0,52499,0.000189841,0.000144669,0.000144669,false
10.0,52504,0.000167349,0.000156394,0.000156394,false
10.0,52530,0.000166907,0.000100229,0.000100229,false
10.0,52533,7.7883e-5,6.71418e-5,6.71418e-5,false
10.0,52537,0.000311872,0.000300763,0.000300763,false
10.0,52585,0.000223154,0.000211252,0.000211252,false
10.0,52597,0.000711679,0.000678618,0.000678618,false
10.0,52617,0.000989089,0.000945126,0.000945126,false
10.0,52632,0.000211565,0.000178044,0.000178044,false
10.0,52672,0.000956433,0.000878574,0.000878574,false
10.0,52686,0.000178724,0.000178448,0.000178448,false
10.0,52699,0.000122602,Inf,Inf,false
10.0,52731,0.000556293,0.000556246,0.000556246,false
10.0,52749,8.98547e-5,Inf,Inf,false
10.0,52756,7.78829e-5,Inf,Inf,false
10.0,52780,0.000511476,0.000467074,0.000467074,false
10.0,52802,0.000200506,0.000155638,0.000155638,false
10.0,52811,0.000188999,0.000167309,0.000167309,false
10.0,52840,0.00045627,0.000455599,0.000455599,false
10.0,52846,0.000900325,0.000889753,0.000889753,false
10.0,52861,0.000100923,0.000100461,0.000100461,false
10.0,52866,0.000322697,0.000211192,0.000211192,false
10.0,52877,0.000744958,0.000689827,0.000689827,false
10.0,52892,0.000134103,0.000111209,0.000111209,false
10.0,52893,0.000244974,0.000223031,0.000223031,false
10.0,52919,0.000211513,0.000178032,0.000178032,false
10.0,52959,0.000433482,0.000411192,0.000411192,false
10.0,52969,0.000189235,0.00013419,0.00013419,false
10.0,52973,0.00020076,0.000178426,0.000178426,false
10.0,52980,0.000278113,0.000189031,0.000189031,false
10.0,52982,0.000211572,0.000188981,0.000188981,false
10.0,52983,6.68262e-5,Inf,Inf,false
10.0,52984,0.000233919,0.000233867,0.000233867,false
10.0,52985,0.000256495,0.00025638,0.00025638,false
10.0,53003,0.000222449,0.000211386,0.000211386,false
10.0,53007,8.89909e-5,Inf,Inf,false
10.0,53024,0.000956142,0.000944999,0.000944999,false
10.0,53031,0.000100722,6.70187e-5,6.70187e-5,false
10.0,53039,7.85401e-5,Inf,Inf,false
10.0,53052,0.00102296,0.000923153,0.000923153,false
10.0,53057,0.000155701,0.000144867,0.000144867,false
10.0,53058,0.000144767,0.000133352,0.000133352,false
10.0,53080,0.000189002,0.000156553,0.000156553,false
10.0,53084,0.000222638,0.000178125,0.000178125,false
10.0,53087,0.000255783,0.000200378,0.000200378,false
10.0,53145,0.000156392,0.000155944,0.000155944,false
10.0,53152,0.000122549,0.000111122,0.000111122,false
10.0,53153,0.00024529,0.000144951,0.000144951,false
10.0,53206,0.000167503,Inf,Inf,false
10.0,53212,0.000311978,0.0002564,0.0002564,false
10.0,53216,0.000167343,0.000167261,0.000167261,false
10.0,53218,0.000245169,8.90459e-5,8.90459e-5,false
10.0,53223,0.00022312,0.000212047,0.000212047,false
10.0,53227,0.000467092,0.000466925,0.000466925,false
10.0,53243,0.000267016,0.000222299,0.000222299,false
10.0,53246,3.42239e-5,Inf,Inf,false
10.0,53247,0.000100898,Inf,Inf,false
10.0,53275,0.000189389,0.000167005,0.000167005,false
10.0,53282,0.000200974,0.000189172,0.000189172,false
10.0,53285,2.26406e-5,Inf,Inf,false
10.0,53337,0.00020092,0.000155834,0.000155834,false
10.0,53343,0.000200356,0.000178738,0.000178738,false
10.0,53395,0.000111562,8.9515e-5,8.9515e-5,false
10.0,53423,0.000712109,0.000689703,0.000689703,false
10.0,53449,0.000956327,0.000945126,0.000945126,false
10.0,53458,0.000111322,Inf,Inf,false
10.0,53470,0.000200463,0.000178698,0.000178698,false
10.0,53471,6.74354e-5,Inf,Inf,false
10.0,53492,0.000467134,0.000467026,0.000467026,false
10.0,53496,0.000934295,0.000933353,0.000933353,false
10.0,53525,6.72632e-5,Inf,Inf,false
10.0,53528,0.000200102,0.000189477,0.000189477,false
10.0,53553,0.000234322,0.000200832,0.000200832,false
10.0,53575,0.000189716,0.000156326,0.000156326,false
10.0,53576,0.000167116,0.000166831,0.000166831,false
10.0,53578,0.000222768,0.000178771,0.000178771,false
10.0,53607,0.000145413,Inf,Inf,false
10.0,53627,0.0001113,Inf,Inf,false
10.0,53630,0.000245386,0.000167589,0.000167589,false
10.0,53656,0.000111867,Inf,Inf,false
10.0,53678,0.000244559,0.000189691,0.000189691,false
10.0,53685,8.96974e-5,8.9515e-5,8.9515e-5,false
10.0,53687,0.000100857,Inf,Inf,false
10.0,53714,0.000456382,0.000445286,0.000445286,false
10.0,53720,0.000100126,Inf,Inf,false
10.0,53731,0.000945133,0.000934159,0.000934159,false
10.0,53737,0.000189315,0.000167576,0.000167576,false
10.0,53743,0.000144823,Inf,Inf,false
10.0,53767,0.000256459,0.000222248,0.000222248,false
10.0,53768,0.000133737,0.000133653,0.000133653,false
10.0,53773,0.000478038,0.000455647,0.000455647,false
10.0,53786,0.000956079,0.000934047,0.000934047,false
10.0,53791,0.000455608,0.000433359,0.000433359,false
10.0,53794,0.000122697,Inf,Inf,false
10.0,53795,0.000145176,Inf,Inf,false
10.0,53802,0.000289568,0.000278733,0.000278733,false
10.0,53812,0.000178281,0.000166885,0.000166885,false
10.0,53815,0.000267551,0.000200648,0.000200648,false
10.0,53862,0.000178099,0.000122814,0.000122814,false
10.0,53869,0.000211803,0.000211175,0.000211175,false
10.0,53892,0.000122443,0.00011126,0.00011126,false
10.0,53924,0.000211943,0.000211511,0.000211511,false
10.0,53942,0.000111283,0.000111209,0.000111209,false
10.0,53973,0.000166686,0.000145351,0.000145351,false
10.0,53976,0.00018969,0.000189408,0.000189408,false
10.0,54015,0.000133383,Inf,Inf,false
10.0,54019,0.00017831,0.000156267,0.000156267,false
10.0,54023,0.000134106,0.000111166,0.000111166,false
10.0,54039,0.000734202,0.000711973,0.000711973,false
10.0,54059,0.000100736,Inf,Inf,false
10.0,54068,0.000922887,0.00091144,0.00091144,false
10.0,54082,0.000133876,Inf,Inf,false
10.0,54083,0.000189577,0.000122915,0.000122915,false
10.0,54091,0.000222957,0.000178032,0.000178032,false
10.0,54093,0.000178063,0.000167655,0.000167655,false
10.0,54122,0.000167451,0.00011126,0.00011126,false
10.0,54123,8.96916e-5,Inf,Inf,false
10.0,54139,0.000923022,0.000911317,0.000911317,false
10.0,54161,0.000222882,0.000211697,0.000211697,false
10.0,54166,0.000200592,0.000156394,0.000156394,false
10.0,54189,0.000644494,0.000634039,0.000634039,false
10.0,54196,7.86632e-5,6.70959e-5,6.70959e-5,false
10.0,54214,0.000189434,0.000156267,0.000156267,false
10.0,54220,0.000166881,0.00011116,0.00011116,false
10.0,54226,0.000222439,0.000212076,0.000212076,false
10.0,54229,0.000400647,0.000356472,0.000356472,false
10.0,54261,0.000944947,0.00091132,0.00091132,false
10.0,54276,0.000200286,0.000189354,0.000189354,false
10.0,54303,0.00108948,0.00108945,0.00108945,false
10.0,54312,0.00043359,0.000423206,0.000423206,false
10.0,54380,0.000234283,0.000212094,0.000212094,false
10.0,54384,0.000200168,0.000122814,0.000122814,false
10.0,54388,0.000211363,0.000211124,0.000211124,false
10.0,54389,0.000155895,0.000155682,0.000155682,false
10.0,54415,0.000100686,Inf,Inf,false
10.0,54418,5.63838e-5,Inf,Inf,false
10.0,54439,0.000267138,0.000245084,0.000245084,false
10.0,54451,0.000200467,0.000134308,0.000134308,false
10.0,54460,0.000233864,0.00023367,0.00023367,false
10.0,54477,0.000622587,0.000611824,0.000611824,false
10.0,54496,0.000211364,0.00018922,0.00018922,false
10.0,54497,0.000178508,0.000178377,0.000178377,false
10.0,54502,5.63894e-5,Inf,Inf,false
10.0,54503,0.000122426,Inf,Inf,false
10.0,54545,0.00015592,0.000144698,0.000144698,false
10.0,54554,0.00021169,0.000189475,0.000189475,false
10.0,54556,6.74752e-5,Inf,Inf,false
10.0,54603,0.000112031,Inf,Inf,false
10.0,54605,0.000111977,6.76483e-5,6.76483e-5,false
10.0,54606,0.000178533,0.000155685,0.000155685,false
10.0,54635,0.000367567,0.000356389,0.000356389,false
10.0,54648,0.000922934,0.000888896,0.000888896,false
10.0,54662,0.000166679,0.000134222,0.000134222,false
10.0,54671,0.000122741,Inf,Inf,false
10.0,54711,0.000178755,Inf,Inf,false
10.0,54713,0.000245256,0.000189808,0.000189808,false
10.0,54759,0.000256276,0.000245084,0.000245084,false
10.0,54766,0.000155642,Inf,Inf,false
10.0,54774,0.00014534,Inf,Inf,false
10.0,54775,0.000267531,0.000255987,0.000255987,false
10.0,54826,0.000156303,Inf,Inf,false
10.0,54827,0.000122525,8.92052e-5,8.92052e-5,false
10.0,54828,0.000145036,0.000134096,0.000134096,false
10.0,54831,0.00015556,0.000111451,0.000111451,false
10.0,54832,0.000189519,0.000166877,0.000166877,false
10.0,54834,8.91263e-5,Inf,Inf,false
10.0,54836,0.000144992,0.000112068,0.000112068,false
10.0,54839,0.000200829,0.000200195,0.000200195,false
10.0,54840,0.000100328,Inf,Inf,false
10.0,54857,7.80208e-5,6.69e-5,6.69e-5,false
10.0,54871,0.000767585,0.000766961,0.000766961,false
10.0,54876,0.000178588,0.000167007,0.000167007,false
10.0,54877,0.000100576,0.000100231,0.000100231,false
10.0,54881,0.000145339,0.000123127,0.000123127,false
10.0,54883,0.000233478,0.000167565,0.000167565,false
10.0,54884,0.000222775,0.000200982,0.000200982,false
10.0,54885,8.93177e-5,Inf,Inf,false
10.0,54919,0.000900672,0.000734311,0.000734311,false
10.0,54926,0.000145089,0.000123081,0.000123081,false
10.0,54931,0.000155917,0.000145288,0.000145288,false
10.0,54935,0.000745221,0.000745118,0.000745118,false
10.0,54938,0.00127845,0.000867414,0.000867414,false
10.0,54948,0.000100853,Inf,Inf,false
10.0,54949,6.68775e-5,Inf,Inf,false
10.0,54974,0.000212021,0.000211975,0.000211975,false
10.0,55009,0.000111887,Inf,Inf,false
10.0,55032,0.000166853,0.000156473,0.000156473,false
10.0,55042,0.000200077,0.000156236,0.000156236,false
10.0,55064,7.86584e-5,5.62317e-5,5.62317e-5,false
10.0,55093,0.000145405,0.00011172,0.00011172,false
10.0,55094,0.000178163,0.000155698,0.000155698,false
10.0,55129,0.000277836,0.000211947,0.000211947,false
10.0,55155,0.000122505,0.000111425,0.000111425,false
10.0,55161,0.000189533,0.000167271,0.000167271,false
10.0,55162,0.000178682,0.000123167,0.000123167,false
10.0,55169,0.00012315,Inf,Inf,false
10.0,55182,8.9428e-5,Inf,Inf,false
10.0,55184,0.000145263,0.000145137,0.000145137,false
10.0,55205,0.000133844,0.00012295,0.00012295,false
10.0,55212,0.000111556,0.000100027,0.000100027,false
10.0,55218,0.000178438,0.0001449,0.0001449,false
10.0,55219,0.000177858,0.000156308,0.000156308,false
10.0,55224,0.000644686,0.000633714,0.000633714,false
10.0,55234,0.000211365,0.000189715,0.000189715,false
10.0,55253,0.000577952,0.000567663,0.000567663,false
10.0,55258,5.64964e-5,4.53871e-5,4.53871e-5,false
10.0,55262,0.000234021,0.00023362,0.00023362,false
10.0,55274,7.83465e-5,Inf,Inf,false
10.0,55275,0.000222241,0.000178544,0.000178544,false
10.0,55291,0.000100035,Inf,Inf,false
10.0,55293,0.000112052,0.000100431,0.000100431,false
10.0,55301,0.00100079,0.000922368,0.000922368,false
10.0,55303,0.000944521,0.00092285,0.00092285,false
10.0,55306,0.000922317,0.00091195,0.00091195,false
10.0,55315,0.000145381,0.000133418,0.000133418,false
10.0,55316,0.000222555,0.000200499,0.000200499,false
10.0,55318,0.000167626,0.000156357,0.000156357,false
10.0,55321,0.000211323,0.000189674,0.000189674,false
10.0,55323,6.68653e-5,Inf,Inf,false
10.0,55352,0.000867348,0.000844731,0.000844731,false
10.0,55373,0.000111524,0.000100614,0.000100614,false
10.0,55376,0.000166906,0.000156434,0.000156434,false
10.0,55399,0.000367482,0.000356286,0.000356286,false
10.0,55400,4.5277e-5,Inf,Inf,false
10.0,55448,8.90752e-5,Inf,Inf,false
10.0,55469,0.000144978,0.000144907,0.000144907,false
10.0,55477,0.000122968,0.000111384,0.000111384,false
10.0,55479,0.00022321,0.000222237,0.000222237,false
10.0,55481,0.000134079,0.000133426,0.000133426,false
10.0,55483,0.000322242,0.000255614,0.000255614,false
10.0,55502,0.000100294,8.90196e-5,8.90196e-5,false
10.0,55516,0.000889458,0.000866719,0.000866719,false
10.0,55519,0.0008446,0.000767147,0.000767147,false
10.0,55532,8.97456e-5,Inf,Inf,false
10.0,55549,0.00010091,0.000100431,0.000100431,false
10.0,55554,0.000778094,0.000756078,0.000756078,false
10.0,55577,0.000233681,0.000189885,0.000189885,false
10.0,55578,0.000144579,0.000133855,0.000133855,false
10.0,55581,0.0002,0.000177791,0.000177791,false
10.0,55583,0.000156182,0.000144813,0.000144813,false
10.0,55584,0.000145394,0.00014537,0.00014537,false
10.0,55605,0.000700372,0.000700278,0.000700278,false
10.0,55635,0.000200524,0.000144895,0.000144895,false
10.0,55639,3.35083e-5,Inf,Inf,false
10.0,55700,0.000156201,0.000112077,0.000112077,false
10.0,55705,0.000222583,0.000200172,0.000200172,false
10.0,55706,5.60005e-5,Inf,Inf,false
10.0,55728,0.000111893,Inf,Inf,false
10.0,55753,0.000166926,0.000144844,0.000144844,false
10.0,55755,0.000311517,0.00030061,0.00030061,false
10.0,55773,0.000134045,7.79146e-5,7.79146e-5,false
10.0,55775,4.54083e-5,Inf,Inf,false
10.0,55777,0.000111551,0.000100199,0.000100199,false
10.0,55788,0.000745274,0.00072267,0.00072267,false
10.0,55817,0.000712042,0.000666841,0.000666841,false
10.0,55822,0.00018971,0.000133468,0.000133468,false
10.0,55830,0.0009334,0.000922845,0.000922845,false
10.0,55842,6.74192e-5,6.68983e-5,6.68983e-5,false
10.0,55848,0.000189738,0.000144493,0.000144493,false
10.0,55858,0.000211276,0.000178508,0.000178508,false
10.0,55909,0.000178541,0.000167254,0.000167254,false
10.0,55933,0.000167048,0.000144652,0.000144652,false
10.0,55987,0.00094455,0.000900636,0.000900636,false
10.0,55996,0.000244705,0.000234098,0.000234098,false
10.0,56035,0.000122708,0.000122316,0.000122316,false
10.0,56036,0.000289762,0.000278009,0.000278009,false
10.0,56061,0.000155922,Inf,Inf,false
10.0,56069,8.92602e-5,Inf,Inf,false
10.0,56071,0.000144887,0.000144535,0.000144535,false
10.0,56112,0.000189722,0.000156456,0.000156456,false
10.0,56113,0.000122697,0.000100988,0.000100988,false
10.0,56114,0.000133493,8.92476e-5,8.92476e-5,false
10.0,56116,0.000123084,0.000111575,0.000111575,false
10.0,56141,0.000122632,Inf,Inf,false
10.0,56150,0.000866701,0.000855887,0.000855887,false
10.0,56155,0.000900989,0.000900495,0.000900495,false
10.0,56168,0.000144518,0.00014451,0.00014451,false
10.0,56170,0.000267007,0.000234248,0.000234248,false
10.0,56181,0.000100503,8.91879e-5,8.91879e-5,false
10.0,56202,0.000456431,0.000422938,0.000422938,false
10.0,56203,0.000388903,0.000377847,0.000377847,false
10.0,56229,8.90062e-5,Inf,Inf,false
10.0,56232,0.000222947,0.000200469,0.000200469,false
10.0,56233,0.000200511,0.000178012,0.000178012,false
10.0,56242,0.000833685,0.000789667,0.000789667,false
10.0,56245,0.00100022,0.000978036,0.000978036,false
10.0,56259,0.000111643,0.00011149,0.00011149,false
10.0,56279,0.000167364,Inf,Inf,false
10.0,56283,0.000178702,0.000167621,0.000167621,false
10.0,56284,0.000178698,0.000145315,0.000145315,false
10.0,56299,0.000822743,0.000811294,0.000811294,false
10.0,56305,0.000389162,0.000367047,0.000367047,false
10.0,56306,0.0001561,0.000134088,0.000134088,false
10.0,56331,0.000100872,Inf,Inf,false
10.0,56339,0.000145413,0.000144493,0.000144493,false
10.0,56343,0.000266957,0.000256507,0.000256507,false
10.0,56382,0.000233763,0.000233574,0.000233574,false
10.0,56386,0.000134317,0.000134049,0.000134049,false
10.0,56394,0.000323179,0.000177879,0.000177879,false
10.0,56399,0.000156191,0.000122649,0.000122649,false
10.0,56400,0.000322674,0.00030061,0.00030061,false
10.0,56415,0.000145139,0.000144915,0.000144915,false
10.0,56417,6.66989e-5,Inf,Inf,false
10.0,56419,0.000156172,0.00012279,0.00012279,false
10.0,56440,0.00021156,0.000211349,0.000211349,false
10.0,56441,0.000223024,0.000167469,0.000167469,false
10.0,56446,0.000145106,0.000144563,0.000144563,false
10.0,56459,0.000988891,0.000967349,0.000967349,false
10.0,56467,0.000133523,Inf,Inf,false
10.0,56486,8.9111e-5,7.80532e-5,7.80532e-5,false
10.0,56488,0.000233836,0.00023349,0.00023349,false
10.0,56494,0.000145172,0.00014463,0.00014463,false
10.0,56512,0.000689797,0.000689085,0.000689085,false
10.0,56519,0.000311995,0.000311707,0.000311707,false
10.0,56521,0.000156549,0.00012279,0.00012279,false
10.0,56551,0.00017862,0.000178409,0.000178409,false
10.0,56553,0.00020051,0.000178584,0.000178584,false
10.0,56572,5.56799e-5,4.48702e-5,4.48702e-5,false
10.0,56596,0.000245418,0.000245142,0.000245142,false
10.0,56597,0.000145154,0.000144812,0.000144812,false
10.0,56605,0.000144739,0.000134309,0.000134309,false
10.0,56606,0.000178194,Inf,Inf,false
10.0,56624,7.79288e-5,Inf,Inf,false
10.0,56633,0.000944616,0.000889209,0.000889209,false
10.0,56649,0.000134038,Inf,Inf,false
10.0,56676,0.000112099,Inf,Inf,false
10.0,56680,0.000934049,0.000911872,0.000911872,false
10.0,56694,0.0001121,Inf,Inf,false
10.0,56697,0.000212085,0.000211789,0.000211789,false
10.0,56726,0.000234273,0.000233456,0.000233456,false
10.0,56741,8.97154e-5,Inf,Inf,false
10.0,56742,0.000100805,Inf,Inf,false
10.0,56744,0.000244734,0.000156304,0.000156304,false
10.0,56745,0.000244449,0.000222981,0.000222981,false
10.0,56750,0.000122375,0.00012226,0.00012226,false
10.0,56753,0.000123062,0.000123034,0.000123034,false
10.0,56771,0.000889522,0.000856035,0.000856035,false
10.0,56780,0.000156525,Inf,Inf,false
10.0,56781,0.000134001,0.000133781,0.000133781,false
10.0,56799,0.000177831,0.000167659,0.000167659,false
10.0,56812,0.000189742,Inf,Inf,false
10.0,56834,5.55675e-5,Inf,Inf,false
10.0,56851,0.000200528,0.000200285,0.000200285,false
10.0,56856,0.000145284,0.000144822,0.000144822,false
10.0,56857,0.000188902,0.000166772,0.000166772,false
10.0,56904,0.00065621,0.000645333,0.000645333,false
10.0,56912,0.000255769,0.000245132,0.000245132,false
10.0,56915,0.000178144,0.000177911,0.000177911,false
10.0,56920,0.000145237,0.000100222,0.000100222,false
10.0,56922,0.000189131,0.000156446,0.000156446,false
10.0,56924,0.000178125,0.000156075,0.000156075,false
10.0,56948,0.000155799,0.000133849,0.000133849,false
10.0,56953,0.000445268,0.000433686,0.000433686,false
10.0,56968,0.000356081,0.000300488,0.000300488,false
10.0,57008,0.000144614,0.000123185,0.000123185,false
10.0,57012,6.68259e-5,Inf,Inf,false
10.0,57013,7.79885e-5,Inf,Inf,false
10.0,57026,0.000689511,0.000667031,0.000667031,false
10.0,57030,0.000567405,0.000567052,0.000567052,false
10.0,57043,0.00022292,0.000200407,0.000200407,false
10.0,57044,0.000122683,8.91603e-5,8.91603e-5,false
10.0,57061,0.000112071,7.78051e-5,7.78051e-5,false
10.0,57062,0.000123177,Inf,Inf,false
10.0,57082,0.000234168,0.000233708,0.000233708,false
10.0,57087,0.000100204,Inf,Inf,false
10.0,57091,0.00020039,0.000178544,0.000178544,false
10.0,57095,0.00013369,8.91603e-5,8.91603e-5,false
10.0,57113,8.98159e-5,6.68036e-5,6.68036e-5,false
10.0,57115,0.000100571,4.50258e-5,4.50258e-5,false
10.0,57133,0.000112014,0.000111447,0.000111447,false
10.0,57138,0.000211111,0.000178763,0.000178763,false
10.0,57139,0.000155773,0.000111261,0.000111261,false
10.0,57144,0.000255576,0.000211823,0.000211823,false
10.0,57178,0.000822824,0.00077873,0.00077873,false
10.0,57183,0.000122532,Inf,Inf,false
10.0,57189,0.000200308,0.000200243,0.000200243,false
10.0,57192,0.00014535,0.000122945,0.000122945,false
10.0,57196,0.000167442,Inf,Inf,false
10.0,57200,0.000322806,0.00028943,0.00028943,false
10.0,57219,5.59381e-5,Inf,Inf,false
10.0,57231,0.000789519,0.000778087,0.000778087,false
10.0,57241,0.000122882,0.000122526,0.000122526,false
10.0,57292,0.000222332,0.000189258,0.000189258,false
10.0,57293,0.000266748,0.000155701,0.000155701,false
10.0,57295,0.000211332,0.000189104,0.000189104,false
10.0,57299,0.000233688,0.000167278,0.000167278,false
10.0,57301,0.000178497,Inf,Inf,false
10.0,57332,0.000133444,Inf,Inf,false
10.0,57335,0.00023421,0.000222962,0.000222962,false
10.0,57340,0.000822258,0.000755957,0.000755957,false
10.0,57355,0.000189698,0.000122739,0.000122739,false
10.0,57362,0.000144821,0.000122478,0.000122478,false
10.0,57363,0.000100668,Inf,Inf,false
10.0,57366,0.000133878,0.000122513,0.000122513,false
10.0,57368,0.000133435,Inf,Inf,false
10.0,57408,0.000245398,0.000188993,0.000188993,false
10.0,57409,0.000178036,Inf,Inf,false
10.0,57422,0.000856425,0.000856154,0.000856154,false
10.0,57428,0.000312076,0.000311169,0.000311169,false
10.0,57453,0.00020001,Inf,Inf,false
10.0,57454,0.000178056,0.000156446,0.000156446,false
10.0,57463,0.000989703,0.000967322,0.000967322,false
10.0,57466,0.000156438,0.000155873,0.000155873,false
10.0,57467,0.000155741,0.000133347,0.000133347,false
10.0,57468,5.58448e-5,Inf,Inf,false
10.0,57477,0.000978758,0.000778667,0.000778667,false
10.0,57492,0.000177876,0.000167646,0.000167646,false
10.0,57493,0.000211457,0.000189191,0.000189191,false
10.0,57495,0.000211688,0.000200285,0.000200285,false
10.0,57496,0.000322585,0.000189207,0.000189207,false
10.0,57501,0.000145052,0.000144822,0.000144822,false
10.0,57531,0.000378653,0.00036731,0.00036731,false
10.0,57537,0.000244988,0.000244857,0.000244857,false
10.0,57562,0.000267355,0.000256493,0.000256493,false
10.0,57570,0.00022304,0.000166937,0.000166937,false
10.0,57571,0.000144666,0.000122907,0.000122907,false
10.0,57590,0.000178746,0.000133494,0.000133494,false
10.0,57610,0.000155962,0.000144766,0.000144766,false
10.0,57633,0.000956052,0.000955888,0.000955888,false
10.0,57643,4.51467e-5,Inf,Inf,false
10.0,57662,0.000666763,0.000666667,0.000666667,false
10.0,57666,0.0001009,0.00010032,0.00010032,false
10.0,57703,0.000200689,0.000178562,0.000178562,false
10.0,57728,0.000100904,Inf,Inf,false
10.0,57772,0.000400014,0.000378651,0.000378651,false
10.0,57777,0.000134284,Inf,Inf,false
10.0,57785,0.000133676,0.000122989,0.000122989,false
10.0,57795,0.00022239,0.000211222,0.000211222,false
10.0,57800,8.98539e-5,7.83973e-5,7.83973e-5,false
10.0,57810,0.000989548,0.000955723,0.000955723,false
10.0,57843,0.000200737,0.000189062,0.000189062,false
10.0,57848,0.000112018,0.000100211,0.000100211,false
10.0,57898,0.000656128,0.000645112,0.000645112,false
10.0,57901,0.00013414,0.00013398,0.00013398,false
10.0,57904,0.000322235,0.000300401,0.000300401,false
10.0,57916,0.000356509,0.000356408,0.000356408,false
10.0,57932,0.000755635,0.000734049,0.000734049,false
10.0,57938,4.4811e-5,Inf,Inf,false
10.0,57962,0.000356513,0.000345021,0.000345021,false
10.0,57965,0.000189382,0.000155935,0.000155935,false
10.0,57969,0.000156497,Inf,Inf,false
10.0,57983,0.000989037,0.000967024,0.000967024,false
10.0,58050,0.000211802,0.000211146,0.000211146,false
10.0,58073,0.000144823,0.000133566,0.000133566,false
10.0,58090,0.000945187,0.0008448,0.0008448,false
10.0,58104,0.00103371,0.00100034,0.00100034,false
10.0,58116,0.000100896,Inf,Inf,false
10.0,58125,0.000123073,0.000100033,0.000100033,false
10.0,58126,0.000178524,0.000178234,0.000178234,false
10.0,58132,0.000567608,0.000467319,0.000467319,false
10.0,58137,0.000978498,0.00096747,0.00096747,false
10.0,58151,0.000189563,0.000178361,0.000178361,false
10.0,58180,0.000100531,8.89652e-5,8.89652e-5,false
10.0,58181,0.000200406,0.00020014,0.00020014,false
10.0,58182,0.000222904,0.000200376,0.000200376,false
10.0,58232,0.000845041,0.000833742,0.000833742,false
10.0,58239,0.000256206,0.000244469,0.000244469,false
10.0,58244,8.96913e-5,Inf,Inf,false
10.0,58245,0.000233897,0.000233394,0.000233394,false
10.0,58270,0.000100484,Inf,Inf,false
10.0,58273,6.70823e-5,Inf,Inf,false
10.0,58274,0.000100941,0.000100305,0.000100305,false
10.0,58275,0.000234229,0.000167501,0.000167501,false
10.0,58281,0.000756154,0.000745206,0.000745206,false
10.0,58302,0.000178529,0.000166867,0.000166867,false
10.0,58303,4.45578e-5,Inf,Inf,false
10.0,58305,0.000300692,0.000267658,0.000267658,false
10.0,58314,0.000100887,6.68634e-5,6.68634e-5,false
10.0,58336,0.000200732,0.00018915,0.00018915,false
10.0,58356,0.000233965,0.00022302,0.00022302,false
10.0,58359,0.000267237,0.000234021,0.000234021,false
10.0,58361,0.000178547,0.000177786,0.000177786,false
10.0,58364,0.000145254,0.000111283,0.000111283,false
10.0,58367,8.94306e-5,Inf,Inf,false
10.0,58375,0.000923213,0.000922751,0.000922751,false
10.0,58384,0.000111735,Inf,Inf,false
10.0,58404,0.000178361,0.000167372,0.000167372,false
10.0,58414,0.000100392,Inf,Inf,false
10.0,58423,0.00103381,0.000933721,0.000933721,false
10.0,58465,0.000178534,0.000167508,0.000167508,false
10.0,58496,6.70066e-5,Inf,Inf,false
10.0,58511,0.00086693,0.000855613,0.000855613,false
10.0,58518,0.000167115,0.000133814,0.000133814,false
10.0,58520,0.000100661,8.97433e-5,8.97433e-5,false
10.0,58524,0.000211352,0.000178765,0.000178765,false
10.0,58525,8.91928e-5,7.80701e-5,7.80701e-5,false
10.0,58526,0.000156136,0.000144453,0.000144453,false
10.0,58535,0.00103334,0.000967148,0.000967148,false
10.0,58544,0.000867574,0.000855612,0.000855612,false
10.0,58549,0.000100724,Inf,Inf,false
10.0,58572,0.000167276,0.00014485,0.00014485,false
10.0,58597,0.000278129,0.000267395,0.000267395,false
10.0,58599,8.89515e-5,Inf,Inf,false
10.0,58623,0.000167127,0.000144938,0.000144938,false
10.0,58624,0.00015624,0.000123186,0.000123186,false
10.0,58705,0.000911912,0.000878181,0.000878181,false
10.0,58713,0.000222937,0.000211113,0.000211113,false
10.0,58718,0.000178375,0.000166963,0.000166963,false
10.0,58723,0.000266782,0.000245334,0.000245334,false
10.0,58748,0.000356183,0.000355696,0.000355696,false
10.0,58791,0.000956149,0.00095606,0.00095606,false
10.0,58803,0.000767636,0.000700122,0.000700122,false
10.0,58820,0.00108913,0.000878296,0.000878296,false
10.0,58835,0.000189855,0.000167146,0.000167146,false
10.0,58839,0.000255755,0.000189575,0.000189575,false
10.0,58841,0.000234155,0.000222802,0.000222802,false
10.0,58875,0.000789394,0.000788912,0.000788912,false
10.0,58895,0.000278703,0.000245241,0.000245241,false
10.0,58896,0.000166924,0.000166867,0.000166867,false
10.0,58901,0.000311217,0.000134279,0.000144821,true
10.0,58923,0.00100025,0.000978684,0.000978684,false
10.0,58932,8.95855e-5,Inf,Inf,false
10.0,58957,0.000244742,0.000211247,0.000211247,false
10.0,58959,0.000111971,8.91532e-5,8.91532e-5,false
10.0,58965,0.000133837,0.000122407,0.000122407,false
10.0,58983,0.000222626,Inf,Inf,false
10.0,58985,8.97876e-5,8.91235e-5,8.91235e-5,false
10.0,58997,0.00027782,0.000266857,0.000266857,false
10.0,59002,8.89109e-5,Inf,Inf,false
10.0,59003,0.000111964,0.000111927,0.000111927,false
10.0,59005,0.000178673,0.000178384,0.000178384,false
10.0,59027,5.57473e-5,Inf,Inf,false
10.0,59102,0.00011117,7.85828e-5,7.85828e-5,false
10.0,59103,0.000156061,0.000134314,0.000134314,false
10.0,59109,7.82118e-5,Inf,Inf,false
10.0,59133,0.000478392,0.000477881,0.000477881,false
10.0,59159,7.85765e-5,6.73009e-5,6.73009e-5,false
10.0,59161,0.000189272,0.000144513,0.000144513,false
10.0,59179,0.000111987,Inf,Inf,false
10.0,59200,0.000112102,Inf,Inf,false
10.0,59203,0.000111896,0.000111601,0.000111601,false
10.0,59217,0.000145324,0.000122366,0.000122366,false
10.0,59248,0.000833779,0.00083364,0.00083364,false
10.0,59257,0.000167605,0.000167192,0.000167192,false
10.0,59294,0.000789603,0.00073433,0.00073433,false
10.0,59311,0.000144811,Inf,Inf,false
10.0,59343,0.000122894,Inf,Inf,false
10.0,59374,0.000233568,0.000212042,0.000212042,false
10.0,59401,0.000200884,0.000144463,0.000144463,false
10.0,59419,8.91834e-5,Inf,Inf,false
10.0,59431,0.000189542,0.000167251,0.000167251,false
10.0,59463,0.000766966,0.000744942,0.000744942,false
10.0,59469,0.000122514,0.000100147,0.000100147,false
10.0,59470,0.000189366,0.000189148,0.000189148,false
10.0,59472,0.000234161,0.000233776,0.000233776,false
10.0,59477,0.000122513,0.000100365,0.000100365,false
10.0,59479,0.000200894,0.00017793,0.00017793,false
10.0,59486,8.8975e-5,Inf,Inf,false
10.0,59488,0.00012286,0.000122407,0.000122407,false
10.0,59507,0.000389707,0.000367375,0.000367375,false
10.0,59508,0.000145272,Inf,Inf,false
10.0,59510,5.62677e-5,Inf,Inf,false
10.0,59536,0.000267266,0.000256225,0.000256225,false
10.0,59542,0.000122639,0.000122358,0.000122358,false
10.0,59543,0.000122948,0.000122358,0.000122358,false
10.0,59546,0.000266701,0.000255788,0.000255788,false
10.0,59556,0.00100001,0.000966877,0.000966877,false
10.0,59567,7.85079e-5,Inf,Inf,false
10.0,59569,0.00028941,0.000289013,0.000289013,false
10.0,59595,8.9366e-5,Inf,Inf,false
10.0,59600,0.000189367,0.000178142,0.000178142,false
10.0,59607,0.000311302,0.00027855,0.00027855,false
10.0,59622,0.00043381,0.000389019,0.000389019,false
10.0,59627,0.000200243,0.000178629,0.000178629,false
10.0,59644,0.000456049,0.000423042,0.000423042,false
10.0,59654,0.000134105,0.000133623,0.000133623,false
10.0,59678,0.000100413,Inf,Inf,false
10.0,59685,0.000756515,0.000755767,0.000755767,false
10.0,59706,8.93405e-5,Inf,Inf,false
10.0,59707,0.000111816,0.000100033,0.000100033,false
10.0,59708,0.000200296,0.000167223,0.000167223,false
10.0,59710,0.000356385,0.000223184,0.000223184,false
10.0,59719,0.00046756,0.000422392,0.000422392,false
10.0,59733,0.000911875,0.000889272,0.000889272,false
10.0,59747,0.000145292,8.91235e-5,8.91235e-5,false
10.0,59765,0.00093356,0.000833742,0.000833742,false
10.0,59771,0.000189875,0.000156104,0.000156104,false
10.0,59781,0.000300725,0.000289271,0.000289271,false
10.0,59835,0.000156112,Inf,Inf,false
10.0,59836,0.000200792,0.000166735,0.000166735,false
10.0,59837,0.000267407,0.000255943,0.000255943,false
10.0,59843,0.000267482,0.000256462,0.000256462,false
10.0,59848,0.000145348,0.000122257,0.000122257,false
10.0,59879,0.000100047,7.78111e-5,7.78111e-5,false
10.0,59883,0.000178538,0.000166735,0.000166735,false
10.0,59890,0.000155963,0.000111725,0.000111725,false
10.0,59893,0.000222375,0.000211828,0.000211828,false
10.0,59899,0.000189368,0.000144539,0.000144539,false
10.0,59937,8.92177e-5,7.78111e-5,7.78111e-5,false
10.0,59938,0.000200032,0.000178059,0.000178059,false
10.0,59943,0.000234106,0.000211986,0.000211986,false
10.0,59944,0.000222335,0.000222308,0.000222308,false
10.0,59948,7.85791e-5,Inf,Inf,false
10.0,59949,0.000134292,0.000133379,0.000133379,false
10.0,59954,0.000289742,0.000245121,0.000245121,false
10.0,59970,0.000778305,0.000744931,0.000744931,false
10.0,60005,0.00011152,Inf,Inf,false
10.0,60008,0.000189131,0.000166763,0.000166763,false
10.0,60013,0.000244738,0.000223067,0.000223067,false
10.0,60015,0.000134289,0.000133631,0.000133631,false
10.0,60020,0.00101112,0.000944842,0.000944842,false
10.0,60030,0.000122562,0.000122512,0.000122512,false
10.0,60031,0.00012261,Inf,Inf,false
10.0,60039,0.000689745,0.000666686,0.000666686,false
10.0,60053,0.000245275,0.000244997,0.000244997,false
10.0,60066,0.000111201,7.87067e-5,7.87067e-5,false
10.0,60099,0.000912046,0.000900578,0.000900578,false
10.0,60112,0.000144461,0.000111704,0.000111704,false
10.0,60117,0.000200612,0.000100052,0.000100052,false
10.0,60146,0.000122422,8.92839e-5,8.92839e-5,false
10.0,60147,0.000167267,0.000145108,0.000145108,false
10.0,60165,0.000200483,0.000144821,0.000144821,false
10.0,60168,0.000167469,8.94615e-5,8.94615e-5,false
10.0,60170,0.000134124,0.000133634,0.000133634,false
10.0,60172,0.000134215,0.000122294,0.000122294,false
10.0,60173,0.000145284,0.000144926,0.000144926,false
10.0,60180,0.000300938,0.0002676,0.0002676,false
10.0,60196,0.000188895,0.000167541,0.000167541,false
10.0,60208,0.000212051,0.000211636,0.000211636,false
10.0,60215,0.000255962,0.000245061,0.000245061,false
10.0,60217,0.000289397,0.000289271,0.000289271,false
10.0,60221,0.000322897,0.00032269,0.00032269,false
10.0,60239,0.000167652,0.000122683,0.000122683,false
10.0,60282,5.59293e-5,Inf,Inf,false
10.0,60284,0.000456533,0.00044484,0.00044484,false
10.0,60303,0.000389317,0.000289392,0.000289392,false
10.0,60307,0.000578232,0.000567622,0.000567622,false
10.0,60316,0.000123193,0.000100464,0.000100464,false
10.0,60319,0.000233635,0.000211599,0.000211599,false
10.0,60322,0.000134267,8.90956e-5,8.90956e-5,false
10.0,60324,0.000156291,0.00012269,0.00012269,false
10.0,60326,0.000267488,0.000267241,0.000267241,false
10.0,60334,8.9106e-5,Inf,Inf,false
10.0,60335,0.000267351,0.000167499,0.000167499,false
10.0,60346,0.000889798,0.000866756,0.000866756,false
10.0,60357,0.000200408,0.000177914,0.000177914,false
10.0,60382,0.000167118,Inf,Inf,false
10.0,60387,0.000122973,0.000112031,0.000112031,false
10.0,60389,0.000300119,0.00025642,0.00025642,false
10.0,60392,0.000122948,Inf,Inf,false
10.0,60406,7.80371e-5,Inf,Inf,false
10.0,60415,0.000944727,0.000922674,0.000922674,false
10.0,60434,0.000178558,Inf,Inf,false
10.0,60456,0.000100296,5.6081e-5,5.6081e-5,false
10.0,60458,0.000167661,0.000111681,0.000111681,false
10.0,60483,0.000189818,0.000189756,0.000189756,false
10.0,60491,0.000300338,0.00027855,0.00027855,false
10.0,60496,0.000189004,0.000188936,0.000188936,false
10.0,60528,0.000233598,0.000233403,0.000233403,false
10.0,60536,0.000111965,0.000100197,0.000100197,false
10.0,60542,0.000244754,0.000244648,0.000244648,false
10.0,60554,0.000956046,0.000945294,0.000945294,false
10.0,60568,0.000411623,0.000356251,0.000356251,false
10.0,60594,0.000223149,0.000222955,0.000222955,false
10.0,60597,0.000234161,0.000233482,0.000233482,false
10.0,60598,0.000234169,Inf,Inf,false
10.0,60631,0.000700774,0.000700608,0.000700608,false
10.0,60661,0.000289803,0.000266827,0.000266827,false
10.0,60692,0.000100512,Inf,Inf,false
10.0,60695,0.000167016,0.000166827,0.000166827,false
10.0,60715,0.000267609,0.00023373,0.00023373,false
10.0,60724,0.000200264,0.000155671,0.000155671,false
10.0,60731,0.000911538,0.000900608,0.000900608,false
10.0,60738,0.000123196,0.000100097,0.000100097,false
10.0,60768,0.000267354,0.000266733,0.000266733,false
10.0,60795,0.000489249,0.000434294,0.000434294,false
10.0,60823,0.000178067,0.000167391,0.000167391,false
10.0,60827,0.00028988,0.000278542,0.000278542,false
10.0,60829,0.000111587,0.000111546,0.000111546,false
10.0,60830,0.000100627,Inf,Inf,false
10.0,60850,0.000189211,Inf,Inf,false
10.0,60861,0.000944518,0.000922674,0.000922674,false
10.0,60876,0.000144899,0.000122282,0.000122282,false
10.0,60881,7.86197e-5,7.8427e-5,7.8427e-5,false
10.0,60928,0.00013376,0.000123165,0.000123165,false
10.0,60931,0.000189776,0.000177975,0.000177975,false
10.0,60932,0.000211155,0.000200252,0.000200252,false
10.0,60937,0.000267614,0.000256254,0.000256254,false
10.0,60960,0.000923162,0.000900316,0.000900316,false
10.0,60964,0.000112061,0.000100864,0.000100864,false
10.0,60965,3.35032e-5,Inf,Inf,false
10.0,60988,0.000189343,0.000166815,0.000166815,false
10.0,60997,0.000111984,Inf,Inf,false
10.0,61004,0.000900253,0.000878074,0.000878074,false
10.0,61011,0.000111268,7.87611e-5,7.87611e-5,false
10.0,61012,8.89973e-5,Inf,Inf,false
10.0,61039,0.000167245,0.000166983,0.000166983,false
10.0,61061,0.000200915,Inf,Inf,false
10.0,61088,0.000233969,0.000222468,0.000222468,false
10.0,61094,0.000189038,0.000156104,0.000156104,false
10.0,61099,0.000122273,8.9709e-5,8.9709e-5,false
10.0,61100,0.000111846,Inf,Inf,false
10.0,61120,0.000888942,0.0008565,0.0008565,false
10.0,61125,7.82831e-5,7.79213e-5,7.79213e-5,false
10.0,61127,0.000111907,Inf,Inf,false
10.0,61128,0.000189091,0.000167261,0.000167261,false
10.0,61144,0.000100367,7.86765e-5,7.86765e-5,false
10.0,61152,0.000122644,7.8427e-5,7.8427e-5,false
10.0,61184,0.000122844,0.000122683,0.000122683,false
10.0,61192,0.000733779,0.000700721,0.000700721,false
10.0,61211,0.000111405,0.000100966,0.000100966,false
10.0,61213,0.000178614,0.000156555,0.000156555,false
10.0,61216,0.000233534,0.000233367,0.000233367,false
10.0,61229,0.000923147,0.000911622,0.000911622,false
10.0,61235,0.00012309,0.000122543,0.000122543,false
10.0,61265,0.000156414,0.000144841,0.000144841,false
10.0,61267,0.000255994,0.000234119,0.000234119,false
10.0,61271,0.000100122,Inf,Inf,false
10.0,61277,0.000267067,0.000256497,0.000256497,false
10.0,61281,0.000623005,0.000600035,0.000600035,false
10.0,61292,0.000100456,Inf,Inf,false
10.0,61313,0.000233718,0.000233473,0.000233473,false
10.0,61314,0.000156215,Inf,Inf,false
10.0,61348,0.000156211,0.000155927,0.000155927,false
10.0,61376,0.000278557,0.000278192,0.000278192,false
10.0,61381,0.000933459,0.000889314,0.000889314,false
10.0,61410,0.000778313,0.000777989,0.000777989,false
10.0,61427,0.000133942,Inf,Inf,false
10.0,61430,0.000123124,0.000122786,0.000122786,false
10.0,61432,0.00012227,0.000111741,0.000111741,false
10.0,61433,0.000311225,0.000244838,0.000244838,false
10.0,61439,8.9354e-5,Inf,Inf,false
10.0,61440,0.000100637,8.91082e-5,8.91082e-5,false
10.0,61452,0.000956304,0.000900183,0.000900183,false
10.0,61467,0.000489877,0.000488916,0.000488916,false
10.0,61491,0.000234078,0.000233859,0.000233859,false
10.0,61500,0.000944668,0.000889662,0.000889662,false
10.0,61520,0.00106668,0.000945247,0.000945247,false
10.0,61532,0.000222939,0.000222657,0.000222657,false
10.0,61542,0.000289072,0.000200591,0.000200591,false
10.0,61550,0.000144889,0.000144531,0.000144531,false
10.0,61597,0.00018973,0.000155926,0.000155926,false
10.0,61598,0.000223044,0.000211612,0.000211612,false
10.0,61600,0.000211871,0.000178188,0.000178188,false
10.0,61609,8.92962e-5,8.92105e-5,8.92105e-5,false
10.0,61631,0.000112093,0.000100522,0.000100522,false
10.0,61651,0.000111706,0.000111392,0.000111392,false
10.0,61652,8.97563e-5,7.86336e-5,7.86336e-5,false
10.0,61657,0.000156472,0.000156307,0.000156307,false
10.0,61671,0.000911887,0.000911272,0.000911272,false
10.0,61700,0.000311953,0.000267438,0.000267438,false
10.0,61738,0.000166952,0.000133431,0.000133431,false
10.0,61746,0.000266809,0.000256168,0.000256168,false
10.0,61760,0.000178715,0.000134128,0.000134128,false
10.0,61787,0.000156272,Inf,Inf,false
10.0,61789,0.000255773,0.000245101,0.000245101,false
10.0,61793,0.000145285,0.000134153,0.000134153,false
10.0,61800,0.000256556,0.000211884,0.000211884,false
10.0,61821,0.000611136,0.000578658,0.000578658,false
10.0,61827,0.000122538,0.000100412,0.000100412,false
10.0,61846,0.000166884,Inf,Inf,false
10.0,61855,0.000178313,0.000156555,0.000156555,false
10.0,61858,0.000267518,Inf,Inf,false
10.0,61864,0.00011161,0.000100552,0.000100552,false
10.0,61887,0.000167289,0.000167042,0.000167042,false
10.0,61911,0.000400379,0.000367585,0.000367585,false
10.0,61912,0.00022303,0.000222506,0.000222506,false
10.0,61914,0.000177997,0.000155773,0.000155773,false
10.0,61923,0.000300334,0.000289605,0.000289605,false
10.0,61943,4.47348e-5,Inf,Inf,false
10.0,61968,0.000156266,0.000133345,0.000133345,false
10.0,62035,0.000178319,0.000156171,0.000156171,false
10.0,62043,0.000278581,0.000256413,0.000256413,false
10.0,62071,0.000144845,Inf,Inf,false
10.0,62089,0.000122472,0.000111392,0.000111392,false
10.0,62100,7.81431e-5,Inf,Inf,false
10.0,62101,6.71545e-5,Inf,Inf,false
10.0,62103,0.000166918,0.000122583,0.000122583,false
10.0,62128,4.52709e-5,Inf,Inf,false
10.0,62133,0.000167627,0.000133754,0.000133754,false
10.0,62152,0.000267395,0.000222683,0.000222683,false
10.0,62159,0.000189585,0.000178309,0.000178309,false
10.0,62171,0.000200595,0.000155937,0.000155937,false
10.0,62184,0.000767534,0.000766701,0.000766701,false
10.0,62187,0.000767404,0.000755704,0.000755704,false
10.0,62200,0.000178033,Inf,Inf,false
10.0,62203,0.000212088,0.00021121,0.00021121,false
10.0,62229,0.000178179,0.000156171,0.000156171,false
10.0,62230,0.000255903,0.000234182,0.000234182,false
10.0,62238,0.00023422,0.000134052,0.000134052,false
10.0,62239,0.000244787,0.000222878,0.000222878,false
10.0,62255,0.000111757,0.000111685,0.000111685,false
10.0,62281,0.000177945,0.000156016,0.000156016,false
10.0,62283,0.000111182,Inf,Inf,false
10.0,62284,0.000178032,0.000166794,0.000166794,false
10.0,62291,0.000900544,0.000877999,0.000877999,false
10.0,62311,0.000145363,0.000144624,0.000144624,false
10.0,62329,0.000100369,Inf,Inf,false
10.0,62359,0.00016735,0.000144834,0.000144834,false
10.0,62362,0.000845141,0.000811765,0.000811765,false
10.0,62378,0.000133821,0.000122359,0.000122359,false
10.0,62401,0.000167534,0.000111111,0.000111111,false
10.0,62413,0.000967583,0.00094537,0.00094537,false
10.0,62420,0.000334029,0.000333738,0.000333738,false
10.0,62426,8.90214e-5,Inf,Inf,false
10.0,62436,0.000256393,0.000166804,0.000166804,false
10.0,62440,0.000133925,Inf,Inf,false
10.0,62441,0.000178115,0.000100285,0.000100285,false
10.0,62458,0.000133688,0.000122522,0.000122522,false
10.0,62476,0.000855895,0.000766991,0.000766991,false
10.0,62483,0.000222427,0.000222389,0.000222389,false
10.0,62486,0.00012297,Inf,Inf,false
10.0,62487,0.000200085,0.000177883,0.000177883,false
10.0,62490,0.000144716,0.000144642,0.000144642,false
10.0,62536,0.000100408,8.93054e-5,8.93054e-5,false
10.0,62537,0.000111983,Inf,Inf,false
10.0,62542,0.000133849,Inf,Inf,false
10.0,62550,0.000245261,0.000222407,0.000222407,false
10.0,62558,0.00085606,0.000845007,0.000845007,false
10.0,62559,0.000922248,0.0009116,0.0009116,false
10.0,62574,0.000133929,8.91694e-5,8.91694e-5,false
10.0,62592,0.000800615,0.000789333,0.000789333,false
10.0,62609,0.000200135,0.000145226,0.000145226,false
10.0,62660,0.000256005,0.000245041,0.000245041,false
10.0,62663,0.00024503,0.000177855,0.000177855,false
10.0,62664,0.000122266,8.92167e-5,8.92167e-5,false
10.0,62702,0.000889266,0.000867186,0.000867186,false
10.0,62709,0.000144728,Inf,Inf,false
10.0,62710,0.000177812,0.000155773,0.000155773,false
10.0,62713,0.000222371,0.000167152,0.000167152,false
10.0,62716,0.000134245,Inf,Inf,false
10.0,62727,0.000923077,0.000900852,0.000900852,false
10.0,62728,0.000855889,0.000844908,0.000844908,false
10.0,62742,5.58874e-5,Inf,Inf,false
10.0,62743,0.000134237,0.000122462,0.000122462,false
10.0,62745,0.000111785,Inf,Inf,false
10.0,62750,0.000911831,0.000789479,0.000789479,false
10.0,62771,0.000145275,0.000133983,0.000133983,false
10.0,62781,0.000256295,0.000234,0.000234,false
10.0,62800,0.000133666,0.000111931,0.000111931,false
10.0,62825,0.000123161,0.000122814,0.000122814,false
10.0,62827,0.000133908,0.000111799,0.000111799,false
10.0,62865,0.000156497,Inf,Inf,false
10.0,62866,0.000123155,0.000123133,0.000123133,false
10.0,62881,0.000933385,0.000900929,0.000900929,false
10.0,62891,0.000189417,0.000178609,0.000178609,false
10.0,62894,0.000122506,8.96945e-5,8.96945e-5,false
10.0,62918,0.000189241,Inf,Inf,false
10.0,62952,0.000145378,0.000100376,0.000100376,false
10.0,62954,0.000178718,0.00016668,0.00016668,false
10.0,62995,6.7102e-5,Inf,Inf,false
10.0,62996,7.81229e-5,Inf,Inf,false
10.0,63020,0.000111589,0.000100333,0.000100333,false
10.0,63029,0.000123156,0.000123054,0.000123054,false
10.0,63032,0.00021211,0.000177806,0.000177806,false
10.0,63038,0.000533755,0.000500672,0.000500672,false
10.0,63075,0.000145188,Inf,Inf,false
10.0,63086,0.00020029,0.000189756,0.000189756,false
10.0,63088,0.000133502,0.000100285,0.000100285,false
10.0,63107,0.000189768,Inf,Inf,false
10.0,63127,0.000223177,0.000222384,0.000222384,false
10.0,63130,0.000123085,0.00011203,0.00011203,false
10.0,63131,0.000133969,0.00011194,0.00011194,false
10.0,63136,0.000178358,0.000178065,0.000178065,false
10.0,63137,0.000155658,0.00014482,0.00014482,false
10.0,63159,0.000267423,0.000245073,0.000245073,false
10.0,63198,0.000144567,0.000122557,0.000122557,false
10.0,63201,0.000222924,0.000222445,0.000222445,false
10.0,63206,0.000189174,0.000156219,0.000156219,false
10.0,63207,0.000367031,0.000344627,0.000344627,false
10.0,63220,0.000811341,0.000767452,0.000767452,false
10.0,63249,0.000100561,0.000100371,0.000100371,false
10.0,63251,0.000145277,Inf,Inf,false
10.0,63296,0.000133908,0.00012285,0.00012285,false
10.0,63297,0.000123059,0.000122838,0.000122838,false
10.0,63304,0.000178361,0.000133853,0.000133853,false
10.0,63314,0.000223003,0.000200717,0.000200717,false
10.0,63315,0.000612051,0.000534068,0.000534068,false
10.0,63348,0.000900454,0.000900059,0.000900059,false
10.0,63367,0.000166751,0.000155597,0.000155597,false
10.0,63410,0.000289419,0.00027863,0.00027863,false
10.0,63418,0.000978519,0.000978324,0.000978324,false
10.0,63456,0.000100142,Inf,Inf,false
10.0,63460,0.000200655,0.000167286,0.000167286,false
10.0,63461,0.000289385,0.000278772,0.000278772,false
10.0,63466,0.000200372,0.000189584,0.000189584,false
10.0,63468,0.000156331,0.000145236,0.000145236,false
10.0,63470,0.000178276,Inf,Inf,false
10.0,63472,5.62623e-5,Inf,Inf,false
10.0,63492,0.00104517,0.00101182,0.00101182,false
10.0,63508,7.87476e-5,6.74562e-5,6.74562e-5,false
10.0,63510,0.000189075,0.000178406,0.000178406,false
10.0,63513,0.00023399,0.000200501,0.000200501,false
10.0,63547,0.0009115,0.000900898,0.000900898,false
10.0,63581,0.000133438,Inf,Inf,false
10.0,63602,0.000700867,0.000700459,0.000700459,false
10.0,63661,0.000167185,0.000144689,0.000144689,false
10.0,63667,0.000144894,Inf,Inf,false
10.0,63699,8.97539e-5,7.85058e-5,7.85058e-5,false
10.0,63700,8.96743e-5,Inf,Inf,false
10.0,63718,0.000278422,0.000245056,0.000245056,false
10.0,63719,0.000178483,0.000167504,0.000167504,false
10.0,63721,0.000155901,0.000144877,0.000144877,false
10.0,63741,0.000245364,0.000222509,0.000222509,false
10.0,63744,0.00013409,8.92604e-5,8.92604e-5,false
10.0,63758,0.000800192,0.000756538,0.000756538,false
10.0,63760,0.000811752,0.000789497,0.000789497,false
10.0,63765,0.000145442,0.000145298,0.000145298,false
10.0,63769,0.000200491,0.000189554,0.000189554,false
10.0,63771,0.000200622,0.000134205,0.000134205,false
10.0,63818,0.000300042,0.000211947,0.000211947,false
10.0,63819,0.000167331,0.00015627,0.00015627,false
10.0,63821,0.000178179,0.000167077,0.000167077,false
10.0,63829,0.00016738,0.00016683,0.00016683,false
10.0,63858,5.5776e-5,Inf,Inf,false
10.0,63876,0.000122518,0.00010029,0.00010029,false
10.0,63877,0.00015602,Inf,Inf,false
10.0,63920,0.000167563,0.000167334,0.000167334,false
10.0,63939,0.000456418,0.000455676,0.000455676,false
10.0,63952,0.000245275,0.000177853,0.000177853,false
10.0,63956,0.000134231,Inf,Inf,false
10.0,63958,0.000133867,Inf,Inf,false
10.0,63960,0.000344653,0.000311412,0.000311412,false
10.0,63963,0.000322744,0.00028918,0.00028918,false
10.0,64031,0.000123002,8.88949e-5,8.88949e-5,false
10.0,64032,0.00024528,0.000244583,0.000244583,false
10.0,64043,0.0010898,0.0010778,0.0010778,false
10.0,64056,0.000100628,Inf,Inf,false
10.0,64083,0.000122544,0.000111147,0.000111147,false
10.0,64131,0.000189544,0.000189517,0.000189517,false
10.0,64141,8.98562e-5,Inf,Inf,false
10.0,64173,0.00100073,0.000933365,0.000933365,false
10.0,64186,0.000278148,0.000233566,0.000233566,false
10.0,64230,0.000156132,0.000133424,0.000133424,false
10.0,64259,0.000133606,0.000112047,0.000112047,false
10.0,64262,0.000300959,0.000289085,0.000289085,false
10.0,64282,0.000133983,0.000112111,0.000112111,false
10.0,64337,0.00011119,0.000100212,0.000100212,false
10.0,64339,0.000100121,Inf,Inf,false
10.0,64367,0.000189513,0.000189116,0.000189116,false
10.0,64368,0.000223211,0.000211673,0.000211673,false
10.0,64369,0.000167333,0.000155854,0.000155854,false
10.0,64371,0.000155773,0.000134122,0.000134122,false
10.0,64394,0.000167034,0.000145149,0.000145149,false
10.0,64395,0.000189206,0.000178103,0.000178103,false
10.0,64398,0.000145386,0.000145093,0.000145093,false
10.0,64405,0.000823041,0.000812062,0.000812062,false
10.0,64420,0.000100253,Inf,Inf,false
10.0,64426,0.000200617,0.000155662,0.000155662,false
10.0,64429,0.000145003,0.000100113,0.000100113,false
10.0,64430,0.000122385,0.000112047,0.000112047,false
10.0,64441,0.000178636,0.000133417,0.000133417,false
10.0,64448,0.00110077,0.00106677,0.00106677,false
10.0,64467,0.000167262,0.000167165,0.000167165,false
10.0,64494,0.000178325,0.000167152,0.000167152,false
10.0,64497,0.000178728,0.000134238,0.000134238,false
10.0,64503,0.000111534,0.000111242,0.000111242,false
10.0,64504,0.00018963,0.000133806,0.000133806,false
10.0,64516,0.00104488,0.00100084,0.00100084,false
10.0,64527,7.83415e-5,Inf,Inf,false
10.0,64551,8.91887e-5,7.80764e-5,7.80764e-5,false
10.0,64578,0.000189555,Inf,Inf,false
10.0,64579,0.00016766,0.000166742,0.000166742,false
10.0,64612,0.000178334,0.000167415,0.000167415,false
10.0,64618,0.000422671,0.000400301,0.000400301,false
10.0,64623,0.000178313,0.00016701,0.00016701,false
10.0,64652,0.000478323,0.000433462,0.000433462,false
10.0,64679,0.000167414,0.000167302,0.000167302,false
10.0,64681,8.91703e-5,8.90833e-5,8.90833e-5,false
10.0,64685,0.000200279,0.000166999,0.000166999,false
10.0,64691,0.00014495,0.000122951,0.000122951,false
10.0,64692,0.00012277,0.000100291,0.000100291,false
10.0,64729,0.000245026,0.000145192,0.000145192,false
10.0,64730,0.000167398,0.000134249,0.000134249,false
10.0,64740,8.98298e-5,Inf,Inf,false
10.0,64749,0.00105634,0.00104523,0.00104523,false
10.0,64762,0.000145148,Inf,Inf,false
10.0,64768,0.000189774,0.000178096,0.000178096,false
10.0,64770,0.000311204,0.000289319,0.000289319,false
10.0,64788,0.000445308,0.000433361,0.000433361,false
10.0,64789,0.000189629,0.000167434,0.000167434,false
10.0,64794,7.81608e-5,Inf,Inf,false
10.0,64798,7.8614e-5,Inf,Inf,false
10.0,64799,0.000166887,0.000144751,0.000144751,false
10.0,64813,0.0011008,0.000911208,0.000911208,false
10.0,64822,0.000589864,0.000589133,0.000589133,false
10.0,64836,0.00106711,0.000888934,0.000888934,false
10.0,64851,0.000211912,0.000145023,0.000145023,false
10.0,64855,0.000100459,Inf,Inf,false
10.0,64857,0.00014484,0.00012231,0.00012231,false
10.0,64894,0.000178611,Inf,Inf,false
10.0,64897,0.000612107,0.00061164,0.00061164,false
10.0,64917,0.000244661,0.000167644,0.000167644,false
10.0,64953,0.000278671,0.000256224,0.000256224,false
10.0,64958,0.000145388,0.000134064,0.000134064,false
10.0,64960,0.000133778,0.000133485,0.000133485,false
10.0,64962,0.000178218,0.000144486,0.000144486,false
10.0,64979,0.000200651,0.000133494,0.000133494,false
10.0,64985,0.000200586,0.000123003,0.000123003,false
10.0,64991,0.000133385,8.89295e-5,8.89295e-5,false
10.0,65004,0.000878489,0.000878432,0.000878432,false
10.0,65021,0.000267266,0.000256053,0.000256053,false
10.0,65026,0.000200273,0.000189049,0.000189049,false
10.0,65038,0.000966782,0.000944685,0.000944685,false
10.0,65057,0.000200725,0.000189836,0.000189836,false
10.0,65058,0.000322853,0.000300088,0.000300088,false
10.0,65088,0.000133401,0.000122788,0.000122788,false
10.0,65104,0.000600729,0.000567261,0.000567261,false
10.0,65106,0.000100328,Inf,Inf,false
10.0,65112,0.000333591,0.000322659,0.000322659,false
10.0,65115,0.000300578,0.000255891,0.000255891,false
10.0,65117,0.000122844,6.75569e-5,6.75569e-5,false
10.0,65165,0.000300566,0.000289579,0.000289579,false
10.0,65168,6.71797e-5,Inf,Inf,false
10.0,65170,0.000166847,Inf,Inf,false
10.0,65177,0.000300975,0.000289845,0.000289845,false
10.0,65184,0.000111391,0.000100488,0.000100488,false
10.0,65244,0.00106729,0.00102223,0.00102223,false
10.0,65253,0.00101205,0.000823141,0.000823141,false
10.0,65261,0.000111229,Inf,Inf,false
10.0,65265,0.000233742,0.000223106,0.000223106,false
10.0,65287,5.59414e-5,Inf,Inf,false
10.0,65288,0.000100781,Inf,Inf,false
10.0,65294,0.000200065,0.000178059,0.000178059,false
10.0,65297,0.000211631,Inf,Inf,false
10.0,65298,0.00016749,0.000156166,0.000156166,false
10.0,65303,0.00021168,0.000167326,0.000167326,false
10.0,65325,0.000167005,0.000166727,0.000166727,false
10.0,65346,0.000133959,0.000111791,0.000111791,false
10.0,65349,0.00020078,0.000189515,0.000189515,false
10.0,65352,5.60055e-5,Inf,Inf,false
10.0,65356,0.00024499,Inf,Inf,false
10.0,65407,0.000189336,0.000167488,0.000167488,false
10.0,65411,0.000211424,0.000200129,0.000200129,false
10.0,65412,8.90482e-5,Inf,Inf,false
10.0,65431,8.89222e-5,Inf,Inf,false
10.0,65435,0.000189169,Inf,Inf,false
10.0,65461,0.000189878,0.000178581,0.000178581,false
10.0,65463,0.000189817,0.000177874,0.000177874,false
10.0,65498,0.000155566,0.000111152,0.000111152,false
10.0,65504,0.000667043,0.000623059,0.000623059,false
10.0,65523,0.00018958,0.000177853,0.000177853,false
10.0,65531,0.000466976,0.000455655,0.000455655,false
10.0,65535,0.000166889,0.000166682,0.000166682,false
10.0,65574,0.000589736,0.000589733,0.000589733,false
10.0,65578,0.000200755,0.000178375,0.000178375,false
10.0,65586,0.000112106,0.000111549,0.000111549,false
10.0,65612,0.000244657,0.000233979,0.000233979,false
10.0,65613,0.000111746,Inf,Inf,false
10.0,65655,7.87371e-5,Inf,Inf,false
10.0,65679,0.000178636,0.000145141,0.000145141,false
10.0,65683,0.000212076,0.00017829,0.00017829,false
10.0,65736,0.000145008,Inf,Inf,false
10.0,65738,0.000123157,0.000123094,0.000123094,false
10.0,65740,0.00015626,7.86737e-5,7.86737e-5,false
10.0,65779,0.00021173,0.000178661,0.000178661,false
10.0,65802,0.000111459,Inf,Inf,false
10.0,65807,0.000122265,Inf,Inf,false
10.0,65816,0.000167666,0.000156435,0.000156435,false
10.0,65832,0.0010003,0.00100028,0.00100028,false
10.0,65862,0.000122716,0.000122571,0.000122571,false
10.0,65870,0.000244701,0.000234058,0.000234058,false
10.0,65916,0.000100272,Inf,Inf,false
10.0,65918,0.000200056,0.000167084,0.000167084,false
10.0,65921,0.000178677,0.000167647,0.000167647,false
10.0,65922,0.00047872,0.000267487,0.000267487,false
10.0,65925,0.000156229,Inf,Inf,false
10.0,65953,8.89446e-5,Inf,Inf,false
10.0,65954,5.558e-5,Inf,Inf,false
10.0,65969,0.000877828,0.0008453,0.0008453,false
10.0,65976,0.00044519,0.000422784,0.000422784,false
10.0,65988,0.000222499,0.000211808,0.000211808,false
10.0,65997,0.00023409,0.000222566,0.000222566,false
10.0,66027,0.00093369,0.000933621,0.000933621,false
10.0,66032,0.000878556,0.000822897,0.000822897,false
10.0,66088,0.000222418,0.000211886,0.000211886,false
10.0,66090,0.000222693,0.000211617,0.000211617,false
10.0,66108,0.000145226,0.000111906,0.000111906,false
10.0,66129,0.00017846,Inf,Inf,false
10.0,66131,0.000133936,0.000133911,0.000133911,false
10.0,66134,0.000133722,0.000122995,0.000122995,false
10.0,66173,0.000178185,0.000177926,0.000177926,false
10.0,66212,7.85544e-5,Inf,Inf,false
10.0,66239,3.35908e-5,Inf,Inf,false
10.0,66241,0.000145345,0.000144848,0.000144848,false
10.0,66248,0.000222672,0.000178321,0.000178321,false
10.0,66254,0.000844803,0.000800675,0.000800675,false
10.0,66257,0.00100032,0.000956345,0.000956345,false
10.0,66263,0.000178204,0.000166673,0.000166673,false
10.0,66284,0.000323194,0.000300337,0.000300337,false
10.0,66290,0.000211607,0.000122583,0.000122583,false
10.0,66298,0.000155975,0.000155843,0.000155843,false
10.0,66301,0.000367536,0.000367173,0.000367173,false
10.0,66318,0.000167511,0.000111258,0.000111258,false
10.0,66326,0.000977859,0.000922785,0.000922785,false
10.0,66335,0.000289352,Inf,Inf,false
10.0,66337,0.000156118,0.000144525,0.000144525,false
10.0,66363,6.72006e-5,Inf,Inf,false
10.0,66380,0.000144678,0.000122387,0.000122387,false
10.0,66382,0.000156211,0.000156204,0.000156204,false
10.0,66384,0.000156068,0.00012303,0.00012303,false
10.0,66388,0.000223124,0.000211472,0.000211472,false
10.0,66417,0.000189885,0.000145174,0.000145174,false
10.0,66431,0.000611743,0.000611479,0.000611479,false
10.0,66447,0.000245361,0.000234279,0.000234279,false
10.0,66448,0.00032301,0.000266771,0.000266771,false
10.0,66455,0.000200568,0.000200212,0.000200212,false
10.0,66456,0.000189822,0.000122869,0.000122869,false
10.0,66493,0.000166962,0.000145423,0.000145423,false
10.0,66495,0.000177954,0.00012239,0.00012239,false
10.0,66496,0.000145386,0.000122543,0.000122543,false
10.0,66500,0.000133897,0.000133707,0.000133707,false
10.0,66549,0.000145414,0.000144918,0.000144918,false
10.0,66553,0.000134165,Inf,Inf,false
10.0,66586,0.000156476,0.000155635,0.000155635,false
10.0,66603,0.000133971,0.000133748,0.000133748,false
10.0,66604,0.000134162,Inf,Inf,false
10.0,66611,0.000256065,0.000244466,0.000244466,false
10.0,66634,0.000100809,Inf,Inf,false
10.0,66636,0.000144534,0.000122927,0.000122927,false
10.0,66657,0.000178394,Inf,Inf,false
10.0,66663,0.000167127,Inf,Inf,false
10.0,66664,0.000111692,Inf,Inf,false
10.0,66695,0.000133613,0.000100379,0.000100379,false
10.0,66715,0.000467621,0.000455808,0.000455808,false
10.0,66718,6.68787e-5,Inf,Inf,false
10.0,66730,0.000178423,0.00015606,0.00015606,false
10.0,66731,0.000245203,0.000245119,0.000245119,false
10.0,66733,0.000578767,0.000577951,0.000577951,false
10.0,66745,0.000156523,0.000145254,0.000145254,false
10.0,66765,7.83438e-5,Inf,Inf,false
10.0,66776,0.000123161,Inf,Inf,false
10.0,66824,0.000144998,0.000134276,0.000134276,false
10.0,66828,0.000167657,0.000167365,0.000167365,false
10.0,66836,0.000733755,0.000723212,0.000723212,false
10.0,66857,0.000111291,0.000100536,0.000100536,false
10.0,66860,0.000555792,0.000533913,0.000533913,false
10.0,66881,0.000223194,Inf,Inf,false
10.0,66916,0.000312072,0.00030064,0.00030064,false
10.0,66918,0.000178754,8.90832e-5,8.90832e-5,false
10.0,66943,0.000322625,0.000300835,0.000300835,false
10.0,66952,0.000122753,0.00012234,0.00012234,false
10.0,66953,0.00013341,0.000111188,0.000111188,false
10.0,66956,0.000145115,0.000144923,0.000144923,false
10.0,66957,0.000244518,0.000189358,0.000189358,false
10.0,66977,0.000322295,0.000300177,0.000300177,false
10.0,66978,0.000145127,0.000133519,0.000133519,false
10.0,66979,0.000156006,0.000133519,0.000133519,false
10.0,66981,0.000100729,8.9383e-5,8.9383e-5,false
10.0,66982,0.000100892,Inf,Inf,false
10.0,67004,0.000123221,0.000122357,0.000122357,false
10.0,67005,0.000178179,0.000144992,0.000144992,false
10.0,67009,0.00016753,0.000133763,0.000133763,false
10.0,67010,0.000156207,0.000122785,0.000122785,false
10.0,67012,0.000156149,0.000144974,0.000144974,false
10.0,67016,0.000378747,0.000377896,0.000377896,false
10.0,67028,0.000845263,0.000811305,0.000811305,false
10.0,67054,0.000178547,0.000166729,0.000166729,false
10.0,67056,8.9788e-5,Inf,Inf,false
10.0,67060,0.000155853,0.000144994,0.000144994,false
10.0,67063,0.00017788,0.000144561,0.000144561,false
10.0,67094,0.000312101,0.000289155,0.000289155,false
10.0,67118,0.000189811,0.00015583,0.00015583,false
10.0,67129,0.00107806,0.00092238,0.00092238,false
10.0,67140,0.000189277,0.000188922,0.000188922,false
10.0,67152,0.000178285,0.000156179,0.000156179,false
10.0,67155,0.000156003,0.000123023,0.000123023,false
10.0,67160,0.000122725,0.000100179,0.000100179,false
10.0,67169,0.000211908,0.000200452,0.000200452,false
10.0,67184,0.000123027,0.000111217,0.000111217,false
10.0,67188,0.000144842,0.000133614,0.000133614,false
10.0,67213,7.82771e-5,6.73758e-5,6.73758e-5,false
10.0,67218,0.00016696,0.000134321,0.000134321,false
10.0,67238,0.000589169,0.000589029,0.000589029,false
10.0,67241,3.41535e-5,Inf,Inf,false
10.0,67243,8.93703e-5,8.92457e-5,8.92457e-5,false
10.0,67247,0.00091211,0.000911309,0.000911309,false
10.0,67257,0.000589806,0.000544681,0.000544681,false
10.0,67266,0.000189244,Inf,Inf,false
10.0,67271,0.000122855,0.000111415,0.000111415,false
10.0,67292,8.94412e-5,8.91997e-5,8.91997e-5,false
10.0,67332,0.000334227,0.000322378,0.000322378,false
10.0,67376,0.000111217,Inf,Inf,false
10.0,67408,0.000145075,0.000111131,0.000111131,false
10.0,67424,0.000400889,0.000400209,0.000400209,false
10.0,67428,0.000900216,0.000889808,0.000889808,false
10.0,67468,0.000167094,0.000133538,0.000133538,false
10.0,67474,0.000189148,0.000189037,0.000189037,false
10.0,67495,0.000356037,0.000344691,0.000344691,false
10.0,67496,0.000123196,0.000100093,0.000100093,false
10.0,67497,0.000167594,0.000111199,0.000111199,false
10.0,67499,0.000178179,0.000111508,0.000111508,false
10.0,67504,0.00031202,0.000278267,0.000278267,false
10.0,67529,0.000145217,Inf,Inf,false
10.0,67531,8.95595e-5,8.94621e-5,8.94621e-5,false
10.0,67535,0.000178405,Inf,Inf,false
10.0,67549,0.000278509,0.000244736,0.000244736,false
10.0,67580,0.000122969,Inf,Inf,false
10.0,67612,0.000211962,0.000200483,0.000200483,false
10.0,67621,0.00021175,0.000211241,0.000211241,false
10.0,67622,0.000111246,0.000111201,0.000111201,false
10.0,67623,0.000156363,0.000145043,0.000145043,false
10.0,67642,0.000122556,7.8583e-5,7.8583e-5,false
10.0,67644,0.000122691,0.0001006,0.0001006,false
10.0,67678,0.00017795,0.000166902,0.000166902,false
10.0,67702,0.000522488,0.00050077,0.00050077,false
10.0,67710,0.000144764,0.000133737,0.000133737,false
10.0,67721,0.000844787,0.000811279,0.000811279,false
10.0,67733,7.87388e-5,6.71754e-5,6.71754e-5,false
10.0,67739,0.000189296,0.000189115,0.000189115,false
10.0,67740,0.000189653,0.000167122,0.000167122,false
10.0,67775,0.000867386,0.000800779,0.000800779,false
10.0,67797,0.000156504,0.000144882,0.000144882,false
10.0,67823,0.000167258,0.000144949,0.000144949,false
10.0,67827,0.000134212,Inf,Inf,false
10.0,67831,0.000289593,0.000278449,0.000278449,false
10.0,67846,7.87518e-5,Inf,Inf,false
10.0,67851,0.000256048,0.000178176,0.000178176,false
10.0,67853,8.90591e-5,Inf,Inf,false
10.0,67907,0.000400868,0.000400098,0.000400098,false
10.0,67929,0.000145138,0.000134291,0.000134291,false
10.0,67931,0.000623004,0.000600688,0.000600688,false
10.0,67946,0.0004449,0.000411719,0.000411719,false
10.0,67950,0.000200942,0.000178184,0.000178184,false
10.0,67957,0.000145206,0.000144553,0.000144553,false
10.0,67959,0.00016752,0.000144981,0.000144981,false
10.0,67962,0.000433968,0.000278552,0.000278552,false
10.0,67964,0.000156162,0.000144907,0.000144907,false
10.0,67986,0.000145153,0.000144803,0.000144803,false
10.0,68009,0.000122958,Inf,Inf,false
10.0,68010,5.61999e-5,Inf,Inf,false
10.0,68014,0.000200485,0.000178386,0.000178386,false
10.0,68015,0.000144912,0.000134321,0.000134321,false
10.0,68016,0.000156077,0.000155902,0.000155902,false
10.0,68042,0.000100412,Inf,Inf,false
10.0,68062,0.000189556,0.00015584,0.00015584,false
10.0,68063,8.89065e-5,7.83428e-5,7.83428e-5,false
10.0,68066,0.000145402,0.000111276,0.000111276,false
10.0,68067,0.000222872,0.000178607,0.000178607,false
10.0,68076,0.000144796,0.000122665,0.000122665,false
10.0,68101,0.00021134,0.000156494,0.000156494,false
10.0,68119,6.7535e-5,Inf,Inf,false
10.0,68127,0.000322405,0.000322378,0.000322378,false
10.0,68170,0.000444591,0.000422918,0.000422918,false
10.0,68174,0.000311956,0.000289167,0.000289167,false
10.0,68181,0.000189832,0.000178406,0.000178406,false
10.0,68223,0.000178417,0.00015604,0.00015604,false
10.0,68224,0.000166882,0.000145347,0.000145347,false
10.0,68227,0.000156013,0.000111115,0.000111115,false
10.0,68235,0.000211992,0.000189189,0.000189189,false
10.0,68253,0.000100578,Inf,Inf,false
10.0,68269,0.000667608,0.000667326,0.000667326,false
10.0,68274,0.000122523,0.000111193,0.000111193,false
10.0,68278,8.90673e-5,Inf,Inf,false
10.0,68283,0.000200558,0.000144646,0.000144646,false
10.0,68301,0.000145299,7.8583e-5,0.000100822,true
10.0,68304,0.000133793,0.000112105,0.000112105,false
10.0,68315,0.000845116,0.000800476,0.000800476,false
10.0,68325,0.000178431,Inf,Inf,false
10.0,68326,0.00016709,Inf,Inf,false
10.0,68355,0.000467058,0.000444844,0.000444844,false
10.0,68387,0.00022224,0.000133545,0.000133545,false
10.0,68388,0.000177939,0.000145301,0.000145301,false
10.0,68389,0.000278494,0.000278138,0.000278138,false
10.0,68410,0.000523071,0.000511991,0.000511991,false
10.0,68417,0.000155707,0.000144586,0.000144586,false
10.0,68437,0.000156384,0.00014478,0.00014478,false
10.0,68439,0.00015618,Inf,Inf,false
10.0,68446,0.00021201,0.000134225,0.000134225,false
10.0,68470,0.000167113,0.000156253,0.000156253,false
10.0,68500,0.000156546,0.000144553,0.000144553,false
10.0,68506,0.000155834,0.000144868,0.000144868,false
10.0,68556,0.00078928,0.000789231,0.000789231,false
10.0,68571,0.000356474,0.000344946,0.000344946,false
10.0,68574,0.0002564,0.000233612,0.000233612,false
10.0,68579,0.000123153,0.000122227,0.000122227,false
10.0,68598,0.000255903,0.000234257,0.000234257,false
10.0,68620,0.000411432,0.000389529,0.000389529,false
10.0,68626,0.000223079,0.000155586,0.000155586,false
10.0,68627,0.000156467,0.000155586,0.000155586,false
10.0,68641,0.00102222,0.00101151,0.00101151,false
10.0,68650,0.000178626,Inf,Inf,false
10.0,68684,0.000288958,0.000277792,0.000277792,false
10.0,68686,0.000267251,0.000245026,0.000245026,false
10.0,68687,0.000277951,0.000267375,0.000267375,false
10.0,68690,0.000266976,0.000255929,0.000255929,false
10.0,68692,0.000200344,0.000166946,0.000166946,false
10.0,68738,0.000188905,0.00016672,0.00016672,false
10.0,68744,0.000145108,0.000133538,0.000133538,false
10.0,68746,0.000189062,0.000167306,0.000167306,false
10.0,68767,0.00018986,Inf,Inf,false
10.0,68786,0.000111944,Inf,Inf,false
10.0,68790,0.000178777,0.00015607,0.00015607,false
10.0,68795,0.000289796,0.000266777,0.000266777,false
10.0,68818,0.000144859,8.92992e-5,8.92992e-5,false
10.0,68833,0.000800451,0.000800442,0.000800442,false
10.0,68845,0.000145089,0.000122489,0.000122489,false
10.0,68846,0.00013413,Inf,Inf,false
10.0,68847,0.000167576,Inf,Inf,false
10.0,68851,0.000300634,0.00024461,0.00024461,false
10.0,68871,0.000134145,Inf,Inf,false
10.0,68885,0.00100091,0.000800076,0.000800076,false
10.0,68891,0.000178612,0.000177982,0.000177982,false
10.0,68900,0.00018957,0.000134281,0.000134281,false
10.0,68901,0.00014542,0.000144766,0.000144766,false
10.0,68904,0.000578242,0.000566684,0.000566684,false
10.0,68910,0.00106709,0.00105562,0.00105562,false
10.0,68954,0.000144806,0.000144654,0.000144654,false
10.0,68956,0.000167345,Inf,Inf,false
10.0,68959,0.000155693,0.000144607,0.000144607,false
10.0,68979,0.000134249,0.000100822,0.000100822,false
10.0,68980,0.000100489,Inf,Inf,false
10.0,68984,0.000212047,0.00018949,0.00018949,false
10.0,68991,0.000833351,0.000789843,0.000789843,false
10.0,69033,0.000167525,0.000155721,0.000155721,false
10.0,69034,0.000144916,0.000112105,0.000112105,false
10.0,69038,0.000700046,0.000689503,0.000689503,false
10.0,69057,0.000156164,0.000144537,0.000144537,false
10.0,69122,0.000156544,Inf,Inf,false
10.0,69130,0.000178121,0.000155639,0.000155639,false
10.0,69165,8.97355e-5,Inf,Inf,false
10.0,69168,0.000567622,0.000523089,0.000523089,false
10.0,69187,7.86832e-5,Inf,Inf,false
10.0,69189,0.000233908,0.000178527,0.000178527,false
10.0,69218,0.000256548,0.000245137,0.000245137,false
10.0,69248,0.000189833,0.000189331,0.000189331,false
10.0,69296,0.000345101,0.000334067,0.000334067,false
10.0,69321,0.000189665,0.000145038,0.000145038,false
10.0,69341,0.000133812,0.000133424,0.000133424,false
10.0,69343,0.000155876,0.000134251,0.000134251,false
10.0,69348,0.000178288,0.0001452,0.0001452,false
10.0,69351,0.00025628,0.000234074,0.000234074,false
10.0,69357,0.000178366,0.000167344,0.000167344,false
10.0,69397,6.68393e-5,Inf,Inf,false
10.0,69406,0.000178535,0.000155633,0.000155633,false
10.0,69407,0.00015605,Inf,Inf,false
10.0,69425,0.00014473,0.00011138,0.00011138,false
10.0,69445,0.000434047,0.00042256,0.00042256,false
10.0,69458,0.000155901,0.00015587,0.00015587,false
10.0,69486,0.00124498,0.000911916,0.000911916,false
10.0,69506,0.000166774,0.000133943,0.000133943,false
10.0,69509,0.000122268,0.000111862,0.000111862,false
10.0,69510,0.000122878,0.000122641,0.000122641,false
10.0,69524,0.000856215,0.000833944,0.000833944,false
10.0,69534,7.80402e-5,5.55705e-5,5.55705e-5,false
10.0,69535,0.000133732,8.95327e-5,8.95327e-5,false
10.0,69545,0.000167247,0.000167222,0.000167222,false
10.0,69571,0.00070072,0.000678337,0.000678337,false
10.0,69581,0.00100053,0.000978629,0.000978629,false
10.0,69589,0.000100777,8.93099e-5,8.93099e-5,false
10.0,69590,0.000145266,0.000134206,0.000134206,false
10.0,69593,0.000122715,0.000100349,0.000100349,false
10.0,69618,0.000100813,8.91877e-5,8.91877e-5,false
10.0,69629,0.000300818,0.000300714,0.000300714,false
10.0,69631,0.000178387,0.000177924,0.000177924,false
10.0,69636,0.000267503,0.00024486,0.00024486,false
10.0,69639,0.000322643,0.000278128,0.000278128,false
10.0,69666,0.000667523,0.000634274,0.000634274,false
10.0,69672,0.00010087,Inf,Inf,false
10.0,69695,0.000667009,0.000645133,0.000645133,false
10.0,69701,0.000189175,0.000189093,0.000189093,false
10.0,69703,0.000100799,Inf,Inf,false
10.0,69707,0.000178472,Inf,Inf,false
10.0,69708,0.00018949,0.000178156,0.000178156,false
10.0,69713,0.000311705,0.000289422,0.000289422,false
10.0,69741,0.000123044,0.000100075,0.000100075,false
10.0,69764,0.000111861,Inf,Inf,false
10.0,69765,4.48259e-5,Inf,Inf,false
10.0,69767,0.000100401,Inf,Inf,false
10.0,69774,0.000178569,0.000145335,0.000145335,false
10.0,69802,0.000122722,Inf,Inf,false
10.0,69803,0.000156509,0.000155906,0.000155906,false
10.0,69804,0.000189723,0.000167327,0.000167327,false
10.0,69818,0.000900195,0.000822901,0.000822901,false
10.0,69837,0.000166834,0.00012289,0.00012289,false
10.0,69839,0.00013351,7.81804e-5,7.81804e-5,false
10.0,69842,0.000144586,Inf,Inf,false
10.0,69844,0.000200913,0.00012262,0.000123088,true
10.0,69847,0.000178432,0.000167062,0.000167062,false
10.0,69874,0.000100589,Inf,Inf,false
10.0,69905,0.000189183,0.000178622,0.000178622,false
10.0,69906,0.000200456,0.000189035,0.000189035,false
10.0,69926,8.91664e-5,Inf,Inf,false
10.0,69933,0.000711813,0.00067818,0.00067818,false
10.0,69943,0.000645423,0.00064484,0.00064484,false
10.0,69947,8.98067e-5,7.82856e-5,7.82856e-5,false
10.0,69949,0.000156502,0.000156338,0.000156338,false
10.0,69953,0.000133999,Inf,Inf,false
10.0,69960,0.000212066,0.000189085,0.000189085,false
10.0,69976,0.000111891,Inf,Inf,false
10.0,69977,0.000255939,0.000233644,0.000233644,false
10.0,70000,6.75573e-5,4.51791e-5,4.51791e-5,false
10.0,70010,0.000211576,0.000189834,0.000189834,false
10.0,70014,0.000589338,0.000500649,0.000500649,false
10.0,70026,0.00106721,0.000934163,0.000934163,false
10.0,70029,0.000645378,0.000645247,0.000645247,false
10.0,70035,0.000166862,0.000122305,0.000122305,false
10.0,70036,0.000100774,8.98792e-5,8.98792e-5,false
10.0,70058,0.00016745,0.000167227,0.000167227,false
10.0,70068,0.000167181,0.000155639,0.000155639,false
10.0,70110,0.000122602,0.000111843,0.000111843,false
10.0,70137,8.97982e-5,Inf,Inf,false
10.0,70138,0.000222929,0.000189219,0.000189219,false
10.0,70156,0.000656513,0.000655982,0.000655982,false
10.0,70193,0.000700682,0.000667143,0.000667143,false
10.0,70199,0.000366839,0.000311429,0.000311429,false
10.0,70233,0.000122426,Inf,Inf,false
10.0,70241,0.000334249,0.000322445,0.000322445,false
10.0,70259,0.000178159,0.000166851,0.000166851,false
10.0,70280,0.00016763,0.000167021,0.000167021,false
10.0,70283,0.000289707,0.000278358,0.000278358,false
10.0,70286,0.000300651,0.000300562,0.000300562,false
10.0,70324,0.00073417,0.000734002,0.000734002,false
10.0,70332,0.00100063,0.000977798,0.000977798,false
10.0,70340,0.00011181,0.000111359,0.000111359,false
10.0,70341,0.000133848,Inf,Inf,false
10.0,70348,0.000178757,0.000167386,0.000167386,false
10.0,70366,0.00013353,0.000123148,0.000123148,false
10.0,70367,0.000100095,Inf,Inf,false
10.0,70368,0.000222629,0.000200652,0.000200652,false
10.0,70373,0.000622397,0.000523067,0.000523067,false
10.0,70376,0.000700824,0.000688993,0.000688993,false
10.0,70387,0.000578188,0.000556257,0.000556257,false
10.0,70389,0.0001669,0.000133718,0.000133718,false
10.0,70391,0.000111993,7.87102e-5,7.87102e-5,false
10.0,70392,0.00022262,Inf,Inf,false
10.0,70394,0.00012283,0.000111587,0.000111587,false
10.0,70398,0.000267042,0.000234074,0.000234074,false
10.0,70402,0.000311428,0.000289225,0.000289225,false
10.0,70458,0.000133917,Inf,Inf,false
10.0,70459,0.000122639,0.000122597,0.000122597,false
10.0,70474,0.000600287,0.000589829,0.000589829,false
10.0,70491,0.000122598,0.000122568,0.000122568,false
10.0,70492,0.000111139,0.000100473,0.000100473,false
10.0,70493,4.44617e-5,Inf,Inf,false
10.0,70496,0.000233477,0.00018912,0.00018912,false
10.0,70524,0.000155856,0.000145136,0.000145136,false
10.0,70530,0.000389753,0.000289306,0.000289306,false
10.0,70533,0.000111309,Inf,Inf,false
10.0,70534,0.000200118,0.000189173,0.000189173,false
10.0,70541,0.000822825,0.000800392,0.000800392,false
10.0,70574,0.000122698,0.000111367,0.000111367,false
10.0,70581,0.000256432,0.00021149,0.00021149,false
10.0,70585,0.000245335,0.000222846,0.000222846,false
10.0,70613,7.84551e-5,7.78612e-5,7.78612e-5,false
10.0,70641,0.00010072,8.96889e-5,8.96889e-5,false
10.0,70642,0.000100951,8.91189e-5,8.91189e-5,false
10.0,70676,0.000156264,0.000155703,0.000155703,false
10.0,70678,0.000134201,0.000100327,0.000100327,false
10.0,70680,0.00010035,Inf,Inf,false
10.0,70696,0.000123107,Inf,Inf,false
10.0,70697,6.71509e-5,Inf,Inf,false
10.0,70700,0.000133602,0.000100877,0.000100877,false
10.0,70717,0.000100346,Inf,Inf,false
10.0,70718,0.000100248,7.81038e-5,7.81038e-5,false
10.0,70721,0.000600311,0.00058934,0.00058934,false
10.0,70738,0.000167226,0.000133378,0.000133378,false
10.0,70745,0.000389286,0.000378525,0.000378525,false
10.0,70793,0.00021211,0.000211292,0.000211292,false
10.0,70823,0.000289807,0.000289369,0.000289369,false
10.0,70838,0.000800633,0.00078894,0.00078894,false
10.0,70853,6.68769e-5,Inf,Inf,false
10.0,70856,0.000256524,0.000244535,0.000244535,false
10.0,70891,0.000200567,0.000144628,0.000144628,false
10.0,70920,0.000123167,0.000100707,0.000100707,false
10.0,70948,0.000622757,0.000611342,0.000611342,false
10.0,70973,0.000134073,Inf,Inf,false
10.0,71003,0.000100884,8.92655e-5,8.92655e-5,false
10.0,71005,8.94136e-5,Inf,Inf,false
10.0,71006,8.98674e-5,Inf,Inf,false
10.0,71007,0.000111773,0.000111282,0.000111282,false
10.0,71029,0.000122986,0.00012237,0.00012237,false
10.0,71032,0.000167037,0.000155572,0.000155572,false
10.0,71042,0.000200958,0.000177944,0.000177944,false
10.0,71066,4.53679e-5,Inf,Inf,false
10.0,71110,0.000656477,0.000645322,0.000645322,false
10.0,71113,8.94077e-5,8.91229e-5,8.91229e-5,false
10.0,71137,7.85489e-5,Inf,Inf,false
10.0,71138,0.000156217,0.000156075,0.000156075,false
10.0,71159,4.5011e-5,Inf,Inf,false
10.0,71160,0.000122909,0.000100473,0.000100473,false
10.0,71166,0.00078916,0.000756326,0.000756326,false
10.0,71177,0.000156378,0.000144496,0.000144496,false
10.0,71182,0.000389063,0.000378456,0.000378456,false
10.0,71197,0.000133757,8.91762e-5,8.91762e-5,false
10.0,71203,0.000223094,0.000200923,0.000200923,false
10.0,71261,0.000100574,Inf,Inf,false
10.0,71262,0.000166797,Inf,Inf,false
10.0,71283,0.000545006,0.000534209,0.000534209,false
10.0,71284,0.000134232,0.000134185,0.000134185,false
10.0,71285,0.000156325,0.000133391,0.000133391,false
10.0,71288,0.000189673,Inf,Inf,false
10.0,71289,8.98371e-5,7.81736e-5,7.81736e-5,false
10.0,71291,0.00014543,Inf,Inf,false
10.0,71293,0.000200303,0.000189719,0.000189719,false
10.0,71299,7.77866e-5,Inf,Inf,false
10.0,71302,0.000389657,0.000356276,0.000356276,false
10.0,71328,0.000178165,0.000156549,0.000156549,false
10.0,71330,0.000100002,7.78294e-5,7.78294e-5,false
10.0,71368,0.00107831,0.00106717,0.00106717,false
10.0,71377,0.000145108,Inf,Inf,false
10.0,71394,0.000122501,Inf,Inf,false
10.0,71395,0.00010077,0.000100427,0.000100427,false
10.0,71396,0.000111759,Inf,Inf,false
10.0,71400,0.000211571,0.000211292,0.000211292,false
10.0,71445,0.000123211,Inf,Inf,false
10.0,71450,4.45992e-5,Inf,Inf,false
10.0,71467,0.000100401,Inf,Inf,false
10.0,71468,0.000311424,0.000311347,0.000311347,false
10.0,71528,0.000112038,8.9315e-5,8.9315e-5,false
10.0,71529,0.000167113,0.000145047,0.000145047,false
10.0,71541,0.000855714,0.000844771,0.000844771,false
10.0,71579,0.000200199,0.000189566,0.000189566,false
10.0,71603,0.000134286,Inf,Inf,false
10.0,71604,0.000178313,0.000145272,0.000145272,false
10.0,71609,0.000255626,0.000255616,0.000255616,false
10.0,71655,0.000122437,0.000111585,0.000111585,false
10.0,71701,0.00015586,0.000144935,0.000144935,false
10.0,71704,8.98235e-5,8.89582e-5,8.89582e-5,false
10.0,71705,0.000111806,0.000111486,0.000111486,false
10.0,71719,0.000900963,0.000822606,0.000822606,false
10.0,71747,0.000733493,0.000722793,0.000722793,false
10.0,71759,0.00012322,0.000111917,0.000111917,false
10.0,71760,0.000133475,Inf,Inf,false
10.0,71769,0.000144754,Inf,Inf,false
10.0,71774,0.00060094,0.000600164,0.000600164,false
10.0,71805,0.000723042,0.000722841,0.000722841,false
10.0,71810,0.000756043,0.000744909,0.000744909,false
10.0,71817,0.000167338,0.000134185,0.000134185,false
10.0,71820,0.000100737,Inf,Inf,false
10.0,71823,0.00011139,8.89582e-5,8.89582e-5,false
10.0,71851,4.53561e-5,Inf,Inf,false
10.0,71853,4.54173e-5,Inf,Inf,false
10.0,71872,0.000189108,0.000178037,0.000178037,false
10.0,71876,7.7872e-5,Inf,Inf,false
10.0,71879,0.000366936,0.000356498,0.000356498,false
10.0,71904,0.00015634,0.000111784,0.000111784,false
10.0,71929,0.00010004,8.94156e-5,8.94156e-5,false
10.0,71932,0.000100234,0.000100082,0.000100082,false
10.0,71934,0.000189306,0.000123088,0.000145272,true
10.0,71972,6.67959e-5,Inf,Inf,false
10.0,71973,0.000100716,8.95971e-5,8.95971e-5,false
10.0,71974,8.96706e-5,7.86641e-5,7.86641e-5,false
10.0,71995,0.000367648,0.00035639,0.00035639,false
10.0,72027,0.000334014,0.000333879,0.000333879,false
10.0,72028,0.000444858,0.000444635,0.000444635,false
10.0,72038,0.000578009,0.000533791,0.000533791,false
10.0,72043,6.68172e-5,Inf,Inf,false
10.0,72045,0.000122896,0.000122631,0.000122631,false
10.0,72047,0.000133859,0.000122354,0.000122354,false
10.0,72048,5.61354e-5,Inf,Inf,false
10.0,72051,0.000234095,0.000233734,0.000233734,false
10.0,72057,0.000400295,0.000388986,0.000388986,false
10.0,72089,0.000134176,0.000111128,0.000111128,false
10.0,72110,0.000123135,Inf,Inf,false
10.0,72157,0.000856045,0.00085569,0.00085569,false
10.0,72158,0.00078945,0.000767387,0.000767387,false
10.0,72172,0.000378151,0.000366715,0.000366715,false
10.0,72195,0.000278401,0.000267134,0.000267134,false
10.0,72196,0.000112029,7.82285e-5,7.82285e-5,false
10.0,72245,0.000233813,0.000200888,0.000200888,false
10.0,72248,0.000167193,0.000144785,0.000144785,false
10.0,72276,0.000166816,0.000145174,0.000145174,false
10.0,72277,8.98815e-5,Inf,Inf,false
10.0,72279,0.000178454,0.000156252,0.000156252,false
10.0,72307,7.8386e-5,6.67284e-5,6.67284e-5,false
10.0,72309,7.85126e-5,Inf,Inf,false
10.0,72330,0.000167478,0.000100308,0.000100308,false
10.0,72340,0.000333929,0.000322951,0.000322951,false
10.0,72384,0.000389849,0.000389772,0.000389772,false
10.0,72388,0.000134239,0.00013383,0.00013383,false
10.0,72435,0.000111881,0.000100669,0.000100669,false
10.0,72438,0.0001672,Inf,Inf,false
10.0,72455,0.000845163,0.000833987,0.000833987,false
10.0,72493,0.000422623,0.000400349,0.000400349,false
10.0,72495,0.000389232,0.000378694,0.000378694,false
10.0,72522,0.000122774,0.000111761,0.000111761,false
10.0,72523,0.000122836,Inf,Inf,false
10.0,72529,0.000912057,0.00085569,0.00085569,false
10.0,72536,0.000633426,0.000600934,0.000600934,false
10.0,72542,0.000122782,Inf,Inf,false
10.0,72550,0.000300844,0.000300022,0.000300022,false
10.0,72570,5.55927e-5,4.51499e-5,4.51499e-5,false
10.0,72593,0.000267492,0.000255934,0.000255934,false
10.0,72640,0.000877808,0.000844771,0.000844771,false
10.0,72690,0.000111749,0.000111583,0.000111583,false
10.0,72710,0.000145026,0.00014471,0.00014471,false
10.0,72711,0.000156293,0.000144617,0.000144617,false
10.0,72712,0.000189824,0.0001225,0.0001225,false
10.0,72713,0.000111497,0.000111116,0.000111116,false
10.0,72730,0.000166913,Inf,Inf,false
10.0,72746,0.00112266,0.000978033,0.000978033,false
10.0,72763,5.57626e-5,Inf,Inf,false
10.0,72797,0.000311701,0.000300008,0.000300008,false
10.0,72800,0.000333494,0.000323141,0.000323141,false
10.0,72823,0.000300595,0.000289429,0.000289429,false
10.0,72824,0.000244884,0.000211461,0.000211461,false
10.0,72827,0.000122696,0.000122457,0.000122457,false
10.0,72833,0.000445121,0.000433582,0.000433582,false
10.0,72849,0.000111803,Inf,Inf,false
10.0,72855,0.000144632,7.80428e-5,7.80428e-5,false
10.0,72878,0.000267108,0.000256215,0.000256215,false
10.0,72891,0.000777817,0.00075557,0.00075557,false
10.0,72902,0.000189766,0.000189068,0.000189068,false
10.0,72908,0.000134106,0.000111797,0.000111797,false
10.0,72937,5.65066e-5,Inf,Inf,false
10.0,72961,0.000189115,0.000178063,0.000178063,false
10.0,72964,0.000200994,Inf,Inf,false
10.0,72976,0.000400306,0.000400057,0.000400057,false
10.0,73000,0.000100981,Inf,Inf,false
10.0,73001,6.7318e-5,Inf,Inf,false
10.0,73003,5.57573e-5,Inf,Inf,false
10.0,73022,0.00010091,Inf,Inf,false
10.0,73023,0.000189432,Inf,Inf,false
10.0,73046,0.000911963,0.000889687,0.000889687,false
10.0,73056,6.74341e-5,Inf,Inf,false
10.0,73057,6.67567e-5,Inf,Inf,false
10.0,73082,0.000144842,0.000133551,0.000133551,false
10.0,73083,0.000178748,0.000178168,0.000178168,false
10.0,73120,0.0001003,Inf,Inf,false
10.0,73136,0.000689258,0.000667585,0.000667585,false
10.0,73147,0.000189225,0.000167334,0.000167334,false
10.0,73171,0.00101148,0.000989877,0.000989877,false
10.0,73173,0.000856153,0.000823101,0.000823101,false
10.0,73179,0.000323154,0.00032301,0.00032301,false
10.0,73182,4.50548e-5,Inf,Inf,false
10.0,73189,0.000855782,0.000844516,0.000844516,false
10.0,73194,0.000656369,0.000611828,0.000611828,false
10.0,73199,0.000122593,8.98538e-5,8.98538e-5,false
10.0,73203,6.68954e-5,Inf,Inf,false
10.0,73204,0.00013354,0.000111748,0.000111748,false
10.0,73206,0.000266786,0.000256337,0.000256337,false
10.0,73214,0.000389636,0.000378188,0.000378188,false
10.0,73250,0.000789515,0.000778767,0.000778767,false
10.0,73262,8.94838e-5,Inf,Inf,false
10.0,73269,0.000189071,0.000178305,0.000178305,false
10.0,73293,0.000267388,0.000189344,0.000189344,false
10.0,73295,0.000200277,0.000200011,0.000200011,false
10.0,73312,0.000100916,0.000100308,0.000100308,false
10.0,73313,0.000122528,0.000111186,0.000111186,false
10.0,73319,0.000222513,0.000211237,0.000211237,false
10.0,73320,0.000356233,0.000345192,0.000345192,false
10.0,73357,0.000911262,0.000811965,0.000811965,false
10.0,73367,0.000122995,0.000111535,0.000111535,false
10.0,73371,0.000145399,Inf,Inf,false
10.0,73403,0.000167035,0.000111849,0.000111849,false
10.0,73432,0.000100776,0.000100643,0.000100643,false
10.0,73434,0.000178693,0.000155874,0.000155874,false
10.0,73445,0.000344594,0.000278511,0.000278511,false
10.0,73450,0.000445053,0.000345114,0.000345114,false
10.0,73463,0.000900274,0.000834271,0.000834271,false
10.0,73471,0.000356057,0.000300071,0.000300071,false
10.0,73473,0.000133638,0.000122223,0.000122223,false
10.0,73500,0.000356355,0.000356251,0.000356251,false
10.0,73501,0.000444927,0.000345265,0.000345265,false
10.0,73511,0.000789296,0.000756428,0.000756428,false
10.0,73532,0.000123065,0.000111812,0.000111812,false
10.0,73555,0.000178271,0.000167641,0.000167641,false
10.0,73558,0.000156196,0.000145086,0.000145086,false
10.0,73560,0.000367415,0.000322724,0.000322724,false
10.0,73598,0.000144631,Inf,Inf,false
10.0,73600,0.000112029,0.000111946,0.000111946,false
10.0,73620,0.000155629,0.000133824,0.000133824,false
10.0,73628,0.000400195,0.000389505,0.000389505,false
10.0,73634,0.000300972,0.000244676,0.000244676,false
10.0,73643,0.00107876,0.00107783,0.00107783,false
10.0,73661,8.97811e-5,Inf,Inf,false
10.0,73689,0.000144477,Inf,Inf,false
10.0,73690,8.92167e-5,Inf,Inf,false
10.0,73728,0.00021141,0.000211407,0.000211407,false
10.0,73730,0.000189689,Inf,Inf,false
10.0,73733,5.57028e-5,Inf,Inf,false
10.0,73736,0.000167098,0.00011205,0.00011205,false
10.0,73748,0.000789082,0.000778677,0.000778677,false
10.0,73751,0.000733708,0.000722307,0.000722307,false
10.0,73772,0.000878351,0.000844772,0.000844772,false
10.0,73792,0.000789424,0.000755564,0.000755564,false
10.0,73810,0.00083417,0.000822661,0.000822661,false
10.0,73826,0.000189082,0.000155866,0.000155866,false
10.0,73831,0.00040032,0.000300428,0.000300428,false
10.0,73856,0.000122644,0.000111473,0.000111473,false
10.0,73857,8.95037e-5,8.92671e-5,8.92671e-5,false
10.0,73860,0.000422263,0.000411184,0.000411184,false
10.0,73886,0.000355923,0.000334065,0.000334065,false
10.0,73952,0.000933383,0.000911287,0.000911287,false
10.0,73966,0.000866873,0.000845034,0.000845034,false
10.0,73974,0.000123083,0.000111211,0.000111211,false
10.0,73975,0.000133382,0.000111774,0.000111774,false
10.0,73976,0.000122408,0.000100876,0.000100876,false
10.0,74005,0.000155977,0.000122696,0.000122696,false
10.0,74013,0.000333842,0.000322411,0.000322411,false
10.0,74045,0.000122776,0.000111395,0.000111395,false
10.0,74059,0.000644766,0.000634252,0.000634252,false
10.0,74072,0.000167617,Inf,Inf,false
10.0,74077,0.000378364,0.000367046,0.000367046,false
10.0,74112,7.84666e-5,Inf,Inf,false
10.0,74114,0.000122666,0.000100762,0.000100762,false
10.0,74118,0.0007225,0.000700577,0.000700577,false
10.0,74161,0.00030088,0.000300169,0.000300169,false
10.0,74164,0.000134126,Inf,Inf,false
10.0,74165,7.799e-5,Inf,Inf,false
10.0,74191,0.000111389,Inf,Inf,false
10.0,74201,0.000178315,0.00016678,0.00016678,false
10.0,74240,0.000189457,0.000156128,0.000156128,false
10.0,74252,0.000300718,0.000300378,0.000300378,false
10.0,74284,0.000478372,0.000477798,0.000477798,false
10.0,74285,0.000489289,0.00042289,0.00042289,false
10.0,74293,0.000767453,0.000733834,0.000733834,false
10.0,74296,0.000856526,0.000767342,0.000767342,false
10.0,74305,0.000234022,0.000212034,0.000212034,false
10.0,74306,0.000156219,0.000144739,0.000144739,false
10.0,74308,5.65412e-5,Inf,Inf,false
10.0,74309,0.000145114,Inf,Inf,false
10.0,74372,0.00012295,Inf,Inf,false
10.0,74374,5.56007e-5,4.53843e-5,4.53843e-5,false
10.0,74433,0.000156093,Inf,Inf,false
10.0,74434,0.000122984,0.000111829,0.000111829,false
10.0,74469,8.97849e-5,8.89394e-5,8.89394e-5,false
10.0,74494,0.000111863,0.00010094,0.00010094,false
10.0,74503,0.000200155,0.000189314,0.000189314,false
10.0,74536,0.000111518,Inf,Inf,false
10.0,74560,8.98679e-5,Inf,Inf,false
10.0,74563,0.000333599,0.0003119,0.0003119,false
10.0,74565,0.000345086,0.000334134,0.000334134,false
10.0,74585,0.000133463,0.000122493,0.000122493,false
10.0,74586,0.000145152,Inf,Inf,false
10.0,74606,0.000133335,0.000123062,0.000123062,false
10.0,74636,0.000200982,0.000189625,0.000189625,false
10.0,74637,3.37814e-5,Inf,Inf,false
10.0,74647,0.000766962,0.000723059,0.000723059,false
10.0,74661,0.000134197,Inf,Inf,false
10.0,74700,0.00018966,Inf,Inf,false
10.0,74701,0.000156064,Inf,Inf,false
10.0,74725,0.000134208,8.98515e-5,8.98515e-5,false
10.0,74733,0.000367509,0.000367043,0.000367043,false
10.0,74741,0.000256037,0.000245376,0.000245376,false
10.0,74753,0.000645253,0.00064459,0.00064459,false
10.0,74759,0.000200784,0.000189433,0.000189433,false
10.0,74778,0.000145016,0.000133981,0.000133981,false
10.0,74783,0.000200667,0.000178291,0.000178291,false
10.0,74789,0.00021138,0.000200166,0.000200166,false
10.0,74834,0.000145245,0.00014491,0.00014491,false
10.0,74846,0.0004231,0.000400161,0.000400161,false
10.0,74898,0.000167203,Inf,Inf,false
10.0,74899,0.000123128,Inf,Inf,false
10.0,74901,0.000411638,0.000400742,0.000400742,false
10.0,74931,7.86562e-5,Inf,Inf,false
10.0,74972,0.000177896,0.000156393,0.000156393,false
10.0,74980,0.00115598,0.00106765,0.00106765,false
10.0,74989,0.000333707,0.000288922,0.000288922,false
10.0,75018,6.71164e-5,Inf,Inf,false
10.0,75046,0.000122353,0.000111636,0.000111636,false
10.0,75048,0.000200769,0.000200473,0.000200473,false
10.0,75057,0.000844925,0.000822894,0.000822894,false
10.0,75058,0.00087819,0.000722489,0.000722489,false
10.0,75066,0.000323184,0.000322844,0.000322844,false
10.0,75072,0.000211506,0.000200949,0.000200949,false
10.0,75083,0.000167607,0.000166683,0.000166683,false
10.0,75107,0.000178772,0.000156132,0.000156132,false
10.0,75108,0.000122426,0.000111221,0.000111245,true
10.0,75122,0.000178254,0.000133851,0.000133851,false
10.0,75162,0.000133941,Inf,Inf,false
10.0,75184,0.000167493,0.000155708,0.000155708,false
10.0,75226,0.000111688,0.000100453,0.000100453,false
10.0,75254,0.00015585,0.000144907,0.000144907,false
10.0,75256,7.82577e-5,7.81251e-5,7.81251e-5,false
10.0,75259,0.000145086,Inf,Inf,false
10.0,75260,0.000222722,0.000111829,0.000111829,false
10.0,75317,0.000100496,8.91435e-5,8.91435e-5,false
10.0,75330,0.000167174,0.00010061,0.00010061,false
10.0,75332,0.000312096,0.000234322,0.000234322,false
10.0,75341,0.00115633,0.000978687,0.000978687,false
10.0,75368,0.000400406,0.000389697,0.000389697,false
10.0,75371,0.000323053,0.00031177,0.00031177,false
10.0,75376,0.00016714,0.000156531,0.000156531,false
10.0,75378,0.000100949,Inf,Inf,false
10.0,75379,0.000222789,0.000145355,0.000145355,false
10.0,75383,0.000345051,0.000323016,0.000323016,false
10.0,75404,0.000900166,0.000823125,0.000823125,false
10.0,75414,0.000212064,0.000211578,0.000211578,false
10.0,75451,0.000422278,0.000411157,0.000411157,false
10.0,75466,7.78646e-5,Inf,Inf,false
10.0,75467,6.74813e-5,6.70979e-5,6.70979e-5,false
10.0,75474,0.000544527,0.000512099,0.000512099,false
10.0,75492,0.000345115,0.000344621,0.000344621,false
10.0,75498,0.00013416,0.000133457,0.000133457,false
10.0,75503,0.000434132,0.000433724,0.000433724,false
10.0,75551,6.7663e-5,Inf,Inf,false
10.0,75552,0.0001337,0.000123151,0.000123151,false
10.0,75553,0.000122462,0.000111185,0.000111185,false
10.0,75557,0.000244494,0.000222996,0.000222996,false
10.0,75558,0.000145129,0.000133341,0.000133341,false
10.0,75583,5.55869e-5,Inf,Inf,false
10.0,75601,0.00016705,0.000156153,0.000156153,false
10.0,75608,0.000123206,7.79114e-5,7.79114e-5,false
10.0,75609,0.000167268,0.000144575,0.000144575,false
10.0,75636,0.00016703,0.000155892,0.000155892,false
10.0,75658,0.000111892,6.73393e-5,6.73393e-5,false
10.0,75714,0.000289316,0.000244837,0.000244837,false
10.0,75716,7.82686e-5,Inf,Inf,false
10.0,75723,0.000311963,0.000311582,0.000311582,false
10.0,75747,7.87255e-5,Inf,Inf,false
10.0,75748,0.000133582,Inf,Inf,false
10.0,75757,0.000888896,0.000856192,0.000856192,false
10.0,75770,0.00022283,0.000144547,0.000144547,false
10.0,75805,0.0004671,0.00043373,0.00043373,false
10.0,75819,0.00015606,0.00010035,0.00010035,false
10.0,75820,0.000289506,0.00028946,0.00028946,false
10.0,75825,0.000200819,0.000178342,0.000178342,false
10.0,75848,0.00033364,0.000289235,0.000289235,false
10.0,75851,6.7591e-5,Inf,Inf,false
10.0,75852,0.000167227,0.000155613,0.000155613,false
10.0,75854,4.52107e-5,Inf,Inf,false
10.0,75855,8.95833e-5,7.8481e-5,7.8481e-5,false
10.0,75888,0.000489123,0.000467647,0.000467647,false
10.0,75909,0.000189232,0.000188936,0.000188936,false
10.0,75914,0.000112,Inf,Inf,false
10.0,75936,0.000300585,0.000289878,0.000289878,false
10.0,75950,0.000344907,0.000300715,0.000300715,false
10.0,75953,0.000178228,0.000167402,0.000167402,false
10.0,75992,8.934e-5,7.83918e-5,7.83918e-5,false
10.0,75995,0.00015644,0.000144918,0.000144918,false
10.0,76036,0.00111163,0.00107841,0.00107841,false
10.0,76043,0.000111403,0.000111245,0.000111245,false
10.0,76080,0.000544803,0.000511565,0.000511565,false
10.0,76105,0.000278536,0.000267044,0.000267044,false
10.0,76120,0.000667639,0.000622914,0.000622914,false
10.0,76123,0.000389428,0.00037859,0.00037859,false
10.0,76129,8.92823e-5,8.8899e-5,8.8899e-5,false
10.0,76133,0.000334057,0.0003229,0.0003229,false
10.0,76167,6.75259e-5,Inf,Inf,false
10.0,76175,0.000422807,0.00041138,0.00041138,false
10.0,76203,0.000111876,0.000100029,0.000100029,false
10.0,76232,5.56071e-5,Inf,Inf,false
10.0,76298,0.000267512,0.000266963,0.000266963,false
10.0,76299,0.00011165,7.8113e-5,7.8113e-5,false
10.0,76301,0.000111916,8.97192e-5,8.97192e-5,false
10.0,76302,0.000488999,0.000444484,0.000444484,false
10.0,76321,0.000244908,0.000200365,0.000200365,false
10.0,76348,0.000967603,0.000966707,0.000966707,false
10.0,76360,7.80849e-5,Inf,Inf,false
10.0,76362,0.000334064,0.000322686,0.000322686,false
10.0,76363,0.000455863,0.000411195,0.000411195,false
10.0,76378,0.000222668,0.000211633,0.000211633,false
10.0,76390,8.95844e-5,8.9508e-5,8.9508e-5,false
10.0,76391,0.000167203,0.000155786,0.000155786,false
10.0,76421,0.000755766,0.00067864,0.00067864,false
10.0,76427,0.000711639,0.000689874,0.000689874,false
10.0,76441,0.000155791,Inf,Inf,false
10.0,76490,0.000200657,0.000189771,0.000189771,false
10.0,76492,0.000200684,Inf,Inf,false
10.0,76520,0.000111257,Inf,Inf,false
10.0,76528,0.000533884,0.000511973,0.000511973,false
10.0,76530,0.000433951,0.000400063,0.000400063,false
10.0,76539,0.000778106,0.000766725,0.000766725,false
10.0,76549,0.00104539,0.000967461,0.000967461,false
10.0,76551,0.000400073,0.000389489,0.000389489,false
10.0,76556,0.00020032,0.000156544,0.000156544,false
10.0,76580,0.000167064,0.000155603,0.000155603,false
10.0,76588,0.00011119,8.9508e-5,8.9508e-5,false
10.0,76616,0.000211805,0.000178317,0.000178317,false
10.0,76618,5.6382e-5,Inf,Inf,false
10.0,76619,6.74393e-5,Inf,Inf,false
10.0,76666,0.000100648,0.000100601,0.000100601,false
10.0,76682,0.000167257,0.000156114,0.000156114,false
10.0,76690,0.000345346,0.000300508,0.000300508,false
10.0,76693,0.000645201,0.000644908,0.000644908,false
10.0,76739,0.000133725,Inf,Inf,false
10.0,76742,0.0002674,0.000234105,0.000234105,false
10.0,76752,0.000189498,0.000167174,0.000167174,false
10.0,76781,0.000111406,0.000100931,0.000100931,false
10.0,76784,0.000466848,0.000455637,0.000455637,false
10.0,76793,0.000900176,0.000889668,0.000889668,false
10.0,76797,0.000689052,0.000678443,0.000678443,false
10.0,76804,0.000189815,0.000189362,0.000189362,false
10.0,76867,0.000678548,0.000644966,0.000644966,false
10.0,76874,0.000189461,0.000178476,0.000178476,false
10.0,76875,0.000167007,0.000156138,0.000156138,false
10.0,76878,0.000245116,0.000144671,0.000144671,false
10.0,76936,0.000156275,0.000145019,0.000145019,false
10.0,76948,0.000145022,Inf,Inf,false
10.0,76954,0.000989865,0.000989184,0.000989184,false
10.0,76957,0.00103409,0.00102272,0.00102272,false
10.0,76978,6.74065e-5,Inf,Inf,false
10.0,76984,0.000423149,0.000422239,0.000422239,false
10.0,76998,0.000700902,0.000677885,0.000677885,false
10.0,77007,0.000234215,0.000189703,0.000189703,false
10.0,77009,0.000167171,Inf,Inf,false
10.0,77011,0.000423182,0.000423044,0.000423044,false
10.0,77017,0.00013335,7.7911e-5,7.7911e-5,false
10.0,77021,0.000234251,0.000223145,0.000223145,false
10.0,77024,0.000833528,0.000833375,0.000833375,false
10.0,77081,0.000556525,0.000500826,0.000500826,false
10.0,77131,0.000266954,0.000256136,0.000256136,false
10.0,77138,0.000266996,0.00026686,0.00026686,false
10.0,77173,0.000778757,0.000745023,0.000745023,false
10.0,77177,6.67922e-5,Inf,Inf,false
10.0,77197,0.00063421,0.00060001,0.00060001,false
10.0,77203,0.000233966,0.000189368,0.000189368,false
10.0,77248,7.78814e-5,Inf,Inf,false
10.0,77250,0.000144465,0.000134162,0.000134162,false
10.0,77254,0.000178048,0.000155718,0.000155718,false
10.0,77279,0.000245029,0.000234273,0.000234273,false
10.0,77282,0.000200056,0.000189741,0.000189741,false
10.0,77283,0.000155698,0.00012272,0.00012272,false
10.0,77284,0.000189561,0.000178104,0.000178104,false
10.0,77290,0.000556328,0.000522701,0.000522701,false
10.0,77294,0.000289875,0.000289203,0.000289203,false
10.0,77302,0.000544562,0.000512021,0.000512021,false
10.0,77341,0.000156377,0.000123187,0.000123187,false
10.0,77384,0.000112016,Inf,Inf,false
10.0,77386,0.000167556,0.000133831,0.000133831,false
10.0,77448,0.00011188,Inf,Inf,false
10.0,77455,0.000722812,0.000711624,0.000711624,false
10.0,77471,7.78633e-5,Inf,Inf,false
10.0,77492,0.00100025,0.000989804,0.000989804,false
10.0,77502,0.000156407,0.000112099,0.000112099,false
10.0,77506,0.000111633,0.000111243,0.000111243,false
10.0,77514,0.00103353,0.000955892,0.000955892,false
10.0,77529,0.000278435,0.000222576,0.000222576,false
10.0,77534,0.000355823,0.00032271,0.00032271,false
10.0,77540,0.000144748,0.000133645,0.000133645,false
10.0,77541,0.000145339,0.000100541,0.000100541,false
10.0,77547,0.000444872,0.000444859,0.000444859,false
10.0,77569,0.000189363,0.000177971,0.000177971,false
10.0,77601,0.000166735,Inf,Inf,false
10.0,77604,0.000133946,0.000112007,0.000112007,false
10.0,77629,0.00101177,0.000989712,0.000989712,false
10.0,77645,0.000145437,Inf,Inf,false
10.0,77650,0.000389288,0.000378412,0.000378412,false
10.0,77687,0.000178422,0.000167592,0.000167592,false
10.0,77736,0.000423182,0.000411442,0.000411442,false
10.0,77744,0.000545216,0.00051148,0.00051148,false
10.0,77762,0.00102223,0.00101126,0.00101126,false
10.0,77768,0.00094534,0.000944692,0.000944692,false
10.0,77778,5.6032e-5,Inf,Inf,false
10.0,77782,0.000122254,7.8481e-5,7.8481e-5,false
10.0,77802,0.000211932,0.000200146,0.000200146,false
10.0,77809,0.000500081,0.000489358,0.000489358,false
10.0,77840,0.00010056,Inf,Inf,false
10.0,77857,0.000700427,0.000678759,0.000678759,false
10.0,77869,0.000211745,0.00020084,0.00020084,false
10.0,77876,0.000455646,0.000433427,0.000433427,false
10.0,77923,0.000678247,0.000666899,0.000666899,false
10.0,77937,0.000223067,0.000222832,0.000222832,false
10.0,77942,0.000300011,0.000267435,0.000267435,false
10.0,77978,0.000144768,8.91802e-5,8.91802e-5,false
10.0,77980,0.000122432,Inf,Inf,false
10.0,78003,0.000223052,0.00020015,0.00020015,false
10.0,78006,0.000189741,0.000167027,0.000167027,false
10.0,78024,0.000967273,0.000956197,0.000956197,false
10.0,78037,0.000755567,0.000744723,0.000744723,false
10.0,78040,0.000155743,0.000123038,0.000123038,false
10.0,78041,0.000111229,Inf,Inf,false
10.0,78042,0.000111578,0.000100584,0.000100584,false
10.0,78059,0.000689041,0.000667486,0.000667486,false
10.0,78074,0.000522345,0.000522245,0.000522245,false
10.0,78110,0.000456228,0.000433798,0.000433798,false
10.0,78124,0.0001454,0.000111228,0.000111228,false
10.0,78126,0.000222993,0.000211398,0.000211398,false
10.0,78140,0.000512091,0.000500547,0.000500547,false
10.0,78151,0.00105639,0.0010447,0.0010447,false
10.0,78167,0.000145178,0.000144935,0.000144935,false
10.0,78256,0.000188985,0.000178641,0.000178641,false
10.0,78269,0.000189072,0.00017786,0.00017786,false
10.0,78295,0.000123108,0.000123059,0.000123059,false
10.0,78296,0.000200503,0.000177971,0.000177971,false
10.0,78328,0.000267425,0.000233885,0.000233885,false
10.0,78341,0.000133803,0.000133755,0.000133755,false
10.0,78359,0.00102315,0.00100066,0.00100066,false
10.0,78366,0.00077803,0.000733998,0.000733998,false
10.0,78370,6.73378e-5,Inf,Inf,false
10.0,78372,0.000134188,Inf,Inf,false
10.0,78374,0.000133898,0.000122281,0.000122281,false
10.0,78417,0.000456112,0.000445061,0.000445061,false
10.0,78444,0.00012267,8.89829e-5,8.89829e-5,false
10.0,78445,0.000155685,0.000145433,0.000145433,false
10.0,78478,0.000267531,0.000244902,0.000244902,false
10.0,78489,0.000266929,0.000233446,0.000233446,false
10.0,78515,0.000100469,Inf,Inf,false
10.0,78548,0.000200716,0.000200531,0.000200531,false
10.0,78570,0.000423176,0.000389674,0.000389674,false
10.0,78573,0.000111123,0.000100519,0.000100519,false
10.0,78577,0.000133767,0.000112016,0.000112016,false
10.0,78587,0.00106754,0.00105636,0.00105636,false
10.0,78626,0.00105579,0.00101116,0.00101116,false
10.0,78642,0.000122488,0.000111713,0.000111713,false
10.0,78647,0.000145236,6.70597e-5,6.70597e-5,false
10.0,78665,0.000812036,0.00080042,0.00080042,false
10.0,78679,0.000200685,0.00017791,0.00017791,false
10.0,78682,0.000433606,0.000422818,0.000422818,false
10.0,78702,0.000123217,0.000122944,0.000122944,false
10.0,78704,0.000267038,0.000234007,0.000234007,false
10.0,78719,0.00047832,0.000455916,0.000455916,false
10.0,78728,0.000256394,0.000244535,0.000244535,false
10.0,78788,0.00040047,0.000378011,0.000378011,false
10.0,78793,0.000189221,0.000156286,0.000156286,false
10.0,78806,0.000466949,0.000445097,0.000445097,false
10.0,78838,0.00024527,0.000244969,0.000244969,false
10.0,78842,0.000111727,0.000111532,0.000111532,false
10.0,78894,0.000178334,0.000178275,0.000178275,false
10.0,78908,0.0010231,0.000978507,0.000978507,false
10.0,78930,0.000167151,0.000156243,0.000156243,false
10.0,78954,0.000400986,0.00040026,0.00040026,false
10.0,78959,0.000223148,0.000200232,0.000200232,false
10.0,78961,0.000289286,0.000256119,0.000256119,false
10.0,78963,0.000256221,0.000245034,0.000245034,false
10.0,78965,0.000312061,0.000311852,0.000311852,false
10.0,79011,8.90411e-5,Inf,Inf,false
10.0,79013,0.00014504,0.000122964,0.000122964,false
10.0,79015,0.00018914,0.000156338,0.000156338,false
10.0,79053,0.00023432,0.000233675,0.000233675,false
10.0,79079,0.000155991,0.000155675,0.000155675,false
10.0,79082,0.000111946,0.0001119,0.0001119,false
10.0,79092,0.00107851,0.00107846,0.000722581,true
10.0,79148,0.000155906,Inf,Inf,false
10.0,79154,0.00107851,0.000722581,0.00107846,true
10.0,79164,0.000222237,0.0002008,0.0002008,false
10.0,79167,0.000300807,0.000267183,0.000267183,false
10.0,79237,0.000556132,0.000511881,0.000511881,false
10.0,79264,0.00107871,0.00102313,0.00102313,false
10.0,79272,7.84313e-5,Inf,Inf,false
10.0,79273,0.000111136,Inf,Inf,false
10.0,79277,0.000166916,Inf,Inf,false
10.0,79301,0.000222658,0.000200912,0.000200912,false
10.0,79304,0.000222682,0.000211708,0.000211708,false
10.0,79308,0.000256051,0.000245107,0.000245107,false
10.0,79352,0.000623181,0.000600997,0.000600997,false
10.0,79364,0.000634278,0.000634104,0.000634104,false
10.0,79406,0.000822553,0.000800607,0.000800607,false
10.0,79410,0.00014537,Inf,Inf,false
10.0,79412,0.000123162,0.000111309,0.000111309,false
10.0,79413,0.000133754,Inf,Inf,false
10.0,79415,0.000222684,Inf,Inf,false
10.0,79473,0.000278593,0.000278306,0.000278306,false
10.0,79474,0.000323012,0.000322634,0.000322634,false
10.0,79485,0.00117794,0.000989874,0.000989874,false
10.0,79515,0.000811312,0.000800283,0.000800283,false
10.0,79533,0.000423002,0.000411797,0.000411797,false
10.0,79534,0.00035598,0.000355634,0.000355634,false
10.0,79544,0.000400762,0.000367097,0.000367184,true
10.0,79573,0.000122796,0.000100303,0.000100303,false
10.0,79574,5.61287e-5,Inf,Inf,false
10.0,79600,0.000444986,0.000378382,0.000378382,false
10.0,79647,0.000234297,0.000211459,0.000211459,false
10.0,79648,0.000156241,0.000145393,0.000145393,false
10.0,79650,0.000100845,Inf,Inf,false
10.0,79686,0.000434212,0.00043336,0.00043336,false
10.0,79690,0.000644996,0.000622958,0.000622958,false
10.0,79719,0.000100009,Inf,Inf,false
10.0,79723,0.00012288,0.000122663,0.000122663,false
10.0,79793,7.86596e-5,Inf,Inf,false
10.0,79795,0.000122905,Inf,Inf,false
10.0,79803,0.000500777,0.000467554,0.000467554,false
10.0,79827,0.000411141,0.000400661,0.000400661,false
10.0,79834,0.000212077,0.000211708,0.000211708,false
10.0,79840,0.000300528,0.000278681,0.000278681,false
10.0,79874,0.00101135,0.00100094,0.00100094,false
10.0,79885,8.95177e-5,Inf,Inf,false
10.0,79888,8.98346e-5,8.92672e-5,8.92672e-5,false
10.0,79891,0.000511812,0.000455871,0.000466807,true
10.0,79945,0.000123026,0.000100804,0.000100804,false
10.0,79946,0.000178221,0.000134061,0.000134061,false
10.0,79949,0.000111835,0.000111309,0.000111309,false
10.0,79951,0.000100768,Inf,Inf,false
10.0,79985,0.000556416,0.00048961,0.00048961,false
10.0,79992,0.000655689,0.000422742,0.000422742,false
10.0,79998,0.000244811,0.000244698,0.000244698,false
10.0,80020,0.00107817,0.00105582,0.00105582,false
10.0,80021,0.000756175,0.000700145,0.000700145,false
10.0,80026,0.000112044,8.94203e-5,8.94203e-5,false
10.0,80053,0.000300926,0.000289639,0.000289639,false
10.0,80061,0.000367345,0.000367294,0.000367294,false
10.0,80083,0.000144899,Inf,Inf,false
10.0,80093,0.000756335,0.000744907,0.000744907,false
10.0,80120,0.000267196,0.00022312,0.00022312,false
10.0,80129,0.000155853,0.000145225,0.000145225,false
10.0,80185,0.000212104,0.000200892,0.000200892,false
10.0,80186,0.000234185,0.000211277,0.000211277,false
10.0,80187,0.000223082,0.00022299,0.00022299,false
10.0,80190,0.000367552,0.000322489,0.000322489,false
10.0,80217,0.000134328,0.000134255,0.000134255,false
10.0,80218,0.000111707,0.000100299,0.000100299,false
10.0,80219,0.000178698,Inf,Inf,false
10.0,80220,0.000167468,0.000167086,0.000167086,false
10.0,80222,0.000211772,0.000189749,0.000189749,false
10.0,80231,0.000867284,0.000833526,0.000833526,false
10.0,80263,0.00116675,0.0011338,0.0011338,false
10.0,80279,0.000166982,0.000155743,0.000155743,false
10.0,80283,0.00015645,0.000156267,0.000156267,false
10.0,80316,0.000278401,0.000267207,0.000267207,false
10.0,80359,0.000123069,0.000111174,0.000111174,false
10.0,80362,0.0001892,0.000178366,0.000178366,false
10.0,80378,0.0009118,0.00074527,0.00074527,false
10.0,80398,0.00020023,0.000166977,0.000166977,false
10.0,80428,0.000178698,0.000155798,0.000155798,false
10.0,80431,0.000112059,0.0001001,0.0001001,false
10.0,80464,0.000278742,0.000267217,0.000267217,false
10.0,80584,0.000100145,Inf,Inf,false
10.0,80601,0.000756435,0.000711582,0.000711582,false
10.0,80620,0.000345184,0.000344508,0.000344508,false
10.0,80657,0.000155916,0.000145313,0.000145313,false
10.0,80659,0.000166796,Inf,Inf,false
10.0,80660,0.000122775,0.000122587,0.000122587,false
10.0,80662,0.000155772,0.000122721,0.000122721,false
10.0,80674,0.000834028,0.000789423,0.000789423,false
10.0,80681,0.000855978,0.000833691,0.000833691,false
10.0,80690,0.000389503,0.000378763,0.000378763,false
10.0,80724,0.00108985,0.00102288,0.00102288,false
10.0,80735,0.000100278,7.79354e-5,7.79354e-5,false
10.0,80736,0.000156056,Inf,Inf,false
10.0,80738,0.000489388,0.000466807,0.000466807,false
10.0,80739,0.000545111,0.000500779,0.000500779,false
10.0,80767,0.000278051,0.000277996,0.000277996,false
10.0,80768,0.00047826,0.000477968,0.000477968,false
10.0,80770,0.000489829,0.000478615,0.000478615,false
10.0,80810,0.000200547,0.000156181,0.000156181,false
10.0,80818,0.000867089,0.000856014,0.000856014,false
10.0,80839,0.000445002,0.000433353,0.000433353,false
10.0,80846,0.000511764,0.000511641,0.000511641,false
10.0,80851,0.000400291,0.000367184,0.000367184,false
10.0,80854,0.000267498,0.000234022,0.000234022,false
10.0,80948,0.000167575,0.000156097,0.000156097,false
10.0,80949,0.000111498,Inf,Inf,false
10.0,80951,0.000133884,Inf,Inf,false
10.0,80953,0.000178617,Inf,Inf,false
10.0,80954,0.000133472,Inf,Inf,false
10.0,80955,0.000178448,0.000167086,0.000167086,false
10.0,80982,0.000522995,0.000500593,0.000500593,false
10.0,81024,0.000111782,Inf,Inf,false
10.0,81051,0.000267335,0.000266727,0.000266727,false
10.0,81059,0.000211514,0.000189819,0.000189819,false
10.0,81091,0.000156108,Inf,Inf,false
10.0,81094,0.000122761,Inf,Inf,false
10.0,81096,0.000100844,6.67985e-5,6.67985e-5,false
10.0,81103,0.000489055,0.000478418,0.000478418,false
10.0,81125,0.000333913,0.000312017,0.000312017,false
10.0,81128,0.000322371,0.000311864,0.000311864,false
10.0,81133,0.000433922,0.000433758,0.000433758,false
10.0,81137,0.000511654,0.000489833,0.000489833,false
10.0,81183,0.000833503,0.000822267,0.000822267,false
10.0,81196,0.000245054,0.000233343,0.000233343,false
10.0,81218,0.000200686,0.000200676,0.000200676,false
10.0,81232,0.00113382,0.00111165,0.00111165,false
10.0,81245,0.000156306,0.000155743,0.000155743,false
10.0,81248,0.000122749,0.000100505,0.000100505,false
10.0,81297,0.000178433,0.000167411,0.000167411,false
10.0,81333,0.000744481,0.000700854,0.000700854,false
10.0,81388,0.000823093,0.000789042,0.000789042,false
10.0,81408,0.000122933,Inf,Inf,false
10.0,81454,0.000489362,0.000478733,0.000478733,false
10.0,81460,0.000244627,0.000233374,0.000233374,false
10.0,81471,0.00115605,0.0011449,0.0011449,false
10.0,81481,8.94158e-5,8.91232e-5,8.91232e-5,false
10.0,81483,0.000122926,0.000111584,0.000111584,false
10.0,81524,0.000800768,0.000778138,0.000778138,false
10.0,81549,0.000189838,0.000100014,0.000100014,false
10.0,81654,0.000455695,0.000444581,0.000444581,false
10.0,81663,0.000500954,0.000500401,0.000500401,false
10.0,81699,0.000145049,0.000144879,0.000144879,false
10.0,81701,0.00011175,Inf,Inf,false
10.0,81704,8.92854e-5,Inf,Inf,false
10.0,81784,0.000123097,Inf,Inf,false
10.0,81788,0.000122655,0.000111376,0.000111376,false
10.0,81789,7.77806e-5,Inf,Inf,false
10.0,81828,0.000555738,0.000545413,0.000545413,false
10.0,81845,0.0011451,0.000945185,0.000945185,false
10.0,81868,0.000167502,0.000166828,0.000166828,false
10.0,81897,0.000422872,0.000389731,0.000389731,false
10.0,81936,0.000100779,Inf,Inf,false
10.0,81944,0.000689872,0.000677952,0.000677952,false
10.0,82003,0.000100552,0.00010015,0.00010015,false
10.0,82006,8.90341e-5,6.6887e-5,6.6887e-5,false
10.0,82034,0.000444484,0.000422242,0.000422242,false
10.0,82049,0.000244921,0.00024483,0.00024483,false
10.0,82067,0.00113363,0.00103401,0.00103401,false
10.0,82075,0.000222246,0.000200596,0.000200596,false
10.0,82103,0.000523155,0.000445095,0.000445095,false
10.0,82106,0.00063429,0.000612012,0.000612012,false
10.0,82118,0.000800248,0.000778155,0.000778155,false
10.0,82142,0.000145035,0.000111147,0.000111147,false
10.0,82143,8.90787e-5,6.70151e-5,6.70151e-5,false
10.0,82156,0.000778245,0.000734216,0.000734216,false
10.0,82176,0.000500763,0.000489158,0.000489158,false
10.0,82192,0.000989452,0.000978609,0.000978609,false
10.0,82212,3.3335e-5,Inf,Inf,false
10.0,82213,6.66925e-5,Inf,Inf,false
10.0,82215,0.000166982,0.000145125,0.000145125,false
10.0,82252,0.00047835,0.000444644,0.000444644,false
10.0,82264,0.00107781,0.00102275,0.00102275,false
10.0,82281,0.000145093,0.000134119,0.000134119,false
10.0,82285,0.000178685,0.000144735,0.000144735,false
10.0,82288,0.000455774,0.000445378,0.000445378,false
10.0,82340,0.00027829,0.000256373,0.000256373,false
10.0,82343,0.000778611,0.000722623,0.000722623,false
10.0,82376,0.0005893,0.000556197,0.000556197,false
10.0,82381,0.000133551,Inf,Inf,false
10.0,82382,0.000167467,0.000144517,0.000144517,false
10.0,82408,4.47592e-5,Inf,Inf,false
10.0,82460,0.000900928,0.000878642,0.000878642,false
10.0,82483,0.00075651,0.000756113,0.000756113,false
10.0,82490,0.00011155,0.000100258,0.000100258,false
10.0,82496,0.000178466,0.000167652,0.000167652,false
10.0,82497,0.000445143,0.000444947,0.000444947,false
10.0,82515,0.000878749,0.000877893,0.000877893,false
10.0,82532,0.000534259,0.000455748,0.000455748,false
10.0,82583,0.000433439,0.000412106,0.000412106,false
10.0,82585,0.000478228,0.00045589,0.00045589,false
10.0,82589,0.000367453,0.000367356,0.000367356,false
10.0,82634,0.000167496,0.000156252,0.000156252,false
10.0,82635,0.000122531,0.000111633,0.000111633,false
10.0,82636,0.000122383,0.000112075,0.000112075,false
10.0,82663,0.000711294,0.00068914,0.00068914,false
10.0,82670,0.000467261,0.000445057,0.000445057,false
10.0,82724,8.9555e-5,7.86574e-5,7.86574e-5,false
10.0,82725,8.97858e-5,8.94143e-5,8.94143e-5,false
10.0,82746,0.000922743,0.000656381,0.000656424,true
10.0,82773,0.000644683,0.000578498,0.000578498,false
10.0,82806,0.000156122,0.000133893,0.000133893,false
10.0,82857,0.000266858,0.000233615,0.000233615,false
10.0,82859,0.000211959,0.000178764,0.000178764,false
10.0,82890,0.000133487,0.000111125,0.000111125,false
10.0,82892,6.76124e-5,Inf,Inf,false
10.0,82961,0.000100608,8.96716e-5,8.96716e-5,false
10.0,82962,6.72662e-5,Inf,Inf,false
10.0,82991,0.000378366,0.000367356,0.000367356,false
10.0,83012,0.000311838,0.000300872,0.000300872,false
10.0,83036,0.000122414,0.000122242,0.000122242,false
10.0,83038,0.000211181,0.000145352,0.000145352,false
10.0,83073,0.000522381,0.000445409,0.000445409,false
10.0,83079,0.000200603,0.000177919,0.000177919,false
10.0,83103,0.00107851,0.00107804,0.00107804,false
10.0,83128,0.000700116,0.00068968,0.00068968,false
10.0,83168,0.00108971,0.00105568,0.00105568,false
10.0,83186,0.00076704,0.000755967,0.000755967,false
10.0,83196,0.000144866,0.000134308,0.000134308,false
10.0,83201,6.76203e-5,Inf,Inf,false
10.0,83202,0.000123068,0.000123026,0.000123026,false
10.0,83272,0.0001009,Inf,Inf,false
10.0,83273,0.000100974,8.98087e-5,8.98087e-5,false
10.0,83274,0.000189174,Inf,Inf,false
10.0,83278,0.000222382,0.000200192,0.000200192,false
10.0,83293,0.000477809,0.000467158,0.000467158,false
10.0,83312,0.000189161,0.000178648,0.000178648,false
10.0,83394,0.000866694,0.000855715,0.000855715,false
10.0,83459,0.000366905,0.000345126,0.000345126,false
10.0,83478,0.00105626,0.00105619,0.00105619,false
10.0,83490,0.000122236,0.000100732,0.000100732,false
10.0,83492,0.000122656,Inf,Inf,false
10.0,83494,2.24062e-5,Inf,Inf,false
10.0,83497,6.7174e-5,5.56415e-5,5.56415e-5,false
10.0,83498,0.000189398,0.000189095,0.000189095,false
10.0,83502,0.000689276,0.000656424,0.000656424,false
10.0,83563,5.64062e-5,5.61752e-5,5.61752e-5,false
10.0,83564,0.000144708,Inf,Inf,false
10.0,83568,6.74874e-5,Inf,Inf,false
10.0,83607,0.000645304,0.000634004,0.000634004,false
10.0,83633,0.000133757,0.0001336,0.0001336,false
10.0,83634,0.000123076,0.000111446,0.000111446,false
10.0,83638,8.95769e-5,Inf,Inf,false
10.0,83656,0.000867425,0.000866914,0.000866914,false
10.0,83688,0.000711701,0.000678199,0.000678199,false
10.0,83710,0.000122592,Inf,Inf,false
10.0,83740,0.000489406,0.000433834,0.000433834,false
10.0,83752,0.000622658,0.00062232,0.00062232,false
10.0,83756,0.000544801,0.000544598,0.000544598,false
10.0,83771,0.000867587,0.000867191,0.000867191,false
10.0,83816,0.000411449,0.000411351,0.000411351,false
10.0,83820,0.000511352,0.000466806,0.000466806,false
10.0,83824,0.000477944,0.000456408,0.000456408,false
10.0,83830,0.00058973,0.000589355,0.000589355,false
10.0,83864,0.000166862,0.00015608,0.00015608,false
10.0,83868,0.000400521,0.000377963,0.000377963,false
10.0,83893,0.000678435,0.000667659,0.000667659,false
10.0,83899,0.000189779,0.000189341,0.000189341,false
10.0,83921,7.7916e-5,6.71473e-5,6.71473e-5,false
10.0,84006,8.93483e-5,Inf,Inf,false
10.0,84007,0.000145377,0.000133845,0.000133845,false
10.0,84113,0.000378637,0.000377815,0.000377815,false
10.0,84128,0.0011223,0.00107795,0.00107795,false
10.0,84142,0.000144515,0.00011162,0.00011162,false
10.0,84147,0.000222338,0.000189594,0.000189594,false
10.0,84164,0.000800471,0.000789077,0.000789077,false
10.0,84167,0.000512094,0.000489146,0.000489146,false
10.0,84218,0.000133687,Inf,Inf,false
10.0,84222,0.000133539,Inf,Inf,false
10.0,84232,0.000389882,0.000389685,0.000389685,false
10.0,84251,0.000800061,0.000744492,0.000744492,false
10.0,84262,0.000500486,0.000489203,0.000489203,false
10.0,84343,0.000356505,0.000355988,0.000355988,false
10.0,84348,0.000656455,0.00063383,0.00063383,false
10.0,84373,0.000189086,Inf,Inf,false
10.0,84386,0.00050086,0.000489677,0.000489677,false
10.0,84424,0.000366899,0.000355924,0.000355924,false
10.0,84426,0.000344504,0.000289689,0.000289689,false
10.0,84429,0.000367364,0.000345358,0.000345358,false
10.0,84460,0.000422914,0.000400586,0.000400586,false
10.0,84468,0.000112074,8.97345e-5,8.97345e-5,false
10.0,84544,0.000122548,0.000122502,0.000122502,false
10.0,84545,0.000134054,Inf,Inf,false
10.0,84546,8.9226e-5,Inf,Inf,false
10.0,84548,0.000178581,0.000122788,0.000122788,false
10.0,84614,0.000633564,0.000623194,0.000623194,false
10.0,84620,0.000122814,Inf,Inf,false
10.0,84622,0.000167545,Inf,Inf,false
10.0,84627,0.000122239,0.000100375,0.000100375,false
10.0,84628,0.000244946,0.000144607,0.000144607,false
10.0,84667,0.00052276,0.000489455,0.000489455,false
10.0,84706,8.92274e-5,Inf,Inf,false
10.0,84709,2.3108e-5,Inf,Inf,false
10.0,84715,0.000322574,0.000312031,0.000312031,false
10.0,84721,0.000811728,0.000644804,0.000644804,false
10.0,84737,0.00047858,0.000422956,0.000422956,false
10.0,84751,0.000300071,0.000278432,0.000278432,false
10.0,84780,0.000633669,0.000623194,0.000623194,false
10.0,84786,0.000144852,0.000100125,0.000100125,false
10.0,84794,0.000733827,0.000711666,0.000711666,false
10.0,84812,0.000455932,0.000455865,0.000455865,false
10.0,84818,0.000722863,0.000511444,0.000511444,false
10.0,84846,0.00114491,0.00113381,0.00113381,false
10.0,84849,0.00127789,0.00106753,0.00106753,false
10.0,84854,0.000122451,0.000112075,0.000112075,false
10.0,84857,0.000167113,0.000133791,0.000133791,false
10.0,84911,0.000700754,0.00067868,0.00067868,false
10.0,84936,0.000145033,Inf,Inf,false
10.0,84941,0.000167224,0.000144985,0.000144985,false
10.0,85004,0.000100568,0.000100231,0.000100231,false
10.0,85007,0.000167623,Inf,Inf,false
10.0,85024,0.000844809,0.000611753,0.000611753,false
10.0,85079,0.000122943,8.92164e-5,8.92164e-5,false
10.0,85091,0.00075614,0.000700253,0.000700253,false
10.0,85120,0.000555843,0.000545001,0.000545001,false
10.0,85124,0.000300498,0.000289536,0.000289536,false
10.0,85151,0.000211159,0.000189144,0.000189144,false
10.0,85152,0.000133519,Inf,Inf,false
10.0,85154,7.81903e-5,Inf,Inf,false
10.0,85187,0.00054491,0.000489825,0.000489825,false
10.0,85234,7.8091e-5,7.78449e-5,7.78449e-5,false
10.0,85257,0.000534048,0.000523172,0.000523172,false
10.0,85302,0.000256055,0.000223021,0.000223021,false
10.0,85309,0.000167636,0.000156262,0.000156262,false
10.0,85354,0.000334078,0.000333852,0.000333852,false
10.0,85356,0.000200276,0.000189329,0.000189329,false
10.0,85386,0.000277914,0.000256124,0.000256124,false
10.0,85413,0.000800928,0.000545257,0.000545257,false
10.0,85480,0.000767343,0.000734024,0.000734024,false
10.0,85515,0.00125645,0.00115647,0.00115647,false
10.0,85527,0.000611991,0.000611642,0.000611642,false
10.0,85528,0.000145355,0.000111849,0.000111849,false
10.0,85530,6.73358e-5,Inf,Inf,false
10.0,85533,0.0005559,0.000467165,0.000467165,false
10.0,85563,0.0005673,0.000534179,0.000534179,false
10.0,85574,0.00066724,0.000667224,0.000667224,false
10.0,85599,8.9571e-5,Inf,Inf,false
10.0,85601,0.000111387,6.71118e-5,6.71118e-5,false
10.0,85602,0.000122911,7.78449e-5,7.78449e-5,false
10.0,85631,0.000545163,0.000534097,0.000534097,false
10.0,85649,0.000355865,0.000345384,0.000345384,false
10.0,85688,0.000133725,0.00012256,0.00012256,false
10.0,85691,0.000234281,0.000211217,0.000211217,false
10.0,85724,0.000478532,0.000478186,0.000478186,false
10.0,85726,0.000145312,0.000144844,0.000144844,false
10.0,85747,0.00010074,8.9834e-5,8.9834e-5,false
10.0,85749,0.000134233,8.95774e-5,8.95774e-5,false
10.0,85759,0.000778559,0.000667447,0.000667447,false
10.0,85778,0.000522493,0.000500892,0.000500892,false
10.0,85782,0.000367588,0.000366906,0.000366906,false
10.0,85791,0.000367562,0.000267583,0.000267583,false
10.0,85793,0.000289338,0.000267322,0.000267322,false
10.0,85831,7.85007e-5,Inf,Inf,false
10.0,85835,0.000211863,0.000211808,0.000211808,false
10.0,85915,0.000611213,0.000567505,0.000567505,false
10.0,85918,4.50812e-5,Inf,Inf,false
10.0,86078,0.000145362,0.000144765,0.000144765,false
10.0,86079,0.000123004,Inf,Inf,false
10.0,86083,0.000167518,Inf,Inf,false
10.0,86101,0.000645181,0.000645099,0.000645099,false
10.0,86118,0.000233931,0.000222655,0.000222655,false
10.0,86119,0.000156122,0.000144702,0.000144702,false
10.0,86145,0.000133804,0.000100949,0.000100949,false
10.0,86146,0.000134283,8.89709e-5,8.89709e-5,false
10.0,86184,0.000523105,0.000477914,0.000477914,false
10.0,86206,0.00124476,0.00121157,0.00121157,false
10.0,86210,0.00102249,0.00102233,0.00102233,false
10.0,86225,0.000200824,0.000189144,0.000189144,false
10.0,86228,8.98823e-5,Inf,Inf,false
10.0,86233,0.000134233,7.79171e-5,7.79171e-5,false
10.0,86309,0.000156107,0.000156103,0.000156103,false
10.0,86319,0.000778318,0.000777925,0.000777925,false
10.0,86338,0.000733715,0.000722806,0.000722806,false
10.0,86339,0.000644534,0.000567343,0.000567343,false
10.0,86378,0.000766939,0.000744824,0.000744824,false
10.0,86382,5.61218e-5,Inf,Inf,false
10.0,86384,0.000223105,0.000222808,0.000222808,false
10.0,86421,0.000478711,0.000478051,0.000478051,false
10.0,86422,0.000355897,0.000334229,0.000334229,false
10.0,86424,0.000278551,0.000267313,0.000267313,false
10.0,86429,0.000789617,0.000767495,0.000767495,false
10.0,86468,0.000711943,0.000689143,0.000689143,false
10.0,86528,0.000123051,0.000111359,0.000111359,false
10.0,86530,0.000134195,0.00012273,0.00012273,false
10.0,86540,0.000645278,0.000623152,0.000623152,false
10.0,86603,0.000123173,Inf,Inf,false
10.0,86653,0.000267051,0.000266882,0.000266882,false
10.0,86693,4.46879e-5,Inf,Inf,false
10.0,86748,0.000800053,0.000767371,0.000767371,false
10.0,86772,0.000634306,0.000622947,0.000622947,false
10.0,86773,0.000545332,0.000522753,0.000522753,false
10.0,86813,0.000455671,0.000445416,0.000445416,false
10.0,86820,0.000456498,0.00045637,0.00045637,false
10.0,86835,0.00111173,0.00110075,0.00110075,false
10.0,86860,0.000155956,Inf,Inf,false
10.0,86862,0.000111298,8.90816e-5,8.90816e-5,false
10.0,86863,0.000111821,0.000111297,0.000111297,false
10.0,86864,7.79598e-5,Inf,Inf,false
10.0,86898,0.000356512,0.00026715,0.00026715,false
10.0,86936,0.000345101,0.000322381,0.000322381,false
10.0,86949,0.000823201,0.000756105,0.000756105,false
10.0,86954,0.000622514,0.000567335,0.000567335,false
10.0,86992,0.00018911,0.000111787,0.000111787,false
10.0,86994,5.60508e-5,Inf,Inf,false
10.0,87032,0.000534224,0.000444784,0.000444784,false
10.0,87067,0.000578457,0.000534073,0.000534073,false
10.0,87069,0.000200979,0.000189496,0.000189496,false
10.0,87072,7.86184e-5,Inf,Inf,false
10.0,87074,0.000123149,0.000100355,0.000100355,false
10.0,87116,0.000178379,0.000133488,0.000133488,false
10.0,87117,0.0002449,0.000200297,0.000200297,false
10.0,87164,0.0007447,0.000744615,0.000744615,false
10.0,87213,0.000112037,0.000111939,0.000111939,false
10.0,87214,0.000134287,0.000133375,0.000133375,false
10.0,87217,0.000123097,0.000111733,0.000111733,false
10.0,87245,0.000633913,0.000633413,0.000633413,false
10.0,87296,0.000134005,Inf,Inf,false
10.0,87298,6.71282e-5,Inf,Inf,false
10.0,87300,0.000111784,Inf,Inf,false
10.0,87305,0.000155917,0.000100693,0.000100693,false
10.0,87314,0.000489573,0.000478635,0.000478635,false
10.0,87370,0.000122306,Inf,Inf,false
10.0,87372,6.68604e-5,Inf,Inf,false
10.0,87373,0.000156073,0.000111526,0.000111526,false
10.0,87377,8.92889e-5,Inf,Inf,false
10.0,87384,0.000811719,0.000667252,0.000667252,false
10.0,87416,0.00031211,0.000311509,0.000311509,false
10.0,87442,8.98863e-5,Inf,Inf,false
10.0,87445,0.000156176,0.000156122,0.000156122,false
10.0,87452,0.00063417,0.000633387,0.000633387,false
10.0,87563,0.000812007,0.000811908,0.000811908,false
10.0,87576,0.00120021,0.00117822,0.00117822,false
10.0,87593,6.72544e-5,Inf,Inf,false
10.0,87595,4.44465e-5,Inf,Inf,false
10.0,87640,0.000589109,0.000545273,0.000545273,false
10.0,87643,0.000400642,0.000389439,0.000389439,false
10.0,87647,0.000633862,0.0005113,0.0005113,false
10.0,87677,0.000100369,7.81298e-5,7.81298e-5,false
10.0,87679,0.000345233,0.000334229,0.000334229,false
10.0,87687,0.000478375,0.000477892,0.000477892,false
10.0,87701,0.000666944,0.000622388,0.000622388,false
10.0,87733,0.00131154,0.00100081,0.00100081,false
10.0,87737,0.00112288,0.00111191,0.00111191,false
10.0,87750,7.86735e-5,7.83481e-5,7.83481e-5,false
10.0,87783,0.000489483,0.000478646,0.000478646,false
10.0,87811,0.00076695,0.000756401,0.000756401,false
10.0,87824,0.000189235,0.000178126,0.000178126,false
10.0,87829,0.000100018,Inf,Inf,false
10.0,87900,8.96317e-5,7.83481e-5,7.83481e-5,false
10.0,87901,0.000122668,0.000100767,0.000100767,false
10.0,87938,0.000511232,0.000478646,0.000478646,false
10.0,87976,0.000611985,0.000611637,0.000611637,false
10.0,87986,0.000111239,Inf,Inf,false
10.0,87987,0.000133898,Inf,Inf,false
10.0,87988,0.000111721,0.000111125,0.000111125,false
10.0,87991,0.000134273,Inf,Inf,false
10.0,88008,0.000656402,0.000644681,0.000644681,false
10.0,88023,0.000555707,0.000533895,0.000533895,false
10.0,88035,0.000366865,0.000322506,0.000322506,false
10.0,88075,0.000122527,8.95308e-5,8.95308e-5,false
10.0,88077,0.000244655,0.000156123,0.000156123,false
10.0,88079,0.000289342,0.000266773,0.000266773,false
10.0,88238,0.00013386,0.000122634,0.000122634,false
10.0,88239,7.80462e-5,6.72387e-5,6.72387e-5,false
10.0,88271,0.000278369,0.000267568,0.000267568,false
10.0,88306,0.000223071,0.000200925,0.000200925,false
10.0,88342,0.000400865,0.000367616,0.000367616,false
10.0,88352,0.000534217,0.000522873,0.000522873,false
10.0,88376,0.000233993,0.000144881,0.000144881,false
10.0,88381,0.000123081,0.000122857,0.000122857,false
10.0,88385,0.000267567,0.000244555,0.000244555,false
10.0,88451,0.000133629,Inf,Inf,false
10.0,88453,0.000144995,8.91497e-5,8.91497e-5,false
10.0,88496,0.00032318,0.00032311,0.00032311,false
10.0,88572,0.000889859,0.000877938,0.000877938,false
10.0,88593,0.000134262,0.000123073,0.000123073,false
10.0,88594,0.000100503,Inf,Inf,false
10.0,88599,8.94809e-5,Inf,Inf,false
10.0,88640,0.000323141,0.000322735,0.000322735,false
10.0,88656,0.0012556,0.00114498,0.00114498,false
10.0,88672,0.000144867,Inf,Inf,false
10.0,88707,0.000611154,0.000589347,0.000589347,false
10.0,88711,0.000556356,0.000533895,0.000533895,false
10.0,88755,0.000155563,0.000144491,0.000144491,false
10.0,88756,0.000223139,0.000178264,0.000178264,false
10.0,88760,0.000289812,0.000278335,0.000278335,false
10.0,88780,0.000700548,0.000656031,0.000656031,false
10.0,88787,0.000577913,0.00056678,0.00056678,false
10.0,88793,0.000278505,0.000267221,0.000267221,false
10.0,88865,0.000234109,0.00021181,0.00021181,false
10.0,88901,7.79009e-5,5.61426e-5,5.61426e-5,false
10.0,88902,0.000189717,Inf,Inf,false
10.0,88921,0.000655865,0.000611325,0.000611325,false
10.0,88939,0.000189276,0.000178302,0.000178302,false
10.0,88972,0.000823079,0.000822987,0.000822987,false
10.0,88982,8.91162e-5,Inf,Inf,false
10.0,88983,0.000133904,0.000112029,0.000112029,false
10.0,88986,7.81078e-5,6.66781e-5,6.66781e-5,false
10.0,89037,0.00121175,0.00121174,0.00121174,false
10.0,89053,3.34396e-5,Inf,Inf,false
10.0,89059,0.000123077,0.000100278,0.000100278,false
10.0,89081,0.000689783,0.000656077,0.000656077,false
10.0,89128,6.70441e-5,Inf,Inf,false
10.0,89130,0.000167078,Inf,Inf,false
10.0,89148,0.000612079,0.0005784,0.0005784,false
10.0,89238,0.000489158,0.000489087,0.000489087,false
10.0,89261,0.000567574,0.000556433,0.000556433,false
10.0,89263,0.0002114,0.000200122,0.000200122,false
10.0,89270,0.000133422,Inf,Inf,false
10.0,89271,0.0001008,7.83055e-5,7.83055e-5,false
10.0,89272,8.92681e-5,Inf,Inf,false
10.0,89330,0.000945147,0.000911649,0.000911649,false
10.0,89340,0.00112311,0.00108928,0.00108928,false
10.0,89356,0.000100917,Inf,Inf,false
10.0,89362,0.00011112,0.000100618,0.000100618,false
10.0,89370,0.000600078,0.000578416,0.000578416,false
10.0,89395,0.000355819,0.000334241,0.000334241,false
10.0,89426,0.000133975,0.000111483,0.000111483,false
10.0,89440,0.000611827,0.000578123,0.000578123,false
10.0,89484,0.000234177,0.000156164,0.000156164,false
10.0,89486,0.000156461,0.000145374,0.000145374,false
10.0,89488,0.000122881,0.000111588,0.000111588,false
10.0,89507,0.000623017,0.000622742,0.000622742,false
10.0,89518,0.000489873,0.000423129,0.000423129,false
10.0,89557,0.000144821,0.000144812,0.000144812,false
10.0,89567,0.000456329,0.000433989,0.000433989,false
10.0,89569,0.000733852,0.000655749,0.000655749,false
10.0,89595,0.000567209,0.000533537,0.000533537,false
10.0,89627,0.00122258,0.00118972,0.00118972,false
10.0,89651,0.000144843,0.000122398,0.000122398,false
10.0,89652,0.000122913,7.82826e-5,7.82826e-5,false
10.0,89653,0.000167221,0.000156346,0.000156346,false
10.0,89679,0.000567619,0.00051193,0.00051193,false
10.0,89694,0.000489827,0.0004563,0.0004563,false
10.0,89719,0.000844606,0.000811716,0.000811716,false
10.0,89727,0.000133998,Inf,Inf,false
10.0,89729,0.000155671,0.000133968,0.000133968,false
10.0,89749,0.000689795,0.000656316,0.000656316,false
10.0,89766,0.000322354,0.000289025,0.000289025,false
10.0,89796,0.000411907,0.000400369,0.000400369,false
10.0,89826,0.000878636,0.000578284,0.000578284,false
10.0,89837,0.000555664,0.000544725,0.000544725,false
10.0,89885,0.000122619,0.000122494,0.000122494,false
10.0,89887,0.000111964,0.00010092,0.00010092,false
10.0,89939,0.00121124,0.00114541,0.00114541,false
10.0,89962,5.60288e-5,Inf,Inf,false
10.0,89963,0.000123083,0.000112073,0.000112073,false
10.0,89985,0.000556434,0.000555993,0.000555993,false
10.0,90037,5.60134e-5,Inf,Inf,false
10.0,90044,0.000422721,0.000400122,0.000400122,false
10.0,90112,0.000311186,0.000266774,0.000266774,false
10.0,90123,0.000578131,0.00056758,0.00056758,false
10.0,90144,0.000223029,0.000222625,0.000222625,false
10.0,90156,0.00122315,0.00120013,0.00120013,false
10.0,90177,0.000144458,Inf,Inf,false
10.0,90212,0.00103342,0.00102315,0.00102315,false
10.0,90238,0.000178329,0.000155841,0.000155841,false
10.0,90239,5.58708e-5,Inf,Inf,false
10.0,90245,0.000133925,8.96881e-5,8.96881e-5,false
10.0,90317,3.40883e-5,Inf,Inf,false
10.0,90323,0.000267355,0.000266753,0.000266753,false
10.0,90334,0.000589319,0.000566821,0.000566821,false
10.0,90336,0.000567585,0.000556423,0.000556423,false
10.0,90395,0.000189558,0.000167505,0.000167505,false
10.0,90396,7.82468e-5,Inf,Inf,false
10.0,90402,0.000100274,Inf,Inf,false
10.0,90406,0.00035616,0.000300697,0.000300697,false
10.0,90415,0.000522749,0.000522574,0.000522574,false
10.0,90431,0.000522832,0.000511579,0.000511579,false
10.0,90452,0.00122285,0.00115585,0.00115585,false
10.0,90465,0.000211567,0.000156029,0.000156029,false
10.0,90468,0.000122341,Inf,Inf,false
10.0,90469,0.000123205,Inf,Inf,false
10.0,90477,0.000300965,0.000300812,0.000300812,false
10.0,90480,0.000478577,0.000434294,0.000434294,false
10.0,90497,0.000744669,0.000611673,0.000611673,false
10.0,90558,0.000545101,0.00050067,0.00050067,false
10.0,90563,0.000588915,0.000545087,0.000545087,false
10.0,90582,0.000333971,0.000323191,0.000323191,false
10.0,90607,0.00113407,0.00112272,0.00112272,false
10.0,90614,0.000189267,0.000145162,0.000145162,false
10.0,90623,0.000166997,0.000156182,0.000156182,false
10.0,90653,0.00057787,0.000533439,0.000533439,false
10.0,90657,0.00044492,0.000400332,0.000400332,false
10.0,90661,0.000289276,0.000255906,0.000255906,false
10.0,90697,8.9578e-5,7.84568e-5,7.84568e-5,false
10.0,90700,0.000123026,0.000112073,0.000112073,false
10.0,90704,0.000356534,0.000355792,0.000355792,false
10.0,90715,0.00068931,0.000656272,0.000656272,false
10.0,90763,5.64911e-5,Inf,Inf,false
10.0,90776,0.000844887,0.000822239,0.000822239,false
10.0,90790,0.000267069,0.000244916,0.000244916,false
10.0,90821,0.000112029,0.000100085,0.000100085,false
10.0,90822,3.41305e-5,Inf,Inf,false
10.0,90823,8.9103e-5,7.8143e-5,7.8143e-5,false
10.0,90824,0.000100458,Inf,Inf,false
10.0,90825,0.000111697,0.000100442,0.000100442,false
10.0,90827,0.000111882,8.98538e-5,8.98538e-5,false
10.0,90860,0.000523187,0.000500415,0.000500415,false
10.0,90864,0.000367429,0.000334135,0.000334135,false
10.0,90887,0.000389509,0.000355631,0.000355631,false
10.0,90895,0.000589599,0.000556128,0.000556128,false
10.0,90953,0.000100838,7.8143e-5,7.8143e-5,false
10.0,90954,0.00011191,0.000100726,0.000100726,false
10.0,90956,0.000189289,Inf,Inf,false
10.0,90996,0.000222262,0.000211534,0.000211534,false
10.0,91008,0.0010454,0.0010007,0.0010007,false
10.0,91033,0.000455719,0.000434264,0.000434264,false
10.0,91038,0.000144949,0.000144759,0.000144759,false
10.0,91039,0.00011196,0.000100085,0.000100085,false
10.0,91041,0.000111778,0.000111329,0.000111329,false
10.0,91043,0.000134095,Inf,Inf,false
10.0,91045,0.000222908,0.000211333,0.000211333,false
10.0,91047,0.000345167,0.00032226,0.00032226,false
10.0,91050,0.00042286,0.00041198,0.00041198,false
10.0,91078,0.0004445,0.000400548,0.000400548,false
10.0,91083,0.000278768,0.000234227,0.000234227,false
10.0,91120,0.000100988,Inf,Inf,false
10.0,91197,0.00104513,0.000989495,0.000989495,false
10.0,91205,0.000245048,0.000244783,0.000244783,false
10.0,91219,0.00062309,0.000611692,0.000611692,false
10.0,91260,0.00123431,0.00115605,0.00115605,false
10.0,91272,8.98347e-5,8.92133e-5,8.92133e-5,false
10.0,91284,0.000600588,0.000567509,0.000567509,false
10.0,91286,0.000523136,0.000511738,0.000511738,false
10.0,91294,0.000700941,0.000678366,0.000678366,false
10.0,91304,0.000411747,0.000367664,0.000367664,false
10.0,91342,0.000112014,0.000111561,0.000111561,false
10.0,91350,0.000556073,0.000489795,0.000489795,false
10.0,91368,0.000667189,0.000666887,0.000666887,false
10.0,91405,0.00117819,0.00116742,0.00116742,false
10.0,91419,8.93398e-5,7.84345e-5,7.84345e-5,false
10.0,91421,6.69173e-5,Inf,Inf,false
10.0,91422,6.66727e-5,Inf,Inf,false
10.0,91497,5.60152e-5,Inf,Inf,false
10.0,91499,0.000188929,8.90809e-5,8.90809e-5,false
10.0,91540,0.000745337,0.000734014,0.000734014,false
10.0,91565,6.68264e-5,Inf,Inf,false
10.0,91567,0.000100445,Inf,Inf,false
10.0,91629,0.000156103,Inf,Inf,false
10.0,91672,0.000867263,0.000855575,0.000855575,false
10.0,91698,0.000345086,0.000312006,0.000312006,false
10.0,91702,5.65131e-5,Inf,Inf,false
10.0,91749,0.00076715,0.000755572,0.000755572,false
10.0,91778,0.000100157,Inf,Inf,false
10.0,91782,0.000111727,Inf,Inf,false
10.0,91783,6.76329e-5,Inf,Inf,false
10.0,91829,0.00114488,0.00112292,0.00112292,false
10.0,91863,0.000522744,0.000511258,0.000511258,false
10.0,91866,0.000522328,0.000511387,0.000511387,false
10.0,91884,0.000523024,0.000522421,0.000522421,false
10.0,91890,0.000377987,0.000366688,0.000366688,false
10.0,91966,0.000345357,0.000322596,0.000322596,false
10.0,92003,0.000889478,0.000855946,0.000855946,false
10.0,92013,0.000223051,Inf,Inf,false
10.0,92023,0.000611403,0.000556027,0.000556027,false
10.0,92024,0.000544673,0.000500302,0.000500302,false
10.0,92037,0.000389603,0.000389567,0.000389567,false
10.0,92045,0.000389853,0.000389152,0.000389152,false
10.0,92048,0.000267446,0.000244509,0.000244509,false
10.0,92053,0.00110005,0.000922329,0.000922329,false
10.0,92070,0.000200449,Inf,Inf,false
10.0,92071,0.000167368,0.000145433,0.000145433,false
10.0,92078,0.000511777,0.000478628,0.000478628,false
10.0,92140,8.90884e-5,Inf,Inf,false
10.0,92164,0.000477961,0.000456191,0.000456191,false
10.0,92208,8.91254e-5,7.79896e-5,7.79896e-5,false
10.0,92212,0.000122499,0.000100643,0.000100643,false
10.0,92228,0.000422267,0.000411268,0.000411268,false
10.0,92277,0.00016717,0.000134112,0.000134112,false
10.0,92282,0.000111423,Inf,Inf,false
10.0,92284,0.000267546,0.000256007,0.000256007,false
10.0,92321,0.00116705,0.00107823,0.00107823,false
10.0,92335,8.9842e-5,Inf,Inf,false
10.0,92348,0.000511808,0.000489256,0.000489256,false
10.0,92368,0.000244741,0.000244509,0.000244509,false
10.0,92377,0.000767637,0.0007453,0.0007453,false
10.0,92404,0.000156343,0.000100071,0.000100071,false
10.0,92405,6.69264e-5,Inf,Inf,false
10.0,92422,0.000467296,0.000411551,0.000411551,false
10.0,92448,0.00111205,0.00107808,0.00107808,false
10.0,92461,0.000178704,0.000167606,0.000167606,false
10.0,92462,0.000156195,0.000145295,0.000145295,false
10.0,92465,0.000122454,Inf,Inf,false
10.0,92466,5.59758e-5,Inf,Inf,false
10.0,92516,0.00113418,0.00107853,0.00107853,false
10.0,92521,0.00105602,0.00105599,0.00105599,false
10.0,92523,0.00101186,0.00101169,0.00101169,false
10.0,92529,0.000255978,0.000233464,0.000233464,false
10.0,92533,0.000144992,0.000100675,0.000100675,false
10.0,92554,0.000567425,0.000566879,0.000566879,false
10.0,92623,0.000211743,0.000189871,0.000189871,false
10.0,92671,0.000156459,0.000145288,0.000145288,false
10.0,92673,0.00010087,Inf,Inf,false
10.0,92674,0.00020041,0.000111507,0.000111507,false
10.0,92678,8.92956e-5,Inf,Inf,false
10.0,92679,0.000122703,Inf,Inf,false
10.0,92682,0.000122953,Inf,Inf,false
10.0,92684,0.000189277,0.000167642,0.000167642,false
10.0,92686,0.000266669,0.000256022,0.000256022,false
10.0,92715,0.00112233,0.00108895,0.00108895,false
10.0,92727,0.000111409,Inf,Inf,false
10.0,92732,0.000122545,0.000100754,0.000100754,false
10.0,92734,0.000133995,0.000122836,0.000122836,false
10.0,92748,0.000400654,0.000400435,0.000400435,false
10.0,92791,0.000811556,0.000756039,0.000756039,false
10.0,92793,0.000700328,0.000689641,0.000689641,false
10.0,92830,0.000600908,0.000600199,0.000600199,false
10.0,92855,0.00101155,0.00100074,0.00100074,false
10.0,92864,0.00010008,Inf,Inf,false
10.0,92884,0.000278172,0.000277976,0.000277976,false
10.0,92897,0.000800512,0.000778079,0.000778079,false
10.0,92922,0.000211634,0.000200562,0.000200562,false
10.0,92924,0.000167336,0.000156115,0.000156115,false
10.0,92935,0.000556324,0.000545415,0.000545415,false
10.0,92946,0.000422988,0.000378188,0.000378188,false
10.0,92950,0.000267388,0.000256082,0.000256082,false
10.0,92991,0.000245063,0.000233539,0.000233539,false
10.0,92992,0.000100208,Inf,Inf,false
10.0,92993,0.000123213,0.000112008,0.000112008,false
10.0,92994,0.000111371,0.000111352,0.000111352,false
10.0,93044,0.0011452,0.00111167,0.00111167,false
10.0,93060,7.79429e-5,Inf,Inf,false
10.0,93124,0.000200142,0.000189804,0.000189804,false
10.0,93128,8.91833e-5,7.79578e-5,7.79578e-5,false
10.0,93130,0.000144889,Inf,Inf,false
10.0,93149,0.00037867,0.000377974,0.000377974,false
10.0,93183,0.000145338,Inf,Inf,false
10.0,93188,0.000111214,Inf,Inf,false
10.0,93193,0.000178752,0.00017826,0.00017826,false
10.0,93200,0.000489021,0.000488895,0.000488895,false
10.0,93210,0.00050015,0.000489523,0.000489523,false
10.0,93215,0.000455775,0.000411265,0.000411265,false
10.0,93217,0.000411724,0.000378571,0.000378571,false
10.0,93219,0.00033412,0.000323108,0.000323108,false
10.0,93225,0.000511608,0.000489269,0.000489269,false
10.0,93255,0.000133741,Inf,Inf,false
10.0,93323,0.000123189,Inf,Inf,false
10.0,93344,0.0004447,0.000422909,0.000422909,false
10.0,93396,0.000122271,Inf,Inf,false
10.0,93398,7.81165e-5,7.78144e-5,7.78144e-5,false
10.0,93406,0.000478651,0.000444597,0.000444597,false
10.0,93415,0.000311421,0.000300883,0.000300883,false
10.0,93459,0.00018926,0.000177805,0.000177805,false
10.0,93463,0.000122381,0.000111352,0.000111352,false
10.0,93464,7.8628e-5,7.81945e-5,7.81945e-5,false
10.0,93466,5.64491e-5,Inf,Inf,false
10.0,93473,0.000445388,0.000411441,0.000411441,false
10.0,93489,0.000811117,0.000800191,0.000800191,false
10.0,93500,0.00114524,0.00113369,0.00113369,false
10.0,93517,0.000145265,0.000111463,0.000111463,false
10.0,93518,0.000145251,0.000133488,0.000133488,false
10.0,93520,0.000189716,0.000167337,0.000167337,false
10.0,93525,0.000100359,Inf,Inf,false
10.0,93526,0.000167578,0.000167349,0.000167349,false
10.0,93527,0.000178232,Inf,Inf,false
10.0,93537,0.000356263,0.000356212,0.000356212,false
10.0,93538,0.000378649,0.000378576,0.000378576,false
10.0,93595,0.00016755,0.00015599,0.00015599,false
10.0,93619,0.000767182,0.000756506,0.000756506,false
10.0,93645,0.000145074,Inf,Inf,false
10.0,93654,0.000322572,0.000277927,0.000277927,false
10.0,93723,0.000167242,0.000156263,0.000156263,false
10.0,93761,0.000767296,0.00076706,0.00076706,false
10.0,93784,0.00014511,0.000144532,0.000144532,false
10.0,93789,0.000100003,Inf,Inf,false
10.0,93816,0.00055609,0.000500819,0.000500819,false
10.0,93852,0.000134111,0.000133861,0.000133861,false
10.0,93857,0.000233616,0.000222518,0.000222518,false
10.0,93863,0.000411775,0.000411175,0.000411175,false
10.0,93901,0.00112299,0.00111141,0.00111141,false
10.0,93922,0.000455607,0.000434177,0.000434177,false
10.0,93963,0.000177806,0.000166814,0.000166814,false
10.0,93971,8.96474e-5,7.78029e-5,7.78029e-5,false
10.0,93976,8.94931e-5,8.89682e-5,8.89682e-5,false
10.0,94037,0.000178777,Inf,Inf,false
10.0,94086,0.000212022,0.000155751,0.000155751,false
10.0,94088,0.000111603,0.000111401,0.000111401,false
10.0,94089,0.000156401,0.000156026,0.000156026,false
10.0,94094,0.000122441,Inf,Inf,false
10.0,94095,0.000100726,Inf,Inf,false
10.0,94097,0.000189741,0.000178551,0.000178551,false
10.0,94111,0.000467086,0.000422225,0.000422225,false
10.0,94114,0.000411417,0.000389249,0.000389249,false
10.0,94163,0.000145406,0.000134329,0.000134329,false
10.0,94166,0.000122597,0.000112025,0.000112025,false
10.0,94167,0.000178275,0.00014533,0.00014533,false
10.0,94195,0.000500237,0.000455942,0.000455942,false
10.0,94196,0.000412019,0.000411765,0.000411765,false
10.0,94241,0.000545431,0.000500626,0.000500626,false
10.0,94265,0.000856194,0.0008336,0.0008336,false
10.0,94285,0.00115645,0.0010783,0.0010783,false
10.0,94299,0.000144538,Inf,Inf,false
10.0,94301,0.000200971,Inf,Inf,false
10.0,94303,7.85858e-5,Inf,Inf,false
10.0,94311,0.000411602,0.000377961,0.000377961,false
10.0,94329,0.000867446,0.000867138,0.000867138,false
10.0,94350,6.67434e-5,6.66983e-5,6.66983e-5,false
10.0,94367,0.000400602,0.000356288,0.000356288,false
10.0,94419,0.000222655,Inf,Inf,false
10.0,94421,0.000100305,8.90105e-5,8.90105e-5,false
10.0,94423,0.000144704,Inf,Inf,false
10.0,94424,0.000178733,Inf,Inf,false
10.0,94430,0.000322308,0.000311998,0.000311998,false
10.0,94476,0.000145305,0.000111532,0.000111532,false
10.0,94479,0.000223023,Inf,Inf,false
10.0,94482,0.000156417,0.000155686,0.000155686,false
10.0,94484,0.000134227,8.93329e-5,8.93329e-5,false
10.0,94486,7.87041e-5,6.73237e-5,6.73237e-5,false
10.0,94488,8.91585e-5,Inf,Inf,false
10.0,94515,0.000789655,0.000789205,0.000789205,false
10.0,94549,0.000134096,Inf,Inf,false
10.0,94554,5.5606e-5,Inf,Inf,false
10.0,94606,0.000145369,0.0001118,0.0001118,false
10.0,94669,0.00015645,0.00011173,0.00011173,false
10.0,94670,0.000156502,0.000133383,0.000133383,false
10.0,94678,0.000111626,0.000111378,0.000111378,false
10.0,94684,0.000322495,0.000322453,0.000322453,false
10.0,94694,0.000411236,0.000400986,0.000400986,false
10.0,94733,2.22577e-5,Inf,Inf,false
10.0,94808,0.00013392,Inf,Inf,false
10.0,94809,6.75762e-5,Inf,Inf,false
10.0,94822,0.00038987,0.000367391,0.000367391,false
10.0,94831,0.000467263,0.000455695,0.000455695,false
10.0,94838,0.000667259,0.000656422,0.000656422,false
10.0,94859,0.00115585,0.0010898,0.0010898,false
10.0,94937,0.000177783,0.000167015,0.000167015,false
10.0,94940,0.000111668,0.000100764,0.000100764,false
10.0,94982,0.000211649,0.000211328,0.000211328,false
10.0,94984,0.000200232,0.000178761,0.000178761,false
10.0,94990,0.000178006,0.000166713,0.000166713,false
10.0,95034,0.00113387,0.00112278,0.00112278,false
10.0,95055,0.000100798,Inf,Inf,false
10.0,95116,0.000178589,0.000156026,0.000156026,false
10.0,95119,8.92789e-5,Inf,Inf,false
10.0,95121,0.000155856,Inf,Inf,false
10.0,95123,0.000144542,Inf,Inf,false
10.0,95185,0.000211233,0.000189627,0.000189627,false
10.0,95187,0.00018964,0.000144483,0.000144483,false
10.0,95203,0.000367415,0.000334102,0.000334102,false
10.0,95246,7.85233e-5,Inf,Inf,false
10.0,95250,0.000122714,0.000112039,0.000112039,false
10.0,95256,0.000378541,0.000300404,0.000300404,false
10.0,95267,0.000345222,0.000322229,0.000322229,false
10.0,95271,0.000445003,0.000400678,0.000400678,false
10.0,95321,0.000133935,0.000122569,0.000122569,false
10.0,95382,0.000122858,0.000122829,0.000122829,false
10.0,95440,0.000178302,Inf,Inf,false
10.0,95443,0.000123058,0.000111936,0.000111936,false
10.0,95445,0.000111641,Inf,Inf,false
10.0,95447,8.95155e-5,7.84657e-5,7.84657e-5,false
10.0,95448,0.000133706,0.000111676,0.000111676,false
10.0,95478,0.00067872,0.000678656,0.000678656,false
10.0,95505,0.000845432,0.000789093,0.000789093,false
10.0,95512,0.000134029,0.000123027,0.000123027,false
10.0,95514,8.95794e-5,7.82801e-5,7.82801e-5,false
10.0,95520,0.000167216,0.000167045,0.000167045,false
10.0,95527,0.000400468,0.000355847,0.000355847,false
10.0,95532,0.000544708,0.000488986,0.000488986,false
10.0,95539,0.000578004,0.000567582,0.000567582,false
10.0,95571,0.000111971,6.69801e-5,6.69801e-5,false
10.0,95575,0.000133434,0.000111285,0.000111285,false
10.0,95578,0.000122593,0.000111725,0.000111725,false
10.0,95580,0.000111593,Inf,Inf,false
10.0,95583,0.000222869,0.000177944,0.000177944,false
10.0,95631,0.000156022,0.000145267,0.000145267,false
10.0,95633,7.78432e-5,Inf,Inf,false
10.0,95689,0.000167296,0.000155971,0.000155971,false
10.0,95691,8.93426e-5,Inf,Inf,false
10.0,95722,0.00115616,0.00111204,0.00111204,false
10.0,95743,0.000100994,7.82304e-5,7.82304e-5,false
10.0,95745,0.000133731,Inf,Inf,false
10.0,95769,0.000822605,0.00082231,0.00082231,false
10.0,95797,0.00121145,0.00105595,0.00105595,false
10.0,95807,0.000233609,0.000233569,0.000233569,false
10.0,95808,0.00012308,Inf,Inf,false
10.0,95810,0.000111384,Inf,Inf,false
10.0,95822,0.000367124,0.000355847,0.000355847,false
10.0,95872,5.64685e-5,Inf,Inf,false
10.0,95878,0.000200909,0.000200655,0.000200655,false
10.0,95888,0.000222981,0.00020044,0.00020044,false
10.0,95898,0.000667388,0.000622723,0.000622723,false
10.0,95947,0.000122735,0.000111693,0.000111693,false
10.0,95948,0.000145157,Inf,Inf,false
10.0,95950,0.000122585,0.00010066,0.00010066,false
10.0,95951,0.000111784,Inf,Inf,false
10.0,96018,0.000144727,0.000133933,0.000133933,false
10.0,96020,0.000145411,0.000144668,0.000144668,false
10.0,96023,0.000133931,0.000112035,0.000112035,false
10.0,96064,0.00101171,0.00101112,0.00101112,false
10.0,96075,0.000567634,0.000555779,0.000555779,false
10.0,96082,0.000122449,0.000111285,0.000111285,false
10.0,96092,0.000223072,0.000200452,0.000200452,false
10.0,96101,0.000411562,0.000411376,0.000411376,false
10.0,96155,8.93598e-5,Inf,Inf,false
10.0,96157,0.000144718,0.000133518,0.000133518,false
10.0,96158,4.46782e-5,3.39834e-5,3.39834e-5,false
10.0,96160,0.000100852,8.91821e-5,8.91821e-5,false
10.0,96162,0.000111472,7.86802e-5,7.86802e-5,false
10.0,96170,0.000367352,0.000311925,0.000311925,false
10.0,96199,0.00105581,0.00103382,0.00103382,false
10.0,96208,0.00043362,0.000411156,0.000411156,false
10.0,96212,8.95938e-5,Inf,Inf,false
10.0,96213,8.93916e-5,7.8072e-5,7.8072e-5,false
10.0,96215,8.9799e-5,7.82469e-5,7.82469e-5,false
10.0,96219,0.00020093,0.000200208,0.000200208,false
10.0,96251,0.00107875,0.00107873,0.00107873,false
10.0,96272,0.000934302,0.000922571,0.000922571,false
10.0,96279,0.00013401,8.97252e-5,8.97252e-5,false
10.0,96348,0.000134327,0.000134086,0.000134086,false
10.0,96358,0.000233697,0.000233408,0.000233408,false
10.0,96396,0.000345225,0.000311795,0.000311795,false
10.0,96399,0.000189793,0.000122289,0.000122289,false
10.0,96403,0.000156541,Inf,Inf,false
10.0,96405,0.000100102,Inf,Inf,false
10.0,96412,0.000267274,0.000200661,0.0002223,true
10.0,96414,0.000245257,0.000245216,0.000245216,false
10.0,96415,0.000233602,0.000222385,0.000222385,false
10.0,96459,0.00033359,0.000322359,0.000322359,false
10.0,96465,0.000155724,Inf,Inf,false
10.0,96468,0.000100921,0.000100627,0.000100627,false
10.0,96470,0.000189444,0.0001336,0.0001336,false
10.0,96514,0.000467318,0.000444692,0.000444692,false
10.0,96518,0.000111885,0.000111532,0.000111532,false
10.0,96519,0.000178374,0.000167272,0.000167272,false
10.0,96520,0.000111623,0.000100617,0.000100617,false
10.0,96521,6.70716e-5,Inf,Inf,false
10.0,96524,0.000122977,0.000122893,0.000122893,false
10.0,96533,0.000245332,0.000211337,0.000211337,false
10.0,96540,0.000445423,0.000444816,0.000444816,false
10.0,96553,0.000911908,0.000900783,0.000900783,false
10.0,96570,0.00112292,0.00110049,0.00110049,false
10.0,96592,0.000111991,0.000111577,0.000111577,false
10.0,96594,0.000111396,Inf,Inf,false
10.0,96597,0.000122415,0.000111182,0.000111182,false
10.0,96602,0.000222359,0.0002223,0.0002223,false
10.0,96653,0.000144862,0.000134228,0.000134228,false
10.0,96656,0.000167614,0.00014478,0.00014478,false
10.0,96660,0.00017829,0.000178042,0.000178042,false
10.0,96712,8.92024e-5,5.62817e-5,5.62817e-5,false
10.0,96715,0.000122236,8.94681e-5,8.94681e-5,false
10.0,96730,0.000567079,0.000544474,0.000544474,false
10.0,96736,0.000878328,0.000856315,0.000856315,false
10.0,96745,0.00131185,0.00125564,0.00125564,false
10.0,96766,0.000111883,0.000100349,0.000100349,false
10.0,96767,3.33939e-5,Inf,Inf,false
10.0,96768,0.000100246,8.94025e-5,8.94025e-5,false
10.0,96770,8.98134e-5,Inf,Inf,false
10.0,96774,0.000212027,0.000211168,0.000211168,false
10.0,96777,0.000300921,0.000255854,0.000255854,false
10.0,96778,0.000222661,0.000211339,0.000211339,false
10.0,96804,0.00102268,0.000989386,0.000989386,false
10.0,96809,0.00117814,0.0011342,0.0011342,false
10.0,96885,0.000544572,0.000523164,0.000523164,false
10.0,96895,0.000188987,0.000156262,0.000156262,false
10.0,96896,0.000178702,0.000156262,0.000156262,false
10.0,96897,0.000133685,Inf,Inf,false
10.0,96898,0.000111789,8.94934e-5,8.94934e-5,false
10.0,96907,0.000600227,0.000600001,0.000600001,false
10.0,96950,0.000111403,Inf,Inf,false
10.0,96954,0.000222803,0.000155902,0.000155902,false
10.0,96965,0.000555677,0.000544674,0.000544674,false
10.0,97004,0.000422856,0.00038909,0.00038909,false
10.0,97014,0.000111907,Inf,Inf,false
10.0,97020,0.00025631,0.000244621,0.000244621,false
10.0,97022,0.000278511,0.000255774,0.000255774,false
10.0,97050,0.000900109,0.000889666,0.000889666,false
10.0,97059,0.000111883,Inf,Inf,false
10.0,97060,0.000189671,0.000189102,0.000189102,false
10.0,97070,0.000122832,Inf,Inf,false
10.0,97073,0.000100268,5.57598e-5,5.57598e-5,false
10.0,97087,0.000678233,0.000645332,0.000645332,false
10.0,97136,0.000156545,0.000144566,0.000144566,false
10.0,97143,0.000122474,0.000100413,0.000100413,false
10.0,97145,0.000156291,0.000156274,0.000156274,false
10.0,97210,0.000133776,Inf,Inf,false
10.0,97220,0.000445285,0.000444834,0.000444834,false
10.0,97275,0.000167412,0.000167318,0.000167318,false
10.0,97276,0.000122817,0.000122289,0.000122289,false
10.0,97284,0.00024475,0.000211699,0.000211699,false
10.0,97402,0.000123165,Inf,Inf,false
10.0,97404,0.000111222,8.90894e-5,8.90894e-5,false
10.0,97405,0.000178756,Inf,Inf,false
10.0,97407,0.000189377,Inf,Inf,false
10.0,97413,0.000155619,0.000144965,0.000144965,false
10.0,97465,0.000312027,0.000300873,0.000300873,false
10.0,97471,0.000133683,0.000133485,0.000133485,false
10.0,97472,0.00013365,0.000112069,0.000112069,false
10.0,97475,0.000122791,Inf,Inf,false
10.0,97476,8.95192e-5,8.934e-5,8.934e-5,false
10.0,97477,0.000178691,0.000123124,0.000123124,false
10.0,97484,0.0003232,0.000245374,0.000245374,false
10.0,97498,0.000622381,0.000611697,0.000611697,false
10.0,97516,0.00147823,0.00142279,0.00142279,false
10.0,97544,0.000145197,0.000134106,0.000134106,false
10.0,97550,0.000178511,0.000178136,0.000178136,false
10.0,97551,0.000178428,0.000156183,0.000156183,false
10.0,97617,0.000522888,0.000500121,0.000500121,false
10.0,97625,5.59936e-5,Inf,Inf,false
10.0,97687,8.93801e-5,7.80175e-5,7.80175e-5,false
10.0,97688,8.96799e-5,Inf,Inf,false
10.0,97690,0.000122238,Inf,Inf,false
10.0,97733,0.00104541,0.000978622,0.000978622,false
10.0,97737,0.000678751,0.00066756,0.00066756,false
10.0,97748,0.000145236,0.00014477,0.00014477,false
10.0,97751,0.000189732,Inf,Inf,false
10.0,97816,0.000144679,0.000134228,0.000134228,false
10.0,97820,0.000145289,0.000133754,0.000133754,false
10.0,97822,0.000166863,0.000144588,0.000144588,false
10.0,97827,0.000134147,Inf,Inf,false
10.0,97877,8.93147e-5,Inf,Inf,false
10.0,97879,0.000123045,0.000123034,0.000123034,false
10.0,97887,0.000156481,0.000144718,0.000144718,false
10.0,97889,0.000212017,0.000178465,0.000178465,false
10.0,97890,0.000211995,0.000188949,0.000188949,false
10.0,97896,0.000433992,0.000400179,0.000400179,false
10.0,97916,0.000978344,0.000966696,0.000966696,false
10.0,97946,0.000289526,0.000278518,0.000278518,false
10.0,97956,0.000111971,Inf,Inf,false
10.0,97961,0.000234155,0.000188922,0.000188922,false
10.0,97963,0.000211189,0.00020021,0.00020021,false
10.0,98004,0.000267506,0.000256347,0.000256347,false
10.0,98007,7.83642e-5,6.72113e-5,6.72113e-5,false
10.0,98010,0.000189342,0.000156002,0.000156002,false
10.0,98077,0.000166671,0.000145217,0.000145217,false
10.0,98080,0.000600374,0.000600007,0.000600007,false
10.0,98130,0.000133726,0.000133485,0.000133485,false
10.0,98131,0.000111552,8.934e-5,8.934e-5,false
10.0,98160,0.00103367,0.00102267,0.00102267,false
10.0,98189,8.91833e-5,Inf,Inf,false
10.0,98193,0.000122733,0.000100874,0.000100874,false
10.0,98195,0.000122511,7.79441e-5,7.79441e-5,false
10.0,98200,0.000167577,0.00016719,0.00016719,false
10.0,98201,0.000211194,0.000200995,0.000200995,false
10.0,98211,0.000666709,0.000656373,0.000656373,false
10.0,98266,0.000156425,Inf,Inf,false
10.0,98271,0.000211704,0.000200223,0.000200223,false
10.0,98304,0.00148984,0.00036718,0.00036718,false
10.0,98314,0.000756456,0.000745271,0.000745271,false
10.0,98319,0.000100709,0.000100073,0.000100073,false
10.0,98325,0.000200913,Inf,Inf,false
10.0,98326,0.000133611,0.000100385,0.000100385,false
10.0,98332,0.000122358,Inf,Inf,false
10.0,98333,0.000256464,0.000245412,0.000245412,false
10.0,98368,0.00117799,0.00115615,0.00115615,false
10.0,98382,0.00012227,0.000111262,0.000111262,false
10.0,98386,7.86131e-5,6.70796e-5,6.70796e-5,false
10.0,98389,0.000111394,0.000100497,0.000100497,false
10.0,98390,7.78392e-5,6.75118e-5,6.75118e-5,false
10.0,98445,0.000267399,0.000255669,0.000255669,false
10.0,98446,0.00021166,8.92088e-5,8.92088e-5,false
10.0,98447,0.00010048,Inf,Inf,false
10.0,98448,0.000144961,Inf,Inf,false
10.0,98454,0.000111841,Inf,Inf,false
10.0,98458,0.000133604,0.000133414,0.000133414,false
10.0,98463,0.000589399,0.00057832,0.00057832,false
10.0,98523,7.87159e-5,Inf,Inf,false
10.0,98524,0.00010048,Inf,Inf,false
10.0,98528,0.00016747,Inf,Inf,false
10.0,98532,0.000200844,0.000200299,0.000200299,false
10.0,98535,0.000245388,0.000234305,0.000234305,false
10.0,98596,0.000133753,Inf,Inf,false
10.0,98597,0.000100781,Inf,Inf,false
10.0,98605,0.00041178,0.000389433,0.000389433,false
10.0,98649,0.000288967,0.000267174,0.000267174,false
10.0,98651,0.00014465,0.000133984,0.000133984,false
10.0,98652,0.000111463,8.8896e-5,8.8896e-5,false
10.0,98710,0.000678373,0.000666925,0.000666925,false
10.0,98717,0.000145225,0.000133726,0.000133726,false
10.0,98718,0.000111797,Inf,Inf,false
10.0,98720,0.00010075,Inf,Inf,false
10.0,98732,0.000166678,Inf,Inf,false
10.0,98792,0.000100276,Inf,Inf,false
10.0,98800,6.69619e-5,Inf,Inf,false
10.0,98801,0.00016684,Inf,Inf,false
10.0,98806,0.000133461,0.000111136,0.000111136,false
10.0,98824,0.00110087,0.001056,0.001056,false
10.0,98849,0.000811862,0.00078938,0.00078938,false
10.0,98857,0.000322346,0.000311587,0.000311587,false
10.0,98860,0.000155876,0.000144727,0.000144727,false
10.0,98862,0.00014526,0.000133995,0.000133995,false
10.0,98863,0.000100691,Inf,Inf,false
10.0,98865,8.93734e-5,7.85363e-5,7.85363e-5,false
10.0,98868,0.000233615,0.000222792,0.000222792,false
10.0,98869,0.00018983,0.000144963,0.000144963,false
10.0,98871,0.000234297,0.000200138,0.000200138,false
10.0,98920,0.000178479,0.000178361,0.000178361,false
10.0,98960,0.00104512,0.001045,0.001045,false
10.0,98995,0.000134199,Inf,Inf,false
10.0,98996,0.00014489,0.000133696,0.000133696,false
10.0,99053,0.000100604,Inf,Inf,false
10.0,99057,0.000122681,0.000122399,0.000122399,false
10.0,99065,0.000289837,0.000277941,0.000277941,false
10.0,99067,0.000167383,0.000155754,0.000155754,false
10.0,99068,0.000200843,0.000178213,0.000178213,false
10.0,99084,0.00105639,0.00105614,0.00105614,false
10.0,99127,7.84148e-5,Inf,Inf,false
10.0,99130,8.95536e-5,6.73572e-5,6.73572e-5,false
10.0,99133,0.00013431,0.000123211,0.000123211,false
10.0,99186,0.000112047,Inf,Inf,false
10.0,99198,0.000122331,0.000111429,0.000111429,false
10.0,99199,0.000100848,Inf,Inf,false
10.0,99202,7.86446e-5,6.75212e-5,6.75212e-5,false
10.0,99203,0.000145265,0.000123172,0.000123172,false
10.0,99215,0.000867009,0.000856449,0.000856449,false
10.0,99229,0.00111152,0.00103416,0.00103416,false
10.0,99258,0.000623167,0.000622259,0.000622259,false
10.0,99263,0.000355973,0.000334256,0.000334256,false
10.0,99323,0.000177945,0.000155664,0.000155664,false
10.0,99340,0.000378318,0.000355943,0.000355943,false
10.0,99389,6.67975e-5,Inf,Inf,false
10.0,99390,0.000122786,Inf,Inf,false
10.0,99392,0.000156339,0.00010014,0.00010014,false
10.0,99439,0.00127783,0.00125641,0.00125641,false
10.0,99452,0.00011128,8.89085e-5,8.89085e-5,false
10.0,99459,6.75981e-5,Inf,Inf,false
10.0,99464,0.00022295,0.000222743,0.000222743,false
10.0,99467,0.000345095,0.00033352,0.00033352,false
10.0,99530,0.000100984,0.000100333,0.000100333,false
10.0,99532,5.59937e-5,Inf,Inf,false
10.0,99535,0.000167364,0.000133368,0.000133368,false
10.0,99540,0.000167242,Inf,Inf,false
10.0,99565,0.00110023,0.00106683,0.00106683,false
10.0,99577,0.00123431,0.00118963,0.00118963,false
10.0,99581,0.000944838,0.000922791,0.000922791,false
10.0,99590,0.000134211,Inf,Inf,false
10.0,99596,0.000178367,0.000177793,0.000177793,false
10.0,99598,0.000156413,Inf,Inf,false
10.0,99653,0.00017835,8.96079e-5,8.96079e-5,false
10.0,99658,0.000100979,Inf,Inf,false
10.0,99661,0.000223044,0.000222459,0.000222459,false
10.0,99663,0.00035613,0.000345128,0.000345128,false
10.0,99717,0.00010084,0.000100505,0.000100505,false
10.0,99718,0.00010052,Inf,Inf,false
10.0,99720,0.000156046,0.000145181,0.000145181,false
10.0,99774,0.000167506,0.000166783,0.000166783,false
10.0,99777,0.000145413,0.000111292,0.000111292,false
10.0,99781,0.000178156,0.000155742,0.000155742,false
10.0,99784,0.000189568,0.000111491,0.000111491,false
10.0,99785,0.000167061,0.000122863,0.000122863,false
10.0,99857,8.94424e-5,7.81172e-5,7.81172e-5,false
10.0,99858,8.97642e-5,Inf,Inf,false
10.0,99862,0.000100329,Inf,Inf,false
10.0,99865,0.00021191,0.000144789,0.000144789,false
10.0,99881,0.00121145,0.00105605,0.00105605,false
10.0,99925,0.000134325,0.000123123,0.000123123,false
10.0,99926,0.000145148,0.000100886,0.000100886,false
10.0,99928,0.000122733,0.000122721,0.000122721,false
10.0,99931,0.000167207,Inf,Inf,false
10.0,99934,0.00014492,0.000133885,0.000133885,false
10.0,99963,0.00117812,0.00117795,0.00117795,false
10.0,99964,0.00111171,0.00107855,0.00107855,false
10.0,99990,0.000133519,0.000133458,0.000133458,false
10.0,99991,6.70853e-5,Inf,Inf,false
10.0,99992,8.9555e-5,4.53883e-5,4.53883e-5,false
10.0,99993,0.000100123,Inf,Inf,false
10.0,99994,8.96532e-5,4.51605e-5,4.51605e-5,false
10.0,99995,8.91505e-5,Inf,Inf,false
10.0,100000,8.98754e-5,Inf,Inf,false
10.0,100033,0.00112285,0.00111116,0.00111116,false
10.0,100048,0.00106752,0.00105572,0.00105572,false
10.0,100069,0.000133533,0.000111128,0.000111128,false
10.0,100071,0.000122569,0.000111912,0.000111912,false
10.0,100075,0.000133912,Inf,Inf,false
10.0,100091,0.000800091,0.000778211,0.000778211,false
10.0,100141,7.84176e-5,Inf,Inf,false
10.0,100142,8.96585e-5,Inf,Inf,false
10.0,100148,0.000144546,0.000133464,0.000133464,false
10.0,100202,0.000123161,0.000100742,0.000100742,false
10.0,100205,0.00013417,0.00013413,0.00013413,false
10.0,100259,0.000223025,0.000189757,0.000189757,false
10.0,100263,0.000133555,0.000111748,0.000111748,false
10.0,100271,0.00015638,Inf,Inf,false
10.0,100276,0.000177938,Inf,Inf,false
10.0,100278,0.000267111,0.000267077,0.000267077,false
10.0,100280,0.000345354,0.000344866,0.000344866,false
10.0,100330,0.000911345,0.00090088,0.00090088,false
10.0,100335,0.000156334,Inf,Inf,false
10.0,100336,0.000122258,Inf,Inf,false
10.0,100338,0.000111463,8.89894e-5,8.89894e-5,false
10.0,100341,0.000133893,0.00012303,0.00012303,false
10.0,100343,0.000122539,Inf,Inf,false
10.0,100414,0.00016679,0.000166783,0.000166783,false
10.0,100480,0.000111392,0.000100134,0.000100134,false
10.0,100486,0.000800681,0.000800033,0.000800033,false
10.0,100550,0.000111826,Inf,Inf,false
10.0,100568,0.00112288,0.000978285,0.000978285,false
10.0,100609,0.000600169,0.000589245,0.000589245,false
10.0,100612,0.000134264,0.000100457,0.000100457,false
10.0,100616,7.78358e-5,Inf,Inf,false
10.0,100617,0.000155661,0.000122687,0.000122687,false
10.0,100627,0.000789388,0.000778211,0.000778211,false
10.0,100637,0.00107839,0.00106717,0.00106717,false
10.0,100639,0.00116724,0.00116721,0.00116721,false
10.0,100677,0.000133592,0.000122675,0.000122675,false
10.0,100679,0.000111833,0.000100094,0.000100094,false
10.0,100680,0.000144843,0.000133697,0.000133697,false
10.0,100683,0.000100699,Inf,Inf,false
10.0,100692,0.000189212,0.000167348,0.000167348,false
10.0,100693,0.000100235,Inf,Inf,false
10.0,100695,5.64411e-5,Inf,Inf,false
10.0,100754,8.9758e-5,8.89324e-5,8.89324e-5,false
10.0,100761,0.000145034,0.000134027,0.000134027,false
10.0,100762,0.000211803,0.000211561,0.000211561,false
10.0,100763,0.000233629,0.000222385,0.000222385,false
10.0,100769,0.000900656,0.000800884,0.000800884,false
10.0,100826,0.000167215,0.000167146,0.000167146,false
10.0,100830,0.000144475,0.000133831,0.000133831,false
10.0,100833,0.00012291,0.000100283,0.000100283,false
10.0,100835,0.000356524,0.000356425,0.000356425,false
10.0,100869,0.00126695,0.00114508,0.00114508,false
10.0,100895,0.000133967,Inf,Inf,false
10.0,100901,0.000145365,0.000122864,0.000122864,false
10.0,100903,5.64841e-5,Inf,Inf,false
10.0,100904,0.000134163,0.000100694,0.000100694,false
10.0,100972,0.000111564,0.000100406,0.000100406,false
10.0,100983,0.000167463,0.000166702,0.000166702,false
10.0,101017,0.00121149,0.00120057,0.00120057,false
10.0,101035,0.000144748,0.000100933,0.000100933,false
10.0,101038,3.38155e-5,Inf,Inf,false
10.0,101039,0.000178388,0.000145071,0.000145071,false
10.0,101040,3.40847e-5,Inf,Inf,false
10.0,101042,0.000155876,0.000145056,0.000145056,false
10.0,101045,0.000100828,0.000100331,0.000100331,false
10.0,101059,0.000878373,0.000878272,0.000878272,false
10.0,101091,0.000123054,0.000111903,0.000111903,false
10.0,101093,0.000111446,Inf,Inf,false
10.0,101098,0.000122888,8.95203e-5,8.95203e-5,false
10.0,101100,0.000133594,Inf,Inf,false
10.0,101161,0.000100853,8.92369e-5,8.92369e-5,false
10.0,101163,8.98755e-5,Inf,Inf,false
10.0,101173,0.000111869,Inf,Inf,false
10.0,101225,0.000144974,7.84486e-5,7.84486e-5,false
10.0,101292,0.000145053,Inf,Inf,false
10.0,101296,0.000133554,0.000100648,0.000100648,false
10.0,101299,0.000100322,0.000100248,0.000100248,false
10.0,101323,0.0010667,0.00103335,0.00103335,false
10.0,101331,0.00138954,0.00127833,0.00127833,false
10.0,101364,8.96987e-5,6.75434e-5,6.75434e-5,false
10.0,101367,8.97084e-5,Inf,Inf,false
10.0,101369,0.000112079,Inf,Inf,false
10.0,101432,0.000367499,0.000278291,0.000278291,false
10.0,101434,6.74847e-5,Inf,Inf,false
10.0,101445,0.000567382,0.000545238,0.000545238,false
10.0,101495,8.93543e-5,8.93211e-5,8.93211e-5,false
10.0,101497,0.000122663,8.98808e-5,8.98808e-5,false
10.0,101530,0.00123429,0.00117828,0.00117828,false
10.0,101553,0.000611511,0.000600775,0.000600775,false
10.0,101563,0.000111191,0.000100885,0.000100885,false
10.0,101564,0.000122455,0.000100501,0.000100501,false
10.0,101614,0.00116751,0.00114445,0.00114445,false
10.0,101633,7.78212e-5,Inf,Inf,false
10.0,101636,6.67208e-5,Inf,Inf,false
10.0,101641,0.000156289,7.84945e-5,7.84945e-5,false
10.0,101644,0.000145327,Inf,Inf,false
10.0,101657,0.00102306,0.00100018,0.00100018,false
10.0,101696,0.000156111,Inf,Inf,false
10.0,101698,0.000156137,0.000144974,0.000144974,false
10.0,101751,0.000133433,Inf,Inf,false
10.0,101752,0.000100927,8.97073e-5,8.97073e-5,false
10.0,101753,7.78981e-5,Inf,Inf,false
10.0,101755,0.000111811,0.000100123,0.000100123,false
10.0,101805,0.000878021,0.000855818,0.000855818,false
10.0,101815,0.00010025,0.000100093,0.000100093,false
10.0,101821,0.000111564,8.94871e-5,8.94871e-5,false
10.0,101826,0.000111847,8.94865e-5,8.94865e-5,false
10.0,101827,0.000111176,Inf,Inf,false
10.0,101864,0.0011676,0.00105591,0.00105591,false
10.0,101869,0.000867659,0.000866734,0.000866734,false
10.0,101877,0.000144622,0.000111903,0.000111903,false
10.0,101878,0.000122737,0.000122565,0.000122565,false
10.0,101880,0.000100175,8.92945e-5,8.92945e-5,false
10.0,101885,0.000122472,0.000100855,0.000100855,false
10.0,101893,0.000244696,0.000222708,0.000222708,false
10.0,101957,0.000123212,0.00010044,0.00010044,false
10.0,101961,8.93323e-5,7.8227e-5,7.8227e-5,false
10.0,101962,8.98215e-5,8.97073e-5,8.97073e-5,false
10.0,101967,0.000112061,0.000111792,0.000111792,false
10.0,102017,6.7539e-5,Inf,Inf,false
10.0,102018,8.90075e-5,Inf,Inf,false
10.0,102031,0.000933994,0.000933802,0.000933802,false
10.0,102083,8.98372e-5,7.82212e-5,7.82212e-5,false
10.0,102085,0.000133655,Inf,Inf,false
10.0,102088,0.00011186,0.000111668,0.000111668,false
10.0,102089,7.80332e-5,Inf,Inf,false
10.0,102137,0.00123388,0.00122246,0.00122246,false
10.0,102153,8.93703e-5,7.81179e-5,7.81179e-5,false
10.0,102161,0.000555936,0.000545354,0.000545354,false
10.0,102214,0.000100379,Inf,Inf,false
10.0,102217,0.000133893,Inf,Inf,false
10.0,102219,0.000222539,Inf,Inf,false
10.0,102220,0.000111856,0.000100823,0.000100823,false
10.0,102221,0.000100589,8.89462e-5,8.89462e-5,false
10.0,102224,0.000234263,0.000234219,0.000234219,false
10.0,102286,0.000145402,0.000100912,0.000100912,false
10.0,102288,7.81165e-5,Inf,Inf,false
10.0,102291,7.85837e-5,Inf,Inf,false
10.0,102296,0.000112083,Inf,Inf,false
10.0,102298,0.000112109,0.000111262,0.000111262,false
10.0,102350,8.93466e-5,7.81158e-5,7.81158e-5,false
10.0,102351,0.000133712,0.000111661,0.000111661,false
10.0,102352,0.000111774,8.93159e-5,8.93159e-5,false
10.0,102356,6.71043e-5,Inf,Inf,false
10.0,102357,8.95687e-5,Inf,Inf,false
10.0,102423,0.000222639,0.000222464,0.000222464,false
10.0,102425,0.000111772,Inf,Inf,false
10.0,102427,0.000100606,Inf,Inf,false
10.0,102431,0.000145151,8.94184e-5,8.94184e-5,false
10.0,102433,0.000133966,Inf,Inf,false
10.0,102488,5.59725e-5,Inf,Inf,false
10.0,102489,7.78414e-5,Inf,Inf,false
10.0,102490,8.95727e-5,Inf,Inf,false
10.0,102492,7.78977e-5,5.64483e-5,5.64483e-5,false
10.0,102553,0.000122418,Inf,Inf,false
10.0,102554,0.000166796,0.000155828,0.000155828,false
10.0,102560,0.000100794,7.85869e-5,7.85869e-5,false
10.0,102564,0.00055626,0.000556191,0.000556191,false
10.0,102592,0.00115622,0.00115607,0.00115607,false
10.0,102615,7.80589e-5,7.79858e-5,7.79858e-5,false
10.0,102622,0.000145239,8.89442e-5,8.89442e-5,false
10.0,102623,0.000133385,0.000111828,0.000111828,false
10.0,102627,0.000334119,0.000311686,0.000311686,false
10.0,102630,0.000566943,0.000523191,0.000523191,false
10.0,102679,0.000133988,Inf,Inf,false
10.0,102681,0.000122861,Inf,Inf,false
10.0,102682,7.8491e-5,Inf,Inf,false
10.0,102687,0.000133975,0.000123056,0.000123056,false
10.0,102732,0.00108965,0.0010889,0.0010889,false
10.0,102816,0.000100542,Inf,Inf,false
10.0,102817,8.93981e-5,Inf,Inf,false
10.0,102820,0.000156479,6.66986e-5,6.66986e-5,false
10.0,102826,0.00020083,0.000200474,0.000200474,false
10.0,102877,0.000112041,0.000100912,0.000100912,false
10.0,102880,4.44753e-5,Inf,Inf,false
10.0,102883,0.000100537,0.000100251,0.000100251,false
10.0,102884,0.000145388,0.000133509,0.000133509,false
10.0,102888,0.000289358,0.000288967,0.000288967,false
10.0,102920,0.00102233,0.00101129,0.00101129,false
10.0,102972,7.82182e-5,Inf,Inf,false
10.0,102975,8.96564e-5,Inf,Inf,false
10.0,102976,8.95823e-5,Inf,Inf,false
10.0,102977,0.000133411,8.91301e-5,8.91301e-5,false
10.0,102980,0.000112046,0.000111202,0.000111202,false
10.0,102982,0.000167303,0.00016701,0.00016701,false
10.0,102983,0.000133961,Inf,Inf,false
10.0,103039,0.000100055,Inf,Inf,false
10.0,103040,6.70599e-5,Inf,Inf,false
10.0,103048,0.000256538,0.000234138,0.000234138,false
10.0,103049,0.000234133,0.000200957,0.000200957,false
10.0,103103,0.000144908,0.000144548,0.000144548,false
10.0,103105,0.000178075,0.000100723,0.000100723,false
10.0,103107,0.000100469,Inf,Inf,false
10.0,103149,0.000855802,0.000855654,0.000855654,false
10.0,103161,5.57925e-5,Inf,Inf,false
10.0,103162,0.000134041,Inf,Inf,false
10.0,103163,0.000145169,0.000123149,0.000123149,false
10.0,103166,8.92269e-5,6.72927e-5,6.72927e-5,false
10.0,103169,8.93096e-5,Inf,Inf,false
10.0,103173,0.000556107,0.00054511,0.00054511,false
10.0,103183,0.00121196,0.00121183,0.00121183,false
10.0,103218,0.000111423,8.92169e-5,8.92169e-5,false
10.0,103220,0.000144569,0.000122573,0.000122573,false
10.0,103223,7.84499e-5,Inf,Inf,false
10.0,103229,0.000489433,0.000478589,0.000478589,false
10.0,103282,6.69733e-5,Inf,Inf,false
10.0,103286,0.00011158,Inf,Inf,false
10.0,103288,7.81555e-5,Inf,Inf,false
10.0,103296,0.000133818,0.000111359,0.000111359,false
10.0,103353,0.000200767,Inf,Inf,false
10.0,103357,0.000123197,0.000123149,0.000123149,false
10.0,103358,5.613e-5,Inf,Inf,false
10.0,103391,0.0014563,0.00114467,0.00114467,false
10.0,103418,0.000111569,7.78678e-5,7.78678e-5,false
10.0,103420,5.6449e-5,Inf,Inf,false
10.0,103422,7.86304e-5,6.74789e-5,6.74789e-5,false
10.0,103425,0.000111508,0.000100811,0.000100811,false
10.0,103433,0.000122365,0.000100399,0.000100399,false
10.0,103434,0.000156218,Inf,Inf,false
10.0,103476,0.000945338,0.000900651,0.000900651,false
10.0,103488,0.000133963,Inf,Inf,false
10.0,103493,0.000111695,0.000111384,0.000111384,false
10.0,103503,0.00126741,0.00117783,0.00117783,false
10.0,103513,0.00127822,0.0012778,0.0012778,false
10.0,103551,0.000100041,Inf,Inf,false
10.0,103556,0.000145107,0.000100477,0.000100477,false
10.0,103561,0.000256068,0.000244681,0.000244681,false
10.0,103595,0.00132306,0.00127803,0.00127803,false
10.0,103598,0.00133427,0.00126755,0.00126755,false
10.0,103618,0.000545274,0.000534201,0.000534201,false
10.0,103622,7.84207e-5,Inf,Inf,false
10.0,103624,0.00014522,0.000133835,0.000133835,false
10.0,103626,7.79785e-5,Inf,Inf,false
10.0,103628,0.000145175,0.000144516,0.000144516,false
10.0,103630,0.000145376,Inf,Inf,false
10.0,103637,0.000800182,0.000800147,0.000800147,false
10.0,103660,0.00102277,0.000989443,0.000989443,false
10.0,103672,0.000122651,Inf,Inf,false
10.0,103675,0.000167438,Inf,Inf,false
10.0,103679,0.000155723,Inf,Inf,false
10.0,103681,0.000200869,0.000100005,0.000100005,false
10.0,103734,0.000211986,0.000211283,0.000211283,false
10.0,103736,0.000167654,0.000145048,0.000145048,false
10.0,103738,8.89628e-5,6.70316e-5,6.70316e-5,false
10.0,103742,0.000155907,Inf,Inf,false
10.0,103745,0.000267497,0.000245415,0.000245415,false
10.0,103850,0.000178733,0.000178565,0.000178565,false
10.0,103852,0.000144646,Inf,Inf,false
10.0,103854,8.94314e-5,Inf,Inf,false
10.0,103855,8.96333e-5,8.93715e-5,8.93715e-5,false
10.0,103857,0.000122515,0.000122467,0.000122467,false
10.0,103860,0.000145292,0.000134125,0.000134125,false
10.0,103864,0.000134204,0.000111802,0.000111802,false
10.0,103884,0.00125558,0.0012337,0.0012337,false
10.0,103927,1.20814e-5,Inf,Inf,false
10.0,103929,7.82981e-5,7.79821e-5,7.79821e-5,false
10.0,103931,0.000144593,0.000144472,0.000144472,false
10.0,103932,0.000144444,8.89077e-5,8.89077e-5,false
10.0,103991,8.94966e-5,8.89212e-5,8.89212e-5,false
10.0,103993,7.82252e-5,6.69938e-5,6.69938e-5,false
10.0,103996,0.000123204,0.000122266,0.000122266,false
10.0,103998,0.000133651,Inf,Inf,false
10.0,104001,0.000200314,0.00012269,0.00012269,false
10.0,104005,0.00024504,0.000244744,0.000244744,false
10.0,104024,0.00127803,0.00127784,0.00127784,false
10.0,104045,0.000944789,0.000933554,0.000933554,false
10.0,104070,0.000100725,8.98859e-5,8.98859e-5,false
10.0,104072,7.83482e-5,Inf,Inf,false
10.0,104098,0.00125611,0.00123356,0.00123356,false
10.0,104151,0.000156476,0.000156218,0.000156218,false
10.0,104152,0.000100916,0.000100394,0.000100394,false
10.0,104156,0.000123041,0.000100736,0.000100736,false
10.0,104157,0.000144856,0.000144607,0.000144607,false
10.0,104162,7.85951e-5,Inf,Inf,false
10.0,104163,0.000111543,Inf,Inf,false
10.0,104164,7.81742e-5,Inf,Inf,false
10.0,104166,0.000500106,0.000455678,0.000455678,false
10.0,104183,0.00132321,0.00132303,0.00132303,false
10.0,104209,0.00108974,0.00106726,0.00106726,false
10.0,104224,0.000133789,0.000123031,0.000123031,false
10.0,104225,0.000155615,Inf,Inf,false
10.0,104226,7.82547e-5,7.82517e-5,7.82517e-5,false
10.0,104227,0.000133683,Inf,Inf,false
10.0,104289,0.000100796,7.8728e-5,7.8728e-5,false
10.0,104297,0.000122776,0.000122563,0.000122563,false
10.0,104358,7.8204e-5,7.81254e-5,7.81254e-5,false
10.0,104361,5.64882e-5,Inf,Inf,false
10.0,104362,0.000112016,Inf,Inf,false
10.0,104365,0.000144846,0.000122996,0.000122996,false
10.0,104366,0.000123212,0.000111168,0.000111168,false
10.0,104380,0.00127813,0.00124494,0.00124494,false
10.0,104398,0.00130066,0.00127852,0.00127852,false
10.0,104429,0.000134096,0.00012223,0.00012223,false
10.0,104431,0.000100168,7.84094e-5,7.84094e-5,false
10.0,104508,0.00016704,Inf,Inf,false
10.0,104510,8.89161e-5,6.69513e-5,6.69513e-5,false
10.0,104511,0.000145352,0.000145158,0.000145158,false
10.0,104514,8.97679e-5,Inf,Inf,false
10.0,104515,0.000122424,Inf,Inf,false
10.0,104580,0.000100466,Inf,Inf,false
10.0,104581,0.000133481,0.000100289,0.000100289,false
10.0,104582,0.000156518,0.000144635,0.000144635,false
10.0,104583,7.86461e-5,Inf,Inf,false
10.0,104588,0.000289273,0.000244634,0.000244634,false
10.0,104648,0.000111528,Inf,Inf,false
10.0,104649,0.000155787,Inf,Inf,false
10.0,104653,0.000123119,8.92687e-5,8.92687e-5,false
10.0,104696,0.000967275,0.000889598,0.000889598,false
10.0,104704,0.000100506,Inf,Inf,false
10.0,104706,0.000133765,0.000123142,0.000123142,false
10.0,104709,0.00012296,0.00011128,0.00011128,false
10.0,104710,0.000122717,Inf,Inf,false
10.0,104769,0.000111358,Inf,Inf,false
10.0,104770,0.000111386,Inf,Inf,false
10.0,104772,8.93073e-5,Inf,Inf,false
10.0,104774,0.000111909,Inf,Inf,false
10.0,104842,0.000111797,Inf,Inf,false
10.0,104843,0.000112046,Inf,Inf,false
10.0,104847,0.000178403,0.000155777,0.000155777,false
10.0,104848,8.93539e-5,Inf,Inf,false
10.0,104882,0.000989702,0.000944638,0.000944638,false
10.0,104893,0.000222294,0.000200111,0.000200111,false
10.0,104896,7.79801e-5,7.79704e-5,7.79704e-5,false
10.0,104899,0.000133871,Inf,Inf,false
10.0,104901,0.000134038,Inf,Inf,false
10.0,104916,0.00122236,0.00120027,0.00120027,false
10.0,104928,0.00134512,0.00132228,0.00132228,false
10.0,104974,0.000155842,Inf,Inf,false
10.0,104986,0.000733903,0.000722662,0.000722662,false
10.0,105029,0.000144556,0.000133379,0.000133379,false
10.0,105030,0.000111319,0.000100653,0.000100653,false
10.0,105033,0.000123208,8.94104e-5,8.94104e-5,false
10.0,105034,0.000133986,0.000100685,0.000100685,false
10.0,105037,0.000122539,0.000111934,0.000111934,false
10.0,105040,3.40347e-5,Inf,Inf,false
10.0,105044,0.000167343,Inf,Inf,false
10.0,105071,0.00132312,0.00130052,0.00130052,false
10.0,105100,0.00020069,0.000200648,0.000200648,false
10.0,105102,3.38771e-5,Inf,Inf,false
10.0,105131,0.00132249,0.00128925,0.00128925,false
10.0,105132,0.00131178,0.00130048,0.00130048,false
10.0,105151,0.000422409,0.000345002,0.000345002,false
10.0,105154,0.00014531,0.000133487,0.000133487,false
10.0,105155,0.000111737,0.00011117,0.00011117,false
10.0,105157,8.97793e-5,8.97519e-5,8.97519e-5,false
10.0,105161,0.000200065,0.000167284,0.000167284,false
10.0,105165,0.000122968,Inf,Inf,false
10.0,105188,0.00135562,0.00134452,0.00134452,false
10.0,105227,0.000155999,Inf,Inf,false
10.0,105228,0.000100537,Inf,Inf,false
10.0,105229,6.76021e-5,Inf,Inf,false
10.0,105232,0.000156295,0.000155777,0.000155777,false
10.0,105239,6.70254e-5,Inf,Inf,false
10.0,105303,0.000145088,0.000133773,0.000133773,false
10.0,105321,0.00137797,0.00124506,0.00124506,false
10.0,105342,0.00016676,0.000123031,0.000123031,false
10.0,105348,0.000112028,Inf,Inf,false
10.0,105355,0.000144942,Inf,Inf,false
10.0,105356,7.83049e-5,Inf,Inf,false
10.0,105400,0.00030023,0.000267503,0.000267503,false
10.0,105404,0.000100436,8.96843e-5,8.96843e-5,false
10.0,105405,0.000133852,Inf,Inf,false
10.0,105409,7.86879e-5,7.81986e-5,7.81986e-5,false
10.0,105418,0.00015646,0.000155966,0.000155966,false
10.0,105449,0.00142285,0.00137867,0.00137867,false
10.0,105470,0.000356074,0.000333851,0.000333851,false
10.0,105479,0.000122891,7.78483e-5,7.78483e-5,false
10.0,105484,0.000122779,0.000100188,0.000100188,false
10.0,105540,0.000100333,8.97346e-5,8.97346e-5,false
10.0,105542,0.000100924,Inf,Inf,false
10.0,105544,0.000100685,Inf,Inf,false
10.0,105551,0.000166834,0.000156144,0.000156144,false
10.0,105654,7.79649e-5,6.67163e-5,6.67163e-5,false
10.0,105660,6.76183e-5,6.73667e-5,6.73667e-5,false
10.0,105664,0.000100983,0.000100095,0.000100095,false
10.0,105669,0.000800686,0.000789224,0.000789224,false
10.0,105692,0.00136761,0.00135631,0.00135631,false
10.0,105719,6.76644e-5,Inf,Inf,false
10.0,105722,0.000111781,Inf,Inf,false
10.0,105726,0.00018945,Inf,Inf,false
10.0,105730,0.000123083,8.89827e-5,8.89827e-5,false
10.0,105731,0.000111207,Inf,Inf,false
10.0,105768,0.000911836,0.000889887,0.000889887,false
10.0,105779,0.000111605,0.000111558,0.000111558,false
10.0,105781,6.72171e-5,Inf,Inf,false
10.0,105782,0.000100778,Inf,Inf,false
10.0,105789,0.000223072,0.000189237,0.000189237,false
10.0,105841,0.000556025,0.000512028,0.000512028,false
10.0,105846,8.90988e-5,Inf,Inf,false
10.0,105848,0.000144661,0.00012318,0.00012318,false
10.0,105850,0.000178064,Inf,Inf,false
10.0,105851,4.45815e-5,Inf,Inf,false
10.0,105858,0.00127842,0.0011893,0.0011893,false
10.0,105862,0.00120081,0.00118975,0.00118975,false
10.0,105912,0.000467526,0.000400835,0.000400835,false
10.0,105918,0.000122967,0.000100191,0.000100191,false
10.0,105924,0.00012283,0.00011181,0.00011181,false
10.0,105926,7.81717e-5,6.68997e-5,6.68997e-5,false
10.0,105927,0.000178338,Inf,Inf,false
10.0,105979,0.00010089,0.000100695,0.000100695,false
10.0,105985,7.8548e-5,6.72427e-5,6.72427e-5,false
10.0,105987,0.00056711,0.000533603,0.000533603,false
10.0,106027,0.000889116,0.000844647,0.000844647,false
10.0,106047,0.000100981,0.000100135,0.000100135,false
10.0,106054,0.000122485,0.000111188,0.000111188,false
10.0,106057,7.78737e-5,Inf,Inf,false
10.0,106060,0.000122684,8.90866e-5,8.90866e-5,false
10.0,106061,0.000189069,Inf,Inf,false
10.0,106062,0.000211755,0.000178555,0.000178555,false
10.0,106107,0.000100603,0.000100068,0.000100068,false
10.0,106108,6.76024e-5,Inf,Inf,false
10.0,106109,0.000144592,Inf,Inf,false
10.0,106110,0.0001008,Inf,Inf,false
10.0,106112,6.76319e-5,Inf,Inf,false
10.0,106115,0.00016741,Inf,Inf,false
10.0,106119,0.000111488,8.97758e-5,8.97758e-5,false
10.0,106149,0.000900727,0.000900596,0.000900596,false
10.0,106166,0.000244817,0.00020038,0.00020038,false
10.0,106170,0.000111506,0.000111491,0.000111491,false
10.0,106171,0.000134293,0.000133707,0.000133707,false
10.0,106173,0.000111868,0.000100961,0.000100961,false
10.0,106178,0.000145295,0.00014471,0.00014471,false
10.0,106221,0.00101193,0.000978627,0.000978627,false
10.0,106235,0.000100036,Inf,Inf,false
10.0,106236,0.0001341,0.000134038,0.000134038,false
10.0,106286,0.000277811,0.000244938,0.000244938,false
10.0,106289,6.76499e-5,Inf,Inf,false
10.0,106291,0.000111672,Inf,Inf,false
10.0,106292,7.82048e-5,Inf,Inf,false
10.0,106324,0.00131194,0.0013007,0.0013007,false
10.0,106347,0.000455769,0.000411929,0.000411929,false
10.0,106351,8.92923e-5,Inf,Inf,false
10.0,106352,0.000111719,Inf,Inf,false
10.0,106353,6.73281e-5,5.56236e-5,5.56236e-5,false
10.0,106355,7.82132e-5,Inf,Inf,false
10.0,106408,0.000133789,0.000100423,0.000100423,false
10.0,106410,8.9882e-5,Inf,Inf,false
10.0,106413,7.8513e-5,Inf,Inf,false
10.0,106414,6.70691e-5,Inf,Inf,false
10.0,106415,0.00013389,0.00012278,0.00012278,false
10.0,106416,7.84738e-5,Inf,Inf,false
10.0,106419,0.000111928,7.87716e-5,7.87716e-5,false
10.0,106421,0.000278763,0.00027856,0.00027856,false
10.0,106444,0.00138889,0.00124497,0.00124497,false
10.0,106479,0.000156048,0.00012278,0.00012278,false
10.0,106481,0.000100595,8.96335e-5,8.96335e-5,false
10.0,106483,0.000167511,0.000167061,0.000167061,false
10.0,106536,0.000122692,0.000111257,0.000111257,false
10.0,106542,0.000111624,Inf,Inf,false
10.0,106543,0.000166974,0.000166817,0.000166817,false
10.0,106609,0.00013405,0.000111947,0.000111947,false
10.0,106614,0.000111927,Inf,Inf,false
10.0,106671,0.000222779,0.000211697,0.000211697,false
10.0,106672,8.96203e-5,7.85784e-5,7.85784e-5,false
10.0,106673,0.000111304,0.000100135,0.000100135,false
10.0,106675,7.84964e-5,Inf,Inf,false
10.0,106678,8.98249e-5,7.84066e-5,7.84066e-5,false
10.0,106679,0.000100051,8.95277e-5,8.95277e-5,false
10.0,106709,0.00133335,0.00127812,0.00127812,false
10.0,106741,0.00012318,Inf,Inf,false
10.0,106742,0.000122721,0.000100531,0.000100638,true
10.0,106743,0.000122506,Inf,Inf,false
10.0,106744,0.000100539,Inf,Inf,false
10.0,106745,0.000144547,Inf,Inf,false
10.0,106750,0.000167236,0.000134288,0.000134288,false
10.0,106751,0.000100252,8.89792e-5,8.89792e-5,false
10.0,106756,0.000334123,0.000333665,0.000333665,false
10.0,106768,0.0012669,0.00121188,0.00121188,false
10.0,106791,0.000911947,0.00088985,0.00088985,false
10.0,106804,0.000122376,Inf,Inf,false
10.0,106805,0.000100369,Inf,Inf,false
10.0,106860,0.000222817,0.000211635,0.000211635,false
10.0,106862,7.86205e-5,Inf,Inf,false
10.0,106872,8.95436e-5,Inf,Inf,false
10.0,106902,0.00103399,0.000923061,0.000923061,false
10.0,106926,0.000111918,7.85133e-5,8.97997e-5,true
10.0,106970,5.6128e-5,Inf,Inf,false
10.0,106975,8.98203e-5,Inf,Inf,false
10.0,106978,6.76094e-5,Inf,Inf,false
10.0,106981,7.84839e-5,Inf,Inf,false
10.0,107010,0.000956206,0.000955912,0.000955912,false
10.0,107028,0.000300077,0.000267561,0.000267561,false
10.0,107035,8.93913e-5,Inf,Inf,false
10.0,107036,8.98581e-5,Inf,Inf,false
10.0,107038,0.000122809,0.000111964,0.000111964,false
10.0,107040,0.000111811,Inf,Inf,false
10.0,107041,0.000166904,Inf,Inf,false
10.0,107042,0.00013416,0.000122599,0.000122599,false
10.0,107043,0.00012242,0.00010078,0.00010078,false
10.0,107044,0.000144547,Inf,Inf,false
10.0,107045,0.000111371,8.89722e-5,8.89722e-5,false
10.0,107100,8.91445e-5,7.8139e-5,7.8139e-5,false
10.0,107102,0.000123186,Inf,Inf,false
10.0,107111,5.5899e-5,Inf,Inf,false
10.0,107170,0.000100942,0.000100777,0.000100777,false
10.0,107171,0.000122955,Inf,Inf,false
10.0,107175,6.66878e-5,Inf,Inf,false
10.0,107207,0.000134204,0.0001338,0.0001338,false
10.0,107214,0.000145331,8.90976e-5,8.90976e-5,false
10.0,107216,0.000144971,0.000112025,0.000112025,false
10.0,107227,0.00115647,0.00113345,0.00113345,false
10.0,107263,0.000134176,0.000122875,0.000122875,false
10.0,107265,3.3879e-5,Inf,Inf,false
10.0,107280,0.000878499,0.000878357,0.000878357,false
10.0,107331,0.000111273,0.000100638,0.000100638,false
10.0,107333,0.000100745,6.71167e-5,6.71167e-5,false
10.0,107335,0.000133906,0.000100478,0.000100478,false
10.0,107336,0.000133561,0.000111625,0.000111625,false
10.0,107337,8.98106e-5,Inf,Inf,false
10.0,107379,0.000689231,0.000633677,0.000633677,false
10.0,107384,0.000178398,0.00017809,0.00017809,false
10.0,107389,0.000133468,0.000111263,0.000111263,false
10.0,107396,0.000156299,0.000145075,0.000145075,false
10.0,107399,0.000134052,Inf,Inf,false
10.0,107403,0.000156075,0.000144927,0.000144927,false
10.0,107423,0.00126745,0.00126707,0.00126707,false
10.0,107447,8.95771e-5,7.8139e-5,7.8139e-5,false
10.0,107454,0.000189851,Inf,Inf,false
10.0,107495,0.000167659,0.000123133,0.000123133,false
10.0,107497,0.000144469,0.000122974,0.000122974,false
10.0,107498,0.000100232,Inf,Inf,false
10.0,107500,0.000100079,7.87009e-5,7.87009e-5,false
10.0,107504,7.80609e-5,Inf,Inf,false
10.0,107505,7.81396e-5,7.794e-5,7.794e-5,false
10.0,107523,0.00116703,0.00116681,0.00116681,false
10.0,107556,0.00017869,Inf,Inf,false
10.0,107558,0.000167653,0.000145179,0.000145179,false
10.0,107559,0.000111964,Inf,Inf,false
10.0,107560,0.000122542,0.000100777,0.000100777,false
10.0,107566,0.00013341,0.000122404,0.000122404,false
10.0,107573,0.00051202,0.000511757,0.000511757,false
10.0,107619,0.000167529,8.97265e-5,8.97265e-5,false
10.0,107626,0.000111923,Inf,Inf,false
10.0,107631,0.000122365,0.000111631,0.000111631,false
10.0,107683,0.000134157,0.000123133,0.000123133,false
10.0,107688,0.000100824,8.96347e-5,8.96347e-5,false
10.0,107696,1.20486e-5,Inf,Inf,false
10.0,107697,0.000111638,8.97997e-5,8.97997e-5,false
10.0,107739,4.49505e-5,Inf,Inf,false
10.0,107740,5.62375e-5,4.48668e-5,4.48668e-5,false
10.0,107741,0.000100196,Inf,Inf,false
10.0,107744,0.000111739,8.98478e-5,8.98478e-5,false
10.0,107745,0.000123215,Inf,Inf,false
10.0,107748,0.000133578,Inf,Inf,false
10.0,107805,0.000156303,0.000111861,0.000111861,false
10.0,107807,0.000144703,0.000123031,0.000123031,false
10.0,107808,0.000100281,Inf,Inf,false
10.0,107816,0.000900537,0.000844808,0.000844808,false
10.0,107828,0.00118928,0.001156,0.001156,false
10.0,107830,0.00111143,0.00105612,0.00105612,false
10.0,107844,0.000145161,0.000134226,0.000134226,false
10.0,107846,8.92803e-5,8.92176e-5,8.92176e-5,false
10.0,107847,7.80312e-5,Inf,Inf,false
10.0,107848,0.000111781,0.000111775,0.000111775,false
10.0,107850,0.000111257,0.00010086,0.00010086,false
10.0,107903,0.000123081,0.000111823,0.000111823,false
10.0,107959,0.000100734,Inf,Inf,false
10.0,107962,0.000100276,8.90976e-5,8.90976e-5,false
10.0,107965,0.000134011,0.000123059,0.000123059,false
10.0,107967,0.000167663,0.000167128,0.000167128,false
10.0,108025,0.00012246,Inf,Inf,false
10.0,108029,0.000156075,0.000145183,0.000145183,false
10.0,108030,0.000134137,Inf,Inf,false
10.0,108035,0.000200881,Inf,Inf,false
10.0,108037,0.000100223,Inf,Inf,false
10.0,108049,0.00125588,0.00120016,0.00120016,false
10.0,108063,0.00106711,0.00104518,0.00104518,false
10.0,108086,0.000155915,0.0001338,0.0001338,false
10.0,108087,0.000134002,Inf,Inf,false
10.0,108143,0.000178754,0.000177834,0.000177834,false
10.0,108146,0.000100112,Inf,Inf,false
10.0,108147,8.96319e-5,8.91474e-5,8.91474e-5,false
10.0,108150,0.000112007,0.000111953,0.000111953,false
10.0,108151,8.91392e-5,7.82391e-5,7.82391e-5,false
10.0,108154,0.000178019,0.000123012,0.000123012,false
10.0,108155,0.000178078,0.000166691,0.000166691,false
10.0,108174,0.00125632,0.00125562,0.00125562,false
10.0,108183,0.00101206,0.00101138,0.00101138,false
10.0,108198,0.000134213,0.000133994,0.000133994,false
10.0,108247,0.000122847,0.000111634,0.000111634,false
10.0,108306,6.68754e-5,Inf,Inf,false
10.0,108312,0.000189682,Inf,Inf,false
10.0,108315,0.000167664,0.000144579,0.000144579,false
10.0,108324,0.000956044,0.000933407,0.000933407,false
10.0,108334,0.00115637,0.00113365,0.00113365,false
10.0,108355,0.000156093,0.000155996,0.000155996,false
10.0,108399,0.000156004,Inf,Inf,false
10.0,108404,0.000111653,Inf,Inf,false
10.0,108405,0.000100971,Inf,Inf,false
10.0,108407,8.94779e-5,Inf,Inf,false
10.0,108421,0.00123373,0.00117827,0.00117827,false
10.0,108448,0.00018974,0.000166852,0.000166852,false
10.0,108454,7.85937e-5,7.84286e-5,7.84286e-5,false
10.0,108455,0.000134185,0.000122672,0.000122672,false
10.0,108505,0.000177999,0.000166672,0.000166672,false
10.0,108512,8.971e-5,8.95617e-5,8.95617e-5,false
10.0,108513,8.90216e-5,6.75447e-5,6.75447e-5,false
10.0,108547,8.98306e-5,Inf,Inf,false
10.0,108548,0.000100287,Inf,Inf,false
10.0,108552,8.92603e-5,7.86962e-5,7.86962e-5,false
10.0,108555,0.00016765,Inf,Inf,false
10.0,108557,0.000122461,8.93631e-5,8.93631e-5,false
10.0,108562,0.000178466,Inf,Inf,false
10.0,108588,0.0011784,0.0011558,0.0011558,false
10.0,108609,7.83261e-5,6.70806e-5,6.70806e-5,false
10.0,108612,8.95493e-5,Inf,Inf,false
10.0,108619,0.000123087,0.000122553,0.000122553,false
10.0,108659,8.93645e-5,Inf,Inf,false
10.0,108660,0.000122717,Inf,Inf,false
10.0,108661,0.000133907,Inf,Inf,false
10.0,108698,0.000478308,0.000466869,0.000466869,false
10.0,108701,5.60298e-5,Inf,Inf,false
10.0,108706,7.82888e-5,6.75664e-5,6.75664e-5,false
10.0,108713,0.000122623,8.89784e-5,8.89784e-5,false
10.0,108715,0.0002338,0.000167149,0.000167149,false
10.0,108717,0.000889169,0.000878691,0.000878691,false
10.0,108752,0.000256105,0.000233758,0.000233758,false
10.0,108757,0.000133931,0.000111247,0.000111247,false
10.0,108760,0.00013376,0.000122767,0.000122767,false
10.0,108761,8.96178e-5,Inf,Inf,false
10.0,108771,0.000167182,0.000144494,0.000144494,false
10.0,108808,0.000167347,0.000122825,0.000122825,false
10.0,108811,7.85821e-5,7.82391e-5,7.82391e-5,false
10.0,108812,0.000111516,Inf,Inf,false
10.0,108816,0.000134049,0.000111557,0.000111557,false
10.0,108817,0.000100213,Inf,Inf,false
10.0,108820,0.000145121,0.000111226,0.000111226,false
10.0,108831,0.00116674,0.00115583,0.00115583,false
10.0,108849,0.000567265,0.000544489,0.000544489,false
10.0,108852,0.000189436,0.000189338,0.000189338,false
10.0,108853,0.000122542,Inf,Inf,false
10.0,108857,0.000100162,Inf,Inf,false
10.0,108859,0.000200581,Inf,Inf,false
10.0,108866,8.92759e-5,6.71189e-5,6.71189e-5,false
10.0,108869,0.000156167,0.000145128,0.000145128,false
10.0,108915,0.000178623,Inf,Inf,false
10.0,108918,0.000100951,0.000100268,0.000100268,false
10.0,108919,0.000122901,Inf,Inf,false
10.0,108930,0.00101146,0.000900633,0.000900633,false
10.0,108950,6.69676e-5,Inf,Inf,false
10.0,108954,6.76237e-5,Inf,Inf,false
10.0,108956,0.000167649,0.000133585,0.000133585,false
10.0,108989,0.000322828,0.000311857,0.000311857,false
10.0,108994,7.8515e-5,Inf,Inf,false
10.0,109002,0.000111194,Inf,Inf,false
10.0,109007,0.000156221,Inf,Inf,false
10.0,109008,0.000156153,0.000144525,0.000144525,false
10.0,109018,0.000156036,Inf,Inf,false
10.0,109026,0.00107787,0.00105655,0.00105655,false
10.0,109042,0.000678771,0.000678689,0.000678689,false
10.0,109051,0.000166708,0.000122284,0.000122284,false
10.0,109052,0.00013376,Inf,0.000122767,true
10.0,109053,7.854e-5,7.83467e-5,7.83467e-5,false
10.0,109056,8.98692e-5,8.95438e-5,8.95438e-5,false
10.0,109059,0.000111918,0.000111336,0.000111336,false
10.0,109061,0.00015647,Inf,Inf,false
10.0,109064,0.000122866,0.000111831,0.000111831,false
10.0,109103,0.000122679,Inf,Inf,false
10.0,109107,0.000122789,Inf,Inf,false
10.0,109114,0.000122504,Inf,Inf,false
10.0,109134,0.00107866,0.00107827,0.00107827,false
10.0,109154,0.000144751,0.000122709,0.000122709,false
10.0,109162,0.00020072,0.000144621,0.000144621,false
10.0,109197,0.000123099,0.000100603,0.000100603,false
10.0,109202,0.00017842,Inf,Inf,false
10.0,109205,5.56344e-5,Inf,Inf,false
10.0,109207,0.000122896,0.000100263,0.000100263,false
10.0,109240,0.000222449,Inf,Inf,false
10.0,109253,7.82765e-5,Inf,Inf,false
10.0,109256,0.000278071,0.00026686,0.00026686,false
10.0,109288,0.000244821,0.000234254,0.000234254,false
10.0,109290,0.000123055,Inf,Inf,false
10.0,109304,0.000178587,0.000111723,0.000111723,false
10.0,109305,0.000156472,0.000156452,0.000156452,false
10.0,109350,0.000155656,0.000122595,0.000122595,false
10.0,109351,0.000145182,0.000144871,0.000144871,false
10.0,109352,0.000122406,0.000111839,0.000111839,false
10.0,109361,0.000133385,0.00011154,0.00011154,false
10.0,109362,0.000200514,Inf,Inf,false
10.0,109366,0.000244918,Inf,Inf,false
10.0,109403,0.000155562,0.00014514,0.00014514,false
10.0,109404,6.73896e-5,Inf,Inf,false
10.0,109406,0.000178559,0.000156164,0.000156164,false
10.0,109410,0.000133571,0.000100704,0.000100704,false
10.0,109454,0.000311321,0.000289074,0.000289074,false
10.0,109457,0.000133998,0.000133903,0.000133903,false
10.0,109461,0.000189461,Inf,Inf,false
10.0,109464,0.000200383,Inf,Inf,false
10.0,109509,0.0001228,Inf,Inf,false
10.0,109549,0.000723074,0.000667289,0.000667289,false
10.0,109564,6.75351e-5,6.7424e-5,6.7424e-5,false
10.0,109565,6.70654e-5,Inf,Inf,false
10.0,109567,8.92831e-5,Inf,Inf,false
10.0,109571,0.000111647,Inf,Inf,false
10.0,109615,0.000200255,0.000189338,0.000189338,false
10.0,109616,0.000211697,Inf,Inf,false
10.0,109617,0.000123134,Inf,Inf,false
10.0,109623,7.79318e-5,Inf,Inf,false
10.0,109626,6.75082e-5,Inf,Inf,false
10.0,109668,0.000167163,0.000156347,0.000156347,false
10.0,109678,0.000111953,Inf,Inf,false
10.0,109684,0.000933977,0.000911286,0.000911286,false
10.0,109693,0.00103353,0.000989746,0.000989746,false
10.0,109720,0.000111687,0.000111165,0.000111165,false
10.0,109721,0.000122344,Inf,Inf,false
10.0,109724,0.000166989,0.00015571,0.00015571,false
10.0,109725,0.000123098,Inf,Inf,false
10.0,109727,6.74877e-5,Inf,Inf,false
10.0,109734,0.000156388,0.000155867,0.000155867,false
10.0,109738,0.000334011,0.000322793,0.000322793,false
10.0,109763,0.000556254,0.000544947,0.000544947,false
10.0,109764,0.000112008,0.000111165,0.000111165,false
10.0,109765,8.91974e-5,Inf,Inf,false
10.0,109770,0.000100111,8.89404e-5,8.89404e-5,false
10.0,109772,0.000133345,0.000100815,0.000100815,false
10.0,109774,8.95323e-5,Inf,Inf,false
10.0,109791,0.00102267,0.000967056,0.000967056,false
10.0,109795,0.00090065,0.000900295,0.000900295,false
10.0,109805,0.000311891,0.00030066,0.00030066,false
10.0,109809,0.000156378,0.00012223,0.00012223,false
10.0,109811,0.000222373,0.000178405,0.000178405,false
10.0,109813,0.000111651,0.00011115,0.00011115,false
10.0,109815,0.000122845,0.000122551,0.000122551,false
10.0,109816,0.000123151,6.68112e-5,6.68112e-5,false
10.0,109818,0.000100841,Inf,Inf,false
10.0,109821,0.000167436,Inf,Inf,false
10.0,109823,7.85173e-5,Inf,Inf,false
10.0,109854,8.96808e-5,Inf,Inf,false
10.0,109886,0.000133656,7.82771e-5,7.82771e-5,false
10.0,109887,3.35269e-5,Inf,Inf,false
10.0,109891,5.6273e-5,5.56079e-5,5.56079e-5,false
10.0,109896,0.00011173,0.000100393,0.000100393,false
10.0,109900,0.000178582,0.000100999,0.000100999,false
10.0,109901,0.000156027,0.000156003,0.000156003,false
10.0,109938,0.000278329,0.000245032,0.000245032,false
10.0,109944,0.000134025,Inf,Inf,false
10.0,109945,0.00010043,7.83372e-5,7.83372e-5,false
10.0,109952,0.000200448,0.000189531,0.000189531,false
10.0,109979,0.000112003,0.000100446,0.000100446,false
10.0,109988,0.000111389,0.000100868,0.000100868,false
10.0,110019,0.000167426,0.000144565,0.000144565,false
10.0,110020,0.000111328,Inf,Inf,false
10.0,110021,0.00011157,0.000100577,0.000100577,false
10.0,110023,0.000378006,0.000367428,0.000367428,false
10.0,110044,0.000434018,0.000433384,0.000433384,false
10.0,110051,0.000177814,Inf,Inf,false
10.0,110060,0.000144569,0.000133946,0.000133946,false
10.0,110064,0.000155902,0.000145,0.000145,false
10.0,110092,0.000600688,0.000600495,0.000600495,false
10.0,110111,0.000111701,Inf,Inf,false
10.0,110112,0.000145377,0.000144608,0.000144608,false
10.0,110113,0.000145249,0.00012225,0.00012225,false
10.0,110118,0.000112068,8.96987e-5,8.96987e-5,false
10.0,110121,5.58924e-5,Inf,Inf,false
10.0,110146,0.000133742,0.000123039,0.000123039,false
10.0,110147,0.000122544,Inf,Inf,false
10.0,110155,0.000133874,0.000111722,0.000111722,false
10.0,110158,0.000145252,Inf,Inf,false
10.0,110159,0.000122935,Inf,Inf,false
10.0,110164,0.000167172,0.000156182,0.000156182,false
10.0,110193,0.000333525,0.000312109,0.000312109,false
10.0,110195,8.95292e-5,7.78916e-5,7.78916e-5,false
10.0,110197,8.90516e-5,Inf,Inf,false
10.0,110198,0.000123015,0.000100991,0.000100991,false
10.0,110206,0.00012299,0.000100656,0.000100656,false
10.0,110208,0.000123063,0.000111599,0.000111599,false
10.0,110209,0.000100022,7.83981e-5,7.83981e-5,false
10.0,110232,0.000144748,Inf,Inf,false
10.0,110237,8.93094e-5,5.56079e-5,5.56079e-5,false
10.0,110238,0.000123012,0.000111419,0.000111419,false
10.0,110239,0.000100215,Inf,Inf,false
10.0,110244,0.000189198,0.000100492,0.000100492,false
10.0,110280,0.000167193,8.93007e-5,8.93007e-5,false
10.0,110281,0.00014448,Inf,Inf,false
10.0,110282,0.000112022,7.8293e-5,7.8293e-5,false
10.0,110287,0.000111711,0.000100937,0.000100937,false
10.0,110306,0.00040098,0.000345092,0.000345092,false
10.0,110310,0.000122489,8.94107e-5,8.94107e-5,false
10.0,110312,7.82749e-5,Inf,Inf,false
10.0,110315,0.000134105,Inf,Inf,false
10.0,110344,0.000134101,0.000133985,0.000133985,false
10.0,110345,8.89567e-5,Inf,Inf,false
10.0,110350,0.000178237,Inf,Inf,false
10.0,110354,0.000111122,Inf,Inf,false
10.0,110355,6.6701e-5,Inf,Inf,false
10.0,110359,0.000267192,0.000245077,0.000245077,false
10.0,110389,0.000100497,Inf,Inf,false
10.0,110430,0.000234267,0.000200665,0.000200665,false
10.0,110433,6.67454e-5,Inf,Inf,false
10.0,110434,0.000211544,0.000200579,0.000200579,false
10.0,110436,0.000122842,Inf,Inf,false
10.0,110439,0.000111677,Inf,Inf,false
10.0,110442,8.91895e-5,Inf,Inf,false
10.0,110448,0.000100948,8.89196e-5,8.89196e-5,false
10.0,110470,0.00016744,0.000156338,0.000156338,false
10.0,110472,0.000134286,0.000111374,0.000111374,false
10.0,110474,8.97018e-5,Inf,Inf,false
10.0,110491,0.000855952,0.000845158,0.000845158,false
10.0,110507,0.000156128,0.000134169,0.000134169,false
10.0,110508,7.84517e-5,Inf,Inf,false
10.0,110524,0.000178475,0.000167553,0.000167553,false
10.0,110534,0.000833728,0.000823175,0.000823175,false
10.0,110554,0.000166887,0.000155626,0.000155626,false
10.0,110557,0.000111964,0.000111646,0.000111646,false
10.0,110558,8.98408e-5,Inf,Inf,false
10.0,110560,6.70559e-5,6.69325e-5,6.69325e-5,false
10.0,110591,0.000178249,0.000177973,0.000177973,false
10.0,110600,0.000122954,Inf,Inf,false
10.0,110606,0.000211429,0.000167475,0.000167475,false
10.0,110624,0.000556343,0.000544863,0.000544863,false
10.0,110633,0.000100119,Inf,Inf,false
10.0,110640,0.000144512,0.000133573,0.000133573,false
10.0,110648,0.000145365,Inf,Inf,false
10.0,110673,0.000144498,0.00012249,0.00012249,false
10.0,110676,0.000111603,8.90195e-5,8.90195e-5,false
10.0,110682,0.000100853,8.90153e-5,8.90153e-5,false
10.0,110683,0.000144666,Inf,Inf,false
10.0,110684,0.000144464,0.000111288,0.000111288,false
10.0,110685,0.000111543,7.79001e-5,7.79001e-5,false
10.0,110689,8.95989e-5,Inf,Inf,false
10.0,110706,0.000767628,0.000723013,0.000723013,false
10.0,110712,0.000144946,0.000122408,0.000122408,false
10.0,110720,0.000122451,0.000122239,0.000122239,false
10.0,110731,0.000778532,0.000778356,0.000778356,false
10.0,110748,0.000145323,0.000133968,0.000133968,false
10.0,110752,0.000111858,Inf,Inf,false
10.0,110757,0.00016741,0.000156018,0.000156018,false
10.0,110768,0.000789225,0.00077829,0.00077829,false
10.0,110788,0.000156284,0.00014506,0.00014506,false
10.0,110792,0.000156127,Inf,Inf,false
10.0,110794,0.000111491,0.000100738,0.000100738,false
10.0,110795,0.0001004,Inf,Inf,false
10.0,110798,0.000111184,0.000111154,0.000111154,false
10.0,110799,8.96825e-5,8.89807e-5,8.89807e-5,false
10.0,110801,7.84371e-5,Inf,Inf,false
10.0,110841,0.000134177,7.82872e-5,7.82872e-5,false
10.0,110844,7.86718e-5,5.65266e-5,5.65266e-5,false
10.0,110849,0.000100942,Inf,Inf,false
10.0,110851,0.00014487,0.000122605,0.000122605,false
10.0,110853,8.94131e-5,Inf,Inf,false
10.0,110854,0.000133862,Inf,Inf,false
10.0,110873,0.000323117,0.000266811,0.000266811,false
10.0,110881,0.000167127,0.000155626,0.000155626,false
10.0,110882,0.00018951,0.000177878,0.000177878,false
10.0,110888,0.000200181,0.00018988,0.00018988,false
10.0,110903,0.000400518,0.000378452,0.000378452,false
10.0,110905,0.00025601,0.000245374,0.000245374,false
10.0,110907,0.00014539,0.000134096,0.000134096,false
10.0,110916,0.000123133,0.000122876,0.000122876,false
10.0,110917,0.00016696,0.000156263,0.000156263,false
10.0,110945,0.000144654,0.000111715,0.000111715,false
10.0,110951,6.75708e-5,Inf,Inf,false
10.0,110954,0.000111236,0.000100699,0.000100699,false
10.0,110981,0.00013353,0.000111958,0.000111958,false
10.0,110984,0.000100295,7.86477e-5,7.86477e-5,false
10.0,110995,0.000789858,0.000789179,0.000789179,false
10.0,111013,6.71643e-5,Inf,Inf,false
10.0,111015,0.00020098,6.7508e-5,6.7508e-5,false
10.0,111016,0.000100378,Inf,Inf,false
10.0,111019,0.000177841,8.93773e-5,8.93773e-5,false
10.0,111020,0.000156126,Inf,Inf,false
10.0,111023,0.000122415,0.000111138,0.000111138,false
10.0,111027,0.000100945,Inf,Inf,false
10.0,111035,0.000755938,0.000755907,0.000755907,false
10.0,111058,0.000123139,Inf,Inf,false
10.0,111085,0.000345216,0.000323127,0.000323127,false
10.0,111088,7.85373e-5,7.81417e-5,7.81417e-5,false
10.0,111090,0.000188932,0.000156228,0.000156228,false
10.0,111093,0.000111801,0.000100316,0.000100316,false
10.0,111099,0.000211615,Inf,Inf,false
10.0,111100,0.000122243,Inf,Inf,false
10.0,111102,0.000122889,0.000122784,0.000122784,false
10.0,111103,0.000156511,0.000155988,0.000155988,false
10.0,111104,0.000167014,0.000134232,0.000134232,false
10.0,111106,5.59594e-5,Inf,Inf,false
10.0,111128,0.000177901,0.00015557,0.00015557,false
10.0,111130,7.79035e-5,Inf,Inf,false
10.0,111138,0.0001121,Inf,Inf,false
10.0,111140,0.000122468,0.00010005,0.00010005,false
10.0,111179,6.6713e-5,Inf,Inf,false
10.0,111180,0.000111592,Inf,Inf,false
10.0,111183,7.84827e-5,7.8219e-5,7.8219e-5,false
10.0,111187,0.000156071,6.76026e-5,6.76026e-5,false
10.0,111210,0.000433677,0.000423039,0.000423039,false
10.0,111220,0.000100432,Inf,Inf,false
10.0,111222,0.000133639,Inf,Inf,false
10.0,111238,0.000467014,0.000445403,0.000445403,false
10.0,111248,5.62302e-5,Inf,Inf,false
10.0,111249,0.000188915,0.000100145,0.000100145,false
10.0,111251,4.45514e-5,Inf,Inf,false
10.0,111256,0.000111949,Inf,Inf,false
10.0,111276,7.86928e-5,Inf,Inf,false
10.0,111281,0.000133996,0.000111968,0.000111968,false
10.0,111299,0.000478455,0.000422813,0.000422813,false
10.0,111304,0.000111876,7.80994e-5,7.80994e-5,false
10.0,111305,0.000189133,0.000145296,0.000145296,false
10.0,111308,0.000122527,Inf,Inf,false
10.0,111309,0.000111538,Inf,Inf,false
10.0,111314,0.00011188,Inf,Inf,false
10.0,111315,0.000166793,Inf,Inf,false
10.0,111319,0.000133741,0.000100699,0.000100699,false
10.0,111343,0.000233733,Inf,Inf,false
10.0,111344,0.000178073,0.000167396,0.000167396,false
10.0,111350,0.000111607,Inf,Inf,false
10.0,111354,0.00014503,0.000122605,0.000122605,false
10.0,111355,0.000178648,Inf,Inf,false
10.0,111359,0.000100998,0.000100247,0.000100247,false
10.0,111381,0.000178203,0.000122408,0.000122408,false
10.0,111386,0.000134299,Inf,Inf,false
10.0,111387,5.61188e-5,Inf,Inf,false
10.0,111393,0.000444522,0.000411853,0.000411853,false
10.0,111417,0.000200989,Inf,Inf,false
10.0,111418,0.000145288,0.000144506,0.000144506,false
10.0,111420,0.000189542,0.000122392,0.000122392,false
10.0,111422,8.92555e-5,Inf,Inf,false
10.0,111423,6.71899e-5,Inf,Inf,false
10.0,111425,0.00013349,0.000111164,0.000111164,false
10.0,111428,0.000111214,8.93007e-5,8.93007e-5,false
10.0,111430,0.000111337,8.90791e-5,8.90791e-5,false
10.0,111433,8.89742e-5,7.82525e-5,7.82525e-5,false
10.0,111437,0.000167193,0.000111272,0.000111272,false
10.0,111456,0.000300501,0.000267596,0.000267596,false
10.0,111466,0.000189202,0.000178474,0.000178474,false
10.0,111469,0.000122662,8.89613e-5,8.89613e-5,false
10.0,111488,0.000134226,0.000122701,0.000122701,false
10.0,111492,8.91029e-5,Inf,Inf,false
10.0,111514,8.96872e-5,Inf,Inf,false
10.0,111526,0.000255963,0.000244708,0.000244708,false
10.0,111549,0.000133379,Inf,Inf,false
10.0,111575,0.000212103,0.000200841,0.000200841,false
10.0,111582,8.89845e-5,Inf,Inf,false
10.0,111584,3.39033e-5,Inf,Inf,false
10.0,111585,0.000111134,0.000100819,0.000100819,false
10.0,111586,0.000133512,0.000122768,0.000122768,false
10.0,111591,8.90363e-5,Inf,Inf,false
10.0,111592,0.000111264,0.000100627,0.000100627,false
10.0,111593,0.000100321,Inf,Inf,false
10.0,111607,0.000189213,0.000177803,0.000177803,false
10.0,111609,0.000155748,0.000112056,0.000112056,false
10.0,111616,0.000133773,8.92633e-5,8.92633e-5,false
10.0,111626,4.44938e-5,Inf,Inf,false
10.0,111640,0.000189443,0.000156294,0.000156294,false
10.0,111644,0.000111529,Inf,Inf,false
10.0,111650,7.8431e-5,7.79047e-5,7.79047e-5,false
10.0,111653,0.000389486,0.000389267,0.000389267,false
10.0,111661,0.000456433,0.00044535,0.00044535,false
10.0,111669,0.000100058,8.90641e-5,8.90641e-5,false
10.0,111671,0.000122936,8.97673e-5,8.97673e-5,false
10.0,111673,7.86047e-5,Inf,Inf,false
10.0,111701,7.82034e-5,Inf,Inf,false
10.0,111702,0.000122424,0.000111968,0.000111968,false
10.0,111707,0.000166898,Inf,Inf,false
10.0,111708,0.000123147,Inf,Inf,false
10.0,111727,0.000123173,Inf,Inf,false
10.0,111730,0.00011155,Inf,Inf,false
10.0,111731,8.94112e-5,Inf,Inf,false
10.0,111733,0.000111752,0.000111571,0.000111571,false
10.0,111734,0.000100069,Inf,Inf,false
10.0,111735,0.00012314,0.000122543,0.000122543,false
10.0,111751,0.000212103,0.000178309,0.000178309,false
10.0,111753,0.000111769,Inf,Inf,false
10.0,111759,0.00013363,0.000133524,0.000133524,false
10.0,111762,0.000145264,0.000100833,0.000100833,false
10.0,111763,0.000156536,0.00011192,0.00011192,false
10.0,111766,0.00012312,Inf,Inf,false
10.0,111767,8.97503e-5,8.92586e-5,8.92586e-5,false
10.0,111770,0.000422635,0.000400858,0.000400858,false
10.0,111788,0.00017875,0.000166818,0.000166818,false
10.0,111790,0.000122858,0.000122427,0.000122427,false
10.0,111791,0.000100289,Inf,Inf,false
10.0,111792,8.98443e-5,Inf,Inf,false
10.0,111797,0.000200168,0.000156055,0.000156055,false
10.0,111801,0.000133798,0.000122448,0.000122448,false
10.0,111821,0.000123118,0.000111724,0.000111724,false
10.0,111825,0.000144865,0.000111909,0.000111909,false
10.0,111826,0.000133347,Inf,Inf,false
10.0,111829,0.000122288,Inf,Inf,false
10.0,111835,0.000133478,0.000111537,0.000111537,false
10.0,111838,0.0001229,0.000100755,0.000100755,false
10.0,111840,0.000256267,0.000256237,0.000256237,false
10.0,111844,0.00041205,0.000411536,0.000411536,false
10.0,111862,0.000111766,0.000100913,0.000100913,false
10.0,111866,8.90422e-5,6.70862e-5,6.70862e-5,false
10.0,111869,0.00018972,0.000189203,0.000189203,false
10.0,111896,0.000134012,0.000133524,0.000133524,false
10.0,111902,0.000156171,0.000145388,0.000145388,false
10.0,111904,8.9592e-5,Inf,Inf,false
10.0,111905,0.000267663,0.000256067,0.000256067,false
10.0,111919,0.000156444,0.000144642,0.000144642,false
10.0,111929,0.000100732,8.96695e-5,8.96695e-5,false
10.0,111946,0.000188945,Inf,Inf,false
10.0,111947,3.38053e-5,Inf,Inf,false
10.0,111948,0.000166871,Inf,8.93976e-5,true
10.0,111950,0.000167027,Inf,Inf,false
10.0,111951,0.000166698,Inf,Inf,false
10.0,111952,0.000111652,Inf,Inf,false
10.0,111955,0.000100732,7.82836e-5,7.82836e-5,false
10.0,111956,4.49633e-5,Inf,Inf,false
10.0,111957,3.42848e-5,Inf,Inf,false
10.0,111972,0.000177934,0.000156543,0.000156543,false
10.0,111975,8.96076e-5,Inf,Inf,false
10.0,111979,7.77957e-5,Inf,Inf,false
10.0,111985,7.8287e-5,7.80994e-5,7.80994e-5,false
10.0,112005,0.000311904,0.000278684,0.000278684,false
10.0,112007,0.000167468,0.000144858,0.000144858,false
10.0,112011,0.000111775,Inf,Inf,false
10.0,112013,8.97571e-5,Inf,Inf,false
10.0,112014,0.000111351,Inf,Inf,false
10.0,112030,8.92288e-5,7.86287e-5,7.86287e-5,false
10.0,112034,0.00010002,8.9086e-5,8.9086e-5,false
10.0,112042,6.71039e-5,Inf,Inf,false
10.0,112043,0.000123037,Inf,Inf,false
10.0,112044,0.000123018,0.000111431,0.000111431,false
10.0,112059,0.000156153,0.000134184,0.000134184,false
10.0,112062,0.000133383,0.000100759,0.000100759,false
10.0,112064,0.000145294,0.000145206,0.000145206,false
10.0,112065,0.000144514,0.000122395,0.000122395,false
10.0,112076,0.000423105,0.000388952,0.000388952,false
10.0,112080,0.000266909,0.000244728,0.000244728,false
10.0,112086,0.000122726,0.000111714,0.000111714,false
10.0,112107,0.000434189,0.000411684,0.000411684,false
10.0,112123,8.96689e-5,8.95495e-5,8.95495e-5,false
10.0,112136,0.000233942,0.000200268,0.000200268,false
10.0,112143,0.00012304,0.000111741,0.000111741,false
10.0,112145,0.0001448,0.000100117,0.000100117,false
10.0,112157,4.49539e-5,Inf,Inf,false
10.0,112158,0.000122434,0.000111879,0.000111879,false
10.0,112169,0.000134081,Inf,Inf,false
10.0,112172,0.000155649,0.000145181,0.000145181,false
10.0,112179,0.000111498,0.000100027,0.000100027,false
10.0,112180,0.000144827,0.000111537,0.000111537,false
10.0,112199,0.000177925,0.000156477,0.000156477,false
10.0,112205,8.96973e-5,8.96917e-5,8.96917e-5,false
10.0,112208,4.49092e-5,Inf,Inf,false
10.0,112227,0.000200905,0.000167161,0.000167161,false
10.0,112231,0.000123048,0.000122541,0.000122541,false
10.0,112235,0.000112019,0.000111571,0.000111571,false
10.0,112261,8.89544e-5,7.78137e-5,7.78137e-5,false
10.0,112266,0.000155692,0.000133811,0.000133811,false
10.0,112268,0.000134186,0.000133641,0.000133641,false
10.0,112271,0.000112091,8.90331e-5,8.90331e-5,false
10.0,112285,0.000233931,0.000211513,0.000211513,false
10.0,112286,0.00011177,0.000111216,0.000111216,false
10.0,112287,0.000100614,Inf,Inf,false
10.0,112288,0.000111292,Inf,Inf,false
10.0,112299,0.000111287,0.000100965,0.000100965,false
10.0,112301,7.8332e-5,Inf,Inf,false
10.0,112317,0.000211526,0.000200794,0.000200794,false
10.0,112326,0.000178526,Inf,Inf,false
10.0,112330,6.72635e-5,5.63459e-5,5.63459e-5,false
10.0,112331,0.00020032,Inf,Inf,false
10.0,112351,0.000144925,0.000122331,0.000122331,false
10.0,112358,5.63319e-5,Inf,Inf,false
10.0,112360,0.000100843,Inf,Inf,false
10.0,112371,0.000111924,Inf,Inf,false
10.0,112374,0.000111573,Inf,Inf,false
10.0,112376,0.000122626,Inf,Inf,false
10.0,112377,0.000122441,Inf,Inf,false
10.0,112379,0.000100798,8.95423e-5,8.95423e-5,false
10.0,112387,0.000300298,0.000244806,0.000244806,false
10.0,112395,0.000122813,Inf,Inf,false
10.0,112400,3.3715e-5,Inf,Inf,false
10.0,112403,0.000156214,0.000144723,0.000144723,false
10.0,112407,0.000134143,0.000100287,0.000100287,false
10.0,112413,0.000311997,0.000278571,0.000278571,false
10.0,112414,0.000289694,0.000278041,0.000278041,false
10.0,112420,8.91009e-5,7.8123e-5,7.8123e-5,false
10.0,112421,0.000144816,0.000144632,0.000144632,false
10.0,112422,0.000111696,0.000111349,0.000111349,false
10.0,112424,0.000144756,8.93976e-5,0.000111622,true
10.0,112427,0.000156426,Inf,Inf,false
10.0,112437,0.000234132,0.000178042,0.000178042,false
10.0,112438,0.000111354,0.000100104,0.000100104,false
10.0,112440,0.000111562,0.000100228,0.000100228,false
10.0,112445,0.000200713,Inf,Inf,false
10.0,112448,0.000111945,0.000100783,0.000100783,false
10.0,112464,0.000155657,0.000144732,0.000144732,false
10.0,112465,0.000145296,0.000144458,0.000144458,false
10.0,112467,0.000177794,0.000167161,0.000167161,false
10.0,112484,0.000222958,0.000178501,0.000178501,false
10.0,112487,0.000189771,0.000189302,0.000189302,false
10.0,112493,0.00011195,0.0001009,0.0001009,false
10.0,112494,0.000111495,0.000111397,0.000111397,false
10.0,112497,0.00011199,0.000111878,0.000111878,false
10.0,112518,0.00012274,Inf,Inf,false
10.0,112520,0.000145077,0.000111517,0.000111517,false
10.0,112521,7.80848e-5,Inf,Inf,false
10.0,112522,7.87762e-5,Inf,Inf,false
10.0,112536,0.000134003,8.93535e-5,8.93535e-5,false
10.0,112540,0.000211782,Inf,Inf,false
10.0,112544,0.000111451,Inf,Inf,false
10.0,112554,0.000367426,0.000367069,0.000367069,false
10.0,112564,4.52551e-5,Inf,Inf,false
10.0,112565,0.000111116,Inf,Inf,false
10.0,112570,0.000111546,8.8902e-5,8.8902e-5,false
10.0,112572,0.000166746,0.000111766,0.000111766,false
10.0,112573,0.000100946,Inf,Inf,false
10.0,112584,8.98419e-5,6.69242e-5,6.69242e-5,false
10.0,112585,0.000111974,0.00011162,0.00011162,false
10.0,112587,0.000156293,Inf,Inf,false
10.0,112595,0.000388905,0.000378655,0.000378655,false
10.0,112598,0.000289385,0.000267257,0.000267257,false
10.0,112607,0.000100571,Inf,Inf,false
10.0,112608,0.000100535,Inf,Inf,false
10.0,112612,0.000145341,6.72335e-5,6.72335e-5,false
10.0,112622,0.000100627,0.000100611,0.000100611,false
10.0,112625,0.000100406,Inf,Inf,false
10.0,112631,6.76464e-5,Inf,Inf,false
10.0,112634,0.00010076,8.97789e-5,8.97789e-5,false
10.0,112637,0.000123182,0.000100309,0.000100309,false
10.0,112646,0.000322275,0.000278146,0.000278146,false
10.0,112653,8.89916e-5,Inf,Inf,false
10.0,112654,0.000145308,0.000133334,0.000133334,false
10.0,112674,0.000156552,0.000144526,0.000144526,false
10.0,112678,0.000111819,Inf,Inf,false
10.0,112681,0.000133517,0.000111622,0.000111622,false
10.0,112691,0.000100977,Inf,Inf,false
10.0,112692,0.000145105,0.000144866,0.000144866,false
10.0,112701,0.000234284,0.000222549,0.000222549,false
10.0,112706,0.000178298,0.000156165,0.000156165,false
10.0,112723,0.000111822,Inf,Inf,false
10.0,112731,0.000289674,0.000278571,0.000278571,false
10.0,112738,5.61306e-5,Inf,Inf,false
10.0,112739,0.000189054,Inf,Inf,false
10.0,112742,0.000111167,Inf,Inf,false
10.0,112744,0.000167662,0.000122569,0.000122569,false
10.0,112747,7.7985e-5,Inf,Inf,false
10.0,112748,8.89183e-5,Inf,Inf,false
10.0,112749,0.000133568,0.000100998,0.000100998,false
10.0,112766,0.00013395,0.000100104,0.000100104,false
10.0,112768,0.000156355,Inf,Inf,false
10.0,112775,0.000111703,7.82562e-5,7.82562e-5,false
10.0,112779,4.48077e-5,Inf,Inf,false
10.0,112780,7.82342e-5,Inf,Inf,false
10.0,112785,0.000178012,Inf,Inf,false
10.0,112789,0.000211635,0.000200731,0.000200731,false
10.0,112790,0.000333759,0.000323104,0.000323104,false
10.0,112802,0.000145007,0.000112076,0.000112076,false
10.0,112803,0.000144853,8.90149e-5,8.90149e-5,false
10.0,112809,0.000189689,Inf,Inf,false
10.0,112812,0.000200882,0.000189677,0.000189677,false
10.0,112813,0.000100633,Inf,Inf,false
10.0,112817,0.000134313,0.000123026,0.000123026,false
10.0,112818,8.98889e-5,Inf,Inf,false
10.0,112820,8.93924e-5,Inf,Inf,false
10.0,112829,0.00021171,0.000155922,0.000155922,false
10.0,112830,0.000167488,7.83607e-5,7.83607e-5,false
10.0,112833,0.000122606,8.9779e-5,8.9779e-5,false
10.0,112835,8.97865e-5,6.73532e-5,6.73532e-5,false
10.0,112841,0.000145358,0.000123061,0.000123061,false
10.0,112842,8.92949e-5,8.90037e-5,8.90037e-5,false
10.0,112858,0.000111787,8.92937e-5,8.92937e-5,false
10.0,112865,0.000100161,Inf,Inf,false
10.0,112867,0.00014475,0.000144629,0.000144629,false
10.0,112869,0.000177913,0.000122365,0.000122365,false
10.0,112873,0.000155954,0.000145431,0.000145431,false
10.0,112887,5.58742e-5,Inf,Inf,false
10.0,112896,0.000389454,0.000356392,0.000356392,false
10.0,112905,0.000178405,0.000122381,0.000122381,false
10.0,112907,7.81074e-5,7.80863e-5,7.80863e-5,false
10.0,112911,0.000178578,0.000167368,0.000167368,false
10.0,112915,0.000389424,0.000367057,0.000367057,false
10.0,112917,0.0003004,0.000289511,0.000289511,false
10.0,112925,0.000156314,0.000133799,0.000133799,false
10.0,112926,0.000133508,0.000122683,0.000122683,false
10.0,112930,5.57767e-5,Inf,Inf,false
10.0,112932,4.49112e-5,Inf,Inf,false
10.0,112933,5.61127e-5,5.60948e-5,5.60948e-5,false
10.0,112938,0.000145282,8.94159e-5,8.94159e-5,false
10.0,112950,0.000134089,0.0001002,0.0001002,false
10.0,112953,0.000111874,8.93535e-5,8.93535e-5,false
10.0,112954,8.96956e-5,6.74969e-5,6.74969e-5,false
10.0,112957,0.000245426,Inf,Inf,false
10.0,112959,8.93307e-5,7.79225e-5,7.79225e-5,false
10.0,112967,0.00014492,0.00013383,0.00013383,false
10.0,112969,0.00012284,Inf,Inf,false
10.0,112973,0.000189766,Inf,Inf,false
10.0,112986,0.000111445,Inf,Inf,false
10.0,112995,0.000156428,Inf,Inf,false
10.0,112997,0.00010032,8.93464e-5,8.93464e-5,false
10.0,112998,4.47922e-5,Inf,Inf,false
10.0,112999,0.000111487,Inf,Inf,false
10.0,113015,0.000200275,0.000145214,0.000145214,false
10.0,113017,0.000156526,0.000122701,0.000122701,false
10.0,113021,8.92371e-5,5.62378e-5,5.62378e-5,false
10.0,113029,0.000145062,Inf,Inf,false
10.0,113030,7.85621e-5,Inf,Inf,false
10.0,113039,0.000123119,Inf,Inf,false
10.0,113040,0.000100957,7.78621e-5,7.78621e-5,false
10.0,113041,0.000145058,Inf,Inf,false
10.0,113046,0.00017849,Inf,Inf,false
10.0,113055,4.48611e-5,Inf,Inf,false
10.0,113061,0.000222832,0.000200107,0.000200107,false
10.0,113072,0.000100071,Inf,Inf,false
10.0,113073,5.57895e-5,Inf,Inf,false
10.0,113078,0.000144585,Inf,Inf,false
10.0,113079,0.00016701,0.000145104,0.000145104,false
10.0,113082,7.79783e-5,Inf,Inf,false
10.0,113088,0.000156537,0.000112029,0.000112029,false
10.0,113096,0.000267064,0.000266992,0.000266992,false
10.0,113098,0.000256407,0.00016681,0.00016681,false
10.0,113102,0.000111611,Inf,Inf,false
10.0,113104,0.000123109,7.79166e-5,7.79166e-5,false
10.0,113111,7.84054e-5,5.58546e-5,5.58546e-5,false
10.0,113115,7.83432e-5,6.69639e-5,6.69639e-5,false
10.0,113116,5.57451e-5,Inf,Inf,false
10.0,113119,0.000122393,0.000122266,0.000122266,false
10.0,113120,0.000145127,0.000122689,0.000122689,false
10.0,113121,0.000100013,Inf,Inf,false
10.0,113127,0.000111356,0.000100437,0.000100437,false
10.0,113128,5.64946e-5,Inf,Inf,false
10.0,113131,6.66994e-5,Inf,Inf,false
10.0,113135,4.44485e-5,Inf,Inf,false
10.0,113141,8.96161e-5,Inf,Inf,false
10.0,113142,0.000123179,0.00010057,0.00010057,false
10.0,113149,5.64485e-5,Inf,Inf,false
10.0,113150,7.85989e-5,Inf,Inf,false
10.0,113153,2.23378e-5,Inf,Inf,false
10.0,113154,8.92619e-5,Inf,Inf,false
10.0,113156,0.000122641,0.000111942,0.000111942,false
10.0,113158,0.000123219,0.000122266,0.000122266,false
10.0,113159,0.000144802,Inf,Inf,false
10.0,113161,0.000145156,0.000122678,0.000122678,false
10.0,113168,0.000166756,0.000122443,0.000122443,false
10.0,113170,0.00012266,Inf,Inf,false
10.0,113175,8.98442e-5,7.80156e-5,7.80156e-5,false
10.0,113177,0.000167113,0.000134202,0.000134202,false
10.0,113192,7.84834e-5,Inf,Inf,false
10.0,113193,0.000234043,0.000178044,0.000178044,false
10.0,113199,0.000144831,0.000134291,0.000134291,false
10.0,113200,0.000145007,0.000111326,0.000111326,false
10.0,113202,8.93096e-5,Inf,Inf,false
10.0,113212,6.67119e-5,Inf,Inf,false
10.0,113213,7.84391e-5,Inf,Inf,false
10.0,113217,7.81849e-5,Inf,Inf,false
10.0,113219,0.000133412,0.000123027,0.000123027,false
10.0,113222,0.000111842,7.82044e-5,7.82044e-5,false
10.0,113231,8.92005e-5,5.61224e-5,5.61224e-5,false
10.0,113234,5.59239e-5,Inf,Inf,false
10.0,113239,0.000100886,Inf,Inf,false
10.0,113240,0.000123221,Inf,Inf,false
10.0,113242,6.67173e-5,Inf,Inf,false
10.0,113256,0.000144482,0.000122753,0.000122753,false
10.0,113264,8.9335e-5,8.90683e-5,8.90683e-5,false
10.0,113266,7.82662e-5,Inf,Inf,false
10.0,113274,0.000123112,0.000100443,0.000100443,false
10.0,113276,8.97927e-5,Inf,Inf,false
10.0,113278,0.000100816,8.92987e-5,8.92987e-5,false
10.0,113284,0.000144698,0.000134292,0.000134292,false
10.0,113289,0.000189771,0.000156057,0.000156057,false
10.0,113290,0.000200079,0.000178653,0.000178653,false
10.0,113303,0.000222639,0.000211743,0.000211743,false
10.0,113306,7.87358e-5,7.84807e-5,7.84807e-5,false
10.0,113308,0.000134083,0.000100374,0.000100374,false
10.0,113309,0.00015633,0.000145184,0.000145184,false
10.0,113310,0.000133444,Inf,Inf,false
10.0,113317,0.000211696,0.00017872,0.00017872,false
10.0,113323,0.000122335,Inf,Inf,false
10.0,113324,6.74107e-5,5.58594e-5,5.58594e-5,false
10.0,113325,0.000200598,0.000189665,0.000189665,false
10.0,113327,0.000111499,Inf,Inf,false
10.0,113330,0.000156435,0.000100338,0.000100338,false
10.0,113332,0.000178574,0.000122729,0.000122729,false
10.0,113339,5.57508e-5,Inf,Inf,false
10.0,113340,8.97769e-5,Inf,Inf,false
10.0,113341,8.95697e-5,Inf,Inf,false
10.0,113350,0.000222714,0.000200218,0.000200218,false
10.0,113357,0.000122445,8.97559e-5,8.97559e-5,false
10.0,113359,7.85525e-5,5.62378e-5,5.62378e-5,false
10.0,113364,0.00016698,Inf,Inf,false
10.0,113369,0.000122847,0.000111412,0.000111412,false
10.0,113371,0.000222894,0.000200529,0.000200529,false
10.0,113378,0.0001672,Inf,Inf,false
10.0,113379,6.75587e-5,Inf,Inf,false
10.0,113382,8.96851e-5,Inf,Inf,false
10.0,113385,0.000145258,0.000123053,0.000123053,false
10.0,113387,0.000166712,0.000122975,0.000122975,false
10.0,113389,0.000122396,0.000111173,0.000111173,false
10.0,113393,0.000322556,0.000311979,0.000311979,false
10.0,113395,0.000189471,0.000178184,0.000178184,false
10.0,113397,0.000145384,0.000100176,0.000100176,false
10.0,113402,7.82363e-5,6.72088e-5,6.72088e-5,false
10.0,113405,0.000123184,0.000100048,0.000100048,false
10.0,113410,0.000178022,0.000155589,0.000155589,false
10.0,113412,7.83424e-5,Inf,Inf,false
10.0,113422,4.53961e-5,Inf,Inf,false
10.0,113427,0.000133837,0.000112034,0.000112034,false
10.0,113433,0.000134083,0.000112029,0.000112029,false
10.0,113435,0.000144634,Inf,Inf,false
10.0,113437,0.000122438,Inf,Inf,false
10.0,113450,6.72359e-5,6.66728e-5,6.66728e-5,false
10.0,113468,0.000234231,0.000100094,0.000100094,false
10.0,113472,4.48211e-5,Inf,Inf,false
10.0,113475,0.000133536,0.000112104,0.000112104,false
10.0,113478,0.000100883,0.00010058,0.00010058,false
10.0,113479,8.91772e-5,Inf,Inf,false
10.0,113480,0.000122782,0.000100358,0.000100358,false
10.0,113482,0.000122356,0.000111412,0.000111412,false
10.0,113493,0.000123159,0.000111956,0.000111956,false
10.0,113495,0.000155618,0.000134315,0.000134315,false
10.0,113499,0.000100518,7.82044e-5,7.82044e-5,false
10.0,113508,0.000122959,7.81076e-5,7.81076e-5,false
10.0,113511,0.000166962,0.000100322,0.000100322,false
10.0,113514,0.000112099,8.91366e-5,8.91366e-5,false
10.0,113518,0.000100911,Inf,Inf,false
10.0,113520,0.000100772,Inf,Inf,false
10.0,113531,0.000189146,0.000144448,0.000144448,false
10.0,113532,0.00011182,8.9715e-5,8.9715e-5,false
10.0,113537,7.83785e-5,Inf,Inf,false
10.0,113540,0.00013409,7.86349e-5,7.86349e-5,false
10.0,113542,0.000134129,Inf,Inf,false
10.0,113545,0.000100783,Inf,Inf,false
10.0,113546,0.000100945,0.000100759,0.000100759,false
10.0,113547,0.000178006,0.000167127,0.000167127,false
10.0,113563,0.000145073,Inf,Inf,false
10.0,113571,0.000134148,Inf,Inf,false
10.0,113573,8.94903e-5,8.93314e-5,8.93314e-5,false
10.0,113587,0.000100472,Inf,Inf,false
10.0,113588,6.67871e-5,5.64695e-5,5.64695e-5,false
10.0,113589,0.000122448,8.89944e-5,8.89944e-5,false
10.0,113592,0.000200149,0.000166718,0.000166718,false
10.0,113596,0.000145375,Inf,Inf,false
10.0,113599,0.0001121,0.000111187,0.000111187,false
10.0,113600,5.63341e-5,Inf,Inf,false
10.0,113603,0.000100782,7.87442e-5,7.87442e-5,false
10.0,113619,0.000189497,0.000189027,0.000189027,false
10.0,113620,8.9161e-5,Inf,Inf,false
10.0,113621,0.000122807,Inf,Inf,false
10.0,113623,6.70874e-5,Inf,Inf,false
10.0,113627,0.000134322,8.95729e-5,8.95729e-5,false
10.0,113630,0.000100978,8.97023e-5,8.97023e-5,false
10.0,113633,0.000134114,Inf,Inf,false
10.0,113635,7.8097e-5,Inf,Inf,false
10.0,113640,0.00021158,0.000200327,0.000200327,false
10.0,113642,4.53975e-5,Inf,Inf,false
10.0,113655,0.000134061,0.000134043,0.000134043,false
10.0,113656,0.000133386,Inf,Inf,false
10.0,113659,0.000189132,0.000155606,0.000155606,false
10.0,113661,0.000189583,0.000166871,0.000166871,false
10.0,113663,0.000122346,Inf,Inf,false
10.0,113672,0.000123152,0.000100596,0.000100596,false
10.0,113675,0.000145367,0.000133815,0.000133815,false
10.0,113679,0.000133934,0.000133407,0.000133407,false
10.0,113680,0.000133946,Inf,Inf,false
10.0,113689,0.000111837,0.000111169,0.000111169,false
10.0,113694,7.83638e-5,Inf,Inf,false
10.0,113696,6.73688e-5,Inf,Inf,false
10.0,113697,0.000100029,8.93538e-5,8.93538e-5,false
10.0,113706,0.000189321,0.000178047,0.000178047,false
10.0,113721,0.00017815,0.000144848,0.000144848,false
10.0,113725,0.000145272,Inf,Inf,false
10.0,113728,0.000123078,Inf,Inf,false
10.0,113739,0.000156444,0.000156076,0.000156076,false
10.0,113742,0.00012238,Inf,Inf,false
10.0,113743,0.000144988,0.000123145,0.000123145,false
10.0,113750,0.000156308,Inf,Inf,false
10.0,113754,0.000100261,8.98534e-5,8.98534e-5,false
10.0,113755,0.000111545,8.93687e-5,8.93687e-5,false
10.0,113757,8.97511e-5,Inf,Inf,false
10.0,113766,0.000145282,Inf,Inf,false
10.0,113767,8.91209e-5,Inf,Inf,false
10.0,113769,0.00010071,Inf,Inf,false
10.0,113771,0.000122874,Inf,Inf,false
10.0,113775,0.000100236,Inf,Inf,false
10.0,113779,8.91461e-5,8.89405e-5,8.89405e-5,false
10.0,113781,0.000134296,0.00013398,0.00013398,false
10.0,113782,0.000123035,0.000111687,0.000111687,false
10.0,113783,0.000156127,Inf,Inf,false
10.0,113784,0.000156513,0.000122247,0.000122247,false
10.0,113791,8.94208e-5,Inf,Inf,false
10.0,113793,0.00017835,0.000100047,0.000100047,false
10.0,113801,0.000133839,8.91366e-5,8.91366e-5,false
10.0,113804,0.000100784,8.95948e-5,8.95948e-5,false
10.0,113806,7.84479e-5,Inf,Inf,false
10.0,113808,0.000122438,0.000100067,0.000100067,false
10.0,113810,0.000100029,7.84503e-5,7.84503e-5,false
10.0,113813,0.000178619,0.00017845,0.00017845,false
10.0,113815,7.85784e-5,6.76543e-5,6.76543e-5,false
10.0,113816,0.00014536,0.000111489,0.000111489,false
10.0,113819,6.75182e-5,6.67662e-5,6.67662e-5,false
10.0,113820,4.47382e-5,Inf,Inf,false
10.0,113821,6.67047e-5,5.65305e-5,5.65305e-5,false
10.0,113827,0.000178021,0.000156502,0.000156502,false
10.0,113829,0.000100985,0.00010078,0.00010078,false
10.0,113830,0.000133646,0.000123206,0.000123206,false
10.0,113832,0.000178268,Inf,Inf,false
10.0,113834,0.000111612,8.95328e-5,8.95328e-5,false
10.0,113859,8.98599e-5,Inf,Inf,false
10.0,113863,0.00014497,Inf,Inf,false
10.0,113869,0.000178625,Inf,Inf,false
10.0,113881,0.000200357,0.000133791,0.000133791,false
10.0,113882,7.84265e-5,7.83209e-5,7.83209e-5,false
10.0,113896,0.000122746,0.000100527,0.000100527,false
10.0,113898,0.000133825,0.000133438,0.000133438,false
10.0,113900,8.92483e-5,7.8012e-5,7.8012e-5,false
10.0,113909,0.000189684,Inf,Inf,false
10.0,113912,8.90405e-5,Inf,Inf,false
10.0,113913,7.8391e-5,Inf,Inf,false
10.0,113914,0.000211688,Inf,Inf,false
10.0,113919,0.000111974,0.000100062,0.000100062,false
10.0,113930,5.57938e-5,Inf,Inf,false
10.0,113932,0.000133966,0.000133779,0.000133779,false
10.0,113934,0.000100913,Inf,Inf,false
10.0,113939,0.000100895,Inf,Inf,false
10.0,113940,8.97189e-5,8.94009e-5,8.94009e-5,false
10.0,113943,0.000134315,8.94397e-5,8.94397e-5,false
10.0,113946,0.000156113,0.000134279,0.000134279,false
10.0,113947,0.000211743,0.000189119,0.000189119,false
10.0,113949,6.67747e-5,Inf,Inf,false
10.0,113951,0.00012225,0.000100004,0.000100004,false
10.0,113953,0.000156097,8.90126e-5,8.90126e-5,false
10.0,113961,7.81054e-5,Inf,Inf,false
10.0,113962,0.000133535,Inf,Inf,false
10.0,113966,0.000100197,Inf,Inf,false
10.0,113971,0.000178757,Inf,Inf,false
10.0,113973,7.86544e-5,Inf,Inf,false
10.0,113976,4.54283e-5,Inf,Inf,false
10.0,113977,5.60735e-5,Inf,Inf,false
10.0,113981,0.000111999,Inf,Inf,false
10.0,113985,5.61346e-5,Inf,Inf,false
10.0,113986,8.92047e-5,Inf,Inf,false
10.0,113988,0.000122835,Inf,Inf,false
10.0,113990,0.000122523,8.8927e-5,8.8927e-5,false
10.0,113993,6.7169e-5,Inf,Inf,false
10.0,113995,5.58508e-5,Inf,Inf,false
10.0,113996,0.000122838,Inf,Inf,false
10.0,114004,0.000123192,Inf,Inf,false
10.0,114007,0.000123176,0.000122445,0.000122445,false
10.0,114012,0.000178731,Inf,Inf,false
10.0,114015,0.000100383,Inf,Inf,false
10.0,114016,0.000178407,0.000145052,0.000145052,false
10.0,114017,0.000100395,Inf,Inf,false
10.0,114018,0.000155668,0.000144715,0.000144715,false
10.0,114021,0.00016708,0.000156428,0.000156428,false
10.0,114024,0.000123138,0.000100529,0.000100529,false
10.0,114027,0.000189421,0.00017845,0.00017845,false
10.0,114030,0.000111408,7.81036e-5,7.81036e-5,false
10.0,114032,0.000100667,Inf,Inf,false
10.0,114036,0.000178524,Inf,Inf,false
10.0,114037,0.000100908,5.62152e-5,5.62152e-5,false
10.0,114043,0.000167594,0.000155949,0.000155949,false
10.0,114048,7.80698e-5,Inf,Inf,false
10.0,114052,0.000111947,Inf,Inf,false
10.0,114053,0.00012262,0.000111382,0.000111382,false
10.0,114056,0.000133462,0.000133413,0.000133413,false
10.0,114060,0.000144472,0.000134225,0.000134225,false
10.0,114061,0.000133914,0.000122913,0.000122913,false
10.0,114063,0.000189584,Inf,Inf,false
10.0,114066,0.000100332,7.87467e-5,7.87467e-5,false
10.0,114067,0.000133702,0.000122773,0.000122773,false
10.0,114068,0.000145301,Inf,Inf,false
10.0,114078,0.000200887,0.000178124,0.000178124,false
10.0,114083,5.5881e-5,Inf,Inf,false
10.0,114092,0.000112053,0.000111625,0.000111625,false
10.0,114098,0.000123156,0.000122793,0.000122793,false
10.0,114103,0.000111606,0.000100813,0.000100813,false
10.0,114107,0.000122701,0.00010066,0.00010066,false
10.0,114108,6.76417e-5,Inf,Inf,false
10.0,114110,0.000100823,6.70276e-5,6.70276e-5,false
10.0,114115,0.000122905,Inf,Inf,false
10.0,114125,0.000156173,7.854e-5,7.854e-5,false
10.0,114129,0.000134001,0.000100593,0.000100593,false
10.0,114131,0.000122905,Inf,Inf,false
10.0,114137,0.000123025,Inf,Inf,false
10.0,114145,7.82584e-5,Inf,Inf,false
10.0,114148,4.47922e-5,Inf,Inf,false
10.0,114152,0.000111499,Inf,Inf,false
10.0,114153,0.000133797,0.000111857,0.000111857,false
10.0,114157,0.000189369,Inf,Inf,false
10.0,114158,0.000122893,0.000122448,0.000122448,false
10.0,114160,0.000189037,Inf,Inf,false
10.0,114167,0.000144902,0.000133825,0.000133825,false
10.0,114168,0.000100933,6.74351e-5,6.74351e-5,false
10.0,114170,7.84618e-5,7.78277e-5,7.78277e-5,false
10.0,114172,6.76303e-5,Inf,Inf,false
10.0,114177,0.000155913,0.000134001,0.000134001,false
10.0,114180,0.000123071,Inf,Inf,false
10.0,114182,0.00011189,Inf,Inf,false
10.0,114183,0.000111348,8.92875e-5,8.92875e-5,false
10.0,114186,0.000122257,0.000100365,0.000100365,false
10.0,114188,0.000100005,6.68189e-5,6.68189e-5,false
10.0,114192,8.94576e-5,8.89879e-5,8.89879e-5,false
10.0,114195,7.85532e-5,Inf,Inf,false
10.0,114196,0.000144568,0.00011112,0.00011112,false
10.0,114197,0.000189583,Inf,Inf,false
10.0,114200,0.000189879,Inf,Inf,false
10.0,114203,6.76207e-5,6.68469e-5,6.68469e-5,false
10.0,114206,0.000123066,Inf,Inf,false
10.0,114207,0.00012237,0.000111242,0.000111242,false
10.0,114208,8.95115e-5,7.83942e-5,7.83942e-5,false
10.0,114214,0.00011182,Inf,Inf,false
10.0,114217,0.000145188,0.000145043,0.000145043,false
10.0,114220,0.000156004,6.72928e-5,6.72928e-5,false
10.0,114223,0.000122239,Inf,Inf,false
10.0,114224,0.000122914,Inf,Inf,false
10.0,114226,0.000211904,Inf,Inf,false
10.0,114229,0.000133359,6.69467e-5,6.69467e-5,false
10.0,114233,0.000100176,Inf,Inf,false
10.0,114234,0.000111804,Inf,Inf,false
10.0,114237,7.83148e-5,Inf,Inf,false
10.0,114241,0.000156288,Inf,Inf,false
10.0,114244,0.000100862,Inf,Inf,false
10.0,114250,7.79535e-5,Inf,Inf,false
10.0,114252,0.000156531,Inf,Inf,false
10.0,114253,0.000145434,0.000134225,0.000134225,false
10.0,114257,0.000133578,0.00011136,0.00011136,false
10.0,114263,0.000133546,Inf,Inf,false
10.0,114269,8.97186e-5,Inf,Inf,false
10.0,114271,0.000122503,8.89733e-5,8.89733e-5,false
10.0,114283,0.000189763,0.000178465,0.000178465,false
10.0,114287,4.45931e-5,Inf,Inf,false
10.0,114288,0.000123154,0.00012267,0.00012267,false
10.0,114289,0.000155579,Inf,Inf,false
10.0,114290,7.87186e-5,Inf,Inf,false
10.0,114292,0.000144821,0.000123012,0.000123012,false
10.0,114293,6.71385e-5,Inf,Inf,false
10.0,114295,6.75718e-5,Inf,Inf,false
10.0,114298,0.000134209,0.000123113,0.000123113,false
10.0,114302,0.000111848,Inf,Inf,false
10.0,114306,0.000122901,Inf,Inf,false
10.0,114307,8.918e-5,Inf,Inf,false
10.0,114308,7.81416e-5,Inf,Inf,false
10.0,114309,0.000133952,Inf,Inf,false
10.0,114314,7.79139e-5,5.58273e-5,5.58273e-5,false
10.0,114318,0.000167655,0.000167415,0.000167415,false
10.0,114319,7.87235e-5,Inf,Inf,false
10.0,114329,0.000145302,0.000144617,0.000144617,false
10.0,114330,0.000156109,Inf,Inf,false
10.0,114331,7.78974e-5,Inf,Inf,false
10.0,114344,0.000134286,Inf,Inf,false
10.0,114345,8.96833e-5,Inf,Inf,false
10.0,114347,6.7633e-5,Inf,Inf,false
10.0,114348,0.000144916,0.00014488,0.00014488,false
10.0,114358,0.00017844,0.000167584,0.000167584,false
10.0,114359,8.89391e-5,6.6869e-5,6.6869e-5,false
10.0,114361,8.91041e-5,Inf,Inf,false
10.0,114363,8.97435e-5,Inf,Inf,false
10.0,114375,5.57695e-5,Inf,Inf,false
10.0,114377,0.000112037,0.000111788,0.000111788,false
10.0,114390,6.74926e-5,Inf,Inf,false
10.0,114391,8.94884e-5,Inf,Inf,false
10.0,114393,0.000100996,Inf,Inf,false
10.0,114394,0.00015601,0.000145306,0.000145306,false
10.0,114397,7.83308e-5,7.80896e-5,7.80896e-5,false
10.0,114398,7.85893e-5,Inf,Inf,false
10.0,114399,0.000100139,Inf,Inf,false
10.0,114403,0.00011156,Inf,Inf,false
10.0,114406,0.000122885,0.000112081,0.000112081,false
10.0,114408,5.55697e-5,Inf,Inf,false
10.0,114410,7.83617e-5,5.62513e-5,5.62513e-5,false
10.0,114411,0.000100175,0.00010017,0.00010017,false
10.0,114412,3.42685e-5,Inf,Inf,false
10.0,114418,5.64188e-5,Inf,Inf,false
10.0,114424,6.73516e-5,6.68278e-5,6.68278e-5,false
10.0,114426,8.98751e-5,8.89401e-5,8.89401e-5,false
10.0,114428,5.55681e-5,Inf,Inf,false
10.0,114441,7.79686e-5,6.75171e-5,6.75171e-5,false
10.0,114448,8.98324e-5,Inf,Inf,false
10.0,114455,7.81927e-5,Inf,Inf,false
10.0,114458,0.00010064,Inf,Inf,false
10.0,114460,7.81621e-5,Inf,Inf,false
10.0,114461,3.33373e-5,Inf,Inf,false
10.0,114464,0.000123,Inf,Inf,false
10.0,114466,4.52541e-5,Inf,Inf,false
10.0,114469,5.59722e-5,Inf,Inf,false
10.0,114471,0.0001009,Inf,Inf,false
10.0,114482,7.87277e-5,Inf,Inf,false
10.0,114483,5.64935e-5,Inf,Inf,false
10.0,114500,6.73422e-5,Inf,Inf,false
10.0,114503,0.000111394,8.93847e-5,8.93847e-5,false
10.0,114510,4.51207e-5,Inf,Inf,false
10.0,114517,0.000100006,8.94729e-5,8.94729e-5,false
10.0,114521,6.742e-5,Inf,Inf,false
10.0,114526,2.29926e-5,Inf,Inf,false
10.0,114528,0.000100543,7.78378e-5,7.78378e-5,false
10.0,114529,5.57398e-5,Inf,Inf,false
10.0,114533,8.94187e-5,Inf,Inf,false
10.0,114543,2.226e-5,Inf,Inf,false
10.0,114545,3.40772e-5,Inf,Inf,false
10.0,114546,5.59556e-5,Inf,Inf,false
10.0,114547,4.51467e-5,Inf,Inf,false
10.0,114554,4.51886e-5,Inf,Inf,false
10.0,114555,4.48887e-5,Inf,Inf,false
10.0,114559,3.40105e-5,3.35076e-5,3.35076e-5,false
10.0,114561,2.25765e-5,Inf,Inf,false
25.0,131,0.000156254,0.000123095,0.000123095,false
25.0,157,0.000167394,0.000134026,0.000134026,false
25.0,257,0.000112086,0.000112012,0.000112012,false
25.0,274,0.000167405,0.000123188,0.000123188,false
25.0,333,0.000200099,0.000167182,0.000167182,false
25.0,340,0.00018901,0.000100509,0.000100509,false
25.0,342,0.000177865,0.000167227,0.000167227,false
25.0,355,0.00014532,0.000111805,0.000111805,false
25.0,361,0.000167364,0.000111861,0.000111861,false
25.0,382,0.000122749,0.000111443,0.000111443,false
25.0,393,0.000134159,0.000111202,0.000111202,false
25.0,395,0.00014478,0.000122428,0.000122428,false
25.0,398,0.000100721,0.00010058,0.00010058,false
25.0,431,0.000178081,0.00015592,0.00015592,false
25.0,456,0.00018981,0.00018956,0.00018956,false
25.0,467,0.000145069,0.000122974,0.000122974,false
25.0,584,0.000133989,0.000122735,0.000122735,false
25.0,605,0.000134323,0.000134237,0.000134237,false
25.0,606,0.000189551,0.000166857,0.000166857,false
25.0,706,0.000167665,8.96105e-5,8.96105e-5,false
25.0,707,0.000112102,0.000112012,0.000112012,false
25.0,716,0.000156154,0.000123095,0.000123095,false
25.0,720,0.000178022,0.000156546,0.000156546,false
25.0,727,0.000123221,0.000122613,0.000122613,false
25.0,730,0.000167656,0.000133488,0.000133488,false
25.0,758,0.000189257,0.000178438,0.000178438,false
25.0,785,0.000144583,0.000133849,0.000133849,false
25.0,925,0.000155593,0.000145421,0.000145421,false
25.0,948,0.000234238,0.000211134,0.000211134,false
25.0,980,0.000100281,7.83515e-5,7.83515e-5,false
25.0,1016,0.000189065,0.000134261,0.000134261,false
25.0,1070,0.000167307,0.000167073,0.000167073,false
25.0,1075,0.000156512,0.000145366,0.000145366,false
25.0,1084,0.000244847,0.000133402,0.000133402,false
25.0,1091,0.000289608,0.000245055,0.000245055,false
25.0,1095,0.000145289,0.000133984,0.000133984,false
25.0,1261,0.000211308,0.000133644,0.000133644,false
25.0,1388,0.000156124,0.000133607,0.000133607,false
25.0,1424,0.000145018,0.000133931,0.000133931,false
25.0,1425,0.000189853,0.000122433,0.000122433,false
25.0,1429,0.000111628,0.000100486,0.000100486,false
25.0,1449,0.00017818,0.0001343,0.0001343,false
25.0,1453,0.000211325,0.000200027,0.000200027,false
25.0,1466,0.000212092,0.000111818,0.000111818,false
25.0,1510,0.000189727,0.000123089,0.000123089,false
25.0,1563,0.000178156,0.000166888,0.000166888,false
25.0,1568,0.000100911,0.000100673,0.000100673,false
25.0,1601,0.000200914,0.000156475,0.000156475,false
25.0,1644,0.000156266,0.000100684,0.000100684,false
25.0,1658,0.000211718,0.000211246,0.000211246,false
25.0,1677,0.000178324,0.000133624,0.000133624,false
25.0,1838,0.000167407,0.000123127,0.000123127,false
25.0,1853,0.000312069,0.000278721,0.000278721,false
25.0,1926,0.000122895,0.000100307,0.000100307,false
25.0,1953,0.000178529,0.000178466,0.000178466,false
25.0,2104,0.00015606,0.000144695,0.000144695,false
25.0,2203,0.000166916,0.000134241,0.000134241,false
25.0,2259,0.000155728,0.000155605,0.000155605,false
25.0,2266,0.00017875,0.000133531,0.000133531,false
25.0,2269,0.000111556,0.000111529,0.000111529,false
25.0,2301,0.000223117,0.000111824,0.000111824,false
25.0,2383,0.000155875,0.000133789,0.000133789,false
25.0,2451,0.000178478,0.00013428,0.00013428,false
25.0,2476,0.000167579,0.00013414,0.00013414,false
25.0,2507,0.000211907,0.000134113,0.000134113,false
25.0,2612,0.000178004,0.000144877,0.000144877,false
25.0,2631,0.000189094,0.00012304,0.00012304,false
25.0,2735,0.000134216,0.00013355,0.00013355,false
25.0,2771,0.000200348,0.000144811,0.000144811,false
25.0,2779,0.000178524,0.000166995,0.000166995,false
25.0,3009,0.000145309,0.000133962,0.000133962,false
25.0,3051,0.000223217,0.000133875,0.000133875,false
25.0,3071,0.000189311,0.000167619,0.000167619,false
25.0,3162,0.0001232,0.000122892,0.000122892,false
25.0,3200,0.000200046,0.000122766,0.000122766,false
25.0,3342,0.000167356,0.000144824,0.000144824,false
25.0,3378,0.000155699,0.000144615,0.000144615,false
25.0,3484,0.000189143,0.000145084,0.000145084,false
25.0,3488,0.000167373,0.000134268,0.000134268,false
25.0,3548,0.000189807,0.000123109,0.000123109,false
25.0,3588,0.000155584,0.000133565,0.000133565,false
25.0,3632,0.000133953,0.000122977,0.000122977,false
25.0,3697,0.000111518,0.000100508,0.000100508,false
25.0,3702,0.00015618,0.000134291,0.000134291,false
25.0,3768,0.000156354,0.000155948,0.000155948,false
25.0,3923,0.000134273,8.90769e-5,8.90769e-5,false
25.0,3980,0.0011004,0.00101189,0.00101189,false
25.0,4219,0.000189738,0.000123175,0.000123175,false
25.0,4220,0.00017876,0.000155877,0.000155877,false
25.0,4329,0.000155845,0.000145335,0.000145335,false
25.0,4455,0.000211206,0.00013407,0.00013407,false
25.0,4461,0.000133889,0.000122562,0.000122562,false
25.0,4536,0.000189737,0.000156475,0.000156475,false
25.0,4564,0.000411893,0.000400994,0.000400994,false
25.0,4907,0.00108984,0.00108929,0.00108929,false
25.0,4965,0.000200577,0.000122975,0.000122975,false
25.0,4996,0.000156236,0.000156042,0.000156042,false
25.0,5009,0.000189433,0.000189424,0.000189424,false
25.0,5156,0.000167213,0.000144938,0.000144938,false
25.0,5166,0.000156268,0.000156023,0.000156023,false
25.0,5225,0.00017877,0.000156466,0.000156466,false
25.0,5238,0.000944949,0.000900734,0.000900734,false
25.0,5350,0.000144998,0.00014446,0.00014446,false
25.0,5395,0.000133959,0.000133946,0.000133946,false
25.0,5398,0.000189619,0.000178159,0.000178159,false
25.0,5413,0.000733874,0.00068915,0.00068915,false
25.0,5455,0.000167404,0.000123178,0.000123178,false
25.0,5546,0.000223191,0.000122684,0.000122684,false
25.0,5599,0.000167411,0.000112105,0.000112105,false
25.0,5812,0.00023349,0.000222708,0.000222708,false
25.0,5816,0.000178104,0.000156306,0.000156306,false
25.0,5818,0.000111629,0.000111584,0.000111584,false
25.0,5873,0.000200125,0.000122917,0.000122917,false
25.0,5891,0.000289344,0.000278379,0.000278379,false
25.0,5944,0.000145425,0.000111738,0.000111738,false
25.0,6008,0.00133372,0.00124525,0.00124525,false
25.0,6187,0.00014497,0.000144951,0.000144951,false
25.0,6521,0.000156052,0.000123109,0.000123109,false
25.0,6778,0.000133746,8.9407e-5,8.9407e-5,false
25.0,6781,0.000134166,0.000111968,0.000111968,false
25.0,6828,0.000167328,0.000133681,0.000133681,false
25.0,6933,0.000167016,0.000122901,0.000122901,false
25.0,7078,0.00134447,0.00133384,0.00133384,false
25.0,7540,0.000167212,0.000134132,0.000134132,false
25.0,7664,0.000212034,0.000134148,0.000134148,false
25.0,7724,0.000155949,0.000123213,0.000123213,false
25.0,7768,0.00106699,0.0010227,0.0010227,false
25.0,7908,0.000267241,0.000156151,0.000156151,false
25.0,8161,0.000156379,0.000134061,0.000134061,false
25.0,8218,0.000145373,0.000145236,0.000145236,false
25.0,8267,0.000145288,0.000112068,0.000112068,false
25.0,8305,0.00132246,0.00125591,0.00125591,false
25.0,8384,0.00145563,0.0011231,0.0011231,false
25.0,8402,0.000155997,0.000144725,0.000144725,false
25.0,8405,0.000134212,0.000122272,0.000122272,false
25.0,8577,0.000167424,0.000133987,0.000133987,false
25.0,8758,0.000155558,0.000122945,0.000122945,false
25.0,8818,0.000189411,0.000177937,0.000177937,false
25.0,8882,0.000156419,0.000111409,0.000111409,false
25.0,8886,0.000133351,0.000100164,0.000100164,false
25.0,8951,0.000133882,0.000133514,0.000133514,false
25.0,9074,0.000144646,0.000122276,0.000122276,false
25.0,9267,0.00016758,0.000134268,0.000134268,false
25.0,9418,0.00124503,0.00123431,0.00123431,false
25.0,9631,0.000189665,0.000156055,0.000156055,false
25.0,9896,0.00013339,0.00012286,0.00012286,false
25.0,10092,0.00016695,0.000133941,0.000133941,false
25.0,10141,0.000156367,0.000144575,0.000144575,false
25.0,10198,0.000144721,0.000100686,0.000100686,false
25.0,10200,0.000200553,0.00012305,0.00012305,false
25.0,10334,0.000156384,0.000122643,0.000122643,false
25.0,10345,0.000155925,0.000133652,0.000133652,false
25.0,10397,0.000134176,0.000123154,0.000123154,false
25.0,10515,0.000144765,0.000123151,0.000123151,false
25.0,10823,0.000155928,0.000134112,0.000134112,false
25.0,10900,0.000189807,0.000133983,0.000133983,false
25.0,10921,0.0012121,0.00118958,0.00118958,false
25.0,11038,0.000156396,0.000156025,0.000156025,false
25.0,11149,0.00132297,0.001223,0.001223,false
25.0,11709,0.000178249,0.000123162,0.000123162,false
25.0,11754,0.00122226,0.00121155,0.00121155,false
25.0,11868,0.00136737,0.00118988,0.00118988,false
25.0,11958,0.00122247,0.001178,0.001178,false
25.0,12048,0.0011559,0.00110068,0.00110068,false
25.0,12136,0.000111502,8.95753e-5,8.95753e-5,false
25.0,12400,0.000166791,0.000133542,0.000133542,false
25.0,12432,0.00136716,0.00122269,0.00122269,false
25.0,12469,0.000167522,0.000111904,0.000111904,false
25.0,12544,0.000200494,0.000134258,0.000134258,false
25.0,12587,0.00122226,0.00121155,0.00121155,false
25.0,12745,0.000200237,0.000189281,0.000189281,false
25.0,13074,0.000156252,0.000144996,0.000144996,false
25.0,13101,0.00115634,0.00113389,0.00113389,false
25.0,13292,0.00013368,0.000111461,0.000111461,false
25.0,13890,5.64671e-5,5.59462e-5,5.59462e-5,false
25.0,13894,0.0001668,0.000122739,0.000122739,false
25.0,13957,0.000167572,0.000133641,0.000133641,false
25.0,14028,0.000123004,0.000111551,0.000111551,false
25.0,14039,0.000178417,0.000134127,0.000134127,false
25.0,14142,0.000156543,0.000144794,0.000144794,false
25.0,14269,0.000177958,0.000156121,0.000156121,false
25.0,14448,0.000300663,0.000267647,0.000267647,false
25.0,14655,0.000111736,0.000111143,0.000111143,false
25.0,14659,0.000178322,0.000145059,0.000145059,false
25.0,14851,0.00106758,0.00103382,0.00103382,false
25.0,15044,0.00132314,0.00115621,0.00115621,false
25.0,15132,0.000123063,0.000122782,0.000122782,false
25.0,15142,0.000133975,0.000133437,0.000133437,false
25.0,15691,0.000166789,0.000156306,0.000156306,false
25.0,15884,0.000167052,0.000134041,0.000134041,false
25.0,16017,0.000134095,0.000111507,0.000111507,false
25.0,16148,0.000155729,0.000134258,0.000134258,false
25.0,16152,0.000212092,0.000123047,0.000123047,false
25.0,16157,0.000388993,0.000367527,0.000367527,false
25.0,16205,0.000223112,0.000222784,0.000222784,false
25.0,16653,0.000166956,0.000145121,0.000145121,false
25.0,16711,0.000200949,0.000167129,0.000167129,false
25.0,16771,0.000255978,0.000255738,0.000255738,false
25.0,16783,0.000211935,0.000133414,0.000133414,false
25.0,16954,0.000145368,0.000134162,0.000134162,false
25.0,17022,0.000156372,0.000155873,0.000155873,false
25.0,17055,0.00117806,0.00115599,0.00115599,false
25.0,17145,0.000156063,0.00014488,0.00014488,false
25.0,17407,0.000244983,0.000122394,0.000122394,false
25.0,17563,0.00112315,0.00107808,0.00107808,false
25.0,17610,0.000155855,0.000133996,0.000133996,false
25.0,17757,0.000967262,0.000944538,0.000944538,false
25.0,17813,0.000233526,0.000212034,0.000212034,false
25.0,17846,0.00118942,0.00115612,0.00115612,false
25.0,17939,0.000222531,0.000112035,0.000112035,false
25.0,18131,0.00121118,0.00120096,0.00120096,false
25.0,18182,0.000156551,0.000123136,0.000123136,false
25.0,18394,0.00130093,0.00116754,0.00116754,false
25.0,18445,0.000134171,0.000122863,0.000122863,false
25.0,19172,0.000156186,0.000144848,0.000144848,false
25.0,19360,0.000267556,0.000211656,0.000211656,false
25.0,19367,0.000167402,0.000122517,0.000122517,false
25.0,19512,0.000122959,0.000122284,0.000122284,false
25.0,19647,0.000156069,0.000134259,0.000134259,false
25.0,19691,0.000456447,0.000445332,0.000445332,false
25.0,19824,0.00020071,0.00017788,0.00017788,false
25.0,19826,0.000233633,0.000223056,0.000223056,false
25.0,20310,0.000489866,0.000489846,0.000489846,false
25.0,20378,0.000555558,0.000545289,0.000545289,false
25.0,20394,0.000166807,0.000133681,0.000133681,false
25.0,20456,0.000567631,0.000567392,0.000567392,false
25.0,20637,0.00035638,0.000356124,0.000356124,false
25.0,20784,0.000222545,0.000211682,0.000211682,false
25.0,21038,0.000145381,0.000123204,0.000123204,false
25.0,21051,0.00151124,Inf,Inf,false
25.0,21158,0.000156177,0.000156154,0.000156154,false
25.0,21160,0.000122335,0.000100979,0.000100979,false
25.0,21377,0.00016668,0.000145099,0.000145099,false
25.0,21446,0.000211795,0.00014496,0.00014496,false
25.0,21564,0.000434267,0.000400967,0.000400967,false
25.0,21666,0.00102316,0.000956029,0.000956029,false
25.0,21772,0.000178529,0.000178284,0.000178284,false
25.0,22035,0.000189429,0.000145338,0.000145338,false
25.0,22153,0.000800715,0.000800477,0.000800477,false
25.0,22260,0.000200377,0.000112009,0.000112009,false
25.0,22362,0.00071144,0.000656309,0.000656309,false
25.0,22384,0.00015651,0.000155956,0.000155956,false
25.0,22465,0.000233748,0.000200865,0.000200865,false
25.0,22573,0.000678193,0.000622376,0.000622376,false
25.0,22767,0.000400141,0.000367068,0.000367068,false
25.0,22868,0.000134204,0.000134026,0.000134026,false
25.0,23363,0.000100568,8.91826e-5,8.91826e-5,false
25.0,23732,0.000189545,0.000178719,0.000178719,false
25.0,23917,0.000577957,0.00055596,0.00055596,false
25.0,24066,0.00105615,0.000945171,0.000945171,false
25.0,24114,0.000811188,0.000800337,0.000800337,false
25.0,24140,0.000134136,0.000133413,0.000133413,false
25.0,24467,0.000955764,0.000889029,0.000889029,false
25.0,24488,0.00084543,0.000645441,0.000645441,false
25.0,24511,0.00108952,0.00108928,0.00108928,false
25.0,24582,0.000156121,0.000112069,0.000112069,false
25.0,24741,0.000189663,0.0001121,0.0001121,false
25.0,24797,0.000733654,0.000711416,0.000711416,false
25.0,25142,0.000322609,0.000256169,0.000256169,false
25.0,25259,0.000567467,0.000567352,0.000567352,false
25.0,25367,0.000233678,0.00012297,0.00012297,false
25.0,25481,0.000489426,0.000467468,0.000467468,false
25.0,25507,0.000789714,0.000689275,0.000689275,false
25.0,25670,0.00127825,0.00115594,0.00115594,false
25.0,25724,0.000177912,0.000122979,0.000122979,false
25.0,25918,0.000578036,0.000545253,0.000545253,false
25.0,26007,0.000800628,0.000700772,0.000700772,false
25.0,26018,0.00015654,0.000144517,0.000144517,false
25.0,26023,0.000123086,0.00012251,0.00012251,false
25.0,26632,0.000744767,0.000667244,0.000667244,false
25.0,26661,0.000155925,0.000145337,0.000145337,false
25.0,26716,0.000711649,0.000711401,0.000711401,false
25.0,26777,0.000367646,0.000367022,0.000367022,false
25.0,27275,0.000300382,0.000267526,0.000267526,false
25.0,27313,0.000233432,0.00014449,0.00014449,false
25.0,27344,0.000578203,0.000544588,0.000544588,false
25.0,27374,0.000789793,0.000745193,0.000745193,false
25.0,27384,0.000134294,0.000122843,0.000122843,false
25.0,27860,0.000967238,0.000889231,0.000889231,false
25.0,27930,0.00132285,0.00107855,0.00107855,false
25.0,27992,0.000145218,0.000133999,0.000133999,false
25.0,28256,0.000123177,0.000122843,0.000122843,false
25.0,28477,0.000700041,0.000677976,0.000677976,false
25.0,28733,0.000588916,0.000566779,0.000566779,false
25.0,28847,0.000277941,0.000267225,0.000267225,false
25.0,28938,0.000155992,0.000133479,0.000133479,false
25.0,28974,0.000289644,0.000256283,0.000256283,false
25.0,29106,0.000856196,0.000811811,0.000811811,false
25.0,29220,0.000667318,0.000633379,0.000633379,false
25.0,29256,0.000144898,0.000144616,0.000144616,false
25.0,29530,0.000600894,0.000589763,0.000589763,false
25.0,29705,0.000167532,0.000144844,0.000144844,false
25.0,30632,0.000612037,0.000611633,0.000611633,false
25.0,30676,0.000145406,0.000122482,0.000122482,false
25.0,30737,0.000844535,0.00081195,0.00081195,false
25.0,30750,0.000178053,0.000166849,0.000166849,false
25.0,30755,0.000145355,0.000144808,0.000144808,false
25.0,30867,0.000734011,0.000500273,0.000500273,false
25.0,30960,0.00066695,0.000645153,0.000645153,false
25.0,30983,0.000178389,0.000155716,0.000155716,false
25.0,31130,0.00016719,0.000156091,0.000156091,false
25.0,31202,0.00015609,0.000123026,0.000123026,false
25.0,31292,0.00126735,0.00108974,0.00108974,false
25.0,31774,0.000145379,0.000144876,0.000144876,false
25.0,32146,0.000134261,0.000133675,0.000133675,false
25.0,32172,0.000489602,0.000467589,0.000467589,false
25.0,32206,0.000944858,0.000811268,0.000811268,false
25.0,32555,0.000789246,0.000756454,0.000756454,false
25.0,32705,0.00087788,0.000845091,0.000845091,false
25.0,32875,0.000233458,0.00021147,0.00021147,false
25.0,33096,0.000145238,0.000144967,0.000144967,false
25.0,33512,0.000145129,0.000133596,0.000133596,false
25.0,33867,0.000400876,0.000400409,0.000400409,false
25.0,34210,0.001123,0.00108934,0.00108934,false
25.0,34345,0.000189849,0.000145377,0.000145377,false
25.0,34578,0.000167512,0.000145314,0.000145314,false
25.0,34656,0.00120059,0.00114523,0.00114523,false
25.0,34969,0.000178753,0.000145061,0.000145061,false
25.0,34998,0.000511907,0.000467306,0.000467306,false
25.0,35085,0.000766784,0.000734197,0.000734197,false
25.0,35138,0.000489562,0.000478181,0.000478181,false
25.0,35407,0.000511968,0.000433615,0.000433615,false
25.0,35592,0.000200056,0.000178588,0.000178588,false
25.0,35729,0.000189116,0.00014464,0.00014464,false
25.0,35939,0.00108909,0.000833499,0.000833499,false
25.0,36010,0.000145137,0.000111836,0.000111836,false
25.0,36064,0.000945118,0.000833718,0.000833718,false
25.0,36182,0.000333964,0.000267373,0.000267373,false
25.0,36549,0.000844991,0.000811444,0.000811444,false
25.0,36802,0.00117872,0.00103408,0.00103408,false
25.0,36832,0.00022316,0.000222411,0.000222411,false
25.0,36961,0.000511215,0.000511115,0.000511115,false
25.0,37056,0.00016764,0.000167509,0.000167509,false
25.0,37092,0.000389834,0.000388913,0.000388913,false
25.0,37459,0.000178495,0.000156539,0.000156539,false
25.0,37740,0.000222249,0.000211136,0.000211136,false
25.0,38110,0.000556502,0.000523195,0.000523195,false
25.0,38429,0.000200922,0.000177993,0.000177993,false
25.0,38572,0.000167505,0.000156524,0.000156524,false
25.0,38672,0.000422878,0.000411693,0.000411693,false
25.0,38699,0.000789447,0.000734316,0.000734316,false
25.0,38720,0.000923056,0.000900063,0.000900063,false
25.0,38776,0.000156402,0.000156343,0.000156343,false
25.0,39253,0.000256511,0.000167361,0.000167361,false
25.0,39283,0.000522362,0.000456513,0.000456513,false
25.0,39433,0.00103364,0.000845248,0.000845248,false
25.0,39479,0.000156179,0.000155633,0.000155633,false
25.0,39626,0.000234321,0.000133452,0.000133452,false
25.0,40018,0.000222511,0.000167643,0.000167643,false
25.0,40276,0.000245158,0.00023412,0.00023412,false
25.0,40346,0.000223083,0.000211622,0.000211622,false
25.0,40487,0.000256503,0.000211645,0.000211645,false
25.0,40909,0.00118898,0.00117846,0.00117846,false
25.0,41021,0.000145095,0.000134025,0.000134025,false
25.0,41113,0.000500913,0.000378751,0.000389413,true
25.0,41240,0.000189291,0.000189088,0.000189088,false
25.0,41265,0.000178204,0.00014469,0.00014469,false
25.0,41533,0.000177909,0.000156023,0.000156023,false
25.0,41535,0.000267609,0.00026725,0.00026725,false
25.0,41559,0.000455979,0.000389413,0.000389413,false
25.0,41951,0.00115613,0.00113336,0.00113336,false
25.0,42280,0.000211921,0.000177999,0.000177999,false
25.0,42402,0.00110038,0.000889127,0.000889127,false
25.0,42428,0.0011892,0.00110022,0.00110022,false
25.0,42453,0.000188998,0.000178152,0.000178152,false
25.0,42577,0.00017781,0.000167051,0.000167051,false
25.0,42689,0.000289791,0.000244664,0.000244664,false
25.0,42864,0.000222903,0.000177861,0.000177861,false
25.0,43248,0.000133919,0.000133904,0.000133904,false
25.0,43285,0.000333961,0.000323133,0.000323133,false
25.0,43348,0.000900891,0.000889818,0.000889818,false
25.0,43353,0.000122628,0.000100915,0.000100915,false
25.0,43539,0.000245246,0.000145148,0.000145148,false
25.0,43725,0.0001786,0.000122773,0.000122773,false
25.0,43808,0.000433884,0.000411615,0.000411615,false
25.0,44040,0.000200814,0.000200657,0.000200657,false
25.0,44099,0.000167564,0.000144723,0.000144723,false
25.0,44164,0.000200723,0.000166679,0.000166679,false
25.0,44363,0.000166733,0.000144909,0.000144909,false
25.0,44415,0.00110081,0.0010897,0.0010897,false
25.0,44580,0.000211799,0.00020012,0.00020012,false
25.0,44581,0.000189883,0.000167508,0.000167508,false
25.0,44938,0.00120045,0.00102262,0.00102262,false
25.0,45120,0.000178657,0.000167232,0.000167232,false
25.0,45308,0.000989753,0.000923139,0.000923139,false
25.0,45407,0.000822885,0.000822623,0.000822623,false
25.0,45486,0.000167648,0.000133568,0.000133568,false
25.0,45566,0.000178453,0.000156276,0.000156276,false
25.0,45576,0.000233862,0.000167646,0.000167646,false
25.0,45871,0.000255713,0.000255638,0.000255638,false
25.0,46034,0.000178102,0.000156244,0.000156244,false
25.0,46146,0.000489086,0.000366791,0.000366791,false
25.0,46210,0.000411938,0.000389201,0.000389201,false
25.0,46260,0.000155843,0.000145285,0.000145285,false
25.0,46265,0.00016764,0.000144526,0.000144526,false
25.0,46269,0.000200167,0.000178462,0.000178462,false
25.0,46448,0.000689433,0.000667397,0.000667397,false
25.0,46580,0.00103335,0.00092281,0.00092281,false
25.0,46678,0.0002895,0.000233816,0.000233816,false
25.0,46980,0.000233426,0.00021202,0.00021202,false
25.0,47030,0.000167626,0.000133858,0.000133858,false
25.0,47200,0.000167115,0.000156299,0.000156299,false
25.0,47341,0.00032306,0.000322424,0.000322424,false
25.0,47460,0.000200221,0.000155899,0.000155899,false
25.0,47781,0.000134233,0.000133964,0.000133964,false
25.0,47947,0.000167305,0.000156548,0.000156548,false
25.0,48092,0.000211216,0.000134093,0.000134093,false
25.0,48131,0.000211667,0.000156482,0.000156482,false
25.0,48179,0.00108987,0.00106715,0.00106715,false
25.0,48244,0.000878123,0.000866817,0.000866817,false
25.0,48316,0.000156343,0.000144856,0.000144856,false
25.0,48358,0.000200605,0.000177807,0.000177807,false
25.0,48612,0.000211538,0.000189155,0.000189155,false
25.0,48639,0.000377813,0.000366718,0.000366718,false
25.0,48654,0.000966954,0.000911432,0.000911432,false
25.0,48988,0.000523218,0.000489134,0.000489134,false
25.0,49041,0.000245411,0.000123145,0.000123145,false
25.0,49112,0.000167353,0.000156257,0.000156257,false
25.0,49494,0.000233907,0.000189613,0.000189613,false
25.0,49555,0.000267103,0.00026703,0.00026703,false
25.0,49577,0.000989,0.000867409,0.000867409,false
25.0,49666,0.000267502,0.000233897,0.000233897,false
25.0,50010,0.000344536,0.000300302,0.000300302,false
25.0,50072,0.000167619,0.00015565,0.00015565,false
25.0,50138,0.000167024,0.00014521,0.00014521,false
25.0,50225,0.00015653,0.000145419,0.000145419,false
25.0,50226,0.00018906,0.00014506,0.00014506,false
25.0,50265,0.000978562,0.000933709,0.000933709,false
25.0,50354,0.000200903,0.000166821,0.000166821,false
25.0,50587,0.000166905,0.000156133,0.000156133,false
25.0,50635,0.000267611,0.000200731,0.000200731,false
25.0,50701,0.000223038,0.000178347,0.000178347,false
25.0,51071,0.000155785,0.000134249,0.000134249,false
25.0,51176,0.000367184,0.000344458,0.000344458,false
25.0,51199,0.00088956,0.000833612,0.000833612,false
25.0,51387,0.000989883,0.000934287,0.000934287,false
25.0,51528,0.000178726,0.000167666,0.000167666,false
25.0,51723,0.00120068,0.00101191,0.00101191,false
25.0,51798,0.00021196,0.000211364,0.000211364,false
25.0,51801,0.000278631,0.000167589,0.000167589,false
25.0,51819,0.00103345,0.000989514,0.000989514,false
25.0,51867,0.000256508,0.000234271,0.000234271,false
25.0,51997,0.000200181,0.000156507,0.000156507,false
25.0,52031,0.000234292,0.000222419,0.000222419,false
25.0,52400,0.000200756,0.000189154,0.000189154,false
25.0,52530,0.000166907,0.000144956,0.000144956,false
25.0,52617,0.000989089,0.00096735,0.00096735,false
25.0,52632,0.000211565,0.000211536,0.000211536,false
25.0,52866,0.000322697,0.000267231,0.000267231,false
25.0,52980,0.000278113,0.00021169,0.00021169,false
25.0,53153,0.00024529,0.000222499,0.000222499,false
25.0,53212,0.000311978,0.000289815,0.000289815,false
25.0,53218,0.000245169,0.000178464,0.000178464,false
25.0,53243,0.000267016,0.000256119,0.000256119,false
25.0,53337,0.00020092,0.000189315,0.000189315,false
25.0,53607,0.000145413,0.000100736,0.000100736,false
25.0,53630,0.000245386,0.000211363,0.000211363,false
25.0,53815,0.000267551,0.000256005,0.000256005,false
25.0,54091,0.000222957,0.000222716,0.000222716,false
25.0,54122,0.000167451,0.000155701,0.000155701,false
25.0,54166,0.000200592,0.000200463,0.000200463,false
25.0,54384,0.000200168,0.000178099,0.000178099,false
25.0,54451,0.000200467,0.000189716,0.000189716,false
25.0,54711,0.000178755,0.000133584,0.000133584,false
25.0,54713,0.000245256,0.000233681,0.000233681,false
25.0,54832,0.000189519,0.000189434,0.000189434,false
25.0,54883,0.000233478,0.000200822,0.000200822,false
25.0,54938,0.00127845,0.000922248,0.000922248,false
25.0,55301,0.00100079,0.000945133,0.000945133,false
25.0,55635,0.000200524,0.000178682,0.000178682,false
25.0,55848,0.000189738,0.000145422,0.000145422,false
25.0,56061,0.000155922,0.000145284,0.000145284,false
25.0,56141,0.000122632,0.000122546,0.000122546,false
25.0,56279,0.000167364,0.000145036,0.000145036,false
25.0,56305,0.000389162,0.000388903,0.000388903,false
25.0,56394,0.000323179,0.00020051,0.00020051,false
25.0,56441,0.000223024,0.000200308,0.000200308,false
25.0,56467,0.000133523,8.95506e-5,8.95506e-5,false
25.0,56633,0.000944616,0.000934138,0.000934138,false
25.0,56744,0.000244734,0.000200737,0.000200737,false
25.0,56771,0.000889522,0.000889483,0.000889483,false
25.0,56780,0.000156525,0.000111735,0.000111735,false
25.0,56812,0.000189742,0.000133805,0.000133805,false
25.0,57012,6.68259e-5,5.58448e-5,5.58448e-5,false
25.0,57144,0.000255576,0.000234297,0.000234297,false
25.0,57293,0.000266748,0.000189246,0.000189246,false
25.0,57301,0.000178497,0.000167538,0.000167538,false
25.0,57409,0.000178036,0.000133398,0.000133398,false
25.0,57453,0.00020001,0.000166684,0.000166684,false
25.0,57477,0.000978758,0.000866701,0.000866701,false
25.0,57496,0.000322585,0.000212094,0.000212094,false
25.0,57570,0.00022304,0.000200406,0.000200406,false
25.0,57965,0.000189382,0.000178529,0.000178529,false
25.0,58090,0.000945187,0.000923213,0.000923213,false
25.0,58125,0.000123073,0.000122882,0.000122882,false
25.0,58132,0.000567608,0.000534332,0.000534332,false
25.0,58275,0.000234229,0.000200884,0.000200884,false
25.0,58423,0.00103381,0.000989037,0.000989037,false
25.0,58535,0.00103334,0.000989703,0.000989703,false
25.0,58820,0.00108913,0.000934035,0.000934035,false
25.0,58901,0.000311217,0.000189828,0.000189828,false
25.0,58983,0.000222626,0.000200732,0.000200732,false
25.0,59179,0.000111987,8.91385e-5,8.91385e-5,false
25.0,59294,0.000789603,0.000789394,0.000789394,false
25.0,59343,0.000122894,0.00012261,0.00012261,false
25.0,59479,0.000200894,0.000200505,0.000200505,false
25.0,59710,0.000356385,0.000245261,0.000245261,false
25.0,59765,0.00093356,0.00086693,0.00086693,false
25.0,59835,0.000156112,0.00012253,0.00012253,false
25.0,59899,0.000189368,0.000189142,0.000189142,false
25.0,59954,0.000289742,0.00028957,0.00028957,false
25.0,60020,0.00101112,0.000989239,0.000989239,false
25.0,60117,0.000200612,0.000156399,0.000156399,false
25.0,60165,0.000200483,0.000200032,0.000200032,false
25.0,60239,0.000167652,0.00016738,0.00016738,false
25.0,60357,0.000200408,0.000200243,0.000200243,false
25.0,60458,0.000167661,0.000155581,0.000155581,false
25.0,60598,0.000234169,0.000178614,0.000178614,false
25.0,60715,0.000267609,0.00025654,0.00025654,false
25.0,60724,0.000200264,0.000189142,0.000189142,false
25.0,60960,0.000923162,0.000923147,0.000923147,false
25.0,61061,0.000200915,0.000133983,0.000133983,false
25.0,61088,0.000233969,0.000233598,0.000233598,false
25.0,61433,0.000311225,0.000266701,0.000266701,false
25.0,61452,0.000956304,0.000923077,0.000923077,false
25.0,61520,0.00106668,0.000967583,0.000967583,false
25.0,61542,0.000289072,0.000266859,0.000266859,false
25.0,61597,0.00018973,0.000189038,0.000189038,false
25.0,61700,0.000311953,0.000300338,0.000300338,false
25.0,61787,0.000156272,0.000111983,0.000111983,false
25.0,61800,0.000256556,0.000255684,0.000255684,false
25.0,61846,0.000166884,0.000144899,0.000144899,false
25.0,61858,0.000267518,0.000155963,0.000155963,false
25.0,62043,0.000278581,0.000267067,0.000267067,false
25.0,62152,0.000267395,0.000255773,0.000255773,false
25.0,62159,0.000189585,0.000189417,0.000189417,false
25.0,62200,0.000178033,0.000167318,0.000167318,false
25.0,62238,0.00023422,0.000189081,0.000189081,false
25.0,62441,0.000178115,0.000133908,0.000133908,false
25.0,62476,0.000855895,0.000811752,0.000811752,false
25.0,62750,0.000911831,0.000878742,0.000878742,false
25.0,62918,0.000189241,0.000189083,0.000189083,false
25.0,63107,0.000189768,0.000145017,0.000145017,false
25.0,63315,0.000612051,0.000566829,0.000566829,false
25.0,63771,0.000200622,0.000189817,0.000189817,false
25.0,63818,0.000300042,0.000244699,0.000244699,false
25.0,63877,0.00015602,0.000145378,0.000145378,false
25.0,63952,0.000245275,0.000189817,0.000189817,false
25.0,64173,0.00100073,0.000978291,0.000978291,false
25.0,64578,0.000189555,0.000167034,0.000167034,false
25.0,64813,0.0011008,0.00100032,0.00100032,false
25.0,64836,0.00106711,0.000944727,0.000944727,false
25.0,64894,0.000178611,0.000167005,0.000167005,false
25.0,64917,0.000244661,0.000200755,0.000200755,false
25.0,64979,0.000200651,0.00017841,0.00017841,false
25.0,64985,0.000200586,0.00018944,0.00018944,false
25.0,65253,0.00101205,0.000900282,0.000900282,false
25.0,65297,0.000211631,0.000134231,0.000134231,false
25.0,65435,0.000189169,0.000134257,0.000134257,false
25.0,65736,0.000145008,0.000133971,0.000133971,false
25.0,65779,0.00021173,0.000200732,0.000200732,false
25.0,65922,0.00047872,0.000311974,0.000311974,false
25.0,66032,0.000878556,0.000877883,0.000877883,false
25.0,66129,0.00017846,0.000144998,0.000144998,false
25.0,66248,0.000222672,0.000211424,0.000211424,false
25.0,66290,0.000211607,0.000167657,0.000167657,false
25.0,66335,0.000289352,0.000178179,0.000178179,false
25.0,66456,0.000189822,0.000167386,0.000167386,false
25.0,66881,0.000223194,0.000200056,0.000200056,false
25.0,66918,0.000178754,0.000155566,0.000155566,false
25.0,66957,0.000244518,0.000211908,0.000211908,false
25.0,67009,0.00016753,0.00016752,0.00016752,false
25.0,67129,0.00107806,0.00101134,0.00101134,false
25.0,67468,0.000167094,0.00016696,0.00016696,false
25.0,67497,0.000167594,0.000145233,0.000145233,false
25.0,67499,0.000178179,0.000156261,0.000156261,false
25.0,67851,0.000256048,0.000222321,0.000222321,false
25.0,67962,0.000433968,0.000334227,0.000334227,false
25.0,68067,0.000222872,0.000211625,0.000211625,false
25.0,68315,0.000845116,0.000844787,0.000844787,false
25.0,68325,0.000178431,0.000166882,0.000166882,false
25.0,68387,0.00022224,0.000189296,0.000189296,false
25.0,68439,0.00015618,0.000145075,0.000145075,false
25.0,68446,0.00021201,0.000188975,0.000188975,false
25.0,68626,0.000223079,0.000189556,0.000189556,false
25.0,68767,0.00018986,0.000111773,0.000111773,false
25.0,68818,0.000144859,0.000144764,0.000144764,false
25.0,68851,0.000300634,0.000289214,0.000289214,false
25.0,68885,0.00100091,0.000833753,0.000844787,true
25.0,68956,0.000167345,0.00016709,0.00016709,false
25.0,69189,0.000233908,0.000222547,0.000222547,false
25.0,69486,0.00124498,0.00101172,0.00101172,false
25.0,69818,0.000900195,0.000856215,0.000856215,false
25.0,69844,0.000200913,0.000167037,0.000167037,false
25.0,69933,0.000711813,0.000700952,0.000700952,false
25.0,69976,0.000111891,0.000100813,0.000100813,false
25.0,70026,0.00106721,0.00100018,0.00100018,false
25.0,70392,0.00022262,0.000166876,0.000166876,false
25.0,70496,0.000233477,0.000222929,0.000222929,false
25.0,70530,0.000389753,0.000322294,0.000322294,false
25.0,71197,0.000133757,0.000111139,0.000111139,false
25.0,71288,0.000189673,0.000156502,0.000156502,false
25.0,71719,0.000900963,0.000845163,0.000845163,false
25.0,71904,0.00015634,0.000134201,0.000134201,false
25.0,71934,0.000189306,0.000189225,0.000189225,false
25.0,72047,0.000133859,0.000133633,0.000133633,false
25.0,72248,0.000167193,0.000167113,0.000167113,false
25.0,72438,0.0001672,0.000167134,0.000167134,false
25.0,72529,0.000912057,0.000888952,0.000888952,false
25.0,72746,0.00112266,0.0010556,0.0010556,false
25.0,72964,0.000200994,0.000178748,0.000178748,false
25.0,73023,0.000189432,0.000133927,0.000133927,false
25.0,73194,0.000656369,0.000645015,0.000645015,false
25.0,73293,0.000267388,0.000244884,0.000244884,false
25.0,73357,0.000911262,0.000855782,0.000855782,false
25.0,73445,0.000344594,0.000333929,0.000333929,false
25.0,73450,0.000445053,0.000400306,0.000400306,false
25.0,73471,0.000356057,0.000323154,0.000323154,false
25.0,73501,0.000444927,0.000411638,0.000411638,false
25.0,73560,0.000367415,0.000366885,0.000366885,false
25.0,73598,0.000144631,0.000133463,0.000133463,false
25.0,73730,0.000189689,0.000123096,0.000123096,false
25.0,73831,0.00040032,0.000345086,0.000345086,false
25.0,74005,0.000155977,0.00015585,0.00015585,false
25.0,74586,0.000145152,0.000122776,0.000122776,false
25.0,74700,0.00018966,0.000111688,0.000111688,false
25.0,74759,0.000200784,0.000200769,0.000200769,false
25.0,75058,0.00087819,0.000778692,0.000778692,false
25.0,75122,0.000178254,0.00016705,0.00016705,false
25.0,75341,0.00115633,0.00102223,0.00102223,false
25.0,75404,0.000900166,0.000866873,0.000866873,false
25.0,75770,0.00022283,0.000178402,0.000178402,false
25.0,76492,0.000200684,0.000155685,0.000155685,false
25.0,76549,0.00104539,0.00100062,0.00100062,false
25.0,76616,0.000211805,0.000200657,0.000200657,false
25.0,76690,0.000345346,0.000344907,0.000344907,false
25.0,76742,0.0002674,0.000266996,0.000266996,false
25.0,76878,0.000245116,0.000211932,0.000211932,false
25.0,77007,0.000234215,0.000222863,0.000222863,false
25.0,77081,0.000556525,0.000555964,0.000555964,false
25.0,77203,0.000233966,0.000222993,0.000222993,false
25.0,77386,0.000167556,0.000167227,0.000167227,false
25.0,77514,0.00103353,0.00101174,0.00101174,false
25.0,77645,0.000145437,0.000134012,0.000134012,false
25.0,77978,0.000144768,0.00013338,0.00013338,false
25.0,79092,0.00107851,0.00107846,0.000777817,true
25.0,79154,0.00107851,0.000777817,0.00107846,true
25.0,79167,0.000300807,0.000289206,0.000289206,false
25.0,79410,0.00014537,0.000112044,0.000112044,false
25.0,79415,0.000222684,0.000111916,0.000111916,false
25.0,79485,0.00117794,0.00107781,0.00107781,false
25.0,79600,0.000444986,0.000422814,0.000422814,false
25.0,79946,0.000178221,0.000166713,0.000166713,false
25.0,79985,0.000556416,0.000522995,0.000522995,false
25.0,79992,0.000655689,0.000478609,0.000478609,false
25.0,80083,0.000144899,0.0001448,0.0001448,false
25.0,80186,0.000234185,0.000233374,0.000233374,false
25.0,80219,0.000178698,0.000145402,0.000145402,false
25.0,80231,0.000867284,0.000867089,0.000867089,false
25.0,80378,0.0009118,0.000834028,0.000834028,false
25.0,80736,0.000156056,0.000134008,0.000134008,false
25.0,80854,0.000267498,0.000267296,0.000267296,false
25.0,80949,0.000111498,0.000100845,0.000100845,false
25.0,81549,0.000189838,0.000133898,0.000133898,false
25.0,81784,0.000123097,0.000111782,0.000111782,false
25.0,81845,0.0011451,0.00100071,0.00100071,false
25.0,82067,0.00113363,0.00107784,0.00107784,false
25.0,82103,0.000523155,0.000511372,0.000511372,false
25.0,82343,0.000778611,0.000767633,0.000767633,false
25.0,82532,0.000534259,0.000489829,0.000489829,false
25.0,82746,0.000922743,0.000700504,0.000700504,false
25.0,83038,0.000211181,0.00018914,0.00018914,false
25.0,83073,0.000522381,0.000500817,0.000500817,false
25.0,83274,0.000189174,0.000145035,0.000145035,false
25.0,83564,0.000144708,0.000122414,0.000122414,false
25.0,84373,0.000189086,0.000122531,0.000122531,false
25.0,84622,0.000167545,0.000100956,0.000100956,false
25.0,84628,0.000244946,0.000222338,0.000222338,false
25.0,84667,0.00052276,0.000522314,0.000522314,false
25.0,84721,0.000811728,0.000722365,0.000722365,false
25.0,84786,0.000144852,0.000134233,0.000134233,false
25.0,84818,0.000722863,0.000555664,0.000555664,false
25.0,84849,0.00127789,0.00111173,0.00111173,false
25.0,85007,0.000167623,0.000123097,0.000123097,false
25.0,85024,0.000844809,0.000667191,0.000667191,false
25.0,85413,0.000800928,0.000578458,0.000578458,false
25.0,85515,0.00125645,0.00124476,0.00124476,false
25.0,85533,0.0005559,0.00050086,0.00050086,false
25.0,85759,0.000778559,0.000722662,0.000722662,false
25.0,86083,0.000167518,0.000144496,0.000144496,false
25.0,86146,0.000134283,0.000123149,0.000123149,false
25.0,86339,0.000644534,0.000611529,0.000611529,false
25.0,86603,0.000123173,0.000123051,0.000123051,false
25.0,86860,0.000155956,0.000111488,0.000111488,false
25.0,86898,0.000356512,0.000300756,0.000300756,false
25.0,86949,0.000823201,0.000811494,0.000811494,false
25.0,87032,0.000534224,0.000478711,0.000478711,false
25.0,87373,0.000156073,0.000134195,0.000134195,false
25.0,87384,0.000811719,0.000712103,0.000712103,false
25.0,87647,0.000633862,0.000556058,0.000556058,false
25.0,87733,0.00131154,0.00105581,0.00105581,false
25.0,88035,0.000366865,0.000356265,0.000356265,false
25.0,88077,0.000244655,0.000223105,0.000223105,false
25.0,88376,0.000233993,0.00018911,0.00018911,false
25.0,88453,0.000144995,0.000134123,0.000134123,false
25.0,88656,0.0012556,0.00121124,0.00121124,false
25.0,88780,0.000700548,0.000678148,0.000678148,false
25.0,88902,0.000189717,0.000133601,0.000133601,false
25.0,89130,0.000167078,0.000155918,0.000155918,false
25.0,89518,0.000489873,0.0004445,0.0004445,false
25.0,89569,0.000733852,0.000689707,0.000689707,false
25.0,89595,0.000567209,0.000556356,0.000556356,false
25.0,89651,0.000144843,0.00013386,0.00013386,false
25.0,89719,0.000844606,0.000833504,0.000833504,false
25.0,89727,0.000133998,0.000122527,0.000122527,false
25.0,89826,0.000878636,0.000656186,0.000656186,false
25.0,90177,0.000144458,0.000112023,0.000112023,false
25.0,90469,0.000123205,0.000122619,0.000122619,false
25.0,90497,0.000744669,0.000666824,0.000666824,false
25.0,90653,0.00057787,0.000567619,0.000567619,false
25.0,90956,0.000189289,0.000178322,0.000178322,false
25.0,91260,0.00123431,0.00122258,0.00122258,false
25.0,91284,0.000600588,0.000600392,0.000600392,false
25.0,92013,0.000223051,0.000111387,0.000111387,false
25.0,92023,0.000611403,0.000600867,0.000600867,false
25.0,92053,0.00110005,0.000967486,0.000967486,false
25.0,92070,0.000200449,0.000122913,0.000122913,false
25.0,92277,0.00016717,0.000155937,0.000155937,false
25.0,92404,0.000156343,0.000145338,0.000145338,false
25.0,92674,0.00020041,0.000156502,0.000156502,false
25.0,92682,0.000122953,0.000122381,0.000122381,false
25.0,92946,0.000422988,0.000411724,0.000411724,false
25.0,93130,0.000144889,0.000133457,0.000133457,false
25.0,94037,0.000178777,0.000134139,0.000134139,false
25.0,94086,0.000212022,0.000178704,0.000178704,false
25.0,94167,0.000178275,0.000167336,0.000167336,false
25.0,94241,0.000545431,0.000534303,0.000534303,false
25.0,94285,0.00115645,0.00114488,0.00114488,false
25.0,94419,0.000222655,0.000111603,0.000111603,false
25.0,94423,0.000144704,0.000122597,0.000122597,false
25.0,94424,0.000178733,0.000144508,0.000144508,false
25.0,94479,0.000223023,0.000145369,0.000145369,false
25.0,94808,0.00013392,0.000123189,0.000123189,false
25.0,95121,0.000155856,0.000111841,0.000111841,false
25.0,95187,0.00018964,0.000178589,0.000178589,false
25.0,95256,0.000378541,0.00032314,0.00032314,false
25.0,95797,0.00121145,0.00112299,0.00112299,false
25.0,95948,0.000145157,0.000112055,0.000112055,false
25.0,96399,0.000189793,0.000178211,0.000178211,false
25.0,96470,0.000189444,0.000167059,0.000167059,false
25.0,97210,0.000133776,0.000111789,0.000111789,false
25.0,97402,0.000123165,0.000111883,0.000111883,false
25.0,97405,0.000178756,0.000178436,0.000178436,false
25.0,97484,0.0003232,0.000300921,0.000300921,false
25.0,97733,0.00104541,0.00104464,0.00104464,false
25.0,97751,0.000189732,0.000133726,0.000133726,false
25.0,98304,0.00148984,0.000411236,0.000411236,false
25.0,98325,0.000200913,0.000122297,0.000122297,false
25.0,98446,0.00021166,0.00012308,0.00012308,false
25.0,98717,0.000145225,0.000145197,0.000145197,false
25.0,98863,0.000100691,8.96532e-5,8.96532e-5,false
25.0,98995,0.000134199,0.000111881,0.000111881,false
25.0,99392,0.000156339,0.000145236,0.000145236,false
25.0,99590,0.000134211,0.000100531,0.000100531,false
25.0,99653,0.00017835,0.00013397,0.00013397,false
25.0,99784,0.000189568,0.000167382,0.000167382,false
25.0,99785,0.000167061,0.00015639,0.00015639,false
25.0,99881,0.00121145,0.00107876,0.00107876,false
25.0,99931,0.000167207,0.000134163,0.000134163,false
25.0,100568,0.00112288,0.00106733,0.00106733,false
25.0,100769,0.000900656,0.000844761,0.000844761,false
25.0,100869,0.00126695,0.00116751,0.00116751,false
25.0,101039,0.000178388,0.000178146,0.000178146,false
25.0,101173,0.000111869,0.000111694,0.000111694,false
25.0,101292,0.000145053,0.000133533,0.000133533,false
25.0,101331,0.00138954,0.00132307,0.00132307,false
25.0,101367,8.97084e-5,8.96532e-5,8.96532e-5,false
25.0,101432,0.000367499,0.000322815,0.000322815,false
25.0,101530,0.00123429,0.00121114,0.00121114,false
25.0,101641,0.000156289,0.000133893,0.000133893,false
25.0,101696,0.000156111,0.000134264,0.000134264,false
25.0,101864,0.0011676,0.00114469,0.00114469,false
25.0,102219,0.000222539,0.000156481,0.000156481,false
25.0,102679,0.000133988,0.000133411,0.000133411,false
25.0,102820,0.000156479,0.000122884,0.000122884,false
25.0,103039,0.000100055,8.89628e-5,8.89628e-5,false
25.0,103105,0.000178075,0.000122992,0.000122992,false
25.0,103353,0.000200767,0.000133433,0.000133433,false
25.0,103391,0.0014563,0.00115648,0.00115648,false
25.0,103434,0.000156218,0.000133975,0.000133975,false
25.0,103488,0.000133963,0.000133651,0.000133651,false
25.0,103503,0.00126741,0.00125611,0.00125611,false
25.0,103598,0.00133427,0.00132245,0.00132245,false
25.0,103630,0.000145376,0.000144755,0.000144755,false
25.0,103675,0.000167438,0.000122472,0.000122472,false
25.0,103679,0.000155723,0.000144444,0.000144444,false
25.0,103681,0.000200869,0.000145107,0.000145107,false
25.0,103742,0.000155907,0.000144846,0.000144846,false
25.0,103852,0.000144646,0.000144569,0.000144569,false
25.0,104001,0.000200314,0.000178441,0.000178441,false
25.0,104289,0.000100796,0.000100436,0.000100436,false
25.0,104588,0.000289273,0.000267406,0.000267406,false
25.0,104649,0.000155787,0.000123204,0.000123204,false
25.0,104696,0.000967275,0.000945367,0.000945367,false
25.0,104842,0.000111797,0.000111386,0.000111386,false
25.0,104843,0.000112046,0.000111506,0.000111506,false
25.0,104899,0.000133871,0.000133683,0.000133683,false
25.0,104901,0.000134038,0.000123119,0.000123119,false
25.0,104974,0.000155842,0.000133765,0.000133765,false
25.0,105033,0.000123208,0.000122713,0.000122713,false
25.0,105044,0.000167343,0.000144971,0.000144971,false
25.0,105227,0.000155999,0.00011158,0.00011158,false
25.0,105321,0.00137797,0.00132281,0.00132281,false
25.0,105342,0.00016676,0.000144556,0.000144556,false
25.0,105726,0.00018945,0.000111653,0.000111653,false
25.0,105789,0.000223072,0.000211995,0.000211995,false
25.0,105850,0.000178064,0.000155686,0.000155686,false
25.0,105858,0.00127842,0.00122265,0.00122265,false
25.0,105927,0.000178338,0.000122891,0.000122891,false
25.0,106109,0.000144592,0.00013405,0.00013405,false
25.0,106166,0.000244817,0.000222779,0.000222779,false
25.0,106408,0.000133789,0.000133486,0.000133486,false
25.0,106444,0.00138889,0.00131178,0.00131178,false
25.0,106768,0.0012669,0.00124492,0.00124492,false
25.0,106902,0.00103399,0.00101193,0.00101193,false
25.0,107040,0.000111811,0.000111737,0.000111737,false
25.0,107041,0.000166904,0.00013416,0.00013416,false
25.0,107044,0.000144547,0.000122266,0.000122266,false
25.0,107171,0.000122955,0.000111506,0.000111506,false
25.0,107454,0.000189851,0.000144626,0.000144626,false
25.0,107495,0.000167659,0.000155915,0.000155915,false
25.0,107556,0.00017869,0.000156093,0.000156093,false
25.0,107816,0.000900537,0.000889169,0.000889169,false
25.0,108030,0.000134137,0.000133561,0.000133561,false
25.0,108035,0.000200881,0.000156048,0.000156048,false
25.0,108087,0.000134002,0.00013376,0.00013376,false
25.0,108312,0.000189682,0.000167649,0.000167649,false
25.0,108555,0.00016765,0.000144743,0.000144743,false
25.0,108562,0.000178466,0.000167182,0.000167182,false
25.0,108661,0.000133907,0.000122896,0.000122896,false
25.0,108808,0.000167347,0.000144469,0.000144469,false
25.0,108859,0.000200581,0.000133958,0.000133958,false
25.0,108915,0.000178623,0.000178487,0.000178487,false
25.0,108930,0.00101146,0.000956509,0.000956509,false
25.0,109007,0.000156221,0.000156153,0.000156153,false
25.0,109061,0.00015647,0.000122461,0.000122461,false
25.0,109114,0.000122504,0.000112068,0.000112068,false
25.0,109162,0.00020072,0.00018942,0.00018942,false
25.0,109202,0.00017842,0.000133878,0.000133878,false
25.0,109240,0.000222449,0.00013392,0.00013392,false
25.0,109304,0.000178587,0.000155949,0.000155949,false
25.0,109362,0.000200514,0.000122623,0.000122623,false
25.0,109410,0.000133571,0.000122809,0.000122809,false
25.0,109616,0.000211697,0.000111491,0.000111491,false
25.0,109821,0.000167436,0.000111964,0.000112022,true
25.0,109900,0.000178582,0.000178422,0.000178422,false
25.0,110051,0.000177814,0.00013353,0.00013353,false
25.0,110244,0.000189198,0.0001229,0.0001229,false
25.0,110280,0.000167193,0.000156174,0.000156174,false
25.0,110281,0.00014448,0.000133345,0.000133345,false
25.0,110306,0.00040098,0.000400749,0.000400749,false
25.0,110350,0.000178237,0.000134009,0.000134009,false
25.0,110606,0.000211429,0.000200448,0.000200448,false
25.0,110648,0.000145365,0.000145042,0.000145042,false
25.0,110792,0.000156127,0.000133874,0.000133874,false
25.0,110945,0.000144654,0.00012321,0.00012321,false
25.0,111015,0.00020098,0.000188949,0.000188949,false
25.0,111019,0.000177841,0.000111766,0.000111766,false
25.0,111020,0.000156126,0.00012299,0.00012299,false
25.0,111058,0.000123139,0.000122489,0.000122489,false
25.0,111099,0.000211615,0.000122837,0.000122837,false
25.0,111249,0.000188915,0.000156284,0.000156284,false
25.0,111315,0.000166793,0.000133556,0.000133556,false
25.0,111355,0.000178648,0.000144464,0.000144464,false
25.0,111381,0.000178203,0.000145416,0.000145416,false
25.0,111393,0.000444522,0.00043428,0.00043428,false
25.0,111417,0.000200989,0.000144748,0.000144748,false
25.0,111437,0.000167193,0.000167014,0.000167014,false
25.0,111707,0.000166898,0.000112022,0.000112022,false
25.0,111727,0.000123173,0.000122222,0.000122222,false
25.0,111763,0.000156536,0.000133996,0.000133996,false
25.0,111905,0.000267663,0.000256515,0.000256515,false
25.0,111946,0.000188945,0.000156051,0.000156051,false
25.0,111948,0.000166871,0.000144869,0.000144869,false
25.0,111950,0.000167027,0.000133568,0.000133568,false
25.0,112043,0.000123037,0.000122434,0.000122434,false
25.0,112062,0.000133383,0.00011195,0.00011195,false
25.0,112169,0.000134081,0.000133573,0.000133573,false
25.0,112326,0.000178526,0.0001121,0.0001121,false
25.0,112331,0.00020032,0.000122805,0.000122805,false
25.0,112351,0.000144925,0.000134072,0.000134072,false
25.0,112376,0.000122626,0.000122441,0.000122441,false
25.0,112395,0.000122813,0.000111924,0.000111924,false
25.0,112407,0.000134143,0.000123046,0.000123046,false
25.0,112437,0.000234132,0.000223173,0.000223173,false
25.0,112445,0.000200713,0.000123184,0.000123184,false
25.0,112540,0.000211782,0.000133764,0.000133764,false
25.0,112587,0.000156293,0.000156171,0.000156171,false
25.0,112739,0.000189054,0.000144653,0.000144653,false
25.0,112768,0.000156355,0.000156314,0.000156314,false
25.0,112785,0.000178012,0.00012292,0.00012292,false
25.0,112809,0.000189689,0.00012284,0.00012284,false
25.0,112830,0.000167488,0.000167263,0.000167263,false
25.0,112896,0.000389454,0.000378251,0.000378251,false
25.0,112957,0.000245426,0.000122471,0.000122471,false
25.0,112973,0.000189766,0.000111945,0.000111945,false
25.0,113029,0.000145062,0.000111126,0.000111126,false
25.0,113041,0.000145058,0.000123179,0.000123179,false
25.0,113046,0.00017849,0.000144816,0.000144816,false
25.0,113098,0.000256407,0.000234284,0.000234284,false
25.0,113104,0.000123109,0.000111787,0.000111787,false
25.0,113330,0.000156435,0.000134313,0.000134313,false
25.0,113364,0.00016698,0.000133846,0.000133846,false
25.0,113468,0.000234231,0.000145007,0.000145007,false
25.0,113563,0.000145073,0.000133524,0.000133524,false
25.0,113571,0.000134148,0.000123078,0.000123078,false
25.0,113596,0.000145375,0.00014532,0.00014532,false
25.0,113783,0.000156127,0.000111207,0.000111207,false
25.0,113832,0.000178268,0.000122239,0.000122239,false
25.0,113863,0.00014497,7.84391e-5,7.84391e-5,false
25.0,113909,0.000189684,0.000133564,0.000133564,false
25.0,113914,0.000211688,0.000111696,0.000111696,false
25.0,113953,0.000156097,0.0001121,0.0001121,false
25.0,113962,0.000133535,0.000111535,0.000111535,false
25.0,113971,0.000178757,0.000133403,0.000133403,false
25.0,114012,0.000178731,0.000100933,0.000100933,false
25.0,114036,0.000178524,0.000133448,0.000133524,true
25.0,114063,0.000189584,0.000133433,0.000133433,false
25.0,114160,0.000189037,0.000155618,0.000155618,false
25.0,114177,0.000155913,0.000145188,0.000145188,false
25.0,114196,0.000144568,0.000133906,0.000133906,false
25.0,114197,0.000189583,0.000144988,0.000144988,false
25.0,114200,0.000189879,0.000111837,0.000111837,false
25.0,114206,0.000123066,0.00012237,0.00012237,false
25.0,114214,0.00011182,0.000111804,0.000111804,false
25.0,114226,0.000211904,0.000189583,0.000189583,false
25.0,114252,0.000156531,0.000123152,0.000123152,false
25.0,114289,0.000155579,0.000123219,0.000123219,false
25.0,114306,0.000122901,7.86544e-5,7.86544e-5,false
25.0,114319,7.87235e-5,6.73516e-5,6.73516e-5,false
25.0,114330,0.000156109,0.000133914,0.000133914,false
25.0,114344,0.000134286,0.000134209,0.000134209,false
