hks_index,query_shape_id,neighbor_shape_id,true_class,neighbor_class,squared_distance
1,0,18,1,1,0.15753731734630017
1,1,0,1,1,0.2561124289988508
1,2,3,1,1,0.21134696760114347
1,3,0,1,1,0.18653478076072472
1,4,9,1,1,0.31256028240691913
1,5,6,1,1,0.3445591097396419
1,6,11,1,1,0.28346056631597283
1,7,19,1,1,0.15727579798858282
1,8,19,1,1,0.2356118989015652
1,9,7,1,1,0.17955032552299888
1,10,3,1,1,0.198311029422642
1,11,9,1,1,0.2567181790729478
1,12,3,1,1,0.23537437525374405
1,13,7,1,1,0.20713440370637226
1,14,16,1,1,0.245234920476336
1,15,17,1,1,0.26622503972264133
1,16,7,1,1,0.16138062925682006
1,17,16,1,1,0.16254002652595556
1,18,0,1,1,0.15753731734630017
1,19,7,1,1,0.15727579798858282
1,20,38,2,2,0.19643906391525134
1,21,159,2,8,0.36828055856865105
1,22,29,2,2,0.25378770074950885
1,23,33,2,2,0.2072037671924154
1,24,31,2,2,0.29991156797249285
1,25,36,2,2,0.29090712129810004
1,26,25,2,2,0.3806384493231574
1,27,36,2,2,0.18773393504534908
1,28,33,2,2,0.2526033570018018
1,29,37,2,2,0.23291134332415941
1,30,36,2,2,0.3128839903955678
1,31,33,2,2,0.25288624000091775
1,32,38,2,2,0.26245463814711556
1,33,23,2,2,0.2072037671924154
1,34,35,2,2,0.3053894975191407
1,35,135,2,7,0.24512026316502644
1,36,27,2,2,0.18773393504534908
1,37,29,2,2,0.23291134332415941
1,38,20,2,2,0.19643906391525134
1,39,37,2,2,0.24230259546194532
1,40,57,3,3,0.16473424761209277
1,41,55,3,3,0.1608007624427663
1,42,53,3,3,0.1507354032164998
1,43,157,3,8,0.1414997072497879
1,44,144,3,8,0.15746221845855857
1,45,56,3,3,0.20389641201211006
1,46,142,3,8,0.1943232641673971
1,47,58,3,3,0.11597595305895392
1,48,154,3,8,0.13791899378793904
1,49,53,3,3,0.12245751869918009
1,50,53,3,3,0.1559447440354209
1,51,53,3,3,0.1723465413606149
1,52,49,3,3,0.14441117777164414
1,53,157,3,8,0.10912023536758264
1,54,41,3,3,0.1647325040367591
1,55,155,3,8,0.13689554830843598
1,56,47,3,3,0.12541321104339764
1,57,58,3,3,0.10353525641402506
1,58,57,3,3,0.10353525641402506
1,59,140,3,8,0.1503138936106143
1,60,76,4,4,0.22601563730119967
1,61,161,4,9,0.2906475901083505
1,62,78,4,4,0.2109210196114255
1,63,70,4,4,0.1990111443165894
1,64,68,4,4,0.2323971150407158
1,65,165,4,9,0.2553258838660233
1,66,73,4,4,0.21637163967053286
1,67,68,4,4,0.21316807889847977
1,68,67,4,4,0.21316807889847977
1,69,79,4,4,0.21024297254040625
1,70,63,4,4,0.1990111443165894
1,71,67,4,4,0.22851368865082455
1,72,76,4,4,0.2280195739613855
1,73,77,4,4,0.182164231240314
1,74,77,4,4,0.27714712087178794
1,75,67,4,4,0.2556468221039865
1,76,79,4,4,0.1953545919036177
1,77,73,4,4,0.182164231240314
1,78,62,4,4,0.2109210196114255
1,79,76,4,4,0.1953545919036177
1,80,96,5,5,0.15459687548619439
1,81,83,5,5,0.16920116645990713
1,82,83,5,5,0.19089635987560727
1,83,93,5,5,0.14880612369571766
1,84,91,5,5,0.2029848416959601
1,85,94,5,5,0.2596104624586617
1,86,83,5,5,0.24899296488495426
1,87,96,5,5,0.12663486920627198
1,88,94,5,5,0.19031638373076398
1,89,99,5,5,0.20087255162987927
1,90,96,5,5,0.22075515058775252
1,91,95,5,5,0.17496326720791178
1,92,98,5,5,0.21286957027148046
1,93,83,5,5,0.14880612369571766
1,94,88,5,5,0.19031638373076398
1,95,91,5,5,0.17496326720791178
1,96,87,5,5,0.12663486920627198
1,97,80,5,5,0.17813970461873718
1,98,96,5,5,0.14741586241768379
1,99,96,5,5,0.1372917849344446
1,100,101,6,6,0.2726601172999479
1,101,100,6,6,0.2726601172999479
1,102,110,6,6,0.37499011671480886
1,103,118,6,6,0.29585487903332996
1,104,107,6,6,0.35340560289513
1,105,107,6,6,0.30227155318758103
1,106,115,6,6,0.3744425169589263
1,107,117,6,6,0.1810315343481368
1,108,107,6,6,0.32190081935271353
1,109,118,6,6,0.2664590147061694
1,110,118,6,6,0.30266450529584343
1,111,107,6,6,0.3003470036868916
1,112,107,6,6,0.3102454420833294
1,113,107,6,6,0.23505034438834405
1,114,115,6,6,0.33718765099357073
1,115,107,6,6,0.2806553226442805
1,116,117,6,6,0.2430000973038351
1,117,107,6,6,0.1810315343481368
1,118,109,6,6,0.2664590147061694
1,119,109,6,6,0.2847424993724035
1,120,138,7,7,0.27463899067556485
1,121,138,7,7,0.2870623376479515
1,122,123,7,7,0.22013073624269364
1,123,122,7,7,0.22013073624269364
1,124,135,7,7,0.28934574173622973
1,125,25,7,2,0.40365085050269345
1,126,135,7,7,0.3681446877134522
1,127,137,7,7,0.22069032534357214
1,128,135,7,7,0.3111289861120452
1,129,132,7,7,0.29285204159850253
1,130,123,7,7,0.3059716946175255
1,131,135,7,7,0.2718216415019601
1,132,127,7,7,0.2757246277429364
1,133,137,7,7,0.2817802161054561
1,134,135,7,7,0.3167430667759108
1,135,35,7,2,0.24512026316502644
1,136,127,7,7,0.2630132831061367
1,137,127,7,7,0.22069032534357214
1,138,137,7,7,0.24322423834982043
1,139,136,7,7,0.2736752322243634
1,140,58,8,3,0.12075187947068611
1,141,58,8,3,0.16874560266403593
1,142,158,8,8,0.13272136449973115
1,143,142,8,8,0.13444244264381244
1,144,47,8,3,0.14131014824150023
1,145,45,8,3,0.24754557269059063
1,146,153,8,8,0.20202988457184845
1,147,143,8,8,0.15335845019639693
1,148,153,8,8,0.18402106532859697
1,149,58,8,3,0.12339946727053963
1,150,144,8,8,0.20264203164060457
1,151,48,8,3,0.15642894132133356
1,152,158,8,8,0.14188910548814126
1,153,143,8,8,0.14577970238081273
1,154,48,8,3,0.13791899378793904
1,155,55,8,3,0.13689554830843598
1,156,144,8,8,0.18052027198373288
1,157,53,8,3,0.10912023536758264
1,158,142,8,8,0.13272136449973115
1,159,149,8,8,0.13848285812447947
1,160,60,9,4,0.2453544958315712
1,161,61,9,4,0.2906475901083505
1,162,172,9,9,0.2964882305535206
1,163,170,9,9,0.2665956641495688
1,164,168,9,9,0.3246274644274103
1,165,65,9,4,0.2553258838660233
1,166,171,9,9,0.29280278174173113
1,167,177,9,9,0.2215657261482702
1,168,171,9,9,0.3103355456906325
1,169,179,9,9,0.2783882494100991
1,170,163,9,9,0.2665956641495688
1,171,170,9,9,0.2839857709055347
1,172,162,9,9,0.2964882305535206
1,173,179,9,9,0.26456611232667004
1,174,168,9,9,0.3691453360203327
1,175,167,9,9,0.3408802817250025
1,176,76,9,4,0.22115456410521106
1,177,179,9,9,0.22008935646967887
1,178,78,9,4,0.2793541425202628
1,179,76,9,4,0.20925622665650212
1,180,197,10,10,0.16979280760773086
1,181,88,10,5,0.23266227224034086
1,182,192,10,10,0.2390104129849122
1,183,180,10,10,0.19507859111256676
1,184,193,10,10,0.23666082967323687
1,185,194,10,10,0.3049886291766033
1,186,192,10,10,0.28039349379409906
1,187,190,10,10,0.24755450206841223
1,188,194,10,10,0.24039675707603347
1,189,88,10,5,0.2298005233988627
1,190,191,10,10,0.22940712587762002
1,191,190,10,10,0.22940712587762002
1,192,198,10,10,0.2028709716425534
1,193,183,10,10,0.21108802698894769
1,194,192,10,10,0.22395775183704214
1,195,194,10,10,0.23784996477746057
1,196,191,10,10,0.2327465527916941
1,197,180,10,10,0.16979280760773086
1,198,192,10,10,0.2028709716425534
1,199,180,10,10,0.19557648087464807
1,200,217,11,11,0.8402003156525968
1,201,200,11,11,0.8719203360485306
1,202,209,11,11,0.9246982027934962
1,203,218,11,11,0.8357811993402551
1,204,210,11,11,0.9559011445012435
1,205,214,11,11,1.0913770860886636
1,206,210,11,11,1.0947692143223293
1,207,217,11,11,0.7260920893317442
1,208,209,11,11,0.9574583892666073
1,209,218,11,11,0.8262290086614159
1,210,218,11,11,0.887339013864437
1,211,219,11,11,0.8492458876832776
1,212,219,11,11,0.9377205492329197
1,213,218,11,11,0.8351365269881752
1,214,213,11,11,0.984296426643597
1,215,210,11,11,0.9090203174464577
1,216,207,11,11,0.8289414347867314
1,217,207,11,11,0.7260920893317442
1,218,217,11,11,0.7518121993372167
1,219,211,11,11,0.8492458876832776
1,220,227,12,12,0.5557259035180238
1,221,232,12,12,0.6632847349009563
1,222,236,12,12,0.614920843950955
1,223,236,12,12,0.5925488746678891
1,224,230,12,12,0.7092197357963697
1,225,234,12,12,0.9017376411693274
1,226,239,12,12,0.8774982744226083
1,227,220,12,12,0.5557259035180238
1,228,227,12,12,0.6456004864846436
1,229,230,12,12,0.6014937655284744
1,230,236,12,12,0.5883738807392256
1,231,230,12,12,0.6013749113972016
1,232,221,12,12,0.6632847349009563
1,233,230,12,12,0.591000624512634
1,234,224,12,12,0.8291263446797932
1,235,227,12,12,0.7816819435817322
1,236,220,12,12,0.5675363850820572
1,237,236,12,12,0.6153124858522172
1,238,220,12,12,0.5561554097528982
1,239,227,12,12,0.6382097679033549
1,240,243,13,13,0.5336163982762581
1,241,247,13,13,0.6468087198066099
1,242,259,13,13,0.5649341134681161
1,243,249,13,13,0.5142673038912042
1,244,257,13,13,0.6432045186266571
1,245,247,13,13,1.0514417933246443
1,246,249,13,13,0.7804763849708378
1,247,249,13,13,0.5081436644962074
1,248,247,13,13,0.7129472169047892
1,249,247,13,13,0.5081436644962074
1,250,240,13,13,0.6476900761663669
1,251,250,13,13,0.7103156349439534
1,252,247,13,13,0.728917912618801
1,253,256,13,13,0.6970906262415912
1,254,247,13,13,0.7671006256466728
1,255,249,13,13,0.6984078164374206
1,256,249,13,13,0.519824769550838
1,257,249,13,13,0.6105537313988691
1,258,240,13,13,0.5594113957761779
1,259,240,13,13,0.5395998755296794
1,260,277,14,14,0.5398786120131105
1,261,260,14,14,0.8614113628924576
1,262,260,14,14,0.8706257671770217
1,263,276,14,14,0.8088537561789104
1,264,262,14,14,0.9561632907581359
1,265,267,14,14,1.08757357279567
1,266,276,14,14,1.197502883100329
1,267,278,14,14,0.7252262756921406
1,268,278,14,14,0.9226251830076835
1,269,278,14,14,0.7850249090997923
1,270,271,14,14,0.9448763622578504
1,271,273,14,14,0.8556569008283312
1,272,276,14,14,0.947021895946061
1,273,271,14,14,0.8556569008283312
1,274,269,14,14,1.0953473229509476
1,275,269,14,14,0.9119445788233784
1,276,277,14,14,0.793046079998879
1,277,260,14,14,0.5398786120131105
1,278,267,14,14,0.7252262756921406
1,279,260,14,14,0.8238243269842342
1,280,298,15,15,0.47634845496343714
1,281,298,15,15,0.7376145850638021
1,282,298,15,15,0.7353127134437998
1,283,298,15,15,0.657544036488126
1,284,298,15,15,0.7430005177840984
1,285,295,15,15,0.6338541571306571
1,286,291,15,15,0.8678678771519799
1,287,298,15,15,0.6254549291948137
1,288,291,15,15,0.7580039202567344
1,289,298,15,15,0.6054980395159124
1,290,289,15,15,0.7528889971053281
1,291,289,15,15,0.7244461608810864
1,292,232,15,12,0.8403409979129608
1,293,298,15,15,0.6531410497795724
1,294,298,15,15,0.8691439939880632
1,295,285,15,15,0.6338541571306571
1,296,298,15,15,0.6807240836999744
1,297,280,15,15,0.5907982499858706
1,298,280,15,15,0.47634845496343714
1,299,298,15,15,0.6553201093107672
2,0,17,1,1,0.298421783493525
2,1,93,1,5,0.37511851125464335
2,2,3,1,1,0.44363936695501227
2,3,17,1,1,0.2716280137457372
2,4,3,1,1,0.5378350772792506
2,5,8,1,1,0.6726133637870038
2,6,14,1,1,0.5886107418512663
2,7,16,1,1,0.2931265740534057
2,8,14,1,1,0.4159393760647201
2,9,16,1,1,0.35471132750823453
2,10,0,1,1,0.3893064467942775
2,11,16,1,1,0.3977515546281287
2,12,0,1,1,0.4425415092984133
2,13,7,1,1,0.3130518397386388
2,14,3,1,1,0.35740099382186696
2,15,14,1,1,0.3954446303463093
2,16,7,1,1,0.2931265740534057
2,17,3,1,1,0.2716280137457372
2,18,17,1,1,0.29600361040771395
2,19,13,1,1,0.37623905124068924
2,20,38,2,2,0.3174703167282107
2,21,37,2,2,0.48379013527356585
2,22,33,2,2,0.3238059898407464
2,23,33,2,2,0.3487726149839223
2,24,37,2,2,0.45413841887963624
2,25,27,2,2,0.4047181085257996
2,26,30,2,2,0.6788657906752384
2,27,38,2,2,0.2848971531888451
2,28,128,2,7,0.3240760593190877
2,29,129,2,7,0.3373632717590844
2,30,35,2,2,0.4351359885488113
2,31,35,2,2,0.43150151079697396
2,32,132,2,7,0.4492573241210156
2,33,27,2,2,0.28754734402550497
2,34,35,2,2,0.4585352089909118
2,35,28,2,2,0.32700045817983536
2,36,27,2,2,0.2940343597017032
2,37,33,2,2,0.288078819343514
2,38,27,2,2,0.2848971531888451
2,39,37,2,2,0.3388044991021457
2,40,57,3,3,0.18380159171820853
2,41,49,3,3,0.2508079964465606
2,42,43,3,3,0.35078275885025856
2,43,59,3,3,0.2306412015547663
2,44,144,3,8,0.2861260912358017
2,45,47,3,3,0.5295607611917568
2,46,56,3,3,0.2874384979134952
2,47,149,3,8,0.259961117389949
2,48,59,3,3,0.28909841503565326
2,49,59,3,3,0.23382259378226777
2,50,57,3,3,0.3656699048586711
2,51,44,3,3,0.33382116271291107
2,52,59,3,3,0.2818440135178353
2,53,59,3,3,0.25892049188346067
2,54,53,3,3,0.3443795364018316
2,55,49,3,3,0.3077071993193914
2,56,59,3,3,0.2247306053359297
2,57,40,3,3,0.18380159171820853
2,58,158,3,8,0.19962781254419792
2,59,58,3,3,0.20498189087511554
2,60,77,4,4,0.25769595016691627
2,61,78,4,4,0.4441450853837072
2,62,78,4,4,0.41084137280021227
2,63,78,4,4,0.33056296798623497
2,64,68,4,4,0.46155079200855864
2,65,68,4,4,0.5390201847806182
2,66,60,4,4,0.530675012859986
2,67,73,4,4,0.31077782312194135
2,68,72,4,4,0.4485091976825797
2,69,71,4,4,0.4252418821461674
2,70,78,4,4,0.4708032310635877
2,71,76,4,4,0.38855845417186474
2,72,71,4,4,0.41402388626705466
2,73,67,4,4,0.31077782312194135
2,74,68,4,4,0.5727426028463527
2,75,67,4,4,0.4584106538496051
2,76,60,4,4,0.31797837461359335
2,77,60,4,4,0.25769595016691627
2,78,60,4,4,0.29628098753777343
2,79,78,4,4,0.3976732893460544
2,80,98,5,5,0.2106462548522019
2,81,87,5,5,0.29289526231364804
2,82,98,5,5,0.27310531985134334
2,83,98,5,5,0.2530724455946636
2,84,96,5,5,0.37815022578354096
2,85,88,5,5,0.4846029951438875
2,86,93,5,5,0.3242360101499897
2,87,96,5,5,0.2210202663016776
2,88,99,5,5,0.24677426229872368
2,89,99,5,5,0.31240476859438293
2,90,98,5,5,0.3238836634433113
2,91,96,5,5,0.31329654490227776
2,92,98,5,5,0.27392865557000734
2,93,87,5,5,0.2501924082388074
2,94,88,5,5,0.3054108067614969
2,95,88,5,5,0.3059142225694649
2,96,87,5,5,0.2210202663016776
2,97,80,5,5,0.26262484253497775
2,98,80,5,5,0.2106462548522019
2,99,98,5,5,0.22850347246573577
2,100,117,6,6,0.37054136498320256
2,101,110,6,6,0.569030917388399
2,102,2,6,1,0.5644424510648951
2,103,107,6,6,0.41015558288608833
2,104,103,6,6,0.5117802413487136
2,105,117,6,6,0.6009241865055717
2,106,6,6,1,0.6077633770901376
2,107,7,6,1,0.36158900126495985
2,108,115,6,6,0.5334512355746712
2,109,107,6,6,0.49019229903031825
2,110,103,6,6,0.46250614657488853
2,111,109,6,6,0.5250410732481237
2,112,107,6,6,0.532009413502784
2,113,107,6,6,0.45669933222457737
2,114,64,6,4,0.4996740906054702
2,115,15,6,1,0.5207307519628488
2,116,119,6,6,0.4106484162365476
2,117,17,6,1,0.34223040651354864
2,118,7,6,1,0.44120305188987885
2,119,116,6,6,0.4106484162365476
2,120,138,7,7,0.4035309307486121
2,121,136,7,7,0.4566339243304598
2,122,22,7,2,0.37627189477598266
2,123,127,7,7,0.4402398791613451
2,124,24,7,2,0.48235974063285947
2,125,25,7,2,0.6544483162129464
2,126,131,7,7,0.5026396751103799
2,127,132,7,7,0.3730827778181245
2,128,28,7,2,0.3240760593190877
2,129,29,7,2,0.3373632717590844
2,130,127,7,7,0.46961611444790163
2,131,135,7,7,0.3842013187424207
2,132,127,7,7,0.3730827778181245
2,133,137,7,7,0.47361751676678376
2,134,34,7,2,0.511636921667098
2,135,131,7,7,0.3842013187424207
2,136,139,7,7,0.3929322207708166
2,137,138,7,7,0.38952438773060005
2,138,137,7,7,0.38952438773060005
2,139,29,7,2,0.3780281579035152
2,140,158,8,8,0.21569992734491827
2,141,56,8,3,0.29223124380569265
2,142,42,8,3,0.35236323780873824
2,143,158,8,8,0.19967653220785375
2,144,149,8,8,0.2534532811631729
2,145,45,8,3,0.5792357273627025
2,146,46,8,3,0.32840692751259604
2,147,156,8,8,0.23894572807329761
2,148,48,8,3,0.32702801730191644
2,149,158,8,8,0.24167326710115788
2,150,56,8,3,0.3992068826863575
2,151,144,8,8,0.3839958551228453
2,152,149,8,8,0.29294400470689763
2,153,56,8,3,0.26626090862468965
2,154,53,8,3,0.32254124940051176
2,155,144,8,8,0.3234706291320746
2,156,147,8,8,0.23894572807329761
2,157,43,8,3,0.26731960963671475
2,158,58,8,3,0.19962781254419792
2,159,143,8,8,0.2345762608873514
2,160,60,9,4,0.3650488939355143
2,161,61,9,4,0.47395302803188244
2,162,62,9,4,0.47947130269453697
2,163,178,9,9,0.41905059588417193
2,164,175,9,9,0.6056228003362367
2,165,65,9,4,0.5735420674571787
2,166,73,9,4,0.6452983347671548
2,167,160,9,9,0.41117556954090473
2,168,68,9,4,0.5582006022488899
2,169,176,9,9,0.4794859221668297
2,170,160,9,9,0.45975068400717634
2,171,177,9,9,0.47372823056158664
2,172,160,9,9,0.5920610019259003
2,173,176,9,9,0.5808589529196753
2,174,68,9,4,0.6177586492807028
2,175,170,9,9,0.49819920804546136
2,176,167,9,9,0.41183431387779756
2,177,77,9,4,0.3606700099536757
2,178,160,9,9,0.38858366461285065
2,179,176,9,9,0.4684752431145649
2,180,181,10,10,0.2677016664048115
2,181,180,10,10,0.2677016664048115
2,182,198,10,10,0.4469436355944132
2,183,181,10,10,0.30853540595603945
2,184,197,10,10,0.39048191884638017
2,185,195,10,10,0.5125511229330322
2,186,196,10,10,0.5338456924635668
2,187,196,10,10,0.36137525069241017
2,188,198,10,10,0.3350535168696449
2,189,196,10,10,0.3338874072171356
2,190,198,10,10,0.4253648521372948
2,191,91,10,5,0.36886806544347417
2,192,198,10,10,0.32933379825472753
2,193,199,10,10,0.3797430494187153
2,194,188,10,10,0.35196998639098687
2,195,189,10,10,0.36092182271711226
2,196,180,10,10,0.31038280316278644
2,197,180,10,10,0.26991436134052615
2,198,192,10,10,0.32933379825472753
2,199,196,10,10,0.3455297480429156
2,200,218,11,11,1.0444552603087294
2,201,218,11,11,1.36415716841065
2,202,222,11,12,1.4220801871836497
2,203,207,11,11,1.4372013807256232
2,204,217,11,11,1.3229967382711965
2,205,225,11,12,1.3483564038086437
2,206,226,11,12,1.3775807097503137
2,207,218,11,11,1.1060029792845665
2,208,228,11,12,1.3073787435336994
2,209,216,11,11,1.2563419377293163
2,210,237,11,12,1.3530670359801618
2,211,231,11,12,1.1727404392459457
2,212,232,11,12,1.3335520612505016
2,213,217,11,11,1.2040643489576688
2,214,215,11,11,1.4146453587950591
2,215,214,11,11,1.4146453587950591
2,216,219,11,11,1.2353689815405744
2,217,213,11,11,1.2040643489576688
2,218,200,11,11,1.0444552603087294
2,219,200,11,11,1.129410182410746
2,220,239,12,12,0.9905739193868282
2,221,236,12,12,1.3329754696119052
2,222,224,12,12,1.2950529953109706
2,223,283,12,15,1.3207568795852753
2,224,230,12,12,1.2665081697973708
2,225,205,12,11,1.3483564038086437
2,226,206,12,11,1.3775807097503137
2,227,236,12,12,1.1274113129560523
2,228,208,12,11,1.3073787435336994
2,229,236,12,12,1.3149018887519657
2,230,237,12,12,1.242624451698508
2,231,211,12,11,1.1727404392459457
2,232,212,12,11,1.3335520612505016
2,233,220,12,12,1.2408598188859377
2,234,214,12,11,1.4207489450897668
2,235,228,12,12,1.3608911199065057
2,236,239,12,12,1.0786591538437986
2,237,220,12,12,1.2424914250712376
2,238,220,12,12,1.1227622830993278
2,239,220,12,12,0.9905739193868282
2,240,258,13,13,0.987400147260282
2,241,258,13,13,1.206472844358586
2,242,257,13,13,1.4140099654009053
2,243,257,13,13,1.27399191655465
2,244,257,13,13,1.281812452866867
2,245,255,13,13,1.4728492584011765
2,246,197,13,10,1.4702235927954024
2,247,258,13,13,1.0044114993024795
2,248,250,13,13,1.4266358715203706
2,249,259,13,13,1.217100617696453
2,250,240,13,13,1.1099142538876432
2,251,257,13,13,1.293029089635296
2,252,241,13,13,1.3459298684196834
2,253,258,13,13,1.1805844844469788
2,254,255,13,13,1.4427591380283178
2,255,249,13,13,1.4359477683194612
2,256,247,13,13,1.1790364796232204
2,257,259,13,13,1.1299836141965098
2,258,240,13,13,0.987400147260282
2,259,240,13,13,1.0332788739043042
2,260,278,14,14,0.9740199380218775
2,261,267,14,14,1.4218345714878196
2,262,275,14,14,1.5348651604732688
2,263,276,14,14,1.3708113170361769
2,264,279,14,14,1.3298419289154948
2,265,279,14,14,1.3579128685427553
2,266,271,14,14,1.5770509022303005
2,267,278,14,14,1.1137545970850253
2,268,275,14,14,1.3653926375294512
2,269,267,14,14,1.4252125089277823
2,270,278,14,14,1.2954700285382719
2,271,268,14,14,1.3840333986427131
2,272,276,14,14,1.3836348735388215
2,273,277,14,14,1.1991406609464852
2,274,260,14,14,1.4891227946874102
2,275,268,14,14,1.3653926375294512
2,276,277,14,14,1.1428627995618248
2,277,267,14,14,1.1248288534888495
2,278,260,14,14,0.9740199380218775
2,279,260,14,14,1.1169344494022568
2,280,298,15,15,1.295105685800623
2,281,298,15,15,1.3574741162774462
2,282,222,15,12,1.4104008929407508
2,283,223,15,12,1.3207568795852753
2,284,289,15,15,1.3644965816126255
2,285,295,15,15,0.9394684884212954
2,286,258,15,13,1.5263649869448794
2,287,298,15,15,1.220012399166062
2,288,293,15,15,1.430849905233389
2,289,229,15,12,1.3236873265293148
2,290,280,15,15,1.3217094817506803
2,291,299,15,15,1.4628900277573436
2,292,296,15,15,1.380961060145763
2,293,290,15,15,1.3318312437329651
2,294,234,15,12,1.4337070015769167
2,295,285,15,15,0.9394684884212954
2,296,299,15,15,1.2466089982574096
2,297,299,15,15,1.3513571510898816
2,298,287,15,15,1.220012399166062
2,299,296,15,15,1.2466089982574096
3,0,17,1,1,0.9464629885255109
3,1,101,1,6,1.271542255868301
3,2,22,1,2,1.1505742558921508
3,3,103,1,6,1.1521957358870334
3,4,10,1,1,1.2151955246591895
3,5,105,1,6,1.0400146932138714
3,6,106,1,6,1.1588749234256905
3,7,16,1,1,0.8456229443851473
3,8,128,1,7,1.2660885276838503
3,9,109,1,6,1.0336975702124875
3,10,0,1,1,1.0412721576136765
3,11,0,1,1,1.2370741515883865
3,12,0,1,1,1.2432692748535277
3,13,17,1,1,0.9966190712446525
3,14,35,1,2,1.2247748949114436
3,15,137,1,7,1.3503383130179745
3,16,7,1,1,0.8456229443851473
3,17,7,1,1,0.9253409197998257
3,18,0,1,1,1.1578300558455092
3,19,17,1,1,0.9696609884423795
3,20,38,2,2,0.6671933278288693
3,21,29,2,2,0.9730769227625955
3,22,23,2,2,0.853166428696637
3,23,37,2,2,0.8006989326309268
3,24,30,2,2,0.903003076598327
3,25,125,2,7,0.8843719924937337
3,26,126,2,7,0.9360768163437221
3,27,37,2,2,0.8189360292656898
3,28,128,2,7,0.7879884784554552
3,29,129,2,7,0.7073902673905208
3,30,23,2,2,0.8445603380387112
3,31,39,2,2,0.8713855147537539
3,32,99,2,5,0.8749221074540816
3,33,37,2,2,0.7147626066626471
3,34,36,2,2,0.984525611045372
3,35,135,2,7,0.7147043804372109
3,36,39,2,2,0.7143360982401705
3,37,33,2,2,0.7147626066626471
3,38,20,2,2,0.6671933278288693
3,39,36,2,2,0.7143360982401705
3,40,59,3,3,0.6205718496160928
3,41,56,3,3,0.7815790969329366
3,42,58,3,3,0.892482736050473
3,43,40,3,3,0.8102661009726133
3,44,49,3,3,0.7501835290739636
3,45,145,3,8,1.0750855991967536
3,46,146,3,8,0.7754754041507166
3,47,56,3,3,0.817527426956355
3,48,148,3,8,0.8011153094110013
3,49,149,3,8,0.6639331844731853
3,50,40,3,3,0.9221746269574524
3,51,59,3,3,0.8054135242419638
3,52,59,3,3,0.8563122421438203
3,53,40,3,3,0.8470437634359738
3,54,154,3,8,0.9651472545894295
3,55,155,3,8,0.8683844396026175
3,56,41,3,3,0.7815790969329366
3,57,157,3,8,0.6163919915674179
3,58,40,3,3,0.7194641332160974
3,59,40,3,3,0.6205718496160928
3,60,76,4,4,0.9245247637034382
3,61,161,4,9,1.166924136173611
3,62,162,4,9,1.3797099329313451
3,63,60,4,4,1.2407754225277476
3,64,170,4,9,1.217774617905084
3,65,165,4,9,1.4277519683556097
3,66,166,4,9,1.3378408690067976
3,67,76,4,4,0.9804473714790525
3,68,78,4,4,1.3050508102554792
3,69,60,4,4,1.1012820513113053
3,70,78,4,4,1.2204617247830454
3,71,171,4,9,1.2753784048688401
3,72,172,4,9,1.2938902929445595
3,73,77,4,4,1.126587180644801
3,74,174,4,9,1.2344506851852965
3,75,175,4,9,1.413610765204169
3,76,60,4,4,0.9245247637034382
3,77,67,4,4,1.0375706452575582
3,78,67,4,4,1.0256182583905362
3,79,77,4,4,1.1926419925094502
3,80,98,5,5,0.7917455014922203
3,81,96,5,5,1.0117221141196033
3,82,182,5,10,0.9693025204440562
3,83,183,5,10,0.9001721428928084
3,84,98,5,5,0.9565532326349895
3,85,185,5,10,1.1820629227913033
3,86,186,5,10,1.188476833211047
3,87,96,5,5,0.8822942919160703
3,88,188,5,10,1.0199604824387014
3,89,96,5,5,0.9035985716904276
3,90,98,5,5,0.955919470652163
3,91,191,5,10,1.030847699685874
3,92,99,5,5,0.909539537501191
3,93,99,5,5,0.8798761105750577
3,94,194,5,10,1.0709443733868094
3,95,88,5,5,1.1227240515284675
3,96,99,5,5,0.8561807644028689
3,97,80,5,5,0.8657086610052958
3,98,99,5,5,0.7648364874716089
3,99,98,5,5,0.7648364874716089
3,100,0,6,1,0.96665098388302
3,101,118,6,6,1.0044663028500884
3,102,104,6,6,1.261659848528446
3,103,118,6,6,1.0838613543745237
3,104,102,6,6,1.261659848528446
3,105,5,6,1,1.0400146932138714
3,106,6,6,1,1.1588749234256905
3,107,116,6,6,0.9010897892162844
3,108,8,6,1,1.2712026458925723
3,109,9,6,1,1.0336975702124875
3,110,10,6,1,1.1177840398595902
3,111,113,6,6,1.3539929875651553
3,112,100,6,6,1.2613472895815905
3,113,117,6,6,1.0099156154438664
3,114,14,6,1,1.2603228163339977
3,115,114,6,6,1.2896928274136765
3,116,107,6,6,0.9010897892162844
3,117,118,6,6,0.8451883521040013
3,118,117,6,6,0.8451883521040013
3,119,118,6,6,1.0388422323732416
3,120,29,7,2,0.8088381709439778
3,121,136,7,7,1.0227544977262997
3,122,22,7,2,0.9673072574257278
3,123,23,7,2,0.9028983892329645
3,124,24,7,2,0.9290081468929061
3,125,25,7,2,0.8843719924937337
3,126,26,7,2,0.9360768163437221
3,127,136,7,7,0.8703692014680633
3,128,28,7,2,0.7879884784554552
3,129,29,7,2,0.7073902673905208
3,130,136,7,7,0.9569982383433613
3,131,31,7,2,0.9599224808340836
3,132,29,7,2,0.9174537970574979
3,133,139,7,7,0.7612210680683096
3,134,28,7,2,1.000074479728359
3,135,35,7,2,0.7147043804372109
3,136,139,7,7,0.5679782343854847
3,137,138,7,7,0.902674384353324
3,138,139,7,7,0.7454658209319998
3,139,136,7,7,0.5679782343854847
3,140,158,8,8,0.733126890306415
3,141,41,8,3,0.9730613563769708
3,142,42,8,3,0.9195239162092914
3,143,158,8,8,0.8734444306762137
3,144,149,8,8,0.7500780833737566
3,145,45,8,3,1.0750855991967536
3,146,46,8,3,0.7754754041507166
3,147,156,8,8,0.7912961262053713
3,148,48,8,3,0.8011153094110013
3,149,49,8,3,0.6639331844731853
3,150,50,8,3,0.9293166836133684
3,151,51,8,3,0.9357542953393938
3,152,52,8,3,0.9827194241910635
3,153,53,8,3,0.8846343627728808
3,154,54,8,3,0.9651472545894295
3,155,55,8,3,0.8683844396026175
3,156,147,8,8,0.7912961262053713
3,157,57,8,3,0.6163919915674179
3,158,140,8,8,0.733126890306415
3,159,156,8,8,0.9108474087298901
3,160,176,9,9,0.9632218462577082
3,161,61,9,4,1.166924136173611
3,162,164,9,9,1.2880391573579013
3,163,178,9,9,1.127322417855643
3,164,170,9,9,1.1947563652612172
3,165,105,9,6,1.41973753349933
3,166,66,9,4,1.3378408690067976
3,167,177,9,9,0.9748916165996224
3,168,68,9,4,1.362452037078377
3,169,176,9,9,1.0859080531802479
3,170,164,9,9,1.1947563652612172
3,171,71,9,4,1.2753784048688401
3,172,178,9,9,1.2218313527186282
3,173,176,9,9,1.2106087808256947
3,174,74,9,4,1.2344506851852965
3,175,176,9,9,1.3938649665282523
3,176,160,9,9,0.9632218462577082
3,177,167,9,9,0.9748916165996224
3,178,160,9,9,0.9812061527758984
3,179,176,9,9,1.000584143544705
3,180,80,10,5,0.8328439207935425
3,181,198,10,10,1.038376002268762
3,182,82,10,5,0.9693025204440562
3,183,83,10,5,0.9001721428928084
3,184,182,10,10,1.1445187095875637
3,185,85,10,5,1.1820629227913033
3,186,86,10,5,1.188476833211047
3,187,196,10,10,0.9254426198470496
3,188,88,10,5,1.0199604824387014
3,189,199,10,10,1.0951903436574635
3,190,90,10,5,0.9905792646964351
3,191,91,10,5,1.030847699685874
3,192,199,10,10,1.164507425128896
3,193,187,10,10,0.9951897098855973
3,194,94,10,5,1.0709443733868094
3,195,194,10,10,1.1360663516902714
3,196,187,10,10,0.9254426198470496
3,197,187,10,10,0.9692918454716408
3,198,98,10,5,0.7834374893726688
3,199,180,10,10,0.9322148498537315
3,200,218,11,11,1.1260165776748778
3,201,218,11,11,1.398206293887112
3,202,203,11,11,1.5795838707307714
3,203,217,11,11,1.300595361713548
3,204,219,11,11,1.4401703815368099
3,205,268,11,14,1.4167492931462293
3,206,207,11,11,1.6684401718369717
3,207,216,11,11,1.081737325842365
3,208,270,11,14,1.5468931742689653
3,209,204,11,11,1.557529085603378
3,210,209,11,11,1.578223561411264
3,211,200,11,11,1.3698724150203172
3,212,217,11,11,1.4186113574349006
3,213,200,11,11,1.283619371572978
3,214,295,11,15,1.4839275542305221
3,215,202,11,11,1.580771050996895
3,216,207,11,11,1.081737325842365
3,217,219,11,11,1.2830434997983216
3,218,200,11,11,1.1260165776748778
3,219,200,11,11,1.13120430541216
3,220,239,12,12,1.039447473013813
3,221,229,12,12,1.5229857118249852
3,222,224,12,12,1.5816397446896138
3,223,237,12,12,1.1976816960803303
3,224,230,12,12,1.2734227849569335
3,225,236,12,12,1.5187333946495132
3,226,291,12,15,1.5264697930170201
3,227,238,12,12,1.218234769514388
3,228,231,12,12,1.4244933190528224
3,229,221,12,12,1.5229857118249852
3,230,224,12,12,1.2734227849569335
3,231,228,12,12,1.4244933190528224
3,232,239,12,12,1.431724125747846
3,233,220,12,12,1.3145816734163414
3,234,228,12,12,1.5873004750385578
3,235,218,12,11,1.54434088810031
3,236,220,12,12,1.1217719256768084
3,237,220,12,12,1.1414920931491954
3,238,220,12,12,1.1511552617361633
3,239,220,12,12,1.039447473013813
3,240,259,13,13,1.03733126639405
3,241,240,13,13,1.4395470184778056
3,242,243,13,13,1.5238582717055758
3,243,257,13,13,1.3851547625241658
3,244,250,13,13,1.4128231969216676
3,245,258,13,13,1.4035988816304523
3,246,245,13,13,1.7201696891092588
3,247,258,13,13,1.1221978249372946
3,248,255,13,13,1.5330245029963712
3,249,252,13,13,1.336229150370685
3,250,259,13,13,1.379841019971209
3,251,259,13,13,1.4059918233583175
3,252,257,13,13,1.2860834391243672
3,253,247,13,13,1.167007461491067
3,254,255,13,13,1.5774039353888136
3,255,252,13,13,1.4727301387657037
3,256,247,13,13,1.274748052559775
3,257,258,13,13,1.2380151232080046
3,258,240,13,13,1.0427645661355553
3,259,240,13,13,1.03733126639405
3,260,278,14,14,0.6977199293616059
3,261,269,14,14,1.4622921899572923
3,262,264,14,14,1.5127571810545093
3,263,277,14,14,1.4113303638098886
3,264,270,14,14,1.4095416776414225
3,265,276,14,14,1.3968645080093962
3,266,271,14,14,1.7248605514459936
3,267,276,14,14,1.0818021653252523
3,268,205,14,11,1.4167492931462293
3,269,261,14,14,1.4622921899572923
3,270,264,14,14,1.4095416776414225
3,271,279,14,14,1.323705195735933
3,272,275,14,14,1.5070291272978094
3,273,260,14,14,1.206676537787008
3,274,205,14,11,1.4740796747400378
3,275,272,14,14,1.5070291272978094
3,276,277,14,14,1.044844494811223
3,277,276,14,14,1.044844494811223
3,278,260,14,14,0.6977199293616059
3,279,260,14,14,0.9212946848173102
3,280,299,15,15,0.9631674392428944
3,281,298,15,15,1.582058978989704
3,282,292,15,15,1.4693237467161846
3,283,298,15,15,1.4281811035218088
3,284,290,15,15,1.4519682175398239
3,285,295,15,15,0.9230614843273641
3,286,258,15,13,1.6262082273045333
3,287,298,15,15,1.240082496688888
3,288,291,15,15,1.3784944542846667
3,289,299,15,15,1.3841167189517227
3,290,297,15,15,1.206313531992576
3,291,288,15,15,1.3784944542846667
3,292,289,15,15,1.4690935291158231
3,293,296,15,15,1.2018816707588087
3,294,217,15,11,1.5182050729547045
3,295,285,15,15,0.9230614843273641
3,296,280,15,15,1.0980758859780966
3,297,290,15,15,1.206313531992576
3,298,287,15,15,1.240082496688888
3,299,280,15,15,0.9631674392428944
4,0,18,1,1,0.02713560163168882
4,1,19,1,1,0.23019444924020704
4,2,12,1,1,0.12040927240319621
4,3,10,1,1,0.16589001691919103
4,4,10,1,1,0.12904781508669494
4,5,115,1,6,0.3326363140101791
4,6,106,1,6,0.3725883967032011
4,7,16,1,1,0.05719742688207918
4,8,15,1,1,0.18330290877462652
4,9,16,1,1,0.10817392641220702
4,10,4,1,1,0.12904781508669494
4,11,13,1,1,0.15112281739368072
4,12,16,1,1,0.08341039728978838
4,13,0,1,1,0.04379871845984784
4,14,15,1,1,0.25353493572150954
4,15,8,1,1,0.18330290877462652
4,16,7,1,1,0.05719742688207918
4,17,7,1,1,0.06929880949191314
4,18,0,1,1,0.02713560163168882
4,19,18,1,1,0.0459918594382116
4,20,39,2,2,0.03520419707518263
4,21,81,2,5,0.23672983453423901
4,22,32,2,2,0.18244094415928847
4,23,30,2,2,0.13762133416367894
4,24,30,2,2,0.17731341509878384
4,25,125,2,7,0.2856669866937336
4,26,126,2,7,0.2877604923545267
4,27,36,2,2,0.058033887551976804
4,28,35,2,2,0.17833276987338897
4,29,27,2,2,0.07502311907723613
4,30,23,2,2,0.13762133416367894
4,31,39,2,2,0.19466180923811316
4,32,27,2,2,0.11396379359154363
4,33,39,2,2,0.046159191007341116
4,34,35,2,2,0.34309341504677926
4,35,28,2,2,0.17833276987338897
4,36,38,2,2,0.02282986303718504
4,37,27,2,2,0.08755648245259118
4,38,36,2,2,0.02282986303718504
4,39,20,2,2,0.03520419707518263
4,40,58,3,3,0.04017403169357836
4,41,59,3,3,0.18606705536085144
4,42,57,3,3,0.13841875798512504
4,43,42,3,3,0.17319203464231925
4,44,57,3,3,0.10348347026933302
4,45,145,3,8,0.2067209645602046
4,46,146,3,8,0.28704153581985725
4,47,56,3,3,0.045936193384053414
4,48,148,3,8,0.10214273268271468
4,49,56,3,3,0.13743671666204005
4,50,57,3,3,0.15569368605033063
4,51,53,3,3,0.16454769961569338
4,52,56,3,3,0.13837019312266108
4,53,40,3,3,0.06158928222536186
4,54,55,3,3,0.1557238336565181
4,55,54,3,3,0.1557238336565181
4,56,47,3,3,0.045936193384053414
4,57,44,3,3,0.10348347026933302
4,58,40,3,3,0.04017403169357836
4,59,40,3,3,0.05072417010386854
4,60,78,4,4,0.029127754089649294
4,61,76,4,4,0.24011458548921705
4,62,72,4,4,0.11650042028057617
4,63,69,4,4,0.15590183649171996
4,64,77,4,4,0.12106460780626627
4,65,71,4,4,0.33415341662320897
4,66,166,4,9,0.49964011280771836
4,67,76,4,4,0.06744236445832041
4,68,75,4,4,0.12663094974451194
4,69,67,4,4,0.15133699288440372
4,70,64,4,4,0.12476988598852357
4,71,79,4,4,0.18332527395871256
4,72,62,4,4,0.11650042028057617
4,73,60,4,4,0.03844598541376065
4,74,75,4,4,0.23946481908590744
4,75,68,4,4,0.12663094974451194
4,76,78,4,4,0.054963431490727244
4,77,79,4,4,0.1102821528081892
4,78,60,4,4,0.029127754089649294
4,79,60,4,4,0.05084754298327088
4,80,98,5,5,0.026602222791570984
4,81,32,5,2,0.20108303113954307
4,82,92,5,5,0.10474364794514246
4,83,90,5,5,0.14237159153231627
4,84,90,5,5,0.11993926205788363
4,85,135,5,7,0.2654150317103925
4,86,26,5,2,0.3223978782353032
4,87,96,5,5,0.04881958881515858
4,88,188,5,10,0.1896962405073328
4,89,92,5,5,0.10193498012687163
4,90,84,5,5,0.11993926205788363
4,91,93,5,5,0.16606380907926943
4,92,89,5,5,0.10193498012687163
4,93,80,5,5,0.05385813622540647
4,94,95,5,5,0.24830133320691083
4,95,24,5,2,0.20949028655693414
4,96,87,5,5,0.04881958881515858
4,97,87,5,5,0.06587536779240355
4,98,80,5,5,0.026602222791570984
4,99,80,5,5,0.045018630797419634
4,100,119,6,6,0.056812484832122534
4,101,119,6,6,0.2255415439365378
4,102,112,6,6,0.0852314345823626
4,103,109,6,6,0.17047581643162535
4,104,110,6,6,0.1420519800965394
4,105,111,6,6,0.32316705222550923
4,106,6,6,1,0.3725883967032011
4,107,118,6,6,0.07085153742535111
4,108,115,6,6,0.18817439317409534
4,109,116,6,6,0.12498315661676629
4,110,104,6,6,0.1420519800965394
4,111,118,6,6,0.18212473866223666
4,112,102,6,6,0.0852314345823626
4,113,100,6,6,0.06012730586060311
4,114,4,6,1,0.22826055201840645
4,115,108,6,6,0.18817439317409534
4,116,119,6,6,0.06106519863012516
4,117,113,6,6,0.10209698146965529
4,118,100,6,6,0.059567875343341736
4,119,100,6,6,0.056812484832122534
4,120,138,7,7,0.0336729466761061
4,121,38,7,2,0.2374024714392955
4,122,132,7,7,0.13639421692556564
4,123,130,7,7,0.08383673495558908
4,124,137,7,7,0.1327318304973193
4,125,25,7,2,0.2856669866937336
4,126,26,7,2,0.2877604923545267
4,127,136,7,7,0.041558389512593275
4,128,28,7,2,0.18140758348195574
4,129,127,7,7,0.08734493317946024
4,130,123,7,7,0.08383673495558908
4,131,120,7,7,0.18373514707333616
4,132,127,7,7,0.11183855574341584
4,133,120,7,7,0.03968398371502024
4,134,24,7,2,0.18602007037769241
4,135,195,7,10,0.2194171734496988
4,136,138,7,7,0.032704339583865316
4,137,127,7,7,0.09167197417739015
4,138,136,7,7,0.032704339583865316
4,139,136,7,7,0.038137265478131344
4,140,158,8,8,0.027070379310504045
4,141,159,8,8,0.13161288549585115
4,142,157,8,8,0.11075963873540018
4,143,142,8,8,0.1313354648451326
4,144,157,8,8,0.1275453505636821
4,145,45,8,3,0.2067209645602046
4,146,46,8,3,0.28704153581985725
4,147,156,8,8,0.03601536187417387
4,148,48,8,3,0.10214273268271468
4,149,156,8,8,0.1206919936584876
4,150,157,8,8,0.13642473984718229
4,151,140,8,8,0.16317499118054135
4,152,142,8,8,0.12661855405493427
4,153,140,8,8,0.04591642550470332
4,154,155,8,8,0.18524931853465332
4,155,148,8,8,0.1636028355188619
4,156,147,8,8,0.03601536187417387
4,157,159,8,8,0.10656697739105891
4,158,140,8,8,0.027070379310504045
4,159,140,8,8,0.04915919998112406
4,160,173,9,9,0.03963697749508022
4,161,179,9,9,0.23163420224695552
4,162,172,9,9,0.06638353663757823
4,163,162,9,9,0.15753343758944127
4,164,170,9,9,0.10198471858291125
4,165,171,9,9,0.3599261172218464
4,166,66,9,4,0.49964011280771836
4,167,178,9,9,0.048228473753817225
4,168,175,9,9,0.20682022775223619
4,169,179,9,9,0.09883835753429393
4,170,164,9,9,0.10198471858291125
4,171,179,9,9,0.17949627568479065
4,172,162,9,9,0.06638353663757823
4,173,160,9,9,0.03963697749508022
4,174,175,9,9,0.23424579931043943
4,175,168,9,9,0.20682022775223619
4,176,179,9,9,0.060358317205394085
4,177,167,9,9,0.05631801763673416
4,178,160,9,9,0.039730135703561986
4,179,176,9,9,0.060358317205394085
4,180,199,10,10,0.04018972643902474
4,181,180,10,10,0.22971308051007622
4,182,192,10,10,0.1220310068985726
4,183,182,10,10,0.15995189395344367
4,184,197,10,10,0.1261756971454968
4,185,15,10,1,0.27385620170866454
4,186,126,10,7,0.332450517620714
4,187,196,10,10,0.054450210752600814
4,188,195,10,10,0.1872737176594914
4,189,196,10,10,0.11182095450163865
4,190,197,10,10,0.13243243622316614
4,191,199,10,10,0.17208606866001697
4,192,182,10,10,0.1220310068985726
4,193,198,10,10,0.07368171532147705
4,194,84,10,5,0.23136665541985568
4,195,188,10,10,0.1872737176594914
4,196,199,10,10,0.047477893814466654
4,197,187,10,10,0.08443334846746353
4,198,180,10,10,0.04094943364173553
4,199,180,10,10,0.04018972643902474
4,200,219,11,11,0.08217281446894731
4,201,213,11,11,0.24351789813574976
4,202,203,11,11,0.1747490012637718
4,203,209,11,11,0.1669072068242794
4,204,209,11,11,0.26728110926129434
4,205,200,11,11,0.37235653621891784
4,206,274,11,14,0.43420420636848234
4,207,217,11,11,0.04153574710606178
4,208,212,11,11,0.47385675825905804
4,209,203,11,11,0.1669072068242794
4,210,217,11,11,0.22874549436830738
4,211,216,11,11,0.27449211674213125
4,212,209,11,11,0.2711337640438316
4,213,200,11,11,0.1777691119514615
4,214,295,11,15,0.2849851503537011
4,215,202,11,11,0.29842588218249944
4,216,218,11,11,0.02016693248248802
4,217,207,11,11,0.04153574710606178
4,218,216,11,11,0.02016693248248802
4,219,200,11,11,0.08217281446894731
4,220,236,12,12,0.07344677108615305
4,221,238,12,12,0.1657414470271883
4,222,245,12,13,0.3761508389082382
4,223,229,12,12,0.1836069064712471
4,224,223,12,12,0.22549873014421729
4,225,226,12,12,0.38652782241668326
4,226,225,12,12,0.38652782241668326
4,227,238,12,12,0.06038523604352575
4,228,294,12,15,0.5195407891876647
4,229,223,12,12,0.1836069064712471
4,230,237,12,12,0.24956488047362502
4,231,232,12,12,0.18785241130639685
4,232,229,12,12,0.184933456115423
4,233,220,12,12,0.16404073450573176
4,234,255,12,13,0.47218156126109356
4,235,224,12,12,0.42660698601258273
4,236,220,12,12,0.07344677108615305
4,237,220,12,12,0.08167339168873577
4,238,227,12,12,0.06038523604352575
4,239,220,12,12,0.0909925666511997
4,240,259,13,13,0.09379804863877528
4,241,256,13,13,0.1498320742415682
4,242,243,13,13,0.21678176310770247
4,243,249,13,13,0.19286406368930664
4,244,255,13,13,0.23497409077928033
4,245,222,13,12,0.3761508389082382
4,246,224,13,12,0.3857070455136098
4,247,257,13,13,0.08334734959586232
4,248,244,13,13,0.3263473716529479
4,249,243,13,13,0.19286406368930664
4,250,244,13,13,0.27632594433261004
4,251,252,13,13,0.22188716741222003
4,252,256,13,13,0.19250067571160923
4,253,247,13,13,0.10158967721385137
4,254,248,13,13,0.812037909922189
4,255,244,13,13,0.23497409077928033
4,256,258,13,13,0.037224804528570354
4,257,258,13,13,0.051744749797121514
4,258,256,13,13,0.037224804528570354
4,259,240,13,13,0.09379804863877528
4,260,277,14,14,0.040320336882990526
4,261,276,14,14,0.22760640183309322
4,262,263,14,14,0.16044354503858527
4,263,262,14,14,0.16044354503858527
4,264,269,14,14,0.2689403449730112
4,265,267,14,14,0.45351674888190563
4,266,272,14,14,1.045761604078362
4,267,277,14,14,0.06258647379156557
4,268,272,14,14,0.4048271889669901
4,269,263,14,14,0.18218619620163579
4,270,278,14,14,0.1773318601624585
4,271,276,14,14,0.1271902584864233
4,272,271,14,14,0.27764134497011095
4,273,267,14,14,0.11624753645101027
4,274,206,14,11,0.43420420636848234
4,275,269,14,14,0.26506700297828356
4,276,278,14,14,0.11752726997428198
4,277,260,14,14,0.040320336882990526
4,278,267,14,14,0.09194092018454914
4,279,260,14,14,0.07939712260731224
4,280,299,15,15,0.09852792300601254
4,281,293,15,15,0.17898953007319407
4,282,283,15,15,0.2422945030541217
4,283,289,15,15,0.1911350509275085
4,284,289,15,15,0.30828467104221113
4,285,295,15,15,0.017080298630633983
4,286,285,15,15,0.4233221944409562
4,287,297,15,15,0.04962440966135606
4,288,292,15,15,0.4261694115890118
4,289,283,15,15,0.1911350509275085
4,290,297,15,15,0.1831288203739132
4,291,293,15,15,0.27246066944485325
4,292,289,15,15,0.23477534756242058
4,293,281,15,15,0.17898953007319407
4,294,226,15,12,0.5047225831797046
4,295,285,15,15,0.017080298630633983
4,296,298,15,15,0.05320951617464087
4,297,287,15,15,0.04962440966135606
4,298,296,15,15,0.05320951617464087
4,299,280,15,15,0.09852792300601254
5,0,13,1,1,0.005640048047227397
5,1,9,1,1,0.009012095178607904
5,2,192,1,10,0.011483166063200878
5,3,9,1,1,0.004957059479482329
5,4,10,1,1,0.019526634391840325
5,5,114,1,6,0.06323403186306886
5,6,186,1,10,0.10472268094191306
5,7,16,1,1,0.0006166598582695304
5,8,15,1,1,0.020766948925315054
5,9,3,1,1,0.004957059479482329
5,10,12,1,1,0.007399255942868166
5,11,12,1,1,0.014661311687241607
5,12,19,1,1,0.004435655160471175
5,13,0,1,1,0.005640048047227397
5,14,85,1,5,0.042883643148885486
5,15,8,1,1,0.020766948925315054
5,16,7,1,1,0.0006166598582695304
5,17,7,1,1,0.003070981945830109
5,18,16,1,1,0.003637238938728693
5,19,18,1,1,0.0037246610912584632
5,20,36,2,2,0.002217542164345776
5,21,29,2,2,0.011932444282372057
5,22,23,2,2,0.02387733483860055
5,23,29,2,2,0.00786994320334089
5,24,28,2,2,0.01253533459878775
5,25,134,2,7,0.07024800028390099
5,26,122,2,7,0.1367559715685256
5,27,37,2,2,0.00190707698612691
5,28,24,2,2,0.01253533459878775
5,29,27,2,2,0.006894468343654259
5,30,32,2,2,0.007495412823831815
5,31,39,2,2,0.015087170001983008
5,32,29,2,2,0.007117754812504762
5,33,20,2,2,0.008775540012260885
5,34,35,2,2,0.07611042069963703
5,35,28,2,2,0.013127009664308353
5,36,20,2,2,0.002217542164345776
5,37,27,2,2,0.00190707698612691
5,38,20,2,2,0.003126234462884403
5,39,20,2,2,0.006547321526336969
5,40,58,3,3,0.0017201926067145212
5,41,52,3,3,0.013719484387686887
5,42,43,3,3,0.019898864802082583
5,43,49,3,3,0.01672381011491253
5,44,50,3,3,0.02427603369931508
5,45,154,3,8,0.09132554186468123
5,46,146,3,8,0.16639739856165847
5,47,53,3,3,0.003904683214599469
5,48,55,3,3,0.012682288438890854
5,49,57,3,3,0.01625921585617851
5,50,52,3,3,0.023073628378893485
5,51,41,3,3,0.027963802329876497
5,52,59,3,3,0.005683632024789054
5,53,47,3,3,0.003904683214599469
5,54,55,3,3,0.061403073110384954
5,55,48,3,3,0.012682288438890854
5,56,47,3,3,0.004576934901244112
5,57,59,3,3,0.0031255458535159875
5,58,40,3,3,0.0017201926067145212
5,59,57,3,3,0.0031255458535159875
5,60,78,4,4,0.004463073303130116
5,61,69,4,4,0.006911333214629778
5,62,69,4,4,0.01462206991945969
5,63,69,4,4,0.005163535525454899
5,64,68,4,4,0.016123809594547955
5,65,174,4,9,0.08735519698108862
5,66,73,4,4,0.20535946914300585
5,67,76,4,4,0.003492908934824346
5,68,75,4,4,0.014399988816137244
5,69,72,4,4,0.002843287029213437
5,70,72,4,4,0.010000305928159703
5,71,61,4,4,0.011533355412186141
5,72,69,4,4,0.002843287029213437
5,73,78,4,4,0.005374782803737821
5,74,105,4,6,0.06182701976824001
5,75,68,4,4,0.014399988816137244
5,76,67,4,4,0.003492908934824346
5,77,79,4,4,0.004232153676899664
5,78,67,4,4,0.003963067697410949
5,79,77,4,4,0.004232153676899664
5,80,98,5,5,0.001926756117922368
5,81,92,5,5,0.012635921342829759
5,82,83,5,5,0.013799663267588524
5,83,89,5,5,0.011482567256549947
5,84,88,5,5,0.022806788849254467
5,85,14,5,1,0.042883643148885486
5,86,126,5,7,0.061884775346727317
5,87,96,5,5,0.001084055000743378
5,88,95,5,5,0.016561114008847078
5,89,92,5,5,0.009527806148510232
5,90,92,5,5,0.007747064472544807
5,91,99,5,5,0.021590602543340776
5,92,90,5,5,0.007747064472544807
5,93,87,5,5,0.008332931353894235
5,94,135,5,7,0.04524287856427289
5,95,88,5,5,0.016561114008847078
5,96,87,5,5,0.001084055000743378
5,97,87,5,5,0.002086770914422331
5,98,80,5,5,0.001926756117922368
5,99,97,5,5,0.005200516199233007
5,100,118,6,6,0.0020315811424225227
5,101,109,6,6,0.005712938006189994
5,102,103,6,6,0.01139470636394635
5,103,109,6,6,0.0049804275208762405
5,104,110,6,6,0.02354438531537384
5,105,74,6,4,0.06182701976824001
5,106,113,6,6,0.24833384423438787
5,107,113,6,6,0.002160210643251892
5,108,115,6,6,0.013254445918014612
5,109,103,6,6,0.0049804275208762405
5,110,112,6,6,0.008012274182704449
5,111,119,6,6,0.021272018090514377
5,112,116,6,6,0.0029326639833886503
5,113,107,6,6,0.002160210643251892
5,114,4,6,1,0.048740844437549224
5,115,108,6,6,0.013254445918014612
5,116,112,6,6,0.0029326639833886503
5,117,100,6,6,0.00389215114950181
5,118,100,6,6,0.0020315811424225227
5,119,112,6,6,0.0038815421757203428
5,120,136,7,7,0.0026112921118779386
5,121,129,7,7,0.010158890376369634
5,122,123,7,7,0.021783208548029842
5,123,129,7,7,0.008211230454880925
5,124,135,7,7,0.021052114479211737
5,125,85,7,5,0.06067735767099003
5,126,86,7,5,0.061884775346727317
5,127,138,7,7,0.0031709249275904128
5,128,135,7,7,0.021072647258876476
5,129,127,7,7,0.006305208558369468
5,130,132,7,7,0.006737791250698066
5,131,132,7,7,0.017207760046273224
5,132,127,7,7,0.005790616925139158
5,133,136,7,7,0.008247168398899607
5,134,24,7,2,0.026742362143931997
5,135,124,7,7,0.021052114479211737
5,136,138,7,7,0.001238150796146975
5,137,127,7,7,0.004591917732153616
5,138,136,7,7,0.001238150796146975
5,139,138,7,7,0.0050514303168747166
5,140,158,8,8,0.0014263145799813248
5,141,152,8,8,0.00946066845266813
5,142,143,8,8,0.025379343190593984
5,143,149,8,8,0.01570029699766118
5,144,150,8,8,0.027931356410612285
5,145,144,8,8,0.11961046045884283
5,146,46,8,3,0.16639739856165847
5,147,156,8,8,0.0034615514296698624
5,148,155,8,8,0.010176808058744102
5,149,157,8,8,0.012456096538261185
5,150,152,8,8,0.01742589854345411
5,151,141,8,8,0.031160505786657744
5,152,141,8,8,0.00946066845266813
5,153,147,8,8,0.0036622862322854832
5,154,51,8,3,0.05673935560023624
5,155,148,8,8,0.010176808058744102
5,156,147,8,8,0.0034615514296698624
5,157,159,8,8,0.003713478320045427
5,158,140,8,8,0.0014263145799813248
5,159,157,8,8,0.003713478320045427
5,160,178,9,9,0.0022604790021645282
5,161,176,9,9,0.008986541859759
5,162,163,9,9,0.010363458601746034
5,163,162,9,9,0.010363458601746034
5,164,170,9,9,0.018856966221265425
5,165,168,9,9,0.13260786036003647
5,166,173,9,9,0.2137629559713472
5,167,178,9,9,0.002316078791496201
5,168,175,9,9,0.014804639737510339
5,169,172,9,9,0.007294933111797075
5,170,172,9,9,0.007219476817510007
5,171,164,9,9,0.019453491781357135
5,172,176,9,9,0.0031567902207065845
5,173,178,9,9,0.005898959135879567
5,174,79,9,4,0.07106848172244495
5,175,168,9,9,0.014804639737510339
5,176,172,9,9,0.0031567902207065845
5,177,167,9,9,0.003960881701402075
5,178,160,9,9,0.0022604790021645282
5,179,176,9,9,0.004620084141903069
5,180,198,10,10,0.00116924944740604
5,181,189,10,10,0.009614801943581552
5,182,183,10,10,0.00958940112131712
5,183,189,10,10,0.007926156497368497
5,184,2,10,1,0.018910414433646494
5,185,114,10,6,0.059254728421237246
5,186,6,10,1,0.10472268094191306
5,187,196,10,10,0.0018056169382909548
5,188,195,10,10,0.011127716129276433
5,189,192,10,10,0.0063965184263348185
5,190,192,10,10,0.007649372507543273
5,191,181,10,10,0.026889135924168084
5,192,189,10,10,0.0063965184263348185
5,193,180,10,10,0.006841922218885577
5,194,84,10,5,0.04828686943121796
5,195,188,10,10,0.011127716129276433
5,196,187,10,10,0.0018056169382909548
5,197,199,10,10,0.0029938809902161356
5,198,180,10,10,0.00116924944740604
5,199,198,10,10,0.00157663155984622
5,200,217,11,11,0.009324467818616622
5,201,207,11,11,0.06259380770600753
5,202,203,11,11,0.08154738260910133
5,203,209,11,11,0.02206478292038505
5,204,209,11,11,0.027629207536863154
5,205,200,11,11,0.0154415826837353
5,206,201,11,11,0.2612660628814567
5,207,217,11,11,0.0067623311904003724
5,208,216,11,11,0.03876933240693892
5,209,203,11,11,0.02206478292038505
5,210,218,11,11,0.00991955309080228
5,211,207,11,11,0.00807576636851226
5,212,216,11,11,0.03410439304049606
5,213,207,11,11,0.012200125465052558
5,214,285,11,15,0.08297258724861489
5,215,204,11,11,0.04194704403892402
5,216,218,11,11,0.007412131860170534
5,217,207,11,11,0.0067623311904003724
5,218,216,11,11,0.007412131860170534
5,219,217,11,11,0.012638851609435564
5,220,236,12,12,0.004504312474868932
5,221,236,12,12,0.0594601994300854
5,222,223,12,12,0.04262939406383359
5,223,229,12,12,0.01016944462547098
5,224,229,12,12,0.008410456674977418
5,225,239,12,12,0.0082819515051209
5,226,247,12,13,0.05312800387822336
5,227,237,12,12,0.00444602139433381
5,228,235,12,12,0.013787664200212602
5,229,224,12,12,0.008410456674977418
5,230,238,12,12,0.010582231270641618
5,231,227,12,12,0.00737745329540207
5,232,238,12,12,0.013224644667222174
5,233,227,12,12,0.007096228158398166
5,234,223,12,12,0.15357749549868926
5,235,228,12,12,0.013787664200212602
5,236,220,12,12,0.004504312474868932
5,237,227,12,12,0.00444602139433381
5,238,231,12,12,0.009244708483024056
5,239,220,12,12,0.0077477733598503296
5,240,247,13,13,0.010719550822816393
5,241,226,13,12,0.0627628046849984
5,242,252,13,13,0.08268730084698461
5,243,249,13,13,0.016178289149699543
5,244,252,13,13,0.030861546933149686
5,245,259,13,13,0.035499452261410935
5,246,241,13,13,0.2616672385758556
5,247,257,13,13,0.009648337783316085
5,248,258,13,13,0.037367116463166594
5,249,243,13,13,0.016178289149699543
5,250,258,13,13,0.011171771032497668
5,251,257,13,13,0.008543678606530936
5,252,256,13,13,0.02865138947636403
5,253,251,13,13,0.021292331473624637
5,254,249,13,13,0.11643339579613765
5,255,248,13,13,0.03766150768282284
5,256,258,13,13,0.003773535167238773
5,257,251,13,13,0.008543678606530936
5,258,256,13,13,0.003773535167238773
5,259,257,13,13,0.015368355490340768
5,260,277,14,14,0.005310779699415402
5,261,273,14,14,0.03709181533230699
5,262,269,14,14,0.07394019966461163
5,263,269,14,14,0.04017566563683661
5,264,269,14,14,0.03325685211819507
5,265,260,14,14,0.009170701940417914
5,266,261,14,14,0.3037473192211797
5,267,277,14,14,0.005131032736541252
5,268,278,14,14,0.0343894767859505
5,269,264,14,14,0.03325685211819507
5,270,278,14,14,0.00647822552718047
5,271,267,14,14,0.012688597722336548
5,272,276,14,14,0.022762764212278297
5,273,267,14,14,0.015155209596314112
5,274,205,14,11,0.10918612127688432
5,275,269,14,14,0.047365071902987665
5,276,272,14,14,0.022762764212278297
5,277,267,14,14,0.005131032736541252
5,278,270,14,14,0.00647822552718047
5,279,265,14,14,0.012060829652717597
5,280,297,15,15,0.01526344884785824
5,281,293,15,15,0.06447157454655006
5,282,283,15,15,0.06578694858156986
5,283,289,15,15,0.017821284457978148
5,284,289,15,15,0.0256178052730911
5,285,295,15,15,0.0021556858579121485
5,286,281,15,15,0.2805363227846962
5,287,297,15,15,0.005727293825512847
5,288,298,15,15,0.03374706585985843
5,289,283,15,15,0.017821284457978148
5,290,298,15,15,0.00724817134945388
5,291,297,15,15,0.01040223219876113
5,292,284,15,15,0.03559534039830714
5,293,287,15,15,0.014823207144923245
5,294,283,15,15,0.2417912538020932
5,295,285,15,15,0.0021556858579121485
5,296,298,15,15,0.00452669174876541
5,297,287,15,15,0.005727293825512847
5,298,296,15,15,0.00452669174876541
5,299,297,15,15,0.010835890020328476
6,0,19,1,1,7.638487790528892e-5
6,1,18,1,1,0.00011560186785697368
6,2,3,1,1,9.724246419495763e-5
6,3,2,1,1,9.724246419495763e-5
6,4,10,1,1,0.00012778871358665178
6,5,114,1,6,0.0007998838751477333
6,6,180,1,10,0.00047123157929362947
6,7,13,1,1,4.602318076152301e-5
6,8,11,1,1,0.00014785375136638912
6,9,2,1,1,0.00036680291928337105
6,10,17,1,1,0.00012239696650384602
6,11,19,1,1,2.3428598792563093e-5
6,12,18,1,1,3.293241704849237e-5
6,13,7,1,1,4.602318076152301e-5
6,14,9,1,1,0.0009209403050129961
6,15,4,1,1,0.00018365747903392737
6,16,18,1,1,0.0001139881888081451
6,17,7,1,1,6.39952620231643e-5
6,18,12,1,1,3.293241704849237e-5
6,19,11,1,1,2.3428598792563093e-5
6,20,36,2,2,4.758112656699787e-5
6,21,38,2,2,0.00012923012804599843
6,22,23,2,2,0.00030602096394116707
6,23,22,2,2,0.00030602096394116707
6,24,35,2,2,0.00010764281963249189
6,25,135,2,7,0.0002128808854655606
6,26,22,2,2,0.0003699632401741315
6,27,32,2,2,2.703827145733584e-5
6,28,31,2,2,5.2473627709215265e-5
6,29,33,2,2,0.0002952505546929274
6,30,37,2,2,9.876366322636443e-5
6,31,39,2,2,3.05240142339791e-5
6,32,38,2,2,1.616797278258808e-5
6,33,27,2,2,9.606120445115884e-5
6,34,29,2,2,0.00042383046721417017
6,35,24,2,2,0.00010764281963249189
6,36,20,2,2,4.758112656699787e-5
6,37,32,2,2,3.602728501994612e-5
6,38,32,2,2,1.616797278258808e-5
6,39,31,2,2,3.05240142339791e-5
6,40,58,3,3,3.77442647394588e-5
6,41,58,3,3,0.0002635027757320607
6,42,43,3,3,0.0001418882905470653
6,43,42,3,3,0.0001418882905470653
6,44,59,3,3,0.00013343274320321008
6,45,155,3,8,0.00042797925871762565
6,46,42,3,3,0.0005675497476207436
6,47,58,3,3,3.270076709349645e-5
6,48,51,3,3,0.00011595567473143831
6,49,42,3,3,0.00035074769962983865
6,50,57,3,3,0.00015247457477784998
6,51,48,3,3,0.00011595567473143831
6,52,56,3,3,3.3827648764139795e-5
6,53,56,3,3,8.808752914712947e-5
6,54,49,3,3,0.0007929855653150408
6,55,44,3,3,0.00016775895735521296
6,56,52,3,3,3.3827648764139795e-5
6,57,47,3,3,5.068404972718987e-5
6,58,59,3,3,2.9383788318959603e-5
6,59,58,3,3,2.9383788318959603e-5
6,60,79,4,4,8.160061131357033e-5
6,61,78,4,4,8.137926389784056e-5
6,62,63,4,4,9.191201301717022e-5
6,63,62,4,4,9.191201301717022e-5
6,64,75,4,4,0.00016422719236874883
6,65,174,4,9,0.0006351915023465882
6,66,62,4,4,0.0016681036817665085
6,67,78,4,4,2.748493090209969e-5
6,68,64,4,4,0.0002324549895222905
6,69,105,4,6,0.00018733653668356887
6,70,64,4,4,0.00016497864704057008
6,71,79,4,4,6.05421009167717e-5
6,72,76,4,4,3.678100236181869e-5
6,73,61,4,4,0.0001131409702792574
6,74,105,4,6,0.001205065488764312
6,75,64,4,4,0.00016422719236874883
6,76,72,4,4,3.678100236181869e-5
6,77,60,4,4,9.88511855928298e-5
6,78,67,4,4,2.748493090209969e-5
6,79,71,4,4,6.05421009167717e-5
6,80,99,5,5,6.157075811663582e-5
6,81,98,5,5,0.00019024886770613314
6,82,83,5,5,7.010506817195505e-5
6,83,82,5,5,7.010506817195505e-5
6,84,95,5,5,0.0001435906228040018
6,85,195,5,10,0.0007236440645774778
6,86,82,5,5,0.0007384134054551073
6,87,97,5,5,1.575335893200247e-5
6,88,91,5,5,0.00011901527658375599
6,89,82,5,5,0.0003067972955066445
6,90,97,5,5,0.00013548445560984668
6,91,99,5,5,4.677053534707376e-5
6,92,96,5,5,2.271393837416369e-5
6,93,96,5,5,0.0001226395169620087
6,94,128,5,7,0.0005234331504950784
6,95,84,5,5,0.0001435906228040018
6,96,92,5,5,2.271393837416369e-5
6,97,87,5,5,1.575335893200247e-5
6,98,87,5,5,3.6186746937616476e-5
6,99,91,5,5,4.677053534707376e-5
6,100,119,6,6,9.201817662374268e-5
6,101,118,6,6,8.128743153479334e-5
6,102,103,6,6,0.00016905474872053183
6,103,102,6,6,0.00016905474872053183
6,104,115,6,6,0.00019238794920561908
6,105,63,6,4,0.00014989974114154592
6,106,102,6,6,0.0014049673514024974
6,107,118,6,6,5.338163066470614e-5
6,108,111,6,6,0.00020116144118120793
6,109,116,6,6,0.0002635932299439592
6,110,104,6,6,0.00021374596774603738
6,111,119,6,6,5.836887167687266e-5
6,112,116,6,6,8.095821909614997e-5
6,113,107,6,6,0.00011914263242807088
6,114,8,6,1,0.0006349912230285693
6,115,104,6,6,0.00019238794920561908
6,116,112,6,6,8.095821909614997e-5
6,117,107,6,6,7.461730144964207e-5
6,118,107,6,6,5.338163066470614e-5
6,119,111,6,6,5.836887167687266e-5
6,120,139,7,7,7.742327243653868e-5
6,121,138,7,7,0.00013092888632426636
6,122,123,7,7,0.0003303837696879697
6,123,129,7,7,0.0003292940091654817
6,124,135,7,7,9.613386288087611e-5
6,125,95,7,5,0.00035747657005158473
6,126,123,7,7,0.0005536646505812648
6,127,137,7,7,5.701587720707835e-5
6,128,131,7,7,8.469011858114328e-5
6,129,123,7,7,0.0003292940091654817
6,130,137,7,7,0.0001339504886423981
6,131,139,7,7,5.377963863573143e-5
6,132,138,7,7,2.6541927044210212e-5
6,133,127,7,7,0.00011022805246585499
6,134,28,7,2,0.0003319311701324157
6,135,124,7,7,9.613386288087611e-5
6,136,138,7,7,1.1639022045928371e-5
6,137,136,7,7,4.794453316137037e-5
6,138,136,7,7,1.1639022045928371e-5
6,139,131,7,7,5.377963863573143e-5
6,140,158,8,8,3.554057833254909e-5
6,141,158,8,8,0.0002438590990243572
6,142,143,8,8,0.0002051280266082145
6,143,47,8,3,0.00016213438271028835
6,144,155,8,8,0.00017215966024730633
6,145,151,8,8,0.0011731976296878166
6,146,142,8,8,0.0008814437912916251
6,147,158,8,8,3.976401045058253e-5
6,148,151,8,8,0.00017748557847419022
6,149,156,8,8,0.00033390096019791926
6,150,157,8,8,0.00016165111274779598
6,151,159,8,8,0.0001708499256229956
6,152,156,8,8,4.207582972814983e-5
6,153,156,8,8,0.00014451526158665295
6,154,48,8,3,0.00044713455670519764
6,155,144,8,8,0.00017215966024730633
6,156,152,8,8,4.207582972814983e-5
6,157,147,8,8,5.510052391310971e-5
6,158,140,8,8,3.554057833254909e-5
6,159,158,8,8,4.776493976388352e-5
6,160,167,9,9,9.821345318772323e-5
6,161,173,9,9,0.00011776606375080156
6,162,163,9,9,0.00020816739998053002
6,163,162,9,9,0.00020816739998053002
6,164,170,9,9,0.0001824451499992108
6,165,168,9,9,0.0013470044956545024
6,166,173,9,9,0.0018685198057846186
6,167,178,9,9,3.625436736065524e-5
6,168,164,9,9,0.00021861548399626507
6,169,176,9,9,0.0002113200205446919
6,170,164,9,9,0.0001824451499992108
6,171,179,9,9,1.6092953031954238e-5
6,172,176,9,9,6.747879690993663e-5
6,173,161,9,9,0.00011776606375080156
6,174,65,9,4,0.0006351915023465882
6,175,164,9,9,0.00019226260992732946
6,176,172,9,9,6.747879690993663e-5
6,177,167,9,9,4.024155937165652e-5
6,178,167,9,9,3.625436736065524e-5
6,179,171,9,9,1.6092953031954238e-5
6,180,199,10,10,6.876322936100188e-5
6,181,193,10,10,0.00018332693725331417
6,182,183,10,10,0.0001385302034631053
6,183,182,10,10,0.0001385302034631053
6,184,195,10,10,0.00012418846692674457
6,185,17,10,1,0.0002365004168822793
6,186,182,10,10,0.0012255964744847248
6,187,198,10,10,8.990967355959611e-5
6,188,191,10,10,0.00014992037119898605
6,189,196,10,10,0.000354705939639155
6,190,197,10,10,0.00019882488848010915
6,191,199,10,10,7.087692752305585e-5
6,192,196,10,10,1.5828915137294786e-5
6,193,187,10,10,9.532277408674794e-5
6,194,88,10,5,0.0004422040017588724
6,195,184,10,10,0.00012418846692674457
6,196,192,10,10,1.5828915137294786e-5
6,197,198,10,10,8.169713095362852e-5
6,198,197,10,10,8.169713095362852e-5
6,199,180,10,10,6.876322936100188e-5
6,200,219,11,11,0.0003664361069100064
6,201,213,11,11,0.0013430211906684253
6,202,204,11,11,0.0009910304098876832
6,203,204,11,11,0.00023872324795481958
6,204,203,11,11,0.00023872324795481958
6,205,211,11,11,0.00043876876160031664
6,206,214,11,11,0.0049737865560925965
6,207,218,11,11,9.211795569186165e-5
6,208,215,11,11,0.0002680311604124075
6,209,212,11,11,0.0003389011609487014
6,210,216,11,11,0.0002739790221961691
6,211,213,11,11,0.00042052121461089165
6,212,209,11,11,0.0003389011609487014
6,213,216,11,11,6.867131695420525e-5
6,214,202,11,11,0.004092424943594519
6,215,208,11,11,0.0002680311604124075
6,216,213,11,11,6.867131695420525e-5
6,217,219,11,11,0.00010508967354327936
6,218,207,11,11,9.211795569186165e-5
6,219,217,11,11,0.00010508967354327936
6,220,239,12,12,0.00011724161982562542
6,221,233,12,12,0.0006307649881212019
6,222,224,12,12,0.0005933643716842241
6,223,230,12,12,2.790220564485857e-5
6,224,232,12,12,0.0004572487878016229
6,225,231,12,12,7.150229363506178e-5
6,226,252,12,13,0.0008708659766412108
6,227,238,12,12,9.576800806065933e-5
6,228,231,12,12,5.693035488074649e-5
6,229,233,12,12,6.249555317094924e-5
6,230,223,12,12,2.790220564485857e-5
6,231,228,12,12,5.693035488074649e-5
6,232,231,12,12,0.0004150767001522837
6,233,229,12,12,6.249555317094924e-5
6,234,249,12,13,0.0005846522755883488
6,235,229,12,12,0.00014650294998919122
6,236,237,12,12,6.440306082100555e-5
6,237,236,12,12,6.440306082100555e-5
6,238,227,12,12,9.576800806065933e-5
6,239,236,12,12,7.80406770017894e-5
6,240,257,13,13,0.0003135104985050319
6,241,253,13,13,0.0010447926470074087
6,242,254,13,13,0.0004662898327500997
6,243,252,13,13,0.00012610545358548997
6,244,252,13,13,4.8705240580648734e-5
6,245,251,13,13,0.00018687634762715177
6,246,242,13,13,0.0019489068525391229
6,247,259,13,13,0.00012306546659979212
6,248,249,13,13,0.00031039216304629136
6,249,243,13,13,0.00020952630680470818
6,250,255,13,13,8.122047885628092e-5
6,251,255,13,13,6.508922519610216e-5
6,252,244,13,13,4.8705240580648734e-5
6,253,258,13,13,0.00011009180545284991
6,254,242,13,13,0.0004662898327500997
6,255,251,13,13,6.508922519610216e-5
6,256,258,13,13,7.873900394494981e-5
6,257,259,13,13,5.82006361147247e-5
6,258,256,13,13,7.873900394494981e-5
6,259,257,13,13,5.82006361147247e-5
6,260,279,14,14,0.0002983478096529879
6,261,271,14,14,0.0010832469242156861
6,262,264,14,14,0.001063692676225969
6,263,264,14,14,0.0003398293037299993
6,264,263,14,14,0.0003398293037299993
6,265,271,14,14,0.0008045502434139706
6,266,262,14,14,0.01114560482890381
6,267,278,14,14,0.00015620175252206714
6,268,273,14,14,7.562553484974366e-5
6,269,275,14,14,0.00013430432928851488
6,270,276,14,14,0.00026605605209883976
6,271,268,14,14,0.0007070575186329808
6,272,269,14,14,0.00026882790167648274
6,273,268,14,14,7.562553484974366e-5
6,274,200,14,11,0.002301305203698867
6,275,269,14,14,0.00013430432928851488
6,276,268,14,14,9.124522224990272e-5
6,277,279,14,14,8.004838011244075e-5
6,278,267,14,14,0.00015620175252206714
6,279,277,14,14,8.004838011244075e-5
6,280,299,15,15,0.00024324438333467313
6,281,288,15,15,0.0011995480468360853
6,282,284,15,15,0.0011443425922674777
6,283,292,15,15,0.0002071200730153766
6,284,292,15,15,0.00028566662127693654
6,285,295,15,15,0.00012675231386838348
6,286,294,15,15,0.00417341373272051
6,287,296,15,15,5.3251959605260524e-5
6,288,293,15,15,0.00021411875198529273
6,289,288,15,15,0.0002894203738277312
6,290,291,15,15,0.00023725058361323548
6,291,285,15,15,0.00014463552180421502
6,292,283,15,15,0.0002071200730153766
6,293,288,15,15,0.00021411875198529273
6,294,282,15,15,0.002032750484846968
6,295,285,15,15,0.00012675231386838348
6,296,287,15,15,5.3251959605260524e-5
6,297,299,15,15,8.647933597805135e-5
6,298,296,15,15,8.060829098344158e-5
6,299,297,15,15,8.647933597805135e-5
7,0,5,1,1,0.001462892416068895
7,1,114,1,6,0.0025966290794428026
7,2,9,1,1,0.006062506945905044
7,3,9,1,1,0.009284507282680377
7,4,16,1,1,0.00028680470011099857
7,5,19,1,1,0.001204985694938987
7,6,180,1,10,0.003768193061532976
7,7,13,1,1,0.0002729057327890416
7,8,18,1,1,0.0010465268479158407
7,9,15,1,1,0.0024611474268034783
7,10,18,1,1,0.0009285964197494057
7,11,7,1,1,0.00032702597633504915
7,12,16,1,1,0.000652129133599022
7,13,7,1,1,0.0002729057327890416
7,14,3,1,1,0.009376274533164697
7,15,4,1,1,0.0018710004442070716
7,16,4,1,1,0.00028680470011099857
7,17,7,1,1,0.0004316945478650691
7,18,11,1,1,0.0008120384805601066
7,19,17,1,1,0.0006298349444733287
7,20,39,2,2,0.0004537279134158023
7,21,27,2,2,0.0013725525467580546
7,22,34,2,2,0.0016291864887632013
7,23,29,2,2,0.0009361524175781621
7,24,32,2,2,0.0006709882301705328
7,25,39,2,2,0.00045397533271041013
7,26,22,2,2,0.0018173359537621003
7,27,37,2,2,6.642789504085478e-5
7,28,31,2,2,0.00028412250252696225
7,29,23,2,2,0.0009361524175781621
7,30,38,2,2,0.0007407858327437289
7,31,36,2,2,0.00015845057971142218
7,32,35,2,2,0.00039201345329731296
7,33,38,2,2,0.0004709389565953348
7,34,22,2,2,0.0016291864887632013
7,35,32,2,2,0.00039201345329731296
7,36,27,2,2,0.00011493944586793425
7,37,27,2,2,6.642789504085478e-5
7,38,28,2,2,0.0003866564481125323
7,39,20,2,2,0.0004537279134158023
7,40,47,3,3,0.001065042698153995
7,41,149,3,8,0.002471173973706442
7,42,43,3,3,0.004730733144212129
7,43,54,3,3,0.0018162429025996296
7,44,56,3,3,0.00030681914246888375
7,45,40,3,3,0.0022886789478473446
7,46,42,3,3,0.011716084928181658
7,47,57,3,3,0.0003420938683347252
7,48,59,3,3,0.00025629087663880945
7,49,43,3,3,0.0028045638715361587
7,50,58,3,3,0.0011511315333181393
7,51,58,3,3,0.00017691742085301776
7,52,56,3,3,0.00033748262814503605
7,53,154,3,8,0.0004863949376252563
7,54,43,3,3,0.0018162429025996296
7,55,56,3,3,0.0009645271745426509
7,56,44,3,3,0.00030681914246888375
7,57,47,3,3,0.0003420938683347252
7,58,51,3,3,0.00017691742085301776
7,59,48,3,3,0.00025629087663880945
7,60,65,4,4,0.0029434149547307165
7,61,174,4,9,0.0004742543612934469
7,62,76,4,4,0.006315621707478014
7,63,69,4,4,0.0069353145488249
7,64,72,4,4,0.0008652948301410834
7,65,77,4,4,0.0009444121733954702
7,66,100,4,6,0.01969026693486442
7,67,77,4,4,0.00034734900199140384
7,68,70,4,4,0.0029002567877447483
7,69,76,4,4,0.001512633314894929
7,70,78,4,4,0.0012116692967407694
7,71,67,4,4,0.0007301358125815227
7,72,64,4,4,0.0008652948301410834
7,73,67,4,4,0.0009060235043196752
7,74,63,4,4,0.02634036382617566
7,75,69,4,4,0.0021934000842964707
7,76,69,4,4,0.001512633314894929
7,77,67,4,4,0.00034734900199140384
7,78,71,4,4,0.0008533764853055903
7,79,77,4,4,0.0008219135527125498
7,80,85,5,5,0.0019227264381713738
7,81,183,5,10,0.002723217956060342
7,82,89,5,5,0.004887051064765391
7,83,89,5,5,0.00482368586857107
7,84,92,5,5,0.0004987855285258913
7,85,80,5,5,0.0019227264381713738
7,86,82,5,5,0.015044199639922207
7,87,97,5,5,0.00015940780462098125
7,88,98,5,5,0.0010346615922962599
7,89,84,5,5,0.0033686093032916364
7,90,98,5,5,0.0007894689257534893
7,91,97,5,5,0.0004121228246276587
7,92,96,5,5,0.00047424273606599954
7,93,194,5,10,0.0003236559886345969
7,94,125,5,7,0.005034871337898705
7,95,84,5,5,0.0009939716238982488
7,96,92,5,5,0.00047424273606599954
7,97,87,5,5,0.00015940780462098125
7,98,91,5,5,0.0005087154541791872
7,99,97,5,5,0.00059262293649609
7,100,105,6,6,0.0032685426681691165
7,101,100,6,6,0.007247656324070428
7,102,112,6,6,0.009431797246900686
7,103,109,6,6,0.0063723416338246075
7,104,112,6,6,0.0009978018985663528
7,105,119,6,6,0.0008537991699477665
7,106,101,6,6,0.0258846108528612
7,107,113,6,6,0.0004376790377451645
7,108,112,6,6,0.0020164450576203308
7,109,116,6,6,0.0021189018051108732
7,110,118,6,6,0.0017636277588679583
7,111,107,6,6,0.0005423999236298105
7,112,104,6,6,0.0009978018985663528
7,113,107,6,6,0.0004376790377451645
7,114,13,6,1,0.0009875685595108763
7,115,109,6,6,0.0025692475566934103
7,116,104,6,6,0.0010323968275214312
7,117,107,6,6,0.0006215473488853096
7,118,107,6,6,0.0008527726782949774
7,119,105,6,6,0.0008537991699477665
7,120,139,7,7,0.0006516114495982439
7,121,133,7,7,0.0028952635317487374
7,122,134,7,7,0.0030474873685346626
7,123,129,7,7,0.0014478601970386862
7,124,129,7,7,0.0005068830988197437
7,125,139,7,7,0.00046315638426630557
7,126,148,7,8,0.004141683774636418
7,127,136,7,7,8.470215147826643e-5
7,128,136,7,7,0.00042773538150520096
7,129,124,7,7,0.0005068830988197437
7,130,138,7,7,0.0008402323219505181
7,131,136,7,7,0.00022512000920360542
7,132,135,7,7,0.000626852156961899
7,133,132,7,7,0.0008996346550345091
7,134,36,7,2,0.0008014713684727504
7,135,132,7,7,0.000626852156961899
7,136,127,7,7,8.470215147826643e-5
7,137,127,7,7,0.00020332369529496575
7,138,136,7,7,0.0002637279803652248
7,139,125,7,7,0.00046315638426630557
7,140,147,8,8,0.0006070286667918534
7,141,140,8,8,0.0071458562616204535
7,142,152,8,8,0.007284746442640877
7,143,53,8,3,0.0015208816179794749
7,144,156,8,8,0.0005018592381089704
7,145,157,8,8,0.002627466705171333
7,146,141,8,8,0.016913787001633374
7,147,140,8,8,0.0006070286667918534
7,148,159,8,8,0.0004294100296826642
7,149,40,8,3,0.0016108493857243111
7,150,158,8,8,0.0011775005894931745
7,151,158,8,8,0.00039247704540135153
7,152,156,8,8,9.626353666414289e-5
7,153,158,8,8,0.0010616284781495011
7,154,53,8,3,0.0004863949376252563
7,155,144,8,8,0.0008226005148983528
7,156,152,8,8,9.626353666414289e-5
7,157,151,8,8,0.0004036923383325952
7,158,151,8,8,0.00039247704540135153
7,159,148,8,8,0.0004294100296826642
7,160,165,9,9,0.0042625510794978005
7,161,160,9,9,0.007942758287261542
7,162,164,9,9,0.00995335669340669
7,163,169,9,9,0.005766218262229117
7,164,172,9,9,0.0008045025580334375
7,165,177,9,9,0.0004588874590534253
7,166,161,9,9,0.03387318621665125
7,167,177,9,9,0.0003002434355350303
7,168,172,9,9,0.0020356908676189
7,169,176,9,9,0.002486443306493058
7,170,178,9,9,0.0013156808808980625
7,171,167,9,9,0.0009629418851466731
7,172,164,9,9,0.0008045025580334375
7,173,167,9,9,0.0013468469517943227
7,174,61,9,4,0.0004742543612934469
7,175,169,9,9,0.003193377877440007
7,176,169,9,9,0.002486443306493058
7,177,167,9,9,0.0003002434355350303
7,178,167,9,9,0.0007970820013907254
7,179,178,9,9,0.0014433290861204373
7,180,187,10,10,0.0028258226238460082
7,181,180,10,10,0.008805314894996474
7,182,192,10,10,0.009495037009610963
7,183,81,10,5,0.002723217956060342
7,184,196,10,10,0.0006147590244456325
7,185,199,10,10,0.0012857054274417745
7,186,181,10,10,0.02123731736954193
7,187,197,10,10,0.0005149037054370531
7,188,199,10,10,0.0022480459576643685
7,189,184,10,10,0.002363547061180249
7,190,198,10,10,0.001223363147808021
7,191,197,10,10,0.0004468157143315832
7,192,196,10,10,0.00017228364702193133
7,193,187,10,10,0.0005549039048526883
7,194,93,10,5,0.0003236559886345969
7,195,184,10,10,0.00248380836854456
7,196,192,10,10,0.00017228364702193133
7,197,191,10,10,0.0004468157143315832
7,198,191,10,10,0.0006403245227581955
7,199,197,10,10,0.0009268029482034645
7,200,274,11,14,0.0013851147206902503
7,201,207,11,11,0.0016677040226416029
7,202,212,11,11,0.001520950718298053
7,203,209,11,11,0.001082162073502424
7,204,202,11,11,0.0017463555645980122
7,205,202,11,11,0.006203477626301579
7,206,214,11,11,0.007781951465092751
7,207,216,11,11,0.0001767736549576071
7,208,215,11,11,0.0013818211739600184
7,209,203,11,11,0.001082162073502424
7,210,209,11,11,0.001191005081785157
7,211,203,11,11,0.001292998883071661
7,212,202,11,11,0.001520950718298053
7,213,207,11,11,0.0003312245330397978
7,214,206,11,11,0.007781951465092751
7,215,208,11,11,0.0013818211739600184
7,216,207,11,11,0.0001767736549576071
7,217,219,11,11,0.0004927461458541504
7,218,216,11,11,0.00024943782977993045
7,219,217,11,11,0.0004927461458541504
7,220,239,12,12,0.001210821635949877
7,221,227,12,12,0.0029964643108670863
7,222,232,12,12,0.0007740158608138259
7,223,229,12,12,0.0010787994985439475
7,224,222,12,12,0.0020475252014189316
7,225,228,12,12,0.0032135116523805962
7,226,234,12,12,0.002534325072642396
7,227,229,12,12,0.00011504589551725175
7,228,231,12,12,0.0014779202714374495
7,229,227,12,12,0.00011504589551725175
7,230,235,12,12,0.001073132883813832
7,231,228,12,12,0.0014779202714374495
7,232,222,12,12,0.0007740158608138259
7,233,227,12,12,0.0010294240886683514
7,234,241,12,13,0.0019210529950151045
7,235,230,12,12,0.001073132883813832
7,236,237,12,12,0.0010588174469967626
7,237,239,12,12,0.00010471443283432968
7,238,227,12,12,0.0012187759099049345
7,239,237,12,12,0.00010471443283432968
7,240,257,13,13,0.0015885238680790614
7,241,253,13,13,0.0014357564417684099
7,242,244,13,13,0.0006192700580267552
7,243,250,13,13,9.810124026787825e-5
7,244,252,13,13,0.000333375964731486
7,245,255,13,13,0.0017067263985459658
7,246,242,13,13,0.005281307116842715
7,247,256,13,13,2.6152209676055804e-5
7,248,252,13,13,0.0024550290863061264
7,249,243,13,13,0.00031022275163961055
7,250,243,13,13,9.810124026787825e-5
7,251,250,13,13,0.00034049291830307027
7,252,244,13,13,0.000333375964731486
7,253,258,13,13,8.483045388651966e-5
7,254,246,13,13,0.005717265400040583
7,255,251,13,13,0.00045986810022835556
7,256,247,13,13,2.6152209676055804e-5
7,257,240,13,13,0.0015885238680790614
7,258,253,13,13,8.483045388651966e-5
7,259,247,13,13,0.00028142804107411656
7,260,277,14,14,0.003566124395998793
7,261,273,14,14,0.0026545468043517317
7,262,264,14,14,0.0015401630884628315
7,263,275,14,14,0.0012620217876939677
7,264,262,14,14,0.0015401630884628315
7,265,262,14,14,0.006158935854955416
7,266,274,14,14,0.019048825994064655
7,267,278,14,14,0.0005634024587402031
7,268,263,14,14,0.0019094407244248934
7,269,276,14,14,0.0007318018974458163
7,270,276,14,14,0.0011398502179829073
7,271,263,14,14,0.0026500143937226994
7,272,262,14,14,0.0028062779322606257
7,273,267,14,14,0.0005912313137570457
7,274,200,14,11,0.0013851147206902503
7,275,263,14,14,0.0012620217876939677
7,276,273,14,14,0.0007055330311609431
7,277,279,14,14,0.0002266213701660469
7,278,267,14,14,0.0005634024587402031
7,279,277,14,14,0.0002266213701660469
7,280,297,15,15,0.0018347187617941962
7,281,293,15,15,0.0015358913575844735
7,282,284,15,15,0.0008196671064844008
7,283,290,15,15,0.00032645255135776985
7,284,282,15,15,0.0008196671064844008
7,285,295,15,15,0.0008441041553342021
7,286,220,15,12,0.005875379754288312
7,287,296,15,15,0.0002034397259427223
7,288,285,15,15,0.0022708133304205624
7,289,293,15,15,0.0004094250501607277
7,290,283,15,15,0.00032645255135776985
7,291,283,15,15,0.0006353741084126341
7,292,282,15,15,0.0018130031093006593
7,293,289,15,15,0.0004094250501607277
7,294,236,15,12,0.0037625188183960656
7,295,285,15,15,0.0008441041553342021
7,296,287,15,15,0.0002034397259427223
7,297,299,15,15,0.0005711333583480194
7,298,287,15,15,0.00020615624526199028
7,299,297,15,15,0.0005711333583480194
8,0,115,1,6,0.00033047366365157593
8,1,17,1,1,0.0010716887395909591
8,2,4,1,1,0.0004112261449293886
8,3,2,1,1,0.0026163819177091874
8,4,2,1,1,0.0004112261449293886
8,5,2,1,1,0.0015365480477091964
8,6,114,1,6,0.000732270190532569
8,7,18,1,1,9.187739748228729e-5
8,8,11,1,1,0.00029977942749037645
8,9,12,1,1,0.00023654091231084529
8,10,13,1,1,0.0002253014797950481
8,11,8,1,1,0.00029977942749037645
8,12,9,1,1,0.00023654091231084529
8,13,7,1,1,0.00010507717910601677
8,14,198,1,10,0.003675899856239395
8,15,12,1,1,0.0004023203253760155
8,16,12,1,1,0.0004046478278192378
8,17,19,1,1,6.624010239497657e-5
8,18,7,1,1,9.187739748228729e-5
8,19,17,1,1,6.624010239497657e-5
8,20,39,2,2,0.0007645271982312796
8,21,124,2,7,0.0001303832918400083
8,22,24,2,2,0.0004901476562331197
8,23,32,2,2,8.031388445761678e-5
8,24,22,2,2,0.0004901476562331197
8,25,22,2,2,0.001028345585980972
8,26,134,2,7,0.0015440971868589948
8,27,36,2,2,3.0939837985188845e-5
8,28,31,2,2,5.6841815918584615e-5
8,29,32,2,2,0.0001682539572849251
8,30,33,2,2,0.00013979098685923397
8,31,28,2,2,5.6841815918584615e-5
8,32,23,2,2,8.031388445761678e-5
8,33,30,2,2,0.00013979098685923397
8,34,49,2,3,0.0012455421962953572
8,35,29,2,2,0.00029170252999310975
8,36,27,2,2,3.0939837985188845e-5
8,37,36,2,2,4.1119205551831683e-5
8,38,36,2,2,7.424766542207806e-5
8,39,37,2,2,0.00013234936061112812
8,40,150,3,8,0.00023474544961743504
8,41,149,3,8,0.00024044321833716076
8,42,43,3,3,0.0004333564947516244
8,43,44,3,3,0.00028641059591616447
8,44,52,3,3,5.1545246976480996e-5
8,45,48,3,3,0.00021982870899139861
8,46,154,3,8,0.0001486429716637261
8,47,57,3,3,0.00012247591915204303
8,48,45,3,3,0.00021982870899139861
8,49,52,3,3,0.00022451650502897103
8,50,53,3,3,0.0001779747709629298
8,51,56,3,3,0.0001994818405468557
8,52,44,3,3,5.1545246976480996e-5
8,53,50,3,3,0.0001779747709629298
8,54,46,3,3,0.004179865677608419
8,55,56,3,3,0.00036470087931594897
8,56,51,3,3,0.0001994818405468557
8,57,47,3,3,0.00012247591915204303
8,58,47,3,3,0.00012916465092871476
8,59,57,3,3,0.00015890806691132298
8,60,163,4,9,0.0014354116141990225
8,61,79,4,4,0.0012016371284377936
8,62,64,4,4,0.0009023158137801968
8,63,62,4,4,0.0018455224016915572
8,64,69,4,4,0.00027889969476269094
8,65,62,4,4,0.0010198866638224668
8,66,100,4,6,0.0008164627977809147
8,67,78,4,4,3.185589820620116e-5
8,68,71,4,4,0.00011445276008648086
8,69,76,4,4,0.0002197060022919306
8,70,77,4,4,0.00017214149713296045
8,71,68,4,4,0.00011445276008648086
8,72,68,4,4,0.0003877158551193194
8,73,67,4,4,0.00023135250905115257
8,74,116,4,6,0.0012823528096295167
8,75,69,4,4,0.00033103114263211
8,76,69,4,4,0.0002197060022919306
8,77,78,4,4,5.755772351423438e-5
8,78,67,4,4,3.185589820620116e-5
8,79,77,4,4,0.00014734488857137684
8,80,196,5,10,0.00039887479708711204
8,81,182,5,10,0.00030483283999926947
8,82,84,5,5,0.0005771262217235673
8,83,82,5,5,0.0007401520031482534
8,84,82,5,5,0.0005771262217235673
8,85,88,5,5,0.0008039627708333885
8,86,194,5,10,0.00023974467708454128
8,87,98,5,5,5.162225246269081e-5
8,88,91,5,5,0.000294470905316091
8,89,92,5,5,0.00011099570081718468
8,90,93,5,5,0.00019941950723567636
8,91,93,5,5,0.00019880457442167376
8,92,89,5,5,0.00011099570081718468
8,93,91,5,5,0.00019880457442167376
8,94,137,5,7,4.311242925614245e-5
8,95,92,5,5,0.00021279026939247103
8,96,91,5,5,0.0004318077053131475
8,97,99,5,5,3.832946786919145e-5
8,98,87,5,5,5.162225246269081e-5
8,99,97,5,5,3.832946786919145e-5
8,100,66,6,4,0.0008164627977809147
8,101,119,6,6,0.002441422723492126
8,102,104,6,6,0.0006163585671128402
8,103,7,6,1,0.0009816646901870119
8,104,109,6,6,0.0004272363161579307
8,105,104,6,6,0.000700697369930392
8,106,11,6,1,0.002786506387373766
8,107,113,6,6,3.749728408197761e-5
8,108,112,6,6,0.0002220973214668298
8,109,116,6,6,0.00036523947355671105
8,110,107,6,6,0.0001678192658960409
8,111,113,6,6,0.0003070497847987852
8,112,116,6,6,0.0001132080373791311
8,113,107,6,6,3.749728408197761e-5
8,114,6,6,1,0.000732270190532569
8,115,0,6,1,0.00033047366365157593
8,116,112,6,6,0.0001132080373791311
8,117,119,6,6,0.00010125034095165297
8,118,107,6,6,0.00016031166195529245
8,119,117,6,6,0.00010125034095165297
8,120,139,7,7,0.0005939779170767157
8,121,127,7,7,0.0009047590119068971
8,122,21,7,2,0.00039774040982298864
8,123,132,7,7,0.00016097577221430015
8,124,21,7,2,0.0001303832918400083
8,125,21,7,2,0.0006439516218101904
8,126,134,7,7,0.0014221146394706174
8,127,136,7,7,2.3832393106104632e-5
8,128,132,7,7,0.00017300266661313124
8,129,132,7,7,9.21800855351318e-5
8,130,133,7,7,0.00016308387702723692
8,131,133,7,7,0.00010709531752106649
8,132,129,7,7,9.21800855351318e-5
8,133,131,7,7,0.00010709531752106649
8,134,126,7,7,0.0014221146394706174
8,135,129,7,7,0.00032347600748949823
8,136,127,7,7,2.3832393106104632e-5
8,137,94,7,5,4.311242925614245e-5
8,138,136,7,7,5.317414523720032e-5
8,139,137,7,7,0.00019055489226693645
8,140,141,8,8,0.0015180040150708507
8,141,157,8,8,0.0008096563550443747
8,142,143,8,8,0.0002840061530235971
8,143,51,8,3,0.00023207039321149203
8,144,152,8,8,2.5792262700718993e-5
8,145,155,8,8,0.0002597415706706574
8,146,142,8,8,0.00045112352568388303
8,147,159,8,8,5.637134390346077e-5
8,148,156,8,8,0.00016369256040338342
8,149,144,8,8,0.00015242379550639562
8,150,151,8,8,8.41939643194678e-5
8,151,150,8,8,8.41939643194678e-5
8,152,144,8,8,2.5792262700718993e-5
8,153,158,8,8,0.00013732569880064993
8,154,46,8,3,0.0001486429716637261
8,155,145,8,8,0.0002597415706706574
8,156,148,8,8,0.00016369256040338342
8,157,147,8,8,9.456614689162812e-5
8,158,159,8,8,9.338810449732726e-5
8,159,147,8,8,5.637134390346077e-5
8,160,179,9,9,0.0031471234658462244
8,161,160,9,9,0.005216699625310017
8,162,164,9,9,0.0009941307387080212
8,163,60,9,4,0.0014354116141990225
8,164,176,9,9,0.0003506894291995799
8,165,162,9,9,0.001522723120843228
8,166,165,9,9,0.006620073994824782
8,167,178,9,9,9.694495570244932e-5
8,168,172,9,9,0.00029661961775584444
8,169,176,9,9,0.00015727484025451766
8,170,167,9,9,0.00022774687509552471
8,171,168,9,9,0.000706156536485425
8,172,168,9,9,0.00029661961775584444
8,173,167,9,9,9.938480653004511e-5
8,174,62,9,4,0.0014082975139606546
8,175,169,9,9,0.0002581043073965894
8,176,169,9,9,0.00015727484025451766
8,177,179,9,9,0.00011606184081025539
8,178,167,9,9,9.694495570244932e-5
8,179,177,9,9,0.00011606184081025539
8,180,199,10,10,0.002915886470547413
8,181,199,10,10,0.0012699253155405987
8,182,81,10,5,0.00030483283999926947
8,183,93,10,5,0.00031887936015850826
8,184,189,10,10,0.00038534577709392615
8,185,188,10,10,0.0004473217755915915
8,186,88,10,5,0.0013389441904190225
8,187,198,10,10,3.103758231803866e-5
8,188,196,10,10,0.00024430681170439783
8,189,192,10,10,0.00019054103170201842
8,190,191,10,10,0.00012395182623148315
8,191,190,10,10,0.00012395182623148315
8,192,189,10,10,0.00019054103170201842
8,193,191,10,10,0.00014368879621073916
8,194,86,10,5,0.00023974467708454128
8,195,192,10,10,0.0002926589133622759
8,196,188,10,10,0.00024430681170439783
8,197,199,10,10,4.502547195572859e-5
8,198,187,10,10,3.103758231803866e-5
8,199,197,10,10,4.502547195572859e-5
8,200,217,11,11,0.0004739622760365769
8,201,212,11,11,4.4288022458705e-5
8,202,210,11,11,8.797427342610575e-6
8,203,211,11,11,2.721637878932981e-5
8,204,209,11,11,5.0207949746639e-5
8,205,206,11,11,7.758363053067541e-5
8,206,205,11,11,7.758363053067541e-5
8,207,216,11,11,1.1678712259266533e-5
8,208,202,11,11,7.544476956722335e-5
8,209,213,11,11,2.2511004034164728e-6
8,210,202,11,11,8.797427342610575e-6
8,211,210,11,11,1.2015227958572794e-5
8,212,210,11,11,3.436376571808175e-5
8,213,209,11,11,2.2511004034164728e-6
8,214,205,11,11,0.0025818280104468183
8,215,208,11,11,8.696828564991321e-5
8,216,209,11,11,6.930454239828521e-6
8,217,219,11,11,2.9595224073197812e-5
8,218,219,11,11,2.7072340746281398e-5
8,219,218,11,11,2.7072340746281398e-5
8,220,295,12,15,0.0001955230807473285
8,221,233,12,12,8.755546367700262e-6
8,222,230,12,12,9.016444085574449e-6
8,223,231,12,12,6.819641237276741e-6
8,224,229,12,12,1.5459076564416918e-5
8,225,226,12,12,0.0002100178489297111
8,226,225,12,12,0.0002100178489297111
8,227,236,12,12,1.81253269551096e-5
8,228,235,12,12,8.690486452467283e-6
8,229,233,12,12,8.516066190011884e-7
8,230,222,12,12,9.016444085574449e-6
8,231,223,12,12,6.819641237276741e-6
8,232,221,12,12,2.1647087311560398e-5
8,233,229,12,12,8.516066190011884e-7
8,234,240,12,13,0.0019101425125163107
8,235,228,12,12,8.690486452467283e-6
8,236,233,12,12,2.6983205905217744e-6
8,237,238,12,12,1.923584305174586e-7
8,238,237,12,12,1.923584305174586e-7
8,239,238,12,12,3.637061292804944e-6
8,240,258,13,13,0.0007174820956026284
8,241,247,13,13,1.554021354044366e-6
8,242,244,13,13,1.1384164519068207e-5
8,243,250,13,13,6.582831533208378e-7
8,244,242,13,13,1.1384164519068207e-5
8,245,255,13,13,0.000128059076877296
8,246,255,13,13,0.0002137646311748398
8,247,241,13,13,1.554021354044366e-6
8,248,251,13,13,5.58248518407467e-5
8,249,252,13,13,1.6279819453624e-5
8,250,243,13,13,6.582831533208378e-7
8,251,248,13,13,5.58248518407467e-5
8,252,249,13,13,1.6279819453624e-5
8,253,256,13,13,5.029318532967508e-6
8,254,245,13,13,0.003876005218122369
8,255,245,13,13,0.000128059076877296
8,256,247,13,13,2.6901370866472263e-6
8,257,259,13,13,7.919448796966932e-6
8,258,259,13,13,7.194690310541318e-5
8,259,257,13,13,7.919448796966932e-6
8,260,277,14,14,0.0006516884347331775
8,261,263,14,14,3.3987085040099174e-5
8,262,271,14,14,3.770702033834006e-5
8,263,261,14,14,3.3987085040099174e-5
8,264,269,14,14,0.00016617990707401553
8,265,266,14,14,0.00010526715587055868
8,266,265,14,14,0.00010526715587055868
8,267,273,14,14,1.0732572468752366e-5
8,268,262,14,14,6.75241247534153e-5
8,269,276,14,14,0.00013778865409852514
8,270,272,14,14,5.728910709668078e-5
8,271,262,14,14,3.770702033834006e-5
8,272,270,14,14,5.728910709668078e-5
8,273,267,14,14,1.0732572468752366e-5
8,274,200,14,11,0.0023349851781713227
8,275,268,14,14,0.00011911511436157873
8,276,273,14,14,1.827986443037055e-5
8,277,279,14,14,3.364562816798866e-5
8,278,279,14,14,3.2332673263191225e-6
8,279,278,14,14,3.2332673263191225e-6
8,280,297,15,15,0.000355303032837595
8,281,284,15,15,8.00508093887764e-5
8,282,290,15,15,1.491030054689979e-5
8,283,291,15,15,1.1108146382721173e-6
8,284,296,15,15,7.247456682724085e-5
8,285,295,15,15,2.970217652942253e-6
8,286,285,15,15,0.0003286170719365433
8,287,293,15,15,5.905983832876771e-6
8,288,291,15,15,9.391238501454957e-5
8,289,296,15,15,2.6427834773912195e-6
8,290,292,15,15,1.2916387081896019e-5
8,291,283,15,15,1.1108146382721173e-6
8,292,290,15,15,1.2916387081896019e-5
8,293,287,15,15,5.905983832876771e-6
8,294,224,15,12,0.00017716319645777467
8,295,285,15,15,2.970217652942253e-6
8,296,289,15,15,2.6427834773912195e-6
8,297,299,15,15,3.636092232528476e-5
8,298,299,15,15,5.523589137190754e-6
8,299,298,15,15,5.523589137190754e-6
9,0,18,1,1,0.07376082298075382
9,1,112,1,6,0.05180304175229278
9,2,8,1,1,0.02380205645918365
9,3,15,1,1,0.039517468568048386
9,4,12,1,1,0.02886677758628009
9,5,6,1,1,0.050277685822466944
9,6,114,1,6,0.015663099535143887
9,7,10,1,1,0.007596745674538274
9,8,2,1,1,0.02380205645918365
9,9,16,1,1,0.005692064502999861
9,10,7,1,1,0.007596745674538274
9,11,4,1,1,0.06248371148606813
9,12,4,1,1,0.02886677758628009
9,13,7,1,1,0.008664843705590508
9,14,80,1,5,0.27285531002100005
9,15,3,1,1,0.039517468568048386
9,16,9,1,1,0.005692064502999861
9,17,19,1,1,0.0010413070426953386
9,18,17,1,1,0.004806193565227268
9,19,17,1,1,0.0010413070426953386
9,20,38,2,2,0.03215118783651927
9,21,131,2,7,0.031968340277547025
9,22,28,2,2,0.015305734296529927
9,23,29,2,2,0.004028513303975911
9,24,31,2,2,0.013757376961354373
9,25,26,2,2,0.03872725320844572
9,26,134,2,7,0.020098794569731737
9,27,36,2,2,0.001965421192071215
9,28,22,2,2,0.015305734296529927
9,29,23,2,2,0.004028513303975911
9,30,33,2,2,0.0019157841083980998
9,31,32,2,2,0.005718772092953239
9,32,31,2,2,0.005718772092953239
9,33,30,2,2,0.0019157841083980998
9,34,56,2,3,0.06878859465554621
9,35,32,2,2,0.01930783700130201
9,36,27,2,2,0.001965421192071215
9,37,39,2,2,0.0003579010687142503
9,38,37,2,2,0.0015010048374739515
9,39,37,2,2,0.0003579010687142503
9,40,57,3,3,0.03671612091105536
9,41,148,3,8,0.053106086076234016
9,42,48,3,3,0.02586954909288508
9,43,49,3,3,0.008195346423206074
9,44,52,3,3,0.006986321576830434
9,45,48,3,3,0.033329805555424974
9,46,154,3,8,0.02559141099681561
9,47,53,3,3,0.0023954577235307806
9,48,42,3,3,0.02586954909288508
9,49,56,3,3,0.004462355356785297
9,50,53,3,3,0.0042964575145700845
9,51,50,3,3,0.01607149417072029
9,52,44,3,3,0.006986321576830434
9,53,47,3,3,0.0023954577235307806
9,54,154,3,8,0.10325040572589184
9,55,52,3,3,0.030189198970044906
9,56,49,3,3,0.004462355356785297
9,57,58,3,3,0.006966451553041431
9,58,57,3,3,0.006966451553041431
9,59,57,3,3,0.00756409613026543
9,60,78,4,4,0.118291806367669
9,61,175,4,9,0.07155745499792476
9,62,68,4,4,0.039707628281929086
9,63,75,4,4,0.04301724699514886
9,64,72,4,4,0.04806873026081204
9,65,66,4,4,0.07021885366526237
9,66,174,4,9,0.010841239519614021
9,67,73,4,4,0.009336050213995195
9,68,62,4,4,0.039707628281929086
9,69,76,4,4,0.009670562574861652
9,70,73,4,4,0.013200413467696626
9,71,64,4,4,0.09991960518593879
9,72,64,4,4,0.04806873026081204
9,73,67,4,4,0.009336050213995195
9,74,0,4,1,0.13737452059945388
9,75,63,4,4,0.04301724699514886
9,76,69,4,4,0.009670562574861652
9,77,79,4,4,0.002659459803727504
9,78,77,4,4,0.003243260687156413
9,79,77,4,4,0.002659459803727504
9,80,97,5,5,0.07346063996263408
9,81,191,5,10,0.028887116148170522
9,82,88,5,5,0.01969124040440917
9,83,89,5,5,0.02839023534526497
9,84,92,5,5,0.01916171838897829
9,85,86,5,5,0.06714144090733676
9,86,194,5,10,0.010763778951722536
9,87,93,5,5,0.004609017612808186
9,88,82,5,5,0.01969124040440917
9,89,96,5,5,0.001641770448207236
9,90,93,5,5,0.005613765699979512
9,91,92,5,5,0.030259835365902488
9,92,84,5,5,0.01916171838897829
9,93,87,5,5,0.004609017612808186
9,94,128,5,7,0.04719152069217958
9,95,83,5,5,0.03263611612933803
9,96,89,5,5,0.001641770448207236
9,97,99,5,5,0.0024012051921793454
9,98,97,5,5,0.005167135692254021
9,99,97,5,5,0.0024012051921793454
9,100,118,6,6,0.09777881873721883
9,101,108,6,6,0.31213795643211806
9,102,108,6,6,0.022337210376463634
9,103,115,6,6,0.041850117098943374
9,104,112,6,6,0.02231564037776801
9,105,106,6,6,0.027536060434804055
9,106,105,6,6,0.027536060434804055
9,107,110,6,6,0.009408162725044633
9,108,102,6,6,0.022337210376463634
9,109,116,6,6,0.0065998884007927305
9,110,113,6,6,0.00775687114163115
9,111,104,6,6,0.042703025033797415
9,112,104,6,6,0.02231564037776801
9,113,110,6,6,0.00775687114163115
9,114,6,6,1,0.015663099535143887
9,115,103,6,6,0.041850117098943374
9,116,109,6,6,0.0065998884007927305
9,117,119,6,6,0.002012641271966098
9,118,117,6,6,0.0035980879595858273
9,119,117,6,6,0.002012641271966098
9,120,138,7,7,0.03373915051630072
9,121,86,7,5,0.07831835224228012
9,122,128,7,7,0.016913791674364465
9,123,129,7,7,0.0024731850310877324
9,124,132,7,7,0.010258488565783264
9,125,126,7,7,0.026982590819531138
9,126,125,7,7,0.026982590819531138
9,127,130,7,7,0.003164193144226335
9,128,122,7,7,0.016913791674364465
9,129,123,7,7,0.0024731850310877324
9,130,133,7,7,0.003082273904315702
9,131,132,7,7,0.009413830904706488
9,132,131,7,7,0.009413830904706488
9,133,130,7,7,0.003082273904315702
9,134,26,7,2,0.020098794569731737
9,135,132,7,7,0.03393541561988456
9,136,138,7,7,0.003314330216425132
9,137,139,7,7,0.000737777068482659
9,138,137,7,7,0.002978932172430504
9,139,137,7,7,0.000737777068482659
9,140,157,8,8,0.041566509636670634
9,141,41,8,3,0.14342542566003447
9,142,148,8,8,0.02436231986483861
9,143,53,8,3,0.018430193244066473
9,144,152,8,8,0.007636909717549267
9,145,148,8,8,0.04179263497959873
9,146,145,8,8,0.1070608264077173
9,147,153,8,8,0.001786647744820291
9,148,142,8,8,0.02436231986483861
9,149,156,8,8,0.001449857170686908
9,150,153,8,8,0.008668479166016763
9,151,150,8,8,0.01081913150686975
9,152,144,8,8,0.007636909717549267
9,153,147,8,8,0.001786647744820291
9,154,46,8,3,0.02559141099681561
9,155,152,8,8,0.027947488776941976
9,156,149,8,8,0.001449857170686908
9,157,158,8,8,0.004388865752504634
9,158,157,8,8,0.004388865752504634
9,159,157,8,8,0.008534855489703341
9,160,178,9,9,0.11585625672483935
9,161,168,9,9,0.3302131142265643
9,162,168,9,9,0.031149368347948903
9,163,176,9,9,0.04762159971697555
9,164,172,9,9,0.022434453353347594
9,165,166,9,9,0.04913163024695111
9,166,165,9,9,0.04913163024695111
9,167,173,9,9,0.010890337553360219
9,168,162,9,9,0.031149368347948903
9,169,176,9,9,0.01596816539807433
9,170,173,9,9,0.00856077304188596
9,171,164,9,9,0.08869057673385505
9,172,164,9,9,0.022434453353347594
9,173,170,9,9,0.00856077304188596
9,174,66,9,4,0.010841239519614021
9,175,169,9,9,0.04246128412259087
9,176,169,9,9,0.01596816539807433
9,177,178,9,9,0.0020914696440266223
9,178,177,9,9,0.0020914696440266223
9,179,177,9,9,0.002597499805700787
9,180,198,10,10,0.07710913773931138
9,181,188,10,10,0.21461262018091753
9,182,188,10,10,0.018409922653497723
9,183,189,10,10,0.02758527668764832
9,184,192,10,10,0.010980593930617122
9,185,186,10,10,0.04008753734222248
9,186,185,10,10,0.04008753734222248
9,187,193,10,10,0.005169950876408036
9,188,182,10,10,0.018409922653497723
9,189,196,10,10,0.0036552586831153366
9,190,193,10,10,0.005537713781873732
9,191,184,10,10,0.024703298818929298
9,192,184,10,10,0.010980593930617122
9,193,187,10,10,0.005169950876408036
9,194,86,10,5,0.010763778951722536
9,195,183,10,10,0.03756321564348597
9,196,189,10,10,0.0036552586831153366
9,197,199,10,10,0.002808874640576109
9,198,197,10,10,0.006288857947414073
9,199,197,10,10,0.002808874640576109
9,200,219,11,11,0.00028986845119316484
9,201,203,11,11,0.002700720900815856
9,202,213,11,11,1.815495608115114e-5
9,203,214,11,11,0.0002342196513238637
9,204,215,11,11,0.051707826636621324
9,205,214,11,11,0.0030944048463257268
9,206,212,11,11,4.5794441498658855e-5
9,207,217,11,11,4.490328174089342e-5
9,208,218,11,11,0.00035784122646731475
9,209,207,11,11,0.00010404235571104259
9,210,211,11,11,0.005836958884749555
9,211,208,11,11,0.000679495893444404
9,212,216,11,11,1.3668849819570283e-5
9,213,202,11,11,1.815495608115114e-5
9,214,203,11,11,0.0002342196513238637
9,215,200,11,11,0.00044207092225323485
9,216,212,11,11,1.3668849819570283e-5
9,217,207,11,11,4.490328174089342e-5
9,218,202,11,11,4.382091710808389e-5
9,219,200,11,11,0.00028986845119316484
9,220,224,12,12,0.004254429245438951
9,221,228,12,12,0.0008290507048240858
9,222,238,12,12,7.3802863629346405e-6
9,223,225,12,12,0.007552708199810576
9,224,220,12,12,0.004254429245438951
9,225,234,12,12,0.0011327043187994157
9,226,235,12,12,6.096306332148416e-5
9,227,229,12,12,5.952258423924661e-7
9,228,221,12,12,0.0008290507048240858
9,229,227,12,12,5.952258423924661e-7
9,230,231,12,12,7.0200197477277015e-6
9,231,230,12,12,7.0200197477277015e-6
9,232,239,12,12,2.2266647770052828e-6
9,233,235,12,12,1.327207949852749e-5
9,234,225,12,12,0.0011327043187994157
9,235,233,12,12,1.327207949852749e-5
9,236,235,12,12,0.00037894579102903947
9,237,238,12,12,0.0003988486802994906
9,238,222,12,12,7.3802863629346405e-6
9,239,232,12,12,2.2266647770052828e-6
9,240,258,13,13,0.0049375304273722165
9,241,248,13,13,0.0003538873281940802
9,242,246,13,13,3.110758035851369e-5
9,243,250,13,13,0.002537203417608991
9,244,246,13,13,2.8545908938859554e-6
9,245,255,13,13,8.571938820978175e-7
9,246,244,13,13,2.8545908938859554e-6
9,247,252,13,13,0.00024086037567272456
9,248,249,13,13,0.0002048048031761951
9,249,248,13,13,0.0002048048031761951
9,250,249,13,13,0.00027739237490242985
9,251,245,13,13,0.005474489368535007
9,252,247,13,13,0.00024086037567272456
9,253,242,13,13,0.00025572784787208924
9,254,255,13,13,0.162045565215855
9,255,245,13,13,8.571938820978175e-7
9,256,259,13,13,4.70419561433566e-5
9,257,253,13,13,0.00032352127935286745
9,258,240,13,13,0.0049375304273722165
9,259,256,13,13,4.70419561433566e-5
9,260,267,14,14,4.5406876535203367e-5
9,261,263,14,14,0.026003726858613962
9,262,278,14,14,2.436248912540684e-5
9,263,274,14,14,0.006304703572025838
9,264,275,14,14,0.05669087554158159
9,265,270,14,14,0.0005273894072601593
9,266,275,14,14,0.0006387797545914786
9,267,260,14,14,4.5406876535203367e-5
9,268,273,14,14,0.00018237399654208453
9,269,278,14,14,0.0007002314769042339
9,270,265,14,14,0.0005273894072601593
9,271,269,14,14,0.0013879329387094241
9,272,279,14,14,0.00011976777183875242
9,273,279,14,14,3.2108795444685256e-6
9,274,263,14,14,0.006304703572025838
9,275,266,14,14,0.0006387797545914786
9,276,277,14,14,7.720667748656318e-5
9,277,276,14,14,7.720667748656318e-5
9,278,262,14,14,2.436248912540684e-5
9,279,273,14,14,3.2108795444685256e-6
9,280,299,15,15,0.0016573622957731793
9,281,295,15,15,0.002518860944129342
9,282,289,15,15,1.3851775604312166e-6
9,283,281,15,15,0.004050565947324669
9,284,280,15,15,0.015335440809262746
9,285,295,15,15,0.00015915818890555045
9,286,297,15,15,0.00020056162209147743
9,287,293,15,15,1.1051194603872716e-7
9,288,296,15,15,0.0020136720858081603
9,289,282,15,15,1.3851775604312166e-6
9,290,291,15,15,0.00018543985821151132
9,291,290,15,15,0.00018543985821151132
9,292,296,15,15,0.00025894122184855206
9,293,287,15,15,1.1051194603872716e-7
9,294,285,15,15,0.0018402274320219458
9,295,285,15,15,0.00015915818890555045
9,296,292,15,15,0.00025894122184855206
9,297,286,15,15,0.00020056162209147743
9,298,287,15,15,5.570899549223185e-6
9,299,297,15,15,0.00030724094589840156
10,0,18,1,1,0.02479395560250386
10,1,5,1,1,0.2072469987096064
10,2,15,1,1,0.08901406907458731
10,3,10,1,1,0.022726270863379305
10,4,11,1,1,0.0643653105707167
10,5,14,1,1,0.07422786571654183
10,6,114,1,6,0.05993653454752401
10,7,13,1,1,0.01018638347962808
10,8,15,1,1,0.0923066515868678
10,9,7,1,1,0.017042904277198456
10,10,3,1,1,0.022726270863379305
10,11,4,1,1,0.0643653105707167
10,12,15,1,1,0.06058360630442894
10,13,7,1,1,0.01018638347962808
10,14,5,1,1,0.07422786571654183
10,15,12,1,1,0.06058360630442894
10,16,18,1,1,0.012438936050572114
10,17,19,1,1,0.0006806102292031824
10,18,16,1,1,0.012438936050572114
10,19,17,1,1,0.0006806102292031824
10,20,37,2,2,0.015308913160731796
10,21,28,2,2,0.08194681222329558
10,22,35,2,2,0.01598259639789701
10,23,30,2,2,0.018434573214495265
10,24,135,2,7,0.017424834963614133
10,25,34,2,2,0.035435070419707504
10,26,125,2,7,0.0213122883196204
10,27,36,2,2,0.005719314921557084
10,28,22,2,2,0.03045380853126045
10,29,27,2,2,0.011353241737855901
10,30,33,2,2,0.005257938338470547
10,31,32,2,2,0.020875907846825692
10,32,31,2,2,0.020875907846825692
10,33,30,2,2,0.005257938338470547
10,34,25,2,2,0.035435070419707504
10,35,22,2,2,0.01598259639789701
10,36,27,2,2,0.005719314921557084
10,37,39,2,2,0.004114409607510305
10,38,39,2,2,0.002596373679516706
10,39,38,2,2,0.002596373679516706
10,40,58,3,3,0.009808717411051049
10,41,48,3,3,0.015547466994968673
10,42,44,3,3,0.014074032097362243
10,43,50,3,3,0.007052851583649655
10,44,52,3,3,0.007234352621855011
10,45,145,3,8,0.018927763957899746
10,46,145,3,8,0.0439520046531241
10,47,53,3,3,0.0038894485030158688
10,48,41,3,3,0.015547466994968673
10,49,43,3,3,0.010867290759796866
10,50,43,3,3,0.007052851583649655
10,51,50,3,3,0.013826727021161389
10,52,44,3,3,0.007234352621855011
10,53,47,3,3,0.0038894485030158688
10,54,154,3,8,0.10987825660466277
10,55,155,3,8,0.08805118923339439
10,56,47,3,3,0.00508164814135581
10,57,59,3,3,0.002350096610311825
10,58,59,3,3,0.005532707190911479
10,59,57,3,3,0.002350096610311825
10,60,78,4,4,0.03038245589994193
10,61,62,4,4,0.3456408288678219
10,62,72,4,4,0.09010887240770682
10,63,70,4,4,0.03534584154004916
10,64,71,4,4,0.14843121387977076
10,65,66,4,4,0.08342796559413768
10,66,174,4,9,0.024591572364932146
10,67,69,4,4,0.012691344834426577
10,68,75,4,4,0.08027345064493407
10,69,67,4,4,0.012691344834426577
10,70,63,4,4,0.03534584154004916
10,71,64,4,4,0.14843121387977076
10,72,75,4,4,0.08985439479665791
10,73,69,4,4,0.03112305361468959
10,74,65,4,4,0.148888328651966
10,75,68,4,4,0.08027345064493407
10,76,69,4,4,0.018691624133803098
10,77,79,4,4,0.003775187088268739
10,78,60,4,4,0.03038245589994193
10,79,77,4,4,0.003775187088268739
10,80,98,5,5,0.01097346480400141
10,81,85,5,5,0.06647731308892779
10,82,90,5,5,0.03262181222582816
10,83,90,5,5,0.01083453257045397
10,84,192,5,10,0.014857799030845165
10,85,94,5,5,0.021153609081100644
10,86,194,5,10,0.02998252549816338
10,87,93,5,5,0.005086916605977265
10,88,82,5,5,0.0398356407517666
10,89,87,5,5,0.009769509877146199
10,90,83,5,5,0.01083453257045397
10,91,92,5,5,0.02226472171883187
10,92,91,5,5,0.02226472171883187
10,93,87,5,5,0.005086916605977265
10,94,85,5,5,0.021153609081100644
10,95,90,5,5,0.026497786865538275
10,96,98,5,5,0.005048614312288979
10,97,89,5,5,0.022595562828475524
10,98,99,5,5,0.004889292405135137
10,99,98,5,5,0.004889292405135137
10,100,119,6,6,0.040799740179376265
10,101,105,6,6,0.16308848227912365
10,102,110,6,6,0.04015998656702191
10,103,110,6,6,0.026078536442011302
10,104,113,6,6,0.11327798066199768
10,105,106,6,6,0.04917950332406651
10,106,105,6,6,0.04917950332406651
10,107,113,6,6,0.00994625950181982
10,108,102,6,6,0.06944776903065963
10,109,116,6,6,0.018146559557100428
10,110,103,6,6,0.026078536442011302
10,111,112,6,6,0.053051199607675015
10,112,102,6,6,0.048980676744923235
10,113,107,6,6,0.00994625950181982
10,114,105,6,6,0.058998197869670976
10,115,103,6,6,0.06216409049476623
10,116,107,6,6,0.01325323156270497
10,117,119,6,6,0.013127930681003264
10,118,116,6,6,0.018021730126117408
10,119,117,6,6,0.013127930681003264
10,120,137,7,7,0.01235716669347342
10,121,128,7,7,0.046841000822065215
10,122,135,7,7,0.016068846031896955
10,123,130,7,7,0.010717020047971149
10,124,132,7,7,0.02704917284436048
10,125,26,7,2,0.0213122883196204
10,126,128,7,7,0.06269250181463759
10,127,133,7,7,0.0023673415300036194
10,128,122,7,7,0.02716964555886814
10,129,139,7,7,0.010587725295123196
10,130,133,7,7,0.00833759328778716
10,131,132,7,7,0.009381737052420513
10,132,131,7,7,0.009381737052420513
10,133,127,7,7,0.0023673415300036194
10,134,125,7,7,0.02360355799806202
10,135,122,7,7,0.016068846031896955
10,136,127,7,7,0.0028940380441797586
10,137,120,7,7,0.01235716669347342
10,138,136,7,7,0.004969858818152817
10,139,138,7,7,0.006010817410205815
10,140,157,8,8,0.0037691733184479492
10,141,148,8,8,0.019913455987108364
10,142,144,8,8,0.010936108103614783
10,143,149,8,8,0.008083629618470978
10,144,152,8,8,0.004842934230534723
10,145,45,8,3,0.018927763957899746
10,146,148,8,8,0.04135735776400651
10,147,153,8,8,0.002944945696911061
10,148,141,8,8,0.019913455987108364
10,149,143,8,8,0.008083629618470978
10,150,143,8,8,0.008530626931796181
10,151,44,8,3,0.008564451275589802
10,152,144,8,8,0.004842934230534723
10,153,147,8,8,0.002944945696911061
10,154,45,8,3,0.07645729459440753
10,155,48,8,3,0.02983265493260534
10,156,159,8,8,0.004879196204286229
10,157,140,8,8,0.0037691733184479492
10,158,157,8,8,0.0038790469126077642
10,159,156,8,8,0.004879196204286229
10,160,178,9,9,0.03780301074429082
10,161,165,9,9,0.33227587308536166
10,162,172,9,9,0.10475093667518953
10,163,170,9,9,0.05490191428163982
10,164,167,9,9,0.1328757708976931
10,165,166,9,9,0.02463953881231462
10,166,165,9,9,0.02463953881231462
10,167,173,9,9,0.024734232405025258
10,168,162,9,9,0.11606816710029899
10,169,176,9,9,0.0132417607730404
10,170,176,9,9,0.037846851092541156
10,171,172,9,9,0.11951013233481644
10,172,170,9,9,0.0925905087533081
10,173,167,9,9,0.024734232405025258
10,174,66,9,4,0.024591572364932146
10,175,169,9,9,0.07893160079853923
10,176,169,9,9,0.0132417607730404
10,177,179,9,9,0.011794279627640236
10,178,179,9,9,0.02444878346156809
10,179,177,9,9,0.011794279627640236
10,180,198,10,10,0.015695238299713754
10,181,188,10,10,0.10460563912137011
10,182,190,10,10,0.016295295801746823
10,183,190,10,10,0.01289524528257191
10,184,193,10,10,0.06730651822575195
10,185,194,10,10,0.018642238717205828
10,186,86,10,5,0.07188667061067755
10,187,193,10,10,0.004650410912508285
10,188,182,10,10,0.025948694690210772
10,189,196,10,10,0.005533436992935625
10,190,183,10,10,0.01289524528257191
10,191,192,10,10,0.0014533433668326712
10,192,191,10,10,0.0014533433668326712
10,193,187,10,10,0.004650410912508285
10,194,185,10,10,0.018642238717205828
10,195,182,10,10,0.022688660865073595
10,196,198,10,10,0.0044601698779933585
10,197,199,10,10,0.012094652971555098
10,198,196,10,10,0.0044601698779933585
10,199,196,10,10,0.009821910442994408
10,200,209,11,11,1.0275513274926595e-5
10,201,203,11,11,0.11094580849697766
10,202,216,11,11,0.0014791308800008451
10,203,201,11,11,0.11094580849697766
10,204,214,11,11,1.0
10,205,210,11,11,0.17184523103090021
10,206,219,11,11,5.407925118183776e-5
10,207,217,11,11,0.0020250844822520264
10,208,213,11,11,0.001333783034775049
10,209,200,11,11,1.0275513274926595e-5
10,210,211,11,11,0.10480220351479952
10,211,218,11,11,0.000894913880204129
10,212,217,11,11,0.002334003284129027
10,213,208,11,11,0.001333783034775049
10,214,215,11,11,0.0
10,215,214,11,11,0.0
10,216,202,11,11,0.0014791308800008451
10,217,207,11,11,0.0020250844822520264
10,218,211,11,11,0.000894913880204129
10,219,206,11,11,5.407925118183776e-5
10,220,232,12,12,0.061878913458624174
10,221,228,12,12,0.12230345998691305
10,222,237,12,12,0.00014563020261038062
10,223,225,12,12,0.027099212741237944
10,224,220,12,12,0.19837517091312917
10,225,223,12,12,0.027099212741237944
10,226,214,12,11,0.0
10,227,229,12,12,0.0017832396267207784
10,228,230,12,12,0.12180084685568149
10,229,227,12,12,0.0017832396267207784
10,230,231,12,12,5.688805828962806e-5
10,231,230,12,12,5.688805828962806e-5
10,232,239,12,12,0.004067485752165867
10,233,236,12,12,0.004086717738299717
10,234,214,12,11,0.0
10,235,214,12,11,0.0
10,236,233,12,12,0.004086717738299717
10,237,222,12,12,0.00014563020261038062
10,238,229,12,12,0.00255211174844705
10,239,232,12,12,0.004067485752165867
10,240,259,13,13,0.30669340818906643
10,241,248,13,13,0.004010054484012926
10,242,214,13,11,0.0
10,243,249,13,13,0.057768168281761234
10,244,214,13,11,0.0
10,245,214,13,11,0.0
10,246,214,13,11,0.0
10,247,252,13,13,4.607946916324046e-5
10,248,241,13,13,0.004010054484012926
10,249,241,13,13,0.004301288087942279
10,250,214,13,11,0.0
10,251,255,13,13,0.04857292049144246
10,252,247,13,13,4.607946916324046e-5
10,253,257,13,13,0.0024765454137491982
10,254,214,13,11,0.0
10,255,251,13,13,0.04857292049144246
10,256,214,13,11,0.0
10,257,253,13,13,0.0024765454137491982
10,258,214,13,11,0.0
10,259,247,13,13,0.015428184966130853
10,260,268,14,14,1.7418042399075517e-5
10,261,263,14,14,0.5151921513772484
10,262,276,14,14,0.0024082689919251443
10,263,261,14,14,0.5151921513772484
10,264,275,14,14,0.5821403009734385
10,265,271,14,14,0.008243360446358317
10,266,275,14,14,0.0014791327717382785
10,267,272,14,14,0.011761735301029308
10,268,260,14,14,1.7418042399075517e-5
10,269,278,14,14,3.0278033178676722e-5
10,270,274,14,14,0.037141800717475526
10,271,269,14,14,0.007476852679485058
10,272,268,14,14,0.001017646533847394
10,273,279,14,14,0.0004866599301336372
10,274,270,14,14,0.037141800717475526
10,275,266,14,14,0.0014791327717382785
10,276,262,14,14,0.0024082689919251443
10,277,276,14,14,0.00417058668958159
10,278,269,14,14,3.0278033178676722e-5
10,279,273,14,14,0.0004866599301336372
10,280,299,15,15,0.007509420106051268
10,281,285,15,15,0.001479132776101455
10,282,214,15,11,0.0
10,283,295,15,15,0.08682005829231643
10,284,280,15,15,0.4156406414771985
10,285,281,15,15,0.001479132776101455
10,286,214,15,11,0.0
10,287,293,15,15,0.0003845318265420783
10,288,214,15,11,0.0
10,289,292,15,15,0.0010032682790048764
10,290,291,15,15,0.004602695658516787
10,291,290,15,15,0.004602695658516787
10,292,289,15,15,0.0010032682790048764
10,293,298,15,15,0.0002879790815204508
10,294,214,15,11,0.0
10,295,285,15,15,0.002946946741138934
10,296,292,15,15,0.014874332777000232
10,297,299,15,15,0.007379631675537013
10,298,293,15,15,0.0002879790815204508
10,299,297,15,15,0.007379631675537013
