tail,head,length,field_residue,integer_lift,harmonic,df
2,1,0.3093465362777386,0,0,0.024974074530007506,0.024974074530007506
4,1,0.0948229942372875,0,0,0.004894826388035003,0.004894826388035003
29,1,0.31976092440775844,0,0,0.024974074530007502,0.024974074530007502
37,1,0.1957817290181023,0,0,0.013658715142645737,0.013658715142645737
41,1,0.34302965141235153,0,0,0.02822069247877765,0.02822069247877765
44,1,0.28178511102575166,0,0,-0.036384509194690356,-0.036384509194690356
55,1,0.3762693112489099,0,0,0.029497267172265883,0.029497267172265883
56,1,0.3227767952986277,0,0,-0.045004633460946436,-0.045004633460946436
66,1,0.23478163682882044,0,0,-0.013840634793127273,-0.013840634793127273
69,1,0.29149453403105446,0,0,-0.04025230395151962,-0.04025230395151962
76,1,0.380433637315131,0,0,0.03281271290478665,0.03281271290478665
89,1,0.10851963072102934,0,0,-0.005646100438427097,-0.005646100438427097
97,1,0.16097340804662713,0,0,0.006700711601617198,0.006700711601617198
106,1,0.266452356638392,0,0,0.013014684041167013,0.013014684041167013
124,1,0.3322602889421209,0,0,-0.048649807107285906,-0.048649807107285906
127,1,0.04959745944239704,0,0,-0.002142332270813843,-0.002142332270813843
133,1,0.255837201967589,0,0,0.017677026449893975,0.017677026449893975
138,1,0.3250836219879623,0,0,0.027858366364640338,0.027858366364640338
142,1,0.05898378294760615,0,0,0.0012003944828813513,0.0012003944828813513
161,1,0.3961515914211817,0,0,0.031826403278952614,0.031826403278952614
162,1,0.3522361776781096,0,0,0.024899065138608855,0.024899065138608855
176,1,0.08386641238288041,0,0,0.004894826388035003,0.004894826388035003
177,1,0.3052839404451771,0,0,-0.032061543671144034,-0.032061543671144034
179,1,0.2652485133698133,0,0,-0.03638450919469034,-0.03638450919469034
185,1,0.2214733481380236,0,0,0.0017539599024171517,0.0017539599024171517
192,1,0.2349549797609507,0,0,-0.02849142671209434,-0.02849142671209434
4,2,0.28084254792378066,0,0,-0.020079248141972504,-0.020079248141972504
9,2,0.3508687908632712,0,0,0.04076495349949992,0.04076495349949992
24,2,0.25816891156056804,0,0,0.026900724902862858,0.026900724902862858
29,2,0.06649104570228433,0,0,-3.469446951953614e-18,-3.469446951953614e-18
37,2,0.3340257878182255,0,0,-0.011315359387361768,-0.011315359387361768
41,2,0.03440719582702304,0,0,0.003246617948770146,0.003246617948770146
45,2,0.31663248360421486,0,0,0.036090791716682294,0.036090791716682294
55,2,0.14419995570415464,0,0,0.004523192642258377,0.004523192642258377
59,2,0.24623746473620964,0,0,0.008636970990670154,0.008636970990670154
66,2,0.3335653724956035,0,0,-0.03881470932313478,-0.03881470932313478
76,2,0.0880129155109026,0,0,0.007838638374779144,0.007838638374779144
82,2,0.22980725864517096,0,0,0.031533668076872176,0.031533668076872176
89,2,0.2834494581096208,0,0,-0.030620174968434603,-0.030620174968434603
97,2,0.19495814087544386,0,0,-0.018273362928390307,-0.018273362928390307
106,2,0.20634741801831483,0,0,-0.011959390488840493,-0.011959390488840493
107,2,0.2610478760835623,0,0,0.03153366807687219,0.03153366807687219
110,2,0.2149952032101141,0,0,0.03148815826464524,0.03148815826464524
113,2,0.34504326002725233,0,0,0.02530382177967409,0.02530382177967409
127,2,0.27445979088454087,0,0,-0.02711640680082135,-0.02711640680082135
133,2,0.3039610790495742,0,0,-0.007297048080113531,-0.007297048080113531
138,2,0.15623011794261227,0,0,0.0028842918346328322,0.0028842918346328322
142,2,0.27972269307505493,0,0,-0.023773680047126156,-0.023773680047126156
161,2,0.18743451371454437,0,0,0.006852328748945109,0.006852328748945109
162,2,0.21521277636475425,0,0,-7.500939139865048e-5,-7.500939139865048e-5
176,2,0.24726751757547033,0,0,-0.020079248141972504,-0.020079248141972504
185,2,0.2287391263616316,0,0,-0.023220114627590355,-0.023220114627590355
8,3,0.26603612357229794,0,0,0.030483604079897975,0.030483604079897975
25,3,0.29303225329702876,0,0,-0.06271375599895629,-0.06271375599895629
31,3,0.25972984783774805,0,0,0.01914855356092976,0.01914855356092976
34,3,0.14832603928490032,0,0,0.006368023462502037,0.006368023462502037
46,3,0.1386036664932187,0,0,0.004708205760446671,0.004708205760446671
48,3,0.38258588775652974,0,0,0.034735827176105794,0.034735827176105794
53,3,0.19919797181202514,0,0,0.009366564808074518,0.009366564808074518
63,3,0.06057209287360218,0,0,-0.0016772985296278908,-0.0016772985296278908
67,3,0.3849579984415814,0,0,0.03857786618143966,0.03857786618143966
78,3,0.2475838338428585,0,0,0.021973761158256666,0.021973761158256666
80,3,0.07268169846479819,0,0,0.004708205760446671,0.004708205760446671
84,3,0.19278847620882117,0,0,0.017760359985453333,0.017760359985453333
85,3,0.2038276122124495,0,0,0.016207241874979683,0.016207241874979683
91,3,0.17636822151828482,0,0,-0.015110099166850577,-0.015110099166850577
102,3,0.3422834025727232,0,0,0.03600368936133058,0.03600368936133058
117,3,0.34042443876098194,0,0,-0.07304129113422947,-0.07304129113422947
152,3,0.16689505015364706,0,0,-0.03481131267993831,-0.03481131267993831
157,3,0.194808428028059,0,0,-0.04235724152048059,-0.04235724152048059
165,3,0.3074775691246758,0,0,0.030483604079897864,0.030483604079897864
166,3,0.3174606009064329,0,0,-0.06559696883123733,-0.06559696883123733
174,3,0.2528682655250301,0,0,0.014994025132419153,0.014994025132419153
182,3,0.25380829598187193,0,0,0.01499402513241932,0.01499402513241932
195,3,0.11994672301339583,0,0,-0.005205589653279885,-0.005205589653279885
29,4,0.3105562096735888,0,0,0.020079248141972497,0.020079248141972497
37,4,0.10737641157786425,0,0,0.008763888754610734,0.008763888754610734
41,4,0.31110023587018654,0,0,0.02332586609074265,0.02332586609074265
44,4,0.3727375567003374,0,0,-0.04127933558272536,-0.04127933558272536
55,4,0.31273894955888115,0,0,0.024602440784230878,0.024602440784230878
59,4,0.34885610944966994,0,0,0.028716219132642655,0.028716219132642655
66,4,0.31185222763404474,0,0,-0.018735461181162275,-0.018735461181162275
69,4,0.36994175276964486,0,0,-0.04514713033955463,-0.04514713033955463
76,4,0.33550843136105524,0,0,0.027917886516751644,0.027917886516751644
89,4,0.18442912077006324,0,0,-0.0105409268264621,-0.0105409268264621
97,4,0.19628503470073969,0,0,0.0018058852135821946,0.0018058852135821946
106,4,0.3051455298728494,0,0,0.00811985765313201,0.00811985765313201
127,4,0.11839411811406064,0,0,-0.007037158658848846,-0.007037158658848846
133,4,0.16101716705224556,0,0,0.012782200061858972,0.012782200061858972
138,4,0.25395655665440897,0,0,0.022963539976605336,0.022963539976605336
142,4,0.03766794497180183,0,0,-0.003694431905153652,-0.003694431905153652
161,4,0.3247941815378174,0,0,0.02693157689091761,0.02693157689091761
162,4,0.27083380708922283,0,0,0.020004238750573854,0.020004238750573854
176,4,0.04329938318839925,0,0,0.0,0.0
177,4,0.3982320948609971,0,0,-0.03695637005917904,-0.03695637005917904
179,4,0.34836418283778625,0,0,-0.04127933558272535,-0.04127933558272535
185,4,0.2709632578968337,0,0,-0.0031408664856178515,-0.0031408664856178515
192,4,0.3148014571791378,0,0,-0.03338625310012934,-0.03338625310012934
6,5,0.05050423974198946,0,0,0.0016325161273451627,0.0016325161273451627
9,5,0.1468126903255762,0,0,-0.025316158459646312,-0.025316158459646312
12,5,0.14146324676682154,0,0,-0.010628035542626466,-0.010628035542626466
13,5,0.13398711688003234,0,0,-0.015668696703372453,-0.015668696703372453
24,5,0.3755093645726587,0,0,-0.03918038705628338,-0.03918038705628338
35,5,0.12459522882182665,0,0,0.001632516127345135,0.001632516127345135
45,5,0.20199487784616596,0,0,-0.029990320242463946,-0.029990320242463946
70,5,0.2466719017488984,0,0,0.01388372379354455,0.01388372379354455
82,5,0.32116782232106383,0,0,-0.03454744388227406,-0.03454744388227406
90,5,0.3984615559305266,0,0,0.047157558438045824,0.047157558438045824
105,5,0.3710039659307229,0,0,0.04522452448454499,0.04522452448454499
107,5,0.3140619165230992,0,0,-0.03454744388227404,-0.03454744388227404
110,5,0.29762283638504805,0,0,-0.034592953694501,-0.034592953694501
118,5,0.2326207273108578,0,0,-0.024135649912561855,-0.024135649912561855
119,5,0.15621608237977302,0,0,0.009437031537628371,0.009437031537628371
120,5,0.1157764607774925,0,0,0.007716849753311689,0.007716849753311689
122,5,0.02861940605382979,0,0,-0.003517393944700742,-0.003517393944700742
132,5,0.2817223122853526,0,0,0.026813498723773824,0.026813498723773824
145,5,0.23737591445112177,0,0,0.025520526315158054,0.025520526315158054
147,5,0.3817809180373953,0,0,0.04161380250570006,0.04161380250570006
151,5,0.22350077529407308,0,0,0.00680324897692057,0.00680324897692057
171,5,0.0515172124264288,0,0,-0.009708985383005408,-0.009708985383005408
181,5,0.04206982295120144,0,0,-0.0035173939447007,-0.0035173939447007
193,5,0.30101621313776084,0,0,0.03791506586509176,0.03791506586509176
9,6,0.1776223186800464,0,0,-0.026948674586991475,-0.026948674586991475
12,6,0.12333131231202016,0,0,-0.012260551669971628,-0.012260551669971628
13,6,0.18377145721735605,0,0,-0.017301212830717616,-0.017301212830717616
35,6,0.15825484258024372,0,0,-2.7755575615628914e-17,-2.7755575615628914e-17
45,6,0.23931185046251424,0,0,-0.03162283636980911,-0.03162283636980911
70,6,0.24960501328287588,0,0,0.012251207666199387,0.012251207666199387
82,6,0.357470272939818,0,0,-0.036179960009619226,-0.036179960009619226
90,6,0.36646712354427124,0,0,0.04552504231070066,0.04552504231070066
105,6,0.335190353764092,0,0,0.04359200835719983,0.04359200835719983
107,6,0.3536249151670877,0,0,-0.036179960009619205,-0.036179960009619205
110,6,0.3284762240209246,0,0,-0.036225469821846164,-0.036225469821846164
118,6,0.28215138906076387,0,0,-0.025768166039907017,-0.025768166039907017
119,6,0.14330277354848175,0,0,0.007804515410283208,0.007804515410283208
120,6,0.06951796741314147,0,0,0.006084333625966526,0.006084333625966526
122,6,0.0789476634700249,0,0,-0.0051499100720459046,-0.0051499100720459046
132,6,0.26767292647189633,0,0,0.02518098259642866,0.02518098259642866
145,6,0.18804898424387204,0,0,0.02388801018781289,0.02388801018781289
147,6,0.3647769064143269,0,0,0.039981286378354894,0.039981286378354894
151,6,0.25214953680296776,0,0,0.005170732849575407,0.005170732849575407
171,6,0.08758369592276889,0,0,-0.011341501510350571,-0.011341501510350571
181,6,0.0863816575836516,0,0,-0.005149910072045863,-0.005149910072045863
193,6,0.26441554306568676,0,0,0.0362825497377466,0.0362825497377466
10,7,0.13184080042671417,0,0,-0.006325182891475656,-0.006325182891475656
11,7,0.2904366189045689,0,0,-0.01724382751132797,-0.01724382751132797
17,7,0.3972453268850665,0,0,0.04079995554479354,0.04079995554479354
19,7,0.27059284220865165,0,0,-0.016231247581493635,-0.016231247581493635
27,7,0.08713761832517321,0,0,-0.0005587148418304544,-0.0005587148418304544
32,7,0.23093479003551093,0,0,0.027814402368618096,0.027814402368618096
33,7,0.18843217921240818,0,0,0.0204955581188469,0.0204955581188469
39,7,0.35853844961385667,0,0,-0.018198529283946774,-0.018198529283946774
43,7,0.35898845373910326,0,0,-0.014498134532993978,-0.014498134532993978
49,7,0.3988164718651996,0,0,0.023542016348077788,0.023542016348077788
51,7,0.2917616022333402,0,0,-0.004153066083275037,-0.004153066083275037
57,7,0.10034071214391428,0,0,-0.0052331822220706425,-0.0052331822220706425
61,7,0.08900926957040065,0,0,0.01426133098508936,0.01426133098508936
71,7,0.15922125743025456,0,0,0.006118288534655403,0.006118288534655403
72,7,0.33201405045143734,0,0,0.03264060242081457,0.03264060242081457
86,7,0.32033843810814877,0,0,-0.017102464111967308,-0.017102464111967308
95,7,0.19558560108708417,0,0,0.025198727294533485,0.025198727294533485
96,7,0.3967997636638621,0,0,-0.019024819106409685,-0.019024819106409685
100,7,0.3330815030371664,0,0,0.00504619213783436,0.00504619213783436
103,7,0.1990275721884862,0,0,-0.008419871506493537,-0.008419871506493537
104,7,0.3618511364601198,0,0,-0.018447753348141638,-0.018447753348141638
108,7,0.22219589076788254,0,0,0.01533682044046153,0.01533682044046153
121,7,0.342949868535868,0,0,-0.010223359229706741,-0.010223359229706741
125,7,0.38128272935661395,0,0,0.028231824860900978,0.028231824860900978
130,7,0.26683827827952095,0,0,-0.01623124758149358,-0.01623124758149358
136,7,0.06764380238950811,0,0,-0.004151074089416618,-0.004151074089416618
137,7,0.3180918218845296,0,0,-0.015916017436369778,-0.015916017436369778
144,7,0.04201914117763373,0,0,-0.0021328188163335926,-0.0021328188163335926
146,7,0.1185715196561279,0,0,-0.005777549158093698,-0.005777549158093698
149,7,0.2221511194458131,0,0,0.01832901035441692,0.01832901035441692
159,7,0.39582700029908086,0,0,-0.017785427425103473,-0.017785427425103473
168,7,0.20602285460518194,0,0,-0.010149189958265414,-0.010149189958265414
170,7,0.3204948403554878,0,0,-0.01181272340888323,-0.01181272340888323
184,7,0.37510847452175783,0,0,-0.018198529283946607,-0.018198529283946607
22,8,0.3447325824866837,0,0,0.034238276156439706,0.034238276156439706
28,8,0.19657512300747262,0,0,0.009472043036592936,0.009472043036592936
31,8,0.18055826225730223,0,0,-0.011335050518968215,-0.011335050518968215
34,8,0.1498306628295574,0,0,-0.024115580617395938,-0.024115580617395938
46,8,0.16321625499685588,0,0,-0.025775398319451304,-0.025775398319451304
48,8,0.16529160694834577,0,0,0.004252223096207819,0.004252223096207819
50,8,0.29619497783616827,0,0,0.02835126366097762,0.02835126366097762
53,8,0.15027153327487597,0,0,-0.021117039271823457,-0.021117039271823457
58,8,0.383496290916277,0,0,0.03761220156405204,0.03761220156405204
63,8,0.2901741128407312,0,0,-0.032160902609525865,-0.032160902609525865
67,8,0.11928384663723075,0,0,0.008094262101541683,0.008094262101541683
75,8,0.3597458912773264,0,0,0.03761220156405215,0.03761220156405215
78,8,0.1382106046061175,0,0,-0.008509842921641309,-0.008509842921641309
80,8,0.1940847391873427,0,0,-0.025775398319451304,-0.025775398319451304
84,8,0.07434471004291801,0,0,-0.012723244094444641,-0.012723244094444641
85,8,0.08875937149666685,0,0,-0.014276362204918291,-0.014276362204918291
102,8,0.0767638479127868,0,0,0.005520085281432607,0.005520085281432607
116,8,0.2417031727852544,0,0,0.015720044231931185,0.015720044231931185
123,8,0.3180587036609763,0,0,0.026104708667394283,0.026104708667394283
128,8,0.3186245665383615,0,0,0.02835126366097762,0.02835126366097762
165,8,0.06053712866473237,0,0,-1.1102230246251565e-16,-1.1102230246251565e-16
174,8,0.24135437536393434,0,0,-0.015489578947478821,-0.015489578947478821
182,8,0.22051860666259612,0,0,-0.015489578947478655,-0.015489578947478655
189,8,0.3644622820548514,0,0,0.03761220156405207,0.03761220156405207
195,8,0.33182472029230387,0,0,-0.03568919373317786,-0.03568919373317786
12,9,0.14660183942197083,0,0,0.014688122917019847,0.014688122917019847
13,9,0.11593223607446407,0,0,0.009647461756273859,0.009647461756273859
24,9,0.24538499824573984,0,0,-0.013864228596637065,-0.013864228596637065
29,9,0.35642072326626534,0,0,-0.04076495349949993,-0.04076495349949993
35,9,0.23075969834622978,0,0,0.026948674586991447,0.026948674586991447
41,9,0.3170460234797008,0,0,-0.03751833555072978,-0.03751833555072978
45,9,0.06735052203428744,0,0,-0.004674161782817633,-0.004674161782817633
55,9,0.3338670793121615,0,0,-0.036241760857241546,-0.036241760857241546
59,9,0.3821034901749107,0,0,-0.03212798250882977,-0.03212798250882977
70,9,0.3828552776271262,0,0,0.03919988225319086,0.03919988225319086
76,9,0.28706316246816965,0,0,-0.03292631512472078,-0.03292631512472078
82,9,0.18092104362623826,0,0,-0.009231285422627751,-0.009231285422627751
107,9,0.18115375330313452,0,0,-0.00923128542262773,-0.00923128542262773
110,9,0.1514335231625795,0,0,-0.009276795234854689,-0.009276795234854689
113,9,0.29538159094309596,0,0,-0.015461131719825834,-0.015461131719825834
118,9,0.17166216262705533,0,0,0.0011805085470844578,0.0011805085470844578
119,9,0.3025951982643345,0,0,0.03475318999727468,0.03475318999727468
120,9,0.2455087965734437,0,0,0.033033008212958,0.033033008212958
122,9,0.13856594400693592,0,0,0.02179876451494557,0.02179876451494557
138,9,0.3992429083561574,0,0,-0.03788066166486709,-0.03788066166486709
145,9,0.3517992958412567,0,0,0.05083668477480437,0.05083668477480437
151,9,0.3237234633501969,0,0,0.03211940743656688,0.03211940743656688
161,9,0.3512413750260571,0,0,-0.033912624750554815,-0.033912624750554815
171,9,0.09533664228315257,0,0,0.015607173076640904,0.015607173076640904
181,9,0.1610408927440896,0,0,0.021798764514945612,0.021798764514945612
11,10,0.19147104538132734,0,0,-0.010918644619852313,-0.010918644619852313
19,10,0.15319880149750814,0,0,-0.00990606469001798,-0.00990606469001798
26,10,0.28208290104115796,0,0,-0.010776782151375341,-0.010776782151375341
27,10,0.13745810712867707,0,0,0.005766468049645201,0.005766468049645201
32,10,0.35527659893683555,0,0,0.03413958526009375,0.03413958526009375
33,10,0.3087360984908525,0,0,0.026820741010322557,0.026820741010322557
39,10,0.23603373781120202,0,0,-0.011873346392471118,-0.011873346392471118
43,10,0.2383394327575576,0,0,-0.008172951641518322,-0.008172951641518322
51,10,0.24827854611908026,0,0,0.0021721168082006193,0.0021721168082006193
57,10,0.03275405015352397,0,0,0.0010920006694050133,0.0010920006694050133
61,10,0.22010958855354792,0,0,0.020586513876565016,0.020586513876565016
71,10,0.20980152542396766,0,0,0.012443471426131059,0.012443471426131059
86,10,0.19452180437088254,0,0,-0.010777281220491652,-0.010777281220491652
95,10,0.3264315742342092,0,0,0.03152391018600914,0.03152391018600914
96,10,0.2929886472606277,0,0,-0.01269963621493403,-0.01269963621493403
99,10,0.3212164191911798,0,0,-0.010407091641122745,-0.010407091641122745
100,10,0.35049194566691966,0,0,0.011371375029310016,0.011371375029310016
103,10,0.06719197737005847,0,0,-0.002094688615017881,-0.002094688615017881
104,10,0.2589285893385249,0,0,-0.012122570456665982,-0.012122570456665982
108,10,0.312906953957422,0,0,0.021662003331937185,0.021662003331937185
121,10,0.2516399162428191,0,0,-0.0038981763382310852,-0.0038981763382310852
130,10,0.16505160252502232,0,0,-0.009906064690017924,-0.009906064690017924
136,10,0.07718659362535155,0,0,0.0021741088020590382,0.0021741088020590382
137,10,0.1862560770774294,0,0,-0.009590834544894122,-0.009590834544894122
144,10,0.10797416183716993,0,0,0.004192364075142063,0.004192364075142063
146,10,0.029492739661043717,0,0,0.0005476337333819581,0.0005476337333819581
148,10,0.3685681832278446,0,0,-0.017960842091407303,-0.017960842091407303
149,10,0.31759480944797785,0,0,0.024654193245892575,0.024654193245892575
153,10,0.29210633440971917,0,0,-0.012554373908889471,-0.012554373908889471
156,10,0.38902617062154343,0,0,-0.01916718066836881,-0.01916718066836881
159,10,0.26531420087009805,0,0,-0.011460244533627817,-0.011460244533627817
168,10,0.0759460211635514,0,0,-0.0038240070667897585,-0.0038240070667897585
170,10,0.21978714244898565,0,0,-0.005487540517407574,-0.005487540517407574
184,10,0.25004400637991453,0,0,-0.011873346392470951,-0.011873346392470951
19,11,0.06196427100124504,0,0,0.001012579929834334,0.001012579929834334
26,11,0.25974302298047414,0,0,0.00014186246847697204,0.00014186246847697204
27,11,0.32603625092736593,0,0,0.016685112669497515,0.016685112669497515
36,11,0.3350039546606589,0,0,-0.01313369130592551,-0.01313369130592551
39,11,0.10587018751881377,0,0,-0.0009547017726188045,-0.0009547017726188045
42,11,0.36037092655833547,0,0,-0.02941471762171144,-0.02941471762171144
43,11,0.2859327505718901,0,0,0.002745692978333991,0.002745692978333991
57,11,0.21781299473078305,0,0,0.012010645289257327,0.012010645289257327
61,11,0.3620318485428251,0,0,0.03150515849641733,0.03150515849641733
62,11,0.295945278784959,0,0,-0.00839291294993244,-0.00839291294993244
86,11,0.10199201042158877,0,0,0.0001413633993606611,0.0001413633993606611
96,11,0.10636440595821339,0,0,-0.0017809915950817157,-0.0017809915950817157
98,11,0.34874804048891767,0,0,-0.02387750854382581,-0.02387750854382581
99,11,0.35352987302363675,0,0,0.0005115529787295681,0.0005115529787295681
103,11,0.16138453307657769,0,0,0.008823956004834432,0.008823956004834432
104,11,0.07142611274032264,0,0,-0.0012039258368136685,-0.0012039258368136685
121,11,0.36310320715430294,0,0,0.007020468281621228,0.007020468281621228
130,11,0.02652049391757456,0,0,0.0010125799298343896,0.0010125799298343896
136,11,0.22321168971921415,0,0,0.013092753421911352,0.013092753421911352
137,11,0.1708441450635685,0,0,0.0013278100749581911,0.0013278100749581911
144,11,0.2856284862623887,0,0,0.015111008694994377,0.015111008694994377
146,11,0.22089280016809051,0,0,0.011466278353234272,0.011466278353234272
148,11,0.27142000029612484,0,0,-0.0070421974715549895,-0.0070421974715549895
153,11,0.2497212545081359,0,0,-0.0016357292890371578,-0.0016357292890371578
156,11,0.23589233021698286,0,0,-0.008248536048516497,-0.008248536048516497
159,11,0.1814661819778529,0,0,-0.0005415999137755034,-0.0005415999137755034
163,11,0.29226161828184055,0,0,-0.025917999065614428,-0.025917999065614428
168,11,0.13922268012864766,0,0,0.007094637553062555,0.007094637553062555
170,11,0.3232060592816164,0,0,0.005431104102444739,0.005431104102444739
184,11,0.1286734897698104,0,0,-0.000954701772618638,-0.000954701772618638
191,11,0.34911691507325593,0,0,-0.040197823570955915,-0.040197823570955915
13,12,0.22513210150676768,0,0,-0.005040661160745988,-0.005040661160745988
24,12,0.38465204737090963,0,0,-0.028552351513656912,-0.028552351513656912
35,12,0.2659868446987744,0,0,0.0122605516699716,0.0122605516699716
41,12,0.39369648808348173,0,0,-0.05220645846774963,-0.05220645846774963
45,12,0.21222004746349948,0,0,-0.01936228469983748,-0.01936228469983748
70,12,0.37291621125949387,0,0,0.024511759336171016,0.024511759336171016
76,12,0.38316988179281214,0,0,-0.04761443804174063,-0.04761443804174063
82,12,0.3129184617705851,0,0,-0.023919408339647598,-0.023919408339647598
107,12,0.3206907714377751,0,0,-0.023919408339647577,-0.023919408339647577
110,12,0.26985767054674187,0,0,-0.023964918151874536,-0.023964918151874536
118,12,0.30830352117663223,0,0,-0.013507614369935389,-0.013507614369935389
119,12,0.2641719789063802,0,0,0.020065067080254836,0.020065067080254836
120,12,0.1614503454737101,0,0,0.018344885295938154,0.018344885295938154
122,12,0.16099026341692116,0,0,0.007110641597925724,0.007110641597925724
132,12,0.3851241958708889,0,0,0.03744153426640029,0.03744153426640029
145,12,0.23117003121698954,0,0,0.03614856185778452,0.03614856185778452
151,12,0.364930942114743,0,0,0.017431284519547036,0.017431284519547036
171,12,0.12334748008901399,0,0,0.0009190501596210571,0.0009190501596210571
181,12,0.18216030297394709,0,0,0.007110641597925765,0.007110641597925765
193,12,0.35241127167398795,0,0,0.048543101407718225,0.048543101407718225
24,13,0.2627496615927897,0,0,-0.023511690352910924,-0.023511690352910924
35,13,0.14430230152462997,0,0,0.01730121283071759,0.01730121283071759
45,13,0.12148522119244183,0,0,-0.014321623539091492,-0.014321623539091492
55,13,0.38668671018044987,0,0,-0.045889222613515405,-0.045889222613515405
70,13,0.30766009794630766,0,0,0.029552420496917003,0.029552420496917003
76,13,0.36173521525271984,0,0,-0.04257377688099464,-0.04257377688099464
82,13,0.22636241245153457,0,0,-0.01887874717890161,-0.01887874717890161
107,13,0.2087896734073354,0,0,-0.01887874717890159,-0.01887874717890159
110,13,0.2233450609690382,0,0,-0.018924256991128548,-0.018924256991128548
113,13,0.27559900480415067,0,0,-0.025108593476099693,-0.025108593476099693
118,13,0.09868826524509552,0,0,-0.008466953209189401,-0.008466953209189401
119,13,0.25803639760058833,0,0,0.025105728241000824,0.025105728241000824
120,13,0.24934669798629744,0,0,0.023385546456684142,0.023385546456684142
122,13,0.10739643120829032,0,0,0.012151302758671712,0.012151302758671712
132,13,0.3713465185788295,0,0,0.04248219542714628,0.04248219542714628
145,13,0.371361447749294,0,0,0.04118922301853051,0.04118922301853051
151,13,0.2222051043946119,0,0,0.022471945680293023,0.022471945680293023
161,13,0.3916155121995017,0,0,-0.043560086506828674,-0.043560086506828674
171,13,0.10861670778947217,0,0,0.005959711320367045,0.005959711320367045
181,13,0.11422521746978898,0,0,0.012151302758671753,0.012151302758671753
18,14,0.362117979158749,0,0,0.08644321251103626,0.08644321251103626
52,14,0.35272460047690346,0,0,-0.10022761453071499,-0.10022761453071499
65,14,0.2829892633670783,0,0,0.06950975718321684,0.06950975718321684
81,14,0.31820698633357597,0,0,0.06950975718321678,0.06950975718321678
94,14,0.3296839103214576,0,0,0.06501375229137818,0.06501375229137818
109,14,0.15657652642860775,0,0,0.028555485496208843,0.028555485496208843
139,14,0.08005201300492738,0,0,-0.015159681630736332,-0.015159681630736332
141,14,0.2827859601367955,0,0,-0.08468306226657368,-0.08468306226657368
143,14,0.38941728477787957,0,0,-0.10545102250568303,-0.10545102250568303
154,14,0.22257584618648443,0,0,-0.04149091059039439,-0.04149091059039439
160,14,0.11538072262944753,0,0,0.01747373201588559,0.01747373201588559
167,14,0.12395674480209233,0,0,-0.008909233223671431,-0.008909233223671431
169,14,0.3139463747411436,0,0,-0.057677529386828685,-0.057677529386828685
173,14,0.28587539120878347,0,0,0.03863490276679238,0.03863490276679238
180,14,0.08004063944705875,0,0,0.017473732015885535,0.017473732015885535
183,14,0.18853365954523357,0,0,0.04160028842500052,0.04160028842500052
190,14,0.10940854381869794,0,0,0.021894394451339283,0.021894394451339283
196,14,0.13969024569797997,0,0,-0.04250996020535808,-0.04250996020535808
20,15,0.19526469293925813,0,0,0.05817567916124074,0.05817567916124074
23,15,0.30993679899065035,0,0,0.07069403057155785,0.07069403057155785
40,15,0.3212879244229841,0,0,-0.07613257094977491,-0.07613257094977491
73,15,0.29606005016144876,0,0,0.07734529384196273,0.07734529384196273
74,15,0.28098680507868773,0,0,-0.07109848694488216,-0.07109848694488216
77,15,0.2887690843911599,0,0,-0.016952186590952545,-0.016952186590952545
87,15,0.31162096054501204,0,0,-0.07406306941735089,-0.07406306941735089
88,15,0.05532747698247421,0,0,-5.551115123125783e-17,-5.551115123125783e-17
93,15,0.299641603959944,0,0,-0.069475673565772,-0.069475673565772
112,15,0.3469552478673377,0,0,0.08363909567339323,0.08363909567339323
129,15,0.2137193363586352,0,0,0.05721087625578297,0.05721087625578297
158,15,0.3220440953577571,0,0,-0.059473855093944344,-0.059473855093944344
164,15,0.12438769617788971,0,0,0.05122382868044914,0.05122382868044914
178,15,0.15649152678639,0,0,0.025716292868444957,0.025716292868444957
186,15,0.19075181594654664,0,0,-0.04348770493640036,-0.04348770493640036
199,15,0.21126103997217677,0,0,-0.05297291071651075,-0.05297291071651075
200,15,0.12705750607958513,0,0,0.03965136116275618,0.03965136116275618
30,16,0.22377167637830334,0,0,0.017385096545468326,0.017385096545468326
38,16,0.1219555393744076,0,0,0.0044200350817897305,0.0044200350817897305
47,16,0.2531721765783176,0,0,0.021002128807348447,0.021002128807348447
52,16,0.38483572908528496,0,0,0.05100919822107042,0.05100919822107042
54,16,0.1996573206173979,0,0,-0.006462847292648122,-0.006462847292648122
79,16,0.26036544279593493,0,0,0.01656494013964624,0.01656494013964624
83,16,0.042106811019434746,0,0,0.004420035081789675,0.004420035081789675
90,16,0.22485920534476103,0,0,-0.02983985752200105,-0.02983985752200105
92,16,0.020624425087823143,0,0,0.0020909965515114592,0.0020909965515114592
105,16,0.22770572833424363,0,0,-0.031772891475501885,-0.031772891475501885
114,16,0.010664597176254119,0,0,0.0020909965515114315,0.0020909965515114315
115,16,0.13990268758426552,0,0,0.012947891953495105,0.012947891953495105
131,16,0.17390503860009174,0,0,-0.012250950647554354,-0.012250950647554354
132,16,0.39366842406350255,0,0,-0.05018391723627305,-0.05018391723627305
134,16,0.06353196081294334,0,0,0.004420035081789647,0.004420035081789647
140,16,0.2111808801049774,0,0,-0.009160506572355509,-0.009160506572355509
141,16,0.3895301250720064,0,0,0.06655375048521173,0.06655375048521173
143,16,0.29584320923226226,0,0,0.04578579024610238,0.04578579024610238
145,16,0.3790019229207347,0,0,-0.05147688964488882,-0.05147688964488882
147,16,0.3408228190277902,0,0,-0.03538361345434682,-0.03538361345434682
193,16,0.290821721695145,0,0,-0.039082350094955115,-0.039082350094955115
194,16,0.05349588471358663,0,0,-0.005111432552447004,-0.005111432552447004
197,16,0.2683604053093242,0,0,0.02981950820094742,0.02981950820094742
198,16,0.10189346747978299,0,0,-0.007785146454709041,-0.007785146454709041
25,17,0.2491458824072441,0,0,0.04310913520401621,0.04310913520401621
32,17,0.27789526959145744,0,0,-0.012985553176175446,-0.012985553176175446
33,17,0.21715253590422612,0,0,-0.02030439742594664,-0.02030439742594664
49,17,0.28003449954131904,0,0,-0.017257939196715755,-0.017257939196715755
60,17,0.13289649385437458,0,0,-0.005304313836863417,-0.005304313836863417
61,17,0.3217626294280817,0,0,-0.026538624559704183,-0.026538624559704183
68,17,0.12693333046471153,0,0,0.010989359069741245,0.010989359069741245
71,17,0.37234945939042846,0,0,-0.03468166701013814,-0.03468166701013814
72,17,0.06791568344461407,0,0,-0.008159353123978974,-0.008159353123978974
95,17,0.24249576032658782,0,0,-0.015601228250260057,-0.015601228250260057
108,17,0.26462674377751133,0,0,-0.025463135104332013,-0.025463135104332013
111,17,0.19608206130539865,0,0,0.008600648880864148,0.008600648880864148
117,17,0.22058939529303268,0,0,0.03278160006874303,0.03278160006874303
125,17,0.19993796811493947,0,0,-0.012568130683892564,-0.012568130683892564
126,17,0.21767111966296598,0,0,0.0026423699142352763,0.0026423699142352763
149,17,0.2519559543955153,0,0,-0.022470945190376623,-0.022470945190376623
150,17,0.05504169155876311,0,0,0.0044724613627131204,0.0044724613627131204
155,17,0.11478757667966642,0,0,0.007523122853811626,0.007523122853811626
157,17,0.39346695842555995,0,0,0.06346564968249191,0.06346564968249191
166,17,0.21976989510975278,0,0,0.04022592237173517,0.04022592237173517
172,17,0.27842284960028124,0,0,0.012606405287550526,0.012606405287550526
175,17,0.30176540355229653,0,0,0.009614685029024572,0.009614685029024572
187,17,0.05511952825286274,0,0,0.006103883378248409,0.006103883378248409
21,18,0.1055974414377975,0,0,0.022405326738505593,0.022405326738505593
36,18,0.38649950966423174,1,1,0.10784685602426747,-0.8921531439757325
42,18,0.3197107154319652,1,1,0.0915658297084816,-0.9084341702915184
65,18,0.12956089642729016,0,0,-0.016933455327819424,-0.016933455327819424
81,18,0.04392328729216634,0,0,-0.01693345532781948,-0.01693345532781948
94,18,0.07679997919503677,0,0,-0.02142946021965808,-0.02142946021965808
98,18,0.35260597119601705,1,1,0.09710303878636717,-0.9028969612136328
109,18,0.21051808699688693,0,0,-0.05788772701482742,-0.05788772701482742
160,18,0.2876846455965557,0,0,-0.06896948049515067,-0.06896948049515067
163,18,0.32755896552610997,1,1,0.0950625482645786,-0.9049374517354214
173,18,0.2087446905129796,0,0,-0.04780830974424388,-0.04780830974424388
180,18,0.2822404969922523,0,0,-0.06896948049515073,-0.06896948049515073
183,18,0.22143372219293647,0,0,-0.04484292408603574,-0.04484292408603574
190,18,0.25469566230973323,0,0,-0.06454881805969698,-0.06454881805969698
191,18,0.27854613447087473,1,1,0.08078272375923712,-0.9192172762407629
26,19,0.2094795934779524,0,0,-0.0008707174613573621,-0.0008707174613573621
27,19,0.29064718895862757,0,0,0.01567253273966318,0.01567253273966318
36,19,0.32045581610603174,0,0,-0.014146271235759844,-0.014146271235759844
39,19,0.08891692794881423,0,0,-0.0019672817024531386,-0.0019672817024531386
42,19,0.3567559456165758,0,0,-0.030427297551545773,-0.030427297551545773
43,19,0.225585323921733,0,0,0.001733113048499657,0.001733113048499657
51,19,0.3531940052936456,0,0,0.012078181498218599,0.012078181498218599
57,19,0.18380908046261835,0,0,0.010998065359422993,0.010998065359422993
61,19,0.35088946892059103,0,0,0.030492578566582995,0.030492578566582995
62,19,0.2801122252232962,0,0,-0.009405492879766775,-0.009405492879766775
71,19,0.36086477491934665,0,0,0.022349536116149038,0.022349536116149038
86,19,0.059556567492050023,0,0,-0.000871216530473673,-0.000871216530473673
96,19,0.14341516382724795,0,0,-0.0027935715249160498,-0.0027935715249160498
98,19,0.33961913833586344,0,0,-0.024890088473660144,-0.024890088473660144
99,19,0.2961875907769184,0,0,-0.000501026951104766,-0.000501026951104766
103,19,0.10806683320787597,0,0,0.007811376075000098,0.007811376075000098
104,19,0.11162780803580646,0,0,-0.0022165057666480026,-0.0022165057666480026
121,19,0.3012616549094428,0,0,0.006007888351786894,0.006007888351786894
130,19,0.0447930384193816,0,0,5.551115123125783e-17,5.551115123125783e-17
136,19,0.20351558037576317,0,0,0.012080173492077018,0.012080173492077018
137,19,0.11325488186038338,0,0,0.00031523014512385705,0.00031523014512385705
144,19,0.25729404258857913,0,0,0.014098428765160043,0.014098428765160043
146,19,0.18109881077025386,0,0,0.010453698423399937,0.010453698423399937
148,19,0.2464324183581451,0,0,-0.008054777401389324,-0.008054777401389324
153,19,0.20418579528844366,0,0,-0.002648309218871492,-0.002648309218871492
156,19,0.24039437801007688,0,0,-0.009261115978350831,-0.009261115978350831
159,19,0.1459352387501212,0,0,-0.0015541798436098375,-0.0015541798436098375
163,19,0.3116252592299487,0,0,-0.026930578995448762,-0.026930578995448762
168,19,0.08687403469909714,0,0,0.006082057623228221,0.006082057623228221
170,19,0.26132788188475425,0,0,0.004418524172610405,0.004418524172610405
184,19,0.10795141305255043,0,0,-0.001967281702452972,-0.001967281702452972
191,19,0.37753058052524985,0,0,-0.04121040350079025,-0.04121040350079025
23,20,0.14871797919843072,0,0,0.01251835141031711,0.01251835141031711
44,20,0.27459518514966497,0,0,0.04906421090024994,0.04906421090024994
56,20,0.28570900695699974,0,0,0.04044408663399386,0.04044408663399386
69,20,0.3082081500907127,0,0,0.045196416143420674,0.045196416143420674
73,20,0.1607059237187233,0,0,0.019169614680721994,0.019169614680721994
88,20,0.21433917436334854,0,0,-0.05817567916124079,-0.05817567916124079
112,20,0.21464510949189375,0,0,0.025463416512152497,0.025463416512152497
124,20,0.26143744412254405,0,0,0.03679891298765439,0.03679891298765439
129,20,0.09228035442411839,0,0,-0.000964802905457765,-0.000964802905457765
164,20,0.07321347656083108,0,0,-0.0069518504807915965,-0.0069518504807915965
177,20,0.32650612623204817,0,0,0.05338717642379626,0.05338717642379626
178,20,0.15880106021483495,0,0,-0.03245938629279578,-0.03245938629279578
179,20,0.3118913581593737,0,0,0.049064210900249955,0.049064210900249955
186,20,0.38481878676246384,0,0,-0.1016633840976411,-0.1016633840976411
192,20,0.3493294335423666,0,0,0.056957293382845955,0.056957293382845955
199,20,0.3973872515049027,0,0,-0.11114858987775149,-0.11114858987775149
200,20,0.09791480148716136,0,0,-0.018524317998484557,-0.018524317998484557
36,21,0.2823481092470861,1,1,0.08544152928576187,-0.9145584707142381
42,21,0.21679040870750538,1,1,0.069160502969976,-0.930839497030024
62,21,0.31233878279054156,1,1,0.09018230764175494,-0.9098176923582451
65,21,0.19252157196599778,0,0,-0.03933878206632502,-0.03933878206632502
81,21,0.1458237534293397,0,0,-0.03933878206632507,-0.03933878206632507
94,21,0.17526810288165168,0,0,-0.043834786958163674,-0.043834786958163674
98,21,0.24877069610424554,1,1,0.07469771204786158,-0.9253022879521384
109,21,0.3123910258827056,0,0,-0.08029305375333301,-0.08029305375333301
148,21,0.3641016433354844,1,1,0.09153302312013234,-0.9084669768798677
156,21,0.3103560086685659,1,1,0.09032668454317094,-0.9096733154568291
160,21,0.3918318701605264,0,0,-0.09137480723365626,-0.09137480723365626
163,21,0.24819388071391513,1,1,0.07265722152607301,-0.927342778473927
173,21,0.3075756991813912,0,0,-0.07021363648274948,-0.07021363648274948
180,21,0.380044943429436,0,0,-0.09137480723365632,-0.09137480723365632
183,21,0.297836627152164,0,0,-0.06724825082454133,-0.06724825082454133
190,21,0.3496578388235059,0,0,-0.08695414479820257,-0.08695414479820257
191,21,0.2204498194372128,1,1,0.058377397020731525,-0.9416226029792685
28,22,0.2917941156259659,0,0,-0.02476623311984677,-0.02476623311984677
40,22,0.27304725528554424,0,0,0.024941300256397098,0.024941300256397098
48,22,0.3393509798199716,0,0,-0.029986053060231888,-0.029986053060231888
50,22,0.0836816706730183,0,0,-0.005887012495462085,-0.005887012495462085
58,22,0.06079686418934983,0,0,0.0033739254076123326,0.0033739254076123326
64,22,0.07759583845069451,0,0,0.006724320211961593,0.006724320211961593
67,22,0.23936882150548058,0,0,-0.026144014054898024,-0.026144014054898024
74,22,0.2758285272783874,0,0,0.029975384261289845,0.029975384261289845
75,22,0.09293452648378536,0,0,0.0033739254076124436,0.0033739254076124436
78,22,0.38320913975297394,0,0,-0.042748119078081015,-0.042748119078081015
87,22,0.34341545718416305,0,0,0.02701080178882112,0.02701080178882112
93,22,0.24165487492199447,0,0,0.031598197640400005,0.031598197640400005
101,22,0.12643350598623845,0,0,0.008309579116519139,0.008309579116519139
102,22,0.26945262889844396,0,0,-0.0287181908750071,-0.0287181908750071
116,22,0.18395228617254183,0,0,-0.01851823192450852,-0.01851823192450852
123,22,0.2257044702737689,0,0,-0.008133567489045423,-0.008133567489045423
128,22,0.02672686804857314,0,0,-0.005887012495462085,-0.005887012495462085
135,22,0.26585674074761134,0,0,0.008251949017190702,0.008251949017190702
165,22,0.32783074977335275,0,0,-0.03423827615643982,-0.03423827615643982
186,22,0.3961605604950976,0,0,0.057586166269771644,0.057586166269771644
188,22,0.27752035334287417,0,0,0.006644551630573314,0.006644551630573314
189,22,0.11287485988032998,0,0,0.0033739254076123604,0.0033739254076123604
199,22,0.3245384059702517,0,0,0.048100960489661254,0.048100960489661254
44,23,0.2780423517315106,0,0,0.03654585948993283,0.03654585948993283
56,23,0.2285514084796316,0,0,0.02792573522367675,0.02792573522367675
69,23,0.2589111085971814,0,0,0.032678064733103564,0.032678064733103564
73,23,0.2676888027417187,0,0,0.0066512632704048835,0.0066512632704048835
88,23,0.305725308921573,0,0,-0.0706940305715579,-0.0706940305715579
112,23,0.31070140362939214,0,0,0.012945065101835386,0.012945065101835386
124,23,0.21413319759822563,0,0,0.02428056157733728,0.02428056157733728
129,23,0.09740585536659921,0,0,-0.013483154315774876,-0.013483154315774876
164,23,0.19290568544104786,0,0,-0.019470201891108707,-0.019470201891108707
177,23,0.3936578715217931,0,0,0.04086882501347915,0.04086882501347915
178,23,0.19132411106248395,0,0,-0.04497773770311289,-0.04497773770311289
179,23,0.28040311548626634,0,0,0.036545859489932844,0.036545859489932844
192,23,0.3132075022128803,0,0,0.044438941972528845,0.044438941972528845
200,23,0.24385914316979002,0,0,-0.031042669408801668,-0.031042669408801668
29,24,0.3079135610060556,0,0,-0.02690072490286286,-0.02690072490286286
41,24,0.23056368150351583,0,0,-0.023654106954092712,-0.023654106954092712
45,24,0.17877241009124736,0,0,0.009190066813819432,0.009190066813819432
55,24,0.14517768305710213,0,0,-0.02237753226060448,-0.02237753226060448
59,24,0.14385561015887854,0,0,-0.018263753912192704,-0.018263753912192704
76,24,0.17089138613593813,0,0,-0.019062086528083715,-0.019062086528083715
82,24,0.07724443090656131,0,0,0.004632943174009314,0.004632943174009314
107,24,0.06434040941138242,0,0,0.004632943174009335,0.004632943174009335
110,24,0.13075027471241266,0,0,0.004587433361782377,0.004587433361782377
113,24,0.09209773922549583,0,0,-0.0015969031231887684,-0.0015969031231887684
118,24,0.19382994268323786,0,0,0.015044737143721523,0.015044737143721523
122,24,0.3562173098511837,0,0,0.035662993111582636,0.035662993111582636
133,24,0.3776295274511749,0,0,-0.03419777298297639,-0.03419777298297639
138,24,0.20309961858063896,0,0,-0.024016433068230026,-0.024016433068230026
161,24,0.1349170474102205,0,0,-0.02004839615391775,-0.02004839615391775
162,24,0.20756224200591292,0,0,-0.02697573429426151,-0.02697573429426151
171,24,0.3289821815196017,0,0,0.02947140167327797,0.02947140167327797
181,24,0.37079318953893387,0,0,0.03566299311158268,0.03566299311158268
32,25,0.36828893798248524,0,0,-0.05609468838019166,-0.05609468838019166
34,25,0.3553807241179514,0,0,0.06908177946145833,0.06908177946145833
46,25,0.3420266718680475,0,0,0.06742196175940296,0.06742196175940296
53,25,0.3690402004822391,0,0,0.0720803208070308,0.0720803208070308
60,25,0.37382645805478376,0,0,-0.04841344904087963,-0.04841344904087963
63,25,0.3300764179980639,0,0,0.0610364574693284,0.0610364574693284
68,25,0.14987620808506016,0,0,-0.03211977613427497,-0.03211977613427497
72,25,0.3029391348313273,0,0,-0.05126848832799519,-0.05126848832799519
80,25,0.3491050727794523,0,0,0.06742196175940296,0.06742196175940296
91,25,0.3120300221352341,0,0,0.04760365683210571,0.04760365683210571
95,25,0.37906479813729704,0,0,-0.05871036345427627,-0.05871036345427627
111,25,0.12923170491666588,0,0,-0.034508486323152066,-0.034508486323152066
117,25,0.12746399745909795,0,0,-0.01032753513527318,-0.01032753513527318
126,25,0.3777164516260524,0,0,-0.04046676528978094,-0.04046676528978094
150,25,0.26899888101658787,0,0,-0.03863667384130309,-0.03863667384130309
152,25,0.1919839226751304,0,0,0.027902443319017978,0.027902443319017978
155,25,0.2044824761795636,0,0,-0.03558601235020459,-0.03558601235020459
157,25,0.2013680389729837,0,0,0.020356514478475696,0.020356514478475696
166,25,0.06327145701704365,0,0,-0.0028832128322810457,-0.0028832128322810457
172,25,0.1849916987235628,0,0,-0.030502729916465687,-0.030502729916465687
175,25,0.2199061305169178,0,0,-0.03349445017499164,-0.03349445017499164
187,25,0.2553198935538696,0,0,-0.037005251825767804,-0.037005251825767804
195,25,0.36469721699710766,0,0,0.057508166345676404,0.057508166345676404
27,26,0.3880887571724835,0,0,0.016543250201020543,0.016543250201020543
36,26,0.21368937521111514,0,0,-0.013275553774402482,-0.013275553774402482
39,26,0.1703303367334459,0,0,-0.0010965642410957765,-0.0010965642410957765
42,26,0.2781416114473907,0,0,-0.02955658009018841,-0.02955658009018841
43,26,0.09797425627729707,0,0,0.002603830509857019,0.002603830509857019
51,26,0.32249440418908243,0,0,0.01294889895957596,0.01294889895957596
57,26,0.3123145760742305,0,0,0.011868782820780355,0.011868782820780355
62,26,0.18292168244170284,0,0,-0.008534775418409413,-0.008534775418409413
86,26,0.15776121643126195,0,0,-4.99069116310924e-7,-4.99069116310924e-7
96,26,0.2678439586863289,0,0,-0.0019228540635586877,-0.0019228540635586877
98,26,0.2464051792126362,0,0,-0.02401937101230278,-0.02401937101230278
99,26,0.11113503767063516,0,0,0.00036969051025259603,0.00036969051025259603
103,26,0.2160182927737035,0,0,0.00868209353635746,0.00868209353635746
104,26,0.25944319274331407,0,0,-0.0013457883052906405,-0.0013457883052906405
121,26,0.21102185973509313,0,0,0.006878605813144256,0.006878605813144256
130,26,0.25238579225783875,0,0,0.0008707174613574176,0.0008707174613574176
136,26,0.35777699999112844,0,0,0.01295089095343438,0.01295089095343438
137,26,0.1029306700401161,0,0,0.001185947606481219,0.001185947606481219
144,26,0.381624472976713,0,0,0.014969146226517405,0.014969146226517405
146,26,0.2946616143857621,0,0,0.0113244158847573,0.0113244158847573
148,26,0.13124642513221524,0,0,-0.007184059940031962,-0.007184059940031962
153,26,0.028725748135252457,0,0,-0.0017775917575141298,-0.0017775917575141298
156,26,0.23022047163188572,0,0,-0.00839039851699347,-0.00839039851699347
159,26,0.09653783229575247,0,0,-0.0006834623822524755,-0.0006834623822524755
163,26,0.32144462848398553,0,0,-0.0260598615340914,-0.0260598615340914
168,26,0.21608068156860843,0,0,0.006952775084585583,0.006952775084585583
170,26,0.18223477499378476,0,0,0.005289241633967767,0.005289241633967767
184,26,0.15339372963307493,0,0,-0.00109656424109561,-0.00109656424109561
32,27,0.29426054712447164,0,0,0.02837311721044855,0.02837311721044855
33,27,0.18450362790263866,0,0,0.021054272960677356,0.021054272960677356
39,27,0.37198161190268475,0,0,-0.01763981444211632,-0.01763981444211632
43,27,0.3179336256890875,0,0,-0.013939419691163524,-0.013939419691163524
49,27,0.343164690426296,0,0,0.024100731189908242,0.024100731189908242
51,27,0.20982333657258354,0,0,-0.003594351241444582,-0.003594351241444582
57,27,0.10831778844102753,0,0,-0.004674467380240188,-0.004674467380240188
60,27,0.3758715295457066,0,0,0.03605435654976058,0.03605435654976058
61,27,0.1484924993653506,0,0,0.014820045826919814,0.014820045826919814
71,27,0.08013866144912024,0,0,0.006677003376485857,0.006677003376485857
72,27,0.33359855543787287,0,0,0.03319931726264502,0.03319931726264502
86,27,0.32914643335945326,0,0,-0.016543749270136854,-0.016543749270136854
95,27,0.24486150968421722,0,0,0.02575744213636394,0.02575744213636394
99,27,0.39454416777868545,0,0,-0.016173559690767947,-0.016173559690767947
100,27,0.2484115178646748,0,0,0.005604906979664814,0.005604906979664814
103,27,0.19456004234487265,0,0,-0.007861156664663083,-0.007861156664663083
104,27,0.39518541864279405,0,0,-0.017889038506311183,-0.017889038506311183
108,27,0.17546807322943977,0,0,0.015895535282291984,0.015895535282291984
121,27,0.27843789615437553,0,0,-0.009664644387876287,-0.009664644387876287
125,27,0.34147840509325433,0,0,0.028790539702731432,0.028790539702731432
130,27,0.3000534595249099,0,0,-0.015672532739663125,-0.015672532739663125
136,27,0.11997754243786228,0,0,-0.003592359247586163,-0.003592359247586163
137,27,0.3061824818841483,0,0,-0.015357302594539324,-0.015357302594539324
144,27,0.0533332600485129,0,0,-0.0015741039745031382,-0.0015741039745031382
146,27,0.1101391625171221,0,0,-0.005218834316263243,-0.005218834316263243
149,27,0.18047802072248506,0,0,0.018887725196247374,0.018887725196247374
159,27,0.3922342811003893,0,0,-0.01722671258327302,-0.01722671258327302
168,27,0.2097570519237246,0,0,-0.00959047511643496,-0.00959047511643496
170,27,0.26332177355092623,0,0,-0.011254008567052776,-0.011254008567052776
184,27,0.38449422156942814,0,0,-0.017639814442116153,-0.017639814442116153
31,28,0.2213059023918987,0,0,-0.02080709355556115,-0.02080709355556115
34,28,0.34403433317819765,0,0,-0.033587623653988874,-0.033587623653988874
46,28,0.3569547606288039,0,0,-0.03524744135604424,-0.03524744135604424
48,28,0.060381277821590626,0,0,-0.0052198199403851175,-0.0052198199403851175
50,28,0.21153396067805547,0,0,0.018879220624384685,0.018879220624384685
53,28,0.34609872752208487,0,0,-0.030589082308416393,-0.030589082308416393
58,28,0.29919317871516754,0,0,0.028140158527459103,0.028140158527459103
64,28,0.3690945997894676,0,0,0.03149055333180836,0.03149055333180836
67,28,0.11996058764992147,0,0,-0.0013777809350512538,-0.0013777809350512538
75,28,0.2534688813133874,0,0,0.028140158527459214,0.028140158527459214
78,28,0.3258895700283683,0,0,-0.017981885958234245,-0.017981885958234245
80,28,0.36369422286420433,0,0,-0.03524744135604424,-0.03524744135604424
84,28,0.2626669351338105,0,0,-0.022195287131037578,-0.022195287131037578
85,28,0.28529633478182315,0,0,-0.023748405241511228,-0.023748405241511228
101,28,0.3861458394236153,0,0,0.03307581223636591,0.03307581223636591
102,28,0.15574141686297993,0,0,-0.003951957755160329,-0.003951957755160329
116,28,0.11176803128624231,0,0,0.006248001195338249,0.006248001195338249
123,28,0.14491460508159248,0,0,0.016632665630801347,0.016632665630801347
128,28,0.2673680909648973,0,0,0.018879220624384685,0.018879220624384685
135,28,0.3118430552731554,0,0,0.03301818213703747,0.03301818213703747
165,28,0.13767886657860584,0,0,-0.009472043036593047,-0.009472043036593047
174,28,0.284202616083021,0,0,-0.024961621984071758,-0.024961621984071758
182,28,0.2623291038664993,0,0,-0.02496162198407159,-0.02496162198407159
188,28,0.2829437682338937,0,0,0.031410784750420084,0.031410784750420084
189,28,0.24745257771018864,0,0,0.02814015852745913,0.02814015852745913
37,29,0.3787149048489638,0,0,-0.011315359387361765,-0.011315359387361765
41,29,0.07972047346042274,0,0,0.0032466179487701495,0.0032466179487701495
45,29,0.3339711176655835,0,0,0.036090791716682294,0.036090791716682294
55,29,0.2081171979860328,0,0,0.004523192642258381,0.004523192642258381
59,29,0.3113375403665538,0,0,0.008636970990670158,0.008636970990670158
66,29,0.2955935690198928,0,0,-0.03881470932313477,-0.03881470932313477
76,29,0.1390262868310054,0,0,0.007838638374779147,0.007838638374779147
82,29,0.26646315448654384,0,0,0.031533668076872176,0.031533668076872176
89,29,0.27094346755972104,0,0,-0.0306201749684346,-0.0306201749684346
97,29,0.17891556795938793,0,0,-0.018273362928390303,-0.018273362928390303
106,29,0.15639559333944247,0,0,-0.01195939048884049,-0.01195939048884049
107,29,0.2994544704870377,0,0,0.0315336680768722,0.0315336680768722
110,29,0.2392865153771879,0,0,0.03148815826464524,0.03148815826464524
113,29,0.39802934176276467,0,0,0.025303821779674093,0.025303821779674093
127,29,0.2778920102098916,0,0,-0.027116406800821346,-0.027116406800821346
133,29,0.3588620323315037,0,0,-0.007297048080113527,-0.007297048080113527
138,29,0.22249741855467334,0,0,0.0028842918346328357,0.0028842918346328357
142,29,0.30162967250045747,0,0,-0.023773680047126152,-0.023773680047126152
161,29,0.2520217392053508,0,0,0.006852328748945112,0.006852328748945112
162,29,0.28152746641819065,0,0,-7.500939139864701e-5,-7.500939139864701e-5
176,29,0.2718278962084149,0,0,-0.020079248141972497,-0.020079248141972497
185,29,0.1900795155446165,0,0,-0.02322011462759035,-0.02322011462759035
38,30,0.3020139070669924,0,0,-0.012965061463678595,-0.012965061463678595
47,30,0.32255279967714817,0,0,0.003617032261880121,0.003617032261880121
52,30,0.3260604949600005,0,0,0.03362410167560209,0.03362410167560209
79,30,0.3552872665989511,0,0,-0.0008201564058220867,-0.0008201564058220867
83,30,0.24082196520575233,0,0,-0.012965061463678651,-0.012965061463678651
92,30,0.2069786608507755,0,0,-0.015294099993956867,-0.015294099993956867
105,30,0.3948717047178973,0,0,-0.04915798802097021,-0.04915798802097021
114,30,0.22617738277736324,0,0,-0.015294099993956894,-0.015294099993956894
115,30,0.11422372827638325,0,0,-0.004437204591973221,-0.004437204591973221
131,30,0.39732244692938024,0,0,-0.02963604719302268,-0.02963604719302268
134,30,0.2556547086469746,0,0,-0.012965061463678679,-0.012965061463678679
141,30,0.2552343582135907,0,0,0.0491686539397434,0.0491686539397434
143,30,0.11519038851756766,0,0,0.028400693700634055,0.028400693700634055
194,30,0.2635877360706321,0,0,-0.02249652909791533,-0.02249652909791533
196,30,0.3821698805114518,0,0,0.091341756000959,0.091341756000959
197,30,0.2575842262273759,0,0,0.012434411655479094,0.012434411655479094
198,30,0.2102374138009013,0,0,-0.025170243000177367,-0.025170243000177367
34,31,0.24397087530284367,0,0,-0.012780530098427723,-0.012780530098427723
46,31,0.25133033925084364,0,0,-0.014440347800483089,-0.014440347800483089
48,31,0.16092486679044354,0,0,0.015587273615176034,0.015587273615176034
53,31,0.28082986652989245,0,0,-0.009781988752855242,-0.009781988752855242
63,31,0.24305204275824788,0,0,-0.02082585209055765,-0.02082585209055765
67,31,0.24315151941514346,0,0,0.019429312620509898,0.019429312620509898
78,31,0.29513329403154726,0,0,0.0028252075973269064,0.0028252075973269064
80,31,0.2028661172067338,0,0,-0.014440347800483089,-0.014440347800483089
84,31,0.17839549018452744,0,0,-0.0013881935754764263,-0.0013881935754764263
85,31,0.22237877693771912,0,0,-0.0029413116859500765,-0.0029413116859500765
91,31,0.3636447049664197,0,0,-0.03425865272778034,-0.03425865272778034
102,31,0.22835295398467087,0,0,0.016855135800400822,0.016855135800400822
116,31,0.3231860673537881,0,0,0.0270550947508994,0.0270550947508994
123,31,0.36545859135333075,0,0,0.0374397591863625,0.0374397591863625
165,31,0.1597641848922312,0,0,0.011335050518968104,0.011335050518968104
174,31,0.06821379844438301,0,0,-0.0041545284285106066,-0.0041545284285106066
182,31,0.045075562562552914,0,0,-0.00415452842851044,-0.00415452842851044
195,31,0.251961526469565,0,0,-0.024354143214209645,-0.024354143214209645
33,32,0.19927143416590212,0,0,-0.007318844249771195,-0.007318844249771195
57,32,0.3271124521190149,0,0,-0.03304758459068874,-0.03304758459068874
60,32,0.3575978993230865,0,0,0.007681239339312029,0.007681239339312029
61,32,0.14659455618322212,0,0,-0.013553071383528736,-0.013553071383528736
68,32,0.35363859010736387,0,0,0.02397491224591669,0.02397491224591669
71,32,0.3268855499342826,0,0,-0.021696113833962694,-0.021696113833962694
72,32,0.23927241456451806,0,0,0.004826200052196472,0.004826200052196472
95,32,0.06630312507048784,0,0,-0.0026156750740846113,-0.0026156750740846113
108,32,0.29779830709045374,0,0,-0.012477581928156567,-0.012477581928156567
111,32,0.23921253207551144,0,0,0.021586202057039594,0.021586202057039594
125,32,0.38291852224958733,0,0,0.00041742249228288175,0.00041742249228288175
136,32,0.27888536017521653,0,0,-0.031965476458034714,-0.031965476458034714
144,32,0.27006473479387405,0,0,-0.02994722118495169,-0.02994722118495169
146,32,0.3477370767272267,0,0,-0.033591951526711794,-0.033591951526711794
149,32,0.2871643608788468,0,0,-0.009485392014201177,-0.009485392014201177
150,32,0.3316028713980141,0,0,0.017458014538888567,0.017458014538888567
155,32,0.3757110036086805,0,0,0.020508676029987072,0.020508676029987072
166,32,0.3891243790036186,0,0,0.053211475547910614,0.053211475547910614
172,32,0.2258549258019971,0,0,0.025591958463725972,0.025591958463725972
175,32,0.2119952215904498,0,0,0.02260023820520002,0.02260023820520002
187,32,0.3330019112934883,0,0,0.019089436554423855,0.019089436554423855
49,33,0.2504143070897209,0,0,0.003046458229230886,0.003046458229230886
51,33,0.3493275454398167,0,0,-0.024648624202121938,-0.024648624202121938
57,33,0.2761050224710807,0,0,-0.025728740340917544,-0.025728740340917544
60,33,0.21471250894317198,0,0,0.015000083589083224,0.015000083589083224
61,33,0.13447749125714312,0,0,-0.006234227133757542,-0.006234227133757542
68,33,0.34021623703216713,0,0,0.031293756495687886,0.031293756495687886
71,33,0.16757788962648704,0,0,-0.014377269584191499,-0.014377269584191499
72,33,0.14946639699796033,0,0,0.012145044301967667,0.012145044301967667
95,33,0.13297790449950456,0,0,0.0047031691756865834,0.0047031691756865834
100,33,0.29655932513433747,0,0,-0.015449365981012542,-0.015449365981012542
103,33,0.3727838192948164,0,0,-0.02891542962534044,-0.02891542962534044
108,33,0.09974250672016673,0,0,-0.005158737678385372,-0.005158737678385372
111,33,0.32369493981695285,0,0,0.02890504630681079,0.02890504630681079
125,33,0.20878612612876563,0,0,0.0077362667420540765,0.0077362667420540765
126,33,0.37317585823163624,0,0,0.022946767340181917,0.022946767340181917
136,33,0.2558767161926226,0,0,-0.02464663220826352,-0.02464663220826352
144,33,0.20084859184574805,0,0,-0.022628376935180494,-0.022628376935180494
146,33,0.2863685763906248,0,0,-0.0262731072769406,-0.0262731072769406
149,33,0.08828216864082805,0,0,-0.0021665477644299824,-0.0021665477644299824
150,33,0.249796124412147,0,0,0.02477685878865976,0.02477685878865976
155,33,0.3311792040928859,0,0,0.027827520279758267,0.027827520279758267
168,33,0.38459857456721186,0,0,-0.030644748077112316,-0.030644748077112316
172,33,0.3629697653902274,0,0,0.03291080271349717,0.03291080271349717
175,33,0.3658975766325775,0,0,0.029919082454971213,0.029919082454971213
187,33,0.2595897243878729,0,0,0.02640828080419505,0.02640828080419505
46,34,0.013619496776121596,0,0,-0.0016598177020553662,-0.0016598177020553662
48,34,0.30440167202912366,0,0,0.028367803713603756,0.028367803713603756
53,34,0.05503978402796878,0,0,0.0029985413455724808,0.0029985413455724808
63,34,0.1956743560959578,0,0,-0.008045321992129928,-0.008045321992129928
67,34,0.2645298221045914,0,0,0.03220984271893762,0.03220984271893762
78,34,0.10014053391149008,0,0,0.015605737695754629,0.015605737695754629
80,34,0.09691150526716319,0,0,-0.0016598177020553662,-0.0016598177020553662
84,34,0.08262706767524765,0,0,0.011392336522951296,0.011392336522951296
85,34,0.06530837001717589,0,0,0.009839218412477646,0.009839218412477646
91,34,0.3246734793854918,0,0,-0.021478122629352614,-0.021478122629352614
102,34,0.21761864819516813,0,0,0.029635665898828545,0.029635665898828545
116,34,0.38893567706043386,0,0,0.03983562484932712,0.03983562484932712
152,34,0.29668910618163524,0,0,-0.04117933614244035,-0.04117933614244035
157,34,0.32790898809140057,0,0,-0.04872526498298263,-0.04872526498298263
165,34,0.20638873097378513,0,0,0.024115580617395826,0.024115580617395826
166,34,0.3998881952153611,0,0,-0.07196499229373937,-0.07196499229373937
174,34,0.2756098977070044,0,0,0.008626001669917116,0.008626001669917116
182,34,0.26388426574464674,0,0,0.008626001669917283,0.008626001669917283
195,34,0.2522769767905222,0,0,-0.011573613115781922,-0.011573613115781922
45,35,0.26068585229928554,0,0,-0.03162283636980908,-0.03162283636980908
70,35,0.16351130732739746,0,0,0.012251207666199415,0.012251207666199415
82,35,0.37055013954099075,0,0,-0.0361799600096192,-0.0361799600096192
90,35,0.387235962490914,0,0,0.04552504231070069,0.04552504231070069
105,35,0.3737436315964993,0,0,0.043592008357199855,0.043592008357199855
107,35,0.3528219769646883,0,0,-0.03617996000961918,-0.03617996000961918
110,35,0.3639383394198612,0,0,-0.036225469821846136,-0.036225469821846136
118,35,0.22061260671429375,0,0,-0.02576816603990699,-0.02576816603990699
119,35,0.1381562031446891,0,0,0.007804515410283236,0.007804515410283236
120,35,0.19157655441260607,0,0,0.006084333625966554,0.006084333625966554
122,35,0.10774769550121227,0,0,-0.005149910072045877,-0.005149910072045877
132,35,0.2332559116142476,0,0,0.02518098259642869,0.02518098259642869
145,35,0.3076050512113452,0,0,0.02388801018781292,0.02388801018781292
147,35,0.3306797432039712,0,0,0.03998128637835492,0.03998128637835492
151,35,0.09967599079774832,0,0,0.005170732849575435,0.005170732849575435
171,35,0.15563025502365707,0,0,-0.011341501510350543,-0.011341501510350543
181,35,0.08440028719621684,0,0,-0.005149910072045835,-0.005149910072045835
193,35,0.31246959326286877,0,0,0.036282549737746625,0.036282549737746625
39,36,0.2338057332982328,0,0,0.012178989533306706,0.012178989533306706
42,36,0.06853470449390775,0,0,-0.01628102631578593,-0.01628102631578593
43,36,0.31142557743516375,0,0,0.0158793842842595,0.0158793842842595
62,36,0.04042965872325292,0,0,0.004740778355993069,0.004740778355993069
86,36,0.2636729991543237,0,0,0.013275054705286171,0.013275054705286171
96,36,0.267325022511384,0,0,0.011352699710843794,0.011352699710843794
98,36,0.03417912122181999,0,0,-0.0107438172379003,-0.0107438172379003
99,36,0.296478521121939,0,0,0.013645244284655078,0.013645244284655078
103,36,0.3859217915909269,0,0,0.021957647310759942,0.021957647310759942
104,36,0.2861644443743727,0,0,0.011929765469111842,0.011929765469111842
130,36,0.34526819733486214,0,0,0.0141462712357599,0.0141462712357599
137,36,0.2716181982260357,0,0,0.014461501380883701,0.014461501380883701
148,36,0.08638833345590767,0,0,0.0060914938343705205,0.0060914938343705205
153,36,0.18757278722437287,0,0,0.011497962016888352,0.011497962016888352
156,36,0.12469515711686643,0,0,0.004885155257409013,0.004885155257409013
159,36,0.18622195325985014,0,0,0.012592091392150007,0.012592091392150007
163,36,0.1742346378720273,0,0,-0.012784307759688918,-0.012784307759688918
168,36,0.37577179920189113,0,0,0.020228328858988065,0.020228328858988065
170,36,0.3958741697166201,0,0,0.01856479540837025,0.01856479540837025
184,36,0.21284082824162118,0,0,0.012178989533306872,0.012178989533306872
191,36,0.24358972315368446,0,0,-0.027064132265030405,-0.027064132265030405
41,37,0.35813887356596064,0,0,0.014561977336131914,0.014561977336131914
55,37,0.31822559877222495,0,0,0.015838552029620145,0.015838552029620145
59,37,0.32079353830135665,0,0,0.019952330378031922,0.019952330378031922
76,37,0.3656288809669266,0,0,0.019153997762140912,0.019153997762140912
89,37,0.29175364058497655,0,0,-0.019304815581072835,-0.019304815581072835
97,37,0.296816238335953,0,0,-0.00695800354102854,-0.00695800354102854
127,37,0.22553529798721456,0,0,-0.01580104741345958,-0.01580104741345958
133,37,0.08395801980786746,0,0,0.004018311307248237,0.004018311307248237
138,37,0.25260359886679684,0,0,0.0141996512219946,0.0141996512219946
142,37,0.144091167383878,0,0,-0.012458320659764386,-0.012458320659764386
161,37,0.3154079420347661,0,0,0.018167688136306877,0.018167688136306877
162,37,0.24494719137966886,0,0,0.011240349995963118,0.011240349995963118
176,37,0.1455604190290358,0,0,-0.008763888754610734,-0.008763888754610734
185,37,0.3734326337230204,0,0,-0.011904755240228587,-0.011904755240228587
192,37,0.38444683227287285,0,0,-0.04215014185474007,-0.04215014185474007
47,38,0.16646791564956953,0,0,0.016582093725558716,0.016582093725558716
52,38,0.34272418672636756,0,0,0.04658916313928069,0.04658916313928069
54,38,0.14899802432664488,0,0,-0.010882882374437852,-0.010882882374437852
79,38,0.1579363171979879,0,0,0.012144905057856509,0.012144905057856509
83,38,0.08076719348440338,0,0,-5.551115123125783e-17,-5.551115123125783e-17
90,38,0.2857028676673523,0,0,-0.03425989260379078,-0.03425989260379078
92,38,0.12184441326980817,0,0,-0.0023290385302782712,-0.0023290385302782712
105,38,0.3063489857543821,0,0,-0.036192926557291616,-0.036192926557291616
114,38,0.11180370752278447,0,0,-0.002329038530278299,-0.002329038530278299
115,38,0.19104753783453074,0,0,0.008527856871705375,0.008527856871705375
131,38,0.16714679326483023,0,0,-0.016670985729344084,-0.016670985729344084
134,38,0.05902217707362807,0,0,-8.326672684688674e-17,-8.326672684688674e-17
140,38,0.17360218040465777,0,0,-0.01358054165414524,-0.01358054165414524
141,38,0.3882531846907439,0,0,0.062133715403421996,0.062133715403421996
143,38,0.33652922653030043,0,0,0.04136575516431265,0.04136575516431265
147,38,0.3726448955815392,0,0,-0.03980364853613655,-0.03980364853613655
193,38,0.3762298507789363,0,0,-0.043502385176744846,-0.043502385176744846
194,38,0.14718933712314736,0,0,-0.009531467634236734,-0.009531467634236734
197,38,0.2251335301800705,0,0,0.02539947311915769,0.02539947311915769
198,38,0.22332406137846725,0,0,-0.012205181536498771,-0.012205181536498771
42,39,0.2678640625337711,0,0,-0.028460015849092635,-0.028460015849092635
43,39,0.2246155495162146,0,0,0.0037003947509527957,0.0037003947509527957
57,39,0.2680296164743858,0,0,0.012965347061876131,0.012965347061876131
62,39,0.19381319149041296,0,0,-0.007438211177313636,-0.007438211177313636
86,39,0.04482218951398262,0,0,0.0010960651719794656,0.0010960651719794656
96,39,0.10165127891589548,0,0,-0.0008262898224629112,-0.0008262898224629112
98,39,0.2513887382399631,0,0,-0.022922806771207005,-0.022922806771207005
99,39,0.2760501325004859,0,0,0.0014662547513483726,0.0014662547513483726
103,39,0.17940844676932863,0,0,0.009778657777453237,0.009778657777453237
104,39,0.08912083743759067,0,0,-0.000249224064194864,-0.000249224064194864
121,39,0.32398490761165133,0,0,0.007975170054240033,0.007975170054240033
130,39,0.11201959906380139,0,0,0.001967281702453194,0.001967281702453194
136,39,0.2918835747930811,0,0,0.014047455194530156,0.014047455194530156
137,39,0.11189587513593417,0,0,0.0022825118475769957,0.0022825118475769957
144,39,0.34280486001068733,0,0,0.01606571046761318,0.01606571046761318
146,39,0.26190208397510045,0,0,0.012420980125853076,0.012420980125853076
148,39,0.16579641030246725,0,0,-0.006087495698936185,-0.006087495698936185
153,39,0.15392021733336095,0,0,-0.0006810275164183532,-0.0006810275164183532
156,39,0.15312663776249677,0,0,-0.007293834275897693,-0.007293834275897693
159,39,0.07973294825226183,0,0,0.0004131018588433011,0.0004131018588433011
163,39,0.23076538906853478,0,0,-0.024963297292995623,-0.024963297292995623
168,39,0.1623121169891625,0,0,0.00804933932568136,0.00804933932568136
170,39,0.28492240924498324,0,0,0.006385805875063544,0.006385805875063544
184,39,0.0228099059672631,0,0,1.6653345369377348e-16,1.6653345369377348e-16
191,39,0.30262429440053523,0,0,-0.03924312179833711,-0.03924312179833711
50,40,0.2950370745626351,0,0,-0.030828312751859183,-0.030828312751859183
58,40,0.21679543321743316,0,0,-0.021567374848784765,-0.021567374848784765
64,40,0.24839382967846876,0,0,-0.018216980044435505,-0.018216980044435505
74,40,0.05743296555553821,0,0,0.005034084004892747,0.005034084004892747
75,40,0.23072311773745235,0,0,-0.021567374848784654,-0.021567374848784654
77,40,0.3567809101954337,0,0,0.05918038435882236,0.05918038435882236
87,40,0.07566834342623127,0,0,0.002069501532424023,0.002069501532424023
88,40,0.31665739628639533,0,0,0.07613257094977485,0.07613257094977485
93,40,0.1674334019923589,0,0,0.006656897384002908,0.006656897384002908
101,40,0.15984511722553787,0,0,-0.01663172113987796,-0.01663172113987796
116,40,0.3632457362595959,0,0,-0.04345953218090562,-0.04345953218090562
123,40,0.32825526035892927,0,0,-0.03307486774544252,-0.03307486774544252
128,40,0.29214799443593936,0,0,-0.030828312751859183,-0.030828312751859183
135,40,0.19766355036311384,0,0,-0.016689351239206396,-0.016689351239206396
158,40,0.1926571626996366,0,0,0.016658715855830564,0.016658715855830564
186,40,0.1404111401248917,0,0,0.032644866013374546,0.032644866013374546
188,40,0.23830820906244687,0,0,-0.018296748625823783,-0.018296748625823783
189,40,0.22719821503294146,0,0,-0.021567374848784737,-0.021567374848784737
199,40,0.14650641155125324,0,0,0.023159660233264157,0.023159660233264157
45,41,0.282225311866374,0,0,0.03284417376791214,0.03284417376791214
55,41,0.1311709312465422,0,0,0.0012765746934882312,0.0012765746934882312
59,41,0.23513415781774236,0,0,0.005390353041900008,0.005390353041900008
66,41,0.363708797159019,0,0,-0.042061327271904925,-0.042061327271904925
76,41,0.05997152611316041,0,0,0.004592020426008998,0.004592020426008998
82,41,0.19723092078635074,0,0,0.028287050128102027,0.028287050128102027
89,41,0.3175510536143594,0,0,-0.03386679291720475,-0.03386679291720475
97,41,0.22846299584206553,0,0,-0.021519980877160453,-0.021519980877160453
106,41,0.2316560133758156,0,0,-0.015206008437610639,-0.015206008437610639
107,41,0.22903751266003453,0,0,0.028287050128102047,0.028287050128102047
110,41,0.18068459843247636,0,0,0.02824154031587509,0.02824154031587509
113,41,0.3195261496622477,0,0,0.022057203830903944,0.022057203830903944
118,41,0.3810930987135514,0,0,0.03869884409781424,0.03869884409781424
127,41,0.3087276052476954,0,0,-0.030363024749591495,-0.030363024749591495
133,41,0.3216988079081684,0,0,-0.010543666028883677,-0.010543666028883677
138,41,0.15771552694894078,0,0,-0.0003623261141373138,-0.0003623261141373138
142,41,0.3118185855215195,0,0,-0.0270202979958963,-0.0270202979958963
161,41,0.17543926860565612,0,0,0.0036057108001749626,0.0036057108001749626
162,41,0.21516498075560433,0,0,-0.0033216273401687965,-0.0033216273401687965
176,41,0.2790271218096209,0,0,-0.02332586609074265,-0.02332586609074265
185,41,0.2582124487120121,0,0,-0.0264667325763605,-0.0264667325763605
43,42,0.37611114789614064,0,0,0.03216041060004543,0.03216041060004543
62,42,0.09558782893665807,0,0,0.021021804671779,0.021021804671779
65,42,0.36302815043848413,46,-1,-0.10849928503630091,0.8915007149636991
81,42,0.35505956147117973,46,-1,-0.10849928503630102,0.891500714963699
86,42,0.30420712681305395,0,0,0.0295560810210721,0.0295560810210721
94,42,0.3919929058497151,46,-1,-0.11299528992813967,0.8870047100718603
96,42,0.27667780085366017,0,0,0.027633726026629724,0.027633726026629724
98,42,0.03458308031434014,0,0,0.00553720907788563,0.00553720907788563
99,42,0.36472256692012667,0,0,0.029926270600441007,0.029926270600441007
104,42,0.3019497456968003,0,0,0.02821079178489777,0.02821079178489777
130,42,0.374799265874576,0,0,0.03042729755154583,0.03042729755154583
137,42,0.3250257601444319,0,0,0.03074252769666963,0.03074252769666963
148,42,0.14732191821440388,0,0,0.02237252015015645,0.02237252015015645
153,42,0.25088991823318413,0,0,0.02777898833267428,0.02777898833267428
156,42,0.12700615467369883,0,0,0.021166181573194942,0.021166181573194942
159,42,0.23645707169174612,0,0,0.028873117707935936,0.028873117707935936
163,42,0.1355465449071993,0,0,0.0034967185560970115,0.0034967185560970115
184,42,0.24970164759092137,0,0,0.0284600158490928,0.0284600158490928
191,42,0.19074317208172797,0,0,-0.010783105949244476,-0.010783105949244476
51,43,0.2253524612701716,0,0,0.010345068449718942,0.010345068449718942
57,43,0.26312127294749615,0,0,0.009264952310923336,0.009264952310923336
62,43,0.2808207152008735,0,0,-0.011138605928266432,-0.011138605928266432
71,43,0.3466148800567534,0,0,0.02061642306764938,0.02061642306764938
86,43,0.1937956270913644,0,0,-0.00260432957897333,-0.00260432957897333
96,43,0.32614533424639325,0,0,-0.004526684573415707,-0.004526684573415707
98,43,0.34432030011511,0,0,-0.0266232015221598,-0.0266232015221598
99,43,0.08290340753555661,0,0,-0.002234139999604423,-0.002234139999604423
100,43,0.38421931775510193,0,0,0.019544326670828338,0.019544326670828338
103,43,0.18224262939994218,0,0,0.006078263026500441,0.006078263026500441
104,43,0.3085687754076807,0,0,-0.00394961881514766,-0.00394961881514766
121,43,0.11378102594210707,0,0,0.004274775303287237,0.004274775303287237
130,43,0.27007364143139156,0,0,-0.0017331130484996016,-0.0017331130484996016
136,43,0.31512323507739637,0,0,0.01034706044357736,0.01034706044357736
137,43,0.11724297467883048,0,0,-0.0014178829033758,-0.0014178829033758
144,43,0.3226364430615449,0,0,0.012365315716660386,0.012365315716660386
146,43,0.24173486669395874,0,0,0.00872058537490028,0.00872058537490028
148,43,0.22908298863461843,0,0,-0.00978789044988898,-0.00978789044988898
153,43,0.12559249593014696,0,0,-0.004381422267371149,-0.004381422267371149
156,43,0.3203176002012065,0,0,-0.010994229026850488,-0.010994229026850488
159,43,0.17198715285761024,0,0,-0.0032872928921094946,-0.0032872928921094946
168,43,0.19233698471990554,0,0,0.004348944574728564,0.004348944574728564
170,43,0.08454993343172537,0,0,0.002685411124110748,0.002685411124110748
184,43,0.21540125275624125,0,0,-0.003700394750952629,-0.003700394750952629
56,44,0.11215987407164847,0,0,-0.00862012426625608,-0.00862012426625608
66,44,0.2647875610619481,0,0,0.022543874401563083,0.022543874401563083
69,44,0.10070864287246457,0,0,-0.0038677947568292667,-0.0038677947568292667
73,44,0.19446613367738236,0,0,-0.029894596219527947,-0.029894596219527947
89,44,0.2629879606806157,0,0,0.03073840875626326,0.03073840875626326
97,44,0.35270778930735214,0,0,0.043085220796307555,0.043085220796307555
112,44,0.17912986016435037,0,0,-0.023600794388097444,-0.023600794388097444
124,44,0.09709106007299641,0,0,-0.01226529791259555,-0.01226529791259555
127,44,0.28877407413505757,0,0,0.034242176923876516,0.034242176923876516
129,44,0.3249065626239766,0,0,-0.050029013805707706,-0.050029013805707706
142,44,0.3400163942739522,0,0,0.03758490367757171,0.03758490367757171
164,44,0.3464949156192687,0,0,-0.05601606138104154,-0.05601606138104154
176,44,0.364989398987483,0,0,0.04127933558272536,0.04127933558272536
177,44,0.16348490297596002,0,0,0.004322965523546322,0.004322965523546322
179,44,0.07053354850530785,0,0,1.3877787807814457e-17,1.3877787807814457e-17
185,44,0.3506783309710439,0,0,0.03813846909710751,0.03813846909710751
192,44,0.09881088902109307,0,0,0.007893082482596018,0.007893082482596018
200,44,0.3367694736171899,0,0,-0.0675885288987345,-0.0675885288987345
55,45,0.2778991005446218,0,0,-0.03156759907442391,-0.03156759907442391
59,45,0.3177572307094253,0,0,-0.027453820726012136,-0.027453820726012136
76,45,0.2427961129632151,0,0,-0.028252153341903147,-0.028252153341903147
82,45,0.11917384078060908,0,0,-0.004557123639810118,-0.004557123639810118
107,45,0.11490863217548516,0,0,-0.004557123639810097,-0.004557123639810097
110,45,0.1032559446281948,0,0,-0.004602633452037055,-0.004602633452037055
113,45,0.22917027006809082,0,0,-0.0107869699370082,-0.0107869699370082
118,45,0.1323866126066672,0,0,0.005854670329902091,0.005854670329902091
119,45,0.35337502383128094,0,0,0.039427351780092317,0.039427351780092317
120,45,0.3084116297183965,0,0,0.037707169995775634,0.037707169995775634
122,45,0.18703006431514368,0,0,0.026472926297763204,0.026472926297763204
138,45,0.3437605347709527,0,0,-0.03320649988204946,-0.03320649988204946
151,45,0.34361099428753805,0,0,0.036793569219384516,0.036793569219384516
161,45,0.29078665940022125,0,0,-0.029238462967737182,-0.029238462967737182
162,45,0.3682943043240686,0,0,-0.036165801108080944,-0.036165801108080944
171,45,0.15273051397108478,0,0,0.020281334859458537,0.020281334859458537
181,45,0.20584363893859572,0,0,0.026472926297763245,0.026472926297763245
48,46,0.31661114350053193,0,0,0.030027621415659123,0.030027621415659123
53,46,0.06129875032344586,0,0,0.004658359047627847,0.004658359047627847
63,46,0.18825596597868022,0,0,-0.006385504290074562,-0.006385504290074562
67,46,0.2781438331317533,0,0,0.033869660420992986,0.033869660420992986
78,46,0.10898132778703377,0,0,0.017265555397809995,0.017265555397809995
80,46,0.09251721765427866,0,0,0.0,0.0
84,46,0.09491317855843544,0,0,0.013052154225006662,0.013052154225006662
85,46,0.07889093033853313,0,0,0.011499036114533012,0.011499036114533012
91,46,0.31489738374600146,0,0,-0.019818304927297248,-0.019818304927297248
102,46,0.23123791382290282,0,0,0.03129548360088391,0.03129548360088391
152,46,0.2840687136884246,0,0,-0.03951951844038498,-0.03951951844038498
157,46,0.3154040490330386,0,0,-0.047065447280927264,-0.047065447280927264
165,46,0.21937218237265968,0,0,0.025775398319451193,0.025775398319451193
166,46,0.386307903063334,0,0,-0.070305174591684,-0.070305174591684
174,46,0.28011578329209086,0,0,0.010285819371972482,0.010285819371972482
182,46,0.2693323917027111,0,0,0.010285819371972649,0.010285819371972649
195,46,0.2458295808647821,0,0,-0.009913795413726556,-0.009913795413726556
52,47,0.19680313368485905,0,0,0.03000706941372197,0.03000706941372197
54,47,0.2997389230917394,0,0,-0.02746497609999657,-0.02746497609999657
79,47,0.042006359697649355,0,0,-0.004437188667702208,-0.004437188667702208
83,47,0.21544821905572717,0,0,-0.016582093725558772,-0.016582093725558772
92,47,0.24071084001239607,0,0,-0.018911132255836988,-0.018911132255836988
114,47,0.2429845109876905,0,0,-0.018911132255837015,-0.018911132255837015
115,47,0.2185726925413551,0,0,-0.008054236853853342,-0.008054236853853342
131,47,0.3311152293636654,0,0,-0.0332530794549028,-0.0332530794549028
134,47,0.19961038587137986,0,0,-0.0165820937255588,-0.0165820937255588
140,47,0.3273626516181643,0,0,-0.030162635379703956,-0.030162635379703956
141,47,0.2829167388747806,0,0,0.04555162167786328,0.04555162167786328
143,47,0.2962064312892866,0,0,0.024783661438753934,0.024783661438753934
154,47,0.3706636829910132,0,0,0.08874377335404257,0.08874377335404257
169,47,0.31473514266368463,0,0,0.07255715455760828,0.07255715455760828
194,47,0.2968735539753367,0,0,-0.02611356135979545,-0.02611356135979545
197,47,0.10293548132727987,0,0,0.008817379393598973,0.008817379393598973
198,47,0.3476272880191569,0,0,-0.028787275262057488,-0.028787275262057488
50,48,0.26274600065204096,0,0,0.024099040564769802,0.024099040564769802
53,48,0.31461875168430375,0,0,-0.025369262368031276,-0.025369262368031276
58,48,0.35285389829018565,0,0,0.03335997846784422,0.03335997846784422
63,48,0.3836313318743328,0,0,-0.036413125705733684,-0.036413125705733684
67,48,0.13005128655189735,0,0,0.0038420390053338638,0.0038420390053338638
75,48,0.3097293659349849,0,0,0.03335997846784433,0.03335997846784433
78,48,0.3022576407180749,0,0,-0.012762066017849127,-0.012762066017849127
80,48,0.3126468982773111,0,0,-0.030027621415659123,-0.030027621415659123
84,48,0.22178230920796502,0,0,-0.01697546719065246,-0.01697546719065246
85,48,0.2510500383951662,0,0,-0.01852858530112611,-0.01852858530112611
102,48,0.1489673264547438,0,0,0.0012678621852247884,0.0012678621852247884
116,48,0.166976120211594,0,0,0.011467821135723366,0.011467821135723366
123,48,0.2049114083798025,0,0,0.021852485571186464,0.021852485571186464
128,48,0.31375732648843246,0,0,0.024099040564769802,0.024099040564769802
135,48,0.37136358804683894,0,0,0.03823800207742259,0.03823800207742259
165,48,0.10516574691645184,0,0,-0.00425222309620793,-0.00425222309620793
174,48,0.22422662636140933,0,0,-0.01974180204368664,-0.01974180204368664
182,48,0.20216894955435055,0,0,-0.019741802043686474,-0.019741802043686474
188,48,0.34135168360304075,0,0,0.0366306046908052,0.0366306046908052
189,48,0.305099119002361,0,0,0.03335997846784425,0.03335997846784425
51,49,0.3675346253744948,0,0,-0.027695082431352824,-0.027695082431352824
60,49,0.1527479026480504,0,0,0.011953625359852338,0.011953625359852338
61,49,0.3771484824596415,0,0,-0.009280685362988428,-0.009280685362988428
68,49,0.38490119616377705,0,0,0.028247298266457,0.028247298266457
71,49,0.2692357552513371,0,0,-0.017423727813422385,-0.017423727813422385
72,49,0.24737944016943025,0,0,0.00909858607273678,0.00909858607273678
95,49,0.3765430340853146,0,0,0.0016567109464556973,0.0016567109464556973
100,49,0.22033449204631725,0,0,-0.018495824210243428,-0.018495824210243428
108,49,0.1769795286441487,0,0,-0.008205195907616258,-0.008205195907616258
125,49,0.0802099805492302,0,0,0.00468980851282319,0.00468980851282319
126,49,0.2523302288134237,0,0,0.01990030911095103,0.01990030911095103
144,49,0.38824465367123945,0,0,-0.02567483516441138,-0.02567483516441138
149,49,0.1791127601189735,0,0,-0.005213005993660869,-0.005213005993660869
150,49,0.2586604854957376,0,0,0.021730400559428875,0.021730400559428875
155,49,0.3415857610053579,0,0,0.02478106205052738,0.02478106205052738
187,49,0.27300335368503964,0,0,0.023361822574964164,0.023361822574964164
58,50,0.09186095351169431,0,0,0.009260937903074418,0.009260937903074418
64,50,0.15893854286378456,0,0,0.012611332707423678,0.012611332707423678
67,50,0.18030792496660547,0,0,-0.02025700155943594,-0.02025700155943594
74,50,0.31310627811299885,0,0,0.03586239675675193,0.03586239675675193
75,50,0.06541026447592427,0,0,0.009260937903074529,0.009260937903074529
78,50,0.3627703277408977,0,0,-0.03686110658261893,-0.03686110658261893
84,50,0.36886093434526246,0,0,-0.04107450775542226,-0.04107450775542226
85,50,0.3657431406787238,0,0,-0.04262762586589591,-0.04262762586589591
87,50,0.3558563743984845,0,0,0.032897814284283206,0.032897814284283206
93,50,0.30596821178333417,0,0,0.03748521013586209,0.03748521013586209
101,50,0.1802045827126598,0,0,0.014196591611981224,0.014196591611981224
102,50,0.21951365761954134,0,0,-0.022831178379545014,-0.022831178379545014
116,50,0.10130170935162643,0,0,-0.012631219429046436,-0.012631219429046436
123,50,0.14658795555400775,0,0,-0.0022465549935833384,-0.0022465549935833384
128,50,0.06430106708018762,0,0,0.0,0.0
135,50,0.2268478497214773,0,0,0.014138961512652787,0.014138961512652787
165,50,0.26772787398070996,0,0,-0.028351263660977732,-0.028351263660977732
188,50,0.22700123878338158,0,0,0.0125315641260354,0.0125315641260354
189,50,0.0759144638643202,0,0,0.009260937903074445,0.009260937903074445
199,50,0.37727559052895787,0,0,0.05398797298512334,0.05398797298512334
57,51,0.24559767379324887,0,0,-0.001080116138795606,-0.001080116138795606
61,51,0.3571657196284396,0,0,0.018414397068364396,0.018414397068364396
71,51,0.18249130632506902,0,0,0.01027135461793044,0.01027135461793044
86,51,0.35767028221356273,0,0,-0.012949398028692272,-0.012949398028692272
99,51,0.26952213065608005,0,0,-0.012579208449323365,-0.012579208449323365
100,51,0.15897264440366946,0,0,0.009199258221109397,0.009199258221109397
103,51,0.2500803331383277,0,0,-0.0042668054232185,-0.0042668054232185
108,51,0.27944665667430557,0,0,0.019489886523736566,0.019489886523736566
121,51,0.12289325152036391,0,0,-0.0060702931464317045,-0.0060702931464317045
130,51,0.3857930692183118,0,0,-0.012078181498218543,-0.012078181498218543
136,51,0.29269982024133906,0,0,1.9919938584189723e-6,1.9919938584189723e-6
137,51,0.2943836761644839,0,0,-0.011762951353094742,-0.011762951353094742
144,51,0.2505541255969536,0,0,0.002020247266941444,0.002020247266941444
146,51,0.2257592216848519,0,0,-0.0016244830748186612,-0.0016244830748186612
149,51,0.2921331552521046,0,0,0.022482076437691956,0.022482076437691956
153,51,0.34886226058387665,0,0,-0.01472649071709009,-0.01472649071709009
159,51,0.37764473372995344,0,0,-0.013632361341828436,-0.013632361341828436
168,51,0.27215624589335174,0,0,-0.005996123874990378,-0.005996123874990378
170,51,0.1409289646788078,0,0,-0.0076596573256081935,-0.0076596573256081935
79,52,0.23341628327519368,0,0,-0.03444425808142418,-0.03444425808142418
83,52,0.3599956090824262,0,0,-0.04658916313928074,-0.04658916313928074
92,52,0.3660664213157104,0,0,-0.04891820166955896,-0.04891820166955896
114,52,0.37722928069431944,0,0,-0.048918201669558986,-0.048918201669558986
115,52,0.277142930249746,0,0,-0.03806130626757531,-0.03806130626757531
134,52,0.352794854786183,0,0,-0.04658916313928077,-0.04658916313928077
139,52,0.2737394057809394,0,0,0.08506793289997866,0.08506793289997866
141,52,0.13048928149023276,0,0,0.01554455226414131,0.01554455226414131
143,52,0.23526778265128642,0,0,-0.005223407974968036,-0.005223407974968036
154,52,0.17867835897869594,0,0,0.0587367039403206,0.0587367039403206
167,52,0.33662983781929084,0,0,0.09131838130704356,0.09131838130704356
169,52,0.14851577193336882,0,0,0.04255008514388631,0.04255008514388631
196,52,0.21883986747793605,0,0,0.057717654325356915,0.057717654325356915
197,52,0.11927090905853038,0,0,-0.021189690020122998,-0.021189690020122998
63,53,0.2495294918659163,0,0,-0.011043863337702409,-0.011043863337702409
67,53,0.25151466396488004,0,0,0.02921130137336514,0.02921130137336514
78,53,0.04979968125238025,0,0,0.012607196350182148,0.012607196350182148
80,53,0.15193989213904352,0,0,-0.004658359047627847,-0.004658359047627847
84,53,0.10419457716538641,0,0,0.008393795177378816,0.008393795177378816
85,53,0.06448871694542785,0,0,0.006840677066905165,0.006840677066905165
91,53,0.3751023663997967,0,0,-0.024476663974925095,-0.024476663974925095
102,53,0.20391736669164715,0,0,0.026637124553256064,0.026637124553256064
116,53,0.37510816729122315,0,0,0.03683708350375464,0.03683708350375464
152,53,0.33651983705798627,0,0,-0.04417787748801283,-0.04417787748801283
157,53,0.3683299297052399,0,0,-0.05172380632855511,-0.05172380632855511
165,53,0.21072566435612441,0,0,0.021117039271823346,0.021117039271823346
174,53,0.3201528811253146,0,0,0.005627460324344635,0.005627460324344635
182,53,0.30618914442250594,0,0,0.005627460324344802,0.005627460324344802
195,53,0.30683107593833037,0,0,-0.014572154461354403,-0.014572154461354403
79,54,0.27709928909623727,0,0,0.02302778743229436,0.02302778743229436
83,54,0.18076720690450962,0,0,0.010882882374437797,0.010882882374437797
90,54,0.2104817243157173,0,0,-0.02337701022935293,-0.02337701022935293
92,54,0.2142348076161881,0,0,0.008553843844159581,0.008553843844159581
105,54,0.24969332389228005,0,0,-0.025310044182853764,-0.025310044182853764
114,54,0.1954126354649106,0,0,0.008553843844159553,0.008553843844159553
115,54,0.3212066950097122,0,0,0.019410739246143227,0.019410739246143227
131,54,0.06382531883061131,0,0,-0.005788103354906232,-0.005788103354906232
132,54,0.343669498795512,0,0,-0.04372106994362493,-0.04372106994362493
134,54,0.16977332057619052,0,0,0.010882882374437769,0.010882882374437769
140,54,0.028270420667069522,0,0,-0.0026976592797073873,-0.0026976592797073873
147,54,0.2525361636728315,0,0,-0.028920766161698697,-0.028920766161698697
193,54,0.31771269085683557,0,0,-0.03261950280230699,-0.03261950280230699
194,54,0.17851204222366968,0,0,0.0013514147402011178,0.0013514147402011178
197,54,0.3724331556437494,0,0,0.03628235549359554,0.03628235549359554
198,54,0.2702239504376876,0,0,-0.0013222991620609192,-0.0013222991620609192
59,55,0.10397660676506895,0,0,0.004113778348411777,0.004113778348411777
76,55,0.0851240113407771,0,0,0.0033154457325207665,0.0033154457325207665
82,55,0.16081779455192013,0,0,0.027010475434613795,0.027010475434613795
89,55,0.3874839001142527,0,0,-0.03514336761069298,-0.03514336761069298
97,55,0.3116835282457083,0,0,-0.022796555570648684,-0.022796555570648684
106,55,0.3474591057780913,0,0,-0.01648258313109887,-0.01648258313109887
107,55,0.17964448319976867,0,0,0.027010475434613816,0.027010475434613816
110,55,0.18313688348713786,0,0,0.026964965622386858,0.026964965622386858
113,55,0.21679037996913328,0,0,0.020780629137415713,0.020780629137415713
118,55,0.33353050677979684,0,0,0.037422269404326004,0.037422269404326004
127,55,0.35692078312483305,0,0,-0.03163959944307972,-0.03163959944307972
133,55,0.2559015381409256,0,0,-0.011820240722371908,-0.011820240722371908
138,55,0.0658642215580579,0,0,-0.001638900807625545,-0.001638900807625545
142,55,0.3286512914618178,0,0,-0.028296872689384533,-0.028296872689384533
161,55,0.04427245738798239,0,0,0.0023291361066867314,0.0023291361066867314
162,55,0.10219065761096033,0,0,-0.004598202033657028,-0.004598202033657028
176,55,0.2961293505291076,0,0,-0.024602440784230878,-0.024602440784230878
185,55,0.3624098760066618,0,0,-0.027743307269848732,-0.027743307269848732
66,56,0.36753793601331786,0,0,0.031163998667819163,0.031163998667819163
69,56,0.031302156657002055,0,0,0.004752329509426813,0.004752329509426813
73,56,0.2676860841772393,0,0,-0.021274471953271867,-0.021274471953271867
89,56,0.33843285466609807,0,0,0.03935853302251934,0.03935853302251934
112,56,0.2707438094689256,0,0,-0.014980670121841365,-0.014980670121841365
124,56,0.026638161235421315,0,0,-0.0036451736463394696,-0.0036451736463394696
127,56,0.34523899760657994,0,0,0.042862301190132596,0.042862301190132596
129,56,0.30374696374660076,0,0,-0.04140888953945163,-0.04140888953945163
142,56,0.3750167402411011,0,0,0.04620502794382779,0.04620502794382779
164,56,0.35789700206810304,0,0,-0.04739593711478546,-0.04739593711478546
177,56,0.27554979938326235,0,0,0.012943089789802402,0.012943089789802402
179,56,0.06407417950068557,0,0,0.008620124266256093,0.008620124266256093
192,56,0.08785042956219473,0,0,0.016513206748852097,0.016513206748852097
200,56,0.3701203327723453,0,0,-0.05896840463247842,-0.05896840463247842
61,57,0.18916346037873152,0,0,0.019494513207160002,0.019494513207160002
71,57,0.18412703062099084,0,0,0.011351470756726045,0.011351470756726045
86,57,0.22695649153878036,0,0,-0.011869281889896666,-0.011869281889896666
95,57,0.2957091632660436,0,0,0.030431909516604128,0.030431909516604128
96,57,0.3213450740607518,0,0,-0.013791636884339042,-0.013791636884339042
99,57,0.3456090452786664,0,0,-0.011499092310527759,-0.011499092310527759
100,57,0.3341415579467876,0,0,0.010279374359905002,0.010279374359905002
103,57,0.09922286790359879,0,0,-0.0031866892844228945,-0.0031866892844228945
104,57,0.2868860230828353,0,0,-0.013214571126070995,-0.013214571126070995
108,57,0.28308236693913663,0,0,0.020570002662532172,0.020570002662532172
121,57,0.2646264977472902,0,0,-0.0049901770076360985,-0.0049901770076360985
130,57,0.1917606206272003,0,0,-0.010998065359422937,-0.010998065359422937
136,57,0.054513807819937345,0,0,0.001082108132654025,0.001082108132654025
137,57,0.2181238464631463,0,0,-0.010682835214299136,-0.010682835214299136
144,57,0.07527802518886167,0,0,0.00310036340573705,0.00310036340573705
146,57,0.02329121298195458,0,0,-0.0005443669360230552,-0.0005443669360230552
149,57,0.2872158288086144,0,0,0.02356219257648756,0.02356219257648756
153,57,0.32333401973817577,0,0,-0.013646374578294485,-0.013646374578294485
159,57,0.29800184900050214,0,0,-0.01255224520303283,-0.01255224520303283
168,57,0.10869004639328857,0,0,-0.004916007736194772,-0.004916007736194772
170,57,0.2359367188069525,0,0,-0.0065795411868125875,-0.0065795411868125875
184,57,0.2824468804307743,0,0,-0.012965347061875965,-0.012965347061875965
64,58,0.09280935018015667,0,0,0.0033503948043492604,0.0033503948043492604
67,58,0.2704310887276076,0,0,-0.029517939462510356,-0.029517939462510356
74,58,0.22639022860710384,0,0,0.026601458853677512,0.026601458853677512
75,58,0.054537339258472324,0,0,1.1102230246251565e-16,1.1102230246251565e-16
87,58,0.2849707807633398,0,0,0.023636876381208788,0.023636876381208788
93,58,0.21476176531008218,0,0,0.028224272232787673,0.028224272232787673
101,58,0.08839536068220309,0,0,0.0049356537089068064,0.0049356537089068064
102,58,0.3068292073306453,0,0,-0.03209211628261943,-0.03209211628261943
116,58,0.18742748771701107,0,0,-0.021892157332120854,-0.021892157332120854
123,58,0.20432592540445974,0,0,-0.011507492896657756,-0.011507492896657756
128,58,0.07569630835007476,0,0,-0.009260937903074418,-0.009260937903074418
135,58,0.21137700989125344,0,0,0.004878023609578369,0.004878023609578369
158,58,0.3984714609465165,0,0,0.03822609070461533,0.03822609070461533
165,58,0.35858365450281365,0,0,-0.03761220156405215,-0.03761220156405215
186,58,0.3457959810685054,0,0,0.05421224086215931,0.05421224086215931
188,58,0.22794319988920791,0,0,0.0032706262229609817,0.0032706262229609817
189,58,0.07197581984906302,0,0,2.7755575615628914e-17,2.7755575615628914e-17
199,58,0.2859976621624341,0,0,0.04472703508204892,0.04472703508204892
76,59,0.18633562832091938,0,0,-0.0007983326158910106,-0.0007983326158910106
82,59,0.20172137070323978,0,0,0.02289669708620202,0.02289669708620202
97,59,0.39536387128691236,0,0,-0.02691033391906046,-0.02691033391906046
107,59,0.2037700224664454,0,0,0.02289669708620204,0.02289669708620204
110,59,0.24382493283253637,0,0,0.02285118727397508,0.02285118727397508
113,59,0.168822679875403,0,0,0.016666850789003936,0.016666850789003936
118,59,0.3319862425145805,0,0,0.03330849105591423,0.03330849105591423
133,59,0.24233668064296077,0,0,-0.015934019070783685,-0.015934019070783685
138,59,0.11055011824749825,0,0,-0.005752679156037322,-0.005752679156037322
142,59,0.37364920906505217,0,0,-0.032410651037796306,-0.032410651037796306
161,59,0.059705402740523335,0,0,-0.0017846422417250457,-0.0017846422417250457
162,59,0.07841082310824214,0,0,-0.008711980382068805,-0.008711980382068805
176,59,0.34452100377956846,0,0,-0.028716219132642655,-0.028716219132642655
61,60,0.3470005958868726,0,0,-0.021234310722840766,-0.021234310722840766
68,60,0.23229355609830282,0,0,0.01629367290660466,0.01629367290660466
71,60,0.3229914438838686,0,0,-0.029377353173274723,-0.029377353173274723
72,60,0.12357456169194421,0,0,-0.002855039287115557,-0.002855039287115557
95,60,0.30364417072756744,0,0,-0.01029691441339664,-0.01029691441339664
100,60,0.34723533857833166,0,0,-0.030449449570095766,-0.030449449570095766
108,60,0.20608870203202823,0,0,-0.020158821267468596,-0.020158821267468596
111,60,0.32855758096352383,0,0,0.013904962717727565,0.013904962717727565
117,60,0.3151637736553449,0,0,0.03808591390560645,0.03808591390560645
125,60,0.07417320374158273,0,0,-0.0072638168470291475,-0.0072638168470291475
126,60,0.16031241141191666,0,0,0.007946683751098693,0.007946683751098693
149,60,0.19772317823144878,0,0,-0.017166631353513206,-0.017166631353513206
150,60,0.10591521374120512,0,0,0.009776775199576537,0.009776775199576537
155,60,0.19114028402367547,0,0,0.012827436690675043,0.012827436690675043
166,60,0.3339245119028419,0,0,0.045530236208598585,0.045530236208598585
187,60,0.12028500607282516,0,0,0.011408197215111826,0.011408197215111826
71,61,0.19268911442917003,0,0,-0.008143042450433957,-0.008143042450433957
72,61,0.2602074716506638,0,0,0.01837927143572521,0.01837927143572521
95,61,0.10658156794819727,0,0,0.010937396309444125,0.010937396309444125
100,61,0.36380174025808476,0,0,-0.009215138847255,-0.009215138847255
103,61,0.2872320403086463,0,0,-0.022681202491582897,-0.022681202491582897
108,61,0.20522935140374862,0,0,0.0010754894553721694,0.0010754894553721694
111,61,0.36075137483861847,0,0,0.03513927344056833,0.03513927344056833
125,61,0.3426676856127181,0,0,0.013970493875811618,0.013970493875811618
130,61,0.34072822022462024,0,0,-0.03049257856658294,-0.03049257856658294
136,61,0.14921585590745248,0,0,-0.018412405074505978,-0.018412405074505978
144,61,0.12486151730842901,0,0,-0.016394149801422953,-0.016394149801422953
146,61,0.2075314583893535,0,0,-0.020038880143183058,-0.020038880143183058
149,61,0.19973077420745086,0,0,0.004067679369327559,0.004067679369327559
150,61,0.3651600570107512,0,0,0.031011085922417303,0.031011085922417303
168,61,0.2928415552988385,0,0,-0.024410520943354774,-0.024410520943354774
172,61,0.3668086924708042,0,0,0.03914502984725471,0.03914502984725471
175,61,0.3567164140205959,0,0,0.036153309588728755,0.036153309588728755
187,61,0.37219938163539795,0,0,0.03264250793795259,0.03264250793795259
86,62,0.22324335565848327,0,0,0.008534276349293102,0.008534276349293102
96,62,0.23311033003279094,0,0,0.006611921354850725,0.006611921354850725
98,62,0.06627265461028933,0,0,-0.015484595593893369,-0.015484595593893369
99,62,0.27450237344193784,0,0,0.008904465928662009,0.008904465928662009
103,62,0.34625441171327287,0,0,0.017216868954766873,0.017216868954766873
104,62,0.2496737192180775,0,0,0.007188987113118772,0.007188987113118772
121,62,0.39386049749496593,0,0,0.015413381231553669,0.015413381231553669
130,62,0.3055227638922053,0,0,0.00940549287976683,0.00940549287976683
137,62,0.23312461945918383,0,0,0.009720723024890632,0.009720723024890632
148,62,0.05178259050687864,0,0,0.001350715478377451,0.001350715478377451
153,62,0.1554062724388376,0,0,0.006757183660895283,0.006757183660895283
156,62,0.09986502858205243,0,0,0.0001443769014159435,0.0001443769014159435
159,62,0.14656923348195838,0,0,0.007851313036156937,0.007851313036156937
163,62,0.16816596460478592,0,0,-0.017525086115681987,-0.017525086115681987
168,62,0.3357379877367879,0,0,0.015487550502994996,0.015487550502994996
170,62,0.36469206509342256,0,0,0.01382401705237718,0.01382401705237718
184,62,0.17262959298871958,0,0,0.007438211177313803,0.007438211177313803
191,62,0.2443493988238633,0,0,-0.031804910621023474,-0.031804910621023474
78,63,0.29573112470292917,0,0,0.023651059687884557,0.023651059687884557
80,63,0.10288053092188165,0,0,0.006385504290074562,0.006385504290074562
84,63,0.22168870032703725,0,0,0.019437658515081224,0.019437658515081224
85,63,0.24238963500334249,0,0,0.017884540404607574,0.017884540404607574
91,63,0.1393864815697646,0,0,-0.013432800637222686,-0.013432800637222686
102,63,0.36679536068186763,0,0,0.03768098789095847,0.03768098789095847
117,63,0.3575222489247059,0,0,-0.07136399260460158,-0.07136399260460158
152,63,0.1724635096956175,0,0,-0.03313401415031042,-0.03313401415031042
157,63,0.1936872303164773,0,0,-0.0406799429908527,-0.0406799429908527
165,63,0.3223238080786643,0,0,0.032160902609525754,0.032160902609525754
166,63,0.34491143328520046,0,0,-0.06391967030160944,-0.06391967030160944
174,63,0.2210418398438338,0,0,0.016671323662047044,0.016671323662047044
182,63,0.22707343545372255,0,0,0.01667132366204721,0.01667132366204721
195,63,0.05991251984635547,0,0,-0.0035282911236519943,-0.0035282911236519943
67,64,0.3141052099109234,0,0,-0.03286833426685962,-0.03286833426685962
74,64,0.23554877502131402,0,0,0.02325106404932825,0.02325106404932825
75,64,0.14590472864827825,0,0,-0.0033503948043491494,-0.0033503948043491494
87,64,0.32348536807669453,0,0,0.020286481576859527,0.020286481576859527
93,64,0.17541396193230877,0,0,0.024873877428438412,0.024873877428438412
101,64,0.08858723506383019,0,0,0.001585258904557546,0.001585258904557546
102,64,0.34076497954172785,0,0,-0.03544251108696869,-0.03544251108696869
116,64,0.2601686929847899,0,0,-0.025242552136470114,-0.025242552136470114
123,64,0.2928317524386852,0,0,-0.014857887701007017,-0.014857887701007017
128,64,0.10342631646230388,0,0,-0.012611332707423678,-0.012611332707423678
135,64,0.29741880969316054,0,0,0.0015276288052291087,0.0015276288052291087
186,64,0.3534317332521815,0,0,0.05086184605781005,0.05086184605781005
188,64,0.3180060852621914,0,0,-7.976858138827869e-5,-7.976858138827869e-5
189,64,0.16442239168251832,0,0,-0.0033503948043492326,-0.0033503948043492326
199,64,0.2665968603977252,0,0,0.04137664027769966,0.04137664027769966
81,65,0.1015633610653495,0,0,-5.551115123125783e-17,-5.551115123125783e-17
94,65,0.1648853985870179,0,0,-0.004496004891838656,-0.004496004891838656
98,65,0.39759667243891716,1,1,0.11403649411418659,-0.8859635058858134
109,65,0.16552513488414808,0,0,-0.04095427168700799,-0.04095427168700799
139,65,0.3630284403999879,0,0,-0.08466943881395317,-0.08466943881395317
160,65,0.24820593688091544,0,0,-0.052036025167331246,-0.052036025167331246
163,65,0.3189769999108036,1,1,0.11199600359239792,-0.8880039964076021
167,65,0.32475973069828845,0,0,-0.07841899040688827,-0.07841899040688827
173,65,0.25647779179581753,0,0,-0.030874854416424458,-0.030874854416424458
180,65,0.2106895412263007,0,0,-0.0520360251673313,-0.0520360251673313
183,65,0.10620225513396078,0,0,-0.027909468758216316,-0.027909468758216316
190,65,0.17590634955599038,0,0,-0.04761536273187755,-0.04761536273187755
191,65,0.247105902416565,1,1,0.09771617908705643,-0.9022838209129436
69,66,0.3445397260114651,0,0,-0.02641166915839235,-0.02641166915839235
73,66,0.3256201484247177,0,0,-0.05243847062109103,-0.05243847062109103
89,66,0.12822592153847606,0,0,0.008194534354700175,0.008194534354700175
97,66,0.15565628256273673,0,0,0.020541346394744472,0.020541346394744472
106,66,0.14572220834674882,0,0,0.026855318834294286,0.026855318834294286
112,66,0.27189308716996574,0,0,-0.04614466878966053,-0.04614466878966053
124,66,0.35910744794447025,0,0,-0.03480917231415863,-0.03480917231415863
127,66,0.19465132896439669,0,0,0.01169830252231343,0.01169830252231343
142,66,0.27587634704936104,0,0,0.015041029276008625,0.015041029276008625
176,66,0.27608249216632086,0,0,0.018735461181162275,0.018735461181162275
177,66,0.15086694462027755,0,0,-0.01822090887801676,-0.01822090887801676
179,66,0.3063078597507784,0,0,-0.02254387440156307,-0.02254387440156307
185,66,0.10581779388582144,0,0,0.015594594695544424,0.015594594695544424
192,66,0.3029979095898079,0,0,-0.014650791918967065,-0.014650791918967065
75,67,0.24215617751232357,0,0,0.029517939462510467,0.029517939462510467
78,67,0.22120913955564567,0,0,-0.01660410502318299,-0.01660410502318299
80,67,0.3126551951532977,0,0,-0.033869660420992986,-0.033869660420992986
84,67,0.19356569252836886,0,0,-0.020817506195986324,-0.020817506195986324
85,67,0.19974565420330392,0,0,-0.022370624306459974,-0.022370624306459974
101,67,0.35740777957436715,0,0,0.03445359317141716,0.03445359317141716
102,67,0.04766148006334958,0,0,-0.0025741768201090753,-0.0025741768201090753
116,67,0.12454212242466446,0,0,0.007625782130389502,0.007625782130389502
123,67,0.2066522557130945,0,0,0.0180104465658526,0.0180104465658526
128,67,0.21264418466355928,0,0,0.02025700155943594,0.02025700155943594
135,67,0.36198381521171163,0,0,0.034395963072088725,0.034395963072088725
165,67,0.08867335591804994,0,0,-0.008094262101541794,-0.008094262101541794
174,67,0.3112670952018024,0,0,-0.023583841049020504,-0.023583841049020504
182,67,0.2881860853082689,0,0,-0.023583841049020338,-0.023583841049020338
188,67,0.344014860903115,0,0,0.03278856568547134,0.03278856568547134
189,67,0.24581000154558397,0,0,0.029517939462510384,0.029517939462510384
72,68,0.19354475845673896,0,0,-0.01914871219372022,-0.01914871219372022
91,68,0.38046165842939267,0,0,0.07972343296638068,0.07972343296638068
95,68,0.33728012036591376,0,0,-0.026590587320001302,-0.026590587320001302
108,68,0.3914216983634033,0,0,-0.03645249417407326,-0.03645249417407326
111,68,0.17040888063034093,0,0,-0.0023887101888770967,-0.0023887101888770967
117,68,0.09393796084990293,0,0,0.02179224099900179,0.02179224099900179
125,68,0.3062058558526451,0,0,-0.02355748975363381,-0.02355748975363381
126,68,0.23132847442257054,0,0,-0.008346989155505968,-0.008346989155505968
149,68,0.3788301995817517,0,0,-0.03346030426011787,-0.03346030426011787
150,68,0.1265841443922635,0,0,-0.006516897707028124,-0.006516897707028124
152,68,0.27532218496209016,0,0,0.060022219453292947,0.060022219453292947
155,68,0.0556268273996285,0,0,-0.003466236215929619,-0.003466236215929619
157,68,0.2666870079761912,0,0,0.052476290612750665,0.052476290612750665
166,68,0.1019389608987282,0,0,0.029236563301993923,0.029236563301993923
172,68,0.2609400410105329,0,0,0.0016170462178092815,0.0016170462178092815
175,68,0.2935008076019976,0,0,-0.0013746740407166724,-0.0013746740407166724
187,68,0.11208986199481294,0,0,-0.0048854756914928354,-0.0048854756914928354
73,69,0.27498629195342067,0,0,-0.02602680146269868,-0.02602680146269868
89,69,0.3093366706743602,0,0,0.03460620351309253,0.03460620351309253
112,69,0.2717495938115821,0,0,-0.019732999631268178,-0.019732999631268178
124,69,0.047710058136886835,0,0,-0.008397503155766282,-0.008397503155766282
127,69,0.31441221253131885,0,0,0.03810997168070578,0.03810997168070578
129,69,0.33158848834736865,0,0,-0.04616121904887844,-0.04616121904887844
142,69,0.3437489344277449,0,0,0.04145269843440098,0.04145269843440098
164,69,0.3810348452995996,0,0,-0.05214826662421227,-0.05214826662421227
176,69,0.37394960660237997,0,0,0.04514713033955463,0.04514713033955463
177,69,0.2626661199837225,0,0,0.008190760280375589,0.008190760280375589
179,69,0.03824791595502571,0,0,0.0038677947568292806,0.0038677947568292806
192,69,0.056623527167442844,0,0,0.011760877239425285,0.011760877239425285
200,69,0.38894664450331823,0,0,-0.06372073414190524,-0.06372073414190524
90,70,0.2613088078635814,0,0,0.033273834644501274,0.033273834644501274
105,70,0.26480636785242534,0,0,0.03134080069100044,0.03134080069100044
118,70,0.38020233416122745,0,0,-0.038019373706106405,-0.038019373706106405
119,70,0.11634646844950466,0,0,-0.004446692255916179,-0.004446692255916179
120,70,0.23287704785377636,0,0,-0.0061668740402328615,-0.0061668740402328615
122,70,0.24561865191821916,0,0,-0.017401117738245292,-0.017401117738245292
131,70,0.37785051076540066,0,0,0.05086274151894797,0.05086274151894797
132,70,0.09227878058211643,0,0,0.012929774930229274,0.012929774930229274
140,70,0.3994857678826282,0,0,0.053953185594146816,0.053953185594146816
145,70,0.29966099206113583,0,0,0.011636802521613504,0.011636802521613504
147,70,0.1746202232588986,0,0,0.027730078712155506,0.027730078712155506
151,70,0.13111205062502176,0,0,-0.00708047481662398,-0.00708047481662398
171,70,0.29391981877059975,0,0,-0.02359270917654996,-0.02359270917654996
181,70,0.2220968132724919,0,0,-0.01740111773824525,-0.01740111773824525
193,70,0.22547106127832367,0,0,0.02403134207154721,0.02403134207154721
72,71,0.3054226090398821,0,0,0.026522313886159166,0.026522313886159166
86,71,0.3932810553469758,0,0,-0.02322075264662271,-0.02322075264662271
95,71,0.2675475663012442,0,0,0.019080438759878082,0.019080438759878082
100,71,0.17517386210356306,0,0,-0.0010720963968210429,-0.0010720963968210429
103,71,0.25801843262270474,0,0,-0.01453816004114894,-0.01453816004114894
108,71,0.11695604215304056,0,0,0.009218531905806127,0.009218531905806127
121,71,0.2811623799771977,0,0,-0.016341647764362144,-0.016341647764362144
125,71,0.2781122466806895,0,0,0.022113536326245575,0.022113536326245575
130,71,0.37472464275466183,0,0,-0.022349536116148983,-0.022349536116148983
136,71,0.20008332037011792,0,0,-0.01026936262407202,-0.01026936262407202
137,71,0.35909807459581167,0,0,-0.02203430597102518,-0.02203430597102518
144,71,0.13242766611577106,0,0,-0.008251107350988995,-0.008251107350988995
146,71,0.18064565991756285,0,0,-0.0118958376927491,-0.0118958376927491
149,71,0.12640550121799596,0,0,0.012210721819761516,0.012210721819761516
150,71,0.39282727888929936,0,0,0.03915412837285126,0.03915412837285126
168,71,0.2761511183202749,0,0,-0.016267478492920817,-0.016267478492920817
170,71,0.27731435905983365,0,0,-0.017931011943538633,-0.017931011943538633
95,72,0.19260357664884561,0,0,-0.007441875126281083,-0.007441875126281083
100,72,0.38973478433744524,0,0,-0.02759441028298021,-0.02759441028298021
108,72,0.2007450866039688,0,0,-0.01730378198035304,-0.01730378198035304
111,72,0.22541570214963538,0,0,0.016760002004843122,0.016760002004843122
117,72,0.2874728466523076,0,0,0.04094095319272201,0.04094095319272201
125,72,0.17146767325284126,0,0,-0.00440877755991359,-0.00440877755991359
126,72,0.25332477241767626,0,0,0.01080172303821425,0.01080172303821425
136,72,0.3994925077612442,0,0,-0.036791676510231186,-0.036791676510231186
144,72,0.34908290922531016,0,0,-0.03477342123714816,-0.03477342123714816
149,72,0.18763695655753873,0,0,-0.01431159206639765,-0.01431159206639765
150,72,0.10495265955867937,0,0,0.012631814486692095,0.012631814486692095
155,72,0.18175811037266584,0,0,0.0156824759777906,0.0156824759777906
166,72,0.2813695765381485,0,0,0.04838527549571414,0.04838527549571414
172,72,0.2948073770078958,0,0,0.0207657584115295,0.0207657584115295
175,72,0.31163030773317635,0,0,0.017774038153003546,0.017774038153003546
187,72,0.11251909927716064,0,0,0.014263236502227383,0.014263236502227383
88,73,0.3361616022197494,0,0,-0.07734529384196279,-0.07734529384196279
89,73,0.39180869152098835,0,0,0.06063300497579121,0.06063300497579121
112,73,0.05504303217180657,0,0,0.0062938018314305025,0.0062938018314305025
124,73,0.24152912782407057,0,0,0.017629298306932398,0.017629298306932398
129,73,0.24919364898919724,0,0,-0.02013441758617976,-0.02013441758617976
164,73,0.21034172964731576,0,0,-0.02612146516151359,-0.02612146516151359
177,73,0.17503090975786773,0,0,0.03421756174307427,0.03421756174307427
178,73,0.3161555076486396,0,0,-0.051629000973517775,-0.051629000973517775
179,73,0.2584061444348119,0,0,0.02989459621952796,0.02989459621952796
192,73,0.29181228489246736,0,0,0.03778767870212396,0.03778767870212396
200,73,0.16965842328187516,0,0,-0.03769393267920655,-0.03769393267920655
75,74,0.25242555431143343,0,0,-0.0266014588536774,-0.0266014588536774
77,74,0.36309010653950896,0,0,0.054146300353929616,0.054146300353929616
87,74,0.11421995143206959,0,0,-0.002964582472468724,-0.002964582472468724
88,74,0.28454617782137187,0,0,0.0710984869448821,0.0710984869448821
93,74,0.11831015481298533,0,0,0.0016228133791101607,0.0016228133791101607
101,74,0.1515042192768378,0,0,-0.021665805144770706,-0.021665805144770706
116,74,0.3920486144286694,0,0,-0.048493616185798366,-0.048493616185798366
123,74,0.36756446714655167,0,0,-0.03810895175033527,-0.03810895175033527
128,74,0.29828453970519403,0,0,-0.03586239675675193,-0.03586239675675193
135,74,0.2503123346205702,0,0,-0.021723435244099143,-0.021723435244099143
158,74,0.22265501378301863,0,0,0.011624631850937817,0.011624631850937817
186,74,0.12033848600156088,0,0,0.0276107820084818,0.0276107820084818
188,74,0.2903069671282873,0,0,-0.02333083263071653,-0.02333083263071653
189,74,0.25323066676017564,0,0,-0.026601458853677484,-0.026601458853677484
199,74,0.09047431734143442,0,0,0.01812557622837141,0.01812557622837141
200,74,0.39046503916558895,0,0,0.11074984810763834,0.11074984810763834
87,75,0.29046701445268364,0,0,0.023636876381208677,0.023636876381208677
93,75,0.26066357547890967,0,0,0.02822427223278756,0.02822427223278756
101,75,0.13405078535529258,0,0,0.004935653708906695,0.004935653708906695
102,75,0.2833539437024939,0,0,-0.03209211628261954,-0.03209211628261954
116,75,0.14275389952788786,0,0,-0.021892157332120965,-0.021892157332120965
123,75,0.15001417148938118,0,0,-0.011507492896657867,-0.011507492896657867
128,75,0.09207086235044584,0,0,-0.009260937903074529,-0.009260937903074529
135,75,0.17544033178045854,0,0,0.004878023609578258,0.004878023609578258
158,75,0.3978268085730485,0,0,0.03822609070461522,0.03822609070461522
165,75,0.32777248966474914,0,0,-0.03761220156405226,-0.03761220156405226
186,75,0.36764964359267394,0,0,0.0542122408621592,0.0542122408621592
188,75,0.18472234071412377,0,0,0.0032706262229608707,0.0032706262229608707
189,75,0.019993268604104247,0,0,-8.326672684688674e-17,-8.326672684688674e-17
199,75,0.3224359363734299,0,0,0.04472703508204881,0.04472703508204881
82,76,0.14436364288675219,0,0,0.02369502970209303,0.02369502970209303
89,76,0.36731208341428917,0,0,-0.038458813343213744,-0.038458813343213744
97,76,0.2811571719639372,0,0,-0.02611200130316945,-0.02611200130316945
106,76,0.2914884942643229,0,0,-0.019798028863619636,-0.019798028863619636
107,76,0.17438723643304793,0,0,0.02369502970209305,0.02369502970209305
110,76,0.13960668339296098,0,0,0.02364951988986609,0.02364951988986609
113,76,0.25955474555778996,0,0,0.017465183404894946,0.017465183404894946
118,76,0.329749329095504,0,0,0.03410682367180524,0.03410682367180524
127,76,0.3510586831911954,0,0,-0.03495504517560049,-0.03495504517560049
133,76,0.3164613249659739,0,0,-0.015135686454892675,-0.015135686454892675
138,76,0.13242608198988454,0,0,-0.0049543465401463115,-0.0049543465401463115
142,76,0.34237238056541053,0,0,-0.031612318421905296,-0.031612318421905296
161,76,0.12761984286379952,0,0,-0.000986309625834035,-0.000986309625834035
162,76,0.1829195331976208,0,0,-0.007913647766177794,-0.007913647766177794
171,76,0.38232107626372114,0,0,0.048533488201361684,0.048533488201361684
176,76,0.308947185748377,0,0,-0.027917886516751644,-0.027917886516751644
185,76,0.31651615740670996,0,0,-0.0310587530023695,-0.0310587530023695
87,77,0.2905457379750376,0,0,-0.05711088282639834,-0.05711088282639834
88,77,0.23426482784112912,0,0,0.01695218659095249,0.01695218659095249
129,77,0.34717863875009136,0,0,0.07416306284673552,0.07416306284673552
158,77,0.19390048929338577,0,0,-0.0425216685029918,-0.0425216685029918
164,77,0.3424639180966949,0,0,0.06817601527140169,0.06817601527140169
178,77,0.24857274182798628,0,0,0.0426684794593975,0.0426684794593975
186,77,0.2522537313324934,0,0,-0.026535518345447817,-0.026535518345447817
199,77,0.36589911077272386,0,0,-0.03602072412555821,-0.03602072412555821
200,77,0.3918262277105708,0,0,0.056603547753708724,0.056603547753708724
80,78,0.19539070000008413,0,0,-0.017265555397809995,-0.017265555397809995
84,78,0.11819475351293666,0,0,-0.004213401172803333,-0.004213401172803333
85,78,0.07419536410979712,0,0,-0.005766519283276983,-0.005766519283276983
102,78,0.1749338184979828,0,0,0.014029928203073916,0.014029928203073916
116,78,0.34171530509961107,0,0,0.024229887153572494,0.024229887153572494
128,78,0.3610642949020538,0,0,0.03686110658261893,0.03686110658261893
152,78,0.3860957357130081,0,0,-0.05678507383819498,-0.05678507383819498
165,78,0.19716149146444187,0,0,0.008509842921641197,0.008509842921641197
174,78,0.3423513018629459,0,0,-0.006979736025837513,-0.006979736025837513
182,78,0.32595124264831116,0,0,-0.006979736025837346,-0.006979736025837346
195,78,0.35172832417432354,0,0,-0.02717935081153655,-0.02717935081153655
83,79,0.21994689047183677,0,0,-0.012144905057856564,-0.012144905057856564
92,79,0.2507521956188917,0,0,-0.01447394358813478,-0.01447394358813478
114,79,0.2497983442758961,0,0,-0.014473943588134808,-0.014473943588134808
115,79,0.24702014971425137,0,0,-0.003617048186151134,-0.003617048186151134
131,79,0.3150124378419592,0,0,-0.028815890787200593,-0.028815890787200593
134,79,0.2014485708530028,0,0,-0.012144905057856592,-0.012144905057856592
140,79,0.30523827661659025,0,0,-0.025725446712001748,-0.025725446712001748
141,79,0.324544906348623,0,0,0.04998881034556549,0.04998881034556549
143,79,0.3359454731492652,0,0,0.029220850106456142,0.029220850106456142
169,79,0.34160028122248004,0,0,0.07699434322531049,0.07699434322531049
194,79,0.29892417033510327,0,0,-0.021676372692093243,-0.021676372692093243
197,79,0.1449185660792094,0,0,0.01325456806130118,0.01325456806130118
198,79,0.3591316891955796,0,0,-0.02435008659435528,-0.02435008659435528
84,80,0.12192068300303742,0,0,0.013052154225006662,0.013052154225006662
85,80,0.1395233823905506,0,0,0.011499036114533012,0.011499036114533012
91,80,0.23944074018788372,0,0,-0.019818304927297248,-0.019818304927297248
102,80,0.27064283998106853,0,0,0.03129548360088391,0.03129548360088391
152,80,0.23933168245793388,0,0,-0.03951951844038498,-0.03951951844038498
157,80,0.2674864983642994,0,0,-0.047065447280927264,-0.047065447280927264
165,80,0.23484895984571685,0,0,0.025775398319451193,0.025775398319451193
166,80,0.38056275639743997,0,0,-0.070305174591684,-0.070305174591684
174,80,0.21174353024204243,0,0,0.010285819371972482,0.010285819371972482
182,80,0.2068941149245422,0,0,0.010285819371972649,0.010285819371972649
195,80,0.15651588030078853,0,0,-0.009913795413726556,-0.009913795413726556
94,81,0.06723123039492905,0,0,-0.004496004891838601,-0.004496004891838601
98,81,0.38864135733727334,1,1,0.1140364941141867,-0.8859635058858133
109,81,0.1673391375181261,0,0,-0.04095427168700794,-0.04095427168700794
139,81,0.39542009759807023,0,0,-0.08466943881395311,-0.08466943881395311
160,81,0.24600812783032475,0,0,-0.05203602516733119,-0.05203602516733119
163,81,0.34981006961961003,1,1,0.11199600359239803,-0.888003996407602
167,81,0.38960636100060075,0,0,-0.07841899040688821,-0.07841899040688821
173,81,0.18587391638299405,0,0,-0.030874854416424402,-0.030874854416424402
180,81,0.23835507200727918,0,0,-0.052036025167331246,-0.052036025167331246
183,81,0.18231445949980501,0,0,-0.02790946875821626,-0.02790946875821626
190,81,0.21082892306196677,0,0,-0.0476153627318775,-0.0476153627318775
191,81,0.2929653243397447,1,1,0.09771617908705654,-0.9022838209129435
107,82,0.03336439524751878,0,0,2.0816681711721685e-17,2.0816681711721685e-17
110,82,0.05396178762199385,0,0,-4.550981222693762e-5,-4.550981222693762e-5
113,82,0.16033809853434533,0,0,-0.006229846297198083,-0.006229846297198083
118,82,0.18539052180022753,0,0,0.010411793969712209,0.010411793969712209
122,82,0.30567383978147616,0,0,0.03103004993757332,0.03103004993757332
138,82,0.22647125626556677,0,0,-0.02864937624223934,-0.02864937624223934
161,82,0.1716176584750272,0,0,-0.024681339327927064,-0.024681339327927064
162,82,0.24912466648366227,0,0,-0.03160867746827083,-0.03160867746827083
171,82,0.27162903502207125,0,0,0.024838458499268655,0.024838458499268655
181,82,0.3234955418408122,0,0,0.031030049937573363,0.031030049937573363
90,83,0.2467794022490686,0,0,-0.034259892603790726,-0.034259892603790726
92,83,0.041859781339393304,0,0,-0.0023290385302782157,-0.0023290385302782157
105,83,0.25628133206354803,0,0,-0.03619292655729156,-0.03619292655729156
114,83,0.031558789145732395,0,0,-0.0023290385302782435,-0.0023290385302782435
115,83,0.14162753734986214,0,0,0.00852785687170543,0.00852785687170543
131,83,0.1686166855177921,0,0,-0.01667098572934403,-0.01667098572934403
134,83,0.021767856119575574,0,0,-2.7755575615628914e-17,-2.7755575615628914e-17
140,83,0.19712217091627288,0,0,-0.013580541654145184,-0.013580541654145184
141,83,0.3776839266952407,0,0,0.06213371540342205,0.06213371540342205
143,83,0.2980448536124436,0,0,0.041365755164312706,0.041365755164312706
147,83,0.3541521466777777,0,0,-0.03980364853613649,-0.03980364853613649
193,83,0.32249882281257075,0,0,-0.04350238517674479,-0.04350238517674479
194,83,0.0818388830097096,0,0,-0.009531467634236679,-0.009531467634236679
197,83,0.24143278715091726,0,0,0.025399473119157745,0.025399473119157745
198,83,0.1439848862158229,0,0,-0.012205181536498716,-0.012205181536498716
85,84,0.044238950529819535,0,0,-0.0015531181104736502,-0.0015531181104736502
91,84,0.36037600351463117,0,0,-0.03287045915230391,-0.03287045915230391
102,84,0.14965254241606396,0,0,0.01824332937587725,0.01824332937587725
116,84,0.31585420108764417,0,0,0.028443288326375826,0.028443288326375826
123,84,0.39069011521067115,0,0,0.038827952761838924,0.038827952761838924
128,84,0.3873286306300598,0,0,0.04107450775542226,0.04107450775542226
152,84,0.3562907009529733,0,0,-0.052571672665391644,-0.052571672665391644
157,84,0.385868564281073,0,0,-0.060117601505933926,-0.060117601505933926
165,84,0.1255946470981348,0,0,0.01272324409444453,0.01272324409444453
174,84,0.22425559534375858,0,0,-0.0027663348530341803,-0.0027663348530341803
182,84,0.20777961117432123,0,0,-0.0027663348530340137,-0.0027663348530340137
195,84,0.2683170588935581,0,0,-0.02296594963873322,-0.02296594963873322
91,85,0.377889259742475,0,0,-0.03131734104183026,-0.03131734104183026
102,85,0.15257216718174463,0,0,0.0197964474863509,0.0197964474863509
116,85,0.3242711700189356,0,0,0.029996406436849476,0.029996406436849476
128,85,0.37691020356589294,0,0,0.04262762586589591,0.04262762586589591
152,85,0.35966657967030286,0,0,-0.051018554554917994,-0.051018554554917994
157,85,0.39047573328084406,0,0,-0.058564483395460276,-0.058564483395460276
165,85,0.14834646708463622,0,0,0.01427636220491818,0.01427636220491818
174,85,0.2681680158569005,0,0,-0.00121321674256053,-0.00121321674256053
182,85,0.25195799299068383,0,0,-0.0012132167425603635,-0.0012132167425603635
195,85,0.29404365747268607,0,0,-0.021412831528259568,-0.021412831528259568
96,86,0.13680114843100769,0,0,-0.0019223549944423768,-0.0019223549944423768
98,86,0.28472522784764026,0,0,-0.02401887194318647,-0.02401887194318647
99,86,0.2546118346728092,0,0,0.00037018957936890695,0.00037018957936890695
103,86,0.13547705934533757,0,0,0.008682592605473771,0.008682592605473771
104,86,0.11524240335598666,0,0,-0.0013452892361743296,-0.0013452892361743296
121,86,0.2862514980571339,0,0,0.006879104882260567,0.006879104882260567
130,86,0.0969873319895886,0,0,0.0008712165304737285,0.0008712165304737285
136,86,0.25481867752948856,0,0,0.01295139002255069,0.01295139002255069
137,86,0.07676918452115694,0,0,0.00118644667559753,0.00118644667559753
144,86,0.3021392020253206,0,0,0.014969645295633716,0.014969645295633716
146,86,0.21936010968295724,0,0,0.01132491495387361,0.01132491495387361
148,86,0.18742442123756362,0,0,-0.007183560870915651,-0.007183560870915651
153,86,0.14850020528781457,0,0,-0.0017770926883978189,-0.0017770926883978189
156,86,0.19515217628791523,0,0,-0.008389899447877158,-0.008389899447877158
159,86,0.0864090608083134,0,0,-0.0006829633131361645,-0.0006829633131361645
163,86,0.27520908357654206,0,0,-0.02605936246497509,-0.02605936246497509
168,86,0.11948975089362147,0,0,0.006953274153701894,0.006953274153701894
170,86,0.24659107308206585,0,0,0.005289740703084078,0.005289740703084078
184,86,0.05553231511546235,0,0,-0.001096065171979299,-0.001096065171979299
191,86,0.3474464456281855,0,0,-0.040339186970316576,-0.040339186970316576
88,87,0.2941001496545316,0,0,0.07406306941735083,0.07406306941735083
93,87,0.23250030248272968,0,0,0.004587395851578885,0.004587395851578885
101,87,0.23490334331252075,0,0,-0.01870122267230198,-0.01870122267230198
123,87,0.3643164477424573,0,0,-0.035144369277866544,-0.035144369277866544
128,87,0.36065331702225195,0,0,-0.032897814284283206,-0.032897814284283206
135,87,0.21056312904780183,0,0,-0.01875885277163042,-0.01875885277163042
158,87,0.11717248352737147,0,0,0.01458921432340654,0.01458921432340654
186,87,0.12106750291908543,0,0,0.030575364480950523,0.030575364480950523
188,87,0.25047264364255295,0,0,-0.020366250158247806,-0.020366250158247806
189,87,0.2832865784111607,0,0,-0.02363687638120876,-0.02363687638120876
199,87,0.18414825479824531,0,0,0.021090158700840134,0.021090158700840134
93,88,0.3238647416016908,0,0,-0.06947567356577194,-0.06947567356577194
112,88,0.3890326474229049,0,0,0.08363909567339328,0.08363909567339328
129,88,0.20849683199018684,0,0,0.05721087625578303,0.05721087625578303
158,88,0.285928923628782,0,0,-0.05947385509394429,-0.05947385509394429
164,88,0.14128483177023948,0,0,0.051223828680449196,0.051223828680449196
178,88,0.12853483264128152,0,0,0.025716292868445012,0.025716292868445012
186,88,0.17785145399326485,0,0,-0.04348770493640031,-0.04348770493640031
199,88,0.22894565816629217,0,0,-0.052972910716510696,-0.052972910716510696
200,88,0.1671891818726359,0,0,0.039651361162756235,0.039651361162756235
97,89,0.09203104697581416,0,0,0.012346812040044295,0.012346812040044295
106,89,0.17425415735634914,0,0,0.01866078447959411,0.01866078447959411
112,89,0.3447760043870651,0,0,-0.05433920314436071,-0.05433920314436071
124,89,0.33946249717547317,0,0,-0.04300370666885881,-0.04300370666885881
127,89,0.06648572732727244,0,0,0.003503768167613254,0.003503768167613254
133,89,0.3365021859869185,0,0,0.023323126888321073,0.023323126888321073
138,89,0.3507731276682605,0,0,0.033504466803067436,0.033504466803067436
142,89,0.14792528178104455,0,0,0.006846494921308448,0.006846494921308448
162,89,0.39191711531748363,0,0,0.030545165577035953,0.030545165577035953
176,89,0.15123574739622894,0,0,0.0105409268264621,0.0105409268264621
177,89,0.2279802080305053,0,0,-0.026415443232716936,-0.026415443232716936
179,89,0.27463553765206006,0,0,-0.030738408756263245,-0.030738408756263245
185,89,0.12355185436990308,0,0,0.007400060340844249,0.007400060340844249
192,89,0.2559850381495461,0,0,-0.02284532627366724,-0.02284532627366724
92,90,0.2450697558279591,0,0,0.03193085407351251,0.03193085407351251
105,90,0.04764965772105622,0,0,-0.0019330339535008345,-0.0019330339535008345
114,90,0.23102590004631857,0,0,0.03193085407351248,0.03193085407351248
115,90,0.35919429818725573,0,0,0.042787749475496156,0.042787749475496156
119,90,0.25474482554700995,0,0,-0.03772052690041745,-0.03772052690041745
120,90,0.3035289530454476,0,0,-0.039440708684734135,-0.039440708684734135
131,90,0.14776333785183574,0,0,0.017588906874446697,0.017588906874446697
132,90,0.16903779229439336,0,0,-0.020344059714272,-0.020344059714272
134,90,0.2561089706130126,0,0,0.0342598926037907,0.0342598926037907
140,90,0.19114484843817098,0,0,0.020679350949645542,0.020679350949645542
145,90,0.2523202670834376,0,0,-0.02163703212288777,-0.02163703212288777
147,90,0.1291032523621602,0,0,-0.0055437559323457675,-0.0055437559323457675
151,90,0.39036559089259937,0,0,-0.040354309461125254,-0.040354309461125254
193,90,0.10794225207242979,0,0,-0.009242492572954064,-0.009242492572954064
194,90,0.1713646862846444,0,0,0.024728424969554047,0.024728424969554047
198,90,0.20381553777331798,0,0,0.02205471106729201,0.02205471106729201
117,91,0.2870942357463917,0,0,-0.05793119196737889,-0.05793119196737889
152,91,0.1201531140742682,0,0,-0.019701213513087734,-0.019701213513087734
157,91,0.11571174586382309,0,0,-0.027247142353630016,-0.027247142353630016
166,91,0.3001455675513786,0,0,-0.05048686966438676,-0.05048686966438676
174,91,0.32389303688215776,0,0,0.03010412429926973,0.03010412429926973
182,91,0.3368897925151562,0,0,0.030104124299269897,0.030104124299269897
195,91,0.11169084255697871,0,0,0.009904509513570692,0.009904509513570692
105,92,0.24667942649542446,0,0,-0.033863888027013345,-0.033863888027013345
114,92,0.01930742948744148,0,0,-2.7755575615628914e-17,-2.7755575615628914e-17
115,92,0.11955056773789786,0,0,0.010856895401983646,0.010856895401983646
131,92,0.19219592436372884,0,0,-0.014341947199065813,-0.014341947199065813
134,92,0.06307698559859891,0,0,0.002329038530278188,0.002329038530278188
140,92,0.22739412474517412,0,0,-0.011251503123866968,-0.011251503123866968
141,92,0.3689714279859034,0,0,0.06446275393370027,0.06446275393370027
143,92,0.2758591605331938,0,0,0.04369479369459092,0.04369479369459092
145,92,0.3920296327078292,0,0,-0.05356788619640028,-0.05356788619640028
147,92,0.3614470663941265,0,0,-0.03747461000585828,-0.03747461000585828
193,92,0.3086403149879634,0,0,-0.041173346646466574,-0.041173346646466574
194,92,0.07377406175754658,0,0,-0.007202429103958463,-0.007202429103958463
197,92,0.2504142808171339,0,0,0.02772851164943596,0.02772851164943596
198,92,0.10842541761472439,0,0,-0.0098761430062205,-0.0098761430062205
101,93,0.127038539411493,0,0,-0.023288618523880866,-0.023288618523880866
128,93,0.26808716699344204,0,0,-0.03748521013586209,-0.03748521013586209
135,93,0.3279328154190672,0,0,-0.023346248623209304,-0.023346248623209304
158,93,0.33860680401124216,0,0,0.010001818471827656,0.010001818471827656
186,93,0.20641847511106856,0,0,0.02598796862937164,0.02598796862937164
188,93,0.3636023384816369,0,0,-0.02495364600982669,-0.02495364600982669
189,93,0.27022052590875373,0,0,-0.028224272232787645,-0.028224272232787645
199,93,0.09797038100784847,0,0,0.01650276284926125,0.01650276284926125
200,93,0.37982032944865685,0,0,0.10912703472852818,0.10912703472852818
109,94,0.17312360563476403,0,0,-0.036458266795169336,-0.036458266795169336
160,94,0.23811759518169562,0,0,-0.04754002027549259,-0.04754002027549259
173,94,0.13293295550788112,0,0,-0.0263788495245858,-0.0263788495245858
180,94,0.250756962513727,0,0,-0.047540020275492645,-0.047540020275492645
183,94,0.22793750746031194,0,0,-0.02341346386637766,-0.02341346386637766
190,94,0.23061537479689484,0,0,-0.0431193578400389,-0.0431193578400389
191,94,0.35344741191300333,1,1,0.1022121839788952,-0.8977878160211048
103,95,0.39344658167579155,0,0,-0.03361859880102702,-0.03361859880102702
108,95,0.23160108529888843,0,0,-0.009861906854071956,-0.009861906854071956
111,95,0.2543002816973683,0,0,0.024201877131124205,0.024201877131124205
125,95,0.3221521173176617,0,0,0.003033097566367493,0.003033097566367493
136,95,0.2537998628340433,0,0,-0.029349801383950103,-0.029349801383950103
144,95,0.23001566147862665,0,0,-0.027331546110867078,-0.027331546110867078
146,95,0.31405709460002035,0,0,-0.030976276452627183,-0.030976276452627183
149,95,0.22087974215463882,0,0,-0.006869716940116566,-0.006869716940116566
150,95,0.2928833290660542,0,0,0.020073689612973178,0.020073689612973178
155,95,0.34997141983765356,0,0,0.023124351104071683,0.023124351104071683
166,95,0.38927483584008865,0,0,0.055827150621995225,0.055827150621995225
168,95,0.3982796014703495,0,0,-0.0353479172527989,-0.0353479172527989
172,95,0.26348944730023194,0,0,0.028207633537810584,0.028207633537810584
175,95,0.2569711503320722,0,0,0.02521591327928463,0.02521591327928463
187,95,0.29678274239475405,0,0,0.021705111628508467,0.021705111628508467
98,96,0.2726153042497344,0,0,-0.022096516948744094,-0.022096516948744094
99,96,0.3761738289129539,0,0,0.0022925445738112837,0.0022925445738112837
103,96,0.2513033946173511,0,0,0.010604947599916148,0.010604947599916148
104,96,0.03496089572934945,0,0,0.0005770657582680472,0.0005770657582680472
130,96,0.1306762445990115,0,0,0.0027935715249161053,0.0027935715249161053
136,96,0.32953143601417273,0,0,0.014873745016993067,0.014873745016993067
137,96,0.2117116604487042,0,0,0.003108801670039907,0.003108801670039907
144,96,0.3911129267330682,0,0,0.016892000290076092,0.016892000290076092
146,96,0.3218996424232718,0,0,0.013247269948315987,0.013247269948315987
148,96,0.2262515962020324,0,0,-0.005261205876473274,-0.005261205876473274
153,96,0.24775458153903623,0,0,0.00014526230604455792,0.00014526230604455792
156,96,0.1499318540309269,0,0,-0.0064675444534347815,-0.0064675444534347815
159,96,0.17208205300470725,0,0,0.0012393916813062122,0.0012393916813062122
163,96,0.18935799156353816,0,0,-0.024137007470532712,-0.024137007470532712
168,96,0.2302870534805186,0,0,0.00887562914814427,0.00887562914814427
170,96,0.383351681305696,0,0,0.007212095697526455,0.007212095697526455
184,96,0.1147361819463892,0,0,0.0008262898224630777,0.0008262898224630777
191,96,0.2427978990023746,0,0,-0.0384168319758742,-0.0384168319758742
106,97,0.10959409680884206,0,0,0.006313972439549815,0.006313972439549815
127,97,0.11225750369852039,0,0,-0.00884304387243104,-0.00884304387243104
133,97,0.3188340962901622,0,0,0.010976314848276776,0.010976314848276776
138,97,0.28517375496834796,0,0,0.02115765476302314,0.02115765476302314
142,97,0.16942354278988142,0,0,-0.005500317118735847,-0.005500317118735847
161,97,0.3461217275211543,0,0,0.025125691677335416,0.025125691677335416
162,97,0.33396855461663927,0,0,0.018198353536991656,0.018198353536991656
176,97,0.1534804318224476,0,0,-0.0018058852135821946,-0.0018058852135821946
177,97,0.29274218834993565,0,0,-0.03876225527276123,-0.03876225527276123
179,97,0.36666654077367433,0,0,-0.04308522079630754,-0.04308522079630754
185,97,0.07734289469993291,0,0,-0.004946751699200046,-0.004946751699200046
192,97,0.3475167805550246,0,0,-0.035192138313711534,-0.035192138313711534
99,98,0.3306512863237,0,0,0.024389061522555378,0.024389061522555378
104,98,0.2948327193622831,0,0,0.02267358270701214,0.02267358270701214
130,98,0.36113782887971035,0,0,0.0248900884736602,0.0248900884736602
137,98,0.2991427316331568,0,0,0.025205318618784,0.025205318618784
148,98,0.11687866663369459,0,0,0.01683531107227082,0.01683531107227082
153,98,0.21972550006748684,0,0,0.02224177925478865,0.02224177925478865
156,98,0.12388697513150812,0,0,0.015628972495309312,0.015628972495309312
159,98,0.21179920871910887,0,0,0.023335908630050306,0.023335908630050306
163,98,0.1546969323279303,0,0,-0.0020404905217886182,-0.0020404905217886182
168,98,0.3997348206302547,0,0,0.030972146096888364,0.030972146096888364
184,98,0.23170425786496948,0,0,0.02292280677120717,0.02292280677120717
191,98,0.2180000451295481,0,0,-0.016320315027130106,-0.016320315027130106
103,99,0.2645191289519417,0,0,0.008312403026104864,0.008312403026104864
104,99,0.3644952796862338,0,0,-0.0017154788155432366,-0.0017154788155432366
121,99,0.14664735398854795,0,0,0.00650891530289166,0.00650891530289166
130,99,0.3409486296942628,0,0,0.0005010269511048215,0.0005010269511048215
136,99,0.3979160778721723,0,0,0.012581200443181784,0.012581200443181784
137,99,0.1830957393858934,0,0,0.0008162570962286231,0.0008162570962286231
146,99,0.32393096714884756,0,0,0.010954725374504704,0.010954725374504704
148,99,0.2262695435133633,0,0,-0.007553750450284558,-0.007553750450284558
153,99,0.1371523913580577,0,0,-0.002147282267766726,-0.002147282267766726
156,99,0.3373954816635646,0,0,-0.008760089027246065,-0.008760089027246065
159,99,0.2069614152089132,0,0,-0.0010531528925050715,-0.0010531528925050715
168,99,0.2733772263055474,0,0,0.006583084574332987,0.006583084574332987
170,99,0.13814364745527863,0,0,0.004919551123715171,0.004919551123715171
184,99,0.2614883151484346,0,0,-0.001466254751348206,-0.001466254751348206
103,100,0.3762957374369363,0,0,-0.013466063644327897,-0.013466063644327897
108,100,0.20029575681701065,0,0,0.01029062830262717,0.01029062830262717
121,100,0.27968922220725323,0,0,-0.015269551367541101,-0.015269551367541101
125,100,0.2772966696509952,0,0,0.023185632723066618,0.023185632723066618
136,100,0.3645176784060218,0,0,-0.009197266227250978,-0.009197266227250978
144,100,0.3015622384474186,0,0,-0.0071790109541679525,-0.0071790109541679525
146,100,0.3219749430512086,0,0,-0.010823741295928058,-0.010823741295928058
149,100,0.21364029446830554,0,0,0.01328281821658256,0.01328281821658256
168,100,0.3979631321505881,0,0,-0.015195382096099774,-0.015195382096099774
170,100,0.2998840111586052,0,0,-0.01685891554671759,-0.01685891554671759
102,101,0.3918674943712493,0,0,-0.03702776999152624,-0.03702776999152624
116,101,0.2745143581135828,0,0,-0.02682781104102766,-0.02682781104102766
123,101,0.27975593355227163,0,0,-0.016443146605564563,-0.016443146605564563
128,101,0.1508106696059344,0,0,-0.014196591611981224,-0.014196591611981224
135,101,0.23638302602808645,0,0,-5.763009932843732e-5,-5.763009932843732e-5
158,101,0.3520666650721145,0,0,0.03329043699570852,0.03329043699570852
186,101,0.2715064426666408,0,0,0.049276587153252505,0.049276587153252505
188,101,0.26491755076807677,0,0,-0.0016650274859458247,-0.0016650274859458247
189,101,0.14503625000715356,0,0,-0.004935653708906779,-0.004935653708906779
199,101,0.19960160951352243,0,0,0.039791381373142115,0.039791381373142115
116,102,0.17201639870699573,0,0,0.010199958950498578,0.010199958950498578
123,102,0.2541596137132982,0,0,0.020584623385961676,0.020584623385961676
128,102,0.24309443291253777,0,0,0.022831178379545014,0.022831178379545014
165,102,0.06900044956531388,0,0,-0.005520085281432718,-0.005520085281432718
174,102,0.294886001614985,0,0,-0.02100966422891143,-0.02100966422891143
182,102,0.2723563213674179,0,0,-0.021009664228911262,-0.021009664228911262
188,102,0.39165219280861596,0,0,0.03536274250558041,0.03536274250558041
189,102,0.2886622126756963,0,0,0.03209211628261946,0.03209211628261946
104,103,0.2196529789674921,0,0,-0.0100278818416481,-0.0100278818416481
108,103,0.36828186669249857,0,0,0.023756691946955066,0.023756691946955066
121,103,0.22045148925501032,0,0,-0.001803487723213204,-0.001803487723213204
130,103,0.13594604105617586,0,0,-0.007811376075000043,-0.007811376075000043
136,103,0.14175991484996783,0,0,0.004268797417076919,0.004268797417076919
137,103,0.1190648785825135,0,0,-0.007496145929876241,-0.007496145929876241
144,103,0.17322926010435855,0,0,0.006287052690159944,0.006287052690159944
146,103,0.08642931197911327,0,0,0.0026423223483998393,0.0026423223483998393
148,103,0.30226249593647037,0,0,-0.015866153476389422,-0.015866153476389422
149,103,0.3743250462215436,0,0,0.026748881860910456,0.026748881860910456
153,103,0.22510687002282564,0,0,-0.01045968529387159,-0.01045968529387159
156,103,0.3303569195237141,0,0,-0.01707249205335093,-0.01707249205335093
159,103,0.19971849031561842,0,0,-0.009365555918609936,-0.009365555918609936
168,103,0.022171038979513252,0,0,-0.0017293184517718774,-0.0017293184517718774
170,103,0.18331518811944006,0,0,-0.003392851902389693,-0.003392851902389693
184,103,0.19039830865982357,0,0,-0.00977865777745307,-0.00977865777745307
130,104,0.09580246115335013,0,0,0.002216505766648058,0.002216505766648058
136,104,0.2945711571128486,0,0,0.01429667925872502,0.01429667925872502
137,104,0.1919404343028088,0,0,0.0025317359117718596,0.0025317359117718596
144,104,0.3562761260725474,0,0,0.016314934531808045,0.016314934531808045
146,104,0.287993088766333,0,0,0.01267020419004794,0.01267020419004794
148,104,0.2358540448437009,0,0,-0.005838271634741321,-0.005838271634741321
153,104,0.24229856839694522,0,0,-0.00043180345222348926,-0.00043180345222348926
156,104,0.1750895212585573,0,0,-0.007044610211702829,-0.007044610211702829
159,104,0.16691801651682164,0,0,0.0006623259230381651,0.0006623259230381651
163,104,0.2225359513604761,0,0,-0.02471407322880076,-0.02471407322880076
168,104,0.19822647642637015,0,0,0.008298563389876223,0.008298563389876223
170,104,0.36042801583010253,0,0,0.006635029939258408,0.006635029939258408
184,104,0.10752069904082051,0,0,0.0002492240641950305,0.0002492240641950305
191,104,0.2776952399947107,0,0,-0.03899389773414225,-0.03899389773414225
114,105,0.23553013853169855,0,0,0.03386388802701332,0.03386388802701332
115,105,0.3536189761709657,0,0,0.04472078342899699,0.04472078342899699
119,105,0.23693957546615593,0,0,-0.03578749294691662,-0.03578749294691662
120,105,0.26940419121570247,0,0,-0.0375076747312333,-0.0375076747312333
122,105,0.39002744010478446,0,0,-0.04874191842924573,-0.04874191842924573
131,105,0.1859290840423686,0,0,0.01952194082794753,0.01952194082794753
132,105,0.1745683996860297,0,0,-0.018411025760771166,-0.018411025760771166
134,105,0.26899028522181395,0,0,0.03619292655729153,0.03619292655729153
140,105,0.2328329068512999,0,0,0.022612384903146376,0.022612384903146376
145,105,0.20741785916288605,0,0,-0.019703998169386935,-0.019703998169386935
147,105,0.16133578534668605,0,0,-0.003610721978844933,-0.003610721978844933
151,105,0.38900289675155975,0,0,-0.03842127550762442,-0.03842127550762442
181,105,0.37747388620441935,0,0,-0.04874191842924569,-0.04874191842924569
193,105,0.07084293715414895,0,0,-0.00730945861945323,-0.00730945861945323
194,105,0.17565877888952458,0,0,0.02666145892305488,0.02666145892305488
198,105,0.185013064734542,0,0,0.023987745020792844,0.023987745020792844
110,106,0.3935621757217601,0,0,0.04344754875348573,0.04344754875348573
127,106,0.21686047534109051,0,0,-0.015157016311980857,-0.015157016311980857
138,106,0.34073358733030074,0,0,0.014843682323473325,0.014843682323473325
142,106,0.2790176326643606,0,0,-0.011814289558285661,-0.011814289558285661
161,106,0.3885120085869877,0,0,0.0188117192377856,0.0188117192377856
162,106,0.39671675809603923,0,0,0.011884381097441842,0.011884381097441842
176,106,0.262015387151026,0,0,-0.00811985765313201,-0.00811985765313201
177,106,0.29586833989870204,0,0,-0.04507622771231105,-0.04507622771231105
185,106,0.05257484820952012,0,0,-0.011260724138749862,-0.011260724138749862
110,107,0.08092247388657965,0,0,-4.5509812226958435e-5,-4.5509812226958435e-5
113,107,0.13424322957375165,0,0,-0.006229846297198104,-0.006229846297198104
118,107,0.15712386978461143,0,0,0.010411793969712188,0.010411793969712188
122,107,0.29614099699397334,0,0,0.0310300499375733,0.0310300499375733
138,107,0.24391789337615388,0,0,-0.02864937624223936,-0.02864937624223936
161,107,0.18296693117198157,0,0,-0.024681339327927085,-0.024681339327927085
162,107,0.25966619633616916,0,0,-0.03160867746827084,-0.03160867746827084
171,107,0.26641862477906464,0,0,0.024838458499268634,0.024838458499268634
181,107,0.3121444997700763,0,0,0.031030049937573342,0.031030049937573342
121,108,0.39054633183353166,0,0,-0.02556017967016827,-0.02556017967016827
125,108,0.1660128998553522,0,0,0.012895004420439449,0.012895004420439449
126,108,0.36297061232461064,0,0,0.02810550501856729,0.02810550501856729
136,108,0.2820245713634923,0,0,-0.019487894529878147,-0.019487894529878147
144,108,0.21493024120625082,0,0,-0.017469639256795122,-0.017469639256795122
146,108,0.2854507523802157,0,0,-0.021114369598555227,-0.021114369598555227
149,108,0.013623564737684139,0,0,0.00299218991395539,0.00299218991395539
150,108,0.27916817540617156,0,0,0.029935596467045134,0.029935596467045134
155,108,0.3690696052412308,0,0,0.03298625795814364,0.03298625795814364
168,108,0.3845967287390203,0,0,-0.025486010398726944,-0.025486010398726944
170,108,0.39090089097618064,0,0,-0.02714954384934476,-0.02714954384934476
187,108,0.2920832102028354,0,0,0.03156701848258042,0.03156701848258042
139,109,0.23023507438735355,0,0,-0.043715167126945176,-0.043715167126945176
154,109,0.35090217706565463,0,0,-0.07004639608660324,-0.07004639608660324
160,109,0.08372022776782963,0,0,-0.011081753480323253,-0.011081753480323253
167,109,0.25214274102853457,0,0,-0.037464718719880274,-0.037464718719880274
173,109,0.15677189019684243,0,0,0.010079417270583535,0.010079417270583535
180,109,0.0780119952127645,0,0,-0.011081753480323309,-0.011081753480323309
183,109,0.1257934900478397,0,0,0.013044802928791677,0.013044802928791677
190,109,0.06568404965552005,0,0,-0.00666109104486956,-0.00666109104486956
196,109,0.29570754417406264,0,0,-0.07106544570156692,-0.07106544570156692
113,110,0.2135772459623361,0,0,-0.006184336484971145,-0.006184336484971145
118,110,0.20626502145735728,0,0,0.010457303781939147,0.010457303781939147
120,110,0.3952386530915331,0,0,0.04230980344781269,0.04230980344781269
122,110,0.2862613535889157,0,0,0.03107555974980026,0.03107555974980026
138,110,0.24810682059874528,0,0,-0.028603866430012403,-0.028603866430012403
161,110,0.20455755819499286,0,0,-0.024635829515700126,-0.024635829515700126
162,110,0.2805356488611999,0,0,-0.03156316765604389,-0.03156316765604389
171,110,0.24640370308917184,0,0,0.024883968311495593,0.024883968311495593
181,110,0.30663196293939865,0,0,0.0310755597498003,0.0310755597498003
117,111,0.21453513439035224,0,0,0.024180951187878885,0.024180951187878885
125,111,0.3916294733193723,0,0,-0.021168779564756712,-0.021168779564756712
126,111,0.38731127915877717,0,0,-0.005958278966628872,-0.005958278966628872
149,111,0.39462129638090904,0,0,-0.03107159407124077,-0.03107159407124077
150,111,0.23890078493388023,0,0,-0.0041281875181510275,-0.0041281875181510275
152,111,0.32118945433471224,0,0,0.06241092964217004,0.06241092964217004
155,111,0.21866718243026065,0,0,-0.0010775260270525222,-0.0010775260270525222
157,111,0.32993827604868264,0,0,0.05486500080162776,0.05486500080162776
166,111,0.159557535993967,0,0,0.03162527349087102,0.03162527349087102
172,111,0.09125811970385525,0,0,0.004005756406686378,0.004005756406686378
175,111,0.12309658239464073,0,0,0.0010140361481604243,0.0010140361481604243
187,111,0.22944471937987373,0,0,-0.0024967655026157387,-0.0024967655026157387
124,112,0.2462611854394323,0,0,0.011335496475501895,0.011335496475501895
127,112,0.39598920288401757,0,0,0.05784297131197396,0.05784297131197396
129,112,0.30128110389453533,0,0,-0.02642821941761026,-0.02642821941761026
164,112,0.26530225262252327,0,0,-0.03241526699294409,-0.03241526699294409
177,112,0.12223464847436591,0,0,0.027923759911643767,0.027923759911643767
178,112,0.37101638154679945,0,0,-0.05792280280494828,-0.05792280280494828
179,112,0.24840913210982665,0,0,0.02360079438809746,0.02360079438809746
185,112,0.3776064246678526,0,0,0.061739263485204955,0.061739263485204955
192,112,0.2777728963727385,0,0,0.031493876870693466,0.031493876870693466
200,112,0.2219141679838103,0,0,-0.043987734510637054,-0.043987734510637054
118,113,0.18418182458737162,0,0,0.01664164026691029,0.01664164026691029
122,113,0.38023564457100484,0,0,0.037259896234771404,0.037259896234771404
138,113,0.26184957776908935,0,0,-0.022419529945041258,-0.022419529945041258
161,113,0.19077731490000924,0,0,-0.01845149303072898,-0.01845149303072898
162,113,0.24626388040872196,0,0,-0.02537883117107274,-0.02537883117107274
171,113,0.3638392105104417,0,0,0.031068304796466738,0.031068304796466738
181,113,0.3897044274988052,0,0,0.037259896234771446,0.037259896234771446
115,114,0.13778440633932879,0,0,0.010856895401983674,0.010856895401983674
131,114,0.17296037529314345,0,0,-0.014341947199065785,-0.014341947199065785
134,114,0.05312827691035958,0,0,0.0023290385302782157,0.0023290385302782157
140,114,0.20819414939062209,0,0,-0.01125150312386694,-0.01125150312386694
141,114,0.38486158396094167,0,0,0.0644627539337003,0.0644627539337003
143,114,0.2944738070787466,0,0,0.04369479369459095,0.04369479369459095
145,114,0.389276441096637,0,0,-0.05356788619640025,-0.05356788619640025
147,114,0.34503797864428976,0,0,-0.03747461000585825,-0.03747461000585825
193,114,0.29945740105849844,0,0,-0.041173346646466547,-0.041173346646466547
194,114,0.060192942358822325,0,0,-0.007202429103958435,-0.007202429103958435
197,114,0.26020308381486545,0,0,0.02772851164943599,0.02772851164943599
198,114,0.1124345033495807,0,0,-0.009876143006220472,-0.009876143006220472
131,115,0.3088876428645634,0,0,-0.02519884260104946,-0.02519884260104946
134,115,0.15160974756687134,0,0,-0.008527856871705458,-0.008527856871705458
140,115,0.3386433656173771,0,0,-0.022108398525850614,-0.022108398525850614
141,115,0.2552141279090116,0,0,0.05360585853171662,0.05360585853171662
143,115,0.15703021760828925,0,0,0.032837898292607276,0.032837898292607276
194,115,0.19081644956672322,0,0,-0.01805932450594211,-0.01805932450594211
196,115,0.39892737214016555,0,0,0.09577896059293223,0.09577896059293223
197,115,0.17789383254935257,0,0,0.016871616247452315,0.016871616247452315
198,115,0.179326372895114,0,0,-0.020733038408204146,-0.020733038408204146
123,116,0.08776333667606366,0,0,0.010384664435463098,0.010384664435463098
128,116,0.1613941288239828,0,0,0.012631219429046436,0.012631219429046436
135,116,0.23755092979402348,0,0,0.026770180941699223,0.026770180941699223
165,116,0.19776954655061232,0,0,-0.015720044231931296,-0.015720044231931296
174,116,0.3891793059236035,0,0,-0.031209623179410007,-0.031209623179410007
182,116,0.3665416418456911,0,0,-0.03120962317940984,-0.03120962317940984
188,116,0.21995400690874806,0,0,0.025162783555081836,0.025162783555081836
189,116,0.1389040162642642,0,0,0.021892157332120882,0.021892157332120882
125,117,0.38920096050045455,0,0,-0.0453497307526356,-0.0453497307526356
126,117,0.2731473964738418,0,0,-0.030139230154507757,-0.030139230154507757
150,117,0.21271379491165726,0,0,-0.028309138706029913,-0.028309138706029913
152,117,0.18669024386683591,0,0,0.03822997845429116,0.03822997845429116
155,117,0.12407229914470239,0,0,-0.025258477214931407,-0.025258477214931407
157,117,0.17463594107837435,0,0,0.030684049613748876,0.030684049613748876
166,117,0.06499160900108605,0,0,0.007444322302992135,0.007444322302992135
172,117,0.2946352925241524,0,0,-0.020175194781192507,-0.020175194781192507
175,117,0.32980144510161397,0,0,-0.02316691503971846,-0.02316691503971846
187,117,0.198320162750392,0,0,-0.026677716690494624,-0.026677716690494624
195,117,0.3729055911208872,0,0,0.06783570148094958,0.06783570148094958
119,118,0.34881539884465246,0,0,0.033572681450190225,0.033572681450190225
120,118,0.3480315316849557,0,0,0.03185249966587354,0.03185249966587354
122,118,0.2060340149039831,0,0,0.020618255967861113,0.020618255967861113
138,118,0.3953069500760523,0,0,-0.039061170211951546,-0.039061170211951546
151,118,0.271549281512761,0,0,0.030938898889482425,0.030938898889482425
161,118,0.32862731114432026,0,0,-0.03509313329763927,-0.03509313329763927
171,118,0.20281065239072424,0,0,0.014426664529556446,0.014426664529556446
181,118,0.21116080225692596,0,0,0.020618255967861154,0.020618255967861154
120,119,0.11663331248013925,0,0,-0.0017201817843166822,-0.0017201817843166822
122,119,0.16641584351807806,0,0,-0.012954425482329113,-0.012954425482329113
131,119,0.39625228841123034,0,0,0.05530943377486415,0.05530943377486415
132,119,0.12593850157183348,0,0,0.017376467186145453,0.017376467186145453
145,119,0.19544423453887322,0,0,0.016083494777529683,0.016083494777529683
147,119,0.22558544657447585,0,0,0.032176770968071686,0.032176770968071686
151,119,0.1808492421500167,0,0,-0.002633782560707801,-0.002633782560707801
171,119,0.20762482164601945,0,0,-0.01914601692063378,-0.01914601692063378
181,119,0.14845543955814436,0,0,-0.012954425482329071,-0.012954425482329071
193,119,0.17431981606917998,0,0,0.02847803432746339,0.02847803432746339
122,120,0.1420627662390136,0,0,-0.01123424369801243,-0.01123424369801243
132,120,0.22712012119098618,0,0,0.019096648970462135,0.019096648970462135
145,120,0.1232668001882474,0,0,0.017803676561846365,0.017803676561846365
147,120,0.3175407362815979,0,0,0.03389695275238837,0.03389695275238837
151,120,0.27123965059163324,0,0,-0.0009136007763911186,-0.0009136007763911186
171,120,0.1571013680971573,0,0,-0.017425835136317097,-0.017425835136317097
181,120,0.14140551059455936,0,0,-0.011234243698012389,-0.011234243698012389
193,120,0.19862298040122872,0,0,0.03019821611178007,0.03019821611178007
198,120,0.39783823474841745,0,0,0.061495419752026145,0.061495419752026145
130,121,0.34206200987051577,0,0,-0.006007888351786839,-0.006007888351786839
136,121,0.31891378646979107,0,0,0.0060722851402901235,0.0060722851402901235
137,121,0.21208938447267206,0,0,-0.005692658206663037,-0.005692658206663037
144,121,0.3016431585288378,0,0,0.008090540413373148,0.008090540413373148
146,121,0.2413614062896083,0,0,0.004445810071613043,0.004445810071613043
148,121,0.3422526393773059,0,0,-0.014062665753176218,-0.014062665753176218
153,121,0.23909994688095945,0,0,-0.008656197570658386,-0.008656197570658386
159,121,0.28237521649623143,0,0,-0.007562068195396732,-0.007562068195396732
168,121,0.23895858622181151,0,0,7.416927144132668e-5,7.416927144132668e-5
170,121,0.040041838386074426,0,0,-0.001589364179176489,-0.001589364179176489
184,121,0.31895147946491675,0,0,-0.007975170054239866,-0.007975170054239866
132,122,0.2896007721876041,0,0,0.030330892668474566,0.030330892668474566
145,122,0.2646051700498581,0,0,0.029037920259858796,0.029037920259858796
147,122,0.3903251166669716,0,0,0.0451311964504008,0.0451311964504008
151,122,0.20739524968354975,0,0,0.010320642921621312,0.010320642921621312
171,122,0.04948094383424182,0,0,-0.006191591438304667,-0.006191591438304667
181,122,0.02452699305262791,0,0,4.163336342344337e-17,4.163336342344337e-17
193,122,0.3208408740781457,0,0,0.0414324598097925,0.0414324598097925
128,123,0.21029319731704307,0,0,0.0022465549935833384,0.0022465549935833384
135,123,0.1672701486020607,0,0,0.016385516506236125,0.016385516506236125
165,123,0.26693288310181534,0,0,-0.026104708667394394,-0.026104708667394394
188,123,0.1412306771363165,0,0,0.014778119119618738,0.014778119119618738
189,123,0.13534878181726978,0,0,0.011507492896657784,0.011507492896657784
127,124,0.3513260742690572,0,0,0.046507474836472065,0.046507474836472065
129,124,0.28414192494468526,0,0,-0.03776371589311216,-0.03776371589311216
142,124,0.38627612656065835,0,0,0.04985020159016726,0.04985020159016726
164,124,0.3340286778964849,0,0,-0.04375076346844599,-0.04375076346844599
177,124,0.2584516195730354,0,0,0.01658826343614187,0.01658826343614187
178,124,0.3859731535457727,0,0,-0.06925829928045017,-0.06925829928045017
179,124,0.06728564725594133,0,0,0.012265297912595563,0.012265297912595563
192,124,0.0991362159131428,0,0,0.020158380395191567,0.020158380395191567
200,124,0.3443900100887136,0,0,-0.05532323098613895,-0.05532323098613895
126,125,0.20409424424280836,0,0,0.01521050059812784,0.01521050059812784
144,125,0.37920428780915255,0,0,-0.03036464367723457,-0.03036464367723457
149,125,0.1618680664626221,0,0,-0.009902814506484059,-0.009902814506484059
150,125,0.1796465764517598,0,0,0.017040592046605685,0.017040592046605685
155,125,0.26513607613906004,0,0,0.02009125353770419,0.02009125353770419
187,125,0.19411747903485413,0,0,0.018672014062140974,0.018672014062140974
149,126,0.3558406133285633,0,0,-0.0251133151046119,-0.0251133151046119
150,126,0.16269892993136262,0,0,0.001830091448477844,0.001830091448477844
155,126,0.17580335905225145,0,0,0.004880752939576349,0.004880752939576349
166,126,0.32013034499061743,0,0,0.03758355245749989,0.03758355245749989
187,126,0.16599854758816412,0,0,0.003461513464013133,0.003461513464013133
133,127,0.27383989578856677,0,0,0.01981935872070782,0.01981935872070782
138,127,0.31188664365800506,0,0,0.03000069863545418,0.03000069863545418
142,127,0.08152205312809478,0,0,0.0033427267536951942,0.0033427267536951942
161,127,0.3815248165882531,0,0,0.033968735549766454,0.033968735549766454
162,127,0.3463808223084142,0,0,0.0270413974094227,0.0270413974094227
176,127,0.08864538408877286,0,0,0.007037158658848846,0.007037158658848846
177,127,0.2846562098068784,0,0,-0.02991921140033019,-0.02991921140033019
179,127,0.28415946317873436,0,0,-0.0342421769238765,-0.0342421769238765
185,127,0.17218592911809077,0,0,0.0038962921732309946,0.0038962921732309946
192,127,0.25810995413438553,0,0,-0.026349094441280495,-0.026349094441280495
135,128,0.26751112102193497,0,0,0.014138961512652787,0.014138961512652787
165,128,0.30112072412249785,0,0,-0.028351263660977732,-0.028351263660977732
188,128,0.2752628758552662,0,0,0.0125315641260354,0.0125315641260354
189,128,0.11094681165935592,0,0,0.009260937903074445,0.009260937903074445
199,128,0.34982078778559406,0,0,0.05398797298512334,0.05398797298512334
164,129,0.10403408807197521,0,0,-0.0059870475753338315,-0.0059870475753338315
178,129,0.10200984905820998,0,0,-0.031494583387338015,-0.031494583387338015
179,129,0.34535793849365215,0,0,0.05002901380570772,0.05002901380570772
186,129,0.38623275341155094,0,0,-0.10069858119218333,-0.10069858119218333
192,129,0.38129240677012394,0,0,0.05792209628830372,0.05792209628830372
200,129,0.16701432509026942,0,0,-0.017559515093026792,-0.017559515093026792
136,130,0.1993269024674327,0,0,0.012080173492076962,0.012080173492076962
137,130,0.15793807706590207,0,0,0.00031523014512380154,0.00031523014512380154
144,130,0.2604758926894433,0,0,0.014098428765159987,0.014098428765159987
146,130,0.19444847286592215,0,0,0.010453698423399882,0.010453698423399882
148,130,0.27706360401096103,0,0,-0.00805477740138938,-0.00805477740138938
153,130,0.24517716096741288,0,0,-0.0026483092188715474,-0.0026483092188715474
156,130,0.2524514681913043,0,0,-0.009261115978350887,-0.009261115978350887
159,130,0.1815613298980704,0,0,-0.001554179843609893,-0.001554179843609893
163,130,0.31358850405434074,0,0,-0.026930578995448817,-0.026930578995448817
168,130,0.11378256068615596,0,0,0.006082057623228165,0.006082057623228165
170,130,0.30237963352597225,0,0,0.00441852417261035,0.00441852417261035
184,130,0.13417143539209334,0,0,-0.0019672817024530276,-0.0019672817024530276
191,130,0.3728113613669829,0,0,-0.041210403500790305,-0.041210403500790305
132,131,0.2909933282779059,0,0,-0.0379329665887187,-0.0379329665887187
134,131,0.16520719411441948,0,0,0.016670985729344,0.016670985729344
140,131,0.05192397088166999,0,0,0.003090444075198845,0.003090444075198845
145,131,0.39170854493230844,0,0,-0.03922593899733447,-0.03922593899733447
147,131,0.20741638996547682,0,0,-0.023132662806792464,-0.023132662806792464
193,131,0.254352880121344,0,0,-0.02683139944740076,-0.02683139944740076
194,131,0.13838958385113168,0,0,0.00713951809510735,0.00713951809510735
197,131,0.39044894171371464,0,0,0.042070458848501774,0.042070458848501774
198,131,0.2244968426905876,0,0,0.004465804192845313,0.004465804192845313
140,132,0.3175651633587265,0,0,0.04102341066391754,0.04102341066391754
145,132,0.2539926559618494,0,0,-0.0012929724086157696,-0.0012929724086157696
147,132,0.10080014364589909,0,0,0.014800303781926233,0.014800303781926233
151,132,0.22199018764339876,0,0,-0.020010249746853254,-0.020010249746853254
171,132,0.33290202285406684,0,0,-0.03652248410677923,-0.03652248410677923
181,132,0.26939335751747484,0,0,-0.030330892668474524,-0.030330892668474524
193,132,0.14568888311548325,0,0,0.011101567141317936,0.011101567141317936
194,132,0.34018934203320145,0,0,0.04507248468382605,0.04507248468382605
198,132,0.35952160724596427,0,0,0.04239877078156401,0.04239877078156401
138,133,0.1906851566484426,0,0,0.010181339914746363,0.010181339914746363
142,133,0.19784786353508305,0,0,-0.016476631967012625,-0.016476631967012625
161,133,0.24512586940478828,0,0,0.01414937682905864,0.01414937682905864
162,133,0.17008800583076034,0,0,0.00722203868871488,0.00722203868871488
176,133,0.18555867379525043,0,0,-0.012782200061858972,-0.012782200061858972
185,133,0.39579945718460985,0,0,-0.015923066547476824,-0.015923066547476824
140,134,0.18847009784089933,0,0,-0.013580541654145156,-0.013580541654145156
141,134,0.3780196467587057,0,0,0.06213371540342208,0.06213371540342208
143,134,0.30602780489277387,0,0,0.041365755164312734,0.041365755164312734
147,134,0.3582730689138768,0,0,-0.039803648536136466,-0.039803648536136466
193,134,0.3365632760652723,0,0,-0.04350238517674476,-0.04350238517674476
194,134,0.0977380651741167,0,0,-0.009531467634236651,-0.009531467634236651
197,134,0.23361360087709707,0,0,0.025399473119157773,0.025399473119157773
198,134,0.16539048730514144,0,0,-0.012205181536498688,-0.012205181536498688
158,135,0.28134249962906477,0,0,0.03334806709503696,0.03334806709503696
186,135,0.3258481992138534,0,0,0.04933421725258094,0.04933421725258094
188,135,0.04091091661362053,0,0,-0.0016073973866173874,-0.0016073973866173874
189,135,0.15695429111623121,0,0,-0.004878023609578341,-0.004878023609578341
199,135,0.340575003188363,0,0,0.03984901147247055,0.03984901147247055
137,136,0.2593905987931477,0,0,-0.01176494334695316,-0.01176494334695316
144,136,0.06889095047209812,0,0,0.002018255273083025,0.002018255273083025
146,136,0.07778042772310274,0,0,-0.0016264750686770801,-0.0016264750686770801
149,136,0.2836037850852177,0,0,0.022480084443833537,0.022480084443833537
153,136,0.366257911209189,0,0,-0.01472848271094851,-0.01472848271094851
159,136,0.3328654418141619,0,0,-0.013634353335686855,-0.013634353335686855
168,136,0.14465705453957306,0,0,-0.005998115868848797,-0.005998115868848797
170,136,0.29044748990612695,0,0,-0.007661649319466612,-0.007661649319466612
184,136,0.30905761289047506,0,0,-0.01404745519452999,-0.01404745519452999
144,137,0.2911138540504923,0,0,0.013783198620036186,0.013783198620036186
146,137,0.20341562081069967,0,0,0.01013846827827608,0.01013846827827608
148,137,0.18612966204698433,0,0,-0.00837000754651318,-0.00837000754651318
153,137,0.10711231843039877,0,0,-0.002963539363995349,-0.002963539363995349
156,137,0.2372221486296742,0,0,-0.009576346123474688,-0.009576346123474688
159,137,0.08910555796320345,0,0,-0.0018694099887336946,-0.0018694099887336946
163,137,0.32568155928189724,0,0,-0.02724580914057262,-0.02724580914057262
168,137,0.11527329879981915,0,0,0.005766827478104364,0.005766827478104364
170,137,0.1731150404437743,0,0,0.004103294027486548,0.004103294027486548
184,137,0.10832163831250682,0,0,-0.002282511847576829,-0.002282511847576829
142,138,0.2736375777080453,0,0,-0.026657971881758988,-0.026657971881758988
161,138,0.07130198107528946,0,0,0.003968036914312276,0.003968036914312276
162,138,0.059043602031861875,0,0,-0.0029593012260314827,-0.0029593012260314827
176,138,0.24241360198183615,0,0,-0.022963539976605336,-0.022963539976605336
185,138,0.3461042590690006,0,0,-0.026104406462223187,-0.026104406462223187
141,139,0.21569150226475603,0,0,-0.06952338063583735,-0.06952338063583735
143,139,0.3373433149157205,0,0,-0.0902913408749467,-0.0902913408749467
154,139,0.14788424503740083,0,0,-0.02633122895965806,-0.02633122895965806
160,139,0.17040851831884035,0,0,0.03263341364662192,0.03263341364662192
167,139,0.13616586348227938,0,0,0.006250448407064901,0.006250448407064901
169,139,0.2383513934556162,0,0,-0.04251784775609235,-0.04251784775609235
173,139,0.34064450061546625,0,0,0.05379458439752871,0.05379458439752871
180,139,0.15753546296835313,0,0,0.03263341364662187,0.03263341364662187
183,139,0.26709073507068526,0,0,0.05675997005573685,0.05675997005573685
190,139,0.18899524153797034,0,0,0.037054076082075615,0.037054076082075615
196,139,0.07119779536646681,0,0,-0.027350278574621745,-0.027350278574621745
197,139,0.3760803595716587,0,0,-0.10625762292010166,-0.10625762292010166
147,140,0.22511379077494703,0,0,-0.02622310688199131,-0.02622310688199131
193,140,0.2990362992198459,0,0,-0.029921843522599606,-0.029921843522599606
194,140,0.1833671347711418,0,0,0.004049074019908505,0.004049074019908505
197,140,0.3981628178197646,0,0,0.03898001477330293,0.03898001477330293
198,140,0.2727726763890846,0,0,0.001375360117646468,0.001375360117646468
143,141,0.14279393360767745,0,0,-0.020767960239109345,-0.020767960239109345
154,141,0.20249096911032916,0,0,0.04319215167617929,0.04319215167617929
160,141,0.38599481084773146,0,0,0.10215679428245927,0.10215679428245927
167,141,0.22904070237915505,0,0,0.07577382904290225,0.07577382904290225
169,141,0.2300111528069326,0,0,0.027005532879744998,0.027005532879744998
180,141,0.3622461857107309,0,0,0.10215679428245922,0.10215679428245922
190,141,0.38731371479646143,0,0,0.10657745671791297,0.10657745671791297
196,141,0.14521823981799992,0,0,0.042173102061215606,0.042173102061215606
197,141,0.18085985043149191,0,0,-0.03673424228426431,-0.03673424228426431
161,142,0.34493805506359365,0,0,0.030626008796071264,0.030626008796071264
162,142,0.29660386971905467,0,0,0.023698670655727505,0.023698670655727505
176,142,0.0334401159072749,0,0,0.003694431905153652,0.003694431905153652
177,142,0.3606671739246425,0,0,-0.03326193815402539,-0.03326193815402539
179,142,0.3198652147718061,0,0,-0.037584903677571696,-0.037584903677571696
185,142,0.24129502958016943,0,0,0.0005535654195358004,0.0005535654195358004
192,142,0.287744783619285,0,0,-0.02969182119497569,-0.02969182119497569
154,143,0.3452759825463702,0,0,0.06396011191528864,0.06396011191528864
167,143,0.29791446737725463,0,0,0.0965417892820116,0.0965417892820116
169,143,0.3650245103390031,0,0,0.04777349311885434,0.04777349311885434
194,143,0.344660069735958,0,0,-0.050897222798549385,-0.050897222798549385
196,143,0.26731169455536125,0,0,0.06294106230032495,0.06294106230032495
197,143,0.2048779091259922,0,0,-0.01596628204515496,-0.01596628204515496
198,143,0.3115990351580454,0,0,-0.05357093670081142,-0.05357093670081142
146,144,0.08775227726054181,0,0,-0.003644730341760105,-0.003644730341760105
149,144,0.21745998409054906,0,0,0.020461829170750512,0.020461829170750512
153,144,0.394633482293144,0,0,-0.016746737984031534,-0.016746737984031534
159,144,0.372761986472384,0,0,-0.01565260860876988,-0.01565260860876988
168,144,0.18391122246080235,0,0,-0.008016371141931822,-0.008016371141931822
170,144,0.28025901959783284,0,0,-0.009679904592549637,-0.009679904592549637
184,144,0.35759312693665196,0,0,-0.016065710467613015,-0.016065710467613015
147,145,0.31618158232795274,0,0,0.016093276190542002,0.016093276190542002
151,145,0.37381989859863257,0,0,-0.018717277338237484,-0.018717277338237484
171,145,0.2729337258604158,0,0,-0.03522951169816346,-0.03522951169816346
181,145,0.2646517157991906,0,0,-0.029037920259858754,-0.029037920259858754
193,145,0.14871913697215275,0,0,0.012394539549933706,0.012394539549933706
194,145,0.33953793262347814,0,0,0.04636545709244182,0.04636545709244182
198,145,0.2898058764434503,0,0,0.04369174319017978,0.04369174319017978
148,146,0.38824985990747407,0,0,-0.01850847582478926,-0.01850847582478926
149,146,0.2906168342887625,0,0,0.024106559512510617,0.024106559512510617
153,146,0.30703279861463234,0,0,-0.01310200764227143,-0.01310200764227143
159,146,0.28609426770995894,0,0,-0.012007878267009775,-0.012007878267009775
168,146,0.09987035938105768,0,0,-0.004371640800171717,-0.004371640800171717
170,146,0.21270281405134578,0,0,-0.006035174250789532,-0.006035174250789532
184,146,0.27482451937620134,0,0,-0.01242098012585291,-0.01242098012585291
151,147,0.3036745021666971,0,0,-0.034810553528779486,-0.034810553528779486
181,147,0.37019267560516506,0,0,-0.04513119645040076,-0.04513119645040076
193,147,0.17553799270128445,0,0,-0.0036987366406082967,-0.0036987366406082967
194,147,0.2887385109965496,0,0,0.030272180901899814,0.030272180901899814
198,147,0.3325363407637599,0,0,0.027598466999637777,0.027598466999637777
153,148,0.10362489729644574,0,0,0.005406468182517832,0.005406468182517832
156,148,0.12171674791585416,0,0,-0.0012063385769615076,-0.0012063385769615076
159,148,0.10408227304928303,0,0,0.006500597557779486,0.006500597557779486
163,148,0.2049797937827503,0,0,-0.018875801594059438,-0.018875801594059438
168,148,0.2935434649698611,0,0,0.014136835024617544,0.014136835024617544
170,148,0.3129100043628216,0,0,0.012473301573999729,0.012473301573999729
184,148,0.14315779411654486,0,0,0.0060874956989363516,0.0060874956989363516
191,148,0.28447335409496294,0,0,-0.033155626099400926,-0.033155626099400926
150,149,0.2677404489615353,0,0,0.026943406553089744,0.026943406553089744
155,149,0.3573051229367838,0,0,0.02999406804418825,0.02999406804418825
168,149,0.39014328860315317,0,0,-0.028478200312682334,-0.028478200312682334
187,149,0.28047659757427174,0,0,0.028574828568625033,0.028574828568625033
152,150,0.3988852512466237,0,0,0.06653911716032107,0.06653911716032107
155,150,0.0909591712351453,0,0,0.0030506614910985053,0.0030506614910985053
157,150,0.38716466098296914,0,0,0.05899318831977879,0.05899318831977879
166,150,0.2280332434701943,0,0,0.03575346100902205,0.03575346100902205
172,150,0.32547716353052486,0,0,0.008133943924837406,0.008133943924837406
175,150,0.35099053113315626,0,0,0.005142223666311452,0.005142223666311452
187,150,0.014554276232495516,0,0,0.0016314220155352888,0.0016314220155352888
171,151,0.25479683826857247,0,0,-0.01651223435992598,-0.01651223435992598
181,151,0.18402859724033543,0,0,-0.01032064292162127,-0.01032064292162127
193,151,0.3397937607199307,0,0,0.03111181688817119,0.03111181688817119
155,152,0.31074195481682737,0,0,-0.06348845566922257,-0.06348845566922257
157,152,0.03199011850252266,0,0,-0.007545928840542282,-0.007545928840542282
166,152,0.18548688832258575,0,0,-0.030785656151299023,-0.030785656151299023
172,152,0.3653712625493529,0,0,-0.058405173235483665,-0.058405173235483665
174,152,0.3920892639834355,0,0,0.049805337812357464,0.049805337812357464
175,152,0.39784424472939617,0,0,-0.06139689349400962,-0.06139689349400962
182,152,0.39928835591592965,0,0,0.04980533781235763,0.04980533781235763
187,152,0.38440023885492053,0,0,-0.06490769514478578,-0.06490769514478578
195,152,0.18705510143987372,0,0,0.029605723026658426,0.029605723026658426
156,153,0.20193517111273113,0,0,-0.006612806759479339,-0.006612806759479339
159,153,0.07581910569355779,0,0,0.0010941293752616543,0.0010941293752616543
163,153,0.29297659397224113,0,0,-0.02428226977657727,-0.02428226977657727
168,153,0.2223837548152003,0,0,0.008730366842099713,0.008730366842099713
170,153,0.20928605980331083,0,0,0.007066833391481897,0.007066833391481897
184,153,0.13489634687678753,0,0,0.0006810275164185198,0.0006810275164185198
191,153,0.37386913414901846,0,0,-0.03856209428191876,-0.03856209428191876
160,154,0.27324691793148037,0,0,0.05896464260627998,0.05896464260627998
167,154,0.2687489200023571,0,0,0.03258167736672296,0.03258167736672296
169,154,0.0913854788938755,0,0,-0.016186618796434293,-0.016186618796434293
180,154,0.2901918149609499,0,0,0.05896464260627993,0.05896464260627993
190,154,0.32496770664783864,0,0,0.06338530504173367,0.06338530504173367
196,154,0.1420534277947943,0,0,-0.0010190496149636852,-0.0010190496149636852
197,154,0.29739506998858495,0,0,-0.0799263939604436,-0.0799263939604436
157,155,0.297430125597094,0,0,0.055942526828680283,0.055942526828680283
166,155,0.1519662044404295,0,0,0.03270279951792354,0.03270279951792354
172,155,0.30991985318643367,0,0,0.0050832824337389,0.0050832824337389
175,155,0.3410775403274088,0,0,0.0020915621752129465,0.0020915621752129465
187,155,0.07725468630137272,0,0,-0.0014192394755632165,-0.0014192394755632165
159,156,0.15209911596076184,0,0,0.007706936134740994,0.007706936134740994
163,156,0.09175289855705997,0,0,-0.01766946301709793,-0.01766946301709793
168,156,0.3145876556011544,0,0,0.015343173601579052,0.015343173601579052
170,156,0.39810497765214437,0,0,0.013679640150961236,0.013679640150961236
184,156,0.1399599471574366,0,0,0.007293834275897859,0.007293834275897859
191,156,0.17239862601589528,0,0,-0.03194928752243942,-0.03194928752243942
166,157,0.18453613792524795,0,0,-0.02323972731075674,-0.02323972731075674
172,157,0.38073761392625893,0,0,-0.05085924439494138,-0.05085924439494138
187,157,0.3728323422659618,0,0,-0.0573617663042435,-0.0573617663042435
195,157,0.19981341789917778,0,0,0.03715165186720071,0.03715165186720071
178,158,0.37210979975499014,0,0,0.0851901479623893,0.0851901479623893
186,158,0.1639679428055314,0,0,0.015986150157543982,0.015986150157543982
188,158,0.31536086837305877,0,0,-0.03495546448165435,-0.03495546448165435
189,158,0.3879642816753931,0,0,-0.0382260907046153,-0.0382260907046153
199,158,0.26971539657708027,0,0,0.006500944377433593,0.006500944377433593
163,159,0.24295356241477484,0,0,-0.025376399151838924,-0.025376399151838924
168,159,0.18986874316923028,0,0,0.007636237466838058,0.007636237466838058
170,159,0.24660077791198648,0,0,0.005972704016220243,0.005972704016220243
184,159,0.05940184111266301,0,0,-0.00041310185884313455,-0.00041310185884313455
191,159,0.32240845017362224,0,0,-0.03965622365718041,-0.03965622365718041
167,160,0.23536580287282052,0,0,-0.02638296523955702,-0.02638296523955702
169,160,0.3591314412984149,0,0,-0.07515126140271428,-0.07515126140271428
173,160,0.1720449904210296,0,0,0.021161170750906788,0.021161170750906788
180,160,0.07352181364443126,0,0,-5.551115123125783e-17,-5.551115123125783e-17
183,160,0.18997427440671114,0,0,0.02412655640911493,0.02412655640911493
190,160,0.0979409768498191,0,0,0.004420662435453693,0.004420662435453693
196,160,0.24093160762940433,0,0,-0.05998369222124367,-0.05998369222124367
162,161,0.0775076451065437,0,0,-0.006927338140343759,-0.006927338140343759
176,161,0.3136732708885871,0,0,-0.02693157689091761,-0.02693157689091761
176,162,0.2683745106748361,0,0,-0.020004238750573854,-0.020004238750573854
185,162,0.39886853369345526,0,0,-0.023145105236191704,-0.023145105236191704
168,163,0.39246025878833707,0,0,0.03301263661867698,0.03301263661867698
184,163,0.22251263733067903,0,0,0.02496329729299579,0.02496329729299579
191,163,0.08089302971617804,0,0,-0.014279824505341487,-0.014279824505341487
177,164,0.38388173374388657,0,0,0.06033902690458786,0.06033902690458786
178,164,0.11262165300919297,0,0,-0.025507535812004184,-0.025507535812004184
179,164,0.3851027006546384,0,0,0.05601606138104155,0.05601606138104155
186,164,0.3122893276392628,0,0,-0.0947115336168495,-0.0947115336168495
199,164,0.3319583900347681,0,0,-0.10419673939695989,-0.10419673939695989
200,164,0.07045071725630053,0,0,-0.011572467517692961,-0.011572467517692961
174,165,0.22688601591101493,0,0,-0.01548957894747871,-0.01548957894747871
182,165,0.20414055486511654,0,0,-0.015489578947478544,-0.015489578947478544
189,165,0.32960366513136613,0,0,0.03761220156405218,0.03761220156405218
195,165,0.3563329962199945,0,0,-0.03568919373317775,-0.03568919373317775
172,166,0.2333746440746626,0,0,-0.02761951708418464,-0.02761951708418464
175,166,0.2687147776709203,0,0,-0.030611237342710595,-0.030611237342710595
187,166,0.2136402932344963,0,0,-0.03412203899348676,-0.03412203899348676
195,166,0.3703534444102759,0,0,0.06039137917795745,0.06039137917795745
169,167,0.3518109817256887,0,0,-0.048768296163157254,-0.048768296163157254
173,167,0.3994419514581516,0,0,0.04754413599046381,0.04754413599046381
180,167,0.17792753181948673,0,0,0.026382965239556966,0.026382965239556966
183,167,0.21856160703059108,0,0,0.05050952164867195,0.05050952164867195
190,167,0.1883988896750901,0,0,0.030803627675010714,0.030803627675010714
196,167,0.1314071811621824,0,0,-0.033600726981686646,-0.033600726981686646
170,168,0.2009778427591356,0,0,-0.0016635334506178157,-0.0016635334506178157
184,168,0.17496382637517063,0,0,-0.008049339325681193,-0.008049339325681193
180,169,0.3808244455974872,0,0,0.07515126140271422,0.07515126140271422
196,169,0.22090767780977646,0,0,0.015167569181470608,0.015167569181470608
197,169,0.2622083355483398,0,0,-0.0637397751640093,-0.0637397751640093
184,170,0.28064755519754914,0,0,-0.006385805875063377,-0.006385805875063377
181,171,0.07399896355184189,0,0,0.006191591438304708,0.006191591438304708
193,171,0.34943764739867095,0,0,0.04762405124809717,0.04762405124809717
175,172,0.03534982534779417,0,0,-0.002991720258525954,-0.002991720258525954
187,172,0.3171560973908726,0,0,-0.006502521909302117,-0.006502521909302117
180,173,0.22201232327162548,0,0,-0.021161170750906844,-0.021161170750906844
183,173,0.2698923726891557,0,0,0.0029653856582081417,0.0029653856582081417
190,173,0.22119274839165137,0,0,-0.016740508315453095,-0.016740508315453095
182,174,0.023151806799502066,0,0,1.6653345369377348e-16,1.6653345369377348e-16
195,174,0.21415743915052082,0,0,-0.020199614785699038,-0.020199614785699038
187,175,0.34354825341997547,0,0,-0.003510801650776163,-0.003510801650776163
177,176,0.37326747833693275,0,0,-0.03695637005917904,-0.03695637005917904
179,176,0.3487416411227207,0,0,-0.04127933558272535,-0.04127933558272535
185,176,0.22891349582009482,0,0,-0.0031408664856178515,-0.0031408664856178515
192,176,0.3176287490695957,0,0,-0.03338625310012934,-0.03338625310012934
179,177,0.2278748736784809,0,0,-0.0043229655235463085,-0.0043229655235463085
185,177,0.25610085334858207,0,0,0.03381550357356119,0.03381550357356119
192,177,0.24305494321215307,0,0,0.0035701169590496955,0.0035701169590496955
200,177,0.3439735375992992,0,0,-0.07191149442228081,-0.07191149442228081
186,178,0.29924572218284223,0,0,-0.06920399780484532,-0.06920399780484532
199,178,0.3571460560538564,0,0,-0.07868920358495571,-0.07868920358495571
200,178,0.17997639611764932,0,0,0.013935068294311223,0.013935068294311223
185,179,0.3789712970388447,0,0,0.0381384690971075,0.0381384690971075
192,179,0.03746330042154316,0,0,0.007893082482596004,0.007893082482596004
200,179,0.38603515266907035,0,0,-0.06758852889873451,-0.06758852889873451
183,180,0.12981934281840604,0,0,0.024126556409114985,0.024126556409114985
190,180,0.03563115388584854,0,0,0.004420662435453748,0.004420662435453748
196,180,0.21972727213199408,0,0,-0.05998369222124361,-0.05998369222124361
193,181,0.3093540707034976,0,0,0.04143245980979246,0.04143245980979246
195,182,0.22593442855022464,0,0,-0.020199614785699205,-0.020199614785699205
190,183,0.09536319398155955,0,0,-0.019705893973661237,-0.019705893973661237
191,183,0.3263356418346604,1,1,0.12562564784527286,-0.8743743521547271
196,183,0.31386198410598826,0,0,-0.0841102486303586,-0.0841102486303586
191,184,0.2972191675098607,0,0,-0.03924312179833728,-0.03924312179833728
192,185,0.36687881199979583,0,0,-0.03024538661451149,-0.03024538661451149
188,186,0.3665742153932647,0,0,-0.05094161463919833,-0.05094161463919833
189,186,0.3659294889362999,0,0,-0.05421224086215928,-0.05421224086215928
199,186,0.11715545720956037,0,0,-0.00948520578011039,-0.00948520578011039
200,186,0.3145606374678399,0,0,0.08313906609915654,0.08313906609915654
189,188,0.16496965830737492,0,0,-0.003270626222960954,-0.003270626222960954
199,188,0.38035070952419237,0,0,0.04145640885908794,0.04145640885908794
199,189,0.32703315841268127,0,0,0.044727035082048894,0.044727035082048894
196,190,0.2475065896512507,0,0,-0.06440435465669736,-0.06440435465669736
194,193,0.2408257252348303,0,0,0.03397091754250811,0.03397091754250811
198,193,0.23146954778119513,0,0,0.031297203640246074,0.031297203640246074
197,194,0.3201121185639022,0,0,0.034930940753394424,0.034930940753394424
198,194,0.09255483376945393,0,0,-0.002673713902262037,-0.002673713902262037
197,196,0.3121279631919667,0,0,-0.07890734434547991,-0.07890734434547991
198,197,0.3443987741671949,0,0,-0.03760465465565646,-0.03760465465565646
200,199,0.3085240523542707,0,0,0.09262427187926693,0.09262427187926693
