tail,head,length,field_residue,integer_lift,harmonic,df
4,1,0.8734886283822558,0,0,-0.04988479614145248,-0.04988479614145248
6,1,1.1275804517066443,0,0,0.010612002517208882,0.010612002517208882
23,1,0.3833960381376984,0,0,-0.010159418712279272,-0.010159418712279272
37,1,0.8313036216029337,0,0,0.0484178898446457,0.0484178898446457
44,1,0.23817816446143578,0,0,-0.013342163769181155,-0.013342163769181155
55,1,1.4489838855893764,0,0,0.10635376022186807,0.10635376022186807
56,1,0.43586392965061255,0,0,0.01557424767884139,0.01557424767884139
59,1,0.8875731476888733,0,0,0.02421420560873329,0.02421420560873329
73,1,1.4276735042852433,46,-1,-0.2673991558104821,0.7326008441895179
74,1,1.5928875439522006,0,0,0.10986779688363345,0.10986779688363345
77,1,1.371553515893567,0,0,-0.1251065068077153,-0.1251065068077153
89,1,1.0884292259561024,0,0,0.0706284152277807,0.0706284152277807
97,1,0.6703675970153604,0,0,0.02089540096997344,0.02089540096997344
106,1,1.0203695626181317,0,0,0.05862053027566429,0.05862053027566429
116,1,1.557028600355614,0,0,-0.017320177390639423,-0.017320177390639423
118,1,1.5010377897543883,0,0,0.0749391681246379,0.0749391681246379
122,1,1.1774988561089899,0,0,0.016586346914632618,0.016586346914632618
129,1,0.6151023165968701,0,0,-0.00035095810358228957,-0.00035095810358228957
162,1,0.8173827173519105,0,0,0.01075065487463815,0.01075065487463815
164,1,1.5176628405306445,0,0,0.12095039485136261,0.12095039485136261
176,1,0.4096336401732771,0,0,-0.04110201993515276,-0.04110201993515276
178,1,1.020270526911541,0,0,-0.03144787256643748,-0.03144787256643748
179,1,0.8398382577227561,0,0,0.05634144377711654,0.05634144377711654
186,1,1.2795178239105631,0,0,-0.06141563604519129,-0.06141563604519129
192,1,0.13125809705853844,0,0,-0.004496650688906518,-0.004496650688906518
200,1,0.9769861876711464,0,0,0.057394659807247825,0.057394659807247825
202,1,0.5552705967655381,0,0,-0.019670463997374942,-0.019670463997374942
211,1,0.8612794018430228,0,0,0.0538801144810634,0.0538801144810634
215,1,0.08074163681415646,0,0,-0.008412368082153517,-0.008412368082153517
224,1,1.3670798801976964,0,0,0.040386211153588134,0.040386211153588134
238,1,1.3316980077124374,0,0,0.07259748025197016,0.07259748025197016
240,1,1.4845703924053892,0,0,-0.017409337305532367,-0.017409337305532367
243,1,0.7003047939504958,0,0,-0.03826544595852013,-0.03826544595852013
252,1,0.5798500645836382,0,0,0.030886575190695056,0.030886575190695056
257,1,1.2404271217019813,0,0,0.025192637548706664,0.025192637548706664
270,1,0.7119009969218952,0,0,-0.06335907307621465,-0.06335907307621465
275,1,1.2911618571000798,0,0,0.08385229429938036,0.08385229429938036
286,1,1.436632165091073,0,0,0.1096045726378335,0.1096045726378335
289,1,1.321044909920024,0,0,-0.1867227461748686,-0.1867227461748686
291,1,1.4953046415488938,46,-1,-0.25901682639946166,0.7409831736005383
297,1,0.5850760213207582,0,0,-0.058213081018636086,-0.058213081018636086
302,1,1.3683592572702603,0,0,0.10684277426193821,0.10684277426193821
303,1,0.8701317804607812,0,0,-0.019920276187192287,-0.019920276187192287
305,1,1.4354455967482003,0,0,0.10084184933317276,0.10084184933317276
320,1,1.2998412226358225,46,-1,-0.20199730851523512,0.7980026914847649
321,1,1.1813323819632477,0,0,0.028622568619045483,0.028622568619045483
322,1,0.5807824677382974,0,0,0.02524693761037294,0.02524693761037294
328,1,1.147864907349175,0,0,-0.021399194304563062,-0.021399194304563062
333,1,1.165127145149774,0,0,-0.1470826201006511,-0.1470826201006511
334,1,0.8458255619993016,0,0,0.05630856560538049,0.05630856560538049
335,1,1.2971429491438227,0,0,0.093719831656136,0.093719831656136
346,1,0.9219114709609563,0,0,-0.09973552024459113,-0.09973552024459113
350,1,0.7063190248637266,0,0,-0.11130421287828274,-0.11130421287828274
353,1,1.5506234592434505,0,0,0.04584539708843787,0.04584539708843787
354,1,1.2763219847202245,0,0,0.061133940385734886,0.061133940385734886
359,1,1.4877354006594223,0,0,0.08075599581131662,0.08075599581131662
364,1,0.44897099711134975,0,0,-0.040382936220101556,-0.040382936220101556
370,1,0.8191253657476851,0,0,0.020147740804270103,0.020147740804270103
373,1,1.2341023107758213,0,0,0.03104642305798014,0.03104642305798014
374,1,1.2317311658781853,0,0,-0.000797811090675881,-0.000797811090675881
375,1,0.7344102346611487,0,0,-0.0841558939650117,-0.0841558939650117
384,1,0.9885492677537131,0,0,0.05760889198462487,0.05760889198462487
385,1,1.0996113566227808,0,0,0.06573533787915646,0.06573533787915646
390,1,0.5803829811834585,0,0,0.03614617642869565,0.03614617642869565
399,1,0.21837302802890446,0,0,-0.02867876217739771,-0.02867876217739771
4,2,1.1160481749691644,0,0,0.17750634668763163,0.17750634668763163
6,2,1.4980213396725712,0,0,0.23800314534629297,0.23800314534629297
9,2,0.22716752354731037,0,0,-0.0046158292162317704,-0.0046158292162317704
29,2,1.256491878312753,46,-1,-0.28635279966869054,0.7136472003313095
45,2,1.0978601954003784,0,0,-0.1088314723753209,-0.1088314723753209
76,2,0.259051837809416,0,0,0.007807362460522854,0.007807362460522854
82,2,1.553878504957329,46,-1,-0.42826889559506887,0.5717311044049311
107,2,0.961812021390849,0,0,0.15310351308342143,0.15310351308342143
110,2,0.2420716169900271,0,0,-0.053047000454220145,-0.053047000454220145
119,2,0.7470009451634742,0,0,0.016647374050896946,0.016647374050896946
132,2,1.3232230169850399,0,0,0.14301036928704308,0.14301036928704308
133,2,1.1379843404248695,46,-1,-0.070997416264718,0.929002583735282
138,2,1.5616382775637698,46,-1,-0.35574686766750463,0.6442531323324954
161,2,0.7764691446698513,46,-1,-0.16538184143129642,0.8346181585687036
162,2,1.5175661297450909,0,0,0.23814179770372224,0.23814179770372224
171,2,0.6838734349959648,0,0,-0.19374956529040924,-0.19374956529040924
176,2,1.5512604811334612,0,0,0.18628912289393135,0.18628912289393135
181,2,1.3477160156496255,0,0,-0.07735233394751631,-0.07735233394751631
202,2,1.4729734683062514,0,0,0.20772067883170917,0.20772067883170917
240,2,1.4047405491345526,0,0,0.20998180552355172,0.20998180552355172
243,2,1.3727949445950716,0,0,0.18912569687056396,0.18912569687056396
244,2,0.6495540440766677,0,0,0.08561575147211001,0.08561575147211001
270,2,1.3535997171302665,0,0,0.16403206975286944,0.16403206975286944
276,2,1.188130887670477,0,0,-0.17113392160099997,-0.17113392160099997
289,2,1.2147126536383401,0,0,0.04066839665421551,0.04066839665421551
290,2,0.6352455451678095,0,0,0.06901414812312434,0.06901414812312434
292,2,1.2576478841573182,46,-1,-0.35856921641486406,0.6414307835851359
303,2,1.2265312059338245,0,0,0.20747086664189182,0.20747086664189182
304,2,1.1374512131711085,0,0,-0.17643443927268407,-0.17643443927268407
312,2,0.8936138882803809,0,0,0.10796400254768257,0.10796400254768257
326,2,1.2706199886811829,0,0,0.15573629450817655,0.15573629450817655
333,2,1.121941867382665,0,0,0.080308522728433,0.080308522728433
345,2,1.0189048654447064,46,-1,-0.09085273875978428,0.9091472612402157
357,2,1.4725258088208013,46,-1,-0.4073019178566907,0.5926980821433093
370,2,1.57508425954541,0,0,0.2475388836333542,0.2475388836333542
374,2,1.4158480385199117,0,0,0.2265933317384082,0.2265933317384082
375,2,1.497677244340758,0,0,0.1432352488640724,0.1432352488640724
377,2,1.5251325407852272,46,-1,-0.09368485375220781,0.9063151462477922
396,2,0.9197932882530252,0,0,-0.2531936198354222,-0.2531936198354222
17,3,0.7469971137959652,0,0,0.07928561313353646,0.07928561313353646
31,3,1.1019553147031278,0,0,-0.13705507543990095,-0.13705507543990095
34,3,0.8820762467877103,0,0,0.07407318958351009,0.07407318958351009
40,3,1.2585983554432079,0,0,0.008451560349347936,0.008451560349347936
49,3,1.3111429995328445,0,0,0.1275322902217014,0.1275322902217014
50,3,1.4368101108057483,0,0,0.10928897637469262,0.10928897637469262
53,3,1.2750266714383829,0,0,-0.141937456317627,-0.141937456317627
57,3,1.5783260698720047,0,0,0.09158451313823066,0.09158451313823066
60,3,1.2918562196602104,0,0,0.1775576423853312,0.1775576423853312
71,3,1.585883165047951,0,0,0.14544149724327296,0.14544149724327296
74,3,1.371116781670449,0,0,-0.06813906724225403,-0.06813906724225403
78,3,1.4706884622192975,0,0,-0.20022128803345823,-0.20022128803345823
80,3,1.3343700622260963,0,0,-0.20697734245508712,-0.20697734245508712
86,3,1.4052750666297347,0,0,0.03149564248264791,0.03149564248264791
100,3,1.3233773449076827,0,0,0.1163509344298406,0.1163509344298406
101,3,1.3438061628313092,0,0,0.016651893137178242,0.016651893137178242
108,3,0.4911093310948208,0,0,0.015318616385135653,0.015318616385135653
111,3,1.165108242330788,0,0,-0.16642408107012624,-0.16642408107012624
121,3,1.1369058245335122,0,0,0.004956077210309218,0.004956077210309218
125,3,1.0154025204542099,0,0,-0.11813943022290019,-0.11813943022290019
136,3,1.3264793397710444,0,0,-0.18201657680420666,-0.18201657680420666
146,3,1.594287055559759,0,0,0.09385730036073434,0.09385730036073434
148,3,1.5625054462676857,0,0,0.03052545625394676,0.03052545625394676
152,3,1.5929814287112245,1,1,0.22316902011567707,-0.7768309798843229
155,3,1.4858199709155,1,1,0.20099570724830018,-0.7990042927516998
163,3,1.2988308094507297,0,0,-0.08390122587347433,-0.08390122587347433
165,3,0.8594685081106304,0,0,0.06485074232576155,0.06485074232576155
174,3,0.8427528484495629,0,0,0.0757030539283052,0.0757030539283052
175,3,0.925338557710128,0,0,0.10464445625866073,0.10464445625866073
187,3,0.49555977608282303,0,0,-0.04544472129606186,-0.04544472129606186
195,3,0.29005719104385236,0,0,0.021415366709029493,0.021415366709029493
203,3,1.5592689277855467,0,0,-0.05399451859683459,-0.05399451859683459
204,3,0.8096477229836112,0,0,0.08248779838721079,0.08248779838721079
206,3,0.9336493942397525,0,0,0.05466016846751351,0.05466016846751351
214,3,0.7109443903955543,0,0,-0.04019198198653773,-0.04019198198653773
221,3,0.9969014948070172,0,0,0.010958764990409708,0.010958764990409708
224,3,1.5689306823386622,0,0,-0.13762065297229936,-0.13762065297229936
225,3,0.812585793407098,0,0,-0.11214849699286596,-0.11214849699286596
233,3,1.359500023230065,0,0,-0.14230568054531437,-0.14230568054531437
236,3,1.2953085079457236,0,0,-0.2043035188052492,-0.2043035188052492
239,3,1.3260877648820435,0,0,-0.032827969562879394,-0.032827969562879394
249,3,1.3195338311534135,0,0,-0.022383500066542245,-0.022383500066542245
253,3,0.703350879619265,0,0,0.0680140372808267,0.0680140372808267
254,3,0.6581234695925794,0,0,0.07830437642787028,0.07830437642787028
262,3,1.5618447348947166,0,0,0.16489635366426234,0.16489635366426234
264,3,1.5330358568167992,0,0,-0.24538838483225828,-0.24538838483225828
266,3,1.4933739351782571,0,0,-0.2506303090132499,-0.2506303090132499
272,3,0.5258038648610172,0,0,0.05600950087886197,0.05600950087886197
278,3,0.5580336523814493,0,0,-0.02539977815207467,-0.02539977815207467
279,3,1.353769943156556,0,0,0.03260069460681664,0.03260069460681664
313,3,1.5729093057854195,0,0,-0.08763815543154035,-0.08763815543154035
315,3,1.023674455191478,0,0,0.04683524471722181,0.04683524471722181
317,3,1.4612264339968914,0,0,0.1129099568566709,0.1129099568566709
324,3,0.7250295858249997,0,0,-0.10417888080465341,-0.10417888080465341
325,3,0.8563482115598112,0,0,-0.11863991153638909,-0.11863991153638909
336,3,0.9972765426780992,0,0,0.09803484889514827,0.09803484889514827
338,3,0.9941822860358558,0,0,0.09743224405420123,0.09743224405420123
354,3,1.5689917845528802,0,0,-0.1168729237401526,-0.1168729237401526
359,3,1.4047712627077058,0,0,-0.09725086831457086,-0.09725086831457086
363,3,1.0232405793372155,0,0,0.10765955517079759,0.10765955517079759
369,3,0.5394103795396492,0,0,0.04972542183540088,0.04972542183540088
372,3,1.1246415978018514,0,0,0.02113532485648842,0.02113532485648842
381,3,0.8383004703074646,0,0,0.07585566673590685,0.07585566673590685
386,3,1.3295891032140283,0,0,0.001579923411804629,0.001579923411804629
389,3,1.2641091117084033,0,0,0.05150870414839448,0.05150870414839448
393,3,1.3298963517602571,0,0,0.11827366144755527,0.11827366144755527
6,4,0.8047234455911645,0,0,0.06049679865866136,0.06049679865866136
9,4,1.201775060464354,0,0,-0.1821221759038634,-0.1821221759038634
23,4,1.2422193312324168,0,0,0.0397253774291732,0.0397253774291732
37,4,1.154687212417503,0,0,0.09830268598609818,0.09830268598609818
44,4,1.1034147211833993,0,0,0.03654263237227132,0.03654263237227132
55,4,1.5915805571381514,0,0,0.15623855636332054,0.15623855636332054
56,4,1.1294039986483544,0,0,0.06545904382029387,0.06545904382029387
59,4,0.9167433886760051,0,0,0.07409900175018577,0.07409900175018577
76,4,1.1450301906412268,0,0,-0.16969898422710877,-0.16969898422710877
89,4,1.4655049862543206,0,0,0.12051321136923318,0.12051321136923318
97,4,0.7809922675693152,0,0,0.07078019711142591,0.07078019711142591
105,4,1.5694327037747429,0,0,0.014996060452133753,0.014996060452133753
106,4,1.19298865177478,0,0,0.10850532641711677,0.10850532641711677
107,4,0.8232952968868806,0,0,-0.024402833604210188,-0.024402833604210188
110,4,1.3425721140834457,0,0,-0.23055334714185177,-0.23055334714185177
118,4,1.4771158386895304,0,0,0.12482396426609038,0.12482396426609038
119,4,1.4095817502577774,0,0,-0.16085897263673468,-0.16085897263673468
122,4,0.9238252853760615,0,0,0.06647114305608509,0.06647114305608509
129,4,1.4748094966096608,0,0,0.04953383803787019,0.04953383803787019
132,4,1.305345965355829,0,0,-0.034495977400588525,-0.034495977400588525
133,4,1.3459930168525625,46,-1,-0.24850376295234966,0.7514962370476503
151,4,1.5676600694199925,0,0,0.12358397344829203,0.12358397344829203
161,4,1.5133431964561457,46,-1,-0.3428881881189281,0.6571118118810719
162,4,0.6654978994690671,0,0,0.06063545101609063,0.06063545101609063
176,4,0.5084374588989315,0,0,0.00878277620629972,0.00878277620629972
179,4,1.2553556724813477,0,0,0.10622623991856903,0.10622623991856903
192,4,0.7774347217222971,0,0,0.04538814545254596,0.04538814545254596
202,4,0.37877444863325516,0,0,0.030214332144077535,0.030214332144077535
211,4,1.1936083090619023,0,0,0.10376491062251587,0.10376491062251587
215,4,0.9286763794034459,0,0,0.04147242805929896,0.04147242805929896
219,4,1.571169466217851,0,0,0.09253143347602513,0.09253143347602513
238,4,1.390386569963699,0,0,0.12248227639342263,0.12248227639342263
240,4,0.9082196159365171,0,0,0.03247545883592011,0.03247545883592011
243,4,0.259326223532873,0,0,0.011619350182932343,0.011619350182932343
244,4,0.9842909128005425,0,0,-0.09189059521552162,-0.09189059521552162
252,4,1.0141036773043113,0,0,0.08077137133214754,0.08077137133214754
270,4,0.33458829164371584,0,0,-0.01347427693476217,-0.01347427693476217
289,4,1.0052306821264418,0,0,-0.13683795003341612,-0.13683795003341612
290,4,1.0764153896142885,0,0,-0.10849219856450729,-0.10849219856450729
297,4,0.7116699639569648,0,0,-0.008328284877183609,-0.008328284877183609
303,4,0.21990077690746854,0,0,0.02996451995426019,0.02996451995426019
312,4,1.1062983243007525,0,0,-0.06954234413994906,-0.06954234413994906
320,4,1.5772167922449263,46,-1,-0.15211251237378265,0.8478874876262174
322,4,0.7429774423417861,0,0,0.07513173375182541,0.07513173375182541
326,4,1.1378763095381366,0,0,-0.02177005217945508,-0.02177005217945508
333,4,0.8242741218030025,0,0,-0.09719782395919863,-0.09719782395919863
334,4,1.3888673185385025,0,0,0.10619336174683297,0.10619336174683297
335,4,1.5925400647687624,0,0,0.14360462779758848,0.14360462779758848
345,4,1.422351322838298,46,-1,-0.26835908544741593,0.7316409145525841
350,4,1.2437430751922036,0,0,-0.06141941673683026,-0.06141941673683026
353,4,1.374377890104974,0,0,0.09573019322989035,0.09573019322989035
364,4,1.145140673516236,0,0,0.00950185992135092,0.00950185992135092
370,4,0.7455543199038476,0,0,0.07003253694572258,0.07003253694572258
374,4,0.7800078628177297,0,0,0.0490869850507766,0.0490869850507766
375,4,0.6997997093546318,0,0,-0.03427109782355923,-0.03427109782355923
377,4,1.5620932519104134,46,-1,-0.27119120043983946,0.7288087995601605
384,4,1.468545050868469,0,0,0.10749368812607735,0.10749368812607735
385,4,1.2987617492026458,0,0,0.11562013402060894,0.11562013402060894
390,4,1.0722187113129307,0,0,0.08603097257014813,0.08603097257014813
399,4,0.7646692296418179,0,0,0.021206033964054766,0.021206033964054766
12,5,0.500989295631242,0,0,0.04624343779871576,0.04624343779871576
13,5,0.32595555839963447,0,0,0.048121627107891196,0.048121627107891196
16,5,1.544197516206397,0,0,-0.1562103976903998,-0.1562103976903998
24,5,0.8776888806259552,0,0,-0.11863043233044124,-0.11863043233044124
29,5,1.4039289126314682,0,0,0.2488008072864597,0.2488008072864597
35,5,0.7204653473424085,0,0,-0.09221739928834688,-0.09221739928834688
38,5,1.1411154919945463,0,0,-0.10960278475355989,-0.10960278475355989
41,5,1.2428696071249814,0,0,0.08248773454730629,0.08248773454730629
54,5,0.977482304175272,0,0,-0.01234444673152943,-0.01234444673152943
55,5,1.1645618880036697,0,0,-0.13110148999389756,-0.13110148999389756
66,5,1.5990024488560277,0,0,0.014064540923352797,0.014064540923352797
70,5,0.8617200189914258,0,0,-0.1248500791932476,-0.1248500791932476
82,5,0.3815709145184584,0,0,0.10688471136008137,0.10688471136008137
106,5,1.5646961328418445,0,0,-0.17883471994010136,-0.17883471994010136
113,5,0.5899202053556769,0,0,-0.08577889401013991,-0.08577889401013991
118,5,1.1995370964233256,0,0,-0.16251608209112772,-0.16251608209112772
120,5,0.651006665974492,0,0,-0.10603922918847536,-0.10603922918847536
127,5,1.3544851735120453,0,0,-0.03070790796336212,-0.03070790796336212
138,5,1.2177134337567141,0,0,0.17940673928764567,0.17940673928764567
142,5,1.0572762123959378,0,0,-0.04071770896009774,-0.04071770896009774
145,5,1.0029205539406305,0,0,0.16589191253872454,0.16589191253872454
151,5,1.2778514831822192,0,0,-0.16375607290892608,-0.16375607290892608
171,5,1.42746340141922,1,1,0.34140404166474103,-0.658595958335259
193,5,1.4920258708668956,0,0,-0.16826684172835488,-0.16826684172835488
201,5,1.5765816868614857,0,0,0.19086135663494735,0.19086135663494735
232,5,1.419865148815535,0,0,-0.09166666433529061,-0.09166666433529061
238,5,1.3117875314299998,0,0,-0.16485776996379548,-0.16485776996379548
248,5,0.7249337983487137,0,0,0.13927266378988334,0.13927266378988334
256,5,1.0790299051910255,0,0,-0.07473882334983714,-0.07473882334983714
276,5,1.4216328014013566,1,1,0.3640196853541503,-0.6359803146458497
277,5,0.8236394778483971,0,0,-0.09381372301779739,-0.09381372301779739
282,5,1.5495476815335258,0,0,-0.16278307760845565,-0.16278307760845565
287,5,0.6332145796665807,0,0,-0.034562217127998424,-0.034562217127998424
292,5,1.0787842164351202,0,0,0.17658439054028618,0.17658439054028618
298,5,1.550768339423672,0,0,-0.1833959518956435,-0.1833959518956435
302,5,1.3438761485838404,0,0,-0.1306124759538274,-0.1306124759538274
304,5,1.4652479369994171,1,1,0.35871916768246614,-0.6412808323175339
332,5,0.45598391462009125,0,0,-0.021103035249069285,-0.021103035249069285
335,5,1.435218303125371,0,0,-0.14373541855962962,-0.14373541855962962
355,5,1.485002869772725,0,0,0.23901266174013258,0.23901266174013258
357,5,0.6325561523539496,0,0,0.12785168909845962,0.12785168909845962
358,5,1.225392546849328,0,0,-0.1570235983050164,-0.1570235983050164
385,5,1.513881532390212,0,0,-0.17171991233660916,-0.17171991233660916
396,5,1.2243740921196233,1,1,0.28195998711972803,-0.718040012880272
9,6,1.5193616305234652,0,0,-0.24261897456252474,-0.24261897456252474
16,6,1.3793289369765067,0,0,0.07063285000815697,0.07063285000815697
23,6,1.3867519451734889,0,0,-0.020771421229488156,-0.020771421229488156
24,6,1.1730508046451544,0,0,0.10821281536811551,0.10821281536811551
30,6,1.4164653014871407,0,0,0.0011415335910253156,0.0011415335910253156
35,6,1.5987494585904558,0,0,0.13462584841020986,0.13462584841020986
37,6,0.8258056553643497,0,0,0.03780588732743682,0.03780588732743682
44,6,1.3014791260267813,0,0,-0.023954166286390036,-0.023954166286390036
55,6,1.2564168869681587,0,0,0.09574175770465919,0.09574175770465919
56,6,1.060096945733468,0,0,0.004962245161632508,0.004962245161632508
59,6,0.3915883152980619,0,0,0.013602203091524406,0.013602203091524406
70,6,1.3578285696933068,0,0,0.10199316850530915,0.10199316850530915
79,6,1.2206588960851084,0,0,0.020338480751690036,0.020338480751690036
89,6,1.1247573449965882,0,0,0.060016412710571815,0.060016412710571815
92,6,1.2418852177061361,0,0,-0.015490583147135365,-0.015490583147135365
97,6,0.5027250127683445,0,0,0.010283398452764558,0.010283398452764558
105,6,1.0029164336094947,0,0,-0.045500738206527606,-0.045500738206527606
106,6,0.7549957375047678,0,0,0.048008527758455405,0.048008527758455405
107,6,0.8465607858742625,0,0,-0.08489963226287155,-0.08489963226287155
113,6,1.3660359834324234,0,0,0.14106435368841685,0.14106435368841685
115,6,1.2372174835606706,0,0,0.010783430306684081,0.010783430306684081
118,6,0.8868626072989463,0,0,0.06432716560742902,0.06432716560742902
119,6,1.4723165082761054,0,0,-0.22135577129539602,-0.22135577129539602
120,6,1.475077347469794,0,0,0.12080401851008139,0.12080401851008139
122,6,0.16425347196532522,0,0,0.005974344397423736,0.005974344397423736
129,6,1.5259612057972156,0,0,-0.010962960620791171,-0.010962960620791171
131,6,1.2306550540114605,0,0,-0.030221117919656336,-0.030221117919656336
132,6,1.048516764581925,0,0,-0.09499277605924988,-0.09499277605924988
134,6,1.3966993391866562,0,0,-0.028076865833370147,-0.028076865833370147
143,6,1.3663234996433484,0,0,0.04910416111713829,0.04910416111713829
151,6,0.8898146306793263,0,0,0.06308717478963066,0.06308717478963066
154,6,1.5969516387574219,0,0,0.045407108900477985,0.045407108900477985
162,6,0.3192835981961628,0,0,0.000138652357429268,0.000138652357429268
176,6,1.018029134276773,0,0,-0.05171402245236164,-0.05171402245236164
179,6,1.0020042646505258,0,0,0.04572944125990766,0.04572944125990766
192,6,1.0538541548859224,0,0,-0.0151086532061154,-0.0151086532061154
193,6,0.9732764111222841,0,0,0.058576405970201875,0.058576405970201875
194,6,1.109570697903705,0,0,0.05020518266032786,0.05020518266032786
200,6,1.4235975278391324,0,0,0.04678265729003894,0.04678265729003894
202,6,0.7357279230697431,0,0,-0.030282466514583824,-0.030282466514583824
205,6,1.1590809678063785,0,0,0.03938385828202625,0.03938385828202625
211,6,0.9224941923835225,0,0,0.043268111963854515,0.043268111963854515
215,6,1.1894352919926614,0,0,-0.0190243705993624,-0.0190243705993624
219,6,0.7711707647292992,0,0,0.032034634817363766,0.032034634817363766
229,6,0.9544143484210506,0,0,-0.00029753693445439336,-0.00029753693445439336
238,6,0.8568128948290753,0,0,0.06198547773476128,0.06198547773476128
240,6,0.4935173172165081,0,0,-0.02802133982274125,-0.02802133982274125
243,6,0.8316112266732255,0,0,-0.048877448475729016,-0.048877448475729016
244,6,1.1992817279847987,0,0,-0.15238739387418299,-0.15238739387418299
246,6,1.080343787482484,0,0,-0.008196074648477021,-0.008196074648477021
252,6,0.801569904197079,0,0,0.020274572673486174,0.020274572673486174
270,6,1.045970496989048,0,0,-0.07397107559342353,-0.07397107559342353
275,6,1.5179149247640762,0,0,0.07324029178217148,0.07324029178217148
277,6,1.5975242000768473,0,0,0.13302952468075935,0.13302952468075935
282,6,1.1166609766782665,0,0,0.0640601700901011,0.0640601700901011
290,6,1.2884157675057206,0,0,-0.16898899722316862,-0.16898899722316862
297,6,1.3501690246126377,0,0,-0.06882508353584496,-0.06882508353584496
298,6,0.829155900315349,0,0,0.04344729580291325,0.04344729580291325
302,6,1.3869143665606247,0,0,0.09623077174472933,0.09623077174472933
303,6,0.6038490246137609,0,0,-0.03053227870440117,-0.03053227870440117
309,6,1.4119013044608157,0,0,-0.06248726074267944,-0.06248726074267944
312,6,1.2247203839959795,0,0,-0.1300391427986104,-0.1300391427986104
322,6,0.5905976938044776,0,0,0.014634935093164058,0.014634935093164058
326,6,0.8949283852968297,0,0,-0.08226685083811644,-0.08226685083811644
333,6,1.564183670664835,0,0,-0.15769462261786,-0.15769462261786
334,6,1.1795920709601457,0,0,0.045696563088171605,0.045696563088171605
335,6,1.3185511322658992,0,0,0.08310782913892711,0.08310782913892711
353,6,0.5794307161684117,0,0,0.03523339457122899,0.03523339457122899
358,6,0.9834510283342737,0,0,0.06981964939354038,0.06981964939354038
364,6,1.540352921604926,0,0,-0.05099493873731044,-0.05099493873731044
370,6,0.35097074529816386,0,0,0.00953573828706122,0.00953573828706122
374,6,0.18057898819539242,0,0,-0.011409813607884763,-0.011409813607884763
375,6,1.406722019033585,0,0,-0.09476789648222059,-0.09476789648222059
384,6,1.1890368703891063,0,0,0.04699688946741599,0.04699688946741599
385,6,0.8667458995588561,0,0,0.05512333536194758,0.05512333536194758
388,6,0.877817686986465,0,0,0.04398919859516734,0.04398919859516734
390,6,0.896366704963637,0,0,0.02553417391148677,0.02553417391148677
395,6,1.5056080693361986,0,0,0.007159343872687993,0.007159343872687993
399,6,1.1666955265194667,0,0,-0.03929076469460659,-0.03929076469460659
19,7,1.3391412982519382,46,-1,-0.049660212423389805,0.9503397875766102
25,7,0.9279423231299628,0,0,0.014149325303268234,0.014149325303268234
27,7,1.362629998754238,0,0,0.28277485037489947,0.28277485037489947
32,7,1.554014166404881,0,0,0.32044859879194965,0.32044859879194965
49,7,1.180853024860591,46,-1,-0.25709537996501386,0.7429046200349861
51,7,0.9496646370915294,46,-1,-0.12298964425986947,0.8770103557401305
60,7,1.0234840528861782,46,-1,-0.20707002780138406,0.7929299721986159
61,7,1.3007839160268808,0,0,0.26926290562650923,0.26926290562650923
63,7,1.587713155094738,0,0,-0.0802135722833392,-0.0802135722833392
68,7,1.3326932913623832,0,0,0.12066370359278311,0.12066370359278311
71,7,1.2711971128293933,46,-1,-0.23918617294344235,0.7608138270565576
95,7,0.605115585854547,0,0,0.16333946711609248,0.16333946711609248
96,7,1.4476338768089356,0,0,0.13771888041926855,0.13771888041926855
100,7,1.3578703557861826,46,-1,-0.2682767357568747,0.7317232642431253
117,7,1.5357057939245446,0,0,-0.11558539233234871,-0.11558539233234871
126,7,0.7774109528080191,0,0,0.14779947900166845,0.14779947900166845
130,7,1.4036880482135379,0,0,0.19254703627316636,0.19254703627316636
144,7,0.9914532273735759,46,-1,-0.12298964425986969,0.8770103557401303
149,7,0.8460436598833821,0,0,0.19146041528174712,0.19146041528174712
150,7,0.7100257040110307,0,0,0.1420548264240124,0.1420548264240124
153,7,1.4130676677548373,46,-1,-0.22232081482695976,0.7776791851730402
155,7,1.2029608082451897,0,0,-0.18363196293841505,-0.18363196293841505
166,7,1.2074620615579439,0,0,0.1987061993464368,0.1987061993464368
168,7,1.2818146283597727,46,-1,-0.19190483687602455,0.8080951631239754
172,7,1.5501276773294448,0,0,0.31350121707442463,0.31350121707442463
175,7,1.5027127537927691,46,-1,-0.2799832139280545,0.7200167860719455
206,7,1.5825379773726407,46,-1,-0.32996750171920175,0.6700324982807982
226,7,1.1714450138340993,0,0,0.20614128876157084,0.20614128876157084
245,7,1.4034954651209985,0,0,0.2705299139830558,0.2705299139830558
269,7,1.5057363912010453,46,-1,-0.0806382340762597,0.9193617659237403
284,7,1.162992890740849,46,-1,0.04049573037101961,1.0404957303710196
285,7,1.4824830472036399,0,0,0.1100199365692453,0.1100199365692453
294,7,1.518786551604179,0,0,0.28207927262385757,0.28207927262385757
299,7,1.496023237431606,0,0,0.30088729129703173,0.30088729129703173
315,7,1.500429993091825,46,-1,-0.3377924254694935,0.6622075745305065
336,7,1.2831842254816161,46,-1,-0.28659282129156693,0.7134071787084331
362,7,1.26588500068598,46,-1,0.005093153504081016,1.005093153504081
381,7,1.4284340064780319,46,-1,-0.30877200345080835,0.6912279965491916
394,7,0.6417894238349697,46,-1,-0.025002895133775738,0.9749971048662243
22,8,1.2769141060625104,0,0,0.25570502427409286,0.25570502427409286
28,8,1.1518928732681155,0,0,0.21483084661438645,0.21483084661438645
46,8,1.2211308446156577,0,0,0.21678566428772478,0.21678566428772478
48,8,1.3756804987319644,46,-1,-0.33097114328391974,0.6690288567160803
64,8,1.4731470021689503,0,0,-0.19914293665662502,-0.19914293665662502
67,8,0.6229184293695306,0,0,0.160276631735463,0.160276631735463
78,8,1.3757698042401945,0,0,0.27988804016808577,0.27988804016808577
84,8,1.304361330220814,46,-1,-0.2935729452012652,0.7064270547987348
85,8,1.3306061099599282,0,0,-0.24609028480485656,-0.24609028480485656
102,8,1.2151631875331295,0,0,0.23235812211631235,0.23235812211631235
116,8,1.4885605073291157,0,0,0.2847822866850171,0.2847822866850171
123,8,0.640038175311913,0,0,-0.06290028037051226,-0.06290028037051226
128,8,0.9100415386037609,0,0,0.17310843664394351,0.17310843664394351
158,8,1.2124086478321943,0,0,0.07767730732817857,0.07767730732817857
182,8,0.5534253690100044,0,0,-0.08080713165748166,-0.08080713165748166
188,8,0.8157818121669055,0,0,0.02066756869301184,0.02066756869301184
189,8,1.1921261141473338,0,0,0.21335355446638926,0.21335355446638926
218,8,0.5684358889322751,0,0,-0.07310651543949515,-0.07310651543949515
220,8,1.3776311032838113,0,0,-0.25797330447462036,-0.25797330447462036
228,8,1.4071635557181283,0,0,-0.012437816605111507,-0.012437816605111507
234,8,0.9706331890175195,0,0,-0.058512003209175545,-0.058512003209175545
237,8,1.089032820272991,0,0,0.03511404715519889,0.03511404715519889
251,8,1.2444472090112306,0,0,-0.037986412351590004,-0.037986412351590004
260,8,0.6317288216136088,0,0,-0.12745909667681005,-0.12745909667681005
262,8,1.5977483546469784,46,-1,-0.3549943181341937,0.6450056818658063
263,8,0.29799812406404375,0,0,-0.0006884512800429676,-0.0006884512800429676
293,8,1.0829954296301223,0,0,0.19126567472424555,0.19126567472424555
311,8,0.9059337974477065,0,0,0.049821039045658766,0.049821039045658766
330,8,0.7277265113433692,0,0,-0.1696907709278868,-0.1696907709278868
339,8,1.379418223601529,0,0,0.1631916364220352,0.1631916364220352
347,8,0.38639778211410203,0,0,0.06506958938809604,0.06506958938809604
367,8,1.594684028868709,0,0,0.006921213446973995,0.006921213446973995
383,8,1.5194210362452236,46,-1,-0.3344832721212263,0.6655167278787737
29,9,1.4464255353510902,46,-1,-0.2817369704524588,0.7182630295475412
45,9,0.9233856029020343,0,0,-0.10421564315908913,-0.10421564315908913
76,9,0.43772713479112935,0,0,0.012423191676754625,0.012423191676754625
82,9,1.5920711968452903,46,-1,-0.42365306637883715,0.5763469336211628
107,9,0.8813070697470745,0,0,0.1577193422996532,0.1577193422996532
110,9,0.3382375113010824,0,0,-0.048431171237988374,-0.048431171237988374
119,9,0.5421074646105354,0,0,0.021263203267128716,0.021263203267128716
132,9,1.1833243250823626,0,0,0.14762619850327485,0.14762619850327485
133,9,1.3621334264497114,46,-1,-0.06638158704848629,0.9336184129515137
147,9,1.5027923558146774,0,0,-0.03392248859645239,-0.03392248859645239
161,9,0.9755968618941211,46,-1,-0.1607660122150647,0.8392339877849353
162,9,1.5823609542838746,0,0,0.242757626919954,0.242757626919954
171,9,0.7630456220578739,0,0,-0.18913373607417747,-0.18913373607417747
181,9,1.1598307067187656,0,0,-0.07273650473128454,-0.07273650473128454
202,9,1.562630988193708,0,0,0.21233650804794094,0.21233650804794094
240,9,1.3552651367965631,0,0,0.2145976347397835,0.2145976347397835
243,9,1.4550670733661573,0,0,0.19374152608679573,0.19374152608679573
244,9,0.5171340172412627,0,0,0.09023158068834178,0.09023158068834178
270,9,1.458241662632928,0,0,0.1686478989691012,0.1686478989691012
276,9,1.0806741896091985,0,0,-0.1665180923847682,-0.1665180923847682
289,9,1.3972259952942128,0,0,0.04528422587044728,0.04528422587044728
290,9,0.47428505868233783,0,0,0.07362997733935611,0.07362997733935611
292,9,1.410302649248878,46,-1,-0.35395338719863234,0.6460466128013677
303,9,1.2872148412779842,0,0,0.2120866958581236,0.2120866958581236
304,9,1.024668214491401,0,0,-0.1718186100564523,-0.1718186100564523
312,9,0.7379047877169453,0,0,0.11257983176391434,0.11257983176391434
326,9,1.1546976645880054,0,0,0.16035212372440832,0.16035212372440832
333,9,1.3056622950260166,0,0,0.08492435194466477,0.08492435194466477
345,9,1.2391425364014643,46,-1,-0.08623690954355256,0.9137630904564474
357,9,1.5452051897223604,46,-1,-0.40268608864045885,0.5973139113595411
374,9,1.4151947161839835,0,0,0.23120916095463998,0.23120916095463998
396,9,0.9924196601571414,0,0,-0.24857779061919047,-0.24857779061919047
11,10,0.8608937679018174,0,0,0.14712093218267994,0.14712093218267994
19,10,1.4328521752117882,46,-1,-0.26430940449602636,0.7356905955039736
26,10,0.4182371260409724,0,0,0.026625824299381123,0.026625824299381123
27,10,0.8869387086479639,0,0,0.068125658302263,0.068125658302263
32,10,1.3414477896715722,0,0,0.10579940671931318,0.10579940671931318
33,10,1.479236774236558,0,0,0.10524266384809697,0.10524266384809697
36,10,0.9935091562975819,0,0,0.006170543028210462,0.006170543028210462
39,10,1.260857125115429,0,0,0.21652064172135665,0.21652064172135665
42,10,1.4281426589108723,0,0,-0.07804641528644318,-0.07804641528644318
43,10,1.270925541294657,0,0,0.20977642971223331,0.20977642971223331
51,10,1.578592601993415,46,-1,-0.3376388363325059,0.6623611636674941
61,10,0.6751138478058488,0,0,0.054613713553872734,0.054613713553872734
62,10,1.5463944601553457,46,-1,-0.26563711284063385,0.7343628871593662
72,10,1.3572656748929015,0,0,0.13257269416982864,0.13257269416982864
95,10,1.5405816592595734,0,0,-0.05130972495654401,-0.05130972495654401
96,10,0.643202928940079,0,0,-0.07693031165336794,-0.07693031165336794
98,10,0.8185185262441227,0,0,0.13703122595808476,0.13703122595808476
99,10,0.1418334487719077,0,0,0.04302704515506428,0.04302704515506428
103,10,0.2940599536061417,0,0,0.006982725561482772,0.006982725561482772
104,10,0.6192522851563552,0,0,0.01915811444623805,0.01915811444623805
111,10,1.5971778300085313,0,0,0.234299056670522,0.234299056670522
130,10,0.3719482624272554,0,0,-0.02210215579947014,-0.02210215579947014
136,10,1.427839971249422,0,0,0.21870656093644159,0.21870656093644159
137,10,0.39964257939018294,0,0,-0.003771674536251046,-0.003771674536251046
144,10,1.5868812924128994,46,-1,-0.33763883633250613,0.6623611636674939
149,10,0.8887176918952742,0,0,-0.023188776790889376,-0.023188776790889376
170,10,0.30299584834602855,0,0,-0.03555814176681121,-0.03555814176681121
172,10,1.5168941636104603,0,0,0.09885202500178812,0.09885202500178812
184,10,0.5601637524500928,0,0,0.015219753290052263,0.015219753290052263
191,10,0.783876154662731,0,0,0.07677418766494559,0.07677418766494559
226,10,0.645567782849401,0,0,-0.008507903311065657,-0.008507903311065657
230,10,1.5682190165847725,46,-1,-0.2844301233180717,0.7155698766819283
233,10,1.5066830529344644,0,0,0.2584174571953339,0.2584174571953339
250,10,0.7340701223335939,0,0,0.10464322230715205,0.10464322230715205
264,10,1.4223621640104536,0,0,0.15533475290839,0.15533475290839
269,10,1.497536915214711,46,-1,-0.29528742614889625,0.7047125738511038
283,10,1.5655830437830824,46,-1,-0.28443012331807127,0.7155698766819287
284,10,1.142368434342321,46,-1,-0.17415346170161683,0.8258465382983832
285,10,0.7382420258846342,0,0,-0.1046292555033912,-0.1046292555033912
295,10,0.4268076520049972,0,0,0.08871974758031675,0.08871974758031675
299,10,1.4833112692609118,0,0,0.08623809922439526,0.08623809922439526
300,10,1.1361524175061937,0,0,-0.06441633263646557,-0.06441633263646557
319,10,0.3092939236800392,0,0,0.06670354928650196,0.06670354928650196
323,10,1.1943936160890376,0,0,0.12404364681219698,0.12404364681219698
341,10,1.2491125171092183,0,0,0.049460711892109516,0.049460711892109516
342,10,1.5628828740924412,0,0,0.11373082072168166,0.11373082072168166
351,10,1.4424360332577684,0,0,0.048591058638682016,0.048591058638682016
352,10,0.9396933054124489,0,0,0.1471209321826794,0.1471209321826794
362,10,1.2670107652351037,46,-1,-0.20955603856855554,0.7904439614314445
382,10,1.3546984247744192,0,0,-0.004429058467299463,-0.004429058467299463
394,10,1.4169409292023858,46,-1,-0.2396520872064123,0.7603479127935877
26,11,0.9806527303704192,0,0,-0.12049510788329881,-0.12049510788329881
27,11,0.7219898518316755,0,0,-0.07899527388041694,-0.07899527388041694
31,11,1.5901498662106088,0,0,0.11654713011806736,0.11654713011806736
32,11,0.8576370516727944,0,0,-0.04132152546336676,-0.04132152546336676
33,11,1.0007643951608913,0,0,-0.04187826833458297,-0.04187826833458297
36,11,1.4751540520126007,0,0,-0.14095038915446947,-0.14095038915446947
39,11,0.6918081411808246,0,0,0.06939970953867672,0.06939970953867672
43,11,0.6879976560593707,0,0,0.06265549752955338,0.06265549752955338
61,11,0.8354125755534652,0,0,-0.0925072186288072,-0.0925072186288072
72,11,0.6701967919260692,0,0,-0.01454823801285128,-0.01454823801285128
80,11,1.3288009262153258,0,0,0.04662486310288119,0.04662486310288119
81,11,1.1191761317904414,0,0,0.07459580316890355,0.07459580316890355
96,11,1.4464870734930597,0,0,-0.22405124383604788,-0.22405124383604788
98,11,0.5745905599983333,0,0,-0.010089706224595166,-0.010089706224595166
99,11,0.7458793976525747,0,0,-0.10409388702761566,-0.10409388702761566
103,11,0.9951188250330822,0,0,-0.14013820662119716,-0.14013820662119716
104,11,1.1089776616490656,0,0,-0.1279628177364419,-0.1279628177364419
111,11,0.8612277498935089,0,0,0.08717812448784205,0.08717812448784205
121,11,1.5696430972936135,0,0,0.2585582827682775,0.2585582827682775
125,11,1.0261725060634914,0,0,0.13546277533506812,0.13546277533506812
130,11,1.133601087428112,0,0,-0.16922308798215008,-0.16922308798215008
136,11,0.7224136493846351,0,0,0.07158562875376165,0.07158562875376165
137,11,1.04942738994777,0,0,-0.15089260671893098,-0.15089260671893098
139,11,1.4732511813541767,0,0,0.04780299409225222,0.04780299409225222
149,11,1.3219673591494931,0,0,-0.1703097089735693,-0.1703097089735693
157,11,1.363749825280037,0,0,-0.03527041021746566,-0.03527041021746566
163,11,1.2032210503650875,0,0,0.169700979684494,0.169700979684494
170,11,1.1377818054699715,0,0,-0.18267907394949115,-0.18267907394949115
172,11,1.0429463070802882,0,0,-0.048268907180891815,-0.048268907180891815
184,11,1.1097879097644765,0,0,-0.13190117889262767,-0.13190117889262767
187,11,1.5542112644633708,0,0,0.20815748426190644,0.20815748426190644
191,11,1.0348954908715202,0,0,-0.07034674451773434,-0.07034674451773434
203,11,1.4794522806214485,0,0,0.19960768696113373,0.19960768696113373
223,11,1.0518271084500173,0,0,-0.022697826195934176,-0.022697826195934176
225,11,1.2120574718304007,0,0,0.14145370856510237,0.14145370856510237
226,11,1.1107183286216873,0,0,-0.1556288354937456,-0.1556288354937456
233,11,0.9428043466155925,0,0,0.11129652501265394,0.11129652501265394
235,11,1.4837246145689924,0,0,0.17397923490395528,0.17397923490395528
236,11,1.0420481700883766,0,0,0.049298686752719104,0.049298686752719104
239,11,1.4496519371274914,0,0,0.2207742359950889,0.2207742359950889
245,11,1.3657650230106162,0,0,-0.09124021027226059,-0.09124021027226059
247,11,1.2115321625215738,0,0,0.14122584498888674,0.14122584498888674
250,11,0.2885664596043784,0,0,-0.04247770987552789,-0.04247770987552789
261,11,1.567694631914191,0,0,0.09241263736656916,0.09241263736656916
264,11,0.6846090739028766,0,0,0.008213820725710044,0.008213820725710044
266,11,1.240442651959277,0,0,0.0029718965447184387,0.0029718965447184387
285,11,1.4854781720124646,0,0,-0.25175018768607116,-0.25175018768607116
288,11,1.5229634746780043,0,0,0.17332468453574934,0.17332468453574934
294,11,1.3691135833380224,0,0,-0.07969085163145889,-0.07969085163145889
295,11,0.46440184591888234,0,0,-0.05840118460236318,-0.05840118460236318
299,11,1.1037597122406169,0,0,-0.06088283295828467,-0.06088283295828467
313,11,1.329131656700204,0,0,0.16596405012642795,0.16596405012642795
319,11,0.7538087365426844,0,0,-0.08041738289617797,-0.08041738289617797
323,11,0.5780847618601749,0,0,-0.023077285370482953,-0.023077285370482953
324,11,1.59336105831622,0,0,0.14942332475331488,0.14942332475331488
325,11,1.4209084504452403,0,0,0.13496229402157922,0.13496229402157922
341,11,1.5437701452357455,0,0,-0.09766022029057042,-0.09766022029057042
342,11,1.0086810896744096,0,0,-0.03339011146099828,-0.03339011146099828
352,11,0.16192868735948962,0,0,-5.273559366969494e-16,-5.273559366969494e-16
387,11,1.5738718495392787,0,0,0.12718126805779928,0.12718126805779928
13,12,0.6443230304466321,0,0,0.0018781893091754376,0.0018781893091754376
16,12,1.5893371693266987,0,0,-0.20245383548911555,-0.20245383548911555
24,12,1.1827152895985933,0,0,-0.164873870129157,-0.164873870129157
35,12,0.7983354860979888,0,0,-0.13846083708706264,-0.13846083708706264
38,12,1.1392099952853338,0,0,-0.15584622255227565,-0.15584622255227565
45,12,1.4807723539160145,1,1,0.3800786967811136,-0.6199213032188864
54,12,0.7808093503380149,0,0,-0.05858788453024519,-0.05858788453024519
55,12,1.5870350919178675,0,0,-0.17734492779261332,-0.17734492779261332
70,12,0.9966823115487166,0,0,-0.17109351699196335,-0.17109351699196335
82,12,0.4577380133514513,0,0,0.060641273561365616,0.060641273561365616
113,12,1.0173960845984502,0,0,-0.13202233180885567,-0.13202233180885567
118,12,1.4733599380409164,0,0,-0.20875951988984348,-0.20875951988984348
120,12,0.8913740248055785,0,0,-0.15228266698719112,-0.15228266698719112
140,12,1.5342837285330733,1,1,0.2869929603176522,-0.7130070396823478
142,12,1.5562021863294933,0,0,-0.0869611467588135,-0.0869611467588135
145,12,0.5252488674398379,0,0,0.11964847474000878,0.11964847474000878
151,12,1.4864744709594646,0,0,-0.20999951070764183,-0.20999951070764183
171,12,1.5205393408292784,1,1,0.2951606038660253,-0.7048393961339747
232,12,1.3592716524993604,0,0,-0.13791010213400637,-0.13791010213400637
248,12,0.2874549156115956,0,0,0.09302922599116759,0.09302922599116759
256,12,1.5705142938701788,0,0,-0.1209822611485529,-0.1209822611485529
258,12,1.4149946750776405,0,0,-0.04719247691330791,-0.04719247691330791
276,12,1.2085085021279747,1,1,0.31777624755543454,-0.6822237524445655
277,12,0.8786874067625844,0,0,-0.14005716081651315,-0.14005716081651315
287,12,0.4660274849954243,0,0,-0.08080565492671418,-0.08080565492671418
292,12,1.3869164355422077,0,0,0.13034095274157043,0.13034095274157043
304,12,1.2674017890781384,1,1,0.3124757298837504,-0.6875242701162496
327,12,1.3290182992264639,0,0,0.030546765870724135,0.030546765870724135
332,12,0.3240856945704683,0,0,-0.06734647304778504,-0.06734647304778504
348,12,1.2287780996333124,1,1,0.16382772843394622,-0.8361722715660538
355,12,1.0207644675689322,0,0,0.19276922394141682,0.19276922394141682
357,12,0.8016228228429673,0,0,0.08160825129974386,0.08160825129974386
358,12,1.4358711640581294,0,0,-0.20326703610373215,-0.20326703610373215
396,12,1.3157989794455454,1,1,0.23571654932101227,-0.7642834506789877
24,13,1.0937591274996643,0,0,-0.16675205943833243,-0.16675205943833243
29,13,1.1273458184998326,0,0,0.2006791801785685,0.2006791801785685
35,13,1.03339720068566,0,0,-0.14033902639623808,-0.14033902639623808
38,13,1.4538926152714855,0,0,-0.15772441186145109,-0.15772441186145109
41,13,1.076758973610155,0,0,0.034366107439415094,0.034366107439415094
45,13,1.5918025090270755,1,1,0.3782005074719381,-0.6217994925280619
54,13,1.2736221605077491,0,0,-0.060466073839420625,-0.060466073839420625
55,13,1.288175073573775,0,0,-0.17922311710178876,-0.17922311710178876
66,13,1.5386276965723409,0,0,-0.0340570861845384,-0.0340570861845384
70,13,1.144947267432366,0,0,-0.17297170630113878,-0.17297170630113878
82,13,0.26639880465614163,0,0,0.05876308425219018,0.05876308425219018
113,13,0.7331911642877539,0,0,-0.1339005211180311,-0.1339005211180311
118,13,1.3821417834783352,0,0,-0.21063770919901892,-0.21063770919901892
120,13,0.9410690883748242,0,0,-0.15416085629636656,-0.15416085629636656
127,13,1.3364455935491233,0,0,-0.07882953507125331,-0.07882953507125331
138,13,0.9824885219456871,0,0,0.13128511217975447,0.13128511217975447
142,13,1.035482526328381,0,0,-0.08883933606798894,-0.08883933606798894
145,13,1.1037014573066621,0,0,0.11777028543083334,0.11777028543083334
151,13,1.485906112241237,0,0,-0.21187770001681727,-0.21187770001681727
161,13,1.44133820815376,0,0,0.3216501384159626,0.3216501384159626
171,13,1.162916992057902,1,1,0.2932824145568498,-0.7067175854431502
177,13,1.5784640645367813,0,0,0.01589361867711686,0.01589361867711686
201,13,1.369944579693924,0,0,0.14273972952705616,0.14273972952705616
238,13,1.4679014775895036,0,0,-0.21297939707168667,-0.21297939707168667
248,13,0.7658651190037051,0,0,0.09115103668199215,0.09115103668199215
256,13,1.1220734115160012,0,0,-0.12286045045772834,-0.12286045045772834
276,13,1.2833491608722598,1,1,0.31589805824625916,-0.6841019417537408
277,13,1.135809232908208,0,0,-0.1419353501256886,-0.1419353501256886
287,13,0.9179738686886126,0,0,-0.08268384423588962,-0.08268384423588962
292,13,0.7827735400568941,0,0,0.128462763432395,0.128462763432395
302,13,1.4300761274226204,0,0,-0.1787341030617186,-0.1787341030617186
304,13,1.3201886925723918,1,1,0.310597540574575,-0.689402459425425
332,13,0.7247286819584423,0,0,-0.06922466235696048,-0.06922466235696048
335,13,1.5389642389439409,0,0,-0.19185704566752082,-0.19185704566752082
355,13,1.5523858917987159,0,0,0.19089103463224139,0.19089103463224139
357,13,0.3187287220386281,0,0,0.07973006199056842,0.07973006199056842
358,13,1.4478505551961534,0,0,-0.20514522541290758,-0.20514522541290758
396,13,0.9413200009103881,1,1,0.23383836001183678,-0.7661616399881632
16,14,1.0867668741784133,0,0,0.07940971030166824,0.07940971030166824
30,14,0.33607683029166263,0,0,0.00991839388453659,0.00991839388453659
38,14,1.5893513570280946,0,0,0.12601732323850814,0.12601732323850814
39,14,1.3536688808876418,0,0,-0.008030774117101715,-0.008030774117101715
43,14,1.33602664002856,0,0,-0.01477498612622506,-0.01477498612622506
47,14,0.9932485156309036,0,0,-0.12115651007295922,-0.12115651007295922
52,14,1.4758310100969596,0,0,-0.21016427659270526,-0.21016427659270526
65,14,0.8611493577422324,0,0,-0.09813053360598659,-0.09813053360598659
79,14,0.5229090839686173,0,0,0.02911534104520131,0.02911534104520131
81,14,0.7598291927662311,0,0,-0.002834680486874886,-0.002834680486874886
92,14,0.6435563548278684,0,0,-0.006713722853624089,-0.006713722853624089
94,14,1.5053568545156546,0,0,0.1380825617794893,0.1380825617794893
98,14,1.4555558832808955,0,0,-0.0875201898803736,-0.0875201898803736
105,14,1.3462579288422194,0,0,-0.03672387791301633,-0.03672387791301633
114,14,1.4583878646399064,0,0,-0.14520840945398766,-0.14520840945398766
115,14,0.5216773652877713,0,0,0.019560290600195356,0.019560290600195356
122,14,1.5990155866451246,0,0,0.014751204690935011,0.014751204690935011
131,14,0.8652991141845492,0,0,-0.02144425762614506,-0.02144425762614506
134,14,0.627796494870075,0,0,-0.01930000553985887,-0.01930000553985887
139,14,0.3984808175875594,0,0,-0.029627489563526215,-0.029627489563526215
143,14,0.7623987186918327,0,0,0.05788102141064957,0.05788102141064957
151,14,1.5117349242751845,0,0,0.07186403508314193,0.07186403508314193
154,14,0.6276814307150075,0,0,0.05418396919398926,0.05418396919398926
163,14,1.4782667478775258,0,0,0.09227049602871554,0.09227049602871554
169,14,0.9863450510402736,0,0,-0.11248345854668647,-0.11248345854668647
180,14,1.0132413360204848,0,0,-0.1143245141894424,-0.1143245141894424
183,14,1.361120408601878,0,0,-0.18437363684098362,-0.18437363684098362
190,14,1.1949063855694904,0,0,-0.17615804220846584,-0.17615804220846584
193,14,1.217234067523502,0,0,0.06735326626371314,0.06735326626371314
194,14,0.9343634380465818,0,0,0.05898204295383914,0.05898204295383914
196,14,1.3496989101182317,0,0,-0.17387411069446237,-0.17387411069446237
197,14,0.9921778420490052,0,0,0.08984032323412187,0.08984032323412187
203,14,1.3871177096847382,0,0,0.12217720330535528,0.12217720330535528
205,14,0.7639753263554854,0,0,0.048160718575537526,0.048160718575537526
213,14,1.2859562300614313,0,0,-0.1700282158019236,-0.1700282158019236
217,14,0.47680861248530115,0,0,-0.040873237193488926,-0.040873237193488926
219,14,1.0440769084209793,0,0,0.04081149511087504,0.04081149511087504
227,14,1.3247506676458285,0,0,-0.16937753297052785,-0.16937753297052785
229,14,0.9271573680440294,0,0,0.008479323359056882,0.008479323359056882
232,14,1.5238242173334495,0,0,0.14395344365677742,0.14395344365677742
233,14,1.480303025679266,0,0,0.03386604135687551,0.03386604135687551
235,14,1.13371585678835,0,0,0.09654875124817686,0.09654875124817686
242,14,0.8792272844970774,0,0,-0.08376102949767034,-0.08376102949767034
246,14,0.9163841165281212,0,0,0.0005807856450342536,0.0005807856450342536
247,14,1.1805665154532148,0,0,0.0637953613331083,0.0637953613331083
255,14,1.4954745595795713,0,0,0.145575445747966,0.145575445747966
259,14,1.283469997781509,0,0,-0.1631720258583461,-0.1631720258583461
261,14,0.3434845733007927,0,0,0.014982153710790716,0.014982153710790716
268,14,1.092203266926232,0,0,0.10038210993356611,0.10038210993356611
273,14,0.9647127950990749,0,0,-0.08274329775642764,-0.08274329775642764
282,14,1.0983279036778792,0,0,0.07283703038361238,0.07283703038361238
288,14,1.0489208836092463,0,0,0.0958942008799709,0.0958942008799709
298,14,1.1634091971130252,0,0,0.05222415609642452,0.05222415609642452
306,14,1.5471503060049379,0,0,0.16380227941182535,0.16380227941182535
309,14,1.0817930674909912,0,0,-0.053710400449168166,-0.053710400449168166
313,14,1.3046914229690139,0,0,0.08853356647064951,0.08853356647064951
331,14,0.9334265743164143,0,0,-0.10511535590979645,-0.10511535590979645
340,14,1.1570754084101988,0,0,0.11946679918595812,0.11946679918595812
341,14,1.5597849608526986,0,0,-0.17509070394634885,-0.17509070394634885
343,14,0.9534015975496127,0,0,-0.08995449026995309,-0.08995449026995309
344,14,1.1554886005211866,0,0,0.1031921998179602,0.1031921998179602
351,14,1.477128699460801,0,0,-0.17596035719977635,-0.17596035719977635
353,14,1.2630760304869122,0,0,0.044010254864740264,0.044010254864740264
358,14,1.534992957305836,0,0,0.07859650968705165,0.07859650968705165
387,14,0.6240187513215496,0,0,0.049750784402020846,0.049750784402020846
388,14,1.0785809040748922,0,0,0.052766058888678614,0.052766058888678614
392,14,1.1764637081248401,0,0,0.09555998582241795,0.09555998582241795
395,14,0.2739022070945242,0,0,0.01593620416619927,0.01593620416619927
397,14,1.242220645753403,0,0,0.11151728039651453,0.11151728039651453
20,15,0.5886806116491153,0,0,0.06737535088383317,0.06737535088383317
69,15,0.7800837585793094,0,0,-0.13226134367527642,-0.13226134367527642
73,15,0.814042694920555,0,0,0.06117380593779942,0.06117380593779942
77,15,1.2243529854100368,1,1,0.20346645494056625,-0.7965335450594337
88,15,1.4551182989925489,1,1,0.19026747316266057,-0.8097325268373394
93,15,1.2571583328723734,0,0,-0.15562134057520427,-0.15562134057520427
112,15,0.9528150999949195,0,0,-0.11102185432080791,-0.11102185432080791
124,15,1.16906806005813,0,0,-0.12498576606976608,-0.12498576606976608
185,15,1.300580807321546,0,0,0.004759411909401878,0.004759411909401878
207,15,0.7136852924256103,0,0,-0.13903968508682307,-0.13903968508682307
216,15,0.5746410634171912,0,0,-0.09530646314785363,-0.09530646314785363
291,15,0.5477742892027877,0,0,0.06955613534881988,0.06955613534881988
301,15,1.2025228160717738,0,0,-0.16978891950481312,-0.16978891950481312
310,15,1.4050715725243692,0,0,-0.09524248633118271,-0.09524248633118271
320,15,0.9796571812706758,0,0,0.12657565323304643,0.12657565323304643
337,15,1.2551323481074141,0,0,-0.2399506396763394,-0.2399506396763394
339,15,1.5767493774260715,1,1,0.18966213409466026,-0.8103378659053397
346,15,1.049677599535241,1,1,0.22883744150369045,-0.7711625584963095
349,15,1.0874260146423989,0,0,-0.07580227236509585,-0.07580227236509585
350,15,1.2001993600703782,1,1,0.2172687488699988,-0.7827312511300012
364,15,1.5230442426714437,1,1,0.28819002552817996,-0.71180997447182
365,15,1.2965089314200502,0,0,-0.28383975209612383,-0.28383975209612383
367,15,1.3516851065143523,1,1,0.033391711119599043,-0.966608288880401
377,15,1.5958864089013125,0,0,0.007496965166989611,0.007496965166989611
400,15,0.8308385259254422,0,0,-0.06516078884995902,-0.06516078884995902
24,16,0.9141146977294905,0,0,0.03757996535995854,0.03757996535995854
30,16,1.026133943508412,0,0,-0.06949131641713166,-0.06949131641713166
35,16,0.8710209314760341,0,0,0.0639929984020529,0.0639929984020529
37,16,1.449654941001291,0,0,-0.032826962680720155,-0.032826962680720155
38,16,0.5704667985293047,0,0,0.04660761293683989,0.04660761293683989
54,16,1.0250588882704617,0,0,0.14386595095887034,0.14386595095887034
55,16,1.335250483895386,0,0,0.025108907696502217,0.025108907696502217
59,16,1.3784071817696828,0,0,-0.057030646916632566,-0.057030646916632566
70,16,0.6874583127321632,0,0,0.03136031849715218,0.03136031849715218
79,16,0.7864443405910193,0,0,-0.050294369256466936,-0.050294369256466936
81,16,1.3109973923818095,0,0,-0.08224439078854313,-0.08224439078854313
89,16,1.4198650525273606,0,0,-0.010616437297585157,-0.010616437297585157
92,16,1.0232473011932122,0,0,-0.08612343315529233,-0.08612343315529233
94,16,1.1444891069046115,0,0,0.058672851477821045,0.058672851477821045
105,16,1.4560992764838534,0,0,-0.11613358821468459,-0.11613358821468459
106,16,1.2590124208259055,0,0,-0.022624322249701567,-0.022624322249701567
113,16,1.3081704540696344,0,0,0.07043150368025987,0.07043150368025987
115,16,0.8434520050069104,0,0,-0.059849419701472895,-0.059849419701472895
118,16,0.8568644683999282,0,0,-0.006305684400727957,-0.006305684400727957
120,16,0.9394967033124093,0,0,0.05017116850192442,0.05017116850192442
122,16,1.3281913182169596,0,0,-0.06465850561073323,-0.06465850561073323
131,16,1.2267903380501624,0,0,-0.10085396792781331,-0.10085396792781331
134,16,1.24545309236277,0,0,-0.09870971584152712,-0.09870971584152712
139,16,1.3386749727360812,0,0,-0.10903719986519446,-0.10903719986519446
143,16,0.4036765880245507,0,0,-0.02152868889101868,-0.02152868889101868
151,16,0.659630701384809,0,0,-0.00754567521852631,-0.00754567521852631
154,16,0.6222641545206172,0,0,-0.025225741107678987,-0.025225741107678987
162,16,1.5493403373668384,0,0,-0.0704941976507277,-0.0704941976507277
163,16,1.403648489029522,0,0,0.012860785727047297,0.012860785727047297
167,16,1.2635967652380817,0,0,0.10972212872121802,0.10972212872121802
179,16,1.5540640303379136,0,0,-0.02490340874824931,-0.02490340874824931
193,16,0.43986072734432535,0,0,-0.012056444037955097,-0.012056444037955097
194,16,0.3641659571386914,0,0,-0.02042766734782911,-0.02042766734782911
197,16,0.318999530677873,0,0,0.010430612932453634,0.010430612932453634
203,16,1.2633027974343833,0,0,0.04276749300368704,0.04276749300368704
205,16,0.4587428065683296,0,0,-0.031248991726130722,-0.031248991726130722
211,16,1.4985416506519822,0,0,-0.027364738044302457,-0.027364738044302457
212,16,1.3378396934085082,0,0,0.0903655398542871,0.0903655398542871
217,16,1.5374736136655693,0,0,-0.12028294749515717,-0.12028294749515717
219,16,0.715315451409504,0,0,-0.038598215190793206,-0.038598215190793206
229,16,1.0999521222843633,0,0,-0.07093038694261136,-0.07093038694261136
232,16,0.646183419601844,0,0,0.06454373335510917,0.06454373335510917
233,16,1.5624331955664257,0,0,-0.04554366894479274,-0.04554366894479274
235,16,1.0168499794856416,0,0,0.017139040946508616,0.017139040946508616
238,16,1.0106065186062179,0,0,-0.008647372273395695,-0.008647372273395695
239,16,1.5561998175921026,0,0,0.06393404203764223,0.06393404203764223
240,16,1.594066825062759,0,0,-0.09865418983089821,-0.09865418983089821
246,16,1.2167493927676605,0,0,-0.07882892465663399,-0.07882892465663399
247,16,1.252684542906959,0,0,-0.01561434896855994,-0.01561434896855994
255,16,0.7534622716348695,0,0,0.06616573544629774,0.06616573544629774
258,16,1.118871814971491,0,0,0.15526135857580764,0.15526135857580764
261,16,1.0258492715485332,0,0,-0.06442755659087754,-0.06442755659087754
268,16,0.33449321739546783,0,0,0.02097239963189787,0.02097239963189787
273,16,1.5343252152141604,0,0,-0.16215300805809588,-0.16215300805809588
277,16,0.7816122214703128,0,0,0.06239667467260239,0.06239667467260239
282,16,0.2813382433748866,0,0,-0.006572679918055865,-0.006572679918055865
287,16,1.1594058509418579,0,0,0.12164818056240136,0.12164818056240136
288,16,1.0123790843813145,0,0,0.01648449057830266,0.01648449057830266
298,16,0.5545490154246583,0,0,-0.027185554205243725,-0.027185554205243725
302,16,1.5694226436413656,0,0,0.025597921736572354,0.025597921736572354
306,16,1.1593269770910561,0,0,0.08439256911015709,0.08439256911015709
309,16,1.4714927760431784,0,0,-0.1331201107508364,-0.1331201107508364
313,16,1.283151542440635,0,0,0.009123856168981273,0.009123856168981273
327,16,1.3489092250885049,0,0,0.2330006013598397,0.2330006013598397
332,16,1.2817013465553722,0,0,0.13510736244133048,0.13510736244133048
335,16,1.5020128264837478,0,0,0.012474979130770142,0.012474979130770142
340,16,0.6892437688363805,0,0,0.04005708888428988,0.04005708888428988
344,16,0.8743987600788964,0,0,0.023782489516291958,0.023782489516291958
353,16,0.8119886059705431,0,0,-0.03539945543692798,-0.03539945543692798
358,16,0.6217967761415587,0,0,-0.0008132006146165938,-0.0008132006146165938
370,16,1.4912390872560344,0,0,-0.06109711172109575,-0.06109711172109575
371,16,1.3227259618474958,0,0,0.09414871639313345,0.09414871639313345
374,16,1.46253149191204,0,0,-0.08204266361604173,-0.08204266361604173
376,16,1.5361917904719935,0,0,0.11937987016304992,0.11937987016304992
384,16,1.565603555718534,0,0,-0.023635960540740984,-0.023635960540740984
385,16,1.235157938306651,0,0,-0.015509514646209394,-0.015509514646209394
387,16,0.801216136016076,0,0,-0.0296589258996474,-0.0296589258996474
388,16,0.5383928050376561,0,0,-0.026643651412989633,-0.026643651412989633
392,16,0.3217069814455712,0,0,0.016150275520749713,0.016150275520749713
395,16,0.8602955785581234,0,0,-0.06347350613546898,-0.06347350613546898
397,16,0.5042038895714709,0,0,0.032107570094846286,0.032107570094846286
25,17,1.5122349890887736,1,1,0.31949138235644703,-0.680508617643553
34,17,0.8572936461612201,0,0,-0.005212423550026379,-0.005212423550026379
49,17,1.0457205171462192,0,0,0.048246677088164935,0.048246677088164935
50,17,1.403150063988557,0,0,0.030003363241156156,0.030003363241156156
60,17,0.8270081107094681,0,0,0.09827202925179473,0.09827202925179473
63,17,1.3529959869733788,1,1,0.2251284847698396,-0.7748715152301604
71,17,1.4532352126211223,0,0,0.0661558841097365,0.0661558841097365
91,17,1.3247699020386727,1,1,0.16590638211802056,-0.8340936178819794
100,17,1.2239880160819119,0,0,0.03706532129630413,0.03706532129630413
108,17,0.6272981820395802,0,0,-0.06396699674840081,-0.06396699674840081
117,17,1.2461202441140087,1,1,0.18975666472083008,-0.8102433352791699
121,17,1.4935665506920366,0,0,-0.07432953592322725,-0.07432953592322725
125,17,1.5980194415396882,0,0,-0.19742504335643665,-0.19742504335643665
152,17,1.1543652756095015,1,1,0.14388340698214064,-0.8561165930178594
155,17,0.9570435117724023,1,1,0.12171009411476374,-0.8782899058852363
165,17,0.8346415095377954,0,0,-0.014434870807774919,-0.014434870807774919
174,17,0.7485551357133645,0,0,-0.0035825592052312616,-0.0035825592052312616
175,17,0.2860625885156661,0,0,0.025358843125124264,0.025358843125124264
187,17,1.1189108362351494,0,0,-0.12473033442959833,-0.12473033442959833
195,17,0.6351072649666601,0,0,-0.05787024642450697,-0.05787024642450697
204,17,0.6715137499392214,0,0,0.003202185253674328,0.003202185253674328
206,17,0.9564564193727241,0,0,-0.024625444666022955,-0.024625444666022955
214,17,1.3528888576478255,0,0,-0.11947759512007419,-0.11947759512007419
221,17,1.3524624553486249,0,0,-0.06832684814312676,-0.06832684814312676
225,17,1.4605238998931074,0,0,-0.19143411012640243,-0.19143411012640243
253,17,0.7679968047719568,0,0,-0.01127157585270977,-0.01127157585270977
254,17,0.5771550598562295,0,0,-0.0009812367056661886,-0.0009812367056661886
262,17,1.4428116350709888,0,0,0.08561074053072587,0.08561074053072587
272,17,0.6076739472750008,0,0,-0.02327611225467449,-0.02327611225467449
278,17,1.1471643429048661,0,0,-0.10468539128561113,-0.10468539128561113
315,17,1.1217119210151065,0,0,-0.03245036841631466,-0.03245036841631466
317,17,1.4230194766681823,0,0,0.03362434372313444,0.03362434372313444
324,17,1.3875244650099714,0,0,-0.18346449393818987,-0.18346449393818987
325,17,1.4981652657702702,0,0,-0.19792552466992555,-0.19792552466992555
336,17,0.7376037805360016,0,0,0.018749235761611804,0.018749235761611804
338,17,0.8363640607335335,0,0,0.018146630920664764,0.018146630920664764
363,17,0.4323322867601188,0,0,0.028373942037261124,0.028373942037261124
369,17,0.698860388284304,0,0,-0.029560191298135585,-0.029560191298135585
372,17,1.4924332683725143,0,0,-0.058150288277048046,-0.058150288277048046
381,17,0.5788770562329509,0,0,-0.003429946397629613,-0.003429946397629613
389,17,1.468314046130342,0,0,-0.027776908985141985,-0.027776908985141985
393,17,1.2045749928866463,0,0,0.03898804831401881,0.03898804831401881
21,18,1.4526765888750242,46,-1,-0.4539575055908067,0.5460424944091933
36,18,1.0856242074986895,0,0,0.05873230458338957,0.05873230458338957
42,18,0.6836127381338972,0,0,-0.025484653731264073,-0.025484653731264073
52,18,1.4091528708158443,0,0,0.06694890080093222,0.06694890080093222
62,18,1.480582286650314,46,-1,-0.21307535128545474,0.7869246487145453
65,18,1.3643911566692368,0,0,0.17898264378765089,0.17898264378765089
104,18,1.4441893438653521,0,0,0.07171987600141716,0.07171987600141716
109,18,1.5770414226160316,46,-1,-0.4511914702872245,0.5488085297127755
160,18,0.7934860005241038,0,0,0.05993346060088495,0.05993346060088495
173,18,0.8845575765398298,0,0,-0.20515118503583435,-0.20515118503583435
180,18,1.3373816674595955,0,0,0.1627886632041951,0.1627886632041951
183,18,0.7887779568569528,0,0,0.09273954055265385,0.09273954055265385
184,18,1.5066018577303593,0,0,0.06778151484523137,0.06778151484523137
190,18,1.1863909413056635,0,0,0.10095513518517163,0.10095513518517163
191,18,1.4989733469063138,0,0,0.1293359492201247,0.1293359492201247
213,18,0.8828521803289258,0,0,0.10708496159171388,0.10708496159171388
280,18,0.44823964068445854,0,0,-0.16385526028240066,-0.16385526028240066
300,18,0.9352436618355109,0,0,-0.011854571081286458,-0.011854571081286458
331,18,1.5967806641606168,0,0,0.17199782148384102,0.17199782148384102
341,18,0.9576684165737791,0,0,0.10202247344728863,0.10202247344728863
351,18,0.9216642664030182,0,0,0.10115282019386113,0.10115282019386113
356,18,1.4537227576510054,0,0,0.012131773304716986,0.012131773304716986
361,18,0.9217142897743422,0,0,0.016737039998973247,0.016737039998973247
382,18,0.7230100765101052,0,0,0.04813270308787965,0.04813270308787965
398,18,0.03990514775777328,0,0,-0.024607584595653598,-0.024607584595653598
26,19,1.5063782148899871,1,1,0.29093522879540745,-0.7090647712045925
42,19,1.5204447753203916,1,1,0.18626298920958317,-0.8137370107904168
49,19,1.37981733880415,0,0,-0.207435167541624,-0.207435167541624
51,19,0.48725461325072833,0,0,-0.07332943183647955,-0.07332943183647955
57,19,1.183994634952228,0,0,-0.24338294462509474,-0.24338294462509474
62,19,0.6416146983522865,0,0,-0.0013277083446074922,-0.0013277083446074922
71,19,1.0194743784081801,0,0,-0.18952596052005244,-0.18952596052005244
86,19,1.534845353290619,0,0,-0.30347181528067746,-0.30347181528067746
96,19,0.984346226839681,1,1,0.1873790928426584,-0.8126209071573416
99,19,1.5336058972018625,1,1,0.30733644965109064,-0.6926635503489094
100,19,1.2614312187474859,0,0,-0.2186165233334848,-0.2186165233334848
103,19,1.4489966203193014,1,1,0.2712921300575091,-0.7287078699424909
104,19,1.5510345168444393,1,1,0.2834675189422644,-0.7165324810577356
121,19,1.5983647480185896,0,0,-0.33001138055301615,-0.33001138055301615
130,19,1.269520126927821,1,1,0.2422072486965562,-0.7577927513034438
137,19,1.5575898216485153,1,1,0.2605377299597753,-0.7394622700402247
144,19,0.47069353681369497,0,0,-0.07332943183647977,-0.07332943183647977
146,19,1.127071868536251,0,0,-0.24111015740259106,-0.24111015740259106
148,19,1.4983206787088423,0,0,-0.3044420015093786,-0.3044420015093786
149,19,1.270304431866368,1,1,0.24112062770513698,-0.758879372294863
153,19,0.8973583123020958,0,0,-0.1726606024035699,-0.1726606024035699
156,19,1.1691772462710859,0,0,-0.23272525993879833,-0.23272525993879833
159,19,1.123110012258668,0,0,-0.2194593787978507,-0.2194593787978507
168,19,0.5312518678882221,0,0,-0.14224462445263475,-0.14224462445263475
170,19,1.294511353731977,1,1,0.2287512627292152,-0.7712487372707848
184,19,1.5450768287559253,1,1,0.27952915778607856,-0.7204708422139214
226,19,1.4553033392759762,1,1,0.2558015011849607,-0.7441984988150393
230,19,0.4469904506596345,0,0,-0.020120718822045414,-0.020120718822045414
269,19,0.21824133303751667,0,0,-0.030978021652869836,-0.030978021652869836
281,19,1.2638140369519835,0,0,-0.27112764326191463,-0.27112764326191463
283,19,0.45554667063997206,0,0,-0.02012071882204486,-0.02012071882204486
284,19,0.5132730841853045,0,0,0.09015594279440953,0.09015594279440953
285,19,0.7923856226702417,1,1,0.15968014899263516,-0.8403198510073648
300,19,1.4170952458082715,1,1,0.19989307185956084,-0.8001069281404392
308,19,1.5407538072539113,0,0,-0.27118121345102414,-0.27118121345102414
315,19,1.474342585822222,0,0,-0.2881322130461036,-0.2881322130461036
319,19,1.5817117887483152,1,1,0.3310129537825284,-0.6689870462174716
329,19,1.127772466223553,0,0,-0.1935055997030632,-0.1935055997030632
362,19,0.33205182253892057,0,0,0.05475336592747082,0.05475336592747082
366,19,0.7286419934648565,0,0,-0.1605048379904861,-0.1605048379904861
394,19,0.7256341984990591,0,0,0.024657317289614067,0.024657317289614067
23,20,1.4608142828887032,1,1,0.25103819215216905,-0.748961807847831
44,20,1.4993337369501305,1,1,0.2478554470952672,-0.7521445529047328
64,20,1.4501519417146398,1,1,-0.24004778986783304,-1.240047789867833
69,20,1.1441922054747884,0,0,-0.1996366945591096,-0.1996366945591096
73,20,1.222103004590073,0,0,-0.006201544946033755,-0.006201544946033755
77,20,0.6879728731241703,1,1,0.13609110405673308,-0.8639088959432669
88,20,0.8795892924886577,1,1,0.1228921222788274,-0.8771078777211726
93,20,1.0749424984594533,0,0,-0.22299669145903744,-0.22299669145903744
112,20,1.3877182816917797,0,0,-0.17839720520464108,-0.17839720520464108
129,20,1.3990958907947533,1,1,0.26084665276086605,-0.739153347239134
158,20,1.1014929794324986,1,1,0.0367724541169705,-0.9632275458830295
178,20,1.3429170920383133,1,1,0.22974973829801093,-0.7702502617019891
186,20,1.1446807641175711,1,1,0.19978197481925708,-0.8002180251807429
188,20,1.5325128544865367,1,1,-0.020237284518196397,-1.0202372845181964
207,20,0.9427185841656475,0,0,-0.20641503597065625,-0.20641503597065625
215,20,1.599740530036234,1,1,0.25278524278229486,-0.7472147572177051
216,20,0.8965825142498675,0,0,-0.1626818140316868,-0.1626818140316868
237,20,1.2549634888348973,1,1,-0.0057908060560092345,-1.0057908060560092
251,20,1.2202000446233463,1,1,-0.07889126556279802,-1.078891265562798
291,20,0.9859544402334878,0,0,0.002180784464986707,0.002180784464986707
320,20,1.2550035383103966,0,0,0.05920030234921325,0.05920030234921325
328,20,1.498049566818082,1,1,0.23979841655988532,-0.7602015834401147
337,20,1.528964792366226,0,0,-0.30732599056017257,-0.30732599056017257
339,20,0.9955361110799472,1,1,0.12228678321082709,-0.8777132167891729
346,20,0.78906532658386,1,1,0.16146209061985728,-0.8385379093801427
349,20,1.5551636791925552,0,0,-0.14317762324892902,-0.14317762324892902
350,20,1.1759265903153784,1,1,0.14989339798616563,-0.8501066020138344
364,20,1.3588375664761196,1,1,0.2208146746443468,-0.7791853253556532
365,20,1.5037126281712747,0,0,-0.351215102979957,-0.351215102979957
367,20,0.8266971412526305,1,1,-0.03398363976423413,-1.0339836397642341
391,20,1.5308520873819431,0,0,-0.3365393988487546,-0.3365393988487546
400,20,1.327599149671303,0,0,-0.1325361397337922,-0.1325361397337922
57,21,1.4737260342103942,0,0,-0.001173081975135326,-0.001173081975135326
62,21,1.5285417577990852,0,0,0.24088215430535193,0.24088215430535193
86,21,1.2744764850164403,0,0,-0.06126195263071807,-0.06126195263071807
94,21,1.0314954373934875,0,0,-0.13084675523606656,-0.13084675523606656
109,21,0.21701240486935153,0,0,0.0027660353035821594,0.0027660353035821594
121,21,1.5581478388566345,0,0,-0.08780151790305676,-0.08780151790305676
141,21,1.0739007203285513,1,1,0.19701445545844565,-0.8029855445415544
146,21,1.4376900769293277,0,0,0.0010997052473683544,0.0010997052473683544
148,21,1.1225397428904198,0,0,-0.06223213885941922,-0.06223213885941922
156,21,0.970040409705873,0,0,0.009484602711161083,0.009484602711161083
159,21,1.0764169888160957,0,0,0.022750483852108705,0.022750483852108705
167,21,0.8765498054333588,0,0,-0.07979747799266959,-0.07979747799266959
173,21,0.7907864792528133,1,1,0.24880632055497232,-0.7511936794450277
203,21,1.3284856811883954,0,0,-0.14675211371020058,-0.14675211371020058
209,21,0.8893438067998164,0,0,-0.07336951763863639,-0.07336951763863639
212,21,0.6567512794183553,0,0,-0.09915406685960051,-0.09915406685960051
222,21,0.37141029748534155,0,0,-0.013841872412348966,-0.013841872412348966
231,21,1.4602787003115798,1,1,0.2735477761288456,-0.7264522238711544
235,21,1.4769405889249363,0,0,-0.17238056576737898,-0.17238056576737898
239,21,1.4205950031935424,0,0,-0.12558556467624538,-0.12558556467624538
247,21,1.5845764415767298,0,0,-0.20513395568244755,-0.20513395568244755
255,21,1.361239891771795,0,0,-0.12335387126758987,-0.12335387126758987
258,21,1.5139839209877488,0,0,-0.03425824813807998,-0.03425824813807998
268,21,1.5999817622843633,0,0,-0.16854720708198973,-0.16854720708198973
274,21,0.461998356537689,0,0,-0.03080579660571167,-0.03080579660571167
280,21,1.170147898762322,1,1,0.290102245308406,-0.709897754691594
281,21,1.0809815033502677,0,0,-0.02891778061195524,-0.02891778061195524
288,21,1.3694151046215242,0,0,-0.17303511613558495,-0.17303511613558495
306,21,0.7965781618052967,0,0,-0.10512703760373052,-0.10512703760373052
308,21,0.6361517221304741,0,0,-0.02897135080106472,-0.02897135080106472
313,21,1.4376902410664971,0,0,-0.18039575054490634,-0.18039575054490634
329,21,0.9484428461705785,0,0,0.048704262946896226,0.048704262946896226
340,21,1.2301652617390861,0,0,-0.14946251782959774,-0.14946251782959774
344,21,1.2878049715547468,0,0,-0.16573711719759565,-0.16573711719759565
361,21,1.541356261301277,1,1,0.47069454558977997,-0.52930545441022
366,21,1.31319667823349,0,0,0.08170502465947332,0.08170502465947332
371,21,0.7284035286456821,0,0,-0.09537089032075416,-0.09537089032075416
376,21,0.4282566625288838,0,0,-0.07013973655083769,-0.07013973655083769
397,21,1.486687266681968,0,0,-0.15741203661904132,-0.15741203661904132
398,21,1.4395062485954453,1,1,0.429349920995153,-0.570650079004847
23,22,1.3774103390514143,0,0,0.036238021089284346,0.036238021089284346
28,22,0.2521082086301441,0,0,-0.04087417765970644,-0.04087417765970644
31,22,0.7790337322245973,0,0,0.08734922848755017,0.08734922848755017
40,22,1.5213330173357311,0,0,0.23285586427679905,0.23285586427679905
44,22,1.5226248074797688,0,0,0.033055276032382466,0.033055276032382466
46,22,0.8130539460284081,0,0,-0.038919359986368085,-0.038919359986368085
53,22,0.5830316088643903,0,0,0.08246684760982409,0.08246684760982409
56,22,1.4229397282521712,0,0,0.06197168748040501,0.06197168748040501
67,22,0.7926204358892004,0,0,-0.09542839253862988,-0.09542839253862988
74,22,1.2389976684254362,0,0,0.15626523668519707,0.15626523668519707
77,22,1.289284575759136,0,0,-0.07870906700615167,-0.07870906700615167
78,22,0.4718459986451798,0,0,0.024183015893992875,0.024183015893992875
80,22,0.9110600621927263,0,0,0.01742696147236399,0.01742696147236399
88,22,1.1982984244127948,0,0,-0.09190804878405735,-0.09190804878405735
102,22,0.13777073710070056,0,0,-0.023346902157780514,-0.023346902157780514
111,22,1.5219937512964894,0,0,0.05798022285732485,0.05798022285732485
116,22,0.22176288339394037,0,0,0.029077262410924197,0.029077262410924197
123,22,1.425440724787842,0,0,-0.3186053046446051,-0.3186053046446051
128,22,0.5272627220191008,0,0,-0.08259658763014936,-0.08259658763014936
129,22,1.1364891746725998,0,0,0.04604648169798133,0.04604648169798133
157,22,1.4547530614389268,0,0,-0.06446831184798286,-0.06446831184798286
158,22,1.2419902579899031,0,0,-0.1780277169459143,-0.1780277169459143
178,22,0.8052287725036471,0,0,0.014949567235126138,0.014949567235126138
186,22,0.8867882307850242,0,0,-0.015018196243627671,-0.015018196243627671
188,22,1.2723150122418605,0,0,-0.23503745558108102,-0.23503745558108102
189,22,0.3159687743689564,0,0,-0.042351469807703615,-0.042351469807703615
200,22,1.2822942901418164,0,0,0.10379209960881144,0.10379209960881144
214,22,1.308484274968797,0,0,0.18421232194091336,0.18421232194091336
218,22,1.5711072602439726,0,0,-0.328811539713588,-0.328811539713588
221,22,1.5503200983044856,0,0,0.2353630689178608,0.2353630689178608
223,22,1.516223177342127,0,0,-0.05189572782645138,-0.05189572782645138
224,22,0.6809506370142812,0,0,0.08678365095515175,0.08678365095515175
225,22,1.4911120442694425,0,0,0.11225580693458515,0.11225580693458515
236,22,1.2063239056042119,0,0,0.0201007851222019,0.0201007851222019
237,22,1.3320889597102514,0,0,-0.22059097711889397,-0.22059097711889397
249,22,1.4577624115185346,0,0,0.20202080386090887,0.20202080386090887
251,22,1.5333347880139903,0,0,-0.29369143662568287,-0.29369143662568287
257,22,0.6066280702095095,0,0,0.07159007735027029,0.07159007735027029
263,22,1.3898349647204606,0,0,-0.25639347555413583,-0.25639347555413583
264,22,1.5719602717240313,0,0,-0.020984080904807162,-0.020984080904807162
266,22,1.2140704721372377,0,0,-0.026226005085798768,-0.026226005085798768
278,22,1.4385028740256083,0,0,0.19900452577537642,0.19900452577537642
293,22,0.741860639149742,0,0,-0.06443934954984731,-0.06443934954984731
305,22,1.3940674277113998,0,0,0.14723928913473638,0.14723928913473638
311,22,1.5595041172786501,0,0,-0.2058839852284341,-0.2058839852284341
321,22,0.6840482604350819,0,0,0.0750200084206091,0.0750200084206091
324,22,1.1186441119185606,0,0,0.12022542312279769,0.12022542312279769
325,22,1.1080487938512937,0,0,0.10576439239106201,0.10576439239106201
328,22,0.6038252929304299,0,0,0.024998245497000558,0.024998245497000558
334,22,1.513578071375586,0,0,0.1027060054069441,0.1027060054069441
339,22,1.0847611288041736,0,0,-0.09251338785205766,-0.09251338785205766
347,22,1.1276961446726461,0,0,-0.19063543488599682,-0.19063543488599682
354,22,1.026405986534868,0,0,0.1075313801872985,0.1075313801872985
359,22,0.9542331289016179,0,0,0.12715343561288023,0.12715343561288023
373,22,0.714189117351187,0,0,0.07744386285954376,0.07744386285954376
384,22,1.5715612531187855,0,0,0.10400633178618848,0.10400633178618848
386,22,1.5645706516685158,0,0,0.22598422733925572,0.22598422733925572
28,23,1.413975002352909,0,0,-0.07711219874899079,-0.07711219874899079
37,23,0.9564321362250265,0,0,0.05857730855692497,0.05857730855692497
44,23,0.1502144159335884,0,0,-0.0031827450569018832,-0.0031827450569018832
53,23,1.562365568379999,0,0,0.04622882652053975,0.04622882652053975
55,23,1.598964168008008,0,0,0.11651317893414734,0.11651317893414734
56,23,0.4023824529125622,0,0,0.025733666391120662,0.025733666391120662
59,23,1.0831481090724413,0,0,0.03437362432101256,0.03437362432101256
73,23,1.5503472105115672,46,-1,-0.2572397370982028,0.7427602629017972
74,23,1.4374779961750914,0,0,0.12002721559591271,0.12002721559591271
77,23,1.065020927226913,0,0,-0.11494708809543602,-0.11494708809543602
88,23,1.2790158274270242,0,0,-0.1281460698733417,-0.1281460698733417
89,23,1.1522175225596978,0,0,0.08078783394005996,0.08078783394005996
97,23,0.892983247719933,0,0,0.03105481968225271,0.03105481968225271
102,23,1.4263829164389799,0,0,-0.05958492324706486,-0.05958492324706486
106,23,1.1756780471590176,0,0,0.06877994898794355,0.06877994898794355
116,23,1.2187080273281188,0,0,-0.007160758678360151,-0.007160758678360151
122,23,1.4015865227859003,0,0,0.026745765626911888,0.026745765626911888
129,23,0.26901974871735385,0,0,0.009808460608696983,0.009808460608696983
162,23,1.0900053954786355,0,0,0.020910073586917422,0.020910073586917422
164,23,1.4847555921741142,0,0,0.13110981356364187,0.13110981356364187
176,23,0.7699142057010038,0,0,-0.030942601222873484,-0.030942601222873484
178,23,0.6395659093155894,0,0,-0.02128845385415821,-0.02128845385415821
179,23,0.930982525258629,0,0,0.06650086248939581,0.06650086248939581
186,23,0.9076820377904817,0,0,-0.05125621733291202,-0.05125621733291202
189,23,1.3886118624037482,0,0,-0.07858949089698797,-0.07858949089698797
192,23,0.46541878655471075,0,0,0.005662768023372754,0.005662768023372754
200,23,0.8800002653731175,0,0,0.06755407851952709,0.06755407851952709
202,23,0.8969596218062629,0,0,-0.00951104528509567,-0.00951104528509567
211,23,0.9925131101981236,0,0,0.06403953319334267,0.06403953319334267
215,23,0.3253548829892022,0,0,0.0017470506301257554,0.0017470506301257554
224,23,1.098035724216898,0,0,0.05054562986586741,0.05054562986586741
238,23,1.4930657122460835,0,0,0.08275689896424943,0.08275689896424943
243,23,1.0439665953291122,0,0,-0.02810602724624086,-0.02810602724624086
252,23,0.7031999138370599,0,0,0.04104599390297433,0.04104599390297433
257,23,0.9400201712350129,0,0,0.035352056260985934,0.035352056260985934
270,23,1.0611792013457402,0,0,-0.053199654363935374,-0.053199654363935374
275,23,1.2910476687287817,0,0,0.09401171301165963,0.09401171301165963
286,23,1.4674020949318753,0,0,0.11976399135011277,0.11976399135011277
291,23,1.552804947499409,46,-1,-0.24885740768718234,0.7511425923128177
297,23,0.8749150872371442,0,0,-0.04805366230635681,-0.04805366230635681
302,23,1.4916634682538572,0,0,0.11700219297421748,0.11700219297421748
303,23,1.2160710143907698,0,0,-0.009760857474913015,-0.009760857474913015
305,23,1.3294069897033178,0,0,0.11100126804545203,0.11100126804545203
320,23,1.4254653245989763,46,-1,-0.1918378898029558,0.8081621101970442
321,23,0.8940886314359308,0,0,0.038781987331324756,0.038781987331324756
322,23,0.8343116117918625,0,0,0.03540635632265221,0.03540635632265221
328,23,0.7827427382019556,0,0,-0.01123977559228379,-0.01123977559228379
333,23,1.5047750909795976,0,0,-0.13692320138837183,-0.13692320138837183
334,23,0.8592265634754509,0,0,0.06646798431765975,0.06646798431765975
335,23,1.398970502534313,0,0,0.10387925036841526,0.10387925036841526
339,23,1.408597665555182,0,0,-0.12875140894134202,-0.12875140894134202
346,23,0.7570846835307216,0,0,-0.08957610153231187,-0.08957610153231187
350,23,0.7815002652148729,0,0,-0.10114479416600347,-0.10114479416600347
354,23,1.0949247233070158,0,0,0.07129335909801415,0.07129335909801415
359,23,1.2773242988688178,0,0,0.09091541452359589,0.09091541452359589
364,23,0.4439517064640048,0,0,-0.030223517507822283,-0.030223517507822283
370,23,1.0729973633695993,0,0,0.030307159516549373,0.030307159516549373
373,23,0.9712180090600226,0,0,0.04120584177025941,0.04120584177025941
374,23,1.5075355450684422,0,0,0.009361607621603391,0.009361607621603391
375,23,1.0417906903040917,0,0,-0.07399647525273244,-0.07399647525273244
384,23,1.0110749506664272,0,0,0.06776831069690414,0.06776831069690414
385,23,1.2368884402482907,0,0,0.07589475659143573,0.07589475659143573
390,23,0.6861436414097152,0,0,0.046305595140974924,0.046305595140974924
399,23,0.5313790505763822,0,0,-0.018519343465118437,-0.018519343465118437
35,24,0.6064800742087602,0,0,0.026413033042094358,0.026413033042094358
37,24,1.0040037383036706,0,0,-0.07040692804067869,-0.07040692804067869
38,24,0.8219921013987727,0,0,0.009027647576881348,0.009027647576881348
41,24,1.4303903850149295,0,0,0.20111816687774753,0.20111816687774753
54,24,1.084870016108012,0,0,0.10628598559891181,0.10628598559891181
55,24,0.5414060246606367,0,0,-0.012471057663456325,-0.012471057663456325
56,24,1.5955171025320192,0,0,-0.10325057020648301,-0.10325057020648301
59,24,1.1224037258777297,0,0,-0.09461061227659111,-0.09461061227659111
66,24,1.5486328631778352,0,0,0.13269497325379404,0.13269497325379404
70,24,0.41527141305023335,0,0,-0.006219646862806363,-0.006219646862806363
79,24,1.465590938395336,0,0,-0.08787433461642548,-0.08787433461642548
82,24,1.138736161025735,0,0,0.2255151436905226,0.2255151436905226
89,24,0.9069521823213335,0,0,-0.0481964026575437,-0.0481964026575437
97,24,1.2831484852616555,0,0,-0.09792941691535095,-0.09792941691535095
106,24,0.7902551183033865,0,0,-0.06020428760966011,-0.06020428760966011
113,24,0.42182471957531925,0,0,0.03285153832030133,0.03285153832030133
115,24,1.5162907890580632,0,0,-0.09742938506143144,-0.09742938506143144
118,24,0.3549351300664601,0,0,-0.0438856497606865,-0.0438856497606865
120,24,0.37694916277977886,0,0,0.012591203141965879,0.012591203141965879
122,24,1.228771772474696,0,0,-0.10223847097069177,-0.10223847097069177
127,24,1.1973012232629685,0,0,0.08792252436707912,0.08792252436707912
138,24,1.5595604537560193,0,0,0.2980371716180869,0.2980371716180869
142,24,1.0159409812770308,0,0,0.0779127233703435,0.0779127233703435
143,24,1.2032397086853521,0,0,-0.05910865425097722,-0.05910865425097722
145,24,1.5116939267053737,0,0,0.2845223448691658,0.2845223448691658
151,24,0.45756358243901496,0,0,-0.04512564057848485,-0.04512564057848485
154,24,1.4581594662572257,0,0,-0.06280570646763753,-0.06280570646763753
162,24,1.2098075467669642,0,0,-0.10807416301068624,-0.10807416301068624
164,24,1.3685368874623012,0,0,0.0021255769660382118,0.0021255769660382118
177,24,1.5664649008480978,0,0,0.1826456781154493,0.1826456781154493
179,24,1.047888552147775,0,0,-0.062483374108207854,-0.062483374108207854
193,24,0.7165812216960429,0,0,-0.04963640939791364,-0.04963640939791364
194,24,0.9854741435027718,0,0,-0.05800763270778765,-0.05800763270778765
197,24,1.1899751411572475,0,0,-0.027149352427504908,-0.027149352427504908
200,24,1.3974174347277755,0,0,-0.06143015807807657,-0.06143015807807657
205,24,1.1527746796481502,0,0,-0.06882895708608927,-0.06882895708608927
211,24,0.9666809325362682,0,0,-0.064944703404261,-0.064944703404261
219,24,1.0497419909927683,0,0,-0.07617818055075175,-0.07617818055075175
229,24,1.5275504088775567,0,0,-0.1085103523025699,-0.1085103523025699
232,24,1.128893689196231,0,0,0.026963767995150628,0.026963767995150628
238,24,0.484361958818815,0,0,-0.04622733763335424,-0.04622733763335424
240,24,1.5158174515980887,0,0,-0.13623415519085677,-0.13623415519085677
248,24,1.3930930378099078,0,0,0.2579030961203246,0.2579030961203246
252,24,1.28626394981164,0,0,-0.08793824269462934,-0.08793824269462934
255,24,1.3422824470034886,0,0,0.028585770086339196,0.028585770086339196
256,24,0.8630096663385728,0,0,0.0438916089806041,0.0438916089806041
258,24,1.5617411135190382,0,0,0.11768139321584908,0.11768139321584908
268,24,1.1491056285360206,0,0,-0.016607565728060672,-0.016607565728060672
275,24,1.1122472971470474,0,0,-0.034972523585944035,-0.034972523585944035
277,24,0.6318426907121487,0,0,0.024816709312643848,0.024816709312643848
282,24,0.8191011422930511,0,0,-0.04415264527801441,-0.04415264527801441
286,24,1.0453545020234345,0,0,-0.00922024524749089,-0.00922024524749089
287,24,0.9268669013913228,0,0,0.08406821520244281,0.08406821520244281
292,24,1.5489033449230292,0,0,0.2952148228707274,0.2952148228707274
298,24,0.8170865761167585,0,0,-0.06476551956520227,-0.06476551956520227
302,24,0.7989846353982045,0,0,-0.011982043623386188,-0.011982043623386188
303,24,1.5874617361635353,0,0,-0.13874509407251667,-0.13874509407251667
305,24,1.47035178237325,0,0,-0.017982968552151632,-0.017982968552151632
322,24,1.269671654872145,0,0,-0.09357788027495145,-0.09357788027495145
332,24,0.904686157834485,0,0,0.09752739708137195,0.09752739708137195
334,24,1.2006040308149175,0,0,-0.06251625227994391,-0.06251625227994391
335,24,0.8011261651386561,0,0,-0.0251049862291884,-0.0251049862291884
340,24,1.483862494408115,0,0,0.00247712352433134,0.00247712352433134
353,24,0.9146907722006885,0,0,-0.07297942079688652,-0.07297942079688652
354,24,1.59819766049887,0,0,-0.05769087749958951,-0.05769087749958951
357,24,1.3728204973945553,0,0,0.24648212142890086,0.24648212142890086
358,24,0.4005653607468765,0,0,-0.038393165974575136,-0.038393165974575136
370,24,1.145862344106633,0,0,-0.09867707708105429,-0.09867707708105429
374,24,1.287245783328305,0,0,-0.11962262897600028,-0.11962262897600028
384,24,1.080863912294821,0,0,-0.061215925900699526,-0.061215925900699526
385,24,0.7270014022319395,0,0,-0.053089480006167936,-0.053089480006167936
387,24,1.5956080423288759,0,0,-0.06723889125960594,-0.06723889125960594
388,24,0.8968339886389249,0,0,-0.06422361677294817,-0.06422361677294817
390,24,1.270478545360186,0,0,-0.08267864145662875,-0.08267864145662875
392,24,1.063229152394575,0,0,-0.02142968983920883,-0.02142968983920883
397,24,1.209063321187944,0,0,-0.0054723952651122565,-0.0054723952651122565
32,25,1.5925292908786355,0,0,0.30629927348868147,0.30629927348868147
33,25,1.5994468207529045,0,0,0.30574253061746526,0.30574253061746526
49,25,1.5459910982154987,46,-1,-0.27124470526828204,0.728755294731718
60,25,1.0839282955148075,46,-1,-0.22121935310465224,0.7787806468953478
63,25,0.7089334649145174,0,0,-0.09436289758660743,-0.09436289758660743
68,25,0.599528013277822,0,0,0.10651437828951488,0.10651437828951488
85,25,1.4520984275243334,0,0,-0.12497660849638403,-0.12497660849638403
91,25,1.1051773254117792,0,0,-0.15358500023842647,-0.15358500023842647
95,25,0.9070127498254033,0,0,0.14919014181282425,0.14919014181282425
117,25,0.6885426638431177,0,0,-0.12973471763561695,-0.12973471763561695
126,25,0.4822928119852894,0,0,0.13365015369840022,0.13365015369840022
149,25,1.540737852024552,0,0,0.1773110899784789,0.1773110899784789
150,25,0.5982891373504585,0,0,0.12790550112074417,0.12790550112074417
152,25,1.0123802830212303,0,0,-0.1756079753743064,-0.1756079753743064
155,25,0.6528964092680987,0,0,-0.19778128824168328,-0.19778128824168328
166,25,0.8968105183593686,0,0,0.18455687404316856,0.18455687404316856
172,25,1.4785464106260258,0,0,0.2993518917711564,0.2993518917711564
175,25,1.28346251144958,46,-1,-0.29413253923132276,0.7058674607686772
220,25,1.4133847772443808,0,0,-0.13685962816614783,-0.13685962816614783
228,25,1.1501255897047888,0,0,0.10867585970336102,0.10867585970336102
234,25,1.5534299974878187,0,0,0.06260167309929698,0.06260167309929698
245,25,1.2583513584619461,0,0,0.25638058867978764,0.25638058867978764
294,25,1.3082641866966038,0,0,0.2679299473205893,0.2679299473205893
299,25,1.4417869034920494,0,0,0.28673796599376355,0.28673796599376355
336,25,1.4602889688624516,46,-1,-0.3007421465948352,0.6992578534051648
342,25,1.5826806751123959,0,0,0.31423068749104993,0.31423068749104993
363,25,1.4568771181805626,46,-1,-0.29111744031918585,0.7088825596808142
381,25,1.51086097039882,46,-1,-0.32292132875407664,0.6770786712459234
394,25,1.564821220357723,46,-1,-0.03915222043704403,0.960847779562956
27,26,1.244744325364746,0,0,0.041499834002881875,0.041499834002881875
36,26,0.5908541435957143,0,0,-0.02045528127117066,-0.02045528127117066
39,26,1.204833454503913,0,0,0.18989481742197553,0.18989481742197553
42,26,1.0879525133885828,0,0,-0.1046722395858243,-0.1046722395858243
43,26,1.2124670031835911,0,0,0.1831506054128522,0.1831506054128522
61,26,1.0746551912459734,0,0,0.02798788925449161,0.02798788925449161
62,26,1.439877750833636,46,-1,-0.29226293714001494,0.707737062859985
65,26,1.4011978550222695,0,0,0.09979505793309067,0.09979505793309067
72,26,1.593342073098746,0,0,0.10594686987044753,0.10594686987044753
81,26,1.4215556041316595,0,0,0.19509091105220236,0.19509091105220236
96,26,0.8244420712889796,0,0,-0.10355613595274907,-0.10355613595274907
98,26,0.6647988107718042,0,0,0.11040540165870365,0.11040540165870365
99,26,0.4965308572473976,0,0,0.016401220855683157,0.016401220855683157
103,26,0.1551931885170526,0,0,-0.01964309873789835,-0.01964309873789835
104,26,0.2028676662464877,0,0,-0.007467709853143073,-0.007467709853143073
130,26,0.7266447130530099,0,0,-0.048727980098851265,-0.048727980098851265
136,26,1.4892676356123793,0,0,0.19208073663706046,0.19208073663706046
137,26,0.15360600256044304,0,0,-0.03039749883563217,-0.03039749883563217
139,26,1.580001286832631,0,0,0.16829810197555103,0.16829810197555103
149,26,1.2758344366394652,0,0,-0.0498146010902705,-0.0498146010902705
170,26,0.38326158942933614,0,0,-0.06218396606619234,-0.06218396606619234
183,26,1.3104474997901152,0,0,0.013551954698093616,0.013551954698093616
184,26,0.1543979252375703,0,0,-0.01140607100932886,-0.01140607100932886
191,26,0.41238335581644564,0,0,0.05014836336556447,0.05014836336556447
226,26,1.0600405820846424,0,0,-0.03513372761044678,-0.03513372761044678
230,26,1.519443588163405,46,-1,-0.3110559476174529,0.6889440523825471
233,26,1.4848332806413311,0,0,0.23179163289595275,0.23179163289595275
247,26,1.544865528635945,0,0,0.26172095287218555,0.26172095287218555
250,26,0.9674849319444558,0,0,0.07801739800777092,0.07801739800777092
269,26,1.5177169062613542,46,-1,-0.32191325044827734,0.6780867495517227
283,26,1.5143383475562233,46,-1,-0.31105594761745237,0.6889440523825476
284,26,1.3131299526722082,46,-1,-0.20077928600099793,0.7992207139990021
285,26,0.8264448287555582,0,0,-0.13125507980277232,-0.13125507980277232
295,26,0.6227152423563966,0,0,0.06209392328093563,0.06209392328093563
300,26,0.7984754001027912,0,0,-0.09104215693584669,-0.09104215693584669
313,26,1.5970906198270112,0,0,0.28645915800972677,0.28645915800972677
319,26,0.24289131021536509,0,0,0.04007772498712084,0.04007772498712084
323,26,1.4500223004104518,0,0,0.09741782251281586,0.09741782251281586
341,26,0.8312993289261825,0,0,0.022834887592728392,0.022834887592728392
351,26,1.0255662360147166,0,0,0.021965234339300893,0.021965234339300893
352,26,1.034757781150325,0,0,0.12049510788329829,0.12049510788329829
362,26,1.3874106628193605,46,-1,-0.23618186286793663,0.7638181371320634
382,26,0.9492906750244979,0,0,-0.031054882766680586,-0.031054882766680586
32,27,0.49433269416003517,0,0,0.03767374841705018,0.03767374841705018
33,27,0.6164613673050264,0,0,0.03711700554583397,0.03711700554583397
39,27,1.307587896575012,0,0,0.14839498341909366,0.14839498341909366
43,27,1.3142178613377333,0,0,0.14165077140997032,0.14165077140997032
61,27,0.3007829347460134,0,0,-0.013511944748390264,-0.013511944748390264
68,27,1.5751497855788554,0,0,-0.16211114678211638,-0.16211114678211638
72,27,0.6715319271727714,0,0,0.06444703586756566,0.06444703586756566
80,27,1.4241204036257151,0,0,0.12562013698329813,0.12562013698329813
95,27,1.0367337488390187,0,0,-0.11943538325880701,-0.11943538325880701
96,27,1.2826386693822602,0,0,-0.14505596995563094,-0.14505596995563094
98,27,1.1915006787448954,0,0,0.06890556765582177,0.06890556765582177
99,27,0.7716391251347763,0,0,-0.025098613147198717,-0.025098613147198717
103,27,1.1639663344521003,0,0,-0.061142932740780226,-0.061142932740780226
104,27,1.436306333299305,0,0,-0.04896754385602495,-0.04896754385602495
111,27,1.1686681501653606,0,0,0.166173398368259,0.166173398368259
125,27,1.363226406466481,0,0,0.21445804921548506,0.21445804921548506
126,27,1.3097835383603313,0,0,-0.13497537137323104,-0.13497537137323104
130,27,0.9150067963210942,0,0,-0.09022781410173314,-0.09022781410173314
136,27,1.1815602726790941,0,0,0.1505809026341786,0.1505809026341786
137,27,1.2528941894351058,0,0,-0.07189733283851404,-0.07189733283851404
149,27,0.8082253274993481,0,0,-0.09131443509315237,-0.09131443509315237
150,27,1.1393844653073424,0,0,-0.1407200239508871,-0.1407200239508871
157,27,1.0934799297803193,0,0,0.04372486366295128,0.04372486366295128
166,27,1.0574678607980987,0,0,-0.0840686510284627,-0.0840686510284627
170,27,1.166487162291137,0,0,-0.10368380006907421,-0.10368380006907421
172,27,0.6488921799603856,0,0,0.030726366699525123,0.030726366699525123
184,27,1.398083869312902,0,0,-0.052905905012210735,-0.052905905012210735
191,27,1.4871633180103876,0,0,0.008648529362682594,0.008648529362682594
223,27,0.8449980886741344,0,0,0.05629744768448276,0.05629744768448276
225,27,1.462110317584765,0,0,0.2204489824455193,0.2204489824455193
226,27,0.6332063940348616,0,0,-0.07663356161332865,-0.07663356161332865
233,27,1.4503743708073724,0,0,0.19029179889307088,0.19029179889307088
236,27,1.1638720412036345,0,0,0.12829396063313606,0.12829396063313606
245,27,0.7645340322005917,0,0,-0.012244936391843653,-0.012244936391843653
250,27,0.465430482496743,0,0,0.03651756400488905,0.03651756400488905
264,27,0.7916328173778976,0,0,0.08720909460612698,0.08720909460612698
266,27,1.1411593306099335,0,0,0.08196717042513538,0.08196717042513538
284,27,1.5642297559959766,46,-1,-0.24227912000387986,0.7577208799961201
285,27,1.4036369981895993,0,0,-0.1727549138056542,-0.1727549138056542
294,27,0.8405913444706052,0,0,-0.0006955777510419536,-0.0006955777510419536
295,27,0.6885706903422496,0,0,0.020594089278053757,0.020594089278053757
299,27,0.5969698414043176,0,0,0.018112440922132267,0.018112440922132267
319,27,1.0253350483599188,0,0,-0.001422109015761036,-0.001422109015761036
323,27,0.5075328922700516,0,0,0.055917988509933986,0.055917988509933986
325,27,1.5917616157676775,0,0,0.21395756790199616,0.21395756790199616
342,27,0.7235656733041246,0,0,0.04560516241941866,0.04560516241941866
352,27,0.801696819360832,0,0,0.07899527388041641,0.07899527388041641
394,27,1.5046208742662859,46,-1,-0.3077777455086753,0.6922222544913247
31,28,1.0138634218878821,0,0,0.1282234061472566,0.1282234061472566
44,28,1.5633937351353773,0,0,0.0739294536920889,0.0739294536920889
46,28,0.8822258362084396,0,0,0.001954817673338355,0.001954817673338355
53,28,0.8296238116293749,0,0,0.12334102526953053,0.12334102526953053
56,28,1.5226335238776467,0,0,0.10284586514011144,0.10284586514011144
67,28,0.6518496637328396,0,0,-0.05455421487892344,-0.05455421487892344
74,28,1.4442146313200686,0,0,0.1971394143449035,0.1971394143449035
77,28,1.1753566271129625,0,0,-0.03783488934644523,-0.03783488934644523
78,28,0.653711136321776,0,0,0.06505719355369932,0.06505719355369932
80,28,1.082627882540774,0,0,0.058301139132070426,0.058301139132070426
88,28,1.0373286332068914,0,0,-0.05103387112435091,-0.05103387112435091
102,28,0.15626517241397955,0,0,0.017527275501925926,0.017527275501925926
116,28,0.4360959349933947,0,0,0.06995144007063064,0.06995144007063064
123,28,1.3100528034802632,0,0,-0.2777311269848987,-0.2777311269848987
128,28,0.3253501995309564,0,0,-0.04172240997044292,-0.04172240997044292
129,28,1.187164055247613,0,0,0.08692065935768777,0.08692065935768777
157,28,1.516032442954024,0,0,-0.023594134188276425,-0.023594134188276425
158,28,1.073507850573476,0,0,-0.13715353928620788,-0.13715353928620788
178,28,0.7956186781650161,0,0,0.05582374489483258,0.05582374489483258
186,28,0.7754563157830949,0,0,0.02585598141607877,0.02585598141607877
188,28,1.0929176922481125,0,0,-0.1941632779213746,-0.1941632779213746
189,28,0.09282415706480643,0,0,-0.0014772921479971751,-0.0014772921479971751
200,28,1.4491086992559565,0,0,0.14466627726851788,0.14466627726851788
214,28,1.5395337578813435,0,0,0.22508649960061983,0.22508649960061983
218,28,1.4772354446101537,0,0,-0.2879373620538816,-0.2879373620538816
224,28,0.8829145643877644,0,0,0.1276578286148582,0.1276578286148582
236,28,1.3837114690013557,0,0,0.06097496278190834,0.06097496278190834
237,28,1.1665794606330646,0,0,-0.17971679945918756,-0.17971679945918756
251,28,1.4017398997201604,0,0,-0.25281725896597645,-0.25281725896597645
257,28,0.7780725246107713,0,0,0.11246425500997673,0.11246425500997673
260,28,1.559357467896432,0,0,-0.3422899432911965,-0.3422899432911965
263,28,1.3111811749788573,0,0,-0.21551929789442942,-0.21551929789442942
266,28,1.3335163736191005,0,0,0.014648172573907672,0.014648172573907672
293,28,0.7505752511612321,0,0,-0.023565171890140874,-0.023565171890140874
305,28,1.582172661871979,0,0,0.18811346679444282,0.18811346679444282
311,28,1.532157607745529,0,0,-0.16500980756872768,-0.16500980756872768
321,28,0.8525637986260683,0,0,0.11589418608031554,0.11589418608031554
324,28,1.3538607405745475,0,0,0.16109960078250413,0.16109960078250413
325,28,1.3377862957977056,0,0,0.14663857005076847,0.14663857005076847
328,28,0.6483839722539538,0,0,0.065872423156707,0.065872423156707
339,28,0.9195812503575578,0,0,-0.05163921019235122,-0.05163921019235122
346,28,1.5989514466164987,0,0,-0.012463902783321074,-0.012463902783321074
347,28,0.956138105630965,0,0,-0.1497612572262904,-0.1497612572262904
354,28,1.2275840239504119,0,0,0.14840555784700493,0.14840555784700493
359,28,1.163269234546301,0,0,0.1680276132725867,0.1680276132725867
367,28,1.4985232822610497,0,0,-0.20790963316741246,-0.20790963316741246
373,28,0.9101277944215906,0,0,0.1183180405192502,0.1183180405192502
41,29,0.6625424190784307,0,0,-0.1663130727391534,-0.1663130727391534
66,29,1.2756401833709046,0,0,-0.2347362663631069,-0.2347362663631069
76,29,1.2267985286881633,1,1,0.29416016212921337,-0.7058398378707866
82,29,1.2849604584401533,0,0,-0.14191609592637833,-0.14191609592637833
110,29,1.2096842385898747,1,1,0.23330579921447048,-0.7666942007855295
113,29,1.371236681475026,0,0,-0.33457970129659964,-0.33457970129659964
124,29,1.455922195856115,0,0,0.06018521467972704,0.06018521467972704
127,29,1.2500105807849557,0,0,-0.2795087152498218,-0.2795087152498218
133,29,0.9129469174789112,0,0,0.21535538340397253,0.21535538340397253
138,29,0.4097877626989534,0,0,-0.06939406799881404,-0.06939406799881404
142,29,1.1103306311741967,0,0,-0.28951851624655744,-0.28951851624655744
161,29,0.6007824518645858,0,0,0.12097095823739412,0.12097095823739412
171,29,0.8956138771660872,1,1,0.09260323437828133,-0.9073967656217187
177,29,1.2296577132271995,0,0,-0.18478556150145165,-0.18478556150145165
185,29,1.417528665364313,0,0,0.189930392658895,0.189930392658895
201,29,0.5672746591000937,0,0,-0.05793945065151235,-0.05793945065151235
256,29,1.3117255966108592,0,0,-0.32353963063629687,-0.32353963063629687
289,29,1.5148089949164796,1,1,0.32702119632290605,-0.672978803677094
292,29,0.36257545805027674,0,0,-0.07221641674617352,-0.07221641674617352
301,29,1.5104833752872275,0,0,0.015382061244680001,0.015382061244680001
302,29,1.5872906521448624,0,0,-0.3794132832402871,-0.3794132832402871
310,29,1.2077988471156555,0,0,0.08992849441831041,0.08992849441831041
333,29,1.4394439110987225,1,1,0.36666132239712357,-0.6333386776028764
345,29,0.8415993756500013,0,0,0.19550006090890626,0.19550006090890626
349,29,1.4450572391482215,0,0,0.10936870838439727,0.10936870838439727
357,29,0.9866161595030251,0,0,-0.12094911818800008,-0.12094911818800008
377,29,1.1488321183979733,0,0,0.19266794591648273,0.19266794591648273
396,29,0.8420195685110422,1,1,0.033159179833268326,-0.9668408201667317
38,30,1.552161529148538,0,0,0.11609892935397155,0.11609892935397155
39,30,1.4845603102810119,0,0,-0.017949168001638306,-0.017949168001638306
43,30,1.4632261769154402,0,0,-0.02469338001076165,-0.02469338001076165
47,30,1.057556826007642,0,0,-0.1310749039574958,-0.1310749039574958
59,30,1.4925124969718646,0,0,0.01246066950049909,0.01246066950049909
65,30,1.144166079648536,0,0,-0.10804892749052317,-0.10804892749052317
79,30,0.27675050967999604,0,0,0.01919694716066472,0.01919694716066472
81,30,0.9123674139082277,0,0,-0.012753074371411478,-0.012753074371411478
92,30,0.39032487315259606,0,0,-0.01663211673816068,-0.01663211673816068
105,30,1.0647735818245083,0,0,-0.046642271797552926,-0.046642271797552926
114,30,1.3752590089728736,0,0,-0.15512680333852427,-0.15512680333852427
115,30,0.26395314676972154,0,0,0.009641896715658765,0.009641896715658765
118,30,1.5148503414147931,0,0,0.0631856320164037,0.0631856320164037
122,30,1.2793548909084496,0,0,0.00483281080639842,0.00483281080639842
131,30,0.6191007832281097,0,0,-0.031362651510681655,-0.031362651510681655
134,30,0.40918669412727504,0,0,-0.029218399424395462,-0.029218399424395462
139,30,0.641445713559964,0,0,-0.039545883448062806,-0.039545883448062806
143,30,0.7051716291233535,0,0,0.04796262752611298,0.04796262752611298
151,30,1.3160720516203932,0,0,0.06194564119860535,0.06194564119860535
154,30,0.681082716146731,0,0,0.04426557530945267,0.04426557530945267
163,30,1.5857282934234116,0,0,0.08235210214417896,0.08235210214417896
169,30,1.1710868910974623,0,0,-0.12240185243122305,-0.12240185243122305
180,30,1.2787523092754383,0,0,-0.12424290807397897,-0.12424290807397897
190,30,1.4731142022503805,0,0,-0.18607643609300245,-0.18607643609300245
193,30,1.0399910869860596,0,0,0.05743487237917656,0.05743487237917656
194,30,0.7821015357851427,0,0,0.04906364906930255,0.04906364906930255
196,30,1.5161318843431746,0,0,-0.18379250457899898,-0.18379250457899898
197,30,1.0304033906016399,0,0,0.0799219293495853,0.0799219293495853
203,30,1.5493821939510106,0,0,0.1122588094208187,0.1122588094208187
205,30,0.6066733810101065,0,0,0.03824232469100093,0.03824232469100093
213,30,1.5970424369946006,0,0,-0.1799466096864602,-0.1799466096864602
217,30,0.6838697505839808,0,0,-0.05079163107802552,-0.05079163107802552
219,30,0.7792674404836479,0,0,0.03089310122633845,0.03089310122633845
227,30,1.4964230656341078,0,0,-0.17929592685506446,-0.17929592685506446
229,30,0.6200041215538652,0,0,-0.001439070525479709,-0.001439070525479709
232,30,1.55573211553033,0,0,0.13403504977224082,0.13403504977224082
233,30,1.5845451311255998,0,0,0.023947647472338917,0.023947647472338917
235,30,1.2654718305910486,0,0,0.08663035736364028,0.08663035736364028
238,30,1.5993152420722732,0,0,0.060843944143735965,0.060843944143735965
240,30,1.4290394045302086,0,0,-0.029162873413766565,-0.029162873413766565
242,30,0.8914006706176152,0,0,-0.09367942338220692,-0.09367942338220692
246,30,0.6250734317941036,0,0,-0.009337608239502337,-0.009337608239502337
247,30,1.3250456261884787,0,0,0.05387696744857172,0.05387696744857172
255,30,1.5809319120705199,0,0,0.13565705186342938,0.13565705186342938
259,30,1.4783730718775936,0,0,-0.1730904197428827,-0.1730904197428827
261,30,0.5493171348050708,0,0,0.005063759826254125,0.005063759826254125
268,30,1.1279713397559925,0,0,0.09046371604902953,0.09046371604902953
273,30,0.8987471937468137,0,0,-0.09266169164096422,-0.09266169164096422
282,30,0.9581040168683844,0,0,0.0629186364990758,0.0629186364990758
288,30,1.2148729149286404,0,0,0.08597580699543432,0.08597580699543432
298,30,0.9440171170926005,0,0,0.042305762211887935,0.042305762211887935
309,30,0.883801581063655,0,0,-0.06362879433370476,-0.06362879433370476
313,30,1.4644639354448539,0,0,0.07861517258611293,0.07861517258611293
331,30,1.1484143426399527,0,0,-0.11503374979433303,-0.11503374979433303
340,30,1.2908431508565588,0,0,0.10954840530142154,0.10954840530142154
343,30,0.9658568399815755,0,0,-0.09987288415448967,-0.09987288415448967
344,30,1.2993871196885178,0,0,0.09327380593342362,0.09327380593342362
353,30,0.9912634528906261,0,0,0.03409186098020367,0.03409186098020367
358,30,1.3568692625956509,0,0,0.06867811580251507,0.06867811580251507
374,30,1.4336902017984112,0,0,-0.012551347198910079,-0.012551347198910079
387,30,0.6993700600183493,0,0,0.03983239051748426,0.03983239051748426
388,30,0.8631602264192233,0,0,0.04284766500414203,0.04284766500414203
392,30,1.1917316523516364,0,0,0.08564159193788137,0.08564159193788137
395,30,0.2575671212438724,0,0,0.006017810281662678,0.006017810281662678
397,30,1.3026167642290318,0,0,0.10159888651197795,0.10159888651197795
32,31,1.3808782295143962,0,0,-0.15786865558143412,-0.15786865558143412
33,31,1.408216981249014,0,0,-0.15842539845265033,-0.15842539845265033
34,31,1.5053782976210617,0,0,0.21112826502341103,0.21112826502341103
39,31,1.488439633810959,0,0,-0.04714742057939065,-0.04714742057939065
40,31,1.3901090676169139,0,0,0.14550663578924888,0.14550663578924888
43,31,1.483592909056087,0,0,-0.053891632588513996,-0.053891632588513996
46,31,0.7722392749607156,0,0,-0.12626858847391825,-0.12626858847391825
53,31,0.23570434128643739,0,0,-0.004882380877726064,-0.004882380877726064
67,31,1.2849538408448309,0,0,-0.18277762102618003,-0.18277762102618003
72,31,1.1396569454145904,0,0,-0.13109536813091865,-0.13109536813091865
74,31,1.1048047076283352,0,0,0.0689160081976469,0.0689160081976469
78,31,0.4346677095741378,0,0,-0.06316621259355729,-0.06316621259355729
80,31,0.4462732573067117,0,0,-0.06992226701518617,-0.06992226701518617
101,31,1.5406258383851166,0,0,0.1537069685770792,0.1537069685770792
102,31,0.8649451340377698,0,0,-0.11069613064533068,-0.11069613064533068
108,31,1.4939698104809354,0,0,0.1523736918250366,0.1523736918250366
111,31,0.8092083824361054,0,0,-0.02936900563022531,-0.02936900563022531
116,31,0.72350685439688,0,0,-0.058271966076625964,-0.058271966076625964
125,31,1.0552404375404418,0,0,0.01891564521700076,0.01891564521700076
128,31,1.1820799855669888,0,0,-0.16994581611769952,-0.16994581611769952
129,31,1.5541867013813706,0,0,-0.04130274678956883,-0.04130274678956883
136,31,1.0785771128553479,0,0,-0.044961501364305725,-0.044961501364305725
157,31,1.2131203931580352,0,0,-0.15181754033553302,-0.15181754033553302
163,31,1.4017049258452243,0,0,0.05315384956642661,0.05315384956642661
165,31,1.5645901723973608,0,0,0.2019058177656625,0.2019058177656625
172,31,1.342199308443983,0,0,-0.1648160372989592,-0.1648160372989592
174,31,1.573938796155705,0,0,0.21275812936820615,0.21275812936820615
178,31,1.3957722267882942,0,0,-0.07239966125242403,-0.07239966125242403
186,31,1.599757934980292,0,0,-0.10236742473117783,-0.10236742473117783
187,31,1.0688623062897025,0,0,0.09161035414383908,0.09161035414383908
189,31,1.0708174719344636,0,0,-0.12970069829525377,-0.12970069829525377
195,31,1.2591731001215463,0,0,0.15847044214893044,0.15847044214893044
200,31,1.340964308027337,0,0,0.016442871121261284,0.016442871121261284
204,31,1.5083600773829522,0,0,0.21954287382711174,0.21954287382711174
214,31,0.8419198205865314,0,0,0.09686309345336322,0.09686309345336322
221,31,1.299900505089784,0,0,0.14801384043031066,0.14801384043031066
223,31,1.1070893277039184,0,0,-0.13924495631400155,-0.13924495631400155
224,31,0.8117663496363702,0,0,-0.0005655775323984077,-0.0005655775323984077
225,31,0.715066367627849,0,0,0.024906578447034984,0.024906578447034984
233,31,1.3149713722211132,0,0,-0.0052506051054134265,-0.0052506051054134265
236,31,0.6219071905189721,0,0,-0.06724844336534826,-0.06724844336534826
249,31,1.31022417992321,0,0,0.1146715753733587,0.1146715753733587
253,31,1.3729428879191317,0,0,0.20506911272072764,0.20506911272072764
254,31,1.490070661573822,0,0,0.21535945186777122,0.21535945186777122
257,31,0.8936710810051635,0,0,-0.015759151137279877,-0.015759151137279877
264,31,1.019002491866053,0,0,-0.10833330939235733,-0.10833330939235733
266,31,0.8305465872194968,0,0,-0.11357523357334892,-0.11357523357334892
272,31,1.4210002012784475,0,0,0.19306457631876292,0.19306457631876292
275,31,1.5814941925395116,0,0,0.04290050561339382,0.04290050561339382
278,31,0.945275969820596,0,0,0.11165529728782628,0.11165529728782628
293,31,0.9081227210686794,0,0,-0.15178857803739748,-0.15178857803739748
294,31,1.5801355427662396,0,0,-0.19623798174952625,-0.19623798174952625
299,31,1.5221823942492632,0,0,-0.17742996307635203,-0.17742996307635203
305,31,1.329206627773671,0,0,0.05989006064718622,0.05989006064718622
321,31,0.9365130224991913,0,0,-0.012329220066941059,-0.012329220066941059
323,31,1.2896552862064639,0,0,-0.1396244154885503,-0.1396244154885503
324,31,0.38233530603972254,0,0,0.032876194635247526,0.032876194635247526
325,31,0.3332605342461213,0,0,0.018415163903511854,0.018415163903511854
328,31,1.1631153804988974,0,0,-0.0623509829905496,-0.0623509829905496
334,31,1.553288302822773,0,0,0.015356776919393945,0.015356776919393945
342,31,1.2196270759492953,0,0,-0.14993724157906566,-0.14993724157906566
352,31,1.4930688971277404,0,0,-0.11654713011806789,-0.11654713011806789
354,31,0.9999405436344212,0,0,0.020182151699748345,0.020182151699748345
359,31,0.8985587817993006,0,0,0.03980420712533008,0.03980420712533008
369,31,1.3507484331070398,0,0,0.18678049727530183,0.18678049727530183
372,31,1.4247225280374265,0,0,0.15819040029638937,0.15819040029638937
373,31,0.833257749345606,0,0,-0.0099053656280064,-0.0099053656280064
384,31,1.5357421443184196,0,0,0.01665710329863833,0.01665710329863833
386,31,1.4378156399853912,0,0,0.13863499885170558,0.13863499885170558
389,31,1.5600582978983681,0,0,0.18856377958829543,0.18856377958829543
33,32,0.17567360399693435,0,0,-0.0005567428712162092,-0.0005567428712162092
39,32,1.3612639379656744,0,0,0.11072123500204348,0.11072123500204348
43,32,1.3631371323269785,0,0,0.10397702299292014,0.10397702299292014
46,32,1.1419146356712682,0,0,0.03160006710751588,0.03160006710751588
53,32,1.558194787712415,0,0,0.15298627470370807,0.15298627470370807
61,32,0.7927854896151999,0,0,-0.05118569316544044,-0.05118569316544044
68,32,1.380881278367574,0,0,-0.19978489519916656,-0.19978489519916656
72,32,0.3534117198925796,0,0,0.02677328745051548,0.02677328745051548
78,32,1.4010501408506122,0,0,0.09470244298787683,0.09470244298787683
80,32,0.9884920379212534,0,0,0.08794638856624795,0.08794638856624795
95,32,1.205696936899239,0,0,-0.1571091316758572,-0.1571091316758572
98,32,1.4230089123260712,0,0,0.031231819238771594,0.031231819238771594
99,32,1.2173670107366052,0,0,-0.0627723615642489,-0.0627723615642489
103,32,1.5969055681660127,0,0,-0.0988166811578304,-0.0988166811578304
111,32,0.9580548165904077,0,0,0.12849964995120883,0.12849964995120883
125,32,1.26449757734925,0,0,0.17678430079843488,0.17678430079843488
126,32,1.3039165574091622,0,0,-0.17264911979028122,-0.17264911979028122
130,32,1.404280559911694,0,0,-0.12790156251878332,-0.12790156251878332
136,32,1.092526812572644,0,0,0.11290715421712841,0.11290715421712841
149,32,1.222439622044178,0,0,-0.12898818351020255,-0.12898818351020255
150,32,1.1568642789894656,0,0,-0.17839377236793727,-0.17839377236793727
157,32,0.6135160725536805,0,0,0.006051115245901101,0.006051115245901101
166,32,0.9164726250069593,0,0,-0.12174239944551288,-0.12174239944551288
172,32,0.1936265401771528,0,0,-0.006947381717525056,-0.006947381717525056
187,32,1.587197503528162,0,0,0.2494790097252732,0.2494790097252732
223,32,0.3533369984546725,0,0,0.018623699267432584,0.018623699267432584
225,32,1.2385995537690053,0,0,0.18277523402846912,0.18277523402846912
226,32,1.110994076718641,0,0,-0.11430731003037883,-0.11430731003037883
233,32,1.4358254972677553,0,0,0.1526180504760207,0.1526180504760207
236,32,0.7784629884483673,0,0,0.09062021221608586,0.09062021221608586
245,32,0.5505547364466006,0,0,-0.04991868480889383,-0.04991868480889383
250,32,0.7162727173950656,0,0,-0.0011561844121611292,-0.0011561844121611292
264,32,0.4865598508256127,0,0,0.049535346189076804,0.049535346189076804
266,32,0.660547861659583,0,0,0.0442934220080852,0.0442934220080852
293,32,1.317758959982375,0,0,0.006080077544036652,0.006080077544036652
294,32,0.5169512150049093,0,0,-0.03836932616809213,-0.03836932616809213
295,32,1.0522836100787574,0,0,-0.017079659138996423,-0.017079659138996423
299,32,0.2652188909881937,0,0,-0.019561307494917912,-0.019561307494917912
311,32,1.563942286015911,0,0,-0.13536455813455014,-0.13536455813455014
319,32,1.418014876369701,0,0,-0.039095857432811215,-0.039095857432811215
323,32,0.312634673771847,0,0,0.018244240092883807,0.018244240092883807
324,32,1.4128638065431576,0,0,0.19074485021668164,0.19074485021668164
325,32,1.2502769935530982,0,0,0.17628381948494598,0.17628381948494598
342,32,0.2301343792457955,0,0,0.007931414002368478,0.007931414002368478
352,32,0.896152043822842,0,0,0.04132152546336623,0.04132152546336623
39,33,1.5153769922174374,0,0,0.11127797787325969,0.11127797787325969
43,33,1.5155368402942044,0,0,0.10453376586413635,0.10453376586413635
46,33,1.0690758969808314,0,0,0.03215680997873209,0.03215680997873209
53,33,1.5710680095915168,0,0,0.15354301757492428,0.15354301757492428
61,33,0.904184263395361,0,0,-0.050628950294224234,-0.050628950294224234
68,33,1.3230494922188551,0,0,-0.19922815232795035,-0.19922815232795035
72,33,0.46356934337442357,0,0,0.027330030321731688,0.027330030321731688
78,33,1.3750912096405643,0,0,0.09525918585909304,0.09525918585909304
80,33,0.991667623078847,0,0,0.08850313143746416,0.08850313143746416
95,33,1.2464770139850108,0,0,-0.15655238880464098,-0.15655238880464098
98,33,1.5708199223581838,0,0,0.0317885621099878,0.0317885621099878
99,33,1.3524560738691704,0,0,-0.06221561869303269,-0.06221561869303269
111,33,1.0776524812658232,0,0,0.12905639282242504,0.12905639282242504
125,33,1.4072892321929995,0,0,0.1773410436696511,0.1773410436696511
126,33,1.3076086897409975,0,0,-0.172092376919065,-0.172092376919065
130,33,1.5307859640579347,0,0,-0.1273448196475671,-0.1273448196475671
136,33,1.234850967420453,0,0,0.11346389708834462,0.11346389708834462
149,33,1.3294935530820073,0,0,-0.12843144063898634,-0.12843144063898634
150,33,1.175325170700174,0,0,-0.17783702949672106,-0.17783702949672106
157,33,0.47896309950571736,0,0,0.00660785811711731,0.00660785811711731
166,33,0.8603713969411635,0,0,-0.12118565657429667,-0.12118565657429667
172,33,0.14830070270312073,0,0,-0.0063906388463088465,-0.0063906388463088465
223,33,0.3092590833599023,0,0,0.019180442138648793,0.019180442138648793
225,33,1.3489532922131813,0,0,0.18333197689968533,0.18333197689968533
226,33,1.2166983009478953,0,0,-0.11375056715916262,-0.11375056715916262
228,33,1.5198940795564,0,0,-0.1970666709141042,-0.1970666709141042
233,33,1.5879588514169876,0,0,0.1531747933472369,0.1531747933472369
236,33,0.8286414513959228,0,0,0.09117695508730207,0.09117695508730207
245,33,0.4666678269266411,0,0,-0.04936194193767762,-0.04936194193767762
250,33,0.8546516684770575,0,0,-0.00059944154094492,-0.00059944154094492
264,33,0.5901781836298693,0,0,0.05009208906029301,0.05009208906029301
266,33,0.6248703753330046,0,0,0.04485016487930141,0.04485016487930141
293,33,1.2286016786327711,0,0,0.0066368204152528615,0.0066368204152528615
294,33,0.40171957193286156,0,0,-0.03781258329687592,-0.03781258329687592
295,33,1.1883707763458016,0,0,-0.016522916267780213,-0.016522916267780213
299,33,0.18687436709655353,0,0,-0.019004564623701703,-0.019004564623701703
311,33,1.4422043870000119,0,0,-0.13480781526333394,-0.13480781526333394
319,33,1.5606164175639126,0,0,-0.038539114561595006,-0.038539114561595006
323,33,0.466435406994703,0,0,0.018800982964100016,0.018800982964100016
324,33,1.4722582873098835,0,0,0.19130159308789785,0.19130159308789785
325,33,1.312153334032483,0,0,0.1768405623561622,0.1768405623561622
342,33,0.19393856341156288,0,0,0.008488156873584687,0.008488156873584687
352,33,1.0479370116949889,0,0,0.04187826833458244,0.04187826833458244
40,34,0.937153296857644,0,0,-0.06562162923416215,-0.06562162923416215
48,34,1.1207295142045512,0,0,0.11484633893102619,0.11484633893102619
50,34,0.5867347487964051,0,0,0.035215786791182535,0.035215786791182535
53,34,1.5920645224219523,0,0,-0.21601064590113708,-0.21601064590113708
58,34,1.1616294888866308,0,0,0.03161088442303628,0.03161088442303628
74,34,1.480879997457354,0,0,-0.1422122568257641,-0.1422122568257641
75,34,1.3831110018452821,0,0,0.1014513110618448,0.1014513110618448
84,34,1.177731216866327,0,0,0.15224453701368074,0.15224453701368074
85,34,1.4900686197176236,1,1,0.19972719741008937,-0.8002728025899106
87,34,1.5542473657208915,0,0,-0.06142768536760976,-0.06142768536760976
91,34,1.329792518705058,1,1,0.17111880566804694,-0.8288811943319531
101,34,1.0096080724802101,0,0,-0.05742129644633184,-0.05742129644633184
108,34,1.1943085271972,0,0,-0.05875457319837443,-0.05875457319837443
117,34,1.5261039971508383,1,1,0.19496908827085646,-0.8050309117291435
135,34,1.4923708879436723,0,0,0.1232030320060078,0.1232030320060078
152,34,1.2925066131387475,1,1,0.14909583053216702,-0.850904169467833
155,34,1.534303110626797,1,1,0.12692251766479012,-0.8730774823352099
165,34,0.15370585894377314,0,0,-0.00922244725774854,-0.00922244725774854
174,34,0.14402277050721665,0,0,0.0016298643447951178,0.0016298643447951178
175,34,1.1043966136716383,0,0,0.030571266675150643,0.030571266675150643
187,34,1.3725588502903574,0,0,-0.11951791087957195,-0.11951791087957195
195,34,0.6211699774061834,0,0,-0.05265782287448059,-0.05265782287448059
199,34,1.5279368413905046,0,0,-0.019364381034362416,-0.019364381034362416
204,34,0.21805180878728353,0,0,0.008414608803700707,0.008414608803700707
214,34,0.9645937708696665,0,0,-0.11426517157004781,-0.11426517157004781
220,34,1.4521518687353059,1,1,0.18784417774032558,-0.8121558222596744
221,34,0.6444293224163447,0,0,-0.06311442459310038,-0.06311442459310038
225,34,1.582623543135029,0,0,-0.18622168657637606,-0.18622168657637606
241,34,1.0070065905134857,0,0,0.006388984748114279,0.006388984748114279
249,34,1.247073749557291,0,0,-0.09645668965005233,-0.09645668965005233
253,34,0.1801135003627977,0,0,-0.0060591523026833904,-0.0060591523026833904
254,34,0.30887427067113266,0,0,0.004231186844360191,0.004231186844360191
260,34,1.5869580378397223,1,1,0.3183583855381359,-0.6816416144618641
262,34,0.7438951730646173,0,0,0.09082316408075225,0.09082316408075225
271,34,1.206600052353746,0,0,0.03843288607008433,0.03843288607008433
272,34,0.429318902523326,0,0,-0.018063688704648112,-0.018063688704648112
278,34,0.7737208317631823,0,0,-0.09947296773558476,-0.09947296773558476
279,34,0.9400690190594266,0,0,-0.04147249497669345,-0.04147249497669345
317,34,0.6088959089040212,0,0,0.03883676727316082,0.03883676727316082
318,34,1.1075215830553045,0,0,-0.0026142492090351355,-0.0026142492090351355
324,34,1.2546288487666117,0,0,-0.17825207038816349,-0.17825207038816349
325,34,1.4226478173936594,0,0,-0.19271310111989917,-0.19271310111989917
336,34,1.5432401764566728,0,0,0.023961659311638184,0.023961659311638184
338,34,0.18971845626690467,0,0,0.023359054470691143,0.023359054470691143
359,34,1.5438748189495581,0,0,-0.17132405789808094,-0.17132405789808094
363,34,0.7338227774704378,0,0,0.0335863655872875,0.0335863655872875
369,34,0.3722214845077145,0,0,-0.024347767748109206,-0.024347767748109206
372,34,0.8075221048105179,0,0,-0.052937864727021666,-0.052937864727021666
379,34,1.1943361019546876,0,0,0.0316108844230365,0.0316108844230365
380,34,1.4050228406305454,0,0,0.028801074088646905,0.028801074088646905
381,34,1.3662541173277007,0,0,0.0017824771523967664,0.0017824771523967664
383,34,1.0951981341742494,0,0,0.11133421009371963,0.11133421009371963
386,34,1.0794603420743691,0,0,-0.07249326617170546,-0.07249326617170546
389,34,0.6419654017453091,0,0,-0.022564485435115605,-0.022564485435115605
393,34,0.45584586025094986,0,0,0.04420047186404519,0.04420047186404519
37,35,1.595007736732184,0,0,-0.09681996108277305,-0.09681996108277305
38,35,0.42263020292264597,0,0,-0.01738538546521301,-0.01738538546521301
54,35,0.48972587152410035,0,0,0.07987295255681745,0.07987295255681745
55,35,1.1055472176679098,0,0,-0.038884090705550683,-0.038884090705550683
70,35,0.27277849808015586,0,0,-0.03263267990490072,-0.03263267990490072
79,35,1.5644735406472194,0,0,-0.11428736765851984,-0.11428736765851984
82,35,0.9922868235443983,0,0,0.19910211064842825,0.19910211064842825
89,35,1.4956268641244725,0,0,-0.07460943569963806,-0.07460943569963806
106,35,1.374809017451965,0,0,-0.08661732065175447,-0.08661732065175447
113,35,0.7358565470681474,0,0,0.0064385052782069685,0.0064385052782069685
115,35,1.5849120689646155,0,0,-0.1238424181035258,-0.1238424181035258
118,35,0.8870101556468786,0,0,-0.07029868280278086,-0.07029868280278086
120,35,0.2704180761845212,0,0,-0.01382182990012848,-0.01382182990012848
142,35,1.3882382051596507,0,0,0.05149969032824914,0.05149969032824914
143,35,1.267091086137908,0,0,-0.08552168729307158,-0.08552168729307158
145,35,1.0842667509984514,0,0,0.2581093118270714,0.2581093118270714
151,35,0.853730412888972,0,0,-0.07153867362057921,-0.07153867362057921
154,35,1.490387661235339,0,0,-0.08921873950973189,-0.08921873950973189
167,35,1.5009143512023988,0,0,0.04572913031916512,0.04572913031916512
193,35,0.9566238303922734,0,0,-0.076049442440008,-0.076049442440008
194,35,1.1174248840657774,0,0,-0.08442066574988201,-0.08442066574988201
197,35,1.0859157792669474,0,0,-0.053562385469599266,-0.053562385469599266
205,35,1.2382944377199798,0,0,-0.09524199012818363,-0.09524199012818363
211,35,1.5693297307368237,0,0,-0.09135773644635536,-0.09135773644635536
219,35,1.249312217237884,0,0,-0.1025912135928461,-0.1025912135928461
232,35,0.7198077993695874,0,0,0.00055073495305627,0.00055073495305627
238,35,1.0597723456611852,0,0,-0.0726403706754486,-0.0726403706754486
248,35,1.0385825753411422,0,0,0.23149006307823022,0.23149006307823022
255,35,0.97274076342625,0,0,0.002172737044244838,0.002172737044244838
256,35,1.2822523709680926,0,0,0.01747857593850974,0.01747857593850974
258,35,1.0308470273178874,0,0,0.09126836017375473,0.09126836017375473
268,35,1.0356106936196674,0,0,-0.04302059877015503,-0.04302059877015503
277,35,0.10333508257407992,0,0,-0.0015963237294505106,-0.0015963237294505106
282,35,0.9532208042532455,0,0,-0.07056567832010877,-0.07056567832010877
286,35,1.5688849079969174,0,0,-0.03563327828958525,-0.03563327828958525
287,35,0.39232121889076926,0,0,0.057655182160348456,0.057655182160348456
298,35,1.0570802411431164,0,0,-0.09117855260729663,-0.09117855260729663
302,35,1.3495968749615794,0,0,-0.038395076665480546,-0.038395076665480546
306,35,1.5450249735993447,0,0,0.020399570708104192,0.020399570708104192
327,35,1.1446505344934639,0,0,0.16900760295778677,0.16900760295778677
332,35,0.47493018726137853,0,0,0.0711143640392776,0.0711143640392776
335,35,1.3713307945314523,0,0,-0.05151801927128276,-0.05151801927128276
340,35,1.278637029779884,0,0,-0.023935909517763018,-0.023935909517763018
344,35,1.5569395724876394,0,0,-0.04021050888576094,-0.04021050888576094
348,35,1.4401077987529312,1,1,0.3022885655210088,-0.6977114344789912
353,35,1.2244418972078288,0,0,-0.09939245383898088,-0.09939245383898088
355,35,1.5059547478891897,0,0,0.33123006102847946,0.33123006102847946
357,35,1.3250210336473303,0,0,0.2200690883868065,0.2200690883868065
358,35,0.7747628110153718,0,0,-0.0648061990166695,-0.0648061990166695
385,35,1.3194642091783337,0,0,-0.0795025130482623,-0.0795025130482623
388,35,1.1292134106997647,0,0,-0.09063664981504253,-0.09063664981504253
392,35,0.9726251294416062,0,0,-0.04784272288130319,-0.04784272288130319
397,35,1.0701245071592504,0,0,-0.031885428307206615,-0.031885428307206615
39,36,1.4945517554956016,0,0,0.2103500986931462,0.2103500986931462
42,36,0.6022297516468199,0,0,-0.08421695831465364,-0.08421695831465364
43,36,1.500906465432429,0,0,0.20360588668402285,0.20360588668402285
62,36,1.3506660647338782,46,-1,-0.27180765586884426,0.7281923441311557
65,36,1.1417824190640526,0,0,0.12025033920426133,0.12025033920426133
81,36,1.5114283821932992,0,0,0.21554619232337302,0.21554619232337302
96,36,1.1652836198552896,0,0,-0.0831008546815784,-0.0831008546815784
98,36,0.9886366716317019,0,0,0.1308606829298743,0.1308606829298743
99,36,1.0857592999987637,0,0,0.03685650212685382,0.03685650212685382
103,36,0.7020019749421573,0,0,0.0008121825332723098,0.0008121825332723098
104,36,0.3964588238346701,0,0,0.012987571418027588,0.012987571418027588
130,36,1.230255128528943,0,0,-0.028272698827680603,-0.028272698827680603
137,36,0.6321689729050989,0,0,-0.009942217564461509,-0.009942217564461509
139,36,1.5154613573465887,0,0,0.1887533832467217,0.1887533832467217
160,36,1.514584887462315,0,0,0.001201156017495375,0.001201156017495375
170,36,0.8307590897480258,0,0,-0.041728684795021675,-0.041728684795021675
180,36,1.4494865077511072,0,0,0.10405635862080552,0.10405635862080552
183,36,0.8326366792777548,0,0,0.03400723596926428,0.03400723596926428
184,36,0.4426737736486128,0,0,0.0090492102618418,0.0090492102618418
190,36,1.5976437292483072,0,0,0.04222283060178206,0.04222283060178206
191,36,0.51311683437083,0,0,0.07060364463673513,0.07060364463673513
213,36,1.2013304001450824,0,0,0.04835265700832431,0.04835265700832431
230,36,1.5082992138908125,46,-1,-0.29060066634628223,0.7093993336537178
250,36,1.523705170657226,0,0,0.09847267927894159,0.09847267927894159
280,36,1.3479663201545502,0,0,-0.22258756486579023,-0.22258756486579023
283,36,1.4975092108117198,46,-1,-0.2906006663462817,0.7093993336537183
284,36,1.5759829616636898,46,-1,-0.18032400472982735,0.8196759952701727
285,36,1.0851300743909675,0,0,-0.11079979853160166,-0.11079979853160166
295,36,1.1900628395762118,0,0,0.08254920455210629,0.08254920455210629
300,36,0.37548973477599,0,0,-0.07058687566467603,-0.07058687566467603
319,36,0.8152443591022263,0,0,0.0605330062582915,0.0605330062582915
341,36,0.3607253433550196,0,0,0.04329016886389905,0.04329016886389905
351,36,0.5577094901340817,0,0,0.042420515610471554,0.042420515610471554
352,36,1.5012483527979916,0,0,0.14095038915446895,0.14095038915446895
362,36,1.5872450968984553,46,-1,-0.21572658159676594,0.7842734184032341
382,36,0.37982362287237115,0,0,-0.010599601495509925,-0.010599601495509925
398,36,1.0732487425720159,0,0,-0.08333988917904317,-0.08333988917904317
44,37,0.9151107234299634,0,0,-0.06176005361382685,-0.06176005361382685
53,37,1.5889460315514128,0,0,-0.012348482036385222,-0.012348482036385222
55,37,0.741331912312396,0,0,0.05793587037722237,0.05793587037722237
56,37,0.5933292091211594,0,0,-0.03284364216580431,-0.03284364216580431
59,37,0.47749379806711895,0,0,-0.02420368423591241,-0.02420368423591241
70,37,1.3530703045900356,0,0,0.06418728117787234,0.06418728117787234
74,37,1.161264278441244,0,0,0.06144990703898775,0.06144990703898775
79,37,1.5599800038322762,0,0,-0.01746740657574678,-0.01746740657574678
87,37,1.5381009160410755,0,0,0.1422344784971421,0.1422344784971421
89,37,0.3509770988522318,0,0,0.022210525383134998,0.022210525383134998
97,37,0.49608784004586076,0,0,-0.02752248887467226,-0.02752248887467226
106,37,0.22527106832685334,0,0,0.010202640431018588,0.010202640431018588
107,37,1.5869267790936648,0,0,-0.12270551959030837,-0.12270551959030837
113,37,1.185898029503335,0,0,0.10325846636098002,0.10325846636098002
116,37,1.528750094402534,0,0,-0.06573806723528512,-0.06573806723528512
118,37,0.7220368118433879,0,0,0.0265212782799922,0.0265212782799922
120,37,1.3808088112560164,0,0,0.08299813118264457,0.08299813118264457
122,37,0.8585236581317852,0,0,-0.031831542930013085,-0.031831542930013085
127,37,1.2881594916192587,0,0,0.1583294524077578,0.1583294524077578
129,37,0.9723424084651814,0,0,-0.048768847948227986,-0.048768847948227986
142,37,1.3124356280368488,0,0,0.14831965141102219,0.14831965141102219
143,37,1.4650096556486214,0,0,0.011298273789701475,0.011298273789701475
151,37,0.8525933367411356,0,0,0.025281287462193845,0.025281287462193845
162,37,0.6114916743396801,0,0,-0.03766723497000755,-0.03766723497000755
164,37,1.067216098551341,0,0,0.0725325050067169,0.0725325050067169
176,37,1.0183793763497069,0,0,-0.08951990977979846,-0.08951990977979846
177,37,1.5411360094251505,0,0,0.253052606156128,0.253052606156128
178,37,1.3455830043893913,0,0,-0.07986576241108317,-0.07986576241108317
179,37,0.185017299258973,0,0,0.007923553932470843,0.007923553932470843
192,37,0.861839176096146,0,0,-0.05291454053355222,-0.05291454053355222
193,37,1.0322636554407871,0,0,0.020770518642765058,0.020770518642765058
194,37,1.2538486383539058,0,0,0.012399295332891046,0.012399295332891046
200,37,0.6156913994463467,0,0,0.008976769962602126,0.008976769962602126
202,37,0.9115489284361771,0,0,-0.06808835384202064,-0.06808835384202064
205,37,1.3960531914089649,0,0,0.0015779709545894333,0.0015779709545894333
211,37,0.14756525481141947,0,0,0.005462224636417698,0.005462224636417698
215,37,0.8902912948973197,0,0,-0.056830257926799216,-0.056830257926799216
219,37,1.1776923827554246,0,0,-0.005771252510073051,-0.005771252510073051
224,37,1.1745906389633347,0,0,-0.008031678691057566,-0.008031678691057566
229,37,1.5612380515582414,0,0,-0.038103424261891214,-0.038103424261891214
238,37,0.5375182101140622,0,0,0.02417959040732446,0.02417959040732446
240,37,1.318287658689681,0,0,-0.06582722715017807,-0.06582722715017807
243,37,1.1082898980382108,0,0,-0.08668333580316584,-0.08668333580316584
249,37,1.4853915134026439,0,0,0.10720547421469953,0.10720547421469953
252,37,0.3067659422785558,0,0,-0.017531314653950643,-0.017531314653950643
256,37,1.1522295614033051,0,0,0.11429853702128279,0.11429853702128279
257,37,1.161079891717352,0,0,-0.023225252295939035,-0.023225252295939035
270,37,1.2396995057037057,0,0,-0.11177696292086034,-0.11177696292086034
275,37,0.7224661461566826,0,0,0.03543440445473466,0.03543440445473466
277,37,1.5997560983820998,0,0,0.09522363735332254,0.09522363735332254
282,37,1.1978416645328236,0,0,0.02625428276266429,0.02625428276266429
286,37,0.8506167660719625,0,0,0.061186682793187806,0.061186682793187806
297,37,1.311474785361609,0,0,-0.10663097086328178,-0.10663097086328178
298,37,1.0417109873778485,0,0,0.00564140847547643,0.00564140847547643
302,37,0.7545617876306067,0,0,0.05842488441729251,0.05842488441729251
303,37,1.0457036501076382,0,0,-0.06833816603183798,-0.06833816603183798
305,37,0.9985266834807758,0,0,0.052423959488527065,0.052423959488527065
314,37,1.5964401687645076,0,0,0.19372910761374534,0.19372910761374534
321,37,1.0852299635812757,0,0,-0.019795321225600217,-0.019795321225600217
322,37,0.44947323587638055,0,0,-0.02317095223427276,-0.02317095223427276
328,37,1.3255817899108582,0,0,-0.06981708414920876,-0.06981708414920876
334,37,0.36195935879176544,0,0,0.007890675760734787,0.007890675760734787
335,37,0.6384701548170021,0,0,0.0453019418114903,0.0453019418114903
346,37,1.5933425539864674,0,0,-0.14815341008923683,-0.14815341008923683
350,37,1.4595442972669073,0,0,-0.15972210272292844,-0.15972210272292844
353,37,0.9476777820935426,0,0,-0.002572492756207828,-0.002572492756207828
354,37,0.9151223377988574,0,0,0.012716050541089187,0.012716050541089187
358,37,0.9122756331008104,0,0,0.03201376206610356,0.03201376206610356
359,37,1.1516338419928838,0,0,0.03233810596667092,0.03233810596667092
364,37,1.2595040530813124,0,0,-0.08880082606474726,-0.08880082606474726
370,37,0.5251399934107489,0,0,-0.028270149040375597,-0.028270149040375597
373,37,1.0484250288914652,0,0,-0.017371466786665558,-0.017371466786665558
374,37,1.0015660044974424,0,0,-0.04921570093532158,-0.04921570093532158
375,37,1.398041030323492,0,0,-0.1325737838096574,-0.1325737838096574
384,37,0.3671847947800528,0,0,0.00919100213997917,0.00919100213997917
385,37,0.2849236320351253,0,0,0.01731744803451076,0.01731744803451076
388,37,1.068787717214395,0,0,0.006183311267730522,0.006183311267730522
390,37,0.2723714757265683,0,0,-0.012271713415950049,-0.012271713415950049
399,37,1.0061729648846296,0,0,-0.07709665202204341,-0.07709665202204341
54,38,0.5060434296063956,0,0,0.09725833802203046,0.09725833802203046
55,38,1.317045973557183,0,0,-0.021498705240337673,-0.021498705240337673
70,38,0.4353760781075344,0,0,-0.015247294439687711,-0.015247294439687711
79,38,1.3194904942687202,0,0,-0.09690198219330683,-0.09690198219330683
82,38,1.3936149540361584,0,0,0.21648749611364126,0.21648749611364126
89,38,1.5975490296004935,0,0,-0.05722405023442505,-0.05722405023442505
92,38,1.4729410515090782,0,0,-0.13273104609213224,-0.13273104609213224
94,38,1.287147753709434,0,0,0.012065238540981155,0.012065238540981155
106,38,1.4774511667403534,0,0,-0.06923193518654146,-0.06923193518654146
113,38,1.0913352102450071,0,0,0.02382389074341998,0.02382389074341998
115,38,1.3462453020937386,0,0,-0.10645703263831278,-0.10645703263831278
118,38,0.9872619911024194,0,0,-0.05291329733756785,-0.05291329733756785
120,38,0.6119157860625193,0,0,0.0035635555650845308,0.0035635555650845308
143,38,0.9697362207113688,0,0,-0.06813630182785857,-0.06813630182785857
145,38,1.2951250483503036,0,0,0.27549469729228443,0.27549469729228443
151,38,0.8714565004922905,0,0,-0.0541532881553662,-0.0541532881553662
154,38,1.1519682297580567,0,0,-0.07183335404451888,-0.07183335404451888
167,38,1.1259220833865042,0,0,0.06311451578437813,0.06311451578437813
193,38,0.8376511352185025,0,0,-0.05866405697479499,-0.05866405697479499
194,38,0.900448402069325,0,0,-0.067035280284669,-0.067035280284669
197,38,0.7073378471380137,0,0,-0.036177000004386256,-0.036177000004386256
203,38,1.570703293296866,0,0,-0.0038401199331528496,-0.0038401199331528496
205,38,0.9973830592777618,0,0,-0.07785660466297062,-0.07785660466297062
212,38,1.3848613270623504,0,0,0.043757926917447204,0.043757926917447204
219,38,1.1400461567499116,0,0,-0.0852058281276331,-0.0852058281276331
229,38,1.5259865100316614,0,0,-0.11753799987945125,-0.11753799987945125
232,38,0.3222070124269845,0,0,0.01793612041826928,0.01793612041826928
235,38,1.3995750459965668,0,0,-0.029468571990331274,-0.029468571990331274
238,38,1.167081453640389,0,0,-0.055254985210235585,-0.055254985210235585
248,38,1.3502351197275602,0,0,0.24887544854344323,0.24887544854344323
255,38,0.5742772795752953,0,0,0.019558122509457848,0.019558122509457848
256,38,1.5838137550246512,0,0,0.03486396140372275,0.03486396140372275
258,38,0.7528677307266178,0,0,0.10865374563896774,0.10865374563896774
261,38,1.5460082543796205,0,0,-0.11103516952771741,-0.11103516952771741
268,38,0.654937670734564,0,0,-0.02563521330494202,-0.02563521330494202
277,38,0.319916526415387,0,0,0.0157890617357625,0.0157890617357625
282,38,0.7598671643025094,0,0,-0.053180292854895755,-0.053180292854895755
287,38,0.6765874209733089,0,0,0.07504056762556147,0.07504056762556147
288,38,1.3921534782583282,0,0,-0.03012312235853723,-0.03012312235853723
298,38,0.9587234230132049,0,0,-0.07379316714208362,-0.07379316714208362
302,38,1.5628456735953116,0,0,-0.021009691200267536,-0.021009691200267536
306,38,1.145757854253449,0,0,0.0377849561733172,0.0377849561733172
327,38,0.9557142701066148,0,0,0.18639298842299978,0.18639298842299978
332,38,0.8308566014657773,0,0,0.0884997495044906,0.0884997495044906
335,38,1.5474039258362289,0,0,-0.03413263380606975,-0.03413263380606975
340,38,0.8635939059226103,0,0,-0.006550524052550008,-0.006550524052550008
344,38,1.175645951814835,0,0,-0.022825123420547933,-0.022825123420547933
348,38,1.4076813052401853,1,1,0.31967395098622187,-0.6803260490137781
353,38,1.184423794404493,0,0,-0.08200706837376787,-0.08200706837376787
358,38,0.7915036422362196,0,0,-0.047420813551456484,-0.047420813551456484
371,38,1.3454532267234531,0,0,0.04754110345629356,0.04754110345629356
376,38,1.5565022462563,0,0,0.07277225722621003,0.07277225722621003
385,38,1.4264680466616093,0,0,-0.062117127583049284,-0.062117127583049284
387,38,1.3319958066718802,0,0,-0.07626653883648729,-0.07626653883648729
388,38,0.9967962076170922,0,0,-0.07325126434982952,-0.07325126434982952
392,38,0.6103408723978486,0,0,-0.030457337416090177,-0.030457337416090177
395,38,1.3951444610571035,0,0,-0.11008111907230887,-0.11008111907230887
397,38,0.6865271375414845,0,0,-0.014500042841993604,-0.014500042841993604
43,39,0.030659392690182426,0,0,-0.0067442120091233465,-0.0067442120091233465
61,39,1.4065150237717379,0,0,-0.16190692816748392,-0.16190692816748392
65,39,1.4114495173345816,0,0,-0.09009975948888486,-0.09009975948888486
72,39,1.0794560114743168,0,0,-0.083947947551528,-0.083947947551528
79,39,1.5170644426305044,0,0,0.037146115162303026,0.037146115162303026
80,39,1.4235628069796131,0,0,-0.022774846435795523,-0.022774846435795523
81,39,0.5957408238287764,0,0,0.005196093630226828,0.005196093630226828
86,39,1.2700529569686418,0,0,0.2156981385019395,0.2156981385019395
94,39,1.2916848466490827,0,0,0.146113335896591,0.146113335896591
98,39,0.6279843962674678,0,0,-0.07948941576327188,-0.07948941576327188
99,39,1.2063149224846863,0,0,-0.17349359656629237,-0.17349359656629237
103,39,1.2817774963456539,0,0,-0.20953791615987388,-0.20953791615987388
104,39,1.2387717067455453,0,0,-0.1973625272751186,-0.1973625272751186
111,39,0.7480649891645227,0,0,0.01777841494916534,0.01777841494916534
121,39,1.0953832807493116,0,0,0.1891585732296008,0.1891585732296008
125,39,0.654479274091025,0,0,0.0660630657963914,0.0660630657963914
130,39,1.5444322819568366,0,0,-0.2386227975208268,-0.2386227975208268
136,39,0.44077452293473296,0,0,0.0021859192150849244,0.0021859192150849244
137,39,1.3364126012479818,0,0,-0.2202923162576077,-0.2202923162576077
139,39,1.0565114579022319,0,0,-0.0215967154464245,-0.0215967154464245
143,39,1.3560762419760852,0,0,0.06591179552775128,0.06591179552775128
146,39,1.5715842558915523,0,0,0.2780597963800259,0.2780597963800259
148,39,1.3079473661129004,0,0,0.21472795227323835,0.21472795227323835
154,39,1.139504808026567,0,0,0.062214743311090975,0.062214743311090975
163,39,0.5730068868434545,0,0,0.10030127014581726,0.10030127014581726
170,39,1.444090030100317,0,0,-0.25207878348816787,-0.25207878348816787
172,39,1.5078925715064526,0,0,-0.11766861671956853,-0.11766861671956853
184,39,1.2864677626135312,0,0,-0.2013008884313044,-0.2013008884313044
187,39,1.1949350090099822,0,0,0.13875777472322973,0.13875777472322973
191,39,1.1500032899063712,0,0,-0.13974645405641106,-0.13974645405641106
194,39,1.5837932027416317,0,0,0.06701281707094085,0.06701281707094085
197,39,1.481782904381011,0,0,0.0978710973512236,0.0978710973512236
203,39,0.8166277463498267,0,0,0.130207977422457,0.130207977422457
205,39,1.569579424123219,0,0,0.05619149269263924,0.05619149269263924
209,39,1.4382216451113592,0,0,0.20359057349402118,0.20359057349402118
212,39,1.5837418554836837,0,0,0.17780602427305706,0.17780602427305706
217,39,1.597672155037757,0,0,-0.03284246307638721,-0.03284246307638721
223,39,1.4504795679375957,0,0,-0.0920975357346109,-0.0920975357346109
225,39,0.9528918914204009,0,0,0.07205399902642563,0.07205399902642563
233,39,0.34686575995899965,0,0,0.04189681547397722,0.04189681547397722
235,39,0.7919704180889411,0,0,0.10457952536527858,0.10457952536527858
236,39,1.1595169067506055,0,0,-0.02010102278595761,-0.02010102278595761
239,39,0.8694247500600059,0,0,0.1513745264564122,0.1513745264564122
247,39,0.5212018596542953,0,0,0.07182613545021002,0.07182613545021002
250,39,0.9528854370085822,0,0,-0.1118774194142046,-0.1118774194142046
261,39,1.0320034374549816,0,0,0.02301292782789243,0.02301292782789243
264,39,1.000310919192667,0,0,-0.061185888812966674,-0.061185888812966674
266,39,1.5123512417404696,0,0,-0.06642781299395828,-0.06642781299395828
268,39,1.5089313672096056,0,0,0.10841288405066783,0.10841288405066783
281,39,1.4700854969345207,0,0,0.24804231052070233,0.24804231052070233
288,39,0.837754975936991,0,0,0.10392497499707262,0.10392497499707262
295,39,1.0042179954312214,0,0,-0.1278008941410399,-0.1278008941410399
308,39,1.5980514020555237,0,0,0.24798874033159285,0.24798874033159285
313,39,0.6566411131542457,0,0,0.09656434058775124,0.09656434058775124
315,39,1.454619576421489,0,0,0.2310377407365134,0.2310377407365134
319,39,1.0767680316702974,0,0,-0.1498170924348547,-0.1498170924348547
323,39,1.051594419637614,0,0,-0.09247699490915967,-0.09247699490915967
324,39,1.4099292734226443,0,0,0.08002361521463817,0.08002361521463817
325,39,1.2814709533786313,0,0,0.0655625844829025,0.0655625844829025
340,39,1.4761803110600198,0,0,0.12749757330305983,0.12749757330305983
341,39,1.4538657436359061,0,0,-0.16705992982924714,-0.16705992982924714
342,39,1.4464773448644197,0,0,-0.102789820999675,-0.102789820999675
344,39,1.0816200590814378,0,0,0.11122297393506192,0.11122297393506192
351,39,1.5586379226238616,0,0,-0.16792958308267464,-0.16792958308267464
352,39,0.5482484392926477,0,0,-0.06939970953867725,-0.06939970953867725
387,39,0.9584971987517366,0,0,0.05778155851912256,0.05778155851912256
392,39,1.5377943828671112,0,0,0.10359075993951967,0.10359075993951967
395,39,1.3226144759580056,0,0,0.023966978283300983,0.023966978283300983
397,39,1.5056570962903282,0,0,0.11954805451361625,0.11954805451361625
48,40,1.506134035404898,0,0,0.18046796816518834,0.18046796816518834
50,40,0.9008550350251914,0,0,0.10083741602534468,0.10083741602534468
53,40,1.3471006712080715,0,0,-0.15038901666697493,-0.15038901666697493
58,40,0.7099700462919278,0,0,0.09723251365719843,0.09723251365719843
64,40,1.5962695552445625,1,1,0.31229617479248306,-0.6877038252075169
74,40,0.7261682955366151,0,0,-0.07659062759160197,-0.07659062759160197
75,40,1.142542470713192,0,0,0.16707294029600694,0.16707294029600694
78,40,1.58508592113523,0,0,-0.20867284838280617,-0.20867284838280617
87,40,0.6343820145207607,0,0,0.004193943866552391,0.004193943866552391
89,40,1.5814641130560299,0,0,-0.11583000924745472,-0.11583000924745472
101,40,0.17160495732385264,0,0,0.008200332787830306,0.008200332787830306
116,40,1.4559864822655333,0,0,-0.20377860186587485,-0.20377860186587485
135,40,1.112725133326184,0,0,0.18882466124016994,0.18882466124016994
164,40,0.9948526423503713,0,0,-0.06550802962387281,-0.06550802962387281
165,40,0.9192132215888672,0,0,0.05639918197641361,0.05639918197641361
174,40,1.0178320894031174,0,0,0.06725149357895727,0.06725149357895727
187,40,1.5816741545666493,0,0,-0.0538962816454098,-0.0538962816454098
195,40,1.1096700996100044,0,0,0.012963806359681557,0.012963806359681557
199,40,0.6562881623427272,0,0,0.04625724819979973,0.04625724819979973
200,40,1.3185872051864878,0,0,-0.12906376466798758,-0.12906376466798758
204,40,1.1300856991599955,0,0,0.07403623803786286,0.07403623803786286
214,40,0.7116158033569019,0,0,-0.048643542335885664,-0.048643542335885664
221,40,0.31036818775050645,0,0,0.002507204641061772,0.002507204641061772
224,40,1.127272823220214,0,0,-0.14607221332164727,-0.14607221332164727
241,40,0.642681913482402,0,0,0.07201061398227643,0.07201061398227643
249,40,0.39658066409325704,0,0,-0.03083506041589018,-0.03083506041589018
253,40,0.9398470957238467,0,0,0.05956247693147876,0.05956247693147876
254,40,1.1052049341711359,0,0,0.06985281607852234,0.06985281607852234
257,40,1.3255386837653065,0,0,-0.16126578692652876,-0.16126578692652876
262,40,1.2468271182300241,0,0,0.1564447933149144,0.1564447933149144
271,40,0.7741767093708022,0,0,0.10405451530424648,0.10405451530424648
272,40,1.0560856654542279,0,0,0.04755794052951404,0.04755794052951404
275,40,1.23210192708896,0,0,-0.10260613017585506,-0.10260613017585506
278,40,0.730654136315308,0,0,-0.033851338501422606,-0.033851338501422606
279,40,0.22811397842280964,0,0,0.024149134257468702,0.024149134257468702
286,40,1.2612551950848818,0,0,-0.07685385183740191,-0.07685385183740191
305,40,0.878422641122434,0,0,-0.08561657514206265,-0.08561657514206265
307,40,1.2607473379354786,0,0,0.1977114734602976,0.1977114734602976
314,40,1.329068766174395,0,0,0.05568857298315563,0.05568857298315563
317,40,0.9197309019580634,0,0,0.10445839650732297,0.10445839650732297
318,40,0.5568210660861178,0,0,0.06300738002512701,0.06300738002512701
321,40,1.3268567432597362,0,0,-0.15783585585618992,-0.15783585585618992
324,40,1.2777810208502023,0,0,-0.11263044115400135,-0.11263044115400135
325,40,1.4565857593418714,0,0,-0.12709147188573702,-0.12709147188573702
334,40,1.5490021332230488,0,0,-0.13014985886985492,-0.13014985886985492
335,40,1.5623687456267148,0,0,-0.09273859281909942,-0.09273859281909942
338,40,1.1016269376527712,0,0,0.08898068370485329,0.08898068370485329
354,40,1.0826200622240891,0,0,-0.12532448408950053,-0.12532448408950053
359,40,0.875576152118501,0,0,-0.1057024286639188,-0.1057024286639188
369,40,0.961452370477797,0,0,0.04127386148605294,0.04127386148605294
372,40,0.21015015532501846,0,0,0.012683764507140483,0.012683764507140483
373,40,1.354373216960896,0,0,-0.15541200141725528,-0.15541200141725528
379,40,0.7004494362406151,0,0,0.09723251365719865,0.09723251365719865
380,40,0.7484000186798913,0,0,0.09442270332280905,0.09442270332280905
383,40,1.2092675656210508,0,0,0.17695583932788178,0.17695583932788178
384,40,1.5059847874604244,0,0,-0.12884953249061054,-0.12884953249061054
386,40,0.16525326965550086,0,0,-0.006871636937543307,-0.006871636937543307
389,40,0.4334216467595028,0,0,0.04305714379904654,0.04305714379904654
391,40,1.4101869605672843,0,0,0.2158045658115616,0.2158045658115616
393,40,1.0694887520618974,0,0,0.10982210109820734,0.10982210109820734
55,41,1.1608783722093785,0,0,-0.21358922454120385,-0.21358922454120385
66,41,0.6382865955690487,0,0,-0.0684231936239535,-0.0684231936239535
82,41,1.3149211643872105,0,0,0.024396976812775084,0.024396976812775084
89,41,1.539862929630566,0,0,-0.24931456953529124,-0.24931456953529124
106,41,1.5855269699142682,0,0,-0.26132245448740765,-0.26132245448740765
112,41,1.4351528311948831,0,0,0.24046219916783862,0.24046219916783862
113,41,1.0580804236797918,0,0,-0.1682666285574462,-0.1682666285574462
118,41,1.594042641084553,0,0,-0.245003816638434,-0.245003816638434
120,41,1.5224033487882047,0,0,-0.18852696373578165,-0.18852696373578165
124,41,1.2631476339072825,0,0,0.22649828741888045,0.22649828741888045
127,41,0.6225340942990762,0,0,-0.11319564251066841,-0.11319564251066841
133,41,1.2566286073158697,0,0,0.38166845614312594,0.38166845614312594
138,41,0.31048857148174297,0,0,0.09691900474033938,0.09691900474033938
142,41,0.5237656140163177,0,0,-0.12320544350740403,-0.12320544350740403
161,41,1.197889465843311,0,0,0.28728403097654753,0.28728403097654753
164,41,1.4702055961931202,0,0,-0.19899258991170932,-0.19899258991170932
171,41,1.425156936041703,1,1,0.25891630711743474,-0.7410836928825653
177,41,0.6250053903364887,0,0,-0.018472488762298234,-0.018472488762298234
179,41,1.5660702596061518,0,0,-0.2636015409859554,-0.2636015409859554
185,41,1.5319662632802844,0,0,0.3562434653980484,0.3562434653980484
201,41,0.37763221627703314,0,0,0.10837362208764106,0.10837362208764106
211,41,1.5130749531212035,0,0,-0.26606287028200853,-0.26606287028200853
238,41,1.5433991558185929,0,0,-0.24734550451110177,-0.24734550451110177
256,41,0.7490377915110342,0,0,-0.15722655789714343,-0.15722655789714343
275,41,1.4825859592141128,0,0,-0.23609069046369158,-0.23609069046369158
286,41,1.3388257236822483,0,0,-0.2103384121252384,-0.2103384121252384
292,41,0.7085462386186427,0,0,0.0940966559929799,0.0940966559929799
301,41,1.227638080790532,0,0,0.1816951339838334,0.1816951339838334
302,41,1.0878435600857144,0,0,-0.2131002105011337,-0.2131002105011337
310,41,1.2386767902909175,0,0,0.2562415671574638,0.2562415671574638
314,41,1.1733959173983453,0,0,-0.07779598730468087,-0.07779598730468087
335,41,1.233824055442756,0,0,-0.22622315310693591,-0.22622315310693591
337,41,1.4746221586725643,0,0,0.11153341381230714,0.11153341381230714
345,41,1.296759695214499,0,0,0.36181313364805967,0.36181313364805967
349,41,1.3853934215226993,0,0,0.2756817811235507,0.2756817811235507
357,41,1.115737085665338,0,0,0.04536395455115333,0.04536395455115333
377,41,1.3660978093388099,0,0,0.35898101865563614,0.35898101865563614
385,41,1.5373375632038984,0,0,-0.25420764688391545,-0.25420764688391545
396,41,1.318835085141229,1,1,0.19947225257242174,-0.8005277474275783
400,41,1.56609974151508,0,0,0.2863232646386875,0.2863232646386875
62,42,1.0227297998424487,46,-1,-0.18759069755419067,0.8124093024458093
65,42,1.4530523068764016,0,0,0.20446729751891496,0.20446729751891496
96,42,1.3515481860911158,0,0,0.0011161036330752383,0.0011161036330752383
98,42,1.478712729611193,0,0,0.21507764124452794,0.21507764124452794
99,42,1.545591291601269,0,0,0.12107346044150746,0.12107346044150746
103,42,1.1635077851926539,0,0,0.08502914084792595,0.08502914084792595
104,42,0.9226599722337531,0,0,0.09720452973268123,0.09720452973268123
130,42,1.5646200298630217,0,0,0.05594425948697304,0.05594425948697304
137,42,1.1356839824332565,0,0,0.07427474075019214,0.07427474075019214
160,42,1.3727010099621946,0,0,0.08541811433214902,0.08541811433214902
170,42,1.1989057172639717,0,0,0.04248827351963197,0.04248827351963197
173,42,1.3541661955550757,0,0,-0.17966653130457028,-0.17966653130457028
183,42,0.947679094061484,0,0,0.11822419428391792,0.11822419428391792
184,42,0.963644379711378,0,0,0.09326616857649545,0.09326616857649545
191,42,1.0944739735141904,0,0,0.15482060295138877,0.15482060295138877
213,42,1.244565499830796,0,0,0.13256961532297795,0.13256961532297795
230,42,1.232911701026665,46,-1,-0.20638370803162864,0.7936162919683714
269,42,1.4233974799765106,46,-1,-0.21724101086245295,0.782758989137547
280,42,0.8335981738952462,0,0,-0.1383706065511366,-0.1383706065511366
283,42,1.2171713117584564,46,-1,-0.20638370803162798,0.793616291968372
284,42,1.5778013749398836,46,-1,-0.09610704641517365,0.9038929535848264
285,42,1.1887434784736726,0,0,-0.02658284021694801,-0.02658284021694801
300,42,0.2947799903675716,0,0,0.013630082649977615,0.013630082649977615
319,42,1.3194104472498158,0,0,0.14474996457294514,0.14474996457294514
329,42,1.558020055778789,46,-1,-0.3797685889126463,0.6202314110873537
341,42,0.7250688042436589,0,0,0.1275071271785527,0.1275071271785527
351,42,0.840991009986672,0,0,0.1266374739251252,0.1266374739251252
361,42,1.577811438552513,0,0,0.04222169373023732,0.04222169373023732
362,42,1.5167957848777311,46,-1,-0.13150962328211235,0.8684903767178876
366,42,1.4997818324436574,46,-1,-0.34676782720006927,0.6532321727999307
382,42,0.4534139861138955,0,0,0.07361735681914372,0.07361735681914372
398,42,0.6547759507662098,0,0,0.0008770691356104754,0.0008770691356104754
61,43,1.415743781318057,0,0,-0.15516271615836058,-0.15516271615836058
65,43,1.399564292714666,0,0,-0.08335554747976152,-0.08335554747976152
72,43,1.0774401807571492,0,0,-0.07720373554240466,-0.07720373554240466
79,43,1.4974020793641298,0,0,0.04389032717142637,0.04389032717142637
80,43,1.4175107753232992,0,0,-0.01603063442667218,-0.01603063442667218
81,43,0.5772838543176305,0,0,0.011940305639350175,0.011940305639350175
86,43,1.2968555572686449,0,0,0.22244235051106284,0.22244235051106284
94,43,1.305856038612715,0,0,0.15285754790571435,0.15285754790571435
98,43,0.6243925211998649,0,0,-0.07274520375414854,-0.07274520375414854
99,43,1.2144718778601142,0,0,-0.16674938455716903,-0.16674938455716903
103,43,1.2907411104485218,0,0,-0.20279370415075054,-0.20279370415075054
104,43,1.2456323006835468,0,0,-0.19061831526599526,-0.19061831526599526
111,43,0.7495631884455651,0,0,0.024522626958288683,0.024522626958288683
121,43,1.1220894686482572,0,0,0.19590278523872415,0.19590278523872415
125,43,0.6691676254867578,0,0,0.07280727780551476,0.07280727780551476
130,43,1.5584264311898568,0,0,-0.23187858551170346,-0.23187858551170346
136,43,0.4440491556276107,0,0,0.008930131224208271,0.008930131224208271
137,43,1.3429286134979013,0,0,-0.21354810424848436,-0.21354810424848436
139,43,1.0383910205599634,0,0,-0.014852503437301155,-0.014852503437301155
143,43,1.3439572530453177,0,0,0.07265600753687462,0.07265600753687462
148,43,1.3344927068291215,0,0,0.2214721642823617,0.2214721642823617
154,43,1.128465746948873,0,0,0.06895895532021432,0.06895895532021432
163,43,0.5880779541559629,0,0,0.1070454821549406,0.1070454821549406
170,43,1.4563390925654476,0,0,-0.24533457147904453,-0.24533457147904453
172,43,1.5102889707575593,0,0,-0.11092440471044519,-0.11092440471044519
184,43,1.2933474209913383,0,0,-0.19455667642218105,-0.19455667642218105
187,43,1.211349283518876,0,0,0.14550198673235307,0.14550198673235307
191,43,1.1493571761425307,0,0,-0.13300224204728772,-0.13300224204728772
194,43,1.5698834202689693,0,0,0.0737570290800642,0.0737570290800642
197,43,1.4776459940008713,0,0,0.10461530936034694,0.10461530936034694
203,43,0.832823191827936,0,0,0.13695218943158036,0.13695218943158036
205,43,1.5542202670800846,0,0,0.06293570470176259,0.06293570470176259
209,43,1.4615720660850806,0,0,0.21033478550314452,0.21033478550314452
212,43,1.5987622110706228,0,0,0.1845502362821804,0.1845502362821804
217,43,1.579885979095608,0,0,-0.026098251067263864,-0.026098251067263864
223,43,1.4489779374762015,0,0,-0.08535332372548755,-0.08535332372548755
225,43,0.9601018630992374,0,0,0.07879821103554897,0.07879821103554897
233,43,0.36182815540334723,0,0,0.04864102748310057,0.04864102748310057
235,43,0.7975407974385605,0,0,0.11132373737440192,0.11132373737440192
236,43,1.1557604691633148,0,0,-0.013356810776834266,-0.013356810776834266
239,43,0.8932102058600873,0,0,0.15811873846553554,0.15811873846553554
247,43,0.5294197019471781,0,0,0.07857034745933336,0.07857034745933336
250,43,0.9535269357135189,0,0,-0.10513320740508127,-0.10513320740508127
261,43,1.0164621041633806,0,0,0.029757139837015778,0.029757139837015778
264,43,0.9974740959032399,0,0,-0.05444167680384333,-0.05444167680384333
266,43,1.509492108150697,0,0,-0.05968360098483493,-0.05968360098483493
268,43,1.5062897225583092,0,0,0.11515709605979117,0.11515709605979117
281,43,1.4982523213180121,0,0,0.2547865225298257,0.2547865225298257
288,43,0.8430152444399328,0,0,0.11066918700619596,0.11066918700619596
295,43,1.0070718857574112,0,0,-0.12105668213191656,-0.12105668213191656
313,43,0.6714753428779966,0,0,0.10330855259687458,0.10330855259687458
315,43,1.4826235561441665,0,0,0.23778195274563674,0.23778195274563674
319,43,1.0827131075052163,0,0,-0.14307288042573135,-0.14307288042573135
323,43,1.052535067187439,0,0,-0.08573278290003633,-0.08573278290003633
324,43,1.4125991815283303,0,0,0.08676782722376152,0.08676782722376152
325,43,1.2824641341237517,0,0,0.07230679649202584,0.07230679649202584
340,43,1.4793892356574416,0,0,0.1342417853121832,0.1342417853121832
341,43,1.455531771870373,0,0,-0.1603157178201238,-0.1603157178201238
342,43,1.446752036066195,0,0,-0.09604560899055166,-0.09604560899055166
344,43,1.0878846877575679,0,0,0.11796718594418526,0.11796718594418526
351,43,1.557419045016261,0,0,-0.1611853710735513,-0.1611853710735513
352,43,0.5464087218089446,0,0,-0.0626554975295539,-0.0626554975295539
387,43,0.9456938515529283,0,0,0.0645257705282459,0.0645257705282459
392,43,1.535397066023672,0,0,0.11033497194864302,0.11033497194864302
395,43,1.3045667811233321,0,0,0.030711190292424327,0.030711190292424327
397,43,1.5068815233753934,0,0,0.1262922665227396,0.1262922665227396
55,44,1.5490363003106877,0,0,0.11969592399104922,0.11969592399104922
56,44,0.4010258357145828,0,0,0.028916411448022546,0.028916411448022546
59,44,1.0206169368189437,0,0,0.03755636937791444,0.03755636937791444
73,44,1.4686297194162332,46,-1,-0.25405699204130094,0.7459430079586991
74,44,1.5025367238646614,0,0,0.1232099606528146,0.1232099606528146
77,44,1.1602306561719062,0,0,-0.11176434303853414,-0.11176434303853414
88,44,1.3915526066710697,0,0,-0.12496332481643982,-0.12496332481643982
89,44,1.1339790169093564,0,0,0.08397057899696185,0.08397057899696185
97,44,0.8168599867393012,0,0,0.0342375647391546,0.0342375647391546
102,44,1.5742614752660744,0,0,-0.05640217819016298,-0.05640217819016298
106,44,1.1265464356709753,0,0,0.07196269404484544,0.07196269404484544
116,44,1.3590246313769005,0,0,-0.0039780136214582675,-0.0039780136214582675
122,44,1.3303851611698516,0,0,0.029928510683813775,0.029928510683813775
129,44,0.4008207976280279,0,0,0.012991205665598866,0.012991205665598866
162,44,0.9971638983712623,0,0,0.024092818643819305,0.024092818643819305
164,44,1.4962941141727883,0,0,0.13429255862054376,0.13429255862054376
176,44,0.625859253409546,0,0,-0.027759856165971604,-0.027759856165971604
178,44,0.7872263709683732,0,0,-0.01810570879725633,-0.01810570879725633
179,44,0.8988238980886887,0,0,0.0696836075462977,0.0696836075462977
186,44,1.0425174653412028,0,0,-0.04807347227601014,-0.04807347227601014
189,44,1.5386862029375012,0,0,-0.07540674584008608,-0.07540674584008608
192,44,0.32893406921462,0,0,0.008845513080274637,0.008845513080274637
200,44,0.9173571673807348,0,0,0.07073682357642898,0.07073682357642898
202,44,0.7698545466917549,0,0,-0.006328300228193787,-0.006328300228193787
211,44,0.9467628546908392,0,0,0.06722227825024456,0.06722227825024456
215,44,0.17806258702179997,0,0,0.004929795687027639,0.004929795687027639
224,44,1.20961226297019,0,0,0.05372837492276929,0.05372837492276929
238,44,1.4442925545626502,0,0,0.08593964402115131,0.08593964402115131
243,44,0.9123782141776333,0,0,-0.02492328218933898,-0.02492328218933898
252,44,0.6581468573884014,0,0,0.04422873895987621,0.04422873895987621
257,44,1.0640864776461252,0,0,0.03853480131788782,0.03853480131788782
270,44,0.9204651750033153,0,0,-0.050016909307033494,-0.050016909307033494
275,44,1.2933555260100698,0,0,0.09719445806856152,0.09719445806856152
286,44,1.4579960380335644,0,0,0.12294673640701466,0.12294673640701466
289,44,1.4991341088351644,0,0,-0.17338058240568743,-0.17338058240568743
291,44,1.4945745005141835,46,-1,-0.24567466263028048,0.7543253373697195
297,44,0.7378763025906633,0,0,-0.04487091724945493,-0.04487091724945493
302,44,1.447614780795012,0,0,0.12018493803111936,0.12018493803111936
303,44,1.0899093702327742,0,0,-0.0065781124180111315,-0.0065781124180111315
305,44,1.3721438820419507,0,0,0.11418401310235392,0.11418401310235392
320,44,1.33845764730767,46,-1,-0.18865514474605394,0.8113448552539461
321,44,1.0126565794663036,0,0,0.041964732388226636,0.041964732388226636
322,44,0.7450618636815552,0,0,0.0385891013795541,0.0385891013795541
328,44,0.9290593270577887,0,0,-0.008057030535381907,-0.008057030535381907
333,44,1.3585834174903635,0,0,-0.13374045633146994,-0.13374045633146994
334,44,0.8534814700648874,0,0,0.06965072937456164,0.06965072937456164
335,44,1.3641943139511228,0,0,0.10706199542531715,0.10706199542531715
339,44,1.530243721884803,0,0,-0.12556866388444013,-0.12556866388444013
346,44,0.7757669463993468,0,0,-0.08639335647540998,-0.08639335647540998
350,44,0.7010867705598708,0,0,-0.09796204910910158,-0.09796204910910158
354,44,1.171186601170346,0,0,0.07447610415491604,0.07447610415491604
359,44,1.364972052983266,0,0,0.09409815958049778,0.09409815958049778
364,44,0.3771724810425142,0,0,-0.027040772450920403,-0.027040772450920403
370,44,0.9874398026185403,0,0,0.03348990457345126,0.03348990457345126
373,44,1.0829638721814745,0,0,0.0443885868271613,0.0443885868271613
374,44,1.4154980333119012,0,0,0.012544352678505274,0.012544352678505274
375,44,0.9011329769085944,0,0,-0.07081373019583055,-0.07081373019583055
384,44,1.0057109996535591,0,0,0.07095105575380603,0.07095105575380603
385,44,1.1943076605306788,0,0,0.07907750164833761,0.07907750164833761
390,44,0.6448563655143574,0,0,0.049488340197876804,0.049488340197876804
399,44,0.3882881487021053,0,0,-0.015336598408216556,-0.015336598408216556
76,45,1.3427584031117181,0,0,0.11663883483584375,0.11663883483584375
82,45,1.3802694154065758,46,-1,-0.319437423219748,0.680562576780252
83,45,1.416931635702269,0,0,-0.061103455797936634,-0.061103455797936634
90,45,1.1345391244138787,0,0,0.02873570443603718,0.02873570443603718
105,45,1.443545954471038,0,0,0.3013338795150863,0.3013338795150863
107,45,1.1062012871802545,0,0,0.26193498545874233,0.26193498545874233
110,45,1.1451568716650775,0,0,0.05578447192110075,0.05578447192110075
119,45,0.48402822828766,0,0,0.12547884642621784,0.12547884642621784
132,45,0.9683699361348783,0,0,0.251841841662364,0.251841841662364
140,45,1.5279091435559968,0,0,-0.09308573646346147,-0.09308573646346147
145,45,1.258724330670084,46,-1,-0.2604302220411048,0.7395697779588952
147,45,0.651591177285895,0,0,0.07029315456263674,0.07029315456263674
171,45,1.1439974793722811,0,0,-0.08491809291508834,-0.08491809291508834
181,45,0.29876657979777027,0,0,0.03147913842780459,0.03147913842780459
240,45,1.4127939655161488,0,0,0.31881327789887265,0.31881327789887265
244,45,0.9319715075867078,0,0,0.1944472238474309,0.1944472238474309
248,45,1.2850000303510747,46,-1,-0.287049470789946,0.712950529210054
267,45,1.2413172024851635,0,0,0.10731411626822987,0.10731411626822987
276,45,0.547623688524669,0,0,-0.06230244922567907,-0.06230244922567907
290,45,0.8736111676164895,0,0,0.17784562049844524,0.17784562049844524
304,45,0.5206028568690649,0,0,-0.06760296689736317,-0.06760296689736317
312,45,0.9343788608657019,0,0,0.21679547492300347,0.21679547492300347
326,45,1.0685547902015793,0,0,0.2645677668834974,0.2645677668834974
332,45,1.5753944024897655,46,-1,-0.4474251698288987,0.5525748301711013
355,45,1.1608162347094004,46,-1,-0.1873094728396968,0.8126905271603032
357,45,1.5041242945935842,46,-1,-0.2984704454813698,0.7015295545186302
374,45,1.5546667968161725,0,0,0.3354248041137291,0.3354248041137291
396,45,1.2059473161967043,0,0,-0.14436214746010134,-0.14436214746010134
53,46,0.8095143593724939,0,0,0.12138620759619217,0.12138620759619217
67,46,0.7513821229122896,0,0,-0.05650903255226179,-0.05650903255226179
72,46,1.0599692942112524,0,0,-0.004826779657000402,-0.004826779657000402
78,46,0.4649140565544463,0,0,0.06310237588036097,0.06310237588036097
80,46,0.4900015717681936,0,0,0.05634632145873207,0.05634632145873207
102,46,0.7759679072471526,0,0,0.015572457828587571,0.015572457828587571
111,46,1.1933881325816158,0,0,0.09689958284369293,0.09689958284369293
116,46,0.9438499071382128,0,0,0.06799662239729229,0.06799662239729229
125,46,1.5607401732458088,0,0,0.145184233690919,0.145184233690919
128,46,0.8139739561096723,0,0,-0.04367722764378128,-0.04367722764378128
136,46,1.4832971931120735,0,0,0.08130708710961253,0.08130708710961253
157,46,0.6608269021862078,0,0,-0.02554895186161478,-0.02554895186161478
166,46,1.5226743880547768,0,0,-0.15334246655302874,-0.15334246655302874
172,46,1.029169205930625,0,0,-0.038547448825040936,-0.038547448825040936
178,46,1.5876836747312595,0,0,0.05386892722149422,0.05386892722149422
182,46,1.441496131721516,0,0,-0.29759279594520643,-0.29759279594520643
189,46,0.9157266856967403,0,0,-0.00343210982133553,-0.00343210982133553
214,46,1.5069680077957825,0,0,0.22313168192728144,0.22313168192728144
223,46,0.7887074878758215,0,0,-0.012976367840083297,-0.012976367840083297
224,46,1.3271633952407258,0,0,0.12570301094151984,0.12570301094151984
225,46,1.273728618803811,0,0,0.15117516692095323,0.15117516692095323
228,46,1.397926648866568,0,0,-0.22922348089283628,-0.22922348089283628
234,46,1.327883965198084,0,0,-0.2752976674969003,-0.2752976674969003
236,46,0.7405231718183001,0,0,0.05902014510856998,0.05902014510856998
245,46,1.3050613064259209,0,0,-0.08151875191640971,-0.08151875191640971
257,46,1.317930242495919,0,0,0.11050943733663837,0.11050943733663837
260,46,1.5162747666032752,0,0,-0.3442447609645348,-0.3442447609645348
263,46,1.2068839716210773,0,0,-0.21747411556776775,-0.21747411556776775
264,46,1.0216180107057562,0,0,0.017935279081560923,0.017935279081560923
266,46,0.502201845898592,0,0,0.012693354900569317,0.012693354900569317
278,46,1.552641234730041,0,0,0.2379238857617445,0.2379238857617445
293,46,0.21869731844758836,0,0,-0.02551998956347923,-0.02551998956347923
294,46,1.1331704587599891,0,0,-0.06996939327560801,-0.06996939327560801
299,46,1.1701694220757721,0,0,-0.05116137460243379,-0.05116137460243379
311,46,0.974974125521307,0,0,-0.166964625242066,-0.166964625242066
321,46,1.3876161740537867,0,0,0.11393936840697719,0.11393936840697719
323,46,1.2199680208778358,0,0,-0.013355827014632074,-0.013355827014632074
324,46,1.0268856683866034,0,0,0.15914478310916577,0.15914478310916577
325,46,0.9346798909723188,0,0,0.14468375237743009,0.14468375237743009
328,46,1.3886189077988602,0,0,0.06391760548336864,0.06391760548336864
342,46,0.9171473507669997,0,0,-0.023668653105147403,-0.023668653105147403
347,46,1.3045804275382311,0,0,-0.15171607489962874,-0.15171607489962874
359,46,1.5160021960891112,0,0,0.1660727955992483,0.1660727955992483
373,46,1.3409895855935474,0,0,0.11636322284591184,0.11636322284591184
52,47,0.9536444983721997,0,0,-0.08900776651974605,-0.08900776651974605
65,47,1.281988796355997,0,0,0.02302597646697263,0.02302597646697263
79,47,1.2037527625721496,0,0,0.15027185111816052,0.15027185111816052
92,47,0.932491357551082,0,0,0.11444278721933512,0.11444278721933512
105,47,1.2739541291152623,0,0,0.08443263215994287,0.08443263215994287
114,47,0.7096704131872775,0,0,-0.02405189938102846,-0.02405189938102846
115,47,1.0816401358709777,0,0,0.14071680067315456,0.14071680067315456
131,47,0.9022337186316033,0,0,0.09971225244681414,0.09971225244681414
134,47,0.8265509234047835,0,0,0.10185650453310034,0.10185650453310034
139,47,1.282017536391016,0,0,0.091529020509433,0.091529020509433
140,47,1.5937026819189803,0,0,-0.30998698381860484,-0.30998698381860484
143,47,1.5182073887289038,0,0,0.1790375314836088,0.1790375314836088
154,47,1.4886637426840643,0,0,0.17534047926694846,0.17534047926694846
160,47,1.446168988104863,0,0,-0.09602320671979332,-0.09602320671979332
169,47,0.439300015328668,0,0,0.008673051526272749,0.008673051526272749
180,47,0.9847870334190467,0,0,0.006831995883516823,0.006831995883516823
190,47,0.9721757545093508,0,0,-0.05500153213550664,-0.05500153213550664
194,47,1.578653911658611,0,0,0.18013855302679835,0.18013855302679835
196,47,0.5733447182877363,0,0,-0.05271760062150317,-0.05271760062150317
198,47,1.0549104297380458,0,0,-0.16041789382921973,-0.16041789382921973
205,47,1.395932484322077,0,0,0.16931722864849674,0.16931722864849674
208,47,1.5136389150868954,0,0,-0.24786353053691895,-0.24786353053691895
210,47,0.8634734429709104,0,0,-0.10572178710781428,-0.10572178710781428
213,47,1.325880738243396,0,0,-0.04887170572896439,-0.04887170572896439
217,47,0.8081862142229305,0,0,0.08028327287947029,0.08028327287947029
219,47,1.5110477581981583,0,0,0.16196800518383425,0.16196800518383425
227,47,0.5803155153193404,0,0,-0.04822102289756865,-0.04822102289756865
229,47,1.1794713323007953,0,0,0.1296358334320161,0.1296358334320161
242,47,0.2607221107171839,0,0,0.03739548057528888,0.03739548057528888
246,47,1.0685035002349055,0,0,0.12173729571799347,0.12173729571799347
259,47,0.6176157863561609,0,0,-0.042015515785386884,-0.042015515785386884
261,47,1.3151998354386967,0,0,0.13613866378374992,0.13613866378374992
265,47,1.467007996798984,0,0,-0.24867883060224644,-0.24867883060224644
267,47,1.2328494939689298,0,0,-0.10958713108691352,-0.10958713108691352
273,47,0.3906717578945043,0,0,0.03841321231653158,0.03841321231653158
296,47,1.4151099717918194,0,0,-0.23347382707987796,-0.23347382707987796
309,47,0.8042425944338041,0,0,0.06744610962379105,0.06744610962379105
316,47,1.534986815524836,0,0,-0.28331500503683343,-0.28331500503683343
331,47,0.6291611623445358,0,0,0.016041154163162763,0.016041154163162763
343,47,0.21020489061573946,0,0,0.03120201980300613,0.03120201980300613
356,47,1.4363811218394407,0,0,-0.14382489401596127,-0.14382489401596127
360,47,1.251424289882823,0,0,-0.21193732077073607,-0.21193732077073607
361,47,1.5580230507413233,0,0,-0.139219627321705,-0.139219627321705
368,47,1.2263490693036447,0,0,-0.13825912411696806,-0.13825912411696806
378,47,0.8356727490381933,0,0,-0.11762293007269665,-0.11762293007269665
387,47,1.5636616901170404,0,0,0.17090729447498004,0.17090729447498004
395,47,1.1525094398650029,0,0,0.13709271423915848,0.13709271423915848
50,48,0.8247745643029349,0,0,-0.07963055213984366,-0.07963055213984366
58,48,1.1886726311931726,0,0,-0.08323545450798991,-0.08323545450798991
64,48,1.3444992214263296,1,1,0.13182820662729466,-0.8681717933727053
75,48,0.951547475513785,0,0,-0.013395027869181397,-0.013395027869181397
84,48,0.3814547551352632,0,0,0.037398198082654543,0.037398198082654543
85,48,1.0202840597002656,1,1,0.08488085847906324,-0.9151191415209368
91,48,1.2146888482700642,1,1,0.05627246673702069,-0.9437275332629793
101,48,1.5980778077566724,0,0,-0.17226763537735804,-0.17226763537735804
123,48,1.1748193224187775,1,1,0.2680708629134074,-0.7319291370865926
135,48,1.1303894497918565,0,0,0.008356693074981603,0.008356693074981603
152,48,1.3461247567523391,1,1,0.03424949160114088,-0.9657505083988591
165,48,1.2460792287062956,0,0,-0.12406878618877473,-0.12406878618877473
174,48,1.2321792954607733,0,0,-0.11321647458623108,-0.11321647458623108
182,48,1.0835978907261572,1,1,0.2501640116264381,-0.7498359883735619
204,48,1.1842839916514387,0,0,-0.10643173012732549,-0.10643173012732549
218,48,0.9878895900348474,1,1,0.25786462784442454,-0.7421353721555755
220,48,1.0212397825228967,1,1,0.07299783880929933,-0.9270021611907007
221,48,1.3837639947595926,0,0,-0.17796076352412657,-0.17796076352412657
234,48,1.2722227862950908,1,1,0.27245914007474425,-0.7275408599252557
241,48,1.1532293418835915,0,0,-0.10845735418291191,-0.10845735418291191
253,48,1.2534972969242077,0,0,-0.12090549123370958,-0.12090549123370958
254,48,1.3902553771796662,0,0,-0.110615152086666,-0.110615152086666
260,48,0.7882155650982104,1,1,0.20351204660710964,-0.7964879533928904
262,48,0.3947909230541367,0,0,-0.024023174850273943,-0.024023174850273943
263,48,1.1992903920121996,1,1,0.33028269200387683,-0.6697173079961232
271,48,1.1685200163499057,0,0,-0.07641345286094187,-0.07641345286094187
272,48,1.5363587588630845,0,0,-0.1329100276356743,-0.1329100276356743
279,48,1.514197897715454,0,0,-0.15631883390771964,-0.15631883390771964
307,48,1.211837609153058,0,0,0.017243505295109263,0.017243505295109263
317,48,0.8004508662574018,0,0,-0.07600957165786537,-0.07600957165786537
318,48,1.313723316563589,0,0,-0.11746058814006133,-0.11746058814006133
330,48,0.774772934596608,1,1,0.16128037235603299,-0.838719627643967
338,48,1.0229555255138039,0,0,-0.09148728446033505,-0.09148728446033505
347,48,1.5481877074287427,1,1,0.3960407326720158,-0.6039592673279842
363,48,1.4346400138942343,0,0,-0.08125997334373869,-0.08125997334373869
369,48,1.4707740997565701,0,0,-0.1391941066791354,-0.1391941066791354
372,48,1.5246896266502743,0,0,-0.16778420365804786,-0.16778420365804786
379,48,1.23706007469568,0,0,-0.08323545450798969,-0.08323545450798969
380,48,1.4977749887428355,0,0,-0.08604526484237929,-0.08604526484237929
383,48,0.450863837793364,0,0,-0.0035121288373065607,-0.0035121288373065607
389,48,1.1433319335740515,0,0,-0.1374108243661418,-0.1374108243661418
391,48,1.5378058695530787,0,0,0.03533659764637326,0.03533659764637326
393,48,0.7407275755601739,0,0,-0.070645867066981,-0.070645867066981
51,49,0.9843080779406528,0,0,0.13410573570514445,0.13410573570514445
57,49,0.8009464345759414,0,0,-0.035947777083470744,-0.035947777083470744
60,49,0.5397733374942062,0,0,0.0500253521636298,0.0500253521636298
71,49,0.43874390356931836,0,0,0.01790920702157156,0.01790920702157156
86,49,1.1624904190354266,0,0,-0.09603664773905349,-0.09603664773905349
100,49,0.3313939750519199,0,0,-0.011181355791860803,-0.011181355791860803
108,49,0.8330360330663737,0,0,-0.11221367383656575,-0.11221367383656575
121,49,1.0779758802162729,0,0,-0.12257621301139218,-0.12257621301139218
125,49,1.510268883409291,0,0,-0.2456717204446016,-0.2456717204446016
144,49,0.9688368362243676,0,0,0.13410573570514422,0.13410573570514422
146,49,0.8399491410332736,0,0,-0.033674989860967064,-0.033674989860967064
148,49,1.259708610315844,0,0,-0.09700683396775464,-0.09700683396775464
153,49,0.6718215815081863,0,0,0.0347745651380541,0.0347745651380541
155,49,1.2287066909290951,1,1,0.07346341702659887,-0.9265365829734011
156,49,1.359267477592477,0,0,-0.025290092397174335,-0.025290092397174335
159,49,1.305895683255782,0,0,-0.012024211256226713,-0.012024211256226713
168,49,0.9320200989644787,0,0,0.06519054308898925,0.06519054308898925
175,49,0.8745369886014277,0,0,-0.02288783396304067,-0.02288783396304067
187,49,1.2717181980430003,0,0,-0.17297701151776326,-0.17297701151776326
195,49,1.417397026970522,0,0,-0.1061169235126719,-0.1061169235126719
206,49,0.5533924091992345,0,0,-0.07287212175418789,-0.07287212175418789
209,49,1.525343410668672,0,0,-0.10814421274697181,-0.10814421274697181
239,49,1.414458523708791,0,0,-0.1603602597845808,-0.1603602597845808
254,49,1.5700710371600421,0,0,-0.049227913793831124,-0.049227913793831124
269,49,1.38804272323276,0,0,0.17645714588875416,0.17645714588875416
272,49,1.5234526580891172,0,0,-0.07152278934283943,-0.07152278934283943
281,49,1.202224728311773,0,0,-0.06369247572029066,-0.06369247572029066
315,49,0.5812243578641388,0,0,-0.08069704550447959,-0.08069704550447959
329,49,1.53311298392062,0,0,0.013929567838560808,0.013929567838560808
336,49,0.33391030343590267,0,0,-0.02949744132655313,-0.02949744132655313
362,49,1.5767610159640992,0,0,0.2621885334690948,0.2621885334690948
363,49,1.4017554237670655,0,0,-0.01987273505090381,-0.01987273505090381
366,49,1.3354706926129496,0,0,0.046930329551137906,0.046930329551137906
381,49,0.5116257910696531,0,0,-0.05167662348579455,-0.05167662348579455
394,49,1.2132769205507132,0,0,0.23209248483123807,0.23209248483123807
58,50,0.7217440842858648,0,0,-0.0036049023681462566,-0.0036049023681462566
64,50,1.559832812482901,1,1,0.21145875876713838,-0.7885412412328616
74,50,1.59600639598879,0,0,-0.17742804361694664,-0.17742804361694664
75,50,0.8590964303641541,0,0,0.06623552427066226,0.06623552427066226
84,50,1.0603308153691686,0,0,0.1170287502224982,0.1170287502224982
85,50,1.5861268380265647,1,1,0.16451141061890684,-0.8354885893810932
87,50,1.4537732694801462,0,0,-0.09664347215879229,-0.09664347215879229
91,50,1.561190028110164,1,1,0.1359030188768644,-0.8640969811231356
101,50,0.9364458298585092,0,0,-0.09263708323751438,-0.09263708323751438
135,50,0.997062904947127,0,0,0.08798724521482526,0.08798724521482526
152,50,1.5762421063461336,1,1,0.11388004374098448,-0.8861199562590155
165,50,0.6284814360784108,0,0,-0.044438234048931075,-0.044438234048931075
174,50,0.6763776068284095,0,0,-0.03358592244638742,-0.03358592244638742
195,50,1.179186020122736,0,0,-0.08787360966566313,-0.08787360966566313
199,50,1.3091588287832951,0,0,-0.05458016782554495,-0.05458016782554495
204,50,0.7662634818013466,0,0,-0.026801177987481828,-0.026801177987481828
214,50,1.2948908959566614,0,0,-0.14948095836123035,-0.14948095836123035
220,50,1.5615518001611894,1,1,0.15262839094914304,-0.847371609050857
221,50,0.7565095803678958,0,0,-0.09833021138428291,-0.09833021138428291
241,50,0.5763238096788615,0,0,-0.028826802043068256,-0.028826802043068256
249,50,1.2942518318443708,0,0,-0.13167247644123486,-0.13167247644123486
253,50,0.7511386482667244,0,0,-0.041274939093865926,-0.041274939093865926
254,50,0.8821000495512725,0,0,-0.030984599946822344,-0.030984599946822344
260,50,1.4671970433257264,1,1,0.28314259874695336,-0.7168574012530466
262,50,0.48721928516280133,0,0,0.055607377289569715,0.055607377289569715
271,50,0.7472957506916864,0,0,0.0032170992789017916,0.0032170992789017916
272,50,0.9845542532629419,0,0,-0.05327947549583065,-0.05327947549583065
278,50,1.1638240220683365,0,0,-0.1346887545267673,-0.1346887545267673
279,50,0.8262065676831443,0,0,-0.07668828176787598,-0.07668828176787598
307,50,1.1646846868406204,0,0,0.09687405743495292,0.09687405743495292
317,50,0.029790124740566158,0,0,0.0036209804819782865,0.0036209804819782865
318,50,0.7403080797350651,0,0,-0.03783003600021767,-0.03783003600021767
330,50,1.470840125405158,1,1,0.2409109244958766,-0.7590890755041234
338,50,0.5910338255990522,0,0,-0.011856732320491392,-0.011856732320491392
363,50,1.1810243049193925,0,0,-0.0016294212038950318,-0.0016294212038950318
369,50,0.9205078111634952,0,0,-0.05956355453929174,-0.05956355453929174
372,50,0.846063399101135,0,0,-0.0881536515182042,-0.0881536515182042
379,50,0.7658825296513002,0,0,-0.0036049023681460346,-0.0036049023681460346
380,50,1.0149072330690885,0,0,-0.00641471270253563,-0.00641471270253563
383,50,0.6309086440480555,0,0,0.0761184233025371,0.0761184233025371
386,50,1.047090589413539,0,0,-0.10770905296288799,-0.10770905296288799
389,50,0.4675323885906371,0,0,-0.05778027222629814,-0.05778027222629814
391,50,1.441726400954061,0,0,0.11496714978621692,0.11496714978621692
393,50,0.2856506351191745,0,0,0.008984685072862653,0.008984685072862653
57,51,1.0689182487841307,0,0,-0.1700535127886152,-0.1700535127886152
60,51,1.2659196605968814,0,0,-0.08408038354151465,-0.08408038354151465
62,51,1.095518822658746,0,0,0.07200172349187206,0.07200172349187206
71,51,0.7207890087594455,0,0,-0.11619652868357289,-0.11619652868357289
86,51,1.4879156074150008,0,0,-0.23014238344419793,-0.23014238344419793
95,51,1.4503597054781356,1,1,0.28632911137596184,-0.7136708886240382
96,51,1.2053888953777965,1,1,0.26070852467913797,-0.739291475320862
100,51,0.9625142717057835,0,0,-0.14528709149700525,-0.14528709149700525
121,51,1.4901659733984212,0,0,-0.2566819487165366,-0.2566819487165366
130,51,1.3853528597097602,1,1,0.31553668053303574,-0.6844633194669643
144,51,0.05180997045454288,0,0,-2.220446049250313e-16,-2.220446049250313e-16
146,51,1.0365326887531354,0,0,-0.1677807255661115,-0.1677807255661115
148,51,1.4984511745646676,0,0,-0.2311125696728991,-0.2311125696728991
149,51,1.1686282760787043,1,1,0.31445005954161653,-0.6855499404583835
153,51,0.6924212606488885,0,0,-0.09933117056709034,-0.09933117056709034
156,51,1.2870379592900287,0,0,-0.15939582810231878,-0.15939582810231878
159,51,1.222681444086177,0,0,-0.14612994696137116,-0.14612994696137116
168,51,0.37884972351234925,0,0,-0.0689151926161552,-0.0689151926161552
170,51,1.5235169072472106,1,1,0.30208069456569464,-0.6979193054343054
206,51,1.353794714427767,0,0,-0.20697785745933234,-0.20697785745933234
226,51,1.4329485729452482,1,1,0.32913093302144025,-0.6708690669785597
230,51,0.8857222769125532,0,0,0.05320871301443414,0.05320871301443414
269,51,0.6135006811358333,0,0,0.04235141018360972,0.04235141018360972
281,51,1.2994606494540477,0,0,-0.1977982114254351,-0.1977982114254351
283,51,0.902678081661586,0,0,0.053208713014434694,0.053208713014434694
284,51,0.698550257091931,0,0,0.16348537463088908,0.16348537463088908
285,51,1.078069025364243,1,1,0.23300958082911472,-0.7669904191708853
315,51,1.2240844224542549,0,0,-0.21480278120962404,-0.21480278120962404
329,51,1.3211493471574727,0,0,-0.12017616786658364,-0.12017616786658364
336,51,1.2647653058245718,0,0,-0.16360317703169758,-0.16360317703169758
362,51,0.6276703423916012,0,0,0.12808279776395037,0.12808279776395037
366,51,0.9347730750884455,0,0,-0.08717540615400654,-0.08717540615400654
381,51,1.447933182751049,0,0,-0.185782359190939,-0.185782359190939
394,51,0.4457831668750305,0,0,0.09798674912609362,0.09798674912609362
65,52,1.290574302432971,0,0,0.11203374298671868,0.11203374298671868
114,52,1.5173910074554198,0,0,0.0649558671387176,0.0649558671387176
139,52,1.5964562762238423,0,0,0.18053678702917905,0.18053678702917905
141,52,1.3827911513271518,0,0,-0.32389195093329326,-0.32389195093329326
160,52,0.6505233953128157,0,0,-0.007015440200047268,-0.007015440200047268
169,52,0.6424688066373735,0,0,0.0976808180460188,0.0976808180460188
173,52,1.4582800685192374,0,0,-0.2721000858367666,-0.2721000858367666
180,52,0.8688380407173605,0,0,0.09583976240326288,0.09583976240326288
183,52,1.2182483643257884,0,0,0.025790639751721633,0.025790639751721633
190,52,0.5019231501758172,0,0,0.034006234384239414,0.034006234384239414
196,52,0.44593457346857723,0,0,0.03629016589824288,0.03629016589824288
198,52,1.2378436412849765,0,0,-0.07141012730947369,-0.07141012730947369
210,52,1.1579996496864875,0,0,-0.01671402058806823,-0.01671402058806823
213,52,0.8553347347263478,0,0,0.040136060790781664,0.040136060790781664
217,52,1.2220275890799424,0,0,0.16929103939921633,0.16929103939921633
227,52,0.42785185125160274,0,0,0.04078674362217741,0.04078674362217741
231,52,1.215556124029373,0,0,-0.2473586302628932,-0.2473586302628932
242,52,1.1612473841095823,0,0,0.12640324709503492,0.12640324709503492
259,52,0.3597363579933492,0,0,0.04699225073435917,0.04699225073435917
265,52,1.4241113172221005,0,0,-0.1596710640825004,-0.1596710640825004
273,52,1.3410787996841116,0,0,0.12742097883627762,0.12742097883627762
316,52,1.3870454769010254,0,0,-0.1943072385170874,-0.1943072385170874
331,52,0.740980315536362,0,0,0.10504892068290882,0.10504892068290882
343,52,1.1376594211188669,0,0,0.12020978632275219,0.12020978632275219
351,52,1.527335808544687,0,0,0.03420391939292891,0.03420391939292891
356,52,0.6239698755617746,0,0,-0.05481712749621523,-0.05481712749621523
360,52,1.352065792733536,0,0,-0.12292955425099003,-0.12292955425099003
361,52,0.6604729530399851,0,0,-0.05021186080195897,-0.05021186080195897
368,52,0.5838796157133578,0,0,-0.04925135759722202,-0.04925135759722202
378,52,0.8737930553104335,0,0,-0.0286151635529506,-0.0286151635529506
398,52,1.4452484261318157,0,0,-0.09155648539658581,-0.09155648539658581
56,53,1.4514912269994578,0,0,-0.020495160129419085,-0.020495160129419085
67,53,1.2006460242851509,0,0,-0.17789524014845398,-0.17789524014845398
72,53,1.312529764422392,0,0,-0.12621298725319258,-0.12621298725319258
74,53,1.0016099148094637,0,0,0.07379838907537298,0.07379838907537298
78,53,0.37089076471292903,0,0,-0.05828383171583122,-0.05828383171583122
80,53,0.5801095205452218,0,0,-0.0650398861374601,-0.0650398861374601
89,53,1.5007501167844093,0,0,0.03455900741952022,0.03455900741952022
101,53,1.4980685035985815,0,0,0.15858934945480524,0.15858934945480524
102,53,0.6843566115967544,0,0,-0.1058137497676046,-0.1058137497676046
111,53,1.004667265591565,0,0,-0.024486624752499245,-0.024486624752499245
116,53,0.49594277824818006,0,0,-0.0533895851988999,-0.0533895851988999
125,53,1.2512617760470022,0,0,0.023798026094726824,0.023798026094726824
128,53,1.0421327158861482,0,0,-0.16506343523997347,-0.16506343523997347
129,53,1.3294391250877915,0,0,-0.036420365911842764,-0.036420365911842764
136,53,1.254725937401575,0,0,-0.04007912048657966,-0.04007912048657966
157,53,1.3335529401967663,0,0,-0.14693515945780697,-0.14693515945780697
163,53,1.5565916117112073,0,0,0.058036230444152674,0.058036230444152674
164,53,1.5642684313199091,0,0,0.08488098704310212,0.08488098704310212
172,53,1.5170556328366493,0,0,-0.1599336564212331,-0.1599336564212331
178,53,1.1607285584225238,0,0,-0.06751728037469795,-0.06751728037469795
179,53,1.5366303896797047,0,0,0.020272035968856066,0.020272035968856066
186,53,1.369377632353798,0,0,-0.09748504385345177,-0.09748504385345177
187,53,1.2625883214886489,0,0,0.09649273502156513,0.09649273502156513
189,53,0.8849566545681657,0,0,-0.12481831741752772,-0.12481831741752772
195,53,1.404264891526628,0,0,0.1633528230266565,0.1633528230266565
200,53,1.1727083202091022,0,0,0.021325251998987348,0.021325251998987348
214,53,0.8873626874724089,0,0,0.10174547433108927,0.10174547433108927
221,53,1.3080047674714719,0,0,0.1528962213080367,0.1528962213080367
223,53,1.2656806018980449,0,0,-0.13436257543627547,-0.13436257543627547
224,53,0.6077692038250693,0,0,0.004316803345327656,0.004316803345327656
225,53,0.9224702091145903,0,0,0.029788959324761048,0.029788959324761048
233,53,1.4782702071408493,0,0,-0.00036822422768736235,-0.00036822422768736235
236,53,0.8024421532482912,0,0,-0.06236606248762219,-0.06236606248762219
249,53,1.2403788287882787,0,0,0.11955395625108475,0.11955395625108475
252,53,1.5715908829061662,0,0,-0.005182832617565421,-0.005182832617565421
253,53,1.4754589946814831,0,0,0.2099514935984537,0.2099514935984537
257,53,0.6671866351201279,0,0,-0.010876770259553813,-0.010876770259553813
264,53,1.1937805971547668,0,0,-0.10345092851463125,-0.10345092851463125
266,53,0.9766792832781707,0,0,-0.10869285269562287,-0.10869285269562287
272,53,1.5474407326299053,0,0,0.19794695719648897,0.19794695719648897
275,53,1.4620178492935263,0,0,0.047782886491119884,0.047782886491119884
278,53,1.0239405166524629,0,0,0.11653767816555233,0.11653767816555233
279,53,1.5712600276492361,0,0,0.17453815092444364,0.17453815092444364
293,53,0.8931105717351064,0,0,-0.1469061971596714,-0.1469061971596714
305,53,1.206987417100401,0,0,0.0647724415249123,0.0647724415249123
321,53,0.7155366859869862,0,0,-0.007446839189214995,-0.007446839189214995
323,53,1.4714629692342904,0,0,-0.13474203461082426,-0.13474203461082426
324,53,0.5783197299807062,0,0,0.03775857551297359,0.03775857551297359
325,53,0.5610861249871079,0,0,0.023297544781237918,0.023297544781237918
328,53,0.9278149732595156,0,0,-0.057468602112823536,-0.057468602112823536
334,53,1.3935262242265087,0,0,0.02023915779712001,0.02023915779712001
342,53,1.3875883012299008,0,0,-0.14505486070133958,-0.14505486070133958
347,53,1.5927502296501732,0,0,-0.2731022824958209,-0.2731022824958209
354,53,0.8417912775614567,0,0,0.02506453257747441,0.02506453257747441
359,53,0.7551664591413195,0,0,0.044686588003056145,0.044686588003056145
369,53,1.4667971173035446,0,0,0.19166287815302788,0.19166287815302788
372,53,1.4149540153310998,0,0,0.16307278117411542,0.16307278117411542
373,53,0.6250750435289252,0,0,-0.0050229847502803356,-0.0050229847502803356
384,53,1.3948923131775508,0,0,0.021539484176364393,0.021539484176364393
386,53,1.3828536846372084,0,0,0.14351737972943163,0.14351737972943163
389,53,1.5534798517095834,0,0,0.19344616046602148,0.19344616046602148
390,53,1.5425748484685258,0,0,7.676862043517335e-5,7.676862043517335e-5
55,54,1.5949760543888165,0,0,-0.11875704326236813,-0.11875704326236813
70,54,0.6952318031523129,0,0,-0.11250563246171817,-0.11250563246171817
82,54,1.1564738071961636,0,0,0.1192291580916108,0.1192291580916108
83,54,1.561728267721313,1,1,0.3775631255134222,-0.6224368744865778
113,54,1.192998098954153,0,0,-0.07343444727861048,-0.07343444727861048
118,54,1.3246139235219836,0,0,-0.15017163535959832,-0.15017163535959832
120,54,0.7576191792365576,0,0,-0.09369478245694593,-0.09369478245694593
140,54,1.3876969159048478,1,1,0.3455808448478973,-0.6544191551521027
143,54,1.4143916624816677,0,0,-0.16539463984988903,-0.16539463984988903
145,54,0.872419399876142,0,0,0.17823635927025397,0.17823635927025397
151,54,1.2423351098854405,0,0,-0.15141162617739667,-0.15141162617739667
154,54,1.5924598149919498,0,0,-0.16909169206654934,-0.16909169206654934
167,54,1.2556567694082434,0,0,-0.03414382223765233,-0.03414382223765233
193,54,1.2566101051343554,0,0,-0.15592239499682545,-0.15592239499682545
194,54,1.3248774917348076,0,0,-0.16429361830669947,-0.16429361830669947
197,54,1.1551495226675272,0,0,-0.13343533802641672,-0.13343533802641672
205,54,1.390284224887646,0,0,-0.17511494268500108,-0.17511494268500108
208,54,1.4387077663087369,1,1,0.4077042981295832,-0.5922957018704168
219,54,1.4669750467538551,0,0,-0.18246416614966354,-0.18246416614966354
232,54,0.6120077878323652,0,0,-0.07932221760376118,-0.07932221760376118
238,54,1.50988117315069,0,0,-0.15251332323226605,-0.15251332323226605
248,54,0.9667125594811854,0,0,0.15161711052141277,0.15161711052141277
255,54,0.8477397721422341,0,0,-0.07770021551257261,-0.07770021551257261
258,54,0.6624719775525292,0,0,0.011395407616937275,0.011395407616937275
265,54,1.5412641309882684,1,1,0.4068889980642557,-0.5931110019357443
268,54,1.1168995500936474,0,0,-0.12289355132697248,-0.12289355132697248
277,54,0.4669927243319102,0,0,-0.08146927628626796,-0.08146927628626796
282,54,1.1963088154789865,0,0,-0.15043863087692622,-0.15043863087692622
287,54,0.35986338923084055,0,0,-0.022217770396468994,-0.022217770396468994
296,54,1.4235498223099723,1,1,0.42209400158662425,-0.5779059984133758
298,54,1.3318643814278832,0,0,-0.17105150516411408,-0.17105150516411408
306,54,1.4012601307155643,0,0,-0.05947338184871326,-0.05947338184871326
316,54,1.474592015172547,1,1,0.3722528236296687,-0.6277471763703313
327,54,0.6817345183428399,0,0,0.08913465040096932,0.08913465040096932
332,54,0.556415161057003,0,0,-0.008758588517539856,-0.008758588517539856
340,54,1.2472768031033314,0,0,-0.10380886207458047,-0.10380886207458047
348,54,0.9945223419740101,1,1,0.22241561296419143,-0.7775843870358086
353,54,1.5137207904578578,0,0,-0.17926540639579833,-0.17926540639579833
355,54,1.2362753118094265,0,0,0.25135710847166204,0.25135710847166204
357,54,1.5207835264055498,0,0,0.14019613582998905,0.14019613582998905
358,54,1.1710548338410909,0,0,-0.14467915157348693,-0.14467915157348693
360,54,1.5738768203992997,1,1,0.4436305078957661,-0.5563694921042339
388,54,1.3908851110734488,0,0,-0.17050960237185997,-0.17050960237185997
392,54,1.0935462830816787,0,0,-0.12771567543812062,-0.12771567543812062
397,54,1.1434063946095376,0,0,-0.11175838086402407,-0.11175838086402407
56,55,1.2979504244477988,0,0,-0.09077951254302669,-0.09077951254302669
59,55,1.0691743919491672,0,0,-0.08213955461313478,-0.08213955461313478
66,55,1.1215610328422378,0,0,0.14516603091725036,0.14516603091725036
70,55,0.9468704525184184,0,0,0.006251410800649962,0.006251410800649962
74,55,1.2190714907235027,0,0,0.0035140366617653768,0.0035140366617653768
82,55,1.4218182115328952,0,0,0.23798620135397894,0.23798620135397894
87,55,1.350055556687257,0,0,0.08429860811991974,0.08429860811991974
89,55,0.5332044975911012,0,0,-0.035725344994087374,-0.035725344994087374
97,55,1.153100033331253,0,0,-0.08545835925189463,-0.08545835925189463
106,55,0.6136917102647301,0,0,-0.047733229946203784,-0.047733229946203784
113,55,0.583200837133728,0,0,0.04532259598375765,0.04532259598375765
118,55,0.571520884831956,0,0,-0.03141459209723017,-0.03141459209723017
120,55,0.8430788829760681,0,0,0.025062260805422204,0.025062260805422204
122,55,1.327858324820251,0,0,-0.08976741330723545,-0.08976741330723545
127,55,0.7640825667448432,0,0,0.10039358203053544,0.10039358203053544
129,55,1.5773411847688454,0,0,-0.10670471832545037,-0.10670471832545037
138,55,1.3764370339857652,0,0,0.3105082292815432,0.3105082292815432
142,55,0.6993101581924874,0,0,0.09038378103379982,0.09038378103379982
143,55,1.536752548551414,0,0,-0.046637596587520896,-0.046637596587520896
151,55,0.7750415472551395,0,0,-0.03265458291502853,-0.03265458291502853
162,55,1.1498333392702267,0,0,-0.09560310534722992,-0.09560310534722992
164,55,0.8648932380614093,0,0,0.014596634629494537,0.014596634629494537
176,55,1.5750301830306852,0,0,-0.14745578015702082,-0.14745578015702082
177,55,1.1203279954310872,0,0,0.19511673577890562,0.19511673577890562
179,55,0.6916797075820927,0,0,-0.05001231644475153,-0.05001231644475153
192,55,1.4966920829717416,0,0,-0.11085041091077459,-0.11085041091077459
193,55,1.0503621285061335,0,0,-0.037165351734457314,-0.037165351734457314
194,55,1.3302909642621803,0,0,-0.045536575044331326,-0.045536575044331326
197,55,1.5798542329320764,0,0,-0.014678294764048583,-0.014678294764048583
200,55,0.976724360411266,0,0,-0.048959100414620246,-0.048959100414620246
201,55,1.4628515254597843,0,0,0.3219628466288449,0.3219628466288449
202,55,1.4878255891605685,0,0,-0.126024224219243,-0.126024224219243
205,55,1.511244222779581,0,0,-0.05635789942263294,-0.05635789942263294
211,55,0.6365517925730517,0,0,-0.052473645740804674,-0.052473645740804674
215,55,1.5162433256223877,0,0,-0.11476612830402158,-0.11476612830402158
219,55,1.3756385189057647,0,0,-0.06370712288729542,-0.06370712288729542
224,55,1.5568458194764239,0,0,-0.06596754906827994,-0.06596754906827994
232,55,1.5998046139033204,0,0,0.03943482565860695,0.03943482565860695
238,55,0.48539492126947004,0,0,-0.03375627996989791,-0.03375627996989791
249,55,1.398249697733254,0,0,0.049269603837477166,0.049269603837477166
252,55,1.0376216975836159,0,0,-0.07546718503117301,-0.07546718503117301
256,55,0.4952714876088688,0,0,0.05636266664406042,0.05636266664406042
268,55,1.5334012154627337,0,0,-0.004136508064604347,-0.004136508064604347
275,55,0.6309397005208914,0,0,-0.02250146592248771,-0.02250146592248771
277,55,1.1391483642313711,0,0,0.03728776697610017,0.03728776697610017
282,55,1.187274158211251,0,0,-0.03168158761455808,-0.03168158761455808
286,55,0.544960478427258,0,0,0.0032508124159654345,0.0032508124159654345
287,55,1.411536303173622,0,0,0.09653927286589914,0.09653927286589914
292,55,1.5053634326035314,0,0,0.3076858805341838,0.3076858805341838
298,55,1.147367037556003,0,0,-0.05229446190174594,-0.05229446190174594
302,55,0.258250640786561,0,0,0.0004890140400701376,0.0004890140400701376
303,55,1.5252892550957253,0,0,-0.12627403640906035,-0.12627403640906035
305,55,1.0135947381553834,0,0,-0.005511910888695307,-0.005511910888695307
314,55,1.2400461071382018,0,0,0.13579323723652298,0.13579323723652298
321,55,1.5608954134138833,0,0,-0.07773119160282259,-0.07773119160282259
322,55,1.0890340039363542,0,0,-0.08110682261149513,-0.08110682261149513
332,55,1.353345837602271,0,0,0.10999845474482828,0.10999845474482828
334,55,0.7986854158533857,0,0,-0.050045194616487584,-0.050045194616487584
335,55,0.2816418535169612,0,0,-0.012633928565732075,-0.012633928565732075
353,55,1.179011779990451,0,0,-0.0605083631334302,-0.0605083631334302
354,55,1.2143100195600656,0,0,-0.045219819836133185,-0.045219819836133185
357,55,1.5358948076845753,0,0,0.25895317909235716,0.25895317909235716
358,55,0.7579819730764066,0,0,-0.02592210831111881,-0.02592210831111881
359,55,1.377306391736544,0,0,-0.02559776441055145,-0.02559776441055145
370,55,1.0747395805497757,0,0,-0.08620601941759796,-0.08620601941759796
373,55,1.5264444326745605,0,0,-0.07530733716388793,-0.07530733716388793
374,55,1.4048967042294511,0,0,-0.10715157131254395,-0.10715157131254395
384,55,0.6835834841674688,0,0,-0.0487448682372432,-0.0487448682372432
385,55,0.5108636304085749,0,0,-0.04061842234271161,-0.04061842234271161
388,55,1.2076345082275604,0,0,-0.05175255910949185,-0.05175255910949185
390,55,0.9737056473778739,0,0,-0.07020758379317242,-0.07020758379317242
392,55,1.4362604844273794,0,0,-0.008958632175752504,-0.008958632175752504
397,55,1.5676979970636014,0,0,0.006998662398344069,0.006998662398344069
59,56,0.7149462746830223,0,0,0.008639957929891898,0.008639957929891898
74,56,1.2855495931986676,0,0,0.09429354920479206,0.09429354920479206
77,56,1.4121413124714262,0,0,-0.14068075448655668,-0.14068075448655668
89,56,0.8326570546202048,0,0,0.055054167548939305,0.055054167548939305
97,56,0.5606818735160517,0,0,0.005321153291132049,0.005321153291132049
102,56,1.4934203608844814,0,0,-0.08531858963818552,-0.08531858963818552
106,56,0.8070281815792335,0,0,0.043046282596822895,0.043046282596822895
116,56,1.2257931091570458,0,0,-0.032894425069480815,-0.032894425069480815
118,56,1.297785346511627,0,0,0.059364920445796505,0.059364920445796505
122,56,1.0627934927000746,0,0,0.0010120992357912275,0.0010120992357912275
129,56,0.4682894686178906,0,0,-0.01592520578242368,-0.01592520578242368
151,56,1.3958582169967708,0,0,0.05812492962799815,0.05812492962799815
162,56,0.7799838831014125,0,0,-0.00482359280420324,-0.00482359280420324
164,56,1.332122924091291,0,0,0.10537614717252122,0.10537614717252122
176,56,0.7741806861794277,0,0,-0.05667626761399415,-0.05667626761399415
178,56,0.8541726310196114,0,0,-0.047022120245278874,-0.047022120245278874
179,56,0.6112607657369373,0,0,0.04076719609827515,0.04076719609827515
186,56,1.1957016427785137,0,0,-0.07698988372403268,-0.07698988372403268
189,56,1.508637089579536,0,0,-0.10432315728810862,-0.10432315728810862
192,56,0.48042556143382864,0,0,-0.02007089836774791,-0.02007089836774791
193,56,1.5146790208406509,0,0,0.053614160808569365,0.053614160808569365
200,56,0.6794267983147991,0,0,0.04182041212840643,0.04182041212840643
202,56,0.7697957821150182,0,0,-0.03524471167621633,-0.03524471167621633
211,56,0.6645836796524617,0,0,0.038305866802222005,0.038305866802222005
215,56,0.4469747866121807,0,0,-0.02398661576099491,-0.02398661576099491
219,56,1.551444196803169,0,0,0.027072389655731256,0.027072389655731256
224,56,1.0206782993773316,0,0,0.02481196347474674,0.02481196347474674
238,56,1.122710855040668,0,0,0.05702323257312877,0.05702323257312877
240,56,1.4838025869714095,0,0,-0.03298358498437376,-0.03298358498437376
243,56,0.9620677645297315,0,0,-0.053839693637361526,-0.053839693637361526
252,56,0.3248076392458776,0,0,0.015312327511853666,0.015312327511853666
257,56,0.9020467065068056,0,0,0.009618389869865273,0.009618389869865273
270,56,1.0563862505715627,0,0,-0.07893332075505603,-0.07893332075505603
275,56,1.0624912641558508,0,0,0.06827804662053898,0.06827804662053898
286,56,1.2418966615091227,0,0,0.09403032495899212,0.09403032495899212
297,56,1.013025750846815,0,0,-0.07378732869747748,-0.07378732869747748
298,56,1.487652579407812,0,0,0.03848505064128074,0.03848505064128074
302,56,1.238132809117054,0,0,0.09126852658309682,0.09126852658309682
303,56,1.0457167682040764,0,0,-0.035494523866033675,-0.035494523866033675
305,56,1.171474578811362,0,0,0.08526760165433138,0.08526760165433138
321,56,0.8386626487319826,0,0,0.013048320940204092,0.013048320940204092
322,56,0.5241445421049359,0,0,0.00967268993153155,0.00967268993153155
328,56,0.898968909019325,0,0,-0.03697344198340445,-0.03697344198340445
333,56,1.5588446358618584,0,0,-0.16265686777949248,-0.16265686777949248
334,56,0.5861348618460924,0,0,0.040734317926539095,0.040734317926539095
335,56,1.1271488896085984,0,0,0.07814558397729461,0.07814558397729461
346,56,1.136783122466782,0,0,-0.11530976792343252,-0.11530976792343252
350,56,1.0815546488827752,0,0,-0.12687846055712412,-0.12687846055712412
353,56,1.3419770372093298,0,0,0.03027114940959648,0.03027114940959648
354,56,0.9277642938934479,0,0,0.045559692706893494,0.045559692706893494
358,56,1.4667079514754948,0,0,0.06485740423190788,0.06485740423190788
359,56,1.1520319096625864,0,0,0.06518174813247524,0.06518174813247524
364,56,0.772275102742476,0,0,-0.05595718389894295,-0.05595718389894295
370,56,0.7417816902867878,0,0,0.004573493125428712,0.004573493125428712
373,56,0.8527998110214036,0,0,0.015472175379138751,0.015472175379138751
374,56,1.2034686751938513,0,0,-0.01637205876951727,-0.01637205876951727
375,56,1.161810378208125,0,0,-0.09973014164385309,-0.09973014164385309
384,56,0.717383949590166,0,0,0.04203464430578348,0.04203464430578348
385,56,0.8765543102353837,0,0,0.05016109020031507,0.05016109020031507
388,56,1.4914240978712943,0,0,0.03902695343353483,0.03902695343353483
390,56,0.33305513874862,0,0,0.02057192874985426,0.02057192874985426
399,56,0.6344326769701785,0,0,-0.0442530098562391,-0.0442530098562391
60,57,1.332371629487729,0,0,0.08597312924710054,0.08597312924710054
62,57,1.3214490456818395,0,0,0.24205523628048725,0.24205523628048725
71,57,0.4912350091117818,0,0,0.053856984105042305,0.053856984105042305
86,57,0.5554992327101935,0,0,-0.06008887065558274,-0.06008887065558274
94,57,1.2981164410080948,0,0,-0.12967367326093124,-0.12967367326093124
100,57,0.47716634126228885,0,0,0.02476642129160994,0.02476642129160994
108,57,1.1448486158310764,0,0,-0.076265896753095,-0.076265896753095
109,57,1.3095693444277752,0,0,0.0039391172787174855,0.0039391172787174855
121,57,0.6999183885688489,0,0,-0.08662843592792144,-0.08662843592792144
125,57,1.4242863641619306,0,0,-0.20972394336113084,-0.20972394336113084
144,57,1.0235967543113775,0,0,0.17005351278861497,0.17005351278861497
146,57,0.09887285466172163,0,0,0.0022727872225036805,0.0022727872225036805
148,57,0.5718062723345564,0,0,-0.0610590568842839,-0.0610590568842839
153,57,0.451956725327644,0,0,0.07072234222152485,0.07072234222152485
156,57,0.5806757587000827,0,0,0.01065768468629641,0.01065768468629641
159,57,0.5564874862164726,0,0,0.02392356582724403,0.02392356582724403
163,57,1.3479321066023289,0,0,-0.175485739011705,-0.175485739011705
168,57,0.7963499286697029,0,0,0.10113832017246,0.10113832017246
175,57,1.5518504064765346,0,0,0.013059943120430073,0.013059943120430073
187,57,1.3217392809895208,0,0,-0.13702923443429252,-0.13702923443429252
203,57,1.2338219206717902,0,0,-0.14557903173506526,-0.14557903173506526
206,57,0.6879561353796063,0,0,-0.036924344670717146,-0.036924344670717146
209,57,0.7988618558839264,0,0,-0.07219643566350106,-0.07219643566350106
212,57,1.3714442480214937,0,0,-0.09798098488446519,-0.09798098488446519
222,57,1.106597622391158,0,0,-0.01266879043721364,-0.01266879043721364
230,57,1.1980432612228746,0,0,0.22326222580304933,0.22326222580304933
233,57,1.4663588367466713,0,0,-0.23389019368354502,-0.23389019368354502
235,57,1.5353224868224873,0,0,-0.17120748379224365,-0.17120748379224365
239,57,0.9532222625444857,0,0,-0.12441248270111005,-0.12441248270111005
247,57,1.489297852640788,0,0,-0.20396087370731222,-0.20396087370731222
269,57,1.066500628356381,0,0,0.2124049229722249,0.2124049229722249
274,57,1.0393279345035533,0,0,-0.029632714630576346,-0.029632714630576346
281,57,0.4258321021537618,0,0,-0.027744698636819914,-0.027744698636819914
283,57,1.2279286341343394,0,0,0.22326222580304989,0.22326222580304989
284,57,1.5781244717887255,0,0,0.33353888741950427,0.33353888741950427
288,57,1.5611057082413344,0,0,-0.17186203416044962,-0.17186203416044962
308,57,0.850506285180889,0,0,-0.027798268825929395,-0.027798268825929395
313,57,1.320434111519882,0,0,-0.179222668569771,-0.179222668569771
315,57,0.5811702291165427,0,0,-0.04474926842100885,-0.04474926842100885
329,57,0.79519272436415,0,0,0.04987734492203155,0.04987734492203155
336,57,0.9686258569967976,0,0,0.006450335756917613,0.006450335756917613
344,57,1.5706278030032084,0,0,-0.16456403522246033,-0.16456403522246033
362,57,1.4704476869465777,0,0,0.29813631055256556,0.29813631055256556
366,57,0.7465166728660558,0,0,0.08287810663460865,0.08287810663460865
371,57,1.3510042650878413,0,0,-0.09419780834561883,-0.09419780834561883
376,57,1.387322808182912,0,0,-0.06896665457570236,-0.06896665457570236
381,57,1.0652105465473338,0,0,-0.015728846402323804,-0.015728846402323804
394,57,1.4433681641682896,0,0,0.2680402619147088,0.2680402619147088
64,58,1.1190817430306172,1,1,0.21506366113528463,-0.7849363388647154
74,58,1.3440382800038237,0,0,-0.17382314124880038,-0.17382314124880038
75,58,0.48752006769809897,0,0,0.06984042663880852,0.06984042663880852
84,58,1.5192311249149546,0,0,0.12063365259064446,0.12063365259064446
87,58,0.9952163396364233,0,0,-0.09303856979064604,-0.09303856979064604
93,58,1.260837295667255,0,0,0.23211475954408034,0.23211475954408034
101,58,0.7005403294998861,0,0,-0.08903218086936812,-0.08903218086936812
123,58,1.5559786847043502,1,1,0.3513063174213974,-0.6486936825786026
135,58,0.46491489271303665,0,0,0.09159214758297152,0.09159214758297152
164,58,1.478119812663711,0,0,-0.16274054328107124,-0.16274054328107124
165,58,1.1781869980533997,0,0,-0.04083333168078482,-0.04083333168078482
174,58,1.2637566369428024,0,0,-0.02998102007824116,-0.02998102007824116
199,58,0.7575156596555921,0,0,-0.050975265457398694,-0.050975265457398694
204,58,1.3724275114118578,0,0,-0.02319627561933557,-0.02319627561933557
214,58,1.3782472663928595,0,0,-0.1458760559930841,-0.1458760559930841
221,58,0.8430908970342201,0,0,-0.09472530901613666,-0.09472530901613666
241,58,0.17907657889066217,0,0,-0.025221899674922,-0.025221899674922
249,58,1.0360186878083386,0,0,-0.1280675740730886,-0.1280675740730886
251,58,1.5411724386142305,1,1,0.37622018544031965,-0.6237798145596803
253,58,1.266513935830017,0,0,-0.03767003672571967,-0.03767003672571967
254,58,1.4373038645332472,0,0,-0.027379697578676088,-0.027379697578676088
262,58,1.0390747951279007,0,0,0.05921227965771597,0.05921227965771597
271,58,0.07034885343879442,0,0,0.006822001647048048,0.006822001647048048
272,58,1.470835985027419,0,0,-0.04967457312768439,-0.04967457312768439
278,58,1.3537101973845975,0,0,-0.13108385215862103,-0.13108385215862103
279,58,0.6242380106017063,0,0,-0.07308337939972973,-0.07308337939972973
305,58,1.4374907836286899,0,0,-0.1828490887992611,-0.1828490887992611
307,58,0.6348015923932142,0,0,0.10047895980309918,0.10047895980309918
314,58,1.5162137016911275,0,0,-0.041543940674042795,-0.041543940674042795
317,58,0.7194036522043644,0,0,0.007225882850124543,0.007225882850124543
318,58,0.19611698842033565,0,0,-0.034225133632071414,-0.034225133632071414
330,58,1.563012076539925,1,1,0.24451582686402284,-0.7554841731359772
338,58,1.2419573354320228,0,0,-0.008251829952345135,-0.008251829952345135
359,58,1.4423064378471355,0,0,-0.20293494232111722,-0.20293494232111722
365,58,1.4856587767142453,0,0,0.10389634802316078,0.10389634802316078
369,58,1.3826257276617961,0,0,-0.055958652171145484,-0.055958652171145484
372,58,0.805061010757616,0,0,-0.08454874915005794,-0.08454874915005794
379,58,0.05071712345097269,0,0,2.220446049250313e-16,2.220446049250313e-16
380,58,0.31867813472547657,0,0,-0.0028098103343893732,-0.0028098103343893732
383,58,0.7624112468223279,0,0,0.07972332567068335,0.07972332567068335
386,58,0.7883722596224841,0,0,-0.10410415059474173,-0.10410415059474173
389,58,0.5626258958694841,0,0,-0.054175369858151884,-0.054175369858151884
391,58,0.8174372637523633,0,0,0.11857205215436317,0.11857205215436317
393,58,0.9864575584701982,0,0,0.01258958744100891,0.01258958744100891
70,59,1.3806491055869057,0,0,0.08839096541378474,0.08839096541378474
74,59,1.594541911409976,0,0,0.08565359127490016,0.08565359127490016
79,59,1.2856350537015842,0,0,0.006736277660165629,0.006736277660165629
89,59,0.801079012638912,0,0,0.04641420961904741,0.04641420961904741
92,59,1.4136995954139093,0,0,-0.02909278623865977,-0.02909278623865977
97,59,0.22619154190751575,0,0,-0.0033188046387598487,-0.0033188046387598487
105,59,1.3323473259074807,0,0,-0.05910294129805201,-0.05910294129805201
106,59,0.4740611801406338,0,0,0.034406324666931,0.034406324666931
107,59,1.209139065967542,0,0,-0.09850183535439595,-0.09850183535439595
113,59,1.343639738563389,0,0,0.12746215059689242,0.12746215059689242
115,59,1.3429844851346395,0,0,-0.0028187727848403253,-0.0028187727848403253
118,59,0.7919648150109044,0,0,0.05072496251590461,0.05072496251590461
120,59,1.4756950419680341,0,0,0.10720181541855699,0.10720181541855699
122,59,0.394811821041665,0,0,-0.0076278586941006706,-0.0076278586941006706
129,59,1.1814495352463033,0,0,-0.02456516371231558,-0.02456516371231558
131,59,1.4628588963453693,0,0,-0.04382332101118074,-0.04382332101118074
132,59,1.4397180810943289,0,0,-0.10859497915077429,-0.10859497915077429
134,59,1.5718911766876063,0,0,-0.04167906892489455,-0.04167906892489455
143,59,1.338725737212765,0,0,0.035501958025613886,0.035501958025613886
151,59,0.835538725507063,0,0,0.049484971698106256,0.049484971698106256
154,59,1.5546427054711593,0,0,0.03180490580895358,0.03180490580895358
162,59,0.2558627598307052,0,0,-0.013463550734095138,-0.013463550734095138
164,59,1.5427959459974696,0,0,0.09673618924262932,0.09673618924262932
176,59,0.9236753704839282,0,0,-0.06531622554388605,-0.06531622554388605
178,59,1.549271454369449,0,0,-0.05566207817517077,-0.05566207817517077
179,59,0.658848588912524,0,0,0.032127238168383254,0.032127238168383254
192,59,0.8453733471965704,0,0,-0.02871085629763981,-0.02871085629763981
193,59,0.9404385573219661,0,0,0.04497420287867747,0.04497420287867747
194,59,1.1054067703892587,0,0,0.036602979568803456,0.036602979568803456
200,59,1.0453757443311578,0,0,0.033180454198514536,0.033180454198514536
202,59,0.6960032753440435,0,0,-0.043884669606108234,-0.043884669606108234
205,59,1.195579293170774,0,0,0.025781655190501844,0.025781655190501844
211,59,0.6017959637897856,0,0,0.02966590887233011,0.02966590887233011
215,59,0.945933236451079,0,0,-0.032626573690886805,-0.032626573690886805
219,59,0.8871694720388414,0,0,0.01843243172583936,0.01843243172583936
224,59,1.5061481664592982,0,0,0.016172005544854845,0.016172005544854845
229,59,1.1695827456063836,0,0,-0.0138997400259788,-0.0138997400259788
238,59,0.6878103803329685,0,0,0.04838327464323687,0.04838327464323687
240,59,0.8710228853792046,0,0,-0.041623542914265656,-0.041623542914265656
243,59,0.8677746472493166,0,0,-0.06247965156725342,-0.06247965156725342
244,59,1.5374411325868513,0,0,-0.16598959696570736,-0.16598959696570736
246,59,1.3084802769166286,0,0,-0.021798277740001426,-0.021798277740001426
252,59,0.4365302405713268,0,0,0.006672369581961768,0.006672369581961768
256,59,1.494225430119116,0,0,0.1385022212571952,0.1385022212571952
257,59,1.44865357982268,0,0,0.0009784319399733753,0.0009784319399733753
270,59,1.0635099631443994,0,0,-0.08757327868494794,-0.08757327868494794
275,59,1.192858088113205,0,0,0.05963808869064707,0.05963808869064707
282,59,1.1002559977384159,0,0,0.0504579669985767,0.0504579669985767
286,59,1.3084710532818427,0,0,0.08539036702910022,0.08539036702910022
297,59,1.2642946916370716,0,0,-0.08242728662736937,-0.08242728662736937
298,59,0.8576109029018137,0,0,0.02984509271138884,0.02984509271138884
302,59,1.1564051467083636,0,0,0.08262856865320492,0.08262856865320492
303,59,0.7401009464946577,0,0,-0.04413448179592558,-0.04413448179592558
305,59,1.4594788733736974,0,0,0.07662764372443948,0.07662764372443948
312,59,1.5889688617203448,0,0,-0.14364134589013483,-0.14364134589013483
321,59,1.3806524930272754,0,0,0.004408363010312194,0.004408363010312194
322,59,0.32964979020550766,0,0,0.0010327320016396517,0.0010327320016396517
326,59,1.2852925280582324,0,0,-0.09586905392964085,-0.09586905392964085
328,59,1.5517011388439137,0,0,-0.045613399913296354,-0.045613399913296354
333,59,1.5919119762948954,0,0,-0.17129682570938437,-0.17129682570938437
334,59,0.8174851550368871,0,0,0.0320943599966472,0.0320943599966472
335,59,1.059608941733048,0,0,0.06950562604740271,0.06950562604740271
350,59,1.5743775527855979,0,0,-0.135518418487016,-0.135518418487016
353,59,0.6640114888982802,0,0,0.021631191479704583,0.021631191479704583
354,59,1.3036579183146613,0,0,0.0369197347770016,0.0369197347770016
358,59,0.9261817440367481,0,0,0.05621744630201597,0.05621744630201597
359,59,1.5438979758238864,0,0,0.056541790202583334,0.056541790202583334
364,59,1.3207734530060475,0,0,-0.06459714182883484,-0.06459714182883484
370,59,0.18493715981301645,0,0,-0.004066464804463186,-0.004066464804463186
373,59,1.3241814081648349,0,0,0.006832217449246853,0.006832217449246853
374,59,0.5653411736370545,0,0,-0.02501201669940917,-0.02501201669940917
375,59,1.354284781007193,0,0,-0.108370099573745,-0.108370099573745
384,59,0.8366315822542266,0,0,0.03339468637589158,0.03339468637589158
385,59,0.5946101948834572,0,0,0.04152113227042317,0.04152113227042317
388,59,0.8840055417499637,0,0,0.030386995503642933,0.030386995503642933
390,59,0.5348628230892842,0,0,0.011931970819962362,0.011931970819962362
395,59,1.540488731530697,0,0,-0.006442859218836413,-0.006442859218836413
399,59,0.9914355697908346,0,0,-0.052892967786131,-0.052892967786131
63,60,1.3061015058569827,1,1,0.12685645551804492,-0.8731435444819551
68,60,1.5906740010060005,1,1,0.32773373139416717,-0.6722662686058328
71,60,0.9472475682066253,0,0,-0.03211614514205824,-0.03211614514205824
91,60,1.5358374379348603,1,1,0.06763435286622577,-0.9323656471337742
95,60,1.463229200779687,1,1,0.37040949491747654,-0.6295905050825235
100,60,0.8556072404116343,0,0,-0.0612067079554906,-0.0612067079554906
108,60,0.9207124312742351,0,0,-0.16223902600019555,-0.16223902600019555
117,60,1.212590672476528,1,1,0.09148463546903529,-0.9085153645309647
121,60,1.467174860969034,0,0,-0.17260156517502198,-0.17260156517502198
126,60,1.3364178745120445,1,1,0.3548695068030525,-0.6451304931969475
144,60,1.2714683969375233,0,0,0.08408038354151443,0.08408038354151443
146,60,1.3637942739474327,0,0,-0.08370034202459686,-0.08370034202459686
150,60,1.3120144899335784,1,1,0.3491248542253964,-0.6508751457746036
152,60,1.3270377930943398,1,1,0.04561137773034596,-0.954388622269654
153,60,1.1764618339133992,0,0,-0.015250787025575696,-0.015250787025575696
155,60,0.6928980159557002,1,1,0.023438064862969066,-0.9765619351370309
168,60,1.34445804135609,0,0,0.01516519092535945,0.01516519092535945
174,60,1.5588698247770945,0,0,-0.101854588457026,-0.101854588457026
175,60,0.5577825544392121,0,0,-0.07291318612667047,-0.07291318612667047
187,60,1.403737040297819,0,0,-0.22300236368139306,-0.22300236368139306
195,60,1.3410991480220325,0,0,-0.1561422756763017,-0.1561422756763017
204,60,1.4436391433996887,0,0,-0.0950698439981204,-0.0950698439981204
206,60,0.9121416441229804,0,0,-0.12289747391781769,-0.12289747391781769
253,60,1.5502589455108595,0,0,-0.1095436051045045,-0.1095436051045045
254,60,1.3844667231439935,0,0,-0.09925326595746092,-0.09925326595746092
272,60,1.3995117422079686,0,0,-0.12154814150646923,-0.12154814150646923
315,60,0.9779501049486028,0,0,-0.1307223976681094,-0.1307223976681094
336,60,0.47313344825278636,0,0,-0.07952279349018293,-0.07952279349018293
363,60,1.0502257645541766,0,0,-0.06989808721453361,-0.06989808721453361
369,60,1.4818600635654553,0,0,-0.12783222054993032,-0.12783222054993032
381,60,0.5681521112363302,0,0,-0.10170197564942435,-0.10170197564942435
394,60,1.3293545663387365,0,0,0.18206713266760827,0.18206713266760827
72,61,0.957334927732133,0,0,0.07795898061595592,0.07795898061595592
95,61,1.0016511113319235,0,0,-0.10592343851041675,-0.10592343851041675
96,61,1.010021230415499,0,0,-0.13154402520724068,-0.13154402520724068
98,61,1.1834562861819558,0,0,0.08241751240421204,0.08241751240421204
99,61,0.5823305943063816,0,0,-0.011586668398808453,-0.011586668398808453
103,61,0.9674154451437718,0,0,-0.04763098799238996,-0.04763098799238996
104,61,1.2751805825909115,0,0,-0.03545559910763468,-0.03545559910763468
111,61,1.3956196849125517,0,0,0.17968534311664927,0.17968534311664927
125,61,1.5303268948156799,0,0,0.22796999396387532,0.22796999396387532
126,61,1.364816517293421,0,0,-0.12146342662484078,-0.12146342662484078
130,61,0.6339616196170407,0,0,-0.07671586935334287,-0.07671586935334287
136,61,1.359386055975725,0,0,0.16409284738256885,0.16409284738256885
137,61,1.06041109034867,0,0,-0.05838538809012378,-0.05838538809012378
149,61,0.5936594503653618,0,0,-0.07780249034476211,-0.07780249034476211
150,61,1.194656173970911,0,0,-0.12720807920249683,-0.12720807920249683
157,61,1.3823390239942648,0,0,0.057236808411341544,0.057236808411341544
166,61,1.2000946911430068,0,0,-0.07055670628007243,-0.07055670628007243
170,61,0.9269776391668183,0,0,-0.09017185532068395,-0.09017185532068395
172,61,0.9365044491721946,0,0,0.04423831144791539,0.04423831144791539
184,61,1.2244687412979058,0,0,-0.03939396026382047,-0.03939396026382047
191,61,1.373631890648074,0,0,0.02216047411107286,0.02216047411107286
223,61,1.1447921887233246,0,0,0.06980939243287303,0.06980939243287303
226,61,0.3465614831322245,0,0,-0.06312161686493839,-0.06312161686493839
233,61,1.5758762304264116,0,0,0.20380374364146114,0.20380374364146114
236,61,1.4461307868958386,0,0,0.14180590538152632,0.14180590538152632
245,61,0.969005341729652,0,0,0.0012670083565466117,0.0012670083565466117
250,61,0.5642492084295958,0,0,0.050029508753279314,0.050029508753279314
264,61,1.068190205340133,0,0,0.10072103935451725,0.10072103935451725
266,61,1.4404472153397891,0,0,0.09547911517352564,0.09547911517352564
284,61,1.3331215162149164,46,-1,-0.22876717525548962,0.7712328247445104
285,61,1.1575276242181092,0,0,-0.15924296905726393,-0.15924296905726393
294,61,1.0782909395062439,0,0,0.01281636699734831,0.01281636699734831
295,61,0.6188354165146336,0,0,0.03410603402644402,0.03410603402644402
299,61,0.8607434343253738,0,0,0.03162438567052253,0.03162438567052253
319,61,0.8835299504595384,0,0,0.012089835732629228,0.012089835732629228
323,61,0.7866947726474502,0,0,0.06942993325832425,0.06942993325832425
342,61,1.0211130989592687,0,0,0.05911710716780892,0.05911710716780892
352,61,0.9266218410683901,0,0,0.09250721862880668,0.09250721862880668
362,61,1.5003455873284102,46,-1,-0.2641697521224282,0.7358302478775718
394,61,1.3456265120376703,46,-1,-0.29426580076028497,0.705734199239715
71,62,1.389308511793445,0,0,-0.18819825217544495,-0.18819825217544495
86,62,1.5412385155301915,0,0,-0.30214410693606997,-0.30214410693606997
96,62,1.1854133769050434,1,1,0.1887068011872659,-0.8112931988127341
100,62,1.5945564953692937,0,0,-0.2172888149888773,-0.2172888149888773
103,62,1.4375630589138375,1,1,0.27261983840211657,-0.7273801615978834
104,62,1.397604000645366,1,1,0.2847952272868719,-0.7152047727131281
109,62,1.4445872772221326,0,0,-0.23811611900176977,-0.23811611900176977
130,62,1.5020667955275355,1,1,0.24353495704116368,-0.7564650429588363
137,62,1.5075037827021098,1,1,0.2618654383043828,-0.7381345616956172
144,62,1.0649239121346026,0,0,-0.07200172349187228,-0.07200172349187228
146,62,1.2517241158568286,0,0,-0.23978244905798357,-0.23978244905798357
148,62,1.4456524065799872,0,0,-0.3031142931647711,-0.3031142931647711
153,62,1.2081026906071497,0,0,-0.1713328940589624,-0.1713328940589624
156,62,1.0051399564966903,0,0,-0.23139755159419084,-0.23139755159419084
159,62,0.9997552216208256,0,0,-0.21813167045324322,-0.21813167045324322
168,62,0.9652975916378227,0,0,-0.14091691610802726,-0.14091691610802726
170,62,1.3441517983589604,1,1,0.2300789710738227,-0.7699210289261773
184,62,1.41677478996483,1,1,0.28085686613068606,-0.7191431338693139
209,62,1.5479761662535043,0,0,-0.3142516719439883,-0.3142516719439883
222,62,1.3625666010993707,0,0,-0.2547240267177009,-0.2547240267177009
230,62,0.22762228005095894,0,0,-0.01879301047743792,-0.01879301047743792
269,62,0.4847681587183442,0,0,-0.029650313308262344,-0.029650313308262344
274,62,1.4011920449012472,0,0,-0.27168795091106357,-0.27168795091106357
280,62,1.2865914797945603,1,1,0.04922009100305402,-0.950779908996946
281,62,1.1988119725108286,0,0,-0.26979993491730714,-0.26979993491730714
283,62,0.2120253003275294,0,0,-0.018793010477437366,-0.018793010477437366
284,62,0.9742822851820486,0,0,0.09148365113901702,0.09148365113901702
285,62,0.9395327266059935,1,1,0.16100785733724265,-0.8389921426627573
300,62,1.0272401139320748,1,1,0.20122078020416834,-0.7987792197958317
308,62,1.2831728456155869,0,0,-0.26985350510641665,-0.26985350510641665
319,62,1.591527958623933,1,1,0.33234066212713587,-0.6676593378728641
329,62,0.8641490149136989,0,0,-0.1921778913584557,-0.1921778913584557
341,62,1.561731505064308,1,1,0.3150978247327434,-0.6849021752672566
362,62,0.8058878854907793,0,0,0.05608107427207831,0.05608107427207831
366,62,0.6232167829868523,0,0,-0.1591771296458786,-0.1591771296458786
382,62,1.3806243775872378,1,1,0.2612080543733344,-0.7387919456266656
394,62,1.3499997569299182,0,0,0.02598502563422156,0.02598502563422156
398,62,1.442138204744937,1,1,0.18846776668980114,-0.8115322333101989
68,63,0.8452809666746806,0,0,0.2008772758761223,0.2008772758761223
84,63,1.314501114050135,46,-1,-0.0780963713061853,0.9219036286938147
85,63,0.8408521922243348,0,0,-0.030613710909776604,-0.030613710909776604
91,63,0.44975565835960934,0,0,-0.05922210265181904,-0.05922210265181904
95,63,1.587087620239816,0,0,0.24355303939943168,0.24355303939943168
117,63,0.11332199728304587,0,0,-0.03537182004900952,-0.03537182004900952
126,63,1.1360813005176706,0,0,0.22801305128500765,0.22801305128500765
150,63,1.24124801795684,0,0,0.2222683987073516,0.2222683987073516
152,63,0.3657529963139633,0,0,-0.08124507778769896,-0.08124507778769896
155,63,0.6263049771627663,0,0,-0.10341839065507585,-0.10341839065507585
166,63,1.3344843238414617,0,0,0.278919771629776,0.278919771629776
175,63,1.209795369849454,46,-1,-0.19976964164471533,0.8002303583552847
204,63,1.426050430550101,46,-1,-0.22192629951616527,0.7780737004838347
220,63,0.7915375565954379,0,0,-0.0424967305795404,-0.0424967305795404
228,63,0.9202460599211608,0,0,0.20303875728996845,0.20303875728996845
234,63,1.1285654043791546,0,0,0.15696457068590441,0.15696457068590441
254,63,1.5597546700820613,46,-1,-0.2261097214755058,0.7738902785244942
262,63,1.5889243365072132,46,-1,-0.13951774423911378,0.8604822557608862
311,63,1.4125693374540593,0,0,0.2652976129407387,0.2652976129407387
338,63,1.4696284590161053,46,-1,-0.20698185384917478,0.7930181461508252
363,63,1.1022277365939694,46,-1,-0.19675454273257853,0.8032454572674215
75,64,0.7977188260755365,46,-1,-0.14522323449647612,0.8547767655035239
77,64,1.5049068822923402,0,0,0.37613889392456623,0.37613889392456623
88,64,1.4090651732383999,0,0,0.36293991214666055,0.36293991214666055
93,64,0.7209977403783857,46,-1,0.017051098408795706,1.0170510984087957
123,64,0.8499252309194647,0,0,0.13624265628611276,0.13624265628611276
135,64,0.7087758538010193,46,-1,-0.12347151355231312,0.8765284864476869
158,64,0.9755952268466832,0,0,0.2768202439848036,0.2768202439848036
188,64,0.9837977201670812,0,0,0.21981050534963686,0.21981050534963686
199,64,1.5718619020426172,46,-1,-0.26603892659268336,0.7339610734073166
207,64,1.5104584714291744,46,-1,0.033632753897177015,1.033632753897177
218,64,1.0630428493706576,0,0,0.12603642121712988,0.12603642121712988
237,64,0.8518182640073302,0,0,0.23425698381182392,0.23425698381182392
241,64,1.2695827017793788,46,-1,-0.24028556081020658,0.7597144391897934
251,64,0.5648598880485,0,0,0.16115652430503502,0.16115652430503502
260,64,1.361696183369668,0,0,0.07168383997981498,0.07168383997981498
262,64,1.5202770355939805,46,-1,-0.1558513814775686,0.8441486185224314
263,64,1.5754009181869912,0,0,0.19845448537658206,0.19845448537658206
271,64,1.0621473016094256,46,-1,-0.20824165948823659,0.7917583405117634
307,64,0.5685862093454199,46,-1,-0.11458470133218546,0.8854152986678145
317,64,1.5420810196952137,46,-1,-0.20783777828516015,0.7921622217148399
318,64,1.282206064803132,46,-1,-0.2492887947673561,0.7507112052326439
330,64,1.1227409582343175,0,0,0.02945216572873821,0.02945216572873821
339,64,1.227586316457367,0,0,0.36233457307866024,0.36233457307866024
347,64,1.293363377946565,0,0,0.26421252604472106,0.26421252604472106
367,64,0.8513225607445584,0,0,0.20606415010359902,0.20606415010359902
379,64,1.1233920968780968,46,-1,-0.2150636611352844,0.7849363388647156
380,64,1.179711462124306,46,-1,-0.21787347146967395,0.782126528530326
383,64,1.053503634723402,46,-1,-0.13534033546460122,0.8646596645353988
389,64,1.51974121751361,46,-1,-0.2692390309934365,0.7307609690065635
391,64,0.6428323816418207,46,-1,-0.09649160898092146,0.9035083910190785
79,65,1.3749200465873879,0,0,0.1272458746511879,0.1272458746511879
81,65,0.9801616800474262,0,0,0.09529585311911169,0.09529585311911169
92,65,1.4346731408533215,0,0,0.09141681075236249,0.09141681075236249
98,65,1.1365632384800948,0,0,0.01061034372561298,0.01061034372561298
103,65,1.5549122745758948,0,0,-0.11943815667098902,-0.11943815667098902
104,65,1.251826083472183,0,0,-0.10726276778623374,-0.10726276778623374
115,65,1.3713098730307747,0,0,0.11769082420618193,0.11769082420618193
131,65,1.5887767803622574,0,0,0.07668627597984151,0.07668627597984151
134,65,1.3136680641875786,0,0,0.07883052806612771,0.07883052806612771
137,65,1.48705961768314,0,0,-0.13019255676872282,-0.13019255676872282
139,65,0.6276570997543487,0,0,0.06850304404246037,0.06850304404246037
143,65,1.5422349816396594,0,0,0.15601155501663616,0.15601155501663616
154,65,1.3171748396543062,0,0,0.15231450279997583,0.15231450279997583
160,65,1.1180150846822594,0,0,-0.11904918318676595,-0.11904918318676595
169,65,0.9693437189630448,0,0,-0.014352924940699882,-0.014352924940699882
180,65,0.48802441376823624,0,0,-0.016193980583455808,-0.016193980583455808
183,65,0.6021130799869775,0,0,-0.08624310323499705,-0.08624310323499705
184,65,1.3253843669276062,0,0,-0.11120112894241953,-0.11120112894241953
190,65,0.8064193703538076,0,0,-0.07802750860247927,-0.07802750860247927
191,65,1.0126071428982908,0,0,-0.0496466945675262,-0.0496466945675262
196,65,1.365301436059461,0,0,-0.0757435770884758,-0.0757435770884758
213,65,0.6502200424055412,0,0,-0.07189768219593702,-0.07189768219593702
217,65,0.5821267856315959,0,0,0.05725729641249765,0.05725729641249765
227,65,1.3590148214271356,0,0,-0.07124699936454128,-0.07124699936454128
235,65,1.5103429728749247,0,0,0.19467928485416344,0.19467928485416344
242,65,1.2245843284915148,0,0,0.01436950410831625,0.01436950410831625
247,65,1.435380923502666,0,0,0.16192589493909487,0.16192589493909487
259,65,1.2059188616881595,0,0,-0.06504149225235951,-0.06504149225235951
261,65,0.901882984846623,0,0,0.11311268731677729,0.11311268731677729
273,65,1.4487165278300738,0,0,0.01538723584955895,0.01538723584955895
288,65,1.3953065276509853,0,0,0.19402473448595747,0.19402473448595747
300,65,1.3998862188480157,0,0,-0.19083721486893734,-0.19083721486893734
313,65,1.5391327989450019,0,0,0.18666410007663609,0.18666410007663609
319,65,1.466696996935099,0,0,-0.05971733294596983,-0.05971733294596983
331,65,0.7520049810791496,0,0,-0.006984822303809868,-0.006984822303809868
341,65,0.8027774102838019,0,0,-0.07696017034036227,-0.07696017034036227
343,65,1.286370560273995,0,0,0.0081760433360335,0.0081760433360335
344,65,1.5793822201869459,0,0,0.2013227334239468,0.2013227334239468
351,65,0.6711736697568821,0,0,-0.07782982359378977,-0.07782982359378977
361,65,1.4632254833469982,0,0,-0.16224560378867764,-0.16224560378867764
382,65,1.0225262301238593,0,0,-0.13084994069977124,-0.13084994069977124
387,65,1.2325514244791174,0,0,0.1478813180080074,0.1478813180080074
395,65,1.1125668758059597,0,0,0.11406673777218584,0.11406673777218584
398,65,1.38263753924781,0,0,-0.20359022838330448,-0.20359022838330448
69,66,1.4016861478775393,0,0,0.2876459034373236,0.2876459034373236
87,66,1.2067434341874568,0,0,-0.06086742279733062,-0.06086742279733062
89,66,1.3992730521505168,0,0,-0.18089137591133775,-0.18089137591133775
106,66,1.5930231774320778,0,0,-0.19289926086345416,-0.19289926086345416
112,66,1.1884858284431983,0,0,0.3088853927917921,0.3088853927917921
113,66,1.2798079446379278,0,0,-0.09984343493349271,-0.09984343493349271
124,66,1.1442927789521204,0,0,0.29492148104283394,0.29492148104283394
127,66,0.36057052613506924,0,0,-0.044772448886714916,-0.044772448886714916
138,66,0.9349119902491118,0,0,0.16534219836429287,0.16534219836429287
142,66,0.577556300631172,0,0,-0.05478224988345054,-0.05478224988345054
164,66,1.0269392318714394,0,0,-0.13056939628775582,-0.13056939628775582
177,66,0.1513749275311335,0,0,0.04995070486165526,0.04995070486165526
179,66,1.467167389956592,0,0,-0.1951783473620019,-0.1951783473620019
199,66,1.3209112649770636,0,0,-0.01880411846408328,-0.01880411846408328
200,66,1.5364152431530365,0,0,-0.1941251313318706,-0.1941251313318706
201,66,0.7924092691931962,0,0,0.17679681571159456,0.17679681571159456
211,66,1.4563048394414477,0,0,-0.19763967665805504,-0.19763967665805504
238,66,1.584631201717314,0,0,-0.17892231088714827,-0.17892231088714827
249,66,1.569755007784271,0,0,-0.0958964270797732,-0.0958964270797732
256,66,0.6868777676764707,0,0,-0.08880336427318994,-0.08880336427318994
275,66,1.1816918798860703,0,0,-0.16766749683973808,-0.16766749683973808
286,66,1.021906367855564,0,0,-0.1419152185012849,-0.1419152185012849
292,66,1.3436838670275764,0,0,0.1625198496169334,0.1625198496169334
301,66,1.0134188244215543,0,0,0.2501183276077869,0.2501183276077869
302,66,0.941791615426377,0,0,-0.1446770168771802,-0.1446770168771802
305,66,1.3757513350479091,0,0,-0.15067794180594568,-0.15067794180594568
310,66,1.351258177033659,0,0,0.3246647607814173,0.3246647607814173
314,66,0.5527969212805205,0,0,-0.009372793680727382,-0.009372793680727382
334,66,1.4641704661482644,0,0,-0.19521122553373793,-0.19521122553373793
335,66,1.0756083207733973,0,0,-0.15779995948298242,-0.15779995948298242
337,66,0.9969673035735657,0,0,0.17995660743626063,0.17995660743626063
349,66,1.384568881593367,0,0,0.3441049747475042,0.3441049747475042
365,66,1.1118724521142644,0,0,0.1360674950164762,0.1360674950164762
384,66,1.42905070719864,0,0,-0.19391089915449355,-0.19391089915449355
385,66,1.5165982346511915,0,0,-0.18578445325996196,-0.18578445325996196
400,66,1.4514204178403116,0,0,0.354746458262641,0.354746458262641
78,67,0.8836941229571953,0,0,0.11961140843262275,0.11961140843262275
80,67,1.1876869940771235,0,0,0.11285535401099386,0.11285535401099386
88,67,1.3996514049399946,0,0,0.0035203437545725247,0.0035203437545725247
102,67,0.694186445228532,0,0,0.07208149038084936,0.07208149038084936
116,67,1.0137926971491311,0,0,0.12450565494955407,0.12450565494955407
123,67,1.0637853316231565,0,0,-0.22317691210597526,-0.22317691210597526
128,67,0.3595187419297687,0,0,0.012831804908480515,0.012831804908480515
157,67,1.2774239585146074,0,0,0.030960080690647013,0.030960080690647013
158,67,1.2141475579967316,0,0,-0.08259932440728443,-0.08259932440728443
178,67,1.427520199719833,0,0,0.11037795977375602,0.11037795977375602
182,67,1.0743295689692343,0,0,-0.24108376339294466,-0.24108376339294466
186,67,1.3126486327439815,0,0,0.0804101962950022,0.0804101962950022
188,67,0.9820716366863379,0,0,-0.13960906304245116,-0.13960906304245116
189,67,0.6728052500733008,0,0,0.05307692273092626,0.05307692273092626
218,67,1.1181684948666666,0,0,-0.23338314717495814,-0.23338314717495814
223,67,1.5025488641867828,0,0,0.043532664712178495,0.043532664712178495
224,67,1.44388093752564,0,0,0.18221204349378162,0.18221204349378162
228,67,1.5471837198075353,0,0,-0.1727144483405745,-0.1727144483405745
234,67,1.261210156999222,0,0,-0.21878863494463854,-0.21878863494463854
236,67,1.4744159092068776,0,0,0.11552917766083177,0.11552917766083177
237,67,1.1997792306075237,0,0,-0.1251625845802641,-0.1251625845802641
251,67,1.4410499215854513,0,0,-0.198263044087053,-0.198263044087053
257,67,1.3897879832551019,0,0,0.16701846988890015,0.16701846988890015
260,67,1.1452770690787835,0,0,-0.287735728412273,-0.287735728412273
263,67,0.7784579206589731,0,0,-0.16096508301550597,-0.16096508301550597
266,67,1.2444822438752303,0,0,0.06920238745283111,0.06920238745283111
293,67,0.5583857086684716,0,0,0.030989042988782564,0.030989042988782564
311,67,0.9709983157460936,0,0,-0.11045559268980423,-0.11045559268980423
321,67,1.4672707863550796,0,0,0.17044840095923897,0.17044840095923897
324,67,1.5637507671097703,0,0,0.21565381566142755,0.21565381566142755
325,67,1.5362264392013385,0,0,0.2011927849296919,0.2011927849296919
328,67,1.298115863619393,0,0,0.12042663803563043,0.12042663803563043
330,67,1.273675755832341,0,0,-0.3299674026633498,-0.3299674026633498
339,67,1.2231236506792387,0,0,0.0029150046865722146,0.0029150046865722146
347,67,0.594224815897697,0,0,-0.09520704234736696,-0.09520704234736696
373,67,1.506015379633073,0,0,0.17287225539817364,0.17287225539817364
85,68,1.2595360519161805,0,0,-0.2314909867858989,-0.2314909867858989
91,68,1.093916497390189,0,0,-0.26009937852794135,-0.26009937852794135
95,68,1.0188014321202452,0,0,0.042675763523309374,0.042675763523309374
117,68,0.8592452455495899,0,0,-0.23624909592513182,-0.23624909592513182
126,68,0.5890600029926263,0,0,0.027135775408885343,0.027135775408885343
150,68,0.687325989574259,0,0,0.021391122831229292,0.021391122831229292
152,68,1.143255882267929,0,0,-0.28212235366382127,-0.28212235366382127
155,68,1.1200064478606166,0,0,-0.30429566653119816,-0.30429566653119816
157,68,1.2998548360518631,0,0,0.20583601044506766,0.20583601044506766
166,68,0.5582435032525843,0,0,0.07804249575365368,0.07804249575365368
172,68,1.2238607698802084,0,0,0.19283751348164152,0.19283751348164152
220,68,1.2446958959101937,0,0,-0.2433740064556627,-0.2433740064556627
223,68,1.3821553289391337,0,0,0.21840859446659916,0.21840859446659916
228,68,0.6802761797577588,0,0,0.0021614814138461447,0.0021614814138461447
234,68,1.1754141503395377,0,0,-0.04391270519021789,-0.04391270519021789
245,68,0.9322004214378082,0,0,0.14986621039027273,0.14986621039027273
266,68,1.4621508203814304,0,0,0.24407831720725176,0.24407831720725176
294,68,0.949798872402182,0,0,0.16141556903107443,0.16141556903107443
299,68,1.167376614386794,0,0,0.18022358770424865,0.18022358770424865
311,68,1.161039838137495,0,0,0.06442033706461642,0.06442033706461642
342,68,1.3246828074300387,0,0,0.20771630920153505,0.20771630920153505
73,69,1.027583647605443,0,0,0.19343514961307584,0.19343514961307584
87,69,1.5503009032580335,0,0,-0.34851332623465425,-0.34851332623465425
93,69,1.1813519719334686,0,0,-0.02335999689992785,-0.02335999689992785
112,69,0.43779624382846366,0,0,0.02123948935446851,0.02123948935446851
124,69,0.7347220050790348,0,0,0.007275577605510342,0.007275577605510342
177,69,1.3000998308478147,0,0,-0.23769519857566834,-0.23769519857566834
185,69,1.3407845428456213,0,0,0.1370207555846783,0.1370207555846783
199,69,1.4595715461351237,0,0,-0.3064500219014069,-0.3064500219014069
207,69,0.37148694242095054,0,0,-0.006778341411546651,-0.006778341411546651
216,69,0.2701253269786715,0,0,0.036954880527422795,0.036954880527422795
291,69,0.8495469484392016,0,0,0.2018174790240963,0.2018174790240963
301,69,0.6412669712944657,0,0,-0.0375275758295367,-0.0375275758295367
310,69,1.1659580102342597,0,0,0.037018857344093714,0.037018857344093714
314,69,1.2069943353208108,0,0,-0.29701869711805096,-0.29701869711805096
320,69,1.412609381520048,0,0,0.25883699690832285,0.25883699690832285
337,69,0.504402783802781,0,0,-0.10768929600106297,-0.10768929600106297
346,69,1.5252028016072445,1,1,0.3610987851789669,-0.6389012148210331
349,69,0.9396863594146293,0,0,0.056459071310180575,0.056459071310180575
350,69,1.597960411010719,1,1,0.34953009254527523,-0.6504699074547248
365,69,0.5712950784996443,0,0,-0.1515784084208474,-0.1515784084208474
377,69,1.5602529507338891,0,0,0.13975830884226603,0.13975830884226603
380,69,1.5778316245586244,0,0,-0.25828456677839756,-0.25828456677839756
391,69,1.477401836595521,0,0,-0.13690270428964502,-0.13690270428964502
400,69,0.6948938450701827,0,0,0.0671005548253174,0.0671005548253174
79,70,1.3472272837562393,0,0,-0.08165468775361912,-0.08165468775361912
82,70,1.1147438851822387,0,0,0.23173479055332896,0.23173479055332896
89,70,1.2759736492757663,0,0,-0.041976755794737336,-0.041976755794737336
92,70,1.4874677363477742,0,0,-0.11748375165244451,-0.11748375165244451
97,70,1.5719067301060428,0,0,-0.09170977005254459,-0.09170977005254459
106,70,1.1310198462925063,0,0,-0.053984640746853746,-0.053984640746853746
113,70,0.6852318146316125,0,0,0.03907118518310769,0.03907118518310769
115,70,1.3781868006092495,0,0,-0.09120973819862507,-0.09120973819862507
118,70,0.6341906990187562,0,0,-0.037666002897880135,-0.037666002897880135
120,70,0.26968216109803395,0,0,0.018810850004772242,0.018810850004772242
122,70,1.3891521080104416,0,0,-0.09601882410788541,-0.09601882410788541
127,70,1.5632306648136691,0,0,0.09414217122988548,0.09414217122988548
142,70,1.352207381436151,0,0,0.08413237023314986,0.08413237023314986
143,70,1.0600295145142453,0,0,-0.05288900738817086,-0.05288900738817086
145,70,1.2483368900278202,0,0,0.2907419917319721,0.2907419917319721
151,70,0.5821447176474951,0,0,-0.03890599371567849,-0.03890599371567849
154,70,1.3024025933188315,0,0,-0.056586059604831165,-0.056586059604831165
162,70,1.4765608057223394,0,0,-0.10185451614787988,-0.10185451614787988
167,70,1.5582770591451889,0,0,0.07836181022406584,0.07836181022406584
179,70,1.4207151295279223,0,0,-0.05626372724540149,-0.05626372724540149
193,70,0.6943179567419541,0,0,-0.043416762535107276,-0.043416762535107276
194,70,0.881920736086901,0,0,-0.05178798584498129,-0.05178798584498129
197,70,0.9479512101942602,0,0,-0.020929705564698545,-0.020929705564698545
205,70,1.0180606450285454,0,0,-0.0626093102232829,-0.0626093102232829
211,70,1.3410091564399775,0,0,-0.058725056541454636,-0.058725056541454636
219,70,1.0070757421392849,0,0,-0.06995853368794538,-0.06995853368794538
229,70,1.4474784313685414,0,0,-0.10229070543976354,-0.10229070543976354
232,70,0.7559695996172666,0,0,0.03318341485795699,0.03318341485795699
238,70,0.8160718860874098,0,0,-0.040007690770547874,-0.040007690770547874
246,70,1.5800021371593063,0,0,-0.11018924315378617,-0.11018924315378617
248,70,1.2105650017443246,0,0,0.26412274298313093,0.26412274298313093
255,70,0.9967903822698433,0,0,0.03480541694914556,0.03480541694914556
256,70,1.2187915382302157,0,0,0.05011125584341046,0.05011125584341046
258,70,1.1613594928835254,0,0,0.12390104007865545,0.12390104007865545
268,70,0.9072930046562344,0,0,-0.010387918865254309,-0.010387918865254309
275,70,1.484206330623827,0,0,-0.02875287672313767,-0.02875287672313767
277,70,0.2539414277133293,0,0,0.03103635617545021,0.03103635617545021
282,70,0.7124761443460547,0,0,-0.037932998415208044,-0.037932998415208044
286,70,1.4172116704229285,0,0,-0.0030005983846845274,-0.0030005983846845274
287,70,0.6222564102911672,0,0,0.09028786206524918,0.09028786206524918
298,70,0.7982005072670658,0,0,-0.058545872702395904,-0.058545872702395904
302,70,1.2020112163670076,0,0,-0.005762396760579824,-0.005762396760579824
306,70,1.551065078083657,0,0,0.053032250613004914,0.053032250613004914
322,70,1.586234970147477,0,0,-0.08735823341214509,-0.08735823341214509
327,70,1.3091685051412958,0,0,0.20164028286268748,0.20164028286268748
332,70,0.6791051178836139,0,0,0.10374704394417832,0.10374704394417832
334,70,1.5739454160272461,0,0,-0.056296605417137546,-0.056296605417137546
335,70,1.200003086685557,0,0,-0.018885339366382037,-0.018885339366382037
340,70,1.2079432150720602,0,0,0.008696770387137703,0.008696770387137703
344,70,1.4395933960996405,0,0,-0.007577828980860221,-0.007577828980860221
353,70,0.9663825942104337,0,0,-0.06675977393408017,-0.06675977393408017
357,70,1.4305534521272476,0,0,0.2527017682917072,0.2527017682917072
358,70,0.5040658159531141,0,0,-0.03217351911176877,-0.03217351911176877
370,70,1.4212654999363745,0,0,-0.09245743021824793,-0.09245743021824793
374,70,1.4405871654432496,0,0,-0.11340298211319391,-0.11340298211319391
384,70,1.4495128131890909,0,0,-0.05499627903789316,-0.05499627903789316
385,70,1.0823693077225396,0,0,-0.04686983314336157,-0.04686983314336157
387,70,1.4702744152372433,0,0,-0.06101924439679958,-0.06101924439679958
388,70,0.8719693881000141,0,0,-0.05800396991014181,-0.05800396991014181
392,70,0.8385267037965071,0,0,-0.015210042976402466,-0.015210042976402466
395,70,1.5008536907351182,0,0,-0.09483382463262116,-0.09483382463262116
397,70,0.9722717954686461,0,0,0.0007472515976941069,0.0007472515976941069
86,71,0.9709576339451084,0,0,-0.11394585476062505,-0.11394585476062505
100,71,0.2763225143721293,0,0,-0.029090562813432363,-0.029090562813432363
108,71,1.110423694545777,0,0,-0.1301228808581373,-0.1301228808581373
121,71,0.9836524647588943,0,0,-0.14048542003296374,-0.14048542003296374
125,71,1.5401186183595816,0,0,-0.2635809274661731,-0.2635809274661731
144,71,0.686610739061689,0,0,0.11619652868357266,0.11619652868357266
146,71,0.5123695306531688,0,0,-0.051584196882538624,-0.051584196882538624
148,71,1.0206739837104282,0,0,-0.1149160409893262,-0.1149160409893262
153,71,0.2446084824630296,0,0,0.016865358116482543,0.016865358116482543
156,71,0.9737940804682176,0,0,-0.043199299418745896,-0.043199299418745896
159,71,0.9095822898454539,0,0,-0.029933418277798274,-0.029933418277798274
168,71,0.5484107913638919,0,0,0.04728133606741769,0.04728133606741769
175,71,1.3050863444967011,0,0,-0.04079704098461223,-0.04079704098461223
187,71,1.4181640821880535,0,0,-0.19088621853933482,-0.19088621853933482
203,71,1.5946284146723573,0,0,-0.19943601584010756,-0.19943601584010756
206,71,0.6997877362631938,0,0,-0.09078132877575945,-0.09078132877575945
209,71,1.2775337361759884,0,0,-0.12605341976854337,-0.12605341976854337
222,71,1.5657385059378295,0,0,-0.06652577454225594,-0.06652577454225594
230,71,1.207332434095514,0,0,0.16940524169800703,0.16940524169800703
239,71,1.2810653774931386,0,0,-0.17826946680615235,-0.17826946680615235
269,71,0.9885642509867067,0,0,0.1585479388671826,0.1585479388671826
274,71,1.5084628704713061,0,0,-0.08348969873561865,-0.08348969873561865
281,71,0.8791603940385956,0,0,-0.08160168274186222,-0.08160168274186222
283,71,1.2356538859078434,0,0,0.16940524169800758,0.16940524169800758
284,71,1.3515180936329751,0,0,0.27968190331446197,0.27968190331446197
285,71,1.5825645478737236,1,1,0.3492061095126876,-0.6507938904873124
308,71,1.3140883563697887,0,0,-0.0816552529309717,-0.0816552529309717
315,71,0.6189870307860282,0,0,-0.09860625252605115,-0.09860625252605115
329,71,1.1206535830252458,0,0,-0.0039796391830107525,-0.0039796391830107525
336,71,0.7244251894632477,0,0,-0.04740664834812469,-0.04740664834812469
362,71,1.2682077858499736,0,0,0.24427932644752326,0.24427932644752326
366,71,0.8982836312321567,0,0,0.029021122529566346,0.029021122529566346
381,71,0.8852749564218485,0,0,-0.06958583050736611,-0.06958583050736611
394,71,1.0705597841286434,0,0,0.2141832778096665,0.2141832778096665
78,72,1.2097313091712558,0,0,0.06792915553736137,0.06792915553736137
80,72,0.7773417436132765,0,0,0.06117310111573247,0.06117310111573247
81,72,1.5693876399498405,0,0,0.08914404118175483,0.08914404118175483
95,72,1.4917280682207845,0,0,-0.18388241912637265,-0.18388241912637265
98,72,1.231860888264196,0,0,0.004458531788256115,0.004458531788256115
99,72,1.2319170090227174,0,0,-0.08954564901476438,-0.08954564901476438
103,72,1.5711866937175352,0,0,-0.12558996860834587,-0.12558996860834587
111,72,0.652842504646172,0,0,0.10172636250069333,0.10172636250069333
125,72,1.0029031248964886,0,0,0.15001101334791941,0.15001101334791941
126,72,1.5887038406381366,0,0,-0.19942240724079668,-0.19942240724079668
130,72,1.5002946792620178,0,0,-0.1546748499692988,-0.1546748499692988
136,72,0.7864131678128186,0,0,0.08613386676661293,0.08613386676661293
149,72,1.4159973294326444,0,0,-0.15576147096071802,-0.15576147096071802
150,72,1.4374872207005736,0,0,-0.20516705981845273,-0.20516705981845273
157,72,0.7203402405194923,0,0,-0.020722172204614378,-0.020722172204614378
163,72,1.389194467529501,0,0,0.18424921769734526,0.18424921769734526
166,72,1.2384937613780846,0,0,-0.14851568689602834,-0.14851568689602834
172,72,0.47000475361036265,0,0,-0.033720669168040535,-0.033720669168040535
187,72,1.3849597290636664,0,0,0.2227057222747577,0.2227057222747577
223,72,0.3918637475883235,0,0,-0.008149588183082895,-0.008149588183082895
225,72,0.9789284836591562,0,0,0.15600194657795363,0.15600194657795363
226,72,1.287034267670305,0,0,-0.1410805974808943,-0.1410805974808943
233,72,1.1491438110923455,0,0,0.12584476302550524,0.12584476302550524
236,72,0.5180080006467822,0,0,0.06384692476557038,0.06384692476557038
245,72,0.8919458449576564,0,0,-0.07669197225940931,-0.07669197225940931
247,72,1.5313986309971062,0,0,0.155774083001738,0.155774083001738
250,72,0.6551836477941019,0,0,-0.027929471862676608,-0.027929471862676608
264,72,0.14418048158902158,0,0,0.022762058738561325,0.022762058738561325
266,72,0.5824944757002557,0,0,0.01752013455756972,0.01752013455756972
293,72,1.2448404545531297,0,0,-0.020693209906478827,-0.020693209906478827
294,72,0.827670701994403,0,0,-0.06514261361860761,-0.06514261361860761
295,72,1.0068198216877726,0,0,-0.0438529465895119,-0.0438529465895119
299,72,0.6067762591370672,0,0,-0.04633459494543339,-0.04633459494543339
319,72,1.3588713955027576,0,0,-0.0658691448833267,-0.0658691448833267
323,72,0.17528549186014286,0,0,-0.008529047357631672,-0.008529047357631672
324,72,1.190737557582861,0,0,0.16397156276616617,0.16397156276616617
325,72,1.0117330476883855,0,0,0.1495105320344305,0.1495105320344305
342,72,0.38106761108262854,0,0,-0.018841873448147,-0.018841873448147
352,72,0.6691716747087041,0,0,0.014548238012850753,0.014548238012850753
112,73,0.8063973997924758,0,0,-0.17219566025860733,-0.17219566025860733
124,73,0.8045419041917605,0,0,-0.1861595720075655,-0.1861595720075655
133,73,1.1251785960598983,0,0,-0.030989403283320005,-0.030989403283320005
176,73,1.4459637813414241,1,1,0.2262971358753294,-0.7737028641246706
177,73,1.5350597634840848,0,0,-0.4311303481887442,-0.4311303481887442
185,73,0.5205226185199788,0,0,-0.05641439402839754,-0.05641439402839754
192,73,1.499318943165059,1,1,0.26290250512157565,-0.7370974948784244
201,73,1.4881825453753819,0,0,-0.3042842373388049,-0.3042842373388049
207,73,1.235190509832849,0,0,-0.2002134910246225,-0.2002134910246225
215,73,1.4305465180224606,1,1,0.2589867877283286,-0.7410132122716714
216,73,1.0308711838891536,0,0,-0.15648026908565305,-0.15648026908565305
270,73,1.5440723146594075,1,1,0.20404008273426744,-0.7959599172657326
289,73,1.0867239918303249,1,1,0.08067640963561351,-0.9193235903643865
291,73,0.26865704795013223,0,0,0.008382329411020462,0.008382329411020462
297,73,1.2221887812406766,1,1,0.20918607479184603,-0.790813925208154
301,73,0.9454235051691876,0,0,-0.23096272544261254,-0.23096272544261254
310,73,0.7775539814325472,0,0,-0.15641629226898213,-0.15641629226898213
320,73,0.44483142228967654,0,0,0.065401847295247,0.065401847295247
333,73,1.1205340966786361,1,1,0.12031653570983103,-0.879683464290169
337,73,1.3288769254697843,0,0,-0.3011244456141388,-0.3011244456141388
345,73,1.3430367146149058,0,0,-0.05084472577838628,-0.05084472577838628
346,73,1.1203964563705504,1,1,0.16766363556589103,-0.832336364434109
349,73,0.48215674487079113,0,0,-0.13697607830289527,-0.13697607830289527
350,73,0.8875987359315061,1,1,0.1560949429321994,-0.8439050570678006
364,73,1.2880461161222398,1,1,0.22701621959038054,-0.7729837804096195
365,73,1.4793613847323366,0,0,-0.34501355803392325,-0.34501355803392325
375,73,1.1460814811215838,1,1,0.18324326184547046,-0.8167567381545295
377,73,0.8011932410331017,0,0,-0.05367684077080981,-0.05367684077080981
399,73,1.382011932946508,1,1,0.2387203936330844,-0.7612796063669156
400,73,0.4571243301125074,0,0,-0.12633459478775844,-0.12633459478775844
78,74,1.330803702344751,0,0,-0.13208222079120419,-0.13208222079120419
80,74,1.5473362221621227,0,0,-0.13883827521283307,-0.13883827521283307
87,74,0.6831070989799768,0,0,0.08078457145815436,0.08078457145815436
89,74,0.8959517761655212,0,0,-0.03923938165585275,-0.03923938165585275
101,74,0.7876486914497194,0,0,0.08479096037943228,0.08479096037943228
102,74,1.3759682333511067,0,0,-0.17961213884297758,-0.17961213884297758
106,74,1.2557071403972335,0,0,-0.05124726660796916,-0.05124726660796916
116,74,1.0803844294506775,0,0,-0.12718797427427286,-0.12718797427427286
118,74,1.5018171295857219,0,0,-0.03492862875899555,-0.03492862875899555
127,74,1.4356689841085977,0,0,0.09687954536877007,0.09687954536877007
129,74,1.2224968742573854,0,0,-0.11021875498721574,-0.11021875498721574
164,74,0.5870603065449199,0,0,0.01108259796772916,0.01108259796772916
165,74,1.467141593265593,0,0,0.1329898095680156,0.1329898095680156
174,74,1.5478088242133958,0,0,0.14384212117055922,0.14384212117055922
177,74,1.5998625527062276,0,0,0.19160269911714023,0.19160269911714023
178,74,1.2977776342849536,0,0,-0.14131566945007093,-0.14131566945007093
179,74,1.0189892663597282,0,0,-0.053526353106516905,-0.053526353106516905
186,74,1.5397437321662664,0,0,-0.17128343292882475,-0.17128343292882475
187,74,1.4685559984484102,0,0,0.02269434594619217,0.02269434594619217
189,74,1.506533676444727,0,0,-0.1986167064929007,-0.1986167064929007
195,74,1.373821741514292,0,0,0.08955443395128353,0.08955443395128353
199,74,0.9531930159412696,0,0,0.1228478757914017,0.1228478757914017
200,74,0.6297665162901164,0,0,-0.05247313707638562,-0.05247313707638562
211,74,1.1097188522808232,0,0,-0.05598768240257005,-0.05598768240257005
214,74,0.6703553892619663,0,0,0.027947085255716306,0.027947085255716306
221,74,0.883363469211895,0,0,0.07909783223266374,0.07909783223266374
224,74,0.6114526220487743,0,0,-0.06948158573004531,-0.06948158573004531
225,74,1.4246075507656863,0,0,-0.04400942975061192,-0.04400942975061192
238,74,1.3543752455961335,0,0,-0.03727031663166329,-0.03727031663166329
241,74,1.3307454775821033,0,0,0.14860124157387838,0.14860124157387838
249,74,0.37810804850724555,0,0,0.04575556717571179,0.04575556717571179
252,74,1.2905753594328502,0,0,-0.07898122169293839,-0.07898122169293839
253,74,1.4066501135511276,0,0,0.13615310452308071,0.13615310452308071
254,74,1.5506885454028891,0,0,0.1464434436701243,0.1464434436701243
256,74,1.4235339899185728,0,0,0.052848629982295045,0.052848629982295045
257,74,0.805833674929064,0,0,-0.08467515933492678,-0.08467515933492678
271,74,1.3965495723012602,0,0,0.18064514289584843,0.18064514289584843
272,74,1.4439660785509718,0,0,0.124148568121116,0.124148568121116
275,74,0.62221632608423,0,0,-0.026015502584253086,-0.026015502584253086
278,74,0.8620818339797937,0,0,0.042739289090179364,0.042739289090179364
279,74,0.9074750254579491,0,0,0.10073976184907067,0.10073976184907067
286,74,0.7409800537580031,0,0,-0.0002632242457999423,-0.0002632242457999423
302,74,1.07687897423322,0,0,-0.003025022621695239,-0.003025022621695239
305,74,0.26372865878089374,0,0,-0.009025947550460683,-0.009025947550460683
314,74,1.2402479281257235,0,0,0.13227920057475762,0.13227920057475762
318,74,1.207440562962363,0,0,0.13959800761672897,0.13959800761672897
321,74,0.7741966264869108,0,0,-0.08124522826458797,-0.08124522826458797
322,74,1.553068824746772,0,0,-0.0846208592732605,-0.0846208592732605
324,74,1.1012269191245068,0,0,-0.03603981356239938,-0.03603981356239938
325,74,1.2307677842223461,0,0,-0.05050084429413505,-0.05050084429413505
328,74,1.1482242979602713,0,0,-0.1312669911881965,-0.1312669911881965
334,74,0.857557337423567,0,0,-0.05355923127825296,-0.05355923127825296
335,74,0.9766745815060259,0,0,-0.01614796522749745,-0.01614796522749745
354,74,0.40006522219617974,0,0,-0.04873385649789856,-0.04873385649789856
359,74,0.2944094172422542,0,0,-0.029111801072316826,-0.029111801072316826
369,74,1.358141543490549,0,0,0.11786448907765491,0.11786448907765491
372,74,0.8252909071692384,0,0,0.08927439209874245,0.08927439209874245
373,74,0.7682018238777376,0,0,-0.07882137382565331,-0.07882137382565331
379,74,1.3219835126409414,0,0,0.1738231412488006,0.1738231412488006
380,74,1.2763146005794097,0,0,0.171013330914411,0.171013330914411
384,74,0.809000646372638,0,0,-0.05225890489900858,-0.05225890489900858
385,74,1.178341480037931,0,0,-0.04413245900447699,-0.04413245900447699
386,74,0.6385887969992181,0,0,0.06971899065405866,0.06971899065405866
389,74,1.138201947781406,0,0,0.11964777139064851,0.11964777139064851
390,74,1.1968998849284018,0,0,-0.0737216204549378,-0.0737216204549378
84,75,1.3229162891441184,0,0,0.05079322595183594,0.05079322595183594
87,75,1.4404673684033729,0,0,-0.16287899642945455,-0.16287899642945455
93,75,1.1212439174847753,0,0,0.16227433290527182,0.16227433290527182
101,75,1.1677518275420615,0,0,-0.15887260750817664,-0.15887260750817664
123,75,1.277362704838648,1,1,0.2814658907825889,-0.7185341092174111
135,75,0.20605344042315185,0,0,0.021751720944163,0.021751720944163
165,75,1.4394743373015322,0,0,-0.11067375831959333,-0.11067375831959333
174,75,1.4993122581406526,0,0,-0.09982144671704968,-0.09982144671704968
188,75,1.5875108135000469,1,1,0.365033739846113,-0.634966260153887
199,75,1.1952988580370008,0,0,-0.12081569209620721,-0.12081569209620721
204,75,1.5662168007193566,0,0,-0.09303670225814409,-0.09303670225814409
218,75,1.3314104483180433,1,1,0.271259655713606,-0.728740344286394
221,75,1.2250294278782123,0,0,-0.16456573565494517,-0.16456573565494517
237,75,1.5241175993051146,1,1,0.37948021830830003,-0.6205197816917
241,75,0.5921374159794364,0,0,-0.09506232631373052,-0.09506232631373052
249,75,1.4707411322794877,0,0,-0.19790800071189713,-0.19790800071189713
251,75,1.3029154139063228,1,1,0.30637975880151114,-0.6936202411984889
253,75,1.5133221237315142,0,0,-0.10751046336452819,-0.10751046336452819
260,75,1.411236193504504,1,1,0.2169070744762911,-0.7830929255237089
262,75,0.9665394985323772,0,0,-0.010628146981092546,-0.010628146981092546
271,75,0.4229785673020407,0,0,-0.06301842499176047,-0.06301842499176047
279,75,1.0922661836638006,0,0,-0.14292380603853824,-0.14292380603853824
307,75,0.3287822219381285,0,0,0.03063853316429066,0.03063853316429066
317,75,0.8402698996183556,0,0,-0.06261454378868397,-0.06261454378868397
318,75,0.6832918484304946,0,0,-0.10406556027087993,-0.10406556027087993
330,75,1.249964057036198,1,1,0.17467540022521433,-0.8253245997747857
338,75,1.4041720341404833,0,0,-0.07809225659115365,-0.07809225659115365
367,75,1.583528554718311,1,1,0.35128738460007514,-0.6487126153999249
372,75,1.2409993417709964,0,0,-0.15438917578886646,-0.15438917578886646
379,75,0.5162695049260273,0,0,-0.0698404266388083,-0.0698404266388083
380,75,0.6958183106092163,0,0,-0.07265023697319789,-0.07265023697319789
383,75,0.5094766691282954,0,0,0.009882899031874837,0.009882899031874837
386,75,1.2409475329296207,0,0,-0.17394457723355025,-0.17394457723355025
389,75,0.9171840697819709,0,0,-0.1240157964969604,-0.1240157964969604
391,75,0.6324711210661671,0,0,0.048731625515554655,0.048731625515554655
393,75,1.069854161032254,0,0,-0.05725083919779961,-0.05725083919779961
107,76,1.1361617643074469,0,0,0.14529615062289858,0.14529615062289858
110,76,0.2816163836590363,0,0,-0.060854362914743,-0.060854362914743
119,76,0.9780024287984148,0,0,0.008840011590374092,0.008840011590374092
132,76,1.5376491835557764,0,0,0.13520300682652026,0.13520300682652026
133,76,0.9607229573887622,46,-1,-0.07880477872524083,0.9211952212747592
138,76,1.5666634308203022,46,-1,-0.36355423012802746,0.6364457698719725
161,76,0.679720189740543,46,-1,-0.17318920389181924,0.8268107961081808
171,76,0.7772730922795927,0,0,-0.2015569277509321,-0.2015569277509321
176,76,1.5354935887398573,0,0,0.1784817604334085,0.1784817604334085
181,76,1.5795837528389307,0,0,-0.08515969640803916,-0.08515969640803916
202,76,1.505143178596607,0,0,0.1999133163711863,0.1999133163711863
240,76,1.577907229757663,0,0,0.20217444306302887,0.20217444306302887
243,76,1.3905359816816012,0,0,0.1813183344100411,0.1813183344100411
244,76,0.8283072133760618,0,0,0.07780838901158715,0.07780838901158715
270,76,1.3281049075972522,0,0,0.1562247072923466,0.1562247072923466
276,76,1.4041040492536903,0,0,-0.17894128406152282,-0.17894128406152282
289,76,1.0314792183943673,0,0,0.032861034193692656,0.032861034193692656
290,76,0.8190094267852915,0,0,0.06120678566260149,0.06120678566260149
292,76,1.299683879643157,46,-1,-0.366376578875387,0.633623421124613
297,76,1.556405421672845,0,0,0.16137069934992515,0.16137069934992515
303,76,1.2932940369376795,0,0,0.19966350418136897,0.19966350418136897
304,76,1.3516177418989312,0,0,-0.18424180173320692,-0.18424180173320692
312,76,1.0701334326266818,0,0,0.10015664008715972,0.10015664008715972
326,76,1.4728709818195822,0,0,0.14792893204765367,0.14792893204765367
333,76,0.9736201411832154,0,0,0.07250116026791015,0.07250116026791015
345,76,0.830529569850996,46,-1,-0.09866010122030722,0.9013398987796928
374,76,1.5723974603414668,0,0,0.21878596927788535,0.21878596927788535
375,76,1.4064441486181378,0,0,0.13542788640354952,0.13542788640354952
377,76,1.3403109665191189,46,-1,-0.10149221621273075,0.8985077837872693
396,76,1.0270827523827215,0,0,-0.2610009822959451,-0.2610009822959451
88,77,0.3048126129785606,0,0,-0.013198981777905683,-0.013198981777905683
93,77,1.4370276107840383,46,-1,-0.3590877955157705,0.6409122044842295
102,77,1.2919827013467788,0,0,0.055362164848371156,0.055362164848371156
116,77,1.2836343206310858,0,0,0.10778632941707586,0.10778632941707586
128,77,1.3411074979494184,0,0,-0.0038875206239976923,-0.0038875206239976923
129,77,0.9542559275124899,0,0,0.124755548704133,0.124755548704133
158,77,0.7735328920934893,0,0,-0.09931864993976264,-0.09931864993976264
178,77,0.7441382700246878,0,0,0.09365863424127781,0.09365863424127781
186,77,0.4701415529898305,0,0,0.063690870762524,0.063690870762524
188,77,1.1921802011130147,0,0,-0.15632838857492937,-0.15632838857492937
189,77,1.1570259595175312,0,0,0.036357597198448055,0.036357597198448055
192,77,1.4682001422149438,0,0,0.12060985611880877,0.12060985611880877
200,77,1.483469447180563,0,0,0.18250116661496313,0.18250116661496313
207,77,1.5025027683700753,46,-1,-0.3425061400273893,0.6574938599726107
215,77,1.3086749850474377,0,0,0.11669413872556178,0.11669413872556178
216,77,1.4668030653354331,46,-1,-0.2987729180884199,0.7012270819115801
224,77,1.3413777792390467,0,0,0.16549271796130344,0.16549271796130344
237,77,0.9886438195717068,0,0,-0.14188191011274232,-0.14188191011274232
251,77,1.1213660792771603,0,0,-0.2149823696195312,-0.2149823696195312
257,77,1.210074917307133,0,0,0.15029914435642194,0.15029914435642194
291,77,1.4454004729930892,46,-1,-0.13391031959174637,0.8660896804082536
320,77,1.5298805496635381,46,-1,-0.07689080170751983,0.9231091982924802
321,77,1.2224390604233446,0,0,0.1537290754267608,0.1537290754267608
328,77,0.9099525108471528,0,0,0.10370731250315222,0.10370731250315222
339,77,0.4905236580797357,0,0,-0.013804320845905993,-0.013804320845905993
346,77,0.624017922747266,0,0,0.025370986563124157,0.025370986563124157
347,77,1.492115817494007,0,0,-0.11192636787984517,-0.11192636787984517
350,77,1.1363751070677088,0,0,0.013802293929432552,0.013802293929432552
354,77,1.5166155785335043,0,0,0.18624044719345018,0.18624044719345018
359,77,1.5380041880520132,0,0,0.2058625026190319,0.2058625026190319
364,77,1.0896115136663052,0,0,0.08472357058761373,0.08472357058761373
367,77,0.8397996359732363,0,0,-0.1700747438209672,-0.1700747438209672
373,77,1.3801647660613674,0,0,0.15615292986569543,0.15615292986569543
399,77,1.4463366325339473,0,0,0.09642774463031759,0.09642774463031759
80,78,0.44413120664783273,0,0,-0.0067560544216288855,-0.0067560544216288855
102,78,0.5044851898173072,0,0,-0.04752991805177339,-0.04752991805177339
111,78,1.0994470573508517,0,0,0.03379720696333198,0.03379720696333198
116,78,0.5267280271374967,0,0,0.004894246516931322,0.004894246516931322
125,78,1.4246683865669942,0,0,0.08208185781055805,0.08208185781055805
128,78,0.7699885168406461,0,0,-0.10677960352414223,-0.10677960352414223
129,78,1.4821108901808537,0,0,0.021863465803988454,0.021863465803988454
136,78,1.377020160040557,0,0,0.01820471122925156,0.01820471122925156
157,78,1.0568955164927867,0,0,-0.08865132774197573,-0.08865132774197573
172,78,1.3316921557959411,0,0,-0.1016498247054019,-0.1016498247054019
178,78,1.2175428811505948,0,0,-0.009233448658866737,-0.009233448658866737
186,78,1.3483022110941263,0,0,-0.039201212137620546,-0.039201212137620546
187,78,1.482433549237731,0,0,0.15477656673739637,0.15477656673739637
189,78,0.7023356040890364,0,0,-0.06653448570169648,-0.06653448570169648
195,78,1.5933178310182394,0,0,0.22163665474248773,0.22163665474248773
200,78,1.4751315307370572,0,0,0.07960908371481856,0.07960908371481856
214,78,1.1812924920938208,0,0,0.1600293060469205,0.1600293060469205
221,78,1.5268887847631214,0,0,0.21118005302386794,0.21118005302386794
223,78,1.0693484116824432,0,0,-0.07607874372044426,-0.07607874372044426
224,78,0.8697689200858266,0,0,0.06260063506115887,0.06260063506115887
225,78,1.1050250163185635,0,0,0.08807279104059226,0.08807279104059226
236,78,0.746064985042343,0,0,-0.004082230771790974,-0.004082230771790974
249,78,1.5395217486150299,0,0,0.177837787966916,0.177837787966916
257,78,0.8673393982629202,0,0,0.047407061456277405,0.047407061456277405
263,78,1.4025425583923012,0,0,-0.28057649144812874,-0.28057649144812874
264,78,1.119843751502996,0,0,-0.04516709679880004,-0.04516709679880004
266,78,0.762577140221659,0,0,-0.05040902097979164,-0.05040902097979164
278,78,1.2790849902760373,0,0,0.17482150988138356,0.17482150988138356
293,78,0.5237064906759114,0,0,-0.0886223654438402,-0.0886223654438402
294,78,1.5136998831300685,0,0,-0.13307176915596897,-0.13307176915596897
299,78,1.4979143797509176,0,0,-0.11426375048279475,-0.11426375048279475
305,78,1.5343982076103149,0,0,0.1230562732407435,0.1230562732407435
311,78,1.3602720636971877,0,0,-0.23006700112242698,-0.23006700112242698
321,78,0.9337227893759645,0,0,0.05083699252661623,0.05083699252661623
323,78,1.379539081846114,0,0,-0.07645820289499303,-0.07645820289499303
324,78,0.7860077408595337,0,0,0.0960424072288048,0.0960424072288048
325,78,0.7242357842224112,0,0,0.08158137649706915,0.08158137649706915
328,78,0.997782885166541,0,0,0.0008152296030076826,0.0008152296030076826
339,78,1.5418477938105468,0,0,-0.11669640374605053,-0.11669640374605053
342,78,1.2018369470064731,0,0,-0.08677102898550837,-0.08677102898550837
347,78,1.3549035413937633,0,0,-0.2148184507799897,-0.2148184507799897
354,78,1.162877305685194,0,0,0.08334836429330564,0.08334836429330564
359,78,1.0705306401900554,0,0,0.10297041971888737,0.10297041971888737
373,78,0.8796780765052982,0,0,0.05326084696555089,0.05326084696555089
81,79,0.9865738103633103,0,0,-0.0319500215320762,-0.0319500215320762
92,79,0.386627585461307,0,0,-0.0358290638988254,-0.0358290638988254
94,79,1.5729990515763193,0,0,0.10896722073428798,0.10896722073428798
97,79,1.4922300117375664,0,0,-0.010055082298925478,-0.010055082298925478
105,79,1.0085531482741925,0,0,-0.06583921895821765,-0.06583921895821765
106,79,1.432066552189799,0,0,0.02767004700676537,0.02767004700676537
114,79,1.414047790072198,0,0,-0.17432375049918897,-0.17432375049918897
115,79,0.14094531730945467,0,0,-0.009555050445005955,-0.009555050445005955
118,79,1.241163463111147,0,0,0.04398868485573898,0.04398868485573898
122,79,1.095426846698949,0,0,-0.0143641363542663,-0.0143641363542663
131,79,0.636059278035007,0,0,-0.05055959867134637,-0.05055959867134637
132,79,1.5660975443659122,0,0,-0.11533125681093992,-0.11533125681093992
134,79,0.5433456162871636,0,0,-0.04841534658506018,-0.04841534658506018
139,79,0.8279113376315869,0,0,-0.05874283060872752,-0.05874283060872752
143,79,0.4939919800850442,0,0,0.028765680365448257,0.028765680365448257
151,79,1.040338185686392,0,0,0.04274869403794063,0.04274869403794063
154,79,0.5690824956417213,0,0,0.02506862814878795,0.02506862814878795
162,79,1.450573020273028,0,0,-0.020199828394260766,-0.020199828394260766
163,79,1.5233923837471601,0,0,0.06315515498351423,0.06315515498351423
169,79,1.3607572958660294,0,0,-0.14159879959188776,-0.14159879959188776
180,79,1.5117237440448974,0,0,-0.1434398552346437,-0.1434398552346437
193,79,0.7646560191773359,0,0,0.03823792521851184,0.03823792521851184
194,79,0.5134081662475568,0,0,0.029866701908637827,0.029866701908637827
197,79,0.8482687804171666,0,0,0.06072498218892057,0.06072498218892057
203,79,1.4860668708133067,0,0,0.09306186226015398,0.09306186226015398
205,79,0.341506116044962,0,0,0.019045377530336215,0.019045377530336215
217,79,0.9374225437402747,0,0,-0.06998857823869023,-0.06998857823869023
219,79,0.5282952943066204,0,0,0.01169615406567373,0.01169615406567373
229,79,0.53689584144944,0,0,-0.02063601768614443,-0.02063601768614443
232,79,1.359674888949797,0,0,0.1148381026115761,0.1148381026115761
233,79,1.556522894573,0,0,0.004750700311674197,0.004750700311674197
235,79,1.1892664879016481,0,0,0.06743341020297555,0.06743341020297555
238,79,1.3324492515545858,0,0,0.04164699698307124,0.04164699698307124
240,79,1.2923839078190908,0,0,-0.048359820574431285,-0.048359820574431285
242,79,1.0635668035544836,0,0,-0.11287637054287164,-0.11287637054287164
246,79,0.6085932525811893,0,0,-0.028534555400167055,-0.028534555400167055
247,79,1.292043842780343,0,0,0.034680020287906996,0.034680020287906996
255,79,1.4140798695158439,0,0,0.11646010470276467,0.11646010470276467
261,79,0.6330074718616123,0,0,-0.014133187334410595,-0.014133187334410595
268,79,0.9389420081178077,0,0,0.0712667688883648,0.0712667688883648
273,79,1.0153163824091984,0,0,-0.11185863880162894,-0.11185863880162894
277,79,1.490493906004217,0,0,0.11269104392906933,0.11269104392906933
282,79,0.688687633938553,0,0,0.04372168933841107,0.04372168933841107
288,79,1.1585760448288411,0,0,0.0667788598347696,0.0667788598347696
298,79,0.669865795656506,0,0,0.02310881505122321,0.02310881505122321
309,79,0.9311061569599068,0,0,-0.08282574149436947,-0.08282574149436947
313,79,1.4185277589766794,0,0,0.05941822542544821,0.05941822542544821
326,79,1.526213116324291,0,0,-0.10260533158980648,-0.10260533158980648
331,79,1.3678468766318959,0,0,-0.13423069695499776,-0.13423069695499776
340,79,1.1649136098098274,0,0,0.09035145814075682,0.09035145814075682
343,79,1.1275679367887588,0,0,-0.11906983131515439,-0.11906983131515439
344,79,1.1990602665418422,0,0,0.0740768587727589,0.0740768587727589
353,79,0.7414789363572685,0,0,0.014894913819538953,0.014894913819538953
358,79,1.0804501171612195,0,0,0.04948116864185034,0.04948116864185034
370,79,1.4203407125052472,0,0,-0.010802742464628815,-0.010802742464628815
374,79,1.255850352438369,0,0,-0.0317482943595748,-0.0317482943595748
385,79,1.4710731386216762,0,0,0.03478485461025754,0.03478485461025754
387,79,0.6396953819702897,0,0,0.020635443356819536,0.020635443356819536
388,79,0.5889595630757939,0,0,0.023650717843477304,0.023650717843477304
392,79,0.987384070008532,0,0,0.06644464477721665,0.06644464477721665
395,79,0.2930983648717653,0,0,-0.013179136879002042,-0.013179136879002042
397,79,1.1232672977653613,0,0,0.08240193935131322,0.08240193935131322
102,80,0.9341929106679804,0,0,-0.0407738636301445,-0.0407738636301445
111,80,0.7216365747994428,0,0,0.04055326138496086,0.04055326138496086
116,80,0.9295702606326738,0,0,0.011650300938560208,0.011650300938560208
125,80,1.0920729723272278,0,0,0.08883791223218693,0.08883791223218693
128,80,1.149483777594828,0,0,-0.10002354910251335,-0.10002354910251335
136,80,1.0106707971793731,0,0,0.02496076565088045,0.02496076565088045
157,80,0.7854618299036842,0,0,-0.08189527332034685,-0.08189527332034685
163,80,1.4972566397001246,0,0,0.12307611658161279,0.12307611658161279
166,80,1.584156223871538,0,0,-0.20968878801176083,-0.20968878801176083
172,80,0.9429610585706798,0,0,-0.09489377028377301,-0.09489377028377301
187,80,1.2495114433406072,0,0,0.16153262115902525,0.16153262115902525
189,80,1.1196180095458783,0,0,-0.0597784312800676,-0.0597784312800676
195,80,1.5187660788996764,0,0,0.2283927091641166,0.2283927091641166
214,80,1.2513931885040086,0,0,0.1667853604685494,0.1667853604685494
223,80,0.6860913030179602,0,0,-0.06932268929881537,-0.06932268929881537
224,80,1.1828566426938656,0,0,0.06935668948278777,0.06935668948278777
225,80,0.8186370373537305,0,0,0.09482884546222116,0.09482884546222116
233,80,1.338059387186924,0,0,0.06467166190977275,0.06467166190977275
236,80,0.3078491908077249,0,0,0.0026738236498379114,0.0026738236498379114
245,80,1.3287920618807794,0,0,-0.13786507337514178,-0.13786507337514178
250,80,1.4069576496891623,0,0,-0.08910257297840908,-0.08910257297840908
257,80,1.206984666142058,0,0,0.054163115877906294,0.054163115877906294
264,80,0.6838002073985062,0,0,-0.03841104237717115,-0.03841104237717115
266,80,0.40906249883210566,0,0,-0.043652966558162754,-0.043652966558162754
278,80,1.3157818829494166,0,0,0.18157756430301245,0.18157756430301245
293,80,0.6750972118405866,0,0,-0.0818663110222113,-0.0818663110222113
294,80,1.183172769978318,0,0,-0.12631571473434008,-0.12631571473434008
299,80,1.1193473866482126,0,0,-0.10750769606116586,-0.10750769606116586
311,80,1.3801844877934857,0,0,-0.2233109467007981,-0.2233109467007981
321,80,1.2595490019390336,0,0,0.057593046948245116,0.057593046948245116
323,80,0.943007239548503,0,0,-0.06970214847336414,-0.06970214847336414
324,80,0.6768540200749099,0,0,0.1027984616504337,0.1027984616504337
325,80,0.5283057530162609,0,0,0.08833743091869803,0.08833743091869803
328,80,1.38389362915576,0,0,0.007571284024636568,0.007571284024636568
342,80,0.8100507595817514,0,0,-0.08001497456387947,-0.08001497456387947
352,80,1.2677050437611244,0,0,-0.04662486310288172,-0.04662486310288172
354,80,1.406529899265168,0,0,0.09010441871493452,0.09010441871493452
359,80,1.3251508841559068,0,0,0.10972647414051626,0.10972647414051626
373,80,1.160497458202896,0,0,0.06001690138717977,0.06001690138717977
86,81,1.5533660164817742,0,0,0.21050204487171267,0.21050204487171267
92,81,1.291196627939881,0,0,-0.003879042366749203,-0.003879042366749203
94,81,1.2511167189998673,0,0,0.14091724226636418,0.14091724226636418
98,81,0.8174297926836267,0,0,-0.08468550939349871,-0.08468550939349871
99,81,1.5788405066670739,0,0,-0.1786896901965192,-0.1786896901965192
103,81,1.5442480414440187,0,0,-0.2147340097901007,-0.2147340097901007
104,81,1.3782091943320518,0,0,-0.20255862090534543,-0.20255862090534543
111,81,1.2310655048848893,0,0,0.012582321318938511,0.012582321318938511
115,81,1.0843011554401634,0,0,0.022394971087070243,0.022394971087070243
121,81,1.4626977483751948,0,0,0.18396247959937398,0.18396247959937398
125,81,1.1426383044120105,0,0,0.06086697216616458,0.06086697216616458
131,81,1.5312371218326715,0,0,-0.018609577139270174,-0.018609577139270174
134,81,1.3036582495509654,0,0,-0.016465325052983985,-0.016465325052983985
136,81,0.9534553490163806,0,0,-0.0030101744151419035,-0.0030101744151419035
137,81,1.5516110571820525,0,0,-0.22548840988783453,-0.22548840988783453
139,81,0.4821932646189065,0,0,-0.02679280907665133,-0.02679280907665133
143,81,0.9369233360028246,0,0,0.060715701897524454,0.060715701897524454
148,81,1.5501605343646823,0,0,0.20953185864301152,0.20953185864301152
154,81,0.6962522753236349,0,0,0.05701864968086415,0.05701864968086415
163,81,0.8565192200250791,0,0,0.09510517651559043,0.09510517651559043
180,81,1.3879978477825774,0,0,-0.1114898337025675,-0.1114898337025675
183,81,1.3826565644080555,0,0,-0.18153895635410874,-0.18153895635410874
184,81,1.446557718769407,0,0,-0.20649698206153122,-0.20649698206153122
191,81,1.1911537524904234,0,0,-0.1449425476866379,-0.1449425476866379
193,81,1.4118563924612382,0,0,0.07018794675058804,0.07018794675058804
194,81,1.176776804614286,0,0,0.061816723440714025,0.061816723440714025
197,81,1.131401353865632,0,0,0.09267500372099677,0.09267500372099677
203,81,0.9080161142497661,0,0,0.12501188379223016,0.12501188379223016
205,81,1.1062143127197155,0,0,0.05099539906241241,0.05099539906241241
209,81,1.5703376449143203,0,0,0.19839447986379435,0.19839447986379435
212,81,1.4897632811072046,0,0,0.17260993064283023,0.17260993064283023
213,81,1.5040545114317065,0,0,-0.1671935353150487,-0.1671935353150487
217,81,1.028413552413736,0,0,-0.03803855670661404,-0.03803855670661404
219,81,1.427215440731721,0,0,0.04364617559774993,0.04364617559774993
225,81,1.3968252269314347,0,0,0.0668579053961988,0.0668579053961988
229,81,1.4860734418785908,0,0,0.011314003845931769,0.011314003845931769
233,81,0.7756052692391567,0,0,0.036700721843750395,0.036700721843750395
235,81,0.7164888722896473,0,0,0.09938343173505175,0.09938343173505175
239,81,1.1440172706819607,0,0,0.14617843282618537,0.14617843282618537
246,81,1.5223218135013827,0,0,0.0034154661319091397,0.0034154661319091397
247,81,0.5887125303018689,0,0,0.0666300418199832,0.0666300418199832
250,81,1.3985918934657655,0,0,-0.11707351304443143,-0.11707351304443143
261,81,0.454295255220202,0,0,0.017816834197665603,0.017816834197665603
264,81,1.4850180999594245,0,0,-0.0663819824431935,-0.0663819824431935
268,81,1.1931070741436187,0,0,0.103216790420441,0.103216790420441
282,81,1.3108581573079778,0,0,0.07567171087048727,0.07567171087048727
288,81,0.6874683355650999,0,0,0.0987288813668458,0.0987288813668458
295,81,1.3762509958094302,0,0,-0.13299698777126673,-0.13299698777126673
298,81,1.4385647789136855,0,0,0.05505883658329941,0.05505883658329941
306,81,1.5428003130594494,0,0,0.16663695989870023,0.16663695989870023
313,81,0.7637554842236081,0,0,0.09136824695752441,0.09136824695752441
319,81,1.3543199772928205,0,0,-0.15501318606508152,-0.15501318606508152
323,81,1.5627358873115103,0,0,-0.0976730885393865,-0.0976730885393865
331,81,1.4895239482291773,0,0,-0.10228067542292156,-0.10228067542292156
340,81,1.199085071503978,0,0,0.12230147967283302,0.12230147967283302
341,81,1.3305869338452392,0,0,-0.17225602345947397,-0.17225602345947397
344,81,0.9250290990024469,0,0,0.10602688030483509,0.10602688030483509
351,81,1.354547271957801,0,0,-0.17312567671290147,-0.17312567671290147
352,81,1.0229898924795082,0,0,-0.07459580316890407,-0.07459580316890407
353,81,1.5660335891894275,0,0,0.04684493535161515,0.04684493535161515
371,81,1.531514402222264,0,0,0.17639310718167658,0.17639310718167658
382,81,1.545524026686605,0,0,-0.22614579381888295,-0.22614579381888295
387,81,0.5101513983369633,0,0,0.05258546488889573,0.05258546488889573
388,81,1.332185045977903,0,0,0.0556007393755535,0.0556007393755535
392,81,1.2492887036738372,0,0,0.09839466630929285,0.09839466630929285
395,81,0.7575959192662062,0,0,0.018770884653074155,0.018770884653074155
397,81,1.2574572315098924,0,0,0.11435196088338942,0.11435196088338942
110,82,1.5770571995533564,1,1,0.3752218951408488,-0.6247781048591512
113,82,0.8460759068073538,0,0,-0.19266360537022129,-0.19266360537022129
118,82,1.4110405014535643,0,0,-0.2694007934512091,-0.2694007934512091
119,82,1.5868214490405164,1,1,0.44491626964596587,-0.5550837303540341
120,82,0.9582965841723975,0,0,-0.21292394054855673,-0.21292394054855673
127,82,1.5667787154236419,0,0,-0.1375926193234435,-0.1375926193234435
138,82,1.2033682540716528,0,0,0.07252202792756429,0.07252202792756429
142,82,1.266287745647681,0,0,-0.14760242032017912,-0.14760242032017912
145,82,0.8561306028201431,0,0,0.059007201178643165,0.059007201178643165
151,82,1.4822298585255693,0,0,-0.27064078426900745,-0.27064078426900745
161,82,1.5039628275279706,0,0,0.26288705416377245,0.26288705416377245
171,82,1.1237554929737779,1,1,0.23451933030465966,-0.7654806696953403
181,82,1.5566741992460267,1,1,0.3509165616475526,-0.6490834383524474
201,82,1.5901142891255555,0,0,0.08397664527486598,0.08397664527486598
238,82,1.5208129373004062,0,0,-0.27174248132387685,-0.27174248132387685
248,82,0.5202176768188784,0,0,0.03238795242980197,0.03238795242980197
256,82,1.330591879600681,0,0,-0.18162353470991852,-0.18162353470991852
276,82,1.0680962767558535,1,1,0.2571349739940689,-0.7428650260059311
277,82,1.0890902424475524,0,0,-0.20069843437787876,-0.20069843437787876
287,82,0.7996114811922512,0,0,-0.1414469284880798,-0.1414469284880798
292,82,0.9329172096971634,0,0,0.06969967918020481,0.06969967918020481
302,82,1.5922597822485343,0,0,-0.2374971873139088,-0.2374971873139088
304,82,1.111854180803739,1,1,0.2518344563223849,-0.7481655436776151
332,82,0.6043302630909841,0,0,-0.12798774660915066,-0.12798774660915066
355,82,1.2903302388426245,0,0,0.1321279503800512,0.1321279503800512
357,82,0.37654442147379835,0,0,0.020966977738378245,0.020966977738378245
358,82,1.4478533489694039,0,0,-0.26390830966509776,-0.26390830966509776
396,82,0.908701145853057,1,1,0.17507527575964665,-0.8249247242403533
90,83,0.4653714927417519,0,0,0.08983916023397381,0.08983916023397381
114,83,1.1810643760042785,0,0,0.25395280377205154,0.25395280377205154
140,83,0.23314389995677254,0,0,-0.03198228066552483,-0.03198228066552483
145,83,1.1068513665192894,46,-1,-0.19932676624316814,0.8006732337568319
147,83,0.9967582753936152,0,0,0.13139661036057337,0.13139661036057337
181,83,1.2804915351066888,0,0,0.09258259422574122,0.09258259422574122
198,83,0.8713841128525939,0,0,0.11758680932386029,0.11758680932386029
208,83,0.5211339351306642,0,0,0.03014117261616106,0.03014117261616106
210,83,1.0146877241493903,0,0,0.17228291604526574,0.17228291604526574
248,83,1.450723691527183,46,-1,-0.2259460149920094,0.7740539850079906
265,83,0.9131618008735792,0,0,0.029325872550833576,0.029325872550833576
267,83,0.7352290574427081,0,0,0.1684175720661665,0.1684175720661665
276,83,1.5203592828206642,0,0,-0.0011989934277424341,-0.0011989934277424341
296,83,0.41029535154209346,0,0,0.04453087607320205,0.04453087607320205
304,83,1.5624946650101579,0,0,-0.006499511099426536,-0.006499511099426536
316,83,1.1403337866921175,0,0,-0.005310301883753421,-0.005310301883753421
327,83,1.4968213833060102,46,-1,-0.28842847511245284,0.7115715248875472
348,83,0.8158581918093146,0,0,-0.15514751254923076,-0.15514751254923076
355,83,0.6783776521765759,46,-1,-0.12620601704176015,0.8737939829582398
360,83,0.7783191488223455,0,0,0.06606738238234394,0.06606738238234394
378,83,1.2034869404831237,0,0,0.16038177308038337,0.16038177308038337
85,84,0.6425172083501657,1,1,0.047482660396408694,-0.9525173396035913
91,84,0.8670388299256117,1,1,0.018874268654366144,-0.9811257313456339
117,84,1.30837512780277,1,1,0.04272455125717567,-0.9572754487428243
123,84,1.2833583140652087,1,1,0.23067266483075288,-0.7693273351692471
135,84,1.4930609022722494,0,0,-0.02904150500767294,-0.02904150500767294
152,84,1.030647355525635,1,1,-0.0031487064815136634,-1.0031487064815137
165,84,1.3185935934736526,0,0,-0.16146698427142928,-0.16146698427142928
174,84,1.274568045082972,0,0,-0.15061467266888562,-0.15061467266888562
182,84,0.8981925665286011,1,1,0.21276581354378354,-0.7872341864562165
204,84,1.1719023632586962,0,0,-0.14382992820998003,-0.14382992820998003
218,84,1.030032411035979,1,1,0.22046642976177,-0.77953357023823
220,84,0.6427131501698424,1,1,0.03559964072664479,-0.9644003592733552
221,84,1.5489184330239116,0,0,-0.2153589616067811,-0.2153589616067811
228,84,1.358965475056605,1,1,0.28113512859615364,-0.7188648714038464
234,84,0.9566768019050536,1,1,0.2350609419920897,-0.7649390580079103
241,84,1.4664845633361077,0,0,-0.14585555226556646,-0.14585555226556646
253,84,1.2821513856371385,0,0,-0.15830368931636413,-0.15830368931636413
254,84,1.3910041855361852,0,0,-0.14801335016932055,-0.14801335016932055
260,84,0.6975961595631707,1,1,0.1661138485244551,-0.8338861514755449
262,84,0.5741863870682419,0,0,-0.061421372932928486,-0.061421372932928486
263,84,1.0651666566381357,1,1,0.2928844939212223,-0.7071155060787777
271,84,1.507598467385019,0,0,-0.11381165094359641,-0.11381165094359641
272,84,1.5491611017554205,0,0,-0.17030822571832885,-0.17030822571832885
307,84,1.5727196495522944,0,0,-0.02015469278754528,-0.02015469278754528
311,84,1.3731295385469167,1,1,0.343393984246924,-0.656606015753076
317,84,1.0418963472622333,0,0,-0.11340776974051991,-0.11340776974051991
330,84,0.8095088768992815,1,1,0.12388217427337844,-0.8761178257266216
338,84,1.0481197795759098,0,0,-0.1288854825429896,-0.1288854825429896
347,84,1.5599620220349832,1,1,0.35864253458936124,-0.6413574654106388
363,84,1.3092943868232465,0,0,-0.11865817142639323,-0.11865817142639323
369,84,1.4963368652548332,0,0,-0.17659230476178994,-0.17659230476178994
379,84,1.567010712982141,0,0,-0.12063365259064424,-0.12063365259064424
383,84,0.819389769230956,0,0,-0.040910326919961104,-0.040910326919961104
389,84,1.369807596448387,0,0,-0.17480902244879634,-0.17480902244879634
393,84,0.8819826367960638,0,0,-0.10804406514963555,-0.10804406514963555
91,85,0.4610562733952423,0,0,-0.02860839174204244,-0.02860839174204244
117,85,0.8679684998081069,0,0,-0.004758109139232913,-0.004758109139232913
123,85,1.5878645868061554,0,0,0.1831900044343443,0.1831900044343443
152,85,0.7149250227013204,0,0,-0.05063136687792236,-0.05063136687792236
155,85,1.3712772453383766,0,0,-0.07280467974529925,-0.07280467974529925
174,85,1.5598570703519938,46,-1,-0.1980973330652942,0.8019026669347058
182,85,0.8344074675229635,0,0,0.1652831531473749,0.1652831531473749
204,85,1.3960648412961223,46,-1,-0.19131258860638867,0.8086874113936113
218,85,1.2977476930525083,0,0,0.17298376936536142,0.17298376936536142
220,85,0.06279644623738347,0,0,-0.011883019669763795,-0.011883019669763795
228,85,0.7708023780384631,0,0,0.23365246819974506,0.23365246819974506
234,85,0.5184473350937315,0,0,0.18757828159568102,0.18757828159568102
253,85,1.5339018186939921,46,-1,-0.20578634971277276,0.7942136502872272
254,85,1.5977108094612669,46,-1,-0.19549601056572918,0.8045039894342708
260,85,0.8870879763290536,0,0,0.11863118812804652,0.11863118812804652
262,85,1.1304695332968433,46,-1,-0.10890403332933718,0.8910959666706628
263,85,1.0337481154956498,0,0,0.2454018335248136,0.2454018335248136
311,85,0.9890334730696921,0,0,0.29591132385051533,0.29591132385051533
317,85,1.5749021444639257,46,-1,-0.1608904301369285,0.8391095698630715
330,85,1.130976678983183,0,0,0.07639951387696975,0.07639951387696975
338,85,1.3527585596628136,46,-1,-0.17636814293939818,0.8236318570606018
363,85,1.3561033046964133,46,-1,-0.16614083182280193,0.8338591681771981
383,85,1.4409460221718595,46,-1,-0.0883929873163698,0.9116070126836302
393,85,1.3504850915133966,46,-1,-0.1555267255460442,0.8444732744539558
94,86,0.7797233767610262,0,0,-0.0695848026053485,-0.0695848026053485
100,86,0.8489775203750184,0,0,0.08485529194719268,0.08485529194719268
108,86,1.1050162265907997,0,0,-0.01617702609751226,-0.01617702609751226
109,86,1.1690717257915695,0,0,0.06402798793430023,0.06402798793430023
111,86,1.4916804366486232,0,0,-0.19791972355277415,-0.19791972355277415
121,86,0.3175837081204932,0,0,-0.026539565272338694,-0.026539565272338694
125,86,1.0773359551339459,0,0,-0.1496350727055481,-0.1496350727055481
136,86,1.332997253554135,0,0,-0.21351221928685457,-0.21351221928685457
144,86,1.4467133039747568,0,0,0.2301423834441977,0.2301423834441977
146,86,0.5239986920078481,0,0,0.062361657878086424,0.062361657878086424
148,86,0.1578931684154908,0,0,-0.0009701862287011531,-0.0009701862287011531
153,86,0.9854987682885291,0,0,0.1308112128771076,0.1308112128771076
156,86,0.7266604556648129,0,0,0.07074655534187915,0.07074655534187915
159,86,0.8132593004069667,0,0,0.08401243648282677,0.08401243648282677
163,86,0.869524851896306,0,0,-0.11539686835612224,-0.11539686835612224
167,86,1.5421152266075042,0,0,-0.01853552536195152,-0.01853552536195152
168,86,1.2730105934525697,0,0,0.16122719082804274,0.16122719082804274
187,86,1.0373974625366285,0,0,-0.07694036377870977,-0.07694036377870977
197,86,1.5865604611252573,0,0,-0.1178270411507159,-0.1178270411507159
203,86,0.7026869122437465,0,0,-0.0854901610794825,-0.0854901610794825
206,86,0.7802729222598436,0,0,0.023164525984865597,0.023164525984865597
209,86,0.4162802196798467,0,0,-0.01210756500791832,-0.01210756500791832
212,86,0.957209925880559,0,0,-0.037892114228882445,-0.037892114228882445
222,86,0.9191747827107994,0,0,0.047420080218369104,0.047420080218369104
225,86,1.3420623597441441,0,0,-0.14364413947551385,-0.14364413947551385
230,86,1.4872779466963306,0,0,0.2833510964586321,0.2833510964586321
233,86,1.0468084632519428,0,0,-0.17380132302796228,-0.17380132302796228
235,86,0.9993348792841633,0,0,-0.11111861313666092,-0.11111861313666092
239,86,0.44630377476068794,0,0,-0.0643236120455273,-0.0643236120455273
247,86,0.9956314764780579,0,0,-0.14387200305172948,-0.14387200305172948
268,86,1.5431602224409282,0,0,-0.10728525445127167,-0.10728525445127167
269,86,1.4043251242774626,0,0,0.2724937936278077,0.2724937936278077
274,86,0.8185528113876807,0,0,0.030456156025006398,0.030456156025006398
281,86,0.3999001918743901,0,0,0.03234417201876283,0.03234417201876283
283,86,1.5139556075955551,0,0,0.28335109645863266,0.28335109645863266
288,86,1.0351716476802448,0,0,-0.11177316350486688,-0.11177316350486688
306,86,1.2282667270136618,0,0,-0.04386508497301245,-0.04386508497301245
308,86,0.6719997711726213,0,0,0.03229060182965335,0.03229060182965335
313,86,0.8124615050056857,0,0,-0.11913379791418827,-0.11913379791418827
315,86,0.6552164790106911,0,0,0.015339602234573896,0.015339602234573896
329,86,0.9840118262062622,0,0,0.1099662155776143,0.1099662155776143
336,86,1.1870650101746145,0,0,0.06653920641250036,0.06653920641250036
340,86,1.33270959181779,0,0,-0.08820056519887966,-0.08820056519887966
344,86,1.0276530965870976,0,0,-0.10447516456687758,-0.10447516456687758
366,86,1.0674815289963582,0,0,0.1429669772901914,0.1429669772901914
371,86,0.9287048579240152,0,0,-0.03410893769003609,-0.03410893769003609
376,86,1.0504621560572382,0,0,-0.00887778392011962,-0.00887778392011962
381,86,1.2146545642053683,0,0,0.04436002425325894,0.04436002425325894
387,86,1.5633502552173844,0,0,-0.15791657998281694,-0.15791657998281694
392,86,1.545348610828479,0,0,-0.11210737856241983,-0.11210737856241983
397,86,1.3910362030523877,0,0,-0.09615008398832325,-0.09615008398832325
89,87,1.2425522378278295,0,0,-0.12002395311400711,-0.12002395311400711
101,87,0.5518499688617572,0,0,0.004006388921277915,0.004006388921277915
127,87,1.1780615345638867,0,0,0.016094973910615706,0.016094973910615706
129,87,1.5890349946073885,0,0,-0.1910033264453701,-0.1910033264453701
135,87,1.3286431167569406,0,0,0.18463071737361755,0.18463071737361755
142,87,1.4311062047517054,0,0,0.0060851729138800825,0.0060851729138800825
164,87,0.5028308853576225,0,0,-0.0697019734904252,-0.0697019734904252
165,87,1.512917226443424,0,0,0.05220523810986122,0.05220523810986122
177,87,1.2161254848973202,0,0,0.11081812765898588,0.11081812765898588
179,87,1.3612021836610864,0,0,-0.13431092456467125,-0.13431092456467125
199,87,0.3230434858396675,0,0,0.04206330433324734,0.04206330433324734
200,87,1.0573358790228922,0,0,-0.13325770853454,-0.13325770853454
207,87,1.5596156342164351,0,0,0.3417349848231076,0.3417349848231076
211,87,1.4314859313732498,0,0,-0.13677225386072442,-0.13677225386072442
214,87,1.1076451579278563,0,0,-0.052837486202438055,-0.052837486202438055
221,87,0.9244905585545541,0,0,-0.0016867392254906188,-0.0016867392254906188
224,87,1.187331516060842,0,0,-0.1502661571881997,-0.1502661571881997
241,87,1.0092634754816836,0,0,0.06781667011572404,0.06781667011572404
249,87,0.4501371098171892,0,0,-0.03502900428244257,-0.03502900428244257
253,87,1.5496649238906877,0,0,0.05536853306492637,0.05536853306492637
256,87,1.3022905368141928,0,0,-0.027935941475859316,-0.027935941475859316
257,87,1.3511794138758038,0,0,-0.16545973079308116,-0.16545973079308116
271,87,1.046336103475366,0,0,0.09986057143769408,0.09986057143769408
275,87,0.8451573164927737,0,0,-0.10680007404240745,-0.10680007404240745
278,87,1.209762334505392,0,0,-0.038045282367975,-0.038045282367975
279,87,0.6506601097357463,0,0,0.01995519039091631,0.01995519039091631
286,87,0.816924442330553,0,0,-0.0810477957039543,-0.0810477957039543
302,87,1.135059200897759,0,0,-0.0838095940798496,-0.0838095940798496
305,87,0.6138679620366216,0,0,-0.08981051900861504,-0.08981051900861504
307,87,1.4332532346331532,0,0,0.1935175295937452,0.1935175295937452
314,87,0.7049737141982345,0,0,0.05149462911660324,0.05149462911660324
317,87,1.469700165648901,0,0,0.10026445264077058,0.10026445264077058
318,87,0.8356777727250486,0,0,0.05881343615857462,0.05881343615857462
321,87,1.3200522260958822,0,0,-0.16202979972274234,-0.16202979972274234
334,87,1.2182974823685138,0,0,-0.13434380273640734,-0.13434380273640734
335,87,1.122930067374345,0,0,-0.09693253668565181,-0.09693253668565181
337,87,1.2487061275706701,0,0,0.24082403023359125,0.24082403023359125
354,87,1.0070855806715036,0,0,-0.12951842795605292,-0.12951842795605292
359,87,0.9179843395949312,0,0,-0.10989637253047119,-0.10989637253047119
365,87,1.1468334504347,0,0,0.19693491781380681,0.19693491781380681
369,87,1.5312207154820148,0,0,0.03707991761950055,0.03707991761950055
372,87,0.752039908865874,0,0,0.008489820640588092,0.008489820640588092
373,87,1.3719155001125707,0,0,-0.15960594528380767,-0.15960594528380767
379,87,0.9556767651226248,0,0,0.09303856979064626,0.09303856979064626
380,87,0.8013699105082507,0,0,0.09022875945625666,0.09022875945625666
384,87,1.1800584003359047,0,0,-0.13304347635716293,-0.13304347635716293
385,87,1.521795745865428,0,0,-0.12491703046263135,-0.12491703046263135
386,87,0.48164068966148615,0,0,-0.011065580804095698,-0.011065580804095698
389,87,1.012874822196639,0,0,0.03886319993249415,0.03886319993249415
390,87,1.5769237680689892,0,0,-0.15450619191309217,-0.15450619191309217
391,87,1.4391293654060127,0,0,0.2116106219450092,0.2116106219450092
93,88,1.477434420782783,46,-1,-0.34588881373786484,0.6541111862621352
102,88,1.175156016377004,0,0,0.06856114662627684,0.06856114662627684
116,88,1.2447083146982383,0,0,0.12098531119498154,0.12098531119498154
123,88,1.382312411200682,0,0,-0.22669725586054779,-0.22669725586054779
128,88,1.1393544181377682,0,0,0.00931146115390799,0.00931146115390799
129,88,1.142537666773015,0,0,0.13795453048203868,0.13795453048203868
158,88,0.5367485432137448,0,0,-0.08611966816185695,-0.08611966816185695
178,88,0.8301681683453194,0,0,0.10685761601918349,0.10685761601918349
186,88,0.47271012648779737,0,0,0.07688985254042968,0.07688985254042968
188,88,0.9291609474177822,0,0,-0.14312940679702368,-0.14312940679702368
189,88,1.0154134052142578,0,0,0.04955657897635374,0.04955657897635374
215,88,1.549852803068448,0,0,0.12989312050346746,0.12989312050346746
224,88,1.398758642288871,0,0,0.17869169973920912,0.17869169973920912
237,88,0.7547913791425619,0,0,-0.12868292833483663,-0.12868292833483663
251,88,0.9490684859182801,0,0,-0.20178338784162553,-0.20178338784162553
257,88,1.2675501413851737,0,0,0.16349812613432763,0.16349812613432763
321,88,1.2977150166060305,0,0,0.16692805720466647,0.16692805720466647
328,88,0.954347571878587,0,0,0.11690629428105791,0.11690629428105791
339,88,0.24162381241141745,0,0,-0.0006053390680003101,-0.0006053390680003101
346,88,0.9139707045097217,0,0,0.03856996834102984,0.03856996834102984
347,88,1.2264311349227066,0,0,-0.09872738610193948,-0.09872738610193948
350,88,1.4238487664328556,0,0,0.027001275707338235,0.027001275707338235
364,88,1.339631235376428,0,0,0.09792255236551942,0.09792255236551942
367,88,0.7261042171817454,0,0,-0.15687576204306153,-0.15687576204306153
373,88,1.4483652604420918,0,0,0.1693519116436011,0.1693519116436011
97,89,0.8467510292329898,0,0,-0.049733014257807254,-0.049733014257807254
101,89,1.5923226958804004,0,0,0.12403034203528503,0.12403034203528503
106,89,0.3773716846115494,0,0,-0.01200788495211641,-0.01200788495211641
113,89,1.0811093170229675,0,0,0.08104794097784503,0.08104794097784503
116,89,1.5028171488180366,0,0,-0.08794859261842011,-0.08794859261842011
118,89,0.7043395677564067,0,0,0.004310752896857201,0.004310752896857201
120,89,1.2640212219737215,0,0,0.06078760579950958,0.06078760579950958
122,89,1.1558088300185578,0,0,-0.054042068313148076,-0.054042068313148076
127,89,1.0830431740401798,0,0,0.1361189270246228,0.1361189270246228
129,89,1.0968705956990836,0,0,-0.07097937333136299,-0.07097937333136299
142,89,1.1341084808632746,0,0,0.1261091260278872,0.1261091260278872
143,89,1.4806996791624658,0,0,-0.010912251593433522,-0.010912251593433522
151,89,0.8601156453578592,0,0,0.0030707620790588475,0.0030707620790588475
162,89,0.9449431043504457,0,0,-0.059877760353142545,-0.059877760353142545
164,89,0.7603648291759072,0,0,0.05032197962358191,0.05032197962358191
176,89,1.3166811082435836,0,0,-0.11173043516293346,-0.11173043516293346
177,89,1.3603902073023855,0,0,0.230842080772993,0.230842080772993
178,89,1.4236409645143349,0,0,-0.10207628779421818,-0.10207628779421818
179,89,0.25064983197706103,0,0,-0.014286971450664154,-0.014286971450664154
192,89,1.147059525098786,0,0,-0.07512506591668722,-0.07512506591668722
193,89,1.058651007074171,0,0,-0.0014400067403699396,-0.0014400067403699396
194,89,1.2976065319408265,0,0,-0.009811230050243952,-0.009811230050243952
199,89,1.5555923360836141,0,0,0.16208725744725444,0.16208725744725444
200,89,0.4935191308419878,0,0,-0.013233755420532872,-0.013233755420532872
202,89,1.2436703901396344,0,0,-0.09029887922515564,-0.09029887922515564
205,89,1.4666177334183526,0,0,-0.020632554428545564,-0.020632554428545564
211,89,0.2741268216678781,0,0,-0.0167483007467173,-0.0167483007467173
214,89,1.4303410040504374,0,0,0.06718646691156906,0.06718646691156906
215,89,1.1413624646160618,0,0,-0.07904078330993422,-0.07904078330993422
219,89,1.3261374628376958,0,0,-0.02798177789320805,-0.02798177789320805
224,89,1.0744495127597016,0,0,-0.030242204074192564,-0.030242204074192564
238,89,0.520230269670132,0,0,0.001969065024189462,0.001969065024189462
243,89,1.4371793887729767,0,0,-0.10889386118630083,-0.10889386118630083
249,89,1.1879851983647702,0,0,0.08499494883156454,0.08499494883156454
252,89,0.6224718174469679,0,0,-0.03974184003708564,-0.03974184003708564
256,89,0.9401736449549148,0,0,0.0920880116381478,0.0920880116381478
257,89,1.1251396439159154,0,0,-0.04543577767907403,-0.04543577767907403
270,89,1.548440428126414,0,0,-0.13398748830399534,-0.13398748830399534
275,89,0.40083361128947603,0,0,0.013223879071599665,0.013223879071599665
277,89,1.5017187064905402,0,0,0.07301311197018755,0.07301311197018755
282,89,1.208879068274217,0,0,0.004043757379529292,0.004043757379529292
286,89,0.5215913853816806,0,0,0.03897615741005281,0.03897615741005281
297,89,1.5780571833088142,0,0,-0.12884149624641678,-0.12884149624641678
298,89,1.1312709413870154,0,0,-0.016569116907658568,-0.016569116907658568
302,89,0.5060849417075821,0,0,0.03621435903415751,0.03621435903415751
303,89,1.3735503055431784,0,0,-0.09054869141497299,-0.09054869141497299
305,89,0.718378238622557,0,0,0.030213434105392067,0.030213434105392067
314,89,1.3424673519330332,0,0,0.17151858223061034,0.17151858223061034
321,89,1.0503664199166398,0,0,-0.042005846608735214,-0.042005846608735214
322,89,0.7936789765197697,0,0,-0.04538147761740775,-0.04538147761740775
328,89,1.366158599032094,0,0,-0.09202760953234376,-0.09202760953234376
334,89,0.3123932782798629,0,0,-0.01431984962240021,-0.01431984962240021
335,89,0.3592783989368126,0,0,0.0230914164283553,0.0230914164283553
353,89,1.1146213574804753,0,0,-0.024783018139342826,-0.024783018139342826
354,89,0.7527403190847348,0,0,-0.00949447484204581,-0.00949447484204581
358,89,0.8856529375899207,0,0,0.009803236682968564,0.009803236682968564
359,89,0.959728670180399,0,0,0.010127580583535925,0.010127580583535925
364,89,1.4803596996349933,0,0,-0.11101135144788225,-0.11101135144788225
370,89,0.8569098411284594,0,0,-0.05048067442351059,-0.05048067442351059
373,89,1.011423405339642,0,0,-0.03958199216980056,-0.03958199216980056
374,89,1.3009481874708373,0,0,-0.07142622631845658,-0.07142622631845658
384,89,0.17459919766556392,0,0,-0.013019523243155827,-0.013019523243155827
385,89,0.294842855581143,0,0,-0.004893077348624236,-0.004893077348624236
386,89,1.4549092493826687,0,0,0.10895837230991141,0.10895837230991141
388,89,1.1559586199477032,0,0,-0.016027214115404476,-0.016027214115404476
390,89,0.5450007800399047,0,0,-0.034482238799085047,-0.034482238799085047
392,89,1.5176638805007163,0,0,0.02676671281833487,0.02676671281833487
399,89,1.2799057393762627,0,0,-0.09930717740517842,-0.09930717740517842
105,90,1.498955382764969,0,0,0.2725981750790491,0.2725981750790491
114,90,0.9659439459353423,0,0,0.16411364353807775,0.16411364353807775
119,90,1.5222894832456877,0,0,0.09674314199018066,0.09674314199018066
132,90,1.4273391016481598,0,0,0.22310613722632683,0.22310613722632683
140,90,0.6408537502088208,0,0,-0.12182144089949865,-0.12182144089949865
145,90,1.2859295476328598,46,-1,-0.289165926477142,0.710834073522858
147,90,0.5843250042168711,0,0,0.04155745012659956,0.04155745012659956
181,90,0.9818674936629357,0,0,0.0027434339917674078,0.0027434339917674078
198,90,1.0110685228237415,0,0,0.027747649089886472,0.027747649089886472
208,90,0.9116820415625877,0,0,-0.05969798761781275,-0.05969798761781275
210,90,1.049590217833853,0,0,0.08244375581129193,0.08244375581129193
248,90,1.5780835296377027,46,-1,-0.31578517522598326,0.6842148247740167
265,90,1.27281273513863,0,0,-0.06051328768314024,-0.06051328768314024
267,90,0.4132363711335166,0,0,0.07857841183219269,0.07857841183219269
273,90,1.489130191055864,0,0,0.2265787552356378,0.2265787552356378
276,90,1.3837213328971292,0,0,-0.09103815366171625,-0.09103815366171625
296,90,0.746259866189243,0,0,-0.04530828416077176,-0.04530828416077176
304,90,1.4077384477675334,0,0,-0.09633867133340035,-0.09633867133340035
309,90,1.4525382118180596,0,0,0.25561165254289725,0.25561165254289725
316,90,1.5060462639197751,0,0,-0.09514946211772723,-0.09514946211772723
326,90,1.5885580387171554,0,0,0.23583206244746024,0.23583206244746024
348,90,1.2241050836851137,0,0,-0.24498667278320457,-0.24498667278320457
355,90,0.8802216743793764,46,-1,-0.2160451772757339,0.7839548227242661
360,90,1.0633663236636373,0,0,-0.02377177785162987,-0.02377177785162987
378,90,1.328642078502944,0,0,0.07054261284640956,0.07054261284640956
117,91,0.4481539126147191,0,0,0.023850282602809525,0.023850282602809525
126,91,1.482038863388293,0,0,0.2872351539368267,0.2872351539368267
150,91,1.5608673757449514,0,0,0.28149050135917064,0.28149050135917064
152,91,0.2602906264929038,0,0,-0.02202297513587992,-0.02202297513587992
155,91,0.9185731303178705,0,0,-0.04419628800325681,-0.04419628800325681
165,91,1.4551108944888513,46,-1,-0.1803412529257955,0.8196587470742045
166,91,1.549258552460389,0,0,0.33814187428159503,0.33814187428159503
174,91,1.3607204781837605,46,-1,-0.16948894132325187,0.8305110586767481
175,91,1.275221322007415,46,-1,-0.1405475389928963,0.8594524610071037
182,91,1.2549834564589928,0,0,0.19389154488941734,0.19389154488941734
195,91,1.5742062051536228,46,-1,-0.22377662854252756,0.7762233714574724
204,91,1.1811165837045785,46,-1,-0.16270419686434623,0.8372958031356538
220,91,0.40113200126846965,0,0,0.016725372072278644,0.016725372072278644
228,91,0.8698543822421348,0,0,0.2622608599417875,0.2622608599417875
234,91,0.8512309733643412,0,0,0.21618667333772346,0.21618667333772346
253,91,1.3514843953252056,46,-1,-0.17717795797073033,0.8228220420292697
254,91,1.3577120076890146,46,-1,-0.16688761882368675,0.8331123811763133
260,91,1.27251719240711,0,0,0.14723957987008895,0.14723957987008895
262,91,1.1768125003438283,46,-1,-0.08029564158729463,0.9197043584127054
263,91,1.4036528012130884,0,0,0.27401022526685603,0.27401022526685603
272,91,1.5081329295490844,46,-1,-0.18918249437269508,0.8108175056273049
311,91,1.2232352505774022,0,0,0.32451971559255777,0.32451971559255777
317,91,1.5567423576114054,46,-1,-0.13228203839488617,0.8677179616051138
330,91,1.51441574854037,0,0,0.10500790561901219,0.10500790561901219
338,91,1.1802855715245923,46,-1,-0.14775975119735585,0.8522402488026442
363,91,0.9967811915004315,46,-1,-0.13753244008075938,0.8624675599192406
369,91,1.5014790275313334,46,-1,-0.19546657341615614,0.8045334265838439
383,91,1.5998313782880447,46,-1,-0.05978459557432725,0.9402154044256728
393,91,1.2873100780643514,46,-1,-0.12691833380400175,0.8730816661959983
105,92,0.709130634339456,0,0,-0.03001015505939224,-0.03001015505939224
107,92,1.5995332501042705,0,0,-0.06940904911573618,-0.06940904911573618
114,92,1.0572913064950158,0,0,-0.13849468660036357,-0.13849468660036357
115,92,0.2515222947878194,0,0,0.026274013453819446,0.026274013453819446
118,92,1.4292203515511026,0,0,0.07981774875456438,0.07981774875456438
122,92,1.1272884960428136,0,0,0.0214649275445591,0.0214649275445591
131,92,0.26108009469981164,0,0,-0.01473053477252097,-0.01473053477252097
132,92,1.3111848587455197,0,0,-0.07950219291211452,-0.07950219291211452
134,92,0.24378132746769274,0,0,-0.012586282686234782,-0.012586282686234782
139,92,1.0089013789724663,0,0,-0.022913766709902125,-0.022913766709902125
143,92,0.8314388353151235,0,0,0.06459474426427365,0.06459474426427365
151,92,1.23599038600844,0,0,0.07857775793676602,0.07857775793676602
154,92,0.9130175264665038,0,0,0.06089769204761335,0.06089769204761335
162,92,1.5223968054990458,0,0,0.01562923550456463,0.01562923550456463
169,92,1.1869891814629305,0,0,-0.10576973569306237,-0.10576973569306237
180,92,1.4567836220600021,0,0,-0.1076107913358183,-0.1076107913358183
190,92,1.5950772959053965,0,0,-0.16944431935484175,-0.16944431935484175
193,92,1.0009068933569458,0,0,0.07406698911733724,0.07406698911733724
194,92,0.7933559555647991,0,0,0.06569576580746322,0.06569576580746322
196,92,1.454288121222023,0,0,-0.16716038784083828,-0.16716038784083828
197,92,1.1174378360802768,0,0,0.09655404608774597,0.09655404608774597
205,92,0.6188092366316228,0,0,0.05487444142916161,0.05487444142916161
210,92,1.5448483078833826,0,0,-0.2201645743271494,-0.2201645743271494
217,92,0.8936902661221565,0,0,-0.03415951433986484,-0.03415951433986484
219,92,0.6283385082156264,0,0,0.04752521796449913,0.04752521796449913
227,92,1.4366946684275657,0,0,-0.16266381011690376,-0.16266381011690376
229,92,0.3194573594027197,0,0,0.015193046212680972,0.015193046212680972
232,92,1.5215843335133827,0,0,0.15066716651040152,0.15066716651040152
235,92,1.5440094892729896,0,0,0.10326247410180095,0.10326247410180095
238,92,1.5331523424279125,0,0,0.07747606088189664,0.07747606088189664
240,92,1.1614457929852882,0,0,-0.012530756675605884,-0.012530756675605884
242,92,0.771978679561284,0,0,-0.07704730664404624,-0.07704730664404624
246,92,0.30254028354778867,0,0,0.007294508498658343,0.007294508498658343
259,92,1.463576389843363,0,0,-0.156458303004722,-0.156458303004722
261,92,0.8980698041410817,0,0,0.021695876564414806,0.021695876564414806
267,92,1.4247164412809183,0,0,-0.22402991830624863,-0.22402991830624863
268,92,1.2108642397414404,0,0,0.1070958327871902,0.1070958327871902
273,92,0.6678798532356176,0,0,-0.07602957490280354,-0.07602957490280354
282,92,0.9411928034887204,0,0,0.07955075323723647,0.07955075323723647
288,92,1.493786568601345,0,0,0.102607923733595,0.102607923733595
298,92,0.8560471982057116,0,0,0.05893787895004861,0.05893787895004861
309,92,0.5456660210548396,0,0,-0.04699667759554408,-0.04699667759554408
326,92,1.3031173811642087,0,0,-0.06677626769098108,-0.06677626769098108
331,92,1.2362578003565574,0,0,-0.09840163305617236,-0.09840163305617236
340,92,1.4169766037506581,0,0,0.12618052203958222,0.12618052203958222
343,92,0.826055214767864,0,0,-0.08324076741632899,-0.08324076741632899
344,92,1.5229494156771621,0,0,0.10990592267158429,0.10990592267158429
353,92,0.8571450963627024,0,0,0.05072397771836435,0.05072397771836435
358,92,1.2828965125075944,0,0,0.08531023254067574,0.08531023254067574
370,92,1.5142064162910367,0,0,0.025026321434196586,0.025026321434196586
374,92,1.2207778297812932,0,0,0.004080769539250601,0.004080769539250601
378,92,1.5556608377976173,0,0,-0.23206571729203176,-0.23206571729203176
387,92,0.9952446886519527,0,0,0.05646450725564493,0.05646450725564493
388,92,0.8140987249185427,0,0,0.0594797817423027,0.0594797817423027
392,92,1.266438829279733,0,0,0.10227370867604205,0.10227370867604205
395,92,0.5586114961013805,0,0,0.02264992701982336,0.02264992701982336
397,92,1.4039894935948527,0,0,0.11823100325013862,0.11823100325013862
123,93,1.5226766449379263,1,1,0.11919155787731706,-0.8808084421226829
135,93,0.9359785272302719,0,0,-0.14052261196110882,-0.14052261196110882
158,93,1.2609890938650679,1,1,0.25976914557600783,-0.7402308544239922
188,93,1.4869325270590412,1,1,0.20275940694084116,-0.7972405930591588
199,93,1.4057264700811658,0,0,-0.28309002500147906,-0.28309002500147906
207,93,0.8269021433600245,0,0,0.016581655488381197,0.016581655488381197
216,93,1.001798181184441,0,0,0.060314877427350644,0.060314877427350644
237,93,1.2472546060851581,1,1,0.2172058854030282,-0.7827941145969718
241,93,1.4398930532814644,0,0,-0.25733665921900234,-0.25733665921900234
251,93,0.9818418666156877,1,1,0.14410542589623931,-0.8558945741037607
271,93,1.212098703672483,0,0,-0.2252927578970323,-0.2252927578970323
307,93,0.7944493283430574,0,0,-0.13163579974098116,-0.13163579974098116
318,93,1.3730880410581057,0,0,-0.26633989317615175,-0.26633989317615175
337,93,1.3712165075046772,0,0,-0.08432929910113512,-0.08432929910113512
339,93,1.3961672743653264,1,1,0.34528347466986453,-0.6547165253301355
365,93,1.206784138419728,0,0,-0.12821841152091956,-0.12821841152091956
367,93,0.9232235134268587,1,1,0.1890130516948033,-0.8109869483051967
379,93,1.2372835292927566,0,0,-0.23211475954408012,-0.23211475954408012
380,93,1.1319183022344361,0,0,-0.2349245698784697,-0.2349245698784697
383,93,1.562879873978643,0,0,-0.152391433873397,-0.152391433873397
391,93,0.5288281329109339,0,0,-0.11354270738971717,-0.11354270738971717
109,94,1.0495657480740395,0,0,0.13361279053964872,0.13361279053964872
121,94,0.9114228118017038,0,0,0.0430452373330098,0.0430452373330098
125,94,1.3118963625791602,0,0,-0.0800502701001996,-0.0800502701001996
136,94,1.4755875617559187,0,0,-0.14392741668150608,-0.14392741668150608
139,94,1.4859550742960717,0,0,-0.1677100513430155,-0.1677100513430155
141,94,1.5749404116608843,1,1,0.32786121069451213,-0.6721387893054879
143,94,1.1401511740133434,0,0,-0.08020154036883972,-0.08020154036883972
146,94,1.2644022697439465,0,0,0.13194646048343492,0.13194646048343492
148,94,0.733286957406641,0,0,0.06861461637664734,0.06861461637664734
154,94,1.016351311680799,0,0,-0.08389859258550003,-0.08389859258550003
156,94,1.1801370997934901,0,0,0.14033135794722765,0.14033135794722765
159,94,1.313094559409011,0,0,0.15359723908817527,0.15359723908817527
163,94,0.8684111048429465,0,0,-0.04581206575077375,-0.04581206575077375
167,94,0.8833305617846505,0,0,0.05104927724339697,0.05104927724339697
187,94,1.3868509474237432,0,0,-0.00735556117336128,-0.00735556117336128
193,94,1.4768934265668476,0,0,-0.07072929551577614,-0.07072929551577614
194,94,1.3578965099103417,0,0,-0.07910051882565015,-0.07910051882565015
197,94,0.8601742846859727,0,0,-0.04824223854536741,-0.04824223854536741
203,94,0.48661933351811804,0,0,-0.015905358474134004,-0.015905358474134004
205,94,1.3985174291579963,0,0,-0.08992184320395177,-0.08992184320395177
206,94,1.4799618151642946,0,0,0.09274932859021409,0.09274932859021409
209,94,0.55201577804282,0,0,0.057477237597430175,0.057477237597430175
212,94,0.4081811458649482,0,0,0.03169268837646605,0.03169268837646605
222,94,0.8532793255688325,0,0,0.1170048828237176,0.1170048828237176
225,94,1.5674596921137225,0,0,-0.07405933687016537,-0.07405933687016537
232,94,1.075001227787635,0,0,0.0058708818772881255,0.0058708818772881255
233,94,1.1057382834729477,0,0,-0.10421652042261378,-0.10421652042261378
235,94,0.5934060716018225,0,0,-0.04153381053131243,-0.04153381053131243
239,94,0.668942540129259,0,0,0.005261190559821188,0.005261190559821188
247,94,0.7940893533972473,0,0,-0.07428720044638099,-0.07428720044638099
255,94,0.8537361059519182,0,0,0.0074928839684766935,0.0074928839684766935
258,94,1.3145523996158845,0,0,0.09658850709798658,0.09658850709798658
261,94,1.244258426127967,0,0,-0.12310040806869857,-0.12310040806869857
268,94,0.8150564402206583,0,0,-0.037700451845923175,-0.037700451845923175
274,94,0.762331656409135,0,0,0.10004095863035489,0.10004095863035489
277,94,1.5698642385541781,0,0,0.003723823194781345,0.003723823194781345
281,94,0.9714435712138383,0,0,0.10192897462411132,0.10192897462411132
282,94,1.3414622137362728,0,0,-0.06524553139587691,-0.06524553139587691
288,94,0.5675807015146914,0,0,-0.042188360899518385,-0.042188360899518385
306,94,0.54813456139339,0,0,0.025719717632336048,0.025719717632336048
308,94,0.8028016349723565,0,0,0.10187540443500184,0.10187540443500184
313,94,0.6372891705366747,0,0,-0.04954899530883977,-0.04954899530883977
315,94,1.3854120031034016,0,0,0.08492440483992239,0.08492440483992239
329,94,1.3705915704679315,0,0,0.1795510181829628,0.1795510181829628
340,94,0.5593866629136013,0,0,-0.018615762593531163,-0.018615762593531163
344,94,0.38919075913122364,0,0,-0.03489036196152909,-0.03489036196152909
366,94,1.5999394903280058,0,0,0.2125517798955399,0.2125517798955399
371,94,0.3744320561256995,0,0,0.035475864915312405,0.035475864915312405
376,94,0.6320385923423903,0,0,0.060707018685228875,0.060707018685228875
387,94,1.0427735506803497,0,0,-0.08833177737746845,-0.08833177737746845
388,94,1.5703857392962248,0,0,-0.08531650289081068,-0.08531650289081068
392,94,0.835116520324898,0,0,-0.04252257595707133,-0.04252257595707133
395,94,1.4154709483947503,0,0,-0.12214635761329003,-0.12214635761329003
397,94,0.6595508585697305,0,0,-0.02656528138297476,-0.02656528138297476
96,95,1.4823313916790932,0,0,-0.025620586696823933,-0.025620586696823933
99,95,1.5037440636766406,0,0,0.09433677011160829,0.09433677011160829
117,95,1.555981945217656,0,0,-0.2789248594484412,-0.2789248594484412
126,95,0.47469999538824487,0,0,-0.01553998811442403,-0.01553998811442403
130,95,1.2994293584532148,0,0,0.02920756915707387,0.02920756915707387
144,95,1.491535371248952,46,-1,-0.28632911137596206,0.7136708886240379
149,95,0.7106016588104794,0,0,0.028120948165654636,0.028120948165654636
150,95,0.36277834469603115,0,0,-0.02128464069208008,-0.02128464069208008
155,95,1.4252447752871142,0,0,-0.34697143005450753,-0.34697143005450753
157,95,1.5618430427341154,0,0,0.1631602469217583,0.1631602469217583
166,95,0.7247242536728843,0,0,0.03536673223034431,0.03536673223034431
172,95,1.1844466289414348,0,0,0.15016174995833215,0.15016174995833215
223,95,1.4478647479305748,0,0,0.1757328309432898,0.1757328309432898
226,95,0.9343391031381277,0,0,0.042801821645478355,0.042801821645478355
245,95,0.9186987699525302,0,0,0.10719044686696336,0.10719044686696336
250,95,1.4731121118417019,0,0,0.15595294726369607,0.15595294726369607
264,95,1.5911917350311133,0,0,0.206644477864934,0.206644477864934
284,95,1.4231870368909572,46,-1,-0.12284373674507276,0.8771562632549272
294,95,1.0669796143025787,0,0,0.11873980550776506,0.11873980550776506
295,95,1.5919713797106376,0,0,0.14002947253686077,0.14002947253686077
299,95,1.0750626766719462,0,0,0.13754782418093928,0.13754782418093928
323,95,1.3734122035101997,0,0,0.175353371768741,0.175353371768741
342,95,1.3237963773515475,0,0,0.16504054567822568,0.16504054567822568
362,95,1.5849456212466744,46,-1,-0.15824631361201158,0.8417536863879884
394,95,1.0701505064086692,46,-1,-0.18834236224986833,0.8116576377501317
98,96,1.372824631669844,0,0,0.2139615376114527,0.2139615376114527
99,96,0.7629160928314207,0,0,0.11995735680843223,0.11995735680843223
103,96,0.6955451636217973,0,0,0.08391303721485072,0.08391303721485072
104,96,0.9444664110506268,0,0,0.096088426099606,0.096088426099606
130,96,0.39890238980573184,0,0,0.0548281558538978,0.0548281558538978
137,96,0.7885888796817493,0,0,0.0731586371171169,0.0731586371171169
144,96,1.2207964321780531,46,-1,-0.2607085246791382,0.7392914753208618
149,96,0.7819828939437624,0,0,0.05374153486247857,0.05374153486247857
168,96,1.4284780769630756,46,-1,-0.32962371729529316,0.6703762827047068
170,96,0.4593557789129177,0,0,0.04137216988655673,0.04137216988655673
184,96,0.8864239629125903,0,0,0.0921500649434202,0.0921500649434202
191,96,1.2306750960136847,0,0,0.15370449931831354,0.15370449931831354
226,96,0.7444303082113097,0,0,0.06842240834230229,0.06842240834230229
230,96,1.173929037832088,46,-1,-0.20749981166470377,0.7925001883352962
250,96,1.302112505560956,0,0,0.18157353396052,0.18157353396052
269,96,1.1016903654076056,46,-1,-0.2183571144955283,0.7816428855044717
283,96,1.1647157292237293,46,-1,-0.20749981166470333,0.7925001883352967
284,96,0.5881606895665813,46,-1,-0.09722315004824889,0.9027768499517511
285,96,0.25112383058483917,0,0,-0.02769894385002325,-0.02769894385002325
295,96,1.0543326741952483,0,0,0.1656500592336847,0.1656500592336847
300,96,1.1055194954064311,0,0,0.012513979016902377,0.012513979016902377
319,96,0.8845906522908334,0,0,0.1436338609398699,0.1436338609398699
341,96,1.503364912741171,0,0,0.12639102354547746,0.12639102354547746
352,96,1.494122292247488,0,0,0.22405124383604735,0.22405124383604735
362,96,0.7279693708757151,46,-1,-0.1326257269151876,0.8673742730848124
366,96,1.5331670097007237,46,-1,-0.3478839308331445,0.6521160691668555
382,96,1.4819082857539352,0,0,0.07250125318606848,0.07250125318606848
394,96,1.0250152427812862,46,-1,-0.16272177555304435,0.8372782244469557
105,97,1.4727127669742892,0,0,-0.05578413665929216,-0.05578413665929216
106,97,0.5745074491557934,0,0,0.037725129305690844,0.037725129305690844
107,97,1.2244462416970772,0,0,-0.09518303071563611,-0.09518303071563611
113,97,1.4577437966344549,0,0,0.13078095523565228,0.13078095523565228
115,97,1.5478769691255845,0,0,0.0005000318539195234,0.0005000318539195234
118,97,0.9698828515674085,0,0,0.054043767154664454,0.054043767154664454
122,97,0.5319756481208658,0,0,-0.004309054055340822,-0.004309054055340822
129,97,1.0243822721746407,0,0,-0.02124635907355573,-0.02124635907355573
132,97,1.5208062657826873,0,0,-0.10527617451201444,-0.10527617451201444
143,97,1.558028557687869,0,0,0.03882076266437373,0.03882076266437373
151,97,1.04066035993889,0,0,0.0528037763368661,0.0528037763368661
162,97,0.22796045936736392,0,0,-0.01014474609533529,-0.01014474609533529
164,97,1.5406452328951823,0,0,0.10005499388138916,0.10005499388138916
176,97,0.708548554195965,0,0,-0.061997420905126194,-0.061997420905126194
178,97,1.4094399181941775,0,0,-0.052343273536410925,-0.052343273536410925
179,97,0.648569689164198,0,0,0.0354460428071431,0.0354460428071431
192,97,0.6208320249012107,0,0,-0.025392051658879956,-0.025392051658879956
193,97,1.1627201555470386,0,0,0.048293007517437314,0.048293007517437314
194,97,1.3298585743223525,0,0,0.0399217842075633,0.0399217842075633
200,97,1.006690223690586,0,0,0.03649925883727438,0.03649925883727438
202,97,0.5029887384338045,0,0,-0.04056586496734838,-0.04056586496734838
205,97,1.418134307827997,0,0,0.029100459829261693,0.029100459829261693
211,97,0.6075342223048601,0,0,0.03298471351108996,0.03298471351108996
215,97,0.7286907880279719,0,0,-0.029307769052126956,-0.029307769052126956
219,97,1.1052154355610142,0,0,0.02175123636459921,0.02175123636459921
224,97,1.4674864929917686,0,0,0.019490810183614694,0.019490810183614694
229,97,1.3498686050691011,0,0,-0.010580935387218951,-0.010580935387218951
238,97,0.8419192288136382,0,0,0.051702079281996716,0.051702079281996716
240,97,0.9428979768161075,0,0,-0.038304738275505804,-0.038304738275505804
243,97,0.6927038236073394,0,0,-0.05916084692849358,-0.05916084692849358
244,97,1.5329805782143844,0,0,-0.16267079232694753,-0.16267079232694753
246,97,1.4799787137768554,0,0,-0.01847947310124158,-0.01847947310124158
252,97,0.3299738079092809,0,0,0.009991174220721617,0.009991174220721617
256,97,1.5388343772480537,0,0,0.14182102589595505,0.14182102589595505
257,97,1.3870037686547223,0,0,0.004297236578733224,0.004297236578733224
270,97,0.8747967482503402,0,0,-0.08425447404618809,-0.08425447404618809
275,97,1.2097216476583748,0,0,0.06295689332940692,0.06295689332940692
282,97,1.3240889422176512,0,0,0.053776771637336546,0.053776771637336546
286,97,1.3374854515262204,0,0,0.08870917166786006,0.08870917166786006
297,97,1.0474177634195394,0,0,-0.07910848198860952,-0.07910848198860952
298,97,1.0835365457119115,0,0,0.033163897350148686,0.033163897350148686
302,97,1.1961519491593666,0,0,0.08594737329196477,0.08594737329196477
303,97,0.626461907800696,0,0,-0.040815677157165726,-0.040815677157165726
305,97,1.4561018408449693,0,0,0.07994644836319932,0.07994644836319932
312,97,1.599842301786936,0,0,-0.14032254125137497,-0.14032254125137497
321,97,1.3192610410728443,0,0,0.007727167649072043,0.007727167649072043
322,97,0.14735595685193445,0,0,0.0043515366403995,0.0043515366403995
326,97,1.354800651965616,0,0,-0.092550249290881,-0.092550249290881
328,97,1.4413621394452207,0,0,-0.0422945952745365,-0.0422945952745365
333,97,1.4284436245837515,0,0,-0.16797802107062454,-0.16797802107062454
334,97,0.7830999533233811,0,0,0.03541316463540704,0.03541316463540704
335,97,1.1045077930950087,0,0,0.07282443068616255,0.07282443068616255
346,97,1.5774674361168384,0,0,-0.12063092121456458,-0.12063092121456458
350,97,1.356885441885889,0,0,-0.13219961384825618,-0.13219961384825618
353,97,0.885049698137292,0,0,0.02494999611846443,0.02494999611846443
354,97,1.2899873040689875,0,0,0.04023853941576144,0.04023853941576144
358,97,1.1277755181906581,0,0,0.05953625094077582,0.05953625094077582
359,97,1.5322284554810606,0,0,0.05986059484134318,0.05986059484134318
364,97,1.1000793864355352,0,0,-0.061278337190075,-0.061278337190075
370,97,0.19730393556595544,0,0,-0.0007476601657033372,-0.0007476601657033372
373,97,1.2868813052840795,0,0,0.010151022088006702,0.010151022088006702
374,97,0.6480891796848715,0,0,-0.021693212060649322,-0.021693212060649322
375,97,1.148006457119711,0,0,-0.10505129493498515,-0.10505129493498515
384,97,0.842992001997601,0,0,0.036713491014651434,0.036713491014651434
385,97,0.6937811031645501,0,0,0.04483993690918302,0.04483993690918302
388,97,1.1098008431377004,0,0,0.03370580014240278,0.03370580014240278
390,97,0.4381248517247225,0,0,0.01525077545872221,0.01525077545872221
399,97,0.7660427743570604,0,0,-0.04957416314737115,-0.04957416314737115
99,98,0.7765546530998019,0,0,-0.09400418080302049,-0.09400418080302049
103,98,0.7650824202355087,0,0,-0.13004850039660198,-0.13004850039660198
104,98,0.6957527732239402,0,0,-0.11787311151184672,-0.11787311151184672
111,98,1.2201252396873956,0,0,0.09726783071243722,0.09726783071243722
121,98,1.554947107081868,0,0,0.2686479889928727,0.2686479889928727
125,98,1.2202580979663737,0,0,0.1455524815596633,0.1455524815596633
130,98,1.1741592950133475,0,0,-0.15913338175755493,-0.15913338175755493
136,98,0.9598635917979355,0,0,0.08167533497835681,0.08167533497835681
137,98,0.77854979264979,0,0,-0.1408029004943358,-0.1408029004943358
139,98,1.066044548998961,0,0,0.05789270031684739,0.05789270031684739
149,98,1.5549898449940671,0,0,-0.16022000274897413,-0.16022000274897413
154,98,1.4991228740450289,0,0,0.14170415907436285,0.14170415907436285
163,98,1.1668982809358304,0,0,0.17979068590908914,0.17979068590908914
170,98,0.979568137069663,0,0,-0.17258936772489597,-0.17258936772489597
183,98,1.322984550542134,0,0,-0.09685344696061003,-0.09685344696061003
184,98,0.7345009189998356,0,0,-0.12181147266803251,-0.12181147266803251
191,98,0.5531171089635242,0,0,-0.06025703829313918,-0.06025703829313918
203,98,1.2920169922432523,0,0,0.2096973931857289,0.2096973931857289
217,98,1.5072810794969196,0,0,0.04664695268688467,0.04664695268688467
225,98,1.5070827280742687,0,0,0.15154341478969752,0.15154341478969752
226,98,1.3429016735141521,0,0,-0.1455391292691504,-0.1455391292691504
233,98,0.9627156216931576,0,0,0.1213862312372491,0.1213862312372491
235,98,1.2818331841024,0,0,0.18406894112855046,0.18406894112855046
236,98,1.523326313776753,0,0,0.05938839297731427,0.05938839297731427
239,98,1.3520809664097486,0,0,0.2308639422196841,0.2308639422196841
247,98,1.0312199548048058,0,0,0.1513155512134819,0.1513155512134819
250,98,0.7594084876508627,0,0,-0.03238800365093272,-0.03238800365093272
261,98,1.215083564541598,0,0,0.10250234359116431,0.10250234359116431
264,98,1.2209876268591426,0,0,0.01830352695030521,0.01830352695030521
285,98,1.3497258758086135,0,0,-0.24166048146147595,-0.24166048146147595
288,98,1.2612252113373477,0,0,0.1834143907603445,0.1834143907603445
295,98,0.5994584350097433,0,0,-0.048311478377768016,-0.048311478377768016
300,98,1.2440488715990492,0,0,-0.20144755859455032,-0.20144755859455032
313,98,1.1444898731599158,0,0,0.1760537563510231,0.1760537563510231
319,98,0.5470228420937776,0,0,-0.07032767667158281,-0.07032767667158281
323,98,1.1428574975315393,0,0,-0.012987579145887787,-0.012987579145887787
341,98,0.991166703099282,0,0,-0.08757051406597526,-0.08757051406597526
342,98,1.5792982581052597,0,0,-0.023300405236403116,-0.023300405236403116
344,98,1.5216183325237655,0,0,0.19071238969833382,0.19071238969833382
351,98,1.1172463376125188,0,0,-0.08844016731940275,-0.08844016731940275
352,98,0.5720649012157416,0,0,0.010089706224594638,0.010089706224594638
382,98,1.213148660836927,0,0,-0.14146028442538422,-0.14146028442538422
387,98,1.3167499784827186,0,0,0.13727097428239443,0.13727097428239443
395,98,1.5369632006710807,0,0,0.10345639404657286,0.10345639404657286
103,99,0.3975598347587669,0,0,-0.03604431959358151,-0.03604431959358151
104,99,0.6982509526045839,0,0,-0.02386893070882623,-0.02386893070882623
111,99,1.5038868517943025,0,0,0.19127201151545772,0.19127201151545772
125,99,1.5532546736896091,0,0,0.23955666236268378,0.23955666236268378
130,99,0.4419854761819471,0,0,-0.06512920095453442,-0.06512920095453442
136,99,1.3478227357772636,0,0,0.1756795157813773,0.1756795157813773
137,99,0.4844154938962928,0,0,-0.04679871969131533,-0.04679871969131533
149,99,0.890349031209499,0,0,-0.06621582194595366,-0.06621582194595366
170,99,0.44308233119519574,0,0,-0.0785851869218755,-0.0785851869218755
172,99,1.3962550583719848,0,0,0.05582497984672384,0.05582497984672384
184,99,0.6448415179398888,0,0,-0.027807291865012018,-0.027807291865012018
191,99,0.812866004689554,0,0,0.03374714250988131,0.03374714250988131
223,99,1.536503740838773,0,0,0.08139606083168148,0.08139606083168148
226,99,0.6212099510131608,0,0,-0.05153494846612994,-0.05153494846612994
233,99,1.4569713873533132,0,0,0.2153904120402696,0.2153904120402696
245,99,1.5252209105016385,0,0,0.012853676755355065,0.012853676755355065
250,99,0.6005540795563312,0,0,0.06161617715208777,0.06161617715208777
264,99,1.3012099204087162,0,0,0.1123077077533257,0.1123077077533257
269,99,1.599812499360252,46,-1,-0.33831447130396053,0.6616855286960395
284,99,1.2432334141688606,46,-1,-0.2171805068566811,0.7828194931433189
285,99,0.8657008893296066,0,0,-0.14765630065845547,-0.14765630065845547
295,99,0.3011609657316676,0,0,0.045692702425252474,0.045692702425252474
299,99,1.3645371858404738,0,0,0.043211054069330984,0.043211054069330984
300,99,1.2536952651403495,0,0,-0.10744337779152985,-0.10744337779152985
319,99,0.3198253360529807,0,0,0.02367650413143768,0.02367650413143768
323,99,1.0704630847278986,0,0,0.0810166016571327,0.0810166016571327
341,99,1.3154740588145422,0,0,0.006433666737045235,0.006433666737045235
342,99,1.4384293387456593,0,0,0.07070377556661737,0.07070377556661737
351,99,1.500960340050804,0,0,0.005564013483617736,0.005564013483617736
352,99,0.8381069942570045,0,0,0.10409388702761513,0.10409388702761513
362,99,1.3737171794417782,46,-1,-0.2525830837236198,0.7474169162763802
382,99,1.4443180578982928,0,0,-0.04745610362236374,-0.04745610362236374
394,99,1.472277970580986,46,-1,-0.28267913236147657,0.7173208676385234
108,100,0.8444643299454332,0,0,-0.10103231804470494,-0.10103231804470494
121,100,0.812206174035838,0,0,-0.11139485721953138,-0.11139485721953138
125,100,1.369537126715535,0,0,-0.23449036465274078,-0.23449036465274078
144,100,0.9326642330937893,0,0,0.14528709149700503,0.14528709149700503
146,100,0.5146375600570717,0,0,-0.02249363406910626,-0.02249363406910626
148,100,0.9354389275851296,0,0,-0.08582547817589384,-0.08582547817589384
153,100,0.48074767776585264,0,0,0.045955920929914906,0.045955920929914906
155,100,1.5302141384270362,1,1,0.08464477281845961,-0.9153552271815404
156,100,1.0454470975376962,0,0,-0.014108736605313532,-0.014108736605313532
159,100,1.005931850075312,0,0,-0.0008428554643659103,-0.0008428554643659103
163,100,1.4535083652531384,0,0,-0.20025216030331494,-0.20025216030331494
168,100,0.818466096474357,0,0,0.07637189888085005,0.07637189888085005
175,100,1.110478443505584,0,0,-0.011706478171179868,-0.011706478171179868
187,100,1.1774967389226336,0,0,-0.16179565572590246,-0.16179565572590246
195,100,1.4682454689913822,0,0,-0.0949355677208111,-0.0949355677208111
203,100,1.4701063689699845,0,0,-0.1703454530266752,-0.1703454530266752
206,100,0.4245590680242655,0,0,-0.06169076596232709,-0.06169076596232709
209,100,1.1997279333220412,0,0,-0.096962856955111,-0.096962856955111
222,100,1.5738450573458922,0,0,-0.03743521172882358,-0.03743521172882358
225,100,1.5309073138111404,0,0,-0.22849943142270657,-0.22849943142270657
230,100,1.4308191034954463,0,0,0.1984958045114394,0.1984958045114394
233,100,1.528264418133997,0,0,-0.25865661497515496,-0.25865661497515496
239,100,1.14191817772294,0,0,-0.14917890399272,-0.14917890399272
269,100,1.223136175724783,0,0,0.18763850168061497,0.18763850168061497
274,100,1.5001375556736678,0,0,-0.05439913592218629,-0.05439913592218629
281,100,0.8721576285150653,0,0,-0.052511119928429856,-0.052511119928429856
283,100,1.4596471535348945,0,0,0.19849580451143994,0.19849580451143994
284,100,1.5623620844602697,0,0,0.30877246612789433,0.30877246612789433
308,100,1.3124108631605502,0,0,-0.05256469011753934,-0.05256469011753934
313,100,1.5280716139618886,0,0,-0.20398908986138095,-0.20398908986138095
315,100,0.3750794163452499,0,0,-0.06951568971261879,-0.06951568971261879
329,100,1.237783046573768,0,0,0.02511092363042161,0.02511092363042161
336,100,0.5165039840165707,0,0,-0.018316085534692328,-0.018316085534692328
362,100,1.496502585125149,0,0,0.2733698892609556,0.2733698892609556
366,100,1.0820619747692541,0,0,0.05811168534299871,0.05811168534299871
381,100,0.65009721380065,0,0,-0.040495267693933745,-0.040495267693933745
394,100,1.2621442071644715,0,0,0.24327384062309887,0.24327384062309887
135,101,1.1311133540526093,0,0,0.18062432845233964,0.18062432845233964
164,101,0.953044582026712,0,0,-0.07370836241170312,-0.07370836241170312
165,101,0.9698892362594207,0,0,0.048198849188583304,0.048198849188583304
174,101,1.075419342274847,0,0,0.05905116079112696,0.05905116079112696
195,101,1.1820119984360076,0,0,0.004763473571851251,0.004763473571851251
199,101,0.548679342728192,0,0,0.03805691541196943,0.03805691541196943
200,101,1.366215450103869,0,0,-0.1372640974558179,-0.1372640974558179
204,101,1.209263238279097,0,0,0.06583590525003255,0.06583590525003255
214,101,0.8207697323373766,0,0,-0.05684387512371597,-0.05684387512371597
221,101,0.41042159049184934,0,0,-0.0056931281467685335,-0.0056931281467685335
224,101,1.247788618728817,0,0,-0.1542725461094776,-0.1542725461094776
241,101,0.6281359834222326,0,0,0.06381028119444612,0.06381028119444612
249,101,0.41809095498475196,0,0,-0.039035393203720486,-0.039035393203720486
253,101,1.022572436565475,0,0,0.05136214414364845,0.05136214414364845
254,101,1.1698650248360378,0,0,0.061652483290692034,0.061652483290692034
257,101,1.4453828742543022,0,0,-0.16946611971435907,-0.16946611971435907
262,101,1.328428823439976,0,0,0.1482444605270841,0.1482444605270841
271,101,0.7684234226637429,0,0,0.09585418251641617,0.09585418251641617
272,101,1.1150589781595466,0,0,0.03935760774168373,0.03935760774168373
275,101,1.2235524928167825,0,0,-0.11080646296368536,-0.11080646296368536
278,101,0.8340602720360429,0,0,-0.04205167128925291,-0.04205167128925291
279,101,0.1252816267112851,0,0,0.015948801469638396,0.015948801469638396
286,101,1.2245704904537467,0,0,-0.08505418462523222,-0.08505418462523222
302,101,1.5733940018801678,0,0,-0.08781598300112751,-0.08781598300112751
305,101,0.8996962531721863,0,0,-0.09381690792989296,-0.09381690792989296
307,101,1.2820990115840387,0,0,0.1895111406724673,0.1895111406724673
314,101,1.2190216903877635,0,0,0.047488240195325326,0.047488240195325326
317,101,0.9561488453967746,0,0,0.09625806371949266,0.09625806371949266
318,101,0.5197701072778087,0,0,0.05480704723729671,0.05480704723729671
321,101,1.4398272824660456,0,0,-0.16603618864402026,-0.16603618864402026
324,101,1.4146689829884678,0,0,-0.12083077394183166,-0.12083077394183166
325,101,1.5953999732718893,0,0,-0.13529180467356733,-0.13529180467356733
334,101,1.578755372091285,0,0,-0.13835019165768525,-0.13835019165768525
335,101,1.5342131100007472,0,0,-0.10093892560692973,-0.10093892560692973
338,101,1.174140768395039,0,0,0.08078035091702299,0.08078035091702299
354,101,1.1652334949283918,0,0,-0.13352481687733084,-0.13352481687733084
359,101,0.9780605217900735,0,0,-0.1139027614517491,-0.1139027614517491
365,101,1.5546321499270006,0,0,0.1929285288925289,0.1929285288925289
369,101,1.029857461554729,0,0,0.03307352869822264,0.03307352869822264
372,101,0.23073726155210203,0,0,0.004483431719310177,0.004483431719310177
373,101,1.4686141996595052,0,0,-0.16361233420508559,-0.16361233420508559
379,101,0.6844559670492103,0,0,0.08903218086936834,0.08903218086936834
380,101,0.6945799719896097,0,0,0.08622237053497875,0.08622237053497875
383,101,1.2779773506926533,0,0,0.16875550654005148,0.16875550654005148
384,101,1.5285278517234404,0,0,-0.13704986527844085,-0.13704986527844085
386,101,0.1512348402784952,0,0,-0.015071969725373613,-0.015071969725373613
389,101,0.4842470245577671,0,0,0.03485681101121624,0.03485681101121624
391,101,1.407853418214522,0,0,0.2076042330237313,0.2076042330237313
393,101,1.1302924038634072,0,0,0.10162176831037703,0.10162176831037703
111,102,1.5768849365770357,0,0,0.08132712501510536,0.08132712501510536
116,102,0.3362757268007911,0,0,0.05242416456870471,0.05242416456870471
123,102,1.4032232764071935,0,0,-0.2952584024868246,-0.2952584024868246
128,102,0.4066086829931489,0,0,-0.05924968547236885,-0.05924968547236885
129,102,1.1962283036525025,0,0,0.06939338385576184,0.06939338385576184
157,102,1.4114306398550027,0,0,-0.04112140969020235,-0.04112140969020235
158,102,1.2162310793263909,0,0,-0.15468081478813378,-0.15468081478813378
178,102,0.8365229305112104,0,0,0.03829646939290665,0.03829646939290665
186,102,0.8787673808038048,0,0,0.008328705914152842,0.008328705914152842
188,102,1.2262494551061571,0,0,-0.2116905534233005,-0.2116905534233005
189,102,0.20726340462675863,0,0,-0.0190045676499231,-0.0190045676499231
200,102,1.3990393858088241,0,0,0.12713900176659196,0.12713900176659196
214,102,1.4353409817661757,0,0,0.20755922409869387,0.20755922409869387
218,102,1.5480720450555638,0,0,-0.3054646375558075,-0.3054646375558075
223,102,1.4988415293375537,0,0,-0.02854882566867087,-0.02854882566867087
224,102,0.8117495095803084,0,0,0.11013055311293227,0.11013055311293227
225,102,1.5722264029219168,0,0,0.13560270909236566,0.13560270909236566
236,102,1.2333677623608805,0,0,0.04344768727998241,0.04344768727998241
237,102,1.304320599033978,0,0,-0.19724407496111346,-0.19724407496111346
249,102,1.5920957020565278,0,0,0.22536770601868938,0.22536770601868938
251,102,1.526897351506185,0,0,-0.27034453446790235,-0.27034453446790235
257,102,0.7199826211115833,0,0,0.0949369795080508,0.0949369795080508
260,102,1.5921431198315008,0,0,-0.3598172187931224,-0.3598172187931224
263,102,1.3446598713931157,0,0,-0.23304657339635532,-0.23304657339635532
264,102,1.5829336268681764,0,0,0.0023628212529733517,0.0023628212529733517
266,102,1.2040028388676418,0,0,-0.002879102928018254,-0.002879102928018254
278,102,1.5586459513581972,0,0,0.22235142793315693,0.22235142793315693
293,102,0.67256360964349,0,0,-0.0410924473920668,-0.0410924473920668
305,102,1.5272505754929917,0,0,0.1705861912925169,0.1705861912925169
311,102,1.5051481153163098,0,0,-0.18253708307065358,-0.18253708307065358
321,102,0.7961972403277406,0,0,0.09836691057838962,0.09836691057838962
324,102,1.213591856770138,0,0,0.1435723252805782,0.1435723252805782
325,102,1.1893726048623863,0,0,0.12911129454884251,0.12911129454884251
328,102,0.6574201853003263,0,0,0.04834514765478107,0.04834514765478107
339,102,1.061981788113764,0,0,-0.06916648569427715,-0.06916648569427715
347,102,1.0601983654183282,0,0,-0.1672885327282163,-0.1672885327282163
354,102,1.1560952858379,0,0,0.13087828234507903,0.13087828234507903
359,102,1.090690695119761,0,0,0.15050033777066074,0.15050033777066074
373,102,0.8281194067237694,0,0,0.10079076501732427,0.10079076501732427
104,103,0.3409416305380669,0,0,0.012175388884755278,0.012175388884755278
130,103,0.5777265818673488,0,0,-0.029084881360952913,-0.029084881360952913
136,103,1.5301032579009104,0,0,0.2117238353749588,0.2117238353749588
137,103,0.1362437857020892,0,0,-0.010754400097733818,-0.010754400097733818
149,103,1.1430502712567254,0,0,-0.030171502352372148,-0.030171502352372148
170,103,0.2418966964489138,0,0,-0.042540867328293985,-0.042540867328293985
183,103,1.4556915865086912,0,0,0.03319505343599197,0.03319505343599197
184,103,0.2723335400444762,0,0,0.00823702772856949,0.00823702772856949
191,103,0.5571169743440251,0,0,0.06979146210346282,0.06979146210346282
226,103,0.9233908802139622,0,0,-0.015490628872548429,-0.015490628872548429
230,103,1.500847947124943,46,-1,-0.29141284887955454,0.7085871511204455
233,103,1.5498966644494365,0,0,0.2514347316338511,0.2514347316338511
250,103,0.9373264112388241,0,0,0.09766049674566928,0.09766049674566928
269,103,1.4818691068709113,46,-1,-0.30227015171037896,0.697729848289621
283,103,1.495141836634623,46,-1,-0.291412848879554,0.708587151120446
284,103,1.2109947333878124,46,-1,-0.18113618726309966,0.8188638127369003
285,103,0.7317226831402619,0,0,-0.11161198106487397,-0.11161198106487397
295,103,0.5914564169678511,0,0,0.08173702201883398,0.08173702201883398
300,103,0.8693079143057115,0,0,-0.07139905819794834,-0.07139905819794834
319,103,0.2531764476242172,0,0,0.05972082372501919,0.05972082372501919
323,103,1.4186804773743855,0,0,0.11706092125071421,0.11706092125071421
341,103,0.9716108538984309,0,0,0.042477986330626744,0.042477986330626744
351,103,1.1677738568070009,0,0,0.041608333077199244,0.041608333077199244
352,103,1.0599633468856855,0,0,0.14013820662119664,0.14013820662119664
362,103,1.3026256696332013,46,-1,-0.21653876413003825,0.7834612358699617
382,103,1.0690102615770245,0,0,-0.011411784028782235,-0.011411784028782235
394,103,1.5697441933261962,46,-1,-0.246634812767895,0.753365187232105
130,104,0.907493660372719,0,0,-0.04126027024570819,-0.04126027024570819
136,104,1.567906697924924,0,0,0.19954844649020353,0.19954844649020353
137,104,0.2913315774773197,0,0,-0.022929788982489097,-0.022929788982489097
139,104,1.4871047983476422,0,0,0.1757658118286941,0.1757658118286941
149,104,1.458681127365205,0,0,-0.042346891237127426,-0.042346891237127426
170,104,0.5325047253635637,0,0,-0.054716256213049264,-0.054716256213049264
183,104,1.1150581395219383,0,0,0.02101966455123669,0.02101966455123669
184,104,0.08912107392185235,0,0,-0.003938361156185788,-0.003938361156185788
191,104,0.3144369402193855,0,0,0.05761607321870754,0.05761607321870754
213,104,1.4782401918586128,0,0,0.03536508559029672,0.03536508559029672
226,104,1.2567852387000589,0,0,-0.027666017757303707,-0.027666017757303707
230,104,1.5047065887834539,46,-1,-0.30358823776430977,0.6964117622356902
233,104,1.5212442774870167,0,0,0.23925934274909583,0.23925934274909583
247,104,1.5268314067894362,0,0,0.2691886627253286,0.2691886627253286
250,104,1.1334917898333245,0,0,0.085485107860914,0.085485107860914
269,104,1.5375079732369632,46,-1,-0.3144455405951343,0.6855544594048657
283,104,1.4983397071430562,46,-1,-0.3035882377643093,0.6964117622356907
284,104,1.4058203768995856,46,-1,-0.19331157614785488,0.8066884238521451
285,104,0.9083208200086221,0,0,-0.12378736994962924,-0.12378736994962924
295,104,0.7967040502600993,0,0,0.0695616331340787,0.0695616331340787
300,104,0.6429281110388975,0,0,-0.08357444708270362,-0.08357444708270362
313,104,1.5754244804681132,0,0,0.2939268678628698,0.2939268678628698
319,104,0.41964266527721356,0,0,0.04754543484026391,0.04754543484026391
341,104,0.6322432940017556,0,0,0.030302597445871465,0.030302597445871465
351,104,0.8307943139989329,0,0,0.029432944192443966,0.029432944192443966
352,104,1.1485643226723377,0,0,0.12796281773644136,0.12796281773644136
362,104,1.4558392619861298,46,-1,-0.2287141530147936,0.7712858469852064
382,104,0.7487366292228151,0,0,-0.023587172913537513,-0.023587172913537513
398,104,1.4298926632499525,0,0,-0.09632746059707076,-0.09632746059707076
107,105,0.9856994747184507,0,0,-0.03939889405634394,-0.03939889405634394
114,105,0.9712995796541761,0,0,-0.10848453154097135,-0.10848453154097135
115,105,0.908536535128449,0,0,0.05628416851321169,0.05628416851321169
118,105,1.5189622929170166,0,0,0.10982790381395663,0.10982790381395663
119,105,1.3934028480581202,0,0,-0.17585503308886843,-0.17585503308886843
122,105,0.9451982030699247,0,0,0.05147508260395134,0.05147508260395134
131,105,0.49638224010431525,0,0,0.01527962028687127,0.01527962028687127
132,105,0.6271031799066621,0,0,-0.04949203785272228,-0.04949203785272228
134,105,0.7650184781712075,0,0,0.01742387237315746,0.01742387237315746
143,105,1.3912257749765806,0,0,0.09460489932366589,0.09460489932366589
147,105,1.2995478485725243,0,0,-0.23104072495244954,-0.23104072495244954
151,105,1.3904568056485476,0,0,0.10858791299615828,0.10858791299615828
154,105,1.552173769155216,0,0,0.09090784710700558,0.09090784710700558
162,105,1.3162088538417749,0,0,0.045639390563956876,0.045639390563956876
181,105,1.5908312735181163,0,0,-0.2698547410872817,-0.2698547410872817
193,105,1.2894855641897585,0,0,0.10407714417672947,0.10407714417672947
194,105,1.2246347912538627,0,0,0.09570592086685548,0.09570592086685548
205,105,1.1223010926679513,0,0,0.08488459648855386,0.08488459648855386
217,105,1.5047579624469967,0,0,-0.004149359280472595,-0.004149359280472595
219,105,0.8439440398492275,0,0,0.07753537302389138,0.07753537302389138
229,105,0.47950333971311526,0,0,0.04520320127207321,0.04520320127207321
240,105,0.6616275126347892,0,0,0.017479398383786357,0.017479398383786357
242,105,1.117723479528795,0,0,-0.047037151584654,-0.047037151584654
244,105,1.31897174643714,0,0,-0.10688665566765537,-0.10688665566765537
246,105,0.4425743244801347,0,0,0.03730466355805059,0.03730466355805059
261,105,1.5962860897478364,0,0,0.05170603162380705,0.05170603162380705
267,105,1.1653138541187118,0,0,-0.1940197632468564,-0.1940197632468564
273,105,0.89115851146654,0,0,-0.0460194198434113,-0.0460194198434113
282,105,1.3112172479268724,0,0,0.1095609082966287,0.1095609082966287
290,105,1.3657561834435832,0,0,-0.12348825901664104,-0.12348825901664104
298,105,1.0941388432316992,0,0,0.08894803400944085,0.08894803400944085
303,105,1.3886125955292388,0,0,0.014968459502126438,0.014968459502126438
309,105,0.481608225083113,0,0,-0.016986522536151835,-0.016986522536151835
312,105,1.1661783553675469,0,0,-0.08453840459208281,-0.08453840459208281
322,105,1.5834802173708353,0,0,0.06013567329969166,0.06013567329969166
326,105,0.6377872972451816,0,0,-0.03676611263158883,-0.03676611263158883
343,105,1.13285841424537,0,0,-0.05323061235693675,-0.05323061235693675
353,105,0.9464723697291246,0,0,0.0807341327777566,0.0807341327777566
358,105,1.4580547976611455,0,0,0.11532038760006799,0.11532038760006799
370,105,1.3495107287941983,0,0,0.05503647649358882,0.05503647649358882
374,105,0.8832552572835155,0,0,0.034090924598642845,0.034090924598642845
388,105,1.114703716986481,0,0,0.08948993680169495,0.08948993680169495
395,105,1.2505678064554429,0,0,0.0526600820792156,0.0526600820792156
107,106,1.5137810838266585,0,0,-0.13290816002132694,-0.13290816002132694
113,106,1.0015180979341853,0,0,0.09305582592996144,0.09305582592996144
115,106,1.5089883400864303,0,0,-0.03722509745177133,-0.03722509745177133
118,106,0.4992352361300918,0,0,0.01631863784897361,0.01631863784897361
120,106,1.1667758208172532,0,0,0.07279549075162599,0.07279549075162599
122,106,0.7948877357795037,0,0,-0.042034183361031666,-0.042034183361031666
127,106,1.254302247040022,0,0,0.14812681197673921,0.14812681197673921
129,106,1.1973550468633503,0,0,-0.058971488379246574,-0.058971488379246574
142,106,1.230124661275908,0,0,0.13811701098000362,0.13811701098000362
143,106,1.3143068956668271,0,0,0.0010956333586828876,0.0010956333586828876
151,106,0.6381987482859378,0,0,0.015078647031175257,0.015078647031175257
154,106,1.543780385198131,0,0,-0.0026014188579774195,-0.0026014188579774195
162,106,0.6151747623312852,0,0,-0.047869875401026135,-0.047869875401026135
164,106,1.1229272534842905,0,0,0.06232986457569832,0.06232986457569832
176,106,1.148522909302888,0,0,-0.09972255021081705,-0.09972255021081705
177,106,1.5455123981769494,0,0,0.24284996572510942,0.24284996572510942
178,106,1.5653706856025258,0,0,-0.09006840284210177,-0.09006840284210177
179,106,0.3464902325656879,0,0,-0.0022790864985477444,-0.0022790864985477444
192,106,1.036951296336209,0,0,-0.06311718096457081,-0.06311718096457081
193,106,0.8442372146560638,0,0,0.01056787821174647,0.01056787821174647
194,106,1.086972575312336,0,0,0.002196654901872458,0.002196654901872458
197,106,1.5133150198330965,0,0,0.0330549351821552,0.0330549351821552
200,106,0.7818178316975917,0,0,-0.0012258704684164623,-0.0012258704684164623
202,106,1.0042024776562901,0,0,-0.07829099427303923,-0.07829099427303923
205,106,1.2371621945903757,0,0,-0.008624669476429155,-0.008624669476429155
211,106,0.26123088700032265,0,0,-0.00474041579460089,-0.00474041579460089
215,106,1.0850460012569034,0,0,-0.06703289835781781,-0.06703289835781781
219,106,1.0195310814533576,0,0,-0.01597389294109164,-0.01597389294109164
224,106,1.338008577068868,0,0,-0.018234319122076154,-0.018234319122076154
229,106,1.4376747526900182,0,0,-0.048306064692909795,-0.048306064692909795
238,106,0.31901419689058436,0,0,0.013976949976305872,0.013976949976305872
240,106,1.2414564466290257,0,0,-0.07602986758119665,-0.07602986758119665
243,106,1.1872478134474638,0,0,-0.09688597623418442,-0.09688597623418442
246,106,1.5920051535356028,0,0,-0.056204602406932425,-0.056204602406932425
249,106,1.5616334758684856,0,0,0.09700283378368095,0.09700283378368095
252,106,0.4984498693152895,0,0,-0.02773395508496923,-0.02773395508496923
256,106,1.0640886469177264,0,0,0.1040958965902642,0.1040958965902642
257,106,1.3447043254537987,0,0,-0.03342789272695762,-0.03342789272695762
268,106,1.5033852253090736,0,0,0.04359672188159944,0.04359672188159944
270,106,1.3330247765927887,0,0,-0.12197960335187893,-0.12197960335187893
275,106,0.7708850511279602,0,0,0.025231764023716075,0.025231764023716075
277,106,1.3792969176062402,0,0,0.08502099692230396,0.08502099692230396
282,106,1.0136055517651883,0,0,0.016051642331645702,0.016051642331645702
286,106,0.856772077572232,0,0,0.05098404236216922,0.05098404236216922
297,106,1.4531148747648346,0,0,-0.11683361129430037,-0.11683361129430037
298,106,0.861008434213892,0,0,-0.004561231955542158,-0.004561231955542158
302,106,0.700997372277859,0,0,0.04822224398627392,0.04822224398627392
303,106,1.0721794172841794,0,0,-0.07854080646285658,-0.07854080646285658
305,106,1.0919005518352656,0,0,0.04222131905750848,0.04222131905750848
321,106,1.269882980473816,0,0,-0.029997961656618805,-0.029997961656618805
322,106,0.5510518745122202,0,0,-0.03337359266529134,-0.03337359266529134
328,106,1.5347983073717983,0,0,-0.08001972458022735,-0.08001972458022735
334,106,0.5355039075809231,0,0,-0.0023119646702838004,-0.0023119646702838004
335,106,0.5965606985993624,0,0,0.03509930138047171,0.03509930138047171
353,106,0.7881978810219711,0,0,-0.012775133187226416,-0.012775133187226416
354,106,1.0546133127333992,0,0,0.002513410110070599,0.002513410110070599
358,106,0.6969389821519525,0,0,0.021811121635084973,0.021811121635084973
359,106,1.2811743430928257,0,0,0.022135465535652335,0.022135465535652335
364,106,1.459513915341826,0,0,-0.09900346649576584,-0.09900346649576584
370,106,0.5256137961587473,0,0,-0.03847278947139418,-0.03847278947139418
373,106,1.2171662238397118,0,0,-0.027574107217684145,-0.027574107217684145
374,106,0.9295982535103349,0,0,-0.059418341366340166,-0.059418341366340166
375,106,1.5218760473714994,0,0,-0.142776424240676,-0.142776424240676
384,106,0.4821867438643277,0,0,-0.001011638291039417,-0.001011638291039417
385,106,0.12287831044216492,0,0,0.007114807603492174,0.007114807603492174
388,106,0.9010658467903561,0,0,-0.004019329163288066,-0.004019329163288066
390,106,0.48959797139760647,0,0,-0.022474353846968637,-0.022474353846968637
392,106,1.4302588986971814,0,0,0.03877459777045128,0.03877459777045128
397,106,1.5946478087597338,0,0,0.05473189234454785,0.05473189234454785
399,106,1.1760975602908907,0,0,-0.087299292453062,-0.087299292453062
110,107,1.1855444537525754,0,0,-0.20615051353764158,-0.20615051353764158
118,107,1.549373988632572,0,0,0.14922679787030058,0.14922679787030058
119,107,0.7534224920769265,0,0,-0.1364561390325245,-0.1364561390325245
122,107,0.9387771276881854,0,0,0.09087397666029529,0.09087397666029529
131,107,1.4516667055477783,0,0,0.05467851434321521,0.05467851434321521
132,107,0.5147878322350362,0,0,-0.010093143796378337,-0.010093143796378337
147,107,1.3879384994426327,0,0,-0.1916418308961056,-0.1916418308961056
151,107,1.5546530346273675,0,0,0.14798680705250222,0.14798680705250222
162,107,1.0132965990941232,0,0,0.08503828462030082,0.08503828462030082
171,107,1.4920214277373296,0,0,-0.34685307837383067,-0.34685307837383067
176,107,1.3098593213230136,0,0,0.03318560981050991,0.03318560981050991
181,107,1.3536401517555479,0,0,-0.23045584703093774,-0.23045584703093774
192,107,1.5233006721951978,0,0,0.06979097905675614,0.06979097905675614
202,107,1.0798085534947397,0,0,0.05461716574828772,0.05461716574828772
219,107,1.3469317104021241,0,0,0.11693426708023531,0.11693426708023531
229,107,1.2970835163415688,0,0,0.08460209532841716,0.08460209532841716
238,107,1.5649921304929737,0,0,0.14688510999763282,0.14688510999763282
240,107,0.5131185898632701,0,0,0.0568782924401303,0.0568782924401303
243,107,0.9953322169826071,0,0,0.03602218378714253,0.03602218378714253
244,107,0.40911318725202384,0,0,-0.06748776161131143,-0.06748776161131143
246,107,1.3471068473555916,0,0,0.07670355761439453,0.07670355761439453
252,107,1.5380620631070299,0,0,0.10517420493635772,0.10517420493635772
270,107,1.1255797164566037,0,0,0.010928556669448017,0.010928556669448017
276,107,1.5176769732398643,0,0,-0.3242374346844214,-0.3242374346844214
290,107,0.49387639181836135,0,0,-0.08408936496029709,-0.08408936496029709
297,107,1.5250652615440712,0,0,0.01607454872702658,0.01607454872702658
298,107,1.476402792202764,0,0,0.1283469280657848,0.1283469280657848
303,107,0.7579862448214452,0,0,0.054367353558470374,0.054367353558470374
304,107,1.4843474529179503,0,0,-0.3295379523561055,-0.3295379523561055
309,107,1.4597320190218104,0,0,0.022412371520192105,0.022412371520192105
312,107,0.38141757214871347,0,0,-0.045139510535738864,-0.045139510535738864
322,107,1.2603790856490782,0,0,0.09953456735603561,0.09953456735603561
326,107,0.3809303736974014,0,0,0.002632781424755107,0.002632781424755107
333,107,1.4557261087603364,0,0,-0.07279499035498843,-0.07279499035498843
353,107,1.2499470622387192,0,0,0.12013302683410054,0.12013302683410054
370,107,1.089630654264002,0,0,0.09443537054993277,0.09443537054993277
374,107,0.6844306310687045,0,0,0.07348981865498679,0.07348981865498679
375,107,1.497755586124979,0,0,-0.00986826421934904,-0.00986826421934904
388,107,1.5449820023513703,0,0,0.12888883085803887,0.12888883085803887
399,107,1.5524175502305508,0,0,0.04560886756826495,0.04560886756826495
111,108,1.303007886800436,0,0,-0.1817426974552619,-0.1817426974552619
121,108,0.8748206743922844,0,0,-0.010362539174826435,-0.010362539174826435
125,108,1.051969727974566,0,0,-0.13345804660803584,-0.13345804660803584
136,108,1.388618222809292,0,0,-0.1973351931893423,-0.1973351931893423
146,108,1.1715728001643044,0,0,0.07853868397559868,0.07853868397559868
148,108,1.25963061645671,0,0,0.015206839868811106,0.015206839868811106
153,108,1.3225170707040004,0,0,0.14698823897461985,0.14698823897461985
155,108,1.318233076615979,1,1,0.18567709086316453,-0.8143229091368355
163,108,1.28160020385457,0,0,-0.09921984225860998,-0.09921984225860998
165,108,1.152427159163563,0,0,0.04953212594062589,0.04953212594062589
174,108,1.1090703940825122,0,0,0.06038443754316955,0.06038443754316955
175,108,0.6984012650579492,0,0,0.08932583987352508,0.08932583987352508
187,108,0.5813629551793623,0,0,-0.060763337681197516,-0.060763337681197516
195,108,0.6300102880831946,0,0,0.00609675032389384,0.00609675032389384
203,108,1.4625842720423214,0,0,-0.06931313498197024,-0.06931313498197024
204,108,1.0641036251636287,0,0,0.06716918200207514,0.06716918200207514
206,108,0.4665490702118381,0,0,0.039341552082377856,0.039341552082377856
209,108,1.487662728914499,0,0,0.00406946108959394,0.00406946108959394
214,108,1.1844112333892816,0,0,-0.05551059837167338,-0.05551059837167338
221,108,1.4365160985642815,0,0,-0.004359851394725944,-0.004359851394725944
225,108,1.0076039969076362,0,0,-0.1274671133780016,-0.1274671133780016
233,108,1.3592720152181732,0,0,-0.15762429693045002,-0.15762429693045002
236,108,1.5195136797489857,0,0,-0.21962213519038484,-0.21962213519038484
239,108,1.1626018377960712,0,0,-0.04814658594801505,-0.04814658594801505
247,108,1.5931035279742598,0,0,-0.12769497695421722,-0.12769497695421722
253,108,1.0361769464853812,0,0,0.05269542089569104,0.05269542089569104
254,108,0.8999773668071963,0,0,0.06298576004273462,0.06298576004273462
272,108,0.7965543368980532,0,0,0.04069088449372632,0.04069088449372632
278,108,1.0358771357861978,0,0,-0.04071839453721032,-0.04071839453721032
281,108,1.3913714752674105,0,0,0.04852119811627509,0.04852119811627509
313,108,1.4993564291695638,0,0,-0.10295677181667601,-0.10295677181667601
315,108,0.5903546871617292,0,0,0.031516628332086155,0.031516628332086155
324,108,1.1169924117777994,0,0,-0.11949749718978907,-0.11949749718978907
325,108,1.1948308329457829,0,0,-0.13395852792152474,-0.13395852792152474
336,108,0.5359464921187986,0,0,0.08271623251001262,0.08271623251001262
338,108,1.2591706829331415,0,0,0.08211362766906558,0.08211362766906558
363,108,1.0358265755911984,0,0,0.09234093878566194,0.09234093878566194
369,108,0.8682520008819828,0,0,0.034406805450265227,0.034406805450265227
372,108,1.5491408904039947,0,0,0.005816708471352766,0.005816708471352766
381,108,0.38889603389753424,0,0,0.0605370503507712,0.0605370503507712
121,109,1.4696876758695983,0,0,-0.09056755320663892,-0.09056755320663892
141,109,1.2642705774830705,1,1,0.19424842015486343,-0.8057515798451366
146,109,1.28160636466887,0,0,-0.001666330056213805,-0.001666330056213805
148,109,1.0161869288642655,0,0,-0.06499817416300138,-0.06499817416300138
156,109,0.8014094276737755,0,0,0.006718567407578924,0.006718567407578924
159,109,0.8940904808668056,0,0,0.019984448548526546,0.019984448548526546
167,109,0.9978081347454137,0,0,-0.08256351329625175,-0.08256351329625175
173,109,0.9486661957960069,1,1,0.2460402852513901,-0.7539597147486099
203,109,1.3377022478369824,0,0,-0.14951814901378274,-0.14951814901378274
209,109,0.7964577645054243,0,0,-0.07613555294221855,-0.07613555294221855
212,109,0.7034797296732817,0,0,-0.10192010216318267,-0.10192010216318267
222,109,0.2622526639610915,0,0,-0.016607907715931125,-0.016607907715931125
230,109,1.5157923781660463,0,0,0.21932310852433184,0.21932310852433184
235,109,1.5226933989644869,0,0,-0.17514660107096114,-0.17514660107096114
239,109,1.3788646921375756,0,0,-0.12835159997982754,-0.12835159997982754
255,109,1.4606722805825114,0,0,-0.12611990657117203,-0.12611990657117203
274,109,0.360251944185392,0,0,-0.03357183190929383,-0.03357183190929383
280,109,1.2672854152116892,1,1,0.2873362100048238,-0.7126637899951762
281,109,0.9415290971904856,0,0,-0.0316838159155374,-0.0316838159155374
283,109,1.5311707548845512,0,0,0.2193231085243324,0.2193231085243324
288,109,1.4317758677797061,0,0,-0.1758011514391671,-0.1758011514391671
306,109,0.8923682261912176,0,0,-0.10789307290731268,-0.10789307290731268
308,109,0.5100605750352568,0,0,-0.03173738610464688,-0.03173738610464688
313,109,1.4566216843001267,0,0,-0.1831617858484885,-0.1831617858484885
329,109,0.777143773240759,0,0,0.04593822764331407,0.04593822764331407
340,109,1.3335171736592597,0,0,-0.1522285531331799,-0.1522285531331799
344,109,1.3491847357633362,0,0,-0.1685031525011778,-0.1685031525011778
366,109,1.1622952126110957,0,0,0.07893898935589116,0.07893898935589116
371,109,0.7537382167880454,0,0,-0.09813692562433632,-0.09813692562433632
376,109,0.4879022588926734,0,0,-0.07290577185441985,-0.07290577185441985
397,109,1.5666057174766213,0,0,-0.16017807192262348,-0.16017807192262348
398,109,1.5594867140948867,1,1,0.4265838856915709,-0.5734161143084291
119,110,0.8450360438086644,0,0,0.06969437450511709,0.06969437450511709
132,110,1.5119216636962074,0,0,0.19605736974126325,0.19605736974126325
133,110,1.1456117792555889,46,-1,-0.017950415810497944,0.9820495841895021
138,110,1.5504892295611952,46,-1,-0.30269986721328446,0.6973001327867155
161,110,0.6848070969399365,46,-1,-0.11233484097707636,0.8876651590229236
171,110,0.5651025075713326,0,0,-0.1407025648361891,-0.1407025648361891
181,110,1.364781570734742,0,0,-0.024305333493296166,-0.024305333493296166
243,110,1.5973568597580707,0,0,0.2421726973247841,0.2421726973247841
244,110,0.8426990262959365,0,0,0.13866275192633015,0.13866275192633015
270,110,1.5615314647899166,0,0,0.2170790702070896,0.2170790702070896
276,110,1.1507080762514257,0,0,-0.11808692114677982,-0.11808692114677982
289,110,1.3039535674575489,0,0,0.09371539710843566,0.09371539710843566
290,110,0.8078755913107027,0,0,0.12206114857734449,0.12206114857734449
292,110,1.2190287833690225,46,-1,-0.3055222159606439,0.6944777840393561
303,110,1.4627476756032505,0,0,0.26051786709611197,0.26051786709611197
304,110,1.0961852395168348,0,0,-0.12338743881846392,-0.12338743881846392
312,110,1.071981340356507,0,0,0.1610110030019027,0.1610110030019027
326,110,1.4766246669929601,0,0,0.20878329496239667,0.20878329496239667
333,110,1.2405179767750083,0,0,0.13335552318265315,0.13335552318265315
345,110,0.9866469387890832,46,-1,-0.03780573830556411,0.9621942616944359
357,110,1.4508442037981253,46,-1,-0.3542549174024705,0.6457450825975295
377,110,1.5363543768498737,46,-1,-0.040637853297987636,0.9593621467020124
396,110,0.8265896525378549,0,0,-0.2001466193812021,-0.2001466193812021
116,111,1.4588481854174338,0,0,-0.028902960446400654,-0.028902960446400654
121,111,1.1992525127075688,0,0,0.17138015828043546,0.17138015828043546
125,111,0.42070972293769177,0,0,0.048284650847226065,0.048284650847226065
136,111,0.3089288711041483,0,0,-0.015592495734080414,-0.015592495734080414
148,111,1.5986489050514925,0,0,0.196949537324073,0.196949537324073
157,111,1.1907421235986357,0,0,-0.12244853470530771,-0.12244853470530771
163,111,0.8253113340047622,0,0,0.08252285519665192,0.08252285519665192
172,111,1.0257765654779851,0,0,-0.13544703166873387,-0.13544703166873387
187,111,0.82869063757659,0,0,0.12097935977406439,0.12097935977406439
195,111,1.4372346596731158,0,0,0.18783944777915573,0.18783944777915573
203,111,1.2334383417222687,0,0,0.11242956247329167,0.11242956247329167
206,111,1.480407829559044,0,0,0.22108424953763975,0.22108424953763975
214,111,1.304717267484382,0,0,0.1262320990835885,0.1262320990835885
223,111,0.8931170708866517,0,0,-0.10987595068377623,-0.10987595068377623
224,111,1.518225072719601,0,0,0.028803428097826902,0.028803428097826902
225,111,0.37874029602684073,0,0,0.0542755840772603,0.0542755840772603
233,111,0.637315909382477,0,0,0.024118400524811883,0.024118400524811883
235,111,1.2351900315938784,0,0,0.08680111041611324,0.08680111041611324
236,111,0.46536742269160614,0,0,-0.03787943773512295,-0.03787943773512295
239,111,1.1419808272284333,0,0,0.13359611150724685,0.13359611150724685
245,111,1.4375226747392358,0,0,-0.17841833476010266,-0.17841833476010266
247,111,1.0328251420139816,0,0,0.054047720501044685,0.054047720501044685
250,111,1.0209376909416161,0,0,-0.12965583436336994,-0.12965583436336994
257,111,1.5862468008481743,0,0,0.013609854492945432,0.013609854492945432
264,111,0.5198478185476471,0,0,-0.07896430376213201,-0.07896430376213201
266,111,0.8478620309659285,0,0,-0.08420622794312362,-0.08420622794312362
278,111,1.3508416973321578,0,0,0.14102430291805157,0.14102430291805157
288,111,1.354718108088094,0,0,0.08614656004790729,0.08614656004790729
293,111,1.3904716061085702,0,0,-0.12241957240717216,-0.12241957240717216
294,111,1.3625804790062788,0,0,-0.16686897611930096,-0.16686897611930096
295,111,1.2815474260538477,0,0,-0.14557930909020525,-0.14557930909020525
299,111,1.1873258471348525,0,0,-0.14806095744612674,-0.14806095744612674
313,111,1.120488173470597,0,0,0.0787859256385859,0.0787859256385859
315,111,1.3749815959945424,0,0,0.21325932578734805,0.21325932578734805
319,111,1.5263608762956145,0,0,-0.16759550738402004,-0.16759550738402004
323,111,0.7239028952474754,0,0,-0.11025540985832501,-0.11025540985832501
324,111,0.7417881078025856,0,0,0.06224520026547284,0.06224520026547284
325,111,0.581569982703396,0,0,0.04778416953373717,0.04778416953373717
336,111,1.5965441632379151,0,0,0.26445892996527454,0.26445892996527454
342,111,0.9331540135522105,0,0,-0.12056823594884034,-0.12056823594884034
344,111,1.5251469609590063,0,0,0.09344455898589658,0.09344455898589658
352,111,0.7347796122451247,0,0,-0.08717812448784258,-0.08717812448784258
354,111,1.594168326692404,0,0,0.04955115732997366,0.04955115732997366
359,111,1.5532965757117059,0,0,0.0691732127555554,0.0691732127555554
373,111,1.4627708128770158,0,0,0.01946364000221891,0.01946364000221891
381,111,1.5609279636654074,0,0,0.2422797478060331,0.2422797478060331
387,111,1.449079345499865,0,0,0.040003143569957225,0.040003143569957225
124,112,0.3004723465615397,0,0,-0.013963911748958169,-0.013963911748958169
127,112,1.394311913197922,0,0,-0.353657841678507,-0.353657841678507
133,112,1.458416883766496,0,0,0.14120625697528733,0.14120625697528733
177,112,1.068624973753789,0,0,-0.25893468793013685,-0.25893468793013685
185,112,0.9814201265448893,0,0,0.11578126623020979,0.11578126623020979
201,112,1.2187161926662202,0,0,-0.13208857708019756,-0.13208857708019756
207,112,0.8014097732178486,0,0,-0.02801783076601516,-0.02801783076601516
216,112,0.6492483258523649,0,0,0.015715391172954285,0.015715391172954285
291,112,0.7408914451459673,0,0,0.1805779896696278,0.1805779896696278
301,112,0.2525699325721075,0,0,-0.05876706518400521,-0.05876706518400521
310,112,0.7394705218258301,0,0,0.015779367989625204,0.015779367989625204
314,112,1.1738957584857717,0,0,-0.31825818647251947,-0.31825818647251947
320,112,1.243609937868854,0,0,0.23759750755385434,0.23759750755385434
337,112,0.5821323859823269,0,0,-0.12892878535553148,-0.12892878535553148
346,112,1.5702559221907009,1,1,0.33985929582449836,-0.6601407041755016
349,112,0.554957305235918,0,0,0.035219581955712065,0.035219581955712065
350,112,1.4987387898787632,1,1,0.3282906031908067,-0.6717093968091933
365,112,0.7691736856002007,0,0,-0.17281789777531592,-0.17281789777531592
377,112,1.1624124258348643,0,0,0.11851881948779752,0.11851881948779752
400,112,0.3943929884064996,0,0,0.045861065470848894,0.045861065470848894
118,113,0.7049827230912813,0,0,-0.07673718808098783,-0.07673718808098783
120,113,0.48815001093351124,0,0,-0.020260335178335448,-0.020260335178335448
122,113,1.462307790323746,0,0,-0.1350900092909931,-0.1350900092909931
127,113,0.9563779034698667,0,0,0.05507098604677779,0.05507098604677779
138,113,1.1595775640370056,0,0,0.26518563329778555,0.26518563329778555
142,113,0.7062017238847244,0,0,0.04506118505004217,0.04506118505004217
145,113,1.4363593189128037,0,0,0.2516708065488644,0.2516708065488644
151,113,0.850680059769914,0,0,-0.07797717889878618,-0.07797717889878618
162,113,1.3635659825262036,0,0,-0.14092570133098759,-0.14092570133098759
164,113,1.3945634002568794,0,0,-0.030725961354263115,-0.030725961354263115
171,113,1.54449361188827,1,1,0.42718293567488097,-0.572817064325119
177,113,1.3047443165204653,0,0,0.14979413979514797,0.14979413979514797
179,113,1.1942569529000788,0,0,-0.09533491242850918,-0.09533491242850918
193,113,1.1240767067932858,0,0,-0.08248794771821497,-0.08248794771821497
194,113,1.3921783892473532,0,0,-0.09085917102808898,-0.09085917102808898
197,113,1.5815913485035347,0,0,-0.060000890747806235,-0.060000890747806235
200,113,1.5477252846684881,0,0,-0.0942816963983779,-0.0942816963983779
201,113,1.4024564917293454,0,0,0.27664025064508724,0.27664025064508724
205,113,1.5493846559694124,0,0,-0.1016804954063906,-0.1016804954063906
211,113,1.1085074046172099,0,0,-0.09779624172456233,-0.09779624172456233
219,113,1.3993515739062015,0,0,-0.10902971887105307,-0.10902971887105307
232,113,1.405793688097014,0,0,-0.0058877703251506985,-0.0058877703251506985
238,113,0.7687559702166314,0,0,-0.07907887595365556,-0.07907887595365556
248,113,1.2238009511301022,0,0,0.22505155780002326,0.22505155780002326
252,113,1.4579916464637637,0,0,-0.12078978101493067,-0.12078978101493067
256,113,0.634048706008161,0,0,0.01104007066030277,0.01104007066030277
268,113,1.535619276739926,0,0,-0.049459104048362,-0.049459104048362
275,113,1.2092297770440628,0,0,-0.06782406190624536,-0.06782406190624536
277,113,0.8114323409276116,0,0,-0.008034829007657479,-0.008034829007657479
282,113,1.2289017744106483,0,0,-0.07700418359831573,-0.07700418359831573
286,113,1.0923785678121025,0,0,-0.04207178356779222,-0.04207178356779222
287,113,0.9265497605546852,0,0,0.05121667688214149,0.05121667688214149
292,113,1.1535130618396365,0,0,0.2623632845504261,0.2623632845504261
298,113,1.196391175213036,0,0,-0.0976170578855036,-0.0976170578855036
302,113,0.7796681995570237,0,0,-0.044833581943687514,-0.044833581943687514
305,113,1.585770568862793,0,0,-0.05083450687245296,-0.05083450687245296
314,113,1.5887543007952334,0,0,0.09047064125276533,0.09047064125276533
322,113,1.4080096151886712,0,0,-0.12642941859525278,-0.12642941859525278
332,113,0.8222491209413682,0,0,0.06467585876107063,0.06467585876107063
334,113,1.3405149034602695,0,0,-0.09536779060024524,-0.09536779060024524
335,113,0.8569630224106528,0,0,-0.05795652454948973,-0.05795652454948973
353,113,1.2464796047010367,0,0,-0.10583095911718784,-0.10583095911718784
357,113,1.0068873409862644,0,0,0.21363058310859953,0.21363058310859953
358,113,0.8106585708463873,0,0,-0.07124470429487646,-0.07124470429487646
370,113,1.3130300150147296,0,0,-0.13152861540135563,-0.13152861540135563
374,113,1.46108108404182,0,0,-0.15247416729630162,-0.15247416729630162
384,113,1.239724082109306,0,0,-0.09406746422100085,-0.09406746422100085
385,113,0.9403842206977386,0,0,-0.08594101832646926,-0.08594101832646926
388,113,1.2868024407423864,0,0,-0.0970751550932495,-0.0970751550932495
390,113,1.4235251974013243,0,0,-0.11553017977693007,-0.11553017977693007
392,113,1.4497267917677619,0,0,-0.054281228159510156,-0.054281228159510156
396,113,1.4153363723697547,1,1,0.36773888112986797,-0.632261118870132
397,113,1.5806531200950067,0,0,-0.03832393358541358,-0.03832393358541358
115,114,1.2746370240162148,0,0,0.16476870005418304,0.16476870005418304
131,114,0.8929274116203448,0,0,0.12376415182784262,0.12376415182784262
132,114,1.293527088625962,0,0,0.05899249368824906,0.05899249368824906
134,114,1.0337840554592737,0,0,0.1259084039141288,0.1259084039141288
140,114,1.1763270451742627,0,0,-0.2859350844375764,-0.2859350844375764
147,114,1.155786281988465,0,0,-0.12255619341147819,-0.12255619341147819
169,114,1.1394541620940168,0,0,0.03272495090730121,0.03272495090730121
196,114,1.086353068511652,0,0,-0.02866570124047471,-0.02866570124047471
198,114,0.879751025143993,0,0,-0.13636599444819128,-0.13636599444819128
205,114,1.5277755266859692,0,0,0.1933691280295252,0.1933691280295252
208,114,1.2345295992677594,0,0,-0.2238116311558905,-0.2238116311558905
210,114,0.7042141894364402,0,0,-0.08166988772678582,-0.08166988772678582
217,114,1.4211581238764388,0,0,0.10433517226049874,0.10433517226049874
219,114,1.4753597456352963,0,0,0.18601990456486273,0.18601990456486273
227,114,1.0909017230713791,0,0,-0.024169123516540186,-0.024169123516540186
229,114,1.1402272562718978,0,0,0.15368773281304454,0.15368773281304454
242,114,0.758074348769992,0,0,0.06144737995631734,0.06144737995631734
246,114,1.0381432978975944,0,0,0.1457891950990219,0.1457891950990219
259,114,1.2157763714933978,0,0,-0.017963616404358423,-0.017963616404358423
265,114,1.376352794705791,0,0,-0.224626931221218,-0.224626931221218
267,114,0.5623558549193509,0,0,-0.08553523170588506,-0.08553523170588506
273,114,0.5554992074069574,0,0,0.06246511169756004,0.06246511169756004
296,114,1.0732589263114145,0,0,-0.2094219276988495,-0.2094219276988495
309,114,0.6506815007912699,0,0,0.0914980090048195,0.0914980090048195
316,114,1.541670199749861,0,0,-0.259263105655805,-0.259263105655805
326,114,1.4174509569483462,0,0,0.0717184189093825,0.0717184189093825
331,114,1.3373375174250968,0,0,0.04009305354419122,0.04009305354419122
343,114,0.6963742615226861,0,0,0.05525391918403459,0.05525391918403459
360,114,1.1017863060842121,0,0,-0.18788542138970762,-0.18788542138970762
368,114,1.590022110020825,0,0,-0.11420722473593961,-0.11420722473593961
378,114,0.9343699083913773,0,0,-0.0935710306916682,-0.0935710306916682
395,114,1.5035669646828826,0,0,0.16114461362018695,0.16114461362018695
118,115,1.3042909211792262,0,0,0.05354373530074494,0.05354373530074494
122,115,1.1162388962369774,0,0,-0.004809085909260345,-0.004809085909260345
131,115,0.5078218353504984,0,0,-0.04100454822634042,-0.04100454822634042
132,115,1.4825442715444408,0,0,-0.10577620636593396,-0.10577620636593396
134,115,0.425678808021739,0,0,-0.03886029614005423,-0.03886029614005423
139,115,0.8683351053758833,0,0,-0.04918778016372157,-0.04918778016372157
143,115,0.5955806828851774,0,0,0.038320730810454215,0.038320730810454215
151,115,1.1025904768755708,0,0,0.052303744482946585,0.052303744482946585
154,115,0.6712443330631771,0,0,0.03462367859379391,0.03462367859379391
162,115,1.4885269437446775,0,0,-0.010644777949254813,-0.010644777949254813
169,115,1.2679919819000018,0,0,-0.13204374914688183,-0.13204374914688183
180,115,1.4638829850349113,0,0,-0.13388480478963774,-0.13388480478963774
193,115,0.8373031864795057,0,0,0.0477929756635178,0.0477929756635178
194,115,0.5958955512222269,0,0,0.039421752353643785,0.039421752353643785
196,115,1.5560646909326077,0,0,-0.19343440129465775,-0.19343440129465775
197,115,0.9141632726411727,0,0,0.07028003263392653,0.07028003263392653
203,115,1.5934400065629688,0,0,0.10261691270515994,0.10261691270515994
205,115,0.4132278561954308,0,0,0.02860042797534217,0.02860042797534217
217,115,0.8913452278189301,0,0,-0.060433527793684286,-0.060433527793684286
219,115,0.5466303933412524,0,0,0.021251204510679685,0.021251204510679685
227,115,1.5308081347946452,0,0,-0.18893782357072322,-0.18893782357072322
229,115,0.45325372266430314,0,0,-0.011080967241138474,-0.011080967241138474
232,115,1.384640593821754,0,0,0.12439315305658206,0.12439315305658206
235,115,1.3007624128171213,0,0,0.07698846064798151,0.07698846064798151
238,115,1.4045929283792133,0,0,0.0512020474280772,0.0512020474280772
240,115,1.2561691122789527,0,0,-0.038804770129425334,-0.038804770129425334
242,115,0.9402229870599906,0,0,-0.10332132009786568,-0.10332132009786568
246,115,0.5035588281296823,0,0,-0.018979504955161104,-0.018979504955161104
247,115,1.407595116447713,0,0,0.044235070732912954,0.044235070732912954
255,115,1.4478148336505166,0,0,0.12601515514777062,0.12601515514777062
259,115,1.5475010970053789,0,0,-0.18273231645854146,-0.18273231645854146
261,115,0.7015591761978796,0,0,-0.00457813688940464,-0.00457813688940464
268,115,1.0077915290831083,0,0,0.08082181933337076,0.08082181933337076
273,115,0.8784693404992221,0,0,-0.10230358835662298,-0.10230358835662298
277,115,1.5126657826715213,0,0,0.12224609437407528,0.12224609437407528
282,115,0.7611053436550946,0,0,0.05327673978341703,0.05327673978341703
288,115,1.2588803023997093,0,0,0.07633391027977555,0.07633391027977555
298,115,0.7237900533447854,0,0,0.03266386549622917,0.03266386549622917
309,115,0.7968545309968809,0,0,-0.07327069104936353,-0.07327069104936353
313,115,1.5296625922388956,0,0,0.06897327587045417,0.06897327587045417
326,115,1.4555581131863056,0,0,-0.09305028114480052,-0.09305028114480052
331,115,1.2913718188683143,0,0,-0.1246756465099918,-0.1246756465099918
340,115,1.2223980153955307,0,0,0.09990650858576278,0.09990650858576278
343,115,1.0012249269991937,0,0,-0.10951478087014843,-0.10951478087014843
344,115,1.2922319376311744,0,0,0.08363190921776485,0.08363190921776485
353,115,0.7773783828544502,0,0,0.024449964264544908,0.024449964264544908
358,115,1.1433866348835209,0,0,0.0590362190868563,0.0590362190868563
370,115,1.4655642372532216,0,0,-0.0012476920196228605,-0.0012476920196228605
374,115,1.2527340567828031,0,0,-0.022193243914568846,-0.022193243914568846
385,115,1.5525244541600847,0,0,0.0443399050552635,0.0443399050552635
387,115,0.7525133902192387,0,0,0.03019049380182549,0.03019049380182549
388,115,0.6582069516859573,0,0,0.03320576828848326,0.03320576828848326
392,115,1.0618074532043662,0,0,0.07599969522222261,0.07599969522222261
395,115,0.349022492914639,0,0,-0.0036240864339960877,-0.0036240864339960877
397,115,1.197120841514606,0,0,0.09195698979631918,0.09195698979631918
123,116,1.5949112011728457,0,0,-0.34768256705552936,-0.34768256705552936
128,116,0.738438543482258,0,0,-0.11167385004107355,-0.11167385004107355
129,116,0.9758378297379929,0,0,0.016969219287057132,0.016969219287057132
157,116,1.5596363539830005,0,0,-0.09354557425890705,-0.09354557425890705
158,116,1.351401447949005,0,0,-0.2071049793568385,-0.2071049793568385
164,116,1.5637956255785408,0,0,0.13827057224200204,0.13827057224200204
178,116,0.7059461769718245,0,0,-0.01412769517579806,-0.01412769517579806
179,116,1.4649638617798542,0,0,0.07366162116775596,0.07366162116775596
186,116,0.8776419169876893,0,0,-0.04409545865455187,-0.04409545865455187
188,116,1.4356176489095374,0,0,-0.26411471799200525,-0.26411471799200525
189,116,0.4773954216129805,0,0,-0.0714287322186278,-0.0714287322186278
200,116,1.0765829525923942,0,0,0.07471483719788724,0.07471483719788724
211,116,1.5686736883122856,0,0,0.07120029187170282,0.07120029187170282
214,116,1.2146341794086393,0,0,0.15513505952998918,0.15513505952998918
215,116,1.5223491782413792,0,0,0.008907809308485906,0.008907809308485906
221,116,1.5043243474630266,0,0,0.20628580650693662,0.20628580650693662
223,116,1.576821504297283,0,0,-0.08097299023737559,-0.08097299023737559
224,116,0.49219323204862403,0,0,0.057706388544227556,0.057706388544227556
225,116,1.4133990749940877,0,0,0.08317854452366094,0.08317854452366094
236,116,1.2004621899988237,0,0,-0.008976477288722296,-0.008976477288722296
237,116,1.4610593459953005,0,0,-0.24966823952981818,-0.24966823952981818
249,116,1.338772816361745,0,0,0.17294354144998467,0.17294354144998467
252,116,1.4349809109857956,0,0,0.04820675258133448,0.04820675258133448
257,116,0.4019396150927189,0,0,0.04251281493934608,0.04251281493934608
263,116,1.5927613743043751,0,0,-0.28547073796506006,-0.28547073796506006
264,116,1.5685917301283554,0,0,-0.05006134331573136,-0.05006134331573136
266,116,1.2807387513502198,0,0,-0.055303267496722965,-0.055303267496722965
275,116,1.470861216204364,0,0,0.10117247169001978,0.10117247169001978
278,116,1.3694340812597552,0,0,0.16992726336445224,0.16992726336445224
293,116,0.9076880340941793,0,0,-0.09351661196077152,-0.09351661196077152
305,116,1.2208014029703356,0,0,0.11816202672381218,0.11816202672381218
321,116,0.4775538996286104,0,0,0.045942746009684905,0.045942746009684905
324,116,1.0607786138368214,0,0,0.09114816071187348,0.09114816071187348
325,116,1.0550311405318258,0,0,0.07668712998013782,0.07668712998013782
328,116,0.4789801203087331,0,0,-0.0040790169139236394,-0.0040790169139236394
334,116,1.3017466180328578,0,0,0.0736287429960199,0.0736287429960199
339,116,1.160227943540447,0,0,-0.12159065026298185,-0.12159065026298185
346,116,1.570784137445661,0,0,-0.08241534285395172,-0.08241534285395172
347,116,1.3314897982367928,0,0,-0.21971269729692103,-0.21971269729692103
354,116,0.8285568250704165,0,0,0.07845411777637432,0.07845411777637432
359,116,0.7876299603950161,0,0,0.09807617320195605,0.09807617320195605
372,116,1.5846052373166608,0,0,0.21646236637301533,0.21646236637301533
373,116,0.49437983801919266,0,0,0.04836660044861957,0.04836660044861957
384,116,1.3575820459192156,0,0,0.07492906937526429,0.07492906937526429
386,116,1.4784474210923866,0,0,0.19690696492833154,0.19690696492833154
390,116,1.4016940946190735,0,0,0.05346635381933507,0.05346635381933507
126,117,1.1182559312509397,0,0,0.26338487133401717,0.26338487133401717
150,117,1.2103246214085674,0,0,0.2576402187563611,0.2576402187563611
152,117,0.33133708122874006,0,0,-0.045873257738689444,-0.045873257738689444
155,117,0.5441952636577255,0,0,-0.06804657060606634,-0.06804657060606634
166,117,1.3171604851504926,0,0,0.3142915916787855,0.3142915916787855
174,117,1.5217319458686924,46,-1,-0.1933392239260614,0.8066607760739386
175,117,1.1032582350982643,46,-1,-0.16439782159570582,0.8356021784042942
204,117,1.3360105588744413,46,-1,-0.18655447946715575,0.8134455205328442
220,117,0.8159387378983474,0,0,-0.007124910530530881,-0.007124910530530881
228,117,0.9506255136743763,0,0,0.23841057733897797,0.23841057733897797
234,117,1.1476366562261144,0,0,0.19233639073491393,0.19233639073491393
253,117,1.5097139670385828,46,-1,-0.20102824057353985,0.7989717594264601
254,117,1.4623220574581415,46,-1,-0.19073790142649627,0.8092620985735037
262,117,1.5472356533261744,46,-1,-0.10414592419010416,0.8958540758098958
272,117,1.5899464704382416,46,-1,-0.2130327769755046,0.7869672230244954
294,117,1.599065751427048,0,0,0.3976646649562062,0.3976646649562062
311,117,1.4154372213954018,0,0,0.30066943298974824,0.30066943298974824
336,117,1.5378504537870843,46,-1,-0.17100742895921828,0.8289925710407817
338,117,1.3898007774069518,46,-1,-0.17161003380016537,0.8283899661998346
363,117,1.0097531941204196,46,-1,-0.1613827226835689,0.8386172773164311
381,117,1.5083991035225994,46,-1,-0.1931866111184597,0.8068133888815403
393,117,1.5855703912062142,46,-1,-0.15076861640681127,0.8492313835931887
120,118,0.7070372102375388,0,0,0.05647685290265238,0.05647685290265238
122,118,0.9209428034476775,0,0,-0.058352821210005276,-0.058352821210005276
127,118,1.316209011543361,0,0,0.13180817412776563,0.13180817412776563
131,118,1.5448772081371187,0,0,-0.09454828352708536,-0.09454828352708536
142,118,1.1927430139511983,0,0,0.12179837313103,0.12179837313103
143,118,1.0375399002577008,0,0,-0.015223004490290723,-0.015223004490290723
151,118,0.21570900851810984,0,0,-0.0012399908177983532,-0.0012399908177983532
154,118,1.2960719821690911,0,0,-0.01892005670695103,-0.01892005670695103
162,118,0.9172309757108642,0,0,-0.06418851324999975,-0.06418851324999975
164,118,1.3303814948535577,0,0,0.04601122672672471,0.04601122672672471
176,118,1.5651250884874048,0,0,-0.11604118805979066,-0.11604118805979066
179,118,0.808139088571809,0,0,-0.018597724347521355,-0.018597724347521355
192,118,1.504565209770052,0,0,-0.07943581881354442,-0.07943581881354442
193,118,0.509703487657561,0,0,-0.00575075963722714,-0.00575075963722714
194,118,0.7951945042966336,0,0,-0.014121982947101153,-0.014121982947101153
197,118,1.141414677573725,0,0,0.01673629733318159,0.01673629733318159
200,118,1.1849721670936235,0,0,-0.017544508317390073,-0.017544508317390073
202,118,1.3795897449610997,0,0,-0.09460963212201284,-0.09460963212201284
205,118,0.9638769980765298,0,0,-0.024943307325402765,-0.024943307325402765
211,118,0.7261862333440591,0,0,-0.0210590536435745,-0.0210590536435745
215,118,1.5695257364914734,0,0,-0.08335153620679142,-0.08335153620679142
219,118,0.8101963329651627,0,0,-0.03229253079006525,-0.03229253079006525
229,118,1.2954340580749433,0,0,-0.0646247025418834,-0.0646247025418834
232,118,1.2644947356972371,0,0,0.07084941775583713,0.07084941775583713
238,118,0.19350012799939878,0,0,-0.0023416878726677387,-0.0023416878726677387
240,118,1.2797559268787293,0,0,-0.09234850543017026,-0.09234850543017026
243,118,1.532548403752593,0,0,-0.11320461408315803,-0.11320461408315803
246,118,1.4514746845710682,0,0,-0.07252324025590604,-0.07252324025590604
252,118,0.9847226881337694,0,0,-0.04405259293394284,-0.04405259293394284
255,118,1.4515156004111744,0,0,0.0724714198470257,0.0724714198470257
256,118,1.0221317057298147,0,0,0.0877772587412906,0.0877772587412906
268,118,1.1220461705819327,0,0,0.027278084032625827,0.027278084032625827
275,118,1.0112635317663201,0,0,0.008913126174742464,0.008913126174742464
277,118,0.8846657929736419,0,0,0.06870235907333035,0.06870235907333035
282,118,0.663034056637063,0,0,-0.0002669955173279087,-0.0002669955173279087
286,118,1.0130039870266971,0,0,0.03466540451319561,0.03466540451319561
287,118,1.2073120716641654,0,0,0.12795386496312933,0.12795386496312933
298,118,0.5811803048772295,0,0,-0.02087986980451577,-0.02087986980451577
302,118,0.8021449723630432,0,0,0.03190360613730031,0.03190360613730031
303,118,1.3452941225765422,0,0,-0.09485944431183019,-0.09485944431183019
305,118,1.3560577580272128,0,0,0.025902681208534867,0.025902681208534867
322,118,0.9779359816300836,0,0,-0.049692230514264954,-0.049692230514264954
326,118,1.5595719230322016,0,0,-0.14659401644554546,-0.14659401644554546
332,118,1.1993245978095364,0,0,0.14141304684205847,0.14141304684205847
334,118,0.9753591573529117,0,0,-0.01863060251925741,-0.01863060251925741
335,118,0.7454403519284888,0,0,0.0187806635314981,0.0187806635314981
340,118,1.4856261631507424,0,0,0.04636277328501784,0.04636277328501784
344,118,1.5611421870384332,0,0,0.030088173917019914,0.030088173917019914
353,118,0.633358535498038,0,0,-0.029093771036200027,-0.029093771036200027
354,118,1.3917320498516301,0,0,-0.013805227738903011,-0.013805227738903011
358,118,0.23642290877257702,0,0,0.005492483786111363,0.005492483786111363
359,118,1.5863437862971215,0,0,0.005816827686678724,0.005816827686678724
370,118,0.8453942677525234,0,0,-0.05479142732036779,-0.05479142732036779
373,118,1.596254784796089,0,0,-0.04389274506665776,-0.04389274506665776
374,118,1.0241284537336066,0,0,-0.07573697921531378,-0.07573697921531378
384,118,0.8689637171685799,0,0,-0.017330276140013028,-0.017330276140013028
385,118,0.46356785741879225,0,0,-0.009203830245481437,-0.009203830245481437
387,118,1.409957596869245,0,0,-0.023353241498919444,-0.023353241498919444
388,118,0.6522068279182622,0,0,-0.020337967012261676,-0.020337967012261676
390,118,0.9881163105076317,0,0,-0.03879299169594225,-0.03879299169594225
392,118,1.0455969666222487,0,0,0.02245595992147767,0.02245595992147767
395,118,1.4509417357609784,0,0,-0.057167821734741026,-0.057167821734741026
397,118,1.2148901769382388,0,0,0.03841325449557424,0.03841325449557424
122,119,1.5819988784697874,0,0,0.22733011569281977,0.22733011569281977
132,119,0.7999617420726838,0,0,0.12636299523614614,0.12636299523614614
147,119,0.9730006306163237,0,0,-0.055185691863581104,-0.055185691863581104
161,119,1.456425247182429,46,-1,-0.18202921548219342,0.8179707845178066
171,119,1.07093197459675,0,0,-0.21039693934130618,-0.21039693934130618
181,119,0.7105967270111461,0,0,-0.09399970799841326,-0.09399970799841326
240,119,1.1837866101160137,0,0,0.19333443147265478,0.19333443147265478
244,119,0.47415357652319723,0,0,0.06896837742121306,0.06896837742121306
267,119,1.5352648554027848,0,0,-0.018164730157987974,-0.018164730157987974
276,119,0.885566744095278,0,0,-0.1877812956518969,-0.1877812956518969
290,119,0.40079309704819316,0,0,0.052366774072227396,0.052366774072227396
303,119,1.4145806932486815,0,0,0.19082349259099488,0.19082349259099488
304,119,0.8358003428830509,0,0,-0.19308181332358101,-0.19308181332358101
312,119,0.5154553205676446,0,0,0.09131662849678562,0.09131662849678562
326,119,0.8468513733340364,0,0,0.1390889204572796,0.1390889204572796
374,119,1.3356690733428662,0,0,0.20994595768751126,0.20994595768751126
396,119,1.224774674376346,0,0,-0.2698409938863192,-0.2698409938863192
122,120,1.5292846404755127,0,0,-0.11482967411265765,-0.11482967411265765
127,120,1.3626566265097058,0,0,0.07533132122511324,0.07533132122511324
142,120,1.133855105725418,0,0,0.06532152022837762,0.06532152022837762
143,120,1.3070291952558923,0,0,-0.0716998573929431,-0.0716998573929431
145,120,1.2469792003282683,0,0,0.2719311417271999,0.2719311417271999
151,120,0.7340571483528606,0,0,-0.05771684372045073,-0.05771684372045073
154,120,1.5459359503032892,0,0,-0.07539690960960341,-0.07539690960960341
162,120,1.551699153735149,0,0,-0.12066536615265212,-0.12066536615265212
179,120,1.4191629915261983,0,0,-0.07507457725017373,-0.07507457725017373
193,120,0.91139243388079,0,0,-0.06222761253987952,-0.06222761253987952
194,120,1.1275226299573922,0,0,-0.07059883584975353,-0.07059883584975353
197,120,1.1820266649002982,0,0,-0.03974055556947079,-0.03974055556947079
205,120,1.2747300962567842,0,0,-0.08142016022805515,-0.08142016022805515
211,120,1.3400181572847027,0,0,-0.07753590654622688,-0.07753590654622688
219,120,1.2367660652764028,0,0,-0.08876938369271763,-0.08876938369271763
232,120,0.9219803134102172,0,0,0.01437256485318475,0.01437256485318475
238,120,0.8573311802302036,0,0,-0.058818540775320116,-0.058818540775320116
248,120,1.1359161878130697,0,0,0.2453118929783587,0.2453118929783587
255,120,1.1578861356785415,0,0,0.015994566944373317,0.015994566944373317
256,120,1.0182294409935269,0,0,0.03130040583863822,0.03130040583863822
258,120,1.282197483381408,0,0,0.1050901900738832,0.1050901900738832
268,120,1.1287730065975397,0,0,-0.02919876887002655,-0.02919876887002655
275,120,1.4175752680487794,0,0,-0.047563726727909914,-0.047563726727909914
277,120,0.332003494512165,0,0,0.012225506170677969,0.012225506170677969
282,120,0.9529793682924653,0,0,-0.056743848419980286,-0.056743848419980286
286,120,1.3169604429801636,0,0,-0.02181144838945677,-0.02181144838945677
287,120,0.5900566569063689,0,0,0.07147701206047694,0.07147701206047694
292,120,1.560529502378637,0,0,0.28262361972876154,0.28262361972876154
298,120,1.019737911900999,0,0,-0.07735672270716815,-0.07735672270716815
302,120,1.083955522141937,0,0,-0.024573246765352066,-0.024573246765352066
327,120,1.4124631345122087,0,0,0.18282943285791525,0.18282943285791525
332,120,0.5894515187047312,0,0,0.08493619393940607,0.08493619393940607
334,120,1.5639949192969904,0,0,-0.07510745542190979,-0.07510745542190979
335,120,1.1136380648310815,0,0,-0.03769618937115428,-0.03769618937115428
340,120,1.4102932248179105,0,0,-0.010114079617634539,-0.010114079617634539
353,120,1.1604435913017055,0,0,-0.0855706239388524,-0.0855706239388524
357,120,1.2449673802668544,0,0,0.23389091828693498,0.23389091828693498
358,120,0.6562140420267815,0,0,-0.050984369116541015,-0.050984369116541015
370,120,1.4950948909538677,0,0,-0.11126828022302017,-0.11126828022302017
374,120,1.5639995142818242,0,0,-0.13221383211796617,-0.13221383211796617
384,120,1.4379271416547257,0,0,-0.0738071290426654,-0.0738071290426654
385,120,1.1024665270824578,0,0,-0.06568068314813381,-0.06568068314813381
388,120,1.0979504135391078,0,0,-0.07681481991491405,-0.07681481991491405
392,120,1.0490633037971142,0,0,-0.03402089298117471,-0.03402089298117471
397,120,1.1627411989562637,0,0,-0.018063598407078135,-0.018063598407078135
125,121,0.7873928063818807,0,0,-0.1230955074332094,-0.1230955074332094
136,121,1.0739558286272823,0,0,-0.18697265401451588,-0.18697265401451588
144,121,1.456626275380054,0,0,0.2566819487165364,0.2566819487165364
146,121,0.6669596695353459,0,0,0.08890122315042512,0.08890122315042512
148,121,0.46126635510993486,0,0,0.02556937904363754,0.02556937904363754
153,121,1.0683870246030145,0,0,0.15735077814944629,0.15735077814944629
154,121,1.5856103874353622,0,0,-0.12694382991850983,-0.12694382991850983
156,121,0.9985943192939254,0,0,0.09728612061421785,0.09728612061421785
159,121,1.07474470337336,0,0,0.11055200175516547,0.11055200175516547
163,121,0.6831858714988536,0,0,-0.08885730308378355,-0.08885730308378355
168,121,1.346151702426068,0,0,0.18776675610038143,0.18776675610038143
175,121,1.5075974066567397,0,0,0.09968837904835151,0.09968837904835151
187,121,0.7391184383626523,0,0,-0.05040079850637108,-0.05040079850637108
195,121,1.3710458942920292,0,0,0.016459289498720275,0.016459289498720275
203,121,0.6806223684443379,0,0,-0.058950595807143805,-0.058950595807143805
206,121,0.6477804096695836,0,0,0.04970409125720429,0.04970409125720429
209,121,0.7040603608494432,0,0,0.014432000264420375,0.014432000264420375
212,121,1.1803758487300815,0,0,-0.011352548956543751,-0.011352548956543751
214,121,1.5969416958097105,0,0,-0.045148059196846946,-0.045148059196846946
222,121,1.2136183245498444,0,0,0.0739596454907078,0.0739596454907078
225,121,1.0350770628877712,0,0,-0.11710457420317517,-0.11710457420317517
233,121,0.8341147657822887,0,0,-0.14726175775562358,-0.14726175775562358
235,121,0.9512733098786721,0,0,-0.08457904786432223,-0.08457904786432223
239,121,0.34818469904243504,0,0,-0.03778404677318861,-0.03778404677318861
247,121,0.8962401532339433,0,0,-0.11733243777939079,-0.11733243777939079
268,121,1.5721448194638676,0,0,-0.08074568917893298,-0.08074568917893298
269,121,1.5047051817902697,0,0,0.2990333589001464,0.2990333589001464
272,121,1.5779713310571533,0,0,0.051053423668552755,0.051053423668552755
274,121,1.1134792566122091,0,0,0.05699572129734509,0.05699572129734509
278,121,1.5533210033065523,0,0,-0.030355855362383888,-0.030355855362383888
281,121,0.6689877625285157,0,0,0.05888373729110152,0.05888373729110152
288,121,1.0268388129084658,0,0,-0.08523359823252818,-0.08523359823252818
306,121,1.42534796946592,0,0,-0.017325519700673753,-0.017325519700673753
308,121,0.9720385811050805,0,0,0.05883016710199204,0.05883016710199204
313,121,0.7459236748698855,0,0,-0.09259423264184957,-0.09259423264184957
315,121,0.5077698218561731,0,0,0.04187916750691259,0.04187916750691259
324,121,1.422880790960166,0,0,-0.10913495801496263,-0.10913495801496263
325,121,1.4201340219783152,0,0,-0.1235959887466983,-0.1235959887466983
329,121,1.251995609013994,0,0,0.136505780849953,0.136505780849953
336,121,1.031617048751178,0,0,0.09307877168483905,0.09307877168483905
340,121,1.4257859400826185,0,0,-0.06166099992654096,-0.06166099992654096
344,121,1.061215589102379,0,0,-0.07793559929453889,-0.07793559929453889
352,121,1.42268489078506,0,0,-0.2585582827682781,-0.2585582827682781
366,121,1.2606247611733041,0,0,0.1695065425625301,0.1695065425625301
371,121,1.149891454603401,0,0,-0.007569372417697395,-0.007569372417697395
376,121,1.307961264813206,0,0,0.017661781352219075,0.017661781352219075
381,121,1.0392276098045,0,0,0.07089958952559763,0.07089958952559763
387,121,1.5077213830956828,0,0,-0.13137701471047825,-0.13137701471047825
392,121,1.5643876896523528,0,0,-0.08556781329008113,-0.08556781329008113
397,121,1.436901552378108,0,0,-0.06961051871598456,-0.06961051871598456
129,122,1.529056430446687,0,0,-0.01693730501821491,-0.01693730501821491
131,122,1.1272341138505104,0,0,-0.03619546231708007,-0.03619546231708007
132,122,1.0835764548423361,0,0,-0.10096712045667362,-0.10096712045667362
134,122,1.2719356942568374,0,0,-0.03405121023079388,-0.03405121023079388
143,122,1.2713518317294983,0,0,0.04312981671971455,0.04312981671971455
151,122,0.8931452833124391,0,0,0.05711283039220692,0.05711283039220692
154,122,1.487752923079837,0,0,0.039432764503054246,0.039432764503054246
162,122,0.4064878669847817,0,0,-0.005835692039994468,-0.005835692039994468
176,122,1.0986617086543142,0,0,-0.05768836684978537,-0.05768836684978537
179,122,1.041644358388808,0,0,0.03975509686248392,0.03975509686248392
192,122,1.1021423143066957,0,0,-0.021082997603539134,-0.021082997603539134
193,122,0.9281232845438727,0,0,0.052602061572778136,0.052602061572778136
194,122,1.0301085901206466,0,0,0.044230838262904124,0.044230838262904124
197,122,1.5873988415380003,0,0,0.07508911854318687,0.07508911854318687
200,122,1.4353959985893425,0,0,0.0408083128926152,0.0408083128926152
202,122,0.8132255440220922,0,0,-0.03625681091200756,-0.03625681091200756
205,122,1.064871763394616,0,0,0.03340951388460252,0.03340951388460252
211,122,0.9724015964357757,0,0,0.03729376756643078,0.03729376756643078
215,122,1.2327251497253697,0,0,-0.024998714996786135,-0.024998714996786135
219,122,0.687844644185462,0,0,0.02606029041994003,0.02606029041994003
229,122,0.8438316832485113,0,0,-0.006271881331878129,-0.006271881331878129
238,122,0.8955384145544405,0,0,0.05601113333733754,0.05601113333733754
240,122,0.5108850246105788,0,0,-0.03399568422016498,-0.03399568422016498
243,122,0.9161170618462045,0,0,-0.054851792873152755,-0.054851792873152755
244,122,1.313710698178754,0,0,-0.1583617382716067,-0.1583617382716067
246,122,0.9698752354860778,0,0,-0.014170419045900757,-0.014170419045900757
252,122,0.8201549314993498,0,0,0.014300228276062438,0.014300228276062438
270,122,1.139911294183086,0,0,-0.07994541999084727,-0.07994541999084727
275,122,1.5550465231083064,0,0,0.06726594738474774,0.06726594738474774
282,122,1.0608143133346208,0,0,0.05808582569267737,0.05808582569267737
290,122,1.4023155836389363,0,0,-0.17496334162059238,-0.17496334162059238
297,122,1.4354190783601979,0,0,-0.0747994279332687,-0.0747994279332687
298,122,0.773898674954523,0,0,0.03747295140548951,0.03747295140548951
302,122,1.4622148054644282,0,0,0.09025642734730559,0.09025642734730559
303,122,0.7116485565436597,0,0,-0.036506623101824905,-0.036506623101824905
309,122,1.3260819788344054,0,0,-0.06846160514010317,-0.06846160514010317
312,122,1.3137250993430598,0,0,-0.13601348719603415,-0.13601348719603415
322,122,0.6486446312009863,0,0,0.008660590695740322,0.008660590695740322
326,122,0.9351255769125913,0,0,-0.08824119523554018,-0.08824119523554018
334,122,1.2086716921555098,0,0,0.039722218690747865,0.039722218690747865
335,122,1.3804452365267317,0,0,0.07713348474150337,0.07713348474150337
353,122,0.5182037721318978,0,0,0.029259050173805253,0.029259050173805253
358,122,0.9893212935223334,0,0,0.06384530499611664,0.06384530499611664
364,122,1.5830881768684641,0,0,-0.05696928313473418,-0.05696928313473418
370,122,0.4234436904229931,0,0,0.0035613938896374847,0.0035613938896374847
374,122,0.25737376948026797,0,0,-0.0173841580053085,-0.0173841580053085
375,122,1.5080980949515475,0,0,-0.10074224087964433,-0.10074224087964433
384,122,1.2151289230124036,0,0,0.041022545069992256,0.041022545069992256
385,122,0.9057200180188326,0,0,0.04914899096452384,0.04914899096452384
387,122,1.550075153826133,0,0,0.03499957971108583,0.03499957971108583
388,122,0.8047357605918886,0,0,0.0380148541977436,0.0380148541977436
390,122,0.9249143174628414,0,0,0.019559829514063033,0.019559829514063033
395,122,1.3769351969384243,0,0,0.0011849994752642576,0.0011849994752642576
399,122,1.2261520877274956,0,0,-0.045265109092030326,-0.045265109092030326
128,123,1.1873900052070103,0,0,0.23600871701445578,0.23600871701445578
135,123,1.2910602851433983,46,-1,-0.2597141698384259,0.7402858301615741
158,123,0.8763823617216631,0,0,0.14057758769869083,0.14057758769869083
182,123,0.8912186463745435,0,0,-0.017906851286969394,-0.017906851286969394
186,123,1.5795088977342133,0,0,0.30358710840097747,0.30358710840097747
188,123,0.5167137318941385,0,0,0.0835678490635241,0.0835678490635241
189,123,1.3605295811174216,0,0,0.2762538348369015,0.2762538348369015
218,123,0.32722830847543827,0,0,-0.010206235068982883,-0.010206235068982883
234,123,1.4075340360905135,0,0,0.004388277161336718,0.004388277161336718
237,123,0.6892322416107712,0,0,0.09801432752571115,0.09801432752571115
251,123,0.7019111148780404,0,0,0.02491386801892226,0.02491386801892226
260,123,0.7038345190804245,0,0,-0.06455881630629778,-0.06455881630629778
262,123,1.4336792776294642,46,-1,-0.29209403776368137,0.7079059622363186
263,123,0.7767758298589117,0,0,0.062211829090469295,0.062211829090469295
271,123,1.5201728244259303,46,-1,-0.34448431577434935,0.6555156842256507
293,123,1.5380311277385208,0,0,0.2541659550947578,0.2541659550947578
307,123,1.2414061255482565,46,-1,-0.2508273576182982,0.7491726423817018
311,123,1.485926309403828,0,0,0.11272131941617103,0.11272131941617103
330,123,0.5322829116205327,0,0,-0.10679049055737455,-0.10679049055737455
339,123,1.145795825417697,0,0,0.22609191679254748,0.22609191679254748
347,123,0.5406730725011818,0,0,0.1279698697586083,0.1279698697586083
367,123,1.1200049784539328,0,0,0.06982149381748626,0.06982149381748626
379,123,1.57715425074198,46,-1,-0.3513063174213972,0.6486936825786028
383,123,1.1636857545128696,46,-1,-0.271582991750714,0.728417008249286
391,123,1.4418160685772619,46,-1,-0.23273426526703422,0.7672657347329658
127,124,1.3494146113539718,0,0,-0.33969392992954883,-0.33969392992954883
133,124,1.22492725247524,0,0,0.1551701687242455,0.1551701687242455
138,124,1.4018866775169523,0,0,-0.12957928267854107,-0.12957928267854107
142,124,1.5394628949324298,0,0,-0.3497037309262845,-0.3497037309262845
177,124,1.0219367121100114,0,0,-0.24497077618117868,-0.24497077618117868
185,124,0.8070068406300205,0,0,0.12974517797916796,0.12974517797916796
201,124,0.993747232785298,0,0,-0.11812466533123939,-0.11812466533123939
207,124,1.0996261504313796,0,0,-0.014053919017056993,-0.014053919017056993
216,124,0.9427163196915057,0,0,0.029679302921912454,0.029679302921912454
289,124,1.5689986649729644,1,1,0.266835981643179,-0.733164018356821
291,124,0.8355535144306326,0,0,0.19454190141858596,0.19454190141858596
301,124,0.20571799080660497,0,0,-0.04480315343504704,-0.04480315343504704
310,124,0.4653044341021437,0,0,0.029743279738583372,0.029743279738583372
314,124,1.2677180900137173,0,0,-0.3042942747235613,-0.3042942747235613
320,124,1.2445169061466894,0,0,0.2515614193028125,0.2515614193028125
333,124,1.5649237009468864,1,1,0.30647610771739653,-0.6935238922826035
337,124,0.7844963366055676,0,0,-0.11496487360657331,-0.11496487360657331
345,124,1.3945279476766783,0,0,0.13531484622917922,0.13531484622917922
349,124,0.393743946559761,0,0,0.049183493704670234,0.049183493704670234
350,124,1.553626046654639,1,1,0.3422545149397649,-0.6577454850602351
365,124,0.996763708682639,0,0,-0.15885398602635775,-0.15885398602635775
377,124,0.937268532670326,0,0,0.1324827312367557,0.1324827312367557
400,124,0.4051530497871735,0,0,0.05982497721980706,0.05982497721980706
136,125,0.3572818214263486,0,0,-0.06387714658130648,-0.06387714658130648
143,125,1.5743213612230655,0,0,-0.000151270268640126,-0.000151270268640126
146,125,1.3762803008901545,0,0,0.21199673058363452,0.21199673058363452
148,125,1.1877350489241565,0,0,0.14866488647684695,0.14866488647684695
154,125,1.4331674223047777,0,0,-0.003848322485300433,-0.003848322485300433
157,125,1.565784197121889,0,0,-0.17073318555253378,-0.17073318555253378
163,125,0.4802116328481061,0,0,0.03423820434942585,0.03423820434942585
172,125,1.3397765306998453,0,0,-0.18373168251595995,-0.18373168251595995
187,125,0.5600881547895795,0,0,0.07269470892683833,0.07269470892683833
195,125,1.304197405293201,0,0,0.13955479693192968,0.13955479693192968
203,125,0.8709764300001486,0,0,0.06414491162606559,0.06414491162606559
206,125,1.1481971564108209,0,0,0.1727995986904137,0.1727995986904137
209,125,1.378737332542915,0,0,0.13752750769762978,0.13752750769762978
214,125,1.2706801318942496,0,0,0.07794744823636246,0.07794744823636246
223,125,1.258917447770752,0,0,-0.1581606015310023,-0.1581606015310023
225,125,0.36500672978404985,0,0,0.005990933230034225,0.005990933230034225
233,125,0.3839395155565971,0,0,-0.024166250322414186,-0.024166250322414186
235,125,0.9387685196803439,0,0,0.03851645956888717,0.03851645956888717
236,125,0.8637220172900418,0,0,-0.08616408858234902,-0.08616408858234902
239,125,0.7337010684409379,0,0,0.0853114606600208,0.0853114606600208
247,125,0.7592020729724683,0,0,0.005763069653818613,0.005763069653818613
250,125,1.2028848193092379,0,0,-0.17794048521059602,-0.17794048521059602
261,125,1.5056261395186916,0,0,-0.04305013796849898,-0.04305013796849898
264,125,0.8913056968350349,0,0,-0.1272489546093581,-0.1272489546093581
266,125,1.2263942759005195,0,0,-0.13249087879034968,-0.13249087879034968
272,125,1.5405507102683453,0,0,0.17414893110176216,0.17414893110176216
278,125,1.2927213849315944,0,0,0.09273965207082552,0.09273965207082552
281,125,1.390003851104372,0,0,0.18197924472431093,0.18197924472431093
288,125,1.0633129129946615,0,0,0.037861909200681214,0.037861909200681214
295,125,1.3795337410094544,0,0,-0.1938639599374313,-0.1938639599374313
299,125,1.484662701420191,0,0,-0.1963456082933528,-0.1963456082933528
313,125,0.787920919307162,0,0,0.030501274791359827,0.030501274791359827
315,125,1.032110408562165,0,0,0.164974674940122,0.164974674940122
319,125,1.535963679548542,0,0,-0.2158801582312461,-0.2158801582312461
323,125,1.0205404581180355,0,0,-0.15854006070555107,-0.15854006070555107
324,125,0.850737690254961,0,0,0.013960549418246766,0.013960549418246766
325,125,0.7665261729054961,0,0,-0.0005004813134889055,-0.0005004813134889055
336,125,1.3529452860732667,0,0,0.21617427911804846,0.21617427911804846
342,125,1.2755204431042866,0,0,-0.16885288679606641,-0.16885288679606641
344,125,1.2066373623122821,0,0,0.04515990813867051,0.04515990813867051
352,125,0.8705697499366877,0,0,-0.13546277533506865,-0.13546277533506865
369,125,1.5423717865602,0,0,0.16786485205830107,0.16786485205830107
381,125,1.3216324809175952,0,0,0.19399509695880704,0.19399509695880704
387,125,1.294900717216856,0,0,-0.008281507277268847,-0.008281507277268847
397,125,1.5681359806325639,0,0,0.05348498871722484,0.05348498871722484
149,126,1.1632009139334494,0,0,0.043660936280078666,0.043660936280078666
150,126,0.17888555523183813,0,0,-0.005744652577656051,-0.005744652577656051
152,126,1.4370299479293758,0,0,-0.3092581290727066,-0.3092581290727066
155,126,1.0886032832958674,0,0,-0.3314314419400835,-0.3314314419400835
157,126,1.484996846213665,0,0,0.17870023503618232,0.17870023503618232
166,126,0.5600038649099246,0,0,0.05090672034476834,0.05090672034476834
172,126,1.2138765688549997,0,0,0.16570173807275618,0.16570173807275618
223,126,1.4425292695479286,0,0,0.19127281905771382,0.19127281905771382
226,126,1.3712034603031136,0,0,0.058341809759902385,0.058341809759902385
228,126,1.2566086758099446,0,0,-0.0249742939950392,-0.0249742939950392
245,126,0.9187446900427716,0,0,0.12273043498138739,0.12273043498138739
294,126,1.020055591515696,0,0,0.1342797936221891,0.1342797936221891
299,126,1.1297229939873223,0,0,0.1530878122953633,0.1530878122953633
323,126,1.5149394232508968,0,0,0.19089335988316503,0.19089335988316503
342,126,1.3434575578309436,0,0,0.1805805337926497,0.1805805337926497
394,126,1.387436390237376,46,-1,-0.1728023741354443,0.8271976258645557
138,127,0.9253545623087411,0,0,0.21011464725100779,0.21011464725100779
142,127,0.3022534229762816,0,0,-0.010009800996735624,-0.010009800996735624
151,127,1.524560308168093,0,0,-0.13304816494556398,-0.13304816494556398
164,127,0.8600810128067848,0,0,-0.08579694740104091,-0.08579694740104091
177,127,0.3766866776927923,0,0,0.09472315374837018,0.09472315374837018
179,127,1.1659793288215257,0,0,-0.15040589847528696,-0.15040589847528696
199,127,1.3726802331281234,0,0,0.025968330422631636,0.025968330422631636
200,127,1.2990123646951812,0,0,-0.1493526824451557,-0.1493526824451557
201,127,0.8834620410692858,0,0,0.22156926459830947,0.22156926459830947
211,127,1.1431403375430944,0,0,-0.15286722777134013,-0.15286722777134013
238,127,1.2270050889728261,0,0,-0.13414986200043336,-0.13414986200043336
249,127,1.4606002290790603,0,0,-0.05112397819305828,-0.05112397819305828
252,127,1.510920641911057,0,0,-0.17586076706170845,-0.17586076706170845
256,127,0.34609086390851224,0,0,-0.04403091538647502,-0.04403091538647502
275,127,0.9200906888640276,0,0,-0.12289504795302315,-0.12289504795302315
286,127,0.7549679879648437,0,0,-0.09714276961457001,-0.09714276961457001
292,127,1.2571756885271643,0,0,0.2072922985036483,0.2072922985036483
301,127,1.247754158981085,0,0,0.2948907764945018,0.2948907764945018
302,127,0.601478600881043,0,0,-0.0999045679904653,-0.0999045679904653
305,127,1.1892782485067905,0,0,-0.10590549291923075,-0.10590549291923075
310,127,1.4943200607086473,0,0,0.3694372096681322,0.3694372096681322
314,127,0.6844586299656208,0,0,0.035399655205987535,0.035399655205987535
322,127,1.5520303730946696,0,0,-0.18150040464203057,-0.18150040464203057
334,127,1.1908117524056498,0,0,-0.15043877664702304,-0.15043877664702304
335,127,0.7453839297627796,0,0,-0.11302751059626752,-0.11302751059626752
337,127,1.2542856407449197,0,0,0.22472905632297555,0.22472905632297555
349,127,1.5107539892639712,0,0,0.38887742363421907,0.38887742363421907
354,127,1.5435364443175652,0,0,-0.14561340186666863,-0.14561340186666863
357,127,1.5024761479104696,0,0,0.15855959706182174,0.15855959706182174
358,127,1.504281304322126,0,0,-0.12631569034165424,-0.12631569034165424
365,127,1.3544683150282777,0,0,0.1808399439031911,0.1808399439031911
384,127,1.1383195303416858,0,0,-0.14913845026777864,-0.14913845026777864
385,127,1.174498501384455,0,0,-0.14101200437324707,-0.14101200437324707
390,127,1.41219408565911,0,0,-0.17060116582370788,-0.17060116582370788
129,128,1.4894446974858553,0,0,0.1286430693281307,0.1286430693281307
157,128,1.4071933589376506,0,0,0.018128275782166497,0.018128275782166497
158,128,1.0782363899654717,0,0,-0.09543112931576495,-0.09543112931576495
178,128,1.0786748102569237,0,0,0.0975461548652755,0.0975461548652755
182,128,1.389823869791579,0,0,-0.25391556830142514,-0.25391556830142514
186,128,0.9802806603582953,0,0,0.06757839138652169,0.06757839138652169
188,128,0.9818600651691576,0,0,-0.15244086795093167,-0.15244086795093167
189,128,0.3239829578392114,0,0,0.04024511782244575,0.04024511782244575
218,128,1.3221227178279713,0,0,-0.24621495208343866,-0.24621495208343866
223,128,1.580821659194866,0,0,0.03070085980369798,0.03070085980369798
224,128,1.1918863096742804,0,0,0.1693802385853011,0.1693802385853011
234,128,1.5895140111649477,0,0,-0.23162043985311906,-0.23162043985311906
236,128,1.4501836304262188,0,0,0.10269737275235126,0.10269737275235126
237,128,1.1284593052438465,0,0,-0.13799438948874462,-0.13799438948874462
251,128,1.3898743702845613,0,0,-0.21109484899553352,-0.21109484899553352
257,128,1.1006505470080223,0,0,0.15418666498041964,0.15418666498041964
260,128,1.4028360952620371,0,0,-0.3005675333207536,-0.3005675333207536
263,128,1.09147161037022,0,0,-0.17379688792398648,-0.17379688792398648
266,128,1.305932620393019,0,0,0.056370582544350595,0.056370582544350595
293,128,0.6264446549438292,0,0,0.01815723808030205,0.01815723808030205
311,128,1.3035991732993208,0,0,-0.12328739759828475,-0.12328739759828475
321,128,1.1759878538127095,0,0,0.15761659605075845,0.15761659605075845
324,128,1.508977212087467,0,0,0.20282201075294704,0.20282201075294704
325,128,1.4801767388283258,0,0,0.18836098002121138,0.18836098002121138
328,128,0.9598167071231651,0,0,0.10759483312714992,0.10759483312714992
330,128,1.4909872437503566,0,0,-0.34279920757183036,-0.34279920757183036
339,128,0.9959932047914485,0,0,-0.0099168002219083,-0.0099168002219083
347,128,0.7411114340805517,0,0,-0.10803884725584748,-0.10803884725584748
354,128,1.5392955696702764,0,0,0.19012796781744787,0.19012796781744787
359,128,1.4556115935341973,0,0,0.2097500232430296,0.2097500232430296
367,128,1.5376748956381212,0,0,-0.16618722319696952,-0.16618722319696952
373,128,1.2263219938568872,0,0,0.16004045048969312,0.16004045048969312
158,129,1.5417581764193242,0,0,-0.22407419864389563,-0.22407419864389563
162,129,1.2369953268083531,0,0,0.011101612978220439,0.011101612978220439
164,129,1.3410550881255487,0,0,0.1213013529549449,0.1213013529549449
176,129,1.019548154806209,0,0,-0.04075106183157047,-0.04075106183157047
178,129,0.4320296286093765,0,0,-0.03109691446285519,-0.03109691446285519
179,129,0.9137396894563274,0,0,0.05669240188069883,0.05669240188069883
186,129,0.7447701861709707,0,0,-0.061064677941609004,-0.061064677941609004
189,129,1.1725329207680368,0,0,-0.08839795150568494,-0.08839795150568494
192,129,0.7099643496729755,0,0,-0.004145692585324229,-0.004145692585324229
200,129,0.7293835754593625,0,0,0.05774561791083011,0.05774561791083011
202,129,1.1254776590855837,0,0,-0.01931950589379265,-0.01931950589379265
211,129,0.9982393649278543,0,0,0.054231072584645684,0.054231072584645684
215,129,0.5729861068108794,0,0,-0.008061409978571228,-0.008061409978571228
224,129,0.8457912989869774,0,0,0.04073716925717042,0.04073716925717042
238,129,1.5023998369373275,0,0,0.07294843835555245,0.07294843835555245
243,129,1.2882919479027122,0,0,-0.037914487854937846,-0.037914487854937846
249,129,1.5309801258722486,0,0,0.15597432216292753,0.15597432216292753
252,129,0.7684979815986598,0,0,0.031237533294277347,0.031237533294277347
257,129,0.6867457591700902,0,0,0.025543595652288954,0.025543595652288954
270,129,1.3169244877568673,0,0,-0.06300811497263235,-0.06300811497263235
275,129,1.175516953827211,0,0,0.08420325240296266,0.08420325240296266
286,129,1.3644372392488457,0,0,0.1099555307414158,0.1099555307414158
297,129,1.1289767477195018,0,0,-0.0578621229150538,-0.0578621229150538
302,129,1.4518997807834697,0,0,0.1071937323655205,0.1071937323655205
303,129,1.4352009209089627,0,0,-0.019569318083609996,-0.019569318083609996
305,129,1.1443853441332792,0,0,0.10119280743675506,0.10119280743675506
320,129,1.5744726235080755,46,-1,-0.2016463504116528,0.7983536495883472
321,129,0.644364589912344,0,0,0.028973526722627773,0.028973526722627773
322,129,0.9703323283358042,0,0,0.02559789571395523,0.02559789571395523
328,129,0.5420318343437628,0,0,-0.02104823620098077,-0.02104823620098077
334,129,0.7912540375014488,0,0,0.056659523708962774,0.056659523708962774
335,129,1.3488621549797872,0,0,0.09407078975971829,0.09407078975971829
339,129,1.2349043234799544,0,0,-0.138559869550039,-0.138559869550039
346,129,0.8021668920729152,0,0,-0.09938456214100884,-0.09938456214100884
350,129,0.9558931349130918,0,0,-0.11095325477470044,-0.11095325477470044
354,129,0.8812302998556131,0,0,0.06148489848931717,0.06148489848931717
359,129,1.0406842803487348,0,0,0.08110695391489892,0.08110695391489892
364,129,0.6706244148440945,0,0,-0.04003197811651927,-0.04003197811651927
370,129,1.2023070074124576,0,0,0.020498698907852393,0.020498698907852393
373,129,0.7426216487992998,0,0,0.03139738116156243,0.03139738116156243
375,129,1.2871186015622218,0,0,-0.08380493586142941,-0.08380493586142941
384,129,0.935710523110494,0,0,0.05795985008820716,0.05795985008820716
385,129,1.2370193933943008,0,0,0.06608629598273875,0.06608629598273875
390,129,0.7265740820147824,0,0,0.03649713453227794,0.03649713453227794
399,129,0.7889397190369797,0,0,-0.02832780407381542,-0.02832780407381542
137,130,0.6805953401426974,0,0,0.018330481263219095,0.018330481263219095
144,130,1.4036980519907494,46,-1,-0.31553668053303596,0.684463319466964
149,130,0.6037568114485524,0,0,-0.0010866209914192348,-0.0010866209914192348
150,130,1.5829474340558476,0,0,-0.05049220984915395,-0.05049220984915395
170,130,0.40126140028695967,0,0,-0.013455985967341072,-0.013455985967341072
172,130,1.554008717086944,0,0,0.12095418080125826,0.12095418080125826
184,130,0.8408132792338837,0,0,0.037321909089522404,0.037321909089522404
191,130,1.1258104741494974,0,0,0.09887634346441573,0.09887634346441573
226,130,0.4153509958511232,0,0,0.013594252488404485,0.013594252488404485
230,130,1.4860141595226033,46,-1,-0.26232796751860166,0.7376720324813983
245,130,1.5756584610720834,0,0,0.07798287770988949,0.07798287770988949
250,130,0.948026215506055,0,0,0.12674537810662218,0.12674537810662218
264,130,1.5824843306689984,0,0,0.1774369087078601,0.1774369087078601
269,130,1.3828823344618084,46,-1,-0.2731852703494261,0.7268147296505739
283,130,1.4818367042871263,46,-1,-0.2623279675186011,0.7376720324813989
284,130,0.8816634948666833,46,-1,-0.15205130590214666,0.8479486940978533
285,130,0.5845872047958816,0,0,-0.08252709970392105,-0.08252709970392105
295,130,0.7278659667095846,0,0,0.1108219033797869,0.1108219033797869
299,130,1.4888860805719468,0,0,0.1083402550238654,0.1083402550238654
300,130,1.2853544370744026,0,0,-0.042314176836995426,-0.042314176836995426
319,130,0.6776290659402613,0,0,0.0888057050859721,0.0888057050859721
323,130,1.3262726228303914,0,0,0.14614580261166712,0.14614580261166712
341,130,1.532740648309617,0,0,0.07156286769157966,0.07156286769157966
352,130,1.206631937237152,0,0,0.16922308798214955,0.16922308798214955
362,130,1.0438119317310577,46,-1,-0.18745388276908537,0.8125461172309146
382,130,1.5864960700211204,0,0,0.01767309733217068,0.01767309733217068
394,130,1.1501327832068085,46,-1,-0.21754993140694212,0.7824500685930579
132,131,1.1156155973779873,0,0,-0.06477165813959354,-0.06477165813959354
134,131,0.28671035813392154,0,0,0.0021442520862861893,0.0021442520862861893
139,131,1.2212068262547595,0,0,-0.008183231937381154,-0.008183231937381154
143,131,1.0761405063167404,0,0,0.07932527903679462,0.07932527903679462
151,131,1.3672360807865658,0,0,0.093308292709287,0.093308292709287
154,131,1.172887897957086,0,0,0.07562822682013431,0.07562822682013431
162,131,1.53079709570531,0,0,0.030359770277085606,0.030359770277085606
169,131,1.2260134868305979,0,0,-0.09103920092054141,-0.09103920092054141
180,131,1.555852236758261,0,0,-0.09288025656329732,-0.09288025656329732
193,131,1.1691703532139597,0,0,0.0887975238898582,0.0887975238898582
194,131,1.0006404955974204,0,0,0.0804263005799842,0.0804263005799842
196,131,1.4601651496244958,0,0,-0.15242985306831733,-0.15242985306831733
197,131,1.3496116380234464,0,0,0.11128458086026694,0.11128458086026694
205,131,0.8420404042343541,0,0,0.06960497620168259,0.06960497620168259
210,131,1.4672245486915112,0,0,-0.20543403955462844,-0.20543403955462844
217,131,1.0184884422467577,0,0,-0.019428979567343865,-0.019428979567343865
219,131,0.7464984357207138,0,0,0.0622557527370201,0.0622557527370201
227,131,1.4516626262151038,0,0,-0.1479332753443828,-0.1479332753443828
229,131,0.2942816856635588,0,0,0.029923580985201943,0.029923580985201943
240,131,1.0472122002646254,0,0,0.0021997780969150865,0.0021997780969150865
242,131,0.7251824555382846,0,0,-0.06231677187152527,-0.06231677187152527
246,131,0.1707822191299029,0,0,0.022025043271179316,0.022025043271179316
259,131,1.4900512845031304,0,0,-0.14172776823220104,-0.14172776823220104
261,131,1.1449921786585944,0,0,0.03642641133693578,0.03642641133693578
267,131,1.26362671304246,0,0,-0.20929938353372768,-0.20929938353372768
268,131,1.4399218676118355,0,0,0.12182636755971119,0.12182636755971119
273,131,0.5574665811497189,0,0,-0.06129904013028257,-0.06129904013028257
282,131,1.1319206388705314,0,0,0.09428128800975744,0.09428128800975744
298,131,1.0007707597939044,0,0,0.07366841372256958,0.07366841372256958
309,131,0.30416697350327077,0,0,-0.032266142823023106,-0.032266142823023106
326,131,1.1249593882437683,0,0,-0.052045732918460104,-0.052045732918460104
331,131,1.2983574879965072,0,0,-0.08367109828365138,-0.08367109828365138
343,131,0.7644790309370237,0,0,-0.06851023264380801,-0.06851023264380801
353,131,0.9481446028547545,0,0,0.06545451249088532,0.06545451249088532
358,131,1.4213016669258334,0,0,0.10004076731319672,0.10004076731319672
370,131,1.5381809545435396,0,0,0.03975685620671755,0.03975685620671755
374,131,1.1720689519080947,0,0,0.01881130431177157,0.01881130431177157
378,131,1.5351751792557544,0,0,-0.2173351825195108,-0.2173351825195108
387,131,1.2550947617355204,0,0,0.0711950420281659,0.0711950420281659
388,131,0.9794608543543087,0,0,0.07421031651482368,0.07421031651482368
392,131,1.4915445422351672,0,0,0.11700424344856303,0.11700424344856303
395,131,0.8142948900611717,0,0,0.03738046179234433,0.03738046179234433
134,132,1.3910842649169222,0,0,0.06691591022587974,0.06691591022587974
147,132,1.0034782767919819,0,0,-0.18154868709972727,-0.18154868709972727
151,132,1.5958436652626442,0,0,0.15807995084888055,0.15807995084888055
162,132,1.3141543948434917,0,0,0.09513142841667915,0.09513142841667915
181,132,1.1452930558103416,0,0,-0.22036270323455942,-0.22036270323455942
202,132,1.4976959068860443,0,0,0.06471030954466606,0.06471030954466606
205,132,1.5937672995055077,0,0,0.13437663434127614,0.13437663434127614
219,132,1.2390366807995559,0,0,0.12702741087661365,0.12702741087661365
229,132,1.0543167864469984,0,0,0.0946952391247955,0.0946952391247955
240,132,0.6027042061237701,0,0,0.06697143623650864,0.06697143623650864
243,132,1.4435369972750332,0,0,0.04611532758352087,0.04611532758352087
244,132,0.7361725693706734,0,0,-0.05739461781493309,-0.05739461781493309
246,132,1.0587950650525217,0,0,0.08679670141077286,0.08679670141077286
267,132,1.2225221914862472,0,0,-0.1445277253941341,-0.1445277253941341
273,132,1.4298612062071945,0,0,0.0034726180093109793,0.0034726180093109793
276,132,1.4703624477488266,0,0,-0.3141442908880431,-0.3141442908880431
290,132,0.7654488569353121,0,0,-0.07399622116391875,-0.07399622116391875
298,132,1.4242050035013671,0,0,0.13844007186216312,0.13844007186216312
303,132,1.193755180825963,0,0,0.06446049735484871,0.06446049735484871
304,132,1.447979351305051,0,0,-0.3194448085597272,-0.3194448085597272
309,132,1.0445176551783941,0,0,0.03250551531657044,0.03250551531657044
312,132,0.5606573382119858,0,0,-0.03504636673936053,-0.03504636673936053
322,132,1.5897232043109957,0,0,0.10962771115241395,0.10962771115241395
326,132,0.1786763193487585,0,0,0.012725925221133444,0.012725925221133444
353,132,1.2372156880868825,0,0,0.13022617063047887,0.13022617063047887
370,132,1.3737848003068032,0,0,0.10452851434631111,0.10452851434631111
374,132,0.8795145639575657,0,0,0.08358296245136512,0.08358296245136512
388,132,1.483242147787192,0,0,0.13898197465441722,0.13898197465441722
138,133,1.1924321258640462,0,0,-0.28474945140278657,-0.28474945140278657
161,133,0.6896013137020536,0,0,-0.09438442516657841,-0.09438442516657841
171,133,1.2736423138651984,1,1,-0.12275214902569109,-1.122752149025691
176,133,1.4280962833611022,1,1,0.2572865391586494,-0.7427134608413506
177,133,1.5246167782380797,0,0,-0.4001409449054242,-0.4001409449054242
185,133,0.6990327364120761,0,0,-0.025424990745077536,-0.025424990745077536
201,133,1.0189860096905126,0,0,-0.2732948340554849,-0.2732948340554849
202,133,1.5574233080177582,1,1,0.2787180950964272,-0.7212819049035728
243,133,1.5053538284592372,1,1,0.260123113135282,-0.739876886864718
270,133,1.3576972787390804,1,1,0.23502948601758744,-0.7649705139824126
289,133,0.6631668981553483,1,1,0.11166581291893352,-0.8883341870810665
291,133,1.3829377165577001,0,0,0.03937173269434047,0.03937173269434047
292,133,1.2128914446423633,0,0,-0.28757180015014605,-0.28757180015014605
297,133,1.3262280138691254,1,1,0.24017547807516604,-0.759824521924834
301,133,1.375943327558882,0,0,-0.19997332215929253,-0.19997332215929253
303,133,1.5351382484018594,1,1,0.27846828290660985,-0.7215317170933901
310,133,0.8282300004909915,0,0,-0.12542688898566212,-0.12542688898566212
320,133,1.229091996363227,0,0,0.09639125057856701,0.09639125057856701
333,133,0.6691893080747822,1,1,0.15130593899315103,-0.848694061006849
345,133,0.2252762128243071,0,0,-0.019855322495066274,-0.019855322495066274
349,133,0.9690886384513695,0,0,-0.10598667501957526,-0.10598667501957526
350,133,1.4793084415007203,1,1,0.1870843462155194,-0.8129156537844806
375,133,1.1559799478039847,1,1,0.21423266512879047,-0.7857673348712095
377,133,0.3950208871881097,0,0,-0.022687437487489803,-0.022687437487489803
396,133,1.40738950217902,1,1,-0.1821962035707041,-1.182196203570704
399,133,1.557712360032494,1,1,0.2697097969164044,-0.7302902030835956
400,133,1.2471790392082736,0,0,-0.09534519150443843,-0.09534519150443843
139,134,0.9585552162659887,0,0,-0.010327484023667344,-0.010327484023667344
143,134,1.015432406742394,0,0,0.07718102695050844,0.07718102695050844
151,134,1.4677061443805064,0,0,0.0911640406230008,0.0911640406230008
154,134,1.0469478874311307,0,0,0.07348397473384813,0.07348397473384813
169,134,1.0646243020831696,0,0,-0.0931834530068276,-0.0931834530068276
180,134,1.3147306884577552,0,0,-0.09502450864958352,-0.09502450864958352
190,134,1.4889756867246065,0,0,-0.15685803666860698,-0.15685803666860698
193,134,1.2296502308243311,0,0,0.08665327180357202,0.08665327180357202
194,134,1.0120171700736238,0,0,0.078282048493698,0.078282048493698
196,134,1.3688019826416722,0,0,-0.1545741051546035,-0.1545741051546035
197,134,1.3061396381253363,0,0,0.10914032877398075,0.10914032877398075
205,134,0.8326266710173226,0,0,0.0674607241153964,0.0674607241153964
210,134,1.5321766270690313,0,0,-0.20757829164091463,-0.20757829164091463
217,134,0.7496056219464202,0,0,-0.021573231653630055,-0.021573231653630055
219,134,0.8511261508349511,0,0,0.06011150065073391,0.06011150065073391
227,134,1.361664052172612,0,0,-0.150077527430669,-0.150077527430669
229,134,0.4564095318924727,0,0,0.027779328898915753,0.027779328898915753
240,134,1.267866448612578,0,0,5.5526010628897254e-5,5.5526010628897254e-5
242,134,0.6185980749898107,0,0,-0.06446102395781146,-0.06446102395781146
246,134,0.3598837956960883,0,0,0.019880791184893123,0.019880791184893123
259,134,1.3642353704737868,0,0,-0.14387202031848723,-0.14387202031848723
261,134,0.9284206326308494,0,0,0.03428215925064959,0.03428215925064959
267,134,1.472852710601587,0,0,-0.21144363562001386,-0.21144363562001386
268,134,1.4038855318510686,0,0,0.11968211547342499,0.11968211547342499
273,134,0.5588354424561224,0,0,-0.06344329221656876,-0.06344329221656876
282,134,1.1692353667534698,0,0,0.09213703592347125,0.09213703592347125
288,134,1.5974342668402954,0,0,0.11519420641982978,0.11519420641982978
298,134,1.0850845053859013,0,0,0.07152416163628339,0.07152416163628339
309,134,0.49296373092050044,0,0,-0.03441039490930929,-0.03441039490930929
326,134,1.3905788280132005,0,0,-0.0541899850047463,-0.0541899850047463
331,134,1.0930426204409875,0,0,-0.08581535036993758,-0.08581535036993758
340,134,1.5761041342954947,0,0,0.138766804725817,0.138766804725817
343,134,0.6834603088995687,0,0,-0.07065448473009421,-0.07065448473009421
353,134,1.0674750469360361,0,0,0.06331026040459914,0.06331026040459914
358,134,1.5175879260407277,0,0,0.09789651522691052,0.09789651522691052
374,134,1.3616865687812783,0,0,0.016667052225485382,0.016667052225485382
378,134,1.5485853148746103,0,0,-0.219479434605797,-0.219479434605797
387,134,1.0964367571860827,0,0,0.06905078994187971,0.06905078994187971
388,134,1.0363517890892162,0,0,0.07206606442853748,0.07206606442853748
392,134,1.4672077908759191,0,0,0.11485999136227683,0.11485999136227683
395,134,0.635346847868468,0,0,0.03523620970605814,0.03523620970605814
397,134,1.5919119188354476,0,0,0.1308172859363734,0.1308172859363734
158,135,1.5213019649102404,1,1,0.40029175753711677,-0.5997082424628832
165,135,1.5414828833304097,0,0,-0.13242547926375633,-0.13242547926375633
188,135,1.5386197659663483,1,1,0.34328201890195,-0.65671798109805
199,135,1.0779138625078073,0,0,-0.1425674130403702,-0.1425674130403702
207,135,1.5527600240690669,0,0,0.15710426744949002,0.15710426744949002
218,135,1.3936888443827429,1,1,0.249507934769443,-0.750492065230557
221,135,1.2450210880653272,0,0,-0.18631745659910817,-0.18631745659910817
237,135,1.4407910567358522,1,1,0.35772849736413703,-0.642271502635863
241,135,0.6165980333499129,0,0,-0.11681404725789352,-0.11681404725789352
249,135,1.402582791240306,0,0,-0.21965972165606013,-0.21965972165606013
251,135,1.2106508014419324,1,1,0.28462803785734814,-0.7153719621426519
260,135,1.5149784018851882,1,1,0.1951553535321281,-0.8048446464678719
262,135,1.1400492215322682,0,0,-0.032379867925255545,-0.032379867925255545
271,135,0.396729207236758,0,0,-0.08477014593592347,-0.08477014593592347
279,135,1.0719469965725652,0,0,-0.16467552698270124,-0.16467552698270124
307,135,0.17854888151695136,0,0,0.00888681222012766,0.00888681222012766
317,135,0.9822592667464772,0,0,-0.08436626473284697,-0.08436626473284697
318,135,0.6516436373333782,0,0,-0.12581728121504293,-0.12581728121504293
330,135,1.3454101459228798,1,1,0.15292367928105133,-0.8470763207189487
338,135,1.5345607067921327,0,0,-0.09984397753531665,-0.09984397753531665
365,135,1.5303858030475788,0,0,0.012304200440189261,0.012304200440189261
367,135,1.447758985106304,1,1,0.32953566365591214,-0.6704643363440879
372,135,1.2378244036172483,0,0,-0.17614089673302946,-0.17614089673302946
379,135,0.47457751819640587,0,0,-0.0915921475829713,-0.0915921475829713
380,135,0.5840606938272964,0,0,-0.09440195791736089,-0.09440195791736089
383,135,0.6913040239210044,0,0,-0.011868821912288163,-0.011868821912288163
386,135,1.1897092332797328,0,0,-0.19569629817771325,-0.19569629817771325
389,135,0.9647813194588716,0,0,-0.1457675174411234,-0.1457675174411234
391,135,0.45487482975318966,0,0,0.026979904571391655,0.026979904571391655
393,135,1.2222437296079998,0,0,-0.07900256014196261,-0.07900256014196261
139,136,1.4276300718704786,0,0,-0.023782634661509428,-0.023782634661509428
143,136,1.5422351358198156,0,0,0.06372587631266635,0.06372587631266635
148,136,1.4179115584773798,0,0,0.21254203305815342,0.21254203305815342
154,136,1.3811997635857027,0,0,0.06002882409600605,0.06002882409600605
157,136,1.4268191414412785,0,0,-0.10685603897122731,-0.10685603897122731
163,136,0.6133704710911037,0,0,0.09811535093073233,0.09811535093073233
172,136,1.2019511847996078,0,0,-0.11985453593465346,-0.11985453593465346
184,136,1.599089532869827,0,0,-0.20348680764638932,-0.20348680764638932
187,136,0.9039363445143231,0,0,0.1365718555081448,0.1365718555081448
191,136,1.5048067049006184,0,0,-0.141932373271496,-0.141932373271496
203,136,0.9992015807349015,0,0,0.12802205820737209,0.12802205820737209
206,136,1.4740363014452866,0,0,0.23667674527172017,0.23667674527172017
209,136,1.5925455800810917,0,0,0.20140465427893625,0.20140465427893625
214,136,1.494526562744634,0,0,0.14182459481766893,0.14182459481766893
223,136,1.1075820704056993,0,0,-0.09428345494969582,-0.09428345494969582
225,136,0.5542718852947037,0,0,0.0698680798113407,0.0698680798113407
233,136,0.3744239373472734,0,0,0.0397108962588923,0.0397108962588923
235,136,0.9967902663571595,0,0,0.10239360615019365,0.10239360615019365
236,136,0.7476282532457952,0,0,-0.022286942001042538,-0.022286942001042538
239,136,0.9492814401029753,0,0,0.14918860724132726,0.14918860724132726
247,136,0.7650374353456509,0,0,0.06964021623512509,0.06964021623512509
250,136,0.937559313832214,0,0,-0.11406333862928954,-0.11406333862928954
261,136,1.3655864412180199,0,0,0.020827008612807507,0.020827008612807507
264,136,0.6749493725871599,0,0,-0.0633718080280516,-0.0633718080280516
266,136,1.1185828140128622,0,0,-0.06861373220904321,-0.06861373220904321
278,136,1.545931617485496,0,0,0.156616798652132,0.156616798652132
288,136,1.0985049180928637,0,0,0.10173905578198769,0.10173905578198769
294,136,1.5510933442924546,0,0,-0.15127648038522054,-0.15127648038522054
295,136,1.1281964513389917,0,0,-0.12998681335612483,-0.12998681335612483
299,136,1.3422628116570445,0,0,-0.13246846171204632,-0.13246846171204632
313,136,0.8676885951892532,0,0,0.0943784213726663,0.0943784213726663
315,136,1.3368759113921427,0,0,0.22885182152142847,0.22885182152142847
319,136,1.3167271623674894,0,0,-0.15200301164993962,-0.15200301164993962
323,136,0.806309322035828,0,0,-0.0946629141242446,-0.0946629141242446
324,136,0.9956126989083662,0,0,0.07783769599955324,0.07783769599955324
325,136,0.8553233333476293,0,0,0.06337666526781757,0.06337666526781757
342,136,1.124417787523051,0,0,-0.10497574021475993,-0.10497574021475993
344,136,1.2952858826618807,0,0,0.10903705471997699,0.10903705471997699
352,136,0.5686245889634979,0,0,-0.07158562875376218,-0.07158562875376218
387,136,1.2131305988479701,0,0,0.05559563930403764,0.05559563930403764
149,137,1.2601029475365544,0,0,-0.01941710225463833,-0.01941710225463833
170,137,0.3329150494128953,0,0,-0.03178646723056017,-0.03178646723056017
183,137,1.3837509399271588,0,0,0.043949453533725785,0.043949453533725785
184,137,0.20807085775590245,0,0,0.01899142782630331,0.01899142782630331
191,137,0.4798849615644728,0,0,0.08054586220119664,0.08054586220119664
226,137,1.0246542464055566,0,0,-0.00473622877481461,-0.00473622877481461
230,137,1.5862872564794348,46,-1,-0.28065844878182067,0.7193415512181793
250,137,1.0022454934567118,0,0,0.1084148968434031,0.1084148968434031
269,137,1.5846519158365981,46,-1,-0.2915157516126452,0.7084842483873548
283,137,1.579058561154785,46,-1,-0.2806584487818202,0.7193415512181798
284,137,1.3198305126203966,46,-1,-0.17038178716536578,0.8296182128346342
285,137,0.8293568023729061,0,0,-0.10085758096714015,-0.10085758096714015
295,137,0.6476443841455043,0,0,0.0924914221165678,0.0924914221165678
300,137,0.8431205203312958,0,0,-0.06064465810021452,-0.06064465810021452
319,137,0.29881686152794484,0,0,0.07047522382275301,0.07047522382275301
323,137,1.4981897518721945,0,0,0.12781532134844803,0.12781532134844803
341,137,0.8972511236827166,0,0,0.05323238642836056,0.05323238642836056
351,137,1.0856047900041346,0,0,0.05236273317493306,0.05236273317493306
352,137,1.1219630320728564,0,0,0.15089260671893046,0.15089260671893046
362,137,1.4082992222471662,46,-1,-0.2057843640323045,0.7942156359676955
382,137,1.0076759543438503,0,0,-0.0006573839310484164,-0.0006573839310484164
142,138,0.7763998149011249,0,0,-0.2201244482477434,-0.2201244482477434
161,138,0.9937093082457791,0,0,0.19036502623620816,0.19036502623620816
171,138,1.1930624133201295,1,1,0.1619973023770953,-0.8380026976229047
177,138,0.9233333793479502,0,0,-0.11539149350263761,-0.11539149350263761
185,138,1.570718067449873,0,0,0.25932446065770903,0.25932446065770903
201,138,0.40987047324802234,0,0,0.011454617347301688,0.011454617347301688
256,138,0.9991509045982832,0,0,-0.2541455626374828,-0.2541455626374828
292,138,0.44403498301754507,0,0,-0.002822348747359482,-0.002822348747359482
301,138,1.3996362334051566,0,0,0.08477612924349404,0.08477612924349404
302,138,1.3418395114824462,0,0,-0.3100192152414731,-0.3100192152414731
310,138,1.284481253154241,0,0,0.15932256241712445,0.15932256241712445
314,138,1.477544437413614,0,0,-0.17471499204502025,-0.17471499204502025
335,138,1.4840778809476627,0,0,-0.3231421578472753,-0.3231421578472753
345,138,1.1791393308312665,0,0,0.2648941289077203,0.2648941289077203
349,138,1.4874947717992644,0,0,0.1787627763832113,0.1787627763832113
357,138,0.9355070084951012,0,0,-0.05155505018918605,-0.05155505018918605
377,138,1.3561658825374339,0,0,0.26206201391529677,0.26206201391529677
396,138,1.0739622278878447,1,1,0.1025532478320823,-0.8974467521679177
143,139,0.9716638980321833,0,0,0.08750851097417578,0.08750851097417578
154,139,0.7552914325603766,0,0,0.08381145875751547,0.08381145875751547
160,139,1.5849556706717594,0,0,-0.18755222722922632,-0.18755222722922632
163,139,1.3062872768162017,0,0,0.12189798559224176,0.12189798559224176
169,139,1.157255679773909,0,0,-0.08285596898316025,-0.08285596898316025
180,139,0.961823180021275,0,0,-0.08469702462591618,-0.08469702462591618
183,139,1.145114846823602,0,0,-0.15474614727745742,-0.15474614727745742
184,139,1.5615270218986186,0,0,-0.1797041729848799,-0.1797041729848799
190,139,1.213276756037081,0,0,-0.14653055264493964,-0.14653055264493964
191,139,1.2499039714045534,0,0,-0.11814973860998657,-0.11814973860998657
193,139,1.4642681420630326,0,0,0.09698075582723936,0.09698075582723936
194,139,1.1889833177182985,0,0,0.08860953251736535,0.08860953251736535
196,139,1.5578513621038732,0,0,-0.14424662113093617,-0.14424662113093617
197,139,1.185834138617745,0,0,0.11946781279764809,0.11946781279764809
203,139,1.261570287216621,0,0,0.1518046928688815,0.1518046928688815
205,139,1.0508851317819758,0,0,0.07778820813906374,0.07778820813906374
213,139,1.1754509263344717,0,0,-0.1404007262383974,-0.1404007262383974
217,139,0.5465619541961859,0,0,-0.01124574762996271,-0.01124574762996271
219,139,1.3491292169691145,0,0,0.07043898467440125,0.07043898467440125
227,139,1.5369849038652394,0,0,-0.13975004340700165,-0.13975004340700165
229,139,1.2605775698757722,0,0,0.0381068129225831,0.0381068129225831
233,139,1.2532783207964373,0,0,0.06349353092040172,0.06349353092040172
235,139,1.0500677730545058,0,0,0.1261762408117031,0.1261762408117031
239,139,1.5409837526489816,0,0,0.1729712419028367,0.1729712419028367
242,139,1.1668121282037163,0,0,-0.05413353993414412,-0.05413353993414412
246,139,1.2516414619815726,0,0,0.030208275208560467,0.030208275208560467
247,139,1.0047599040830149,0,0,0.09342285089663452,0.09342285089663452
259,139,1.4509852704849417,0,0,-0.13354453629481988,-0.13354453629481988
261,139,0.32215169247766834,0,0,0.044609643274316935,0.044609643274316935
268,139,1.2739845670543701,0,0,0.13000959949709234,0.13000959949709234
273,139,1.3016793170697847,0,0,-0.05311580819290142,-0.05311580819290142
282,139,1.3497789194279777,0,0,0.1024645199471386,0.1024645199471386
288,139,0.968047578521961,0,0,0.12552169044349712,0.12552169044349712
298,139,1.4380479944545055,0,0,0.08185164565995073,0.08185164565995073
309,139,1.4341931661536003,0,0,-0.02408291088564195,-0.02408291088564195
313,139,1.1476869920381387,0,0,0.11816105603417573,0.11816105603417573
319,139,1.5622813343877309,0,0,-0.1282203769884302,-0.1282203769884302
331,139,1.0255418974778314,0,0,-0.07548786634627024,-0.07548786634627024
340,139,1.278488320350231,0,0,0.14909428874948435,0.14909428874948435
341,139,1.242011192579134,0,0,-0.14546321438282264,-0.14546321438282264
343,139,1.2445007769815608,0,0,-0.06032700070642687,-0.06032700070642687
344,139,1.1526505330241639,0,0,0.13281968938148642,0.13281968938148642
351,139,1.1891620437535007,0,0,-0.14633286763625014,-0.14633286763625014
352,139,1.41160047518463,0,0,-0.04780299409225275,-0.04780299409225275
353,139,1.540513189493092,0,0,0.07363774442826648,0.07363774442826648
382,139,1.4671419386339746,0,0,-0.19935298474223162,-0.19935298474223162
387,139,0.6487136458329827,0,0,0.07937827396554706,0.07937827396554706
388,139,1.339827873638525,0,0,0.08239354845220483,0.08239354845220483
392,139,1.3544761859001782,0,0,0.12518747538594419,0.12518747538594419
395,139,0.560320179553108,0,0,0.045563693729725484,0.045563693729725484
397,139,1.3849263709105597,0,0,0.14114476996004074,0.14114476996004074
145,140,1.046258312056054,46,-1,-0.16734448557764336,0.8326555144223566
147,140,1.1499821081565222,0,0,0.1633788910260982,0.1633788910260982
181,140,1.4283658361428033,0,0,0.12456487489126605,0.12456487489126605
198,140,0.793307978118647,0,0,0.14956908998938512,0.14956908998938512
208,140,0.33398853028461256,0,0,0.06212345328168589,0.06212345328168589
210,140,0.9617760964162742,0,0,0.20426519671079058,0.20426519671079058
231,140,1.4987421903152407,0,0,-0.0263794129640344,-0.0263794129640344
248,140,1.4048885055624898,46,-1,-0.19396373432648462,0.8060362656735154
258,140,1.5146731312354114,46,-1,-0.33418543723096006,0.6658145627690399
265,140,0.7284405508317452,0,0,0.06130815321635841,0.06130815321635841
267,140,0.8134169942326134,0,0,0.20039985273169134,0.20039985273169134
273,140,1.591163961353237,0,0,0.34840019613513645,0.34840019613513645
287,140,1.4816896115886953,46,-1,-0.3677986152443663,0.6322013847556337
296,140,0.2323814101092879,0,0,0.07651315673872688,0.07651315673872688
316,140,0.9346509940826965,0,0,0.02667197878177141,0.02667197878177141
327,140,1.274646219168478,46,-1,-0.25644619444692807,0.7435538055530719
332,140,1.5642344507259267,46,-1,-0.35433943336543716,0.6456605666345628
348,140,0.6292210759152218,0,0,-0.12316523188370593,-0.12316523188370593
355,140,0.6934453902062693,46,-1,-0.09422373637623527,0.9057762636237647
360,140,0.6187124082326819,0,0,0.09804966304786877,0.09804966304786877
378,140,1.0886488227615112,0,0,0.1923640537459082,0.1923640537459082
160,141,1.535476061010836,0,0,0.316876510733246,0.316876510733246
167,141,0.803511756254574,46,-1,-0.2768119334511152,0.7231880665488848
173,141,1.016198745819554,0,0,0.051791865096526724,0.051791865096526724
190,141,1.5989524054447286,0,0,0.3578981853175327,0.3578981853175327
196,141,1.5657281833253667,0,0,0.36018211683153617,0.36018211683153617
198,141,1.5976652657592227,0,0,0.2524818236238196,0.2524818236238196
208,141,1.5159585676485359,0,0,0.16503618691612038,0.16503618691612038
212,141,1.2351186867420882,46,-1,-0.29616852231804613,0.7038314776819539
222,141,1.403433781172452,46,-1,-0.21085632787079456,0.7891436721292054
227,141,1.4977824891576406,0,0,0.3646786945554707,0.3646786945554707
231,141,0.4028432710339808,0,0,0.07653332067040008,0.07653332067040008
232,141,1.3949031104970633,46,-1,-0.321990328817224,0.678009671182776
255,141,1.243455087673836,46,-1,-0.32036832672603544,0.6796316732739646
258,141,1.0431031318596542,46,-1,-0.23127270359652563,0.7687272964034744
259,141,1.583186356507164,0,0,0.37088420166765246,0.37088420166765246
265,141,1.1852440481336322,0,0,0.1642208868507929,0.1642208868507929
274,141,1.454606880869747,46,-1,-0.22782025206415724,0.7721797479358428
280,141,1.5987598731391495,0,0,0.09308778984996041,0.09308778984996041
306,141,1.052809926925986,46,-1,-0.3021414930621761,0.6978585069378239
316,141,0.9274401278192358,0,0,0.1295847124162059,0.1295847124162059
327,141,1.0607994465753892,46,-1,-0.15353346081249353,0.8464665391875065
340,141,1.3371205144103533,46,-1,-0.3464769732880433,0.6535230267119567
348,141,1.525357019434643,0,0,-0.020252498249271444,-0.020252498249271444
356,141,0.9822336347939539,0,0,0.26907482343707806,0.26907482343707806
360,141,1.357258381619417,0,0,0.20096239668230326,0.20096239668230326
361,141,1.1840011406455442,0,0,0.2736800901313343,0.2736800901313343
368,141,0.9626831243526599,0,0,0.27464059333607127,0.27464059333607127
371,141,1.294533045874582,46,-1,-0.2923853457791997,0.7076146542208003
376,141,1.1247246104397457,46,-1,-0.26715419200928325,0.7328458079907167
378,141,1.405591835145298,0,0,0.2952767873803427,0.2952767873803427
397,141,1.5860583515503826,46,-1,-0.3544264920774869,0.6455735079225131
151,142,1.392934989979956,0,0,-0.12303836394882835,-0.12303836394882835
161,142,1.5665971855707392,0,0,0.41048947448395157,0.41048947448395157
164,142,1.0716985207564567,0,0,-0.07578714640430528,-0.07578714640430528
177,142,0.612019236293759,0,0,0.1047329547451058,0.1047329547451058
179,142,1.226111234284535,0,0,-0.14039609747855136,-0.14039609747855136
200,142,1.4456843390781318,0,0,-0.13934288144842005,-0.13934288144842005
201,142,0.8705435122926194,0,0,0.2315790655950451,0.2315790655950451
211,142,1.1782492746745836,0,0,-0.1428574267746045,-0.1428574267746045
238,142,1.1425955041181726,0,0,-0.12414006100369773,-0.12414006100369773
252,142,1.555895681861568,0,0,-0.16585096606497285,-0.16585096606497285
256,142,0.23232674557326816,0,0,-0.0340211143897394,-0.0340211143897394
275,142,1.0571018074519327,0,0,-0.11288524695628753,-0.11288524695628753
277,142,1.4625815985833484,0,0,-0.05309601405769965,-0.05309601405769965
286,142,0.8889150569381219,0,0,-0.08713296861783439,-0.08713296861783439
287,142,1.5642606198647324,0,0,0.006155491832099319,0.006155491832099319
292,142,1.0421486397905702,0,0,0.21730209950038393,0.21730209950038393
301,142,1.4613250355779788,0,0,0.30490057749123745,0.30490057749123745
302,142,0.6398562458429118,0,0,-0.08989476699372968,-0.08989476699372968
305,142,1.377099851964832,0,0,-0.09589569192249513,-0.09589569192249513
314,142,0.9749956766374254,0,0,0.04540945620272316,0.04540945620272316
322,142,1.5568243590620634,0,0,-0.17149060364529495,-0.17149060364529495
332,142,1.4384562776819851,0,0,0.019614673711028457,0.019614673711028457
334,142,1.2956450487270763,0,0,-0.1404289756502874,-0.1404289756502874
335,142,0.7922501692377573,0,0,-0.1030177095995319,-0.1030177095995319
337,142,1.5324597018552881,0,0,0.23473885731971117,0.23473885731971117
357,142,1.214217570898066,0,0,0.16856939805855736,0.16856939805855736
358,142,1.3659081061511547,0,0,-0.11630588934491863,-0.11630588934491863
370,142,1.5731517129404913,0,0,-0.1765898004513978,-0.1765898004513978
384,142,1.2273832087277936,0,0,-0.13912864927104301,-0.13912864927104301
385,142,1.1536811245255054,0,0,-0.13100220337651142,-0.13100220337651142
390,142,1.473897200106193,0,0,-0.16059136482697223,-0.16059136482697223
396,142,1.5642775513058265,1,1,0.32267769607982577,-0.6773223039201742
151,143,0.8335881098977433,0,0,0.01398301367249237,0.01398301367249237
154,143,0.27419741276575543,0,0,-0.003697052216660307,-0.003697052216660307
162,143,1.5388896368756597,0,0,-0.04896550875970902,-0.04896550875970902
163,143,1.1906970698300863,0,0,0.03438947461806598,0.03438947461806598
167,143,1.4285306374260307,0,0,0.1312508176122367,0.1312508176122367
179,143,1.5853333961661216,0,0,-0.003374719857230632,-0.003374719857230632
193,143,0.5390006520116647,0,0,0.009472244853063583,0.009472244853063583
194,143,0.28321311217283024,0,0,0.0011010215431895704,0.0011010215431895704
197,143,0.40717980770765844,0,0,0.031959301823472314,0.031959301823472314
203,143,1.109614693030721,0,0,0.06429618189470572,0.06429618189470572
205,143,0.27364994640378815,0,0,-0.009720302835112042,-0.009720302835112042
211,143,1.5461267260267342,0,0,-0.0058360491532837774,-0.0058360491532837774
212,143,1.3744693317352246,0,0,0.11189422874530577,0.11189422874530577
217,143,1.2366082993119998,0,0,-0.0987542586041385,-0.0987542586041385
219,143,0.6603288075363163,0,0,-0.017069526299774526,-0.017069526299774526
229,143,0.9516246985294265,0,0,-0.04940169805159268,-0.04940169805159268
232,143,0.9874923338553561,0,0,0.08607242224612785,0.08607242224612785
233,143,1.2958421982222648,0,0,-0.02401498005377406,-0.02401498005377406
235,143,0.8188742532922753,0,0,0.038667729837527295,0.038667729837527295
238,143,1.1448319013879373,0,0,0.012881316617622984,0.012881316617622984
239,143,1.4184526427906028,0,0,0.08546273092866091,0.08546273092866091
240,143,1.5677328892782703,0,0,-0.07712550093987955,-0.07712550093987955
242,143,1.440702913815428,0,0,-0.14164205090831988,-0.14164205090831988
246,143,1.0555023225254052,0,0,-0.05730023576561531,-0.05730023576561531
247,143,0.9968934515934317,0,0,0.005914339922458739,0.005914339922458739
255,143,1.0166983277574382,0,0,0.08769442433731642,0.08769442433731642
258,143,1.4227326502411286,0,0,0.1767900474668263,0.1767900474668263
261,143,0.6618292336798004,0,0,-0.04289886769985885,-0.04289886769985885
268,143,0.48127974944427787,0,0,0.04250108852291655,0.04250108852291655
273,143,1.4019169714596298,0,0,-0.14062431916707718,-0.14062431916707718
277,143,1.1813099633440338,0,0,0.08392536356362107,0.08392536356362107
282,143,0.3973892090087432,0,0,0.014956008972962814,0.014956008972962814
287,143,1.5528438489620142,0,0,0.14317686945342004,0.14317686945342004
288,143,0.810681119969651,0,0,0.03801317946932134,0.03801317946932134
298,143,0.5900819152396878,0,0,-0.005656865314225046,-0.005656865314225046
306,143,1.2578941453938977,0,0,0.10592125800117577,0.10592125800117577
309,143,1.3558500775290725,0,0,-0.11159142185981774,-0.11159142185981774
313,143,1.0794373493636114,0,0,0.030652545059999953,0.030652545059999953
340,143,0.7550609748190275,0,0,0.06158577777530856,0.06158577777530856
343,143,1.4968467910435326,0,0,-0.14783551168060266,-0.14783551168060266
344,143,0.7800588209193499,0,0,0.04531117840731064,0.04531117840731064
353,143,0.802026039487898,0,0,-0.013870766545909304,-0.013870766545909304
358,143,0.8344454388075592,0,0,0.020715488276402086,0.020715488276402086
370,143,1.483326821517355,0,0,-0.03956842283007707,-0.03956842283007707
371,143,1.3793925564808922,0,0,0.11567740528415213,0.11567740528415213
374,143,1.4497709961346499,0,0,-0.060513974725023054,-0.060513974725023054
376,143,1.5722294156441683,0,0,0.1409085590540686,0.1409085590540686
384,143,1.596392944432008,0,0,-0.0021072716497223046,-0.0021072716497223046
385,143,1.3116354212751637,0,0,0.006019174244809286,0.006019174244809286
387,143,0.43337007530844124,0,0,-0.008130237008628721,-0.008130237008628721
388,143,0.5057789889704104,0,0,-0.005114962521970953,-0.005114962521970953
392,143,0.5157405249101493,0,0,0.03767896441176839,0.03767896441176839
395,143,0.5133499775344226,0,0,-0.0419448172444503,-0.0419448172444503
397,143,0.6521458939342606,0,0,0.053636258985864965,0.053636258985864965
146,144,0.9910578196008968,0,0,-0.1677807255661113,-0.1677807255661113
148,144,1.4547655327172202,0,0,-0.23111256967289887,-0.23111256967289887
149,144,1.2023088618436781,1,1,0.31445005954161676,-0.6855499404583832
153,144,0.6476552116311471,0,0,-0.09933117056709012,-0.09933117056709012
156,144,1.2363174239400783,0,0,-0.15939582810231856,-0.15939582810231856
159,144,1.1711011145227521,0,0,-0.14612994696137094,-0.14612994696137094
168,144,0.3293193639682661,0,0,-0.06891519261615497,-0.06891519261615497
170,144,1.529891874506027,1,1,0.30208069456569486,-0.6979193054343051
206,144,1.3273171604171499,0,0,-0.20697785745933212,-0.20697785745933212
226,144,1.460128021963104,1,1,0.3291309330214405,-0.6708690669785595
230,144,0.8539417785927998,0,0,0.05320871301443436,0.05320871301443436
269,144,0.5813565965465386,0,0,0.04235141018360994,0.04235141018360994
281,144,1.2520839842052527,0,0,-0.19779821142543488,-0.19779821142543488
283,144,0.8720395951048826,0,0,0.053208713014434916,0.053208713014434916
284,144,0.7198379658627665,0,0,0.1634853746308893,0.1634853746308893
285,144,1.0844142150391458,1,1,0.23300958082911494,-0.7669904191708851
315,144,1.1962860805755995,0,0,-0.21480278120962382,-0.21480278120962382
329,144,1.2705953061606157,0,0,-0.12017616786658342,-0.12017616786658342
336,144,1.252722759978596,0,0,-0.16360317703169736,-0.16360317703169736
362,144,0.6380044753848501,0,0,0.1280827977639506,0.1280827977639506
366,144,0.8856714453792501,0,0,-0.08717540615400632,-0.08717540615400632
381,144,1.4350873833683178,0,0,-0.18578235919093877,-0.18578235919093877
394,144,0.4944990824587579,0,0,0.09798674912609384,0.09798674912609384
147,145,1.3823997424260992,1,1,0.3307233766037416,-0.6692766233962584
181,145,1.2988939216637192,1,1,0.29190936046890936,-0.7080906395310906
208,145,1.2675108832761164,1,1,0.22946793885932926,-0.7705320611406707
232,145,1.4502689440179755,0,0,-0.2575585768740152,-0.2575585768740152
248,145,0.36419476001552437,0,0,-0.026619248748841196,-0.026619248748841196
258,145,1.3974369145148677,0,0,-0.1668409516533167,-0.1668409516533167
265,145,1.5605332205966866,1,1,0.22865263879400177,-0.7713473612059982
267,145,1.4696375352530326,1,1,0.36774433830933473,-0.6322556616906653
276,145,1.0461515291427879,1,1,0.19812777281542582,-0.8018722271845742
277,145,1.1283509997619074,0,0,-0.25970563555652193,-0.25970563555652193
287,145,0.7168985859737104,0,0,-0.20045412966672296,-0.20045412966672296
296,145,1.2165717088634875,1,1,0.2438576423163703,-0.7561423576836297
304,145,1.111886701369335,1,1,0.19282725514374166,-0.8071727448562583
327,145,1.2172799116427941,0,0,-0.08910170886928465,-0.08910170886928465
332,145,0.692073891997127,0,0,-0.18699494778779382,-0.18699494778779382
348,145,0.832958244783431,1,1,0.04417925369393738,-0.9558207463060626
355,145,0.4993527297395073,0,0,0.07312074920140804,0.07312074920140804
357,145,1.1713203825790621,0,0,-0.03804022344026492,-0.03804022344026492
360,145,1.543402262094593,1,1,0.26539414862551214,-0.7346058513744879
396,145,1.494281400253883,1,1,0.11606807458100343,-0.8839319254189966
148,146,0.5314460056926767,0,0,-0.06333184410678758,-0.06333184410678758
153,146,0.4673904023207098,0,0,0.06844955499902117,0.06844955499902117
156,146,0.542450328538788,0,0,0.008384897463792729,0.008384897463792729
159,146,0.5348601486994815,0,0,0.02165077860474035,0.02165077860474035
163,146,1.2931088805812154,0,0,-0.17775852623420868,-0.17775852623420868
168,146,0.77479239801143,0,0,0.09886553294995631,0.09886553294995631
175,146,1.5938048608028763,0,0,0.010787155897926393,0.010787155897926393
187,146,1.3122223980989116,0,0,-0.1393020216567962,-0.1393020216567962
203,146,1.1782948960733024,0,0,-0.14785181895756894,-0.14785181895756894
206,146,0.725794257220497,0,0,-0.03919713189322083,-0.03919713189322083
209,146,0.7719814892326307,0,0,-0.07446922288600474,-0.07446922288600474
212,146,1.339749405963938,0,0,-0.10025377210696887,-0.10025377210696887
222,146,1.0708755950788553,0,0,-0.01494157765971732,-0.01494157765971732
230,146,1.1352713927253149,0,0,0.22098943858054565,0.22098943858054565
233,146,1.402687001383907,0,0,-0.2361629809060487,-0.2361629809060487
235,146,1.4801835814984279,0,0,-0.17348027101474733,-0.17348027101474733
239,146,0.9016246336732305,0,0,-0.12668526992361373,-0.12668526992361373
247,146,1.4236981471151036,0,0,-0.2062336609298159,-0.2062336609298159
269,146,1.006785111720538,0,0,0.21013213574972123,0.21013213574972123
274,146,1.0052851206557953,0,0,-0.031905501853080026,-0.031905501853080026
281,146,0.3717366616491535,0,0,-0.030017485859323595,-0.030017485859323595
283,146,1.1648451845738852,0,0,0.2209894385805462,0.2209894385805462
284,146,1.5131606126577324,0,0,0.3312661001970006,0.3312661001970006
285,146,1.599501268716453,1,1,0.4007903063952263,-0.5992096936047737
288,146,1.501717560384758,0,0,-0.1741348213829533,-0.1741348213829533
308,146,0.8120609241755962,0,0,-0.030071056048433076,-0.030071056048433076
313,146,1.2580897156269777,0,0,-0.1814954557922747,-0.1814954557922747
315,146,0.5926339726588237,0,0,-0.04702205564351253,-0.04702205564351253
329,146,0.760536892160419,0,0,0.04760455769952787,0.04760455769952787
336,146,1.0050994904581247,0,0,0.004177548534413933,0.004177548534413933
344,146,1.5239487741915365,0,0,-0.166836822444964,-0.166836822444964
362,146,1.4079914828770574,0,0,0.2958635233300619,0.2958635233300619
366,146,0.6967027364521664,0,0,0.08060531941210497,0.08060531941210497
371,146,1.3257224451320535,0,0,-0.09647059556812251,-0.09647059556812251
376,146,1.3558479006954876,0,0,-0.07123944179820604,-0.07123944179820604
381,146,1.105018673803375,0,0,-0.018001633624827484,-0.018001633624827484
394,146,1.402980575484742,0,0,0.26576747469220513,0.26576747469220513
181,147,0.5164116433510849,0,0,-0.03881401613483215,-0.03881401613483215
198,147,1.529800276515293,0,0,-0.013809801036713087,-0.013809801036713087
208,147,1.4498066333183812,0,0,-0.10125543774441231,-0.10125543774441231
210,147,1.5127843350916472,0,0,0.04088630568469237,0.04088630568469237
240,147,1.556134446019252,0,0,0.24852012333623588,0.24852012333623588
244,147,1.3392370564772338,0,0,0.12415406928479417,0.12415406928479417
248,147,1.5660235202407555,46,-1,-0.35734262535258277,0.6426573746474172
267,147,0.6777165826072464,0,0,0.03702096170559313,0.03702096170559313
276,147,1.0603265500269246,0,0,-0.1325956037883158,-0.1325956037883158
290,147,1.2923253974136764,0,0,0.1075524659358085,0.1075524659358085
296,147,1.2745724885676655,0,0,-0.08686573428737132,-0.08686573428737132
304,147,1.0582270604713315,0,0,-0.1378961214599999,-0.1378961214599999
309,147,1.4291545385387963,0,0,0.2140542024162977,0.2140542024162977
312,147,1.2198803563606797,0,0,0.14650232036036673,0.14650232036036673
326,147,1.1695875956932509,0,0,0.19427461232086068,0.19427461232086068
355,147,1.0869994070494386,46,-1,-0.25760262740233353,0.7423973725976665
360,147,1.596750099211126,0,0,-0.06532922797822943,-0.06532922797822943
153,148,0.9975722093639725,0,0,0.13178139910580874,0.13178139910580874
156,148,0.6063955566092584,0,0,0.0717167415705803,0.0717167415705803
159,148,0.710059634984645,0,0,0.08498262271152793,0.08498262271152793
163,148,0.9381185074810321,0,0,-0.11442668212742109,-0.11442668212742109
167,148,1.4441174269084256,0,0,-0.01756533913325037,-0.01756533913325037
168,148,1.2622725949077782,0,0,0.1621973770567439,0.1621973770567439
187,148,1.187272930366125,0,0,-0.07597017755000862,-0.07597017755000862
197,148,1.5664369266372413,0,0,-0.11685685492201475,-0.11685685492201475
203,148,0.709896093344575,0,0,-0.08451997485078135,-0.08451997485078135
206,148,0.9163758559961752,0,0,0.02413471221356675,0.02413471221356675
209,148,0.296192540156834,0,0,-0.011137378779217166,-0.011137378779217166
212,148,0.8515832433364937,0,0,-0.03692192800018129,-0.03692192800018129
222,148,0.7647610999004697,0,0,0.04839026644707026,0.04839026644707026
225,148,1.47069934791893,0,0,-0.1426739532468127,-0.1426739532468127
230,148,1.4070948020846143,0,0,0.28432128268733325,0.28432128268733325
233,148,1.1140152755765818,0,0,-0.17283113679926113,-0.17283113679926113
235,148,1.0072673332703073,0,0,-0.11014842690795977,-0.11014842690795977
239,148,0.5108202994814607,0,0,-0.06335342581682615,-0.06335342581682615
247,148,1.0151255408507411,0,0,-0.14290181682302833,-0.14290181682302833
255,148,1.560108280142398,0,0,-0.06112173240817065,-0.06112173240817065
268,148,1.5265451741978355,0,0,-0.10631506822257052,-0.10631506822257052
269,148,1.3507609280966053,0,0,0.27346397985650883,0.27346397985650883
274,148,0.6666960644713451,0,0,0.03142634225370755,0.03142634225370755
281,148,0.29474388862912054,0,0,0.03331435824746398,0.03331435824746398
283,148,1.433061063161113,0,0,0.2843212826873338,0.2843212826873338
288,148,1.0190533511799689,0,0,-0.11080297727616573,-0.11080297727616573
306,148,1.1362928625836852,0,0,-0.042894898744311294,-0.042894898744311294
308,148,0.5156905528064356,0,0,0.0332607880583545,0.0332607880583545
313,148,0.8265992067254471,0,0,-0.11816361168548711,-0.11816361168548711
315,148,0.7869267574376809,0,0,0.01630978846327505,0.01630978846327505
329,148,0.8580976653369925,0,0,0.11093640180631545,0.11093640180631545
336,148,1.3139668749171165,0,0,0.06750939264120151,0.06750939264120151
340,148,1.2843463818170575,0,0,-0.0872303789701785,-0.0872303789701785
344,148,1.0063503637726656,0,0,-0.10350497833817643,-0.10350497833817643
366,148,0.980717481743413,0,0,0.14393716351889255,0.14393716351889255
371,148,0.8334289405118862,0,0,-0.03313875146133494,-0.03313875146133494
376,148,0.9216252359124584,0,0,-0.007907597691418466,-0.007907597691418466
381,148,1.3525709896203206,0,0,0.04533021048196009,0.04533021048196009
387,148,1.5586460219587244,0,0,-0.1569463937541158,-0.1569463937541158
392,148,1.5378758360324076,0,0,-0.11113719233371867,-0.11113719233371867
397,148,1.3748446188638361,0,0,-0.0951798977596221,-0.0951798977596221
150,149,1.0125478070387595,0,0,-0.04940558885773472,-0.04940558885773472
166,149,1.2561994855266727,0,0,0.007245784064689675,0.007245784064689675
168,149,1.4961742153735746,46,-1,-0.38336525215777173,0.6166347478422283
170,149,0.9858776945652952,0,0,-0.012369364975921837,-0.012369364975921837
172,149,1.3104371272615047,0,0,0.1220408017926775,0.1220408017926775
184,149,1.4051985253639423,0,0,0.03840853008094164,0.03840853008094164
223,149,1.55282000702827,0,0,0.14761188277763515,0.14761188277763515
226,149,0.34189341656200706,0,0,0.01468087347982372,0.01468087347982372
245,149,1.2195409006503382,0,0,0.07906949870130872,0.07906949870130872
250,149,1.0978027761572822,0,0,0.12783199909804144,0.12783199909804144
264,149,1.5099105964215256,0,0,0.17852352969927937,0.17852352969927937
269,149,1.4328522110597357,46,-1,-0.27209864935800687,0.7279013506419931
284,149,0.8772902589121376,46,-1,-0.15096468491072745,0.8490353150892725
285,149,0.9214702031550248,0,0,-0.08144047871250182,-0.08144047871250182
294,149,1.3624438624387554,0,0,0.09061885734211042,0.09061885734211042
295,149,1.0682172850149665,0,0,0.11190852437120613,0.11190852437120613
299,149,1.2231182173542587,0,0,0.10942687601528464,0.10942687601528464
319,149,1.1744569112141208,0,0,0.08989232607739134,0.08989232607739134
323,149,1.2497142528210716,0,0,0.14723242360308636,0.14723242360308636
342,149,1.4227825811149841,0,0,0.13691959751257105,0.13691959751257105
352,149,1.3691923210705144,0,0,0.17030970897356879,0.17030970897356879
362,149,1.0623269696951936,46,-1,-0.18636726177766616,0.8136327382223338
394,149,0.8112335290453484,46,-1,-0.2164633104155229,0.7835366895844771
152,150,1.5163522908195417,0,0,-0.30351347649505056,-0.30351347649505056
155,150,1.1447035716323646,0,0,-0.32568678936242745,-0.32568678936242745
157,150,1.3941688325294144,0,0,0.18444488761383837,0.18444488761383837
166,150,0.5162928905872217,0,0,0.05665137292242439,0.05665137292242439
172,150,1.0828593378184466,0,0,0.17144639065041223,0.17144639065041223
175,150,1.593511405930879,46,-1,-0.42203804035206693,0.5779619596479331
223,150,1.319925844958669,0,0,0.19701747163536987,0.19701747163536987
226,150,1.211375132238063,0,0,0.06408646233755844,0.06408646233755844
228,150,1.3258523355355272,0,0,-0.019229641417383148,-0.019229641417383148
245,150,0.8149102999196308,0,0,0.12847508755904344,0.12847508755904344
250,150,1.5757334893502983,0,0,0.17723758795577615,0.17723758795577615
264,150,1.523298999158113,0,0,0.2279291185570141,0.2279291185570141
266,150,1.499052956776628,0,0,0.22268719437602247,0.22268719437602247
294,150,0.9246281972992734,0,0,0.14002444619984514,0.14002444619984514
299,150,1.0000324147888273,0,0,0.15883246487301936,0.15883246487301936
323,150,1.3547750688677438,0,0,0.19663801246082108,0.19663801246082108
336,150,1.578017896925938,46,-1,-0.4286476477155794,0.5713523522844206
342,150,1.2142753303802765,0,0,0.18632518637030576,0.18632518637030576
394,150,1.288975793402542,46,-1,-0.1670577215577882,0.8329422784422118
154,151,1.0981649174706027,0,0,-0.017680065889152677,-0.017680065889152677
162,151,0.9818114812383252,0,0,-0.06294852243220139,-0.06294852243220139
164,151,1.5003177379905759,0,0,0.047251217544523064,0.047251217544523064
179,151,0.9602604041739785,0,0,-0.017357733529723002,-0.017357733529723002
193,151,0.29957215020494576,0,0,-0.004510768819428787,-0.004510768819428787
194,151,0.5846503059341737,0,0,-0.0128819921293028,-0.0128819921293028
197,151,0.9518376962014883,0,0,0.017976288150979944,0.017976288150979944
200,151,1.3175757481661416,0,0,-0.01630451749959172,-0.01630451749959172
202,151,1.4682524457023083,0,0,-0.09336964130421449,-0.09336964130421449
205,151,0.7521463637487172,0,0,-0.023703316507604412,-0.023703316507604412
211,151,0.8851547631453267,0,0,-0.019819062825776147,-0.019819062825776147
219,151,0.6326401179717727,0,0,-0.031052539972266896,-0.031052539972266896
229,151,1.1296363112461152,0,0,-0.06338471172408505,-0.06338471172408505
232,151,1.1265400856174947,0,0,0.07208940857363548,0.07208940857363548
235,151,1.4569845864444229,0,0,0.024684716165034926,0.024684716165034926
238,151,0.37344528700570506,0,0,-0.0011016970548693855,-0.0011016970548693855
240,151,1.2394734444320783,0,0,-0.0911085146123719,-0.0911085146123719
246,151,1.2840439637726235,0,0,-0.07128324943810768,-0.07128324943810768
252,151,1.0872716855881606,0,0,-0.04281260211614449,-0.04281260211614449
255,151,1.3053235692661085,0,0,0.07371141066482405,0.07371141066482405
256,151,1.2217445096899766,0,0,0.08901724955908895,0.08901724955908895
261,151,1.472492653371215,0,0,-0.05688188137235122,-0.05688188137235122
268,151,0.9432968456003717,0,0,0.02851807485042418,0.02851807485042418
275,151,1.1756374052574092,0,0,0.010153116992540817,0.010153116992540817
277,151,0.8289307907783944,0,0,0.0699423498911287,0.0699423498911287
282,151,0.4519476052877316,0,0,0.0009729953004704445,0.0009729953004704445
286,151,1.1889265515212613,0,0,0.03590539533099396,0.03590539533099396
287,151,1.1754422062013756,0,0,0.12919385578092768,0.12919385578092768
288,151,1.5079955087930565,0,0,0.02403016579682897,0.02403016579682897
298,151,0.3839996186465498,0,0,-0.019639878986717416,-0.019639878986717416
302,151,1.0064085187499268,0,0,0.033143596955098664,0.033143596955098664
303,151,1.4146634449859237,0,0,-0.09361945349403183,-0.09361945349403183
305,151,1.4951583817577276,0,0,0.02714267202633322,0.02714267202633322
322,151,1.0770940636985407,0,0,-0.0484522396964666,-0.0484522396964666
326,151,1.5124255863054086,0,0,-0.1453540256277471,-0.1453540256277471
332,151,1.1985856343772998,0,0,0.14265303765985682,0.14265303765985682
334,151,1.1222131048923232,0,0,-0.017390611701459058,-0.017390611701459058
335,151,0.9405640320441392,0,0,0.02002065434929645,0.02002065434929645
340,151,1.311922690847408,0,0,0.04760276410281619,0.04760276410281619
344,151,1.4003809501453708,0,0,0.03132816473481827,0.03132816473481827
353,151,0.49852945610545657,0,0,-0.027853780218401673,-0.027853780218401673
354,151,1.4914159165270984,0,0,-0.012565236921104658,-0.012565236921104658
358,151,0.09682137483171044,0,0,0.006732474603909716,0.006732474603909716
370,151,0.9149980598576775,0,0,-0.05355143650256944,-0.05355143650256944
374,151,1.0138665208564421,0,0,-0.07449698839751542,-0.07449698839751542
384,151,1.0165496921934514,0,0,-0.016090285322214674,-0.016090285322214674
385,151,0.6209450778223655,0,0,-0.007963839427683084,-0.007963839427683084
387,151,1.2217649666640262,0,0,-0.02211325068112109,-0.02211325068112109
388,151,0.4546559503793122,0,0,-0.019097976194463323,-0.019097976194463323
390,151,1.1090618738978342,0,0,-0.037553000878143894,-0.037553000878143894
392,151,0.8774612261279564,0,0,0.023695950739276023,0.023695950739276023
395,151,1.2451160389846834,0,0,-0.05592783091694267,-0.05592783091694267
397,151,1.056882087547425,0,0,0.039653245313372595,0.039653245313372595
155,152,0.7028639068766932,0,0,-0.022173312867376893,-0.022173312867376893
165,152,1.399042934989791,46,-1,-0.15831827778991558,0.8416817222100844
166,152,1.5903751215912432,0,0,0.36016484941747495,0.36016484941747495
174,152,1.2958280867700689,46,-1,-0.14746596618737184,0.8525340338126282
175,152,1.0773947950634886,46,-1,-0.11852456385701637,0.8814754361429836
182,152,1.5076502168301968,0,0,0.21591452002529726,0.21591452002529726
195,152,1.496146332723519,46,-1,-0.20175365340664764,0.7982463465933524
204,152,1.119219248823441,46,-1,-0.1406812217284663,0.8593187782715337
220,152,0.6534899653724132,0,0,0.03874834720815856,0.03874834720815856
228,152,1.063754620516103,0,0,0.2842838350776674,0.2842838350776674
234,152,1.10390899939933,0,0,0.23820964847360337,0.23820964847360337
253,152,1.30808983382328,46,-1,-0.1551549828348504,0.8448450171651496
254,152,1.2743388667651099,46,-1,-0.14486464368780683,0.8551353563121932
260,152,1.5034250460078882,0,0,0.16926255500596887,0.16926255500596887
262,152,1.2436209303280255,46,-1,-0.05827266645141482,0.9417273335485852
272,152,1.424614354595693,46,-1,-0.16715951923681516,0.8328404807631848
311,152,1.4464492154335853,0,0,0.3465426907284377,0.3465426907284377
317,152,1.5749962398312303,46,-1,-0.11025906325900614,0.8897409367409939
336,152,1.599148918602113,46,-1,-0.12513417122052883,0.8748658287794712
338,152,1.1368382922868967,46,-1,-0.12573677606147582,0.8742632239385242
363,152,0.8270980147530079,46,-1,-0.11550946494487957,0.8844905350551204
369,152,1.4365393003023572,46,-1,-0.17344359828027622,0.8265564017197238
381,152,1.533803626140123,46,-1,-0.14731335337977025,0.8526866466202297
393,152,1.2921861833097672,46,-1,-0.10489535866812183,0.8951046413318782
156,153,0.8102327684842258,0,0,-0.06006465753522844,-0.06006465753522844
159,153,0.7234307567725348,0,0,-0.04679877639428082,-0.04679877639428082
168,153,0.4031892078580195,0,0,0.030415977950935147,0.030415977950935147
175,153,1.540366449109265,0,0,-0.057662399101094775,-0.057662399101094775
187,153,1.5950565078734675,0,0,-0.20775157665581737,-0.20775157665581737
206,153,0.8846215427386889,0,0,-0.107646686892242,-0.107646686892242
209,153,1.2248489607443187,0,0,-0.1429187778850259,-0.1429187778850259
222,153,1.432657078621791,0,0,-0.08339113265873849,-0.08339113265873849
230,153,1.0246831471352011,0,0,0.15253988358152448,0.15253988358152448
239,153,1.3320881149215145,0,0,-0.1951348249226349,-0.1951348249226349
269,153,0.8310621136332978,0,0,0.14168258075070006,0.14168258075070006
274,153,1.3891496907333782,0,0,-0.1003550568521012,-0.1003550568521012
281,153,0.7949750102305227,0,0,-0.09846704085834476,-0.09846704085834476
283,153,1.0536959867461113,0,0,0.15253988358152504,0.15253988358152504
284,153,1.3015114589561396,0,0,0.2628165451979794,0.2628165451979794
285,153,1.5321721214447335,1,1,0.3323407513962051,-0.6676592486037949
308,153,1.1969540207698106,0,0,-0.09852061104745424,-0.09852061104745424
315,153,0.792565146023726,0,0,-0.1154716106425337,-0.1154716106425337
329,153,0.9197467597829235,0,0,-0.020844997299493295,-0.020844997299493295
336,153,0.9617956640198918,0,0,-0.06427200646460723,-0.06427200646460723
362,153,1.1853741966173978,0,0,0.22741396833104072,0.22741396833104072
366,153,0.6870318934659772,0,0,0.012155764413083803,0.012155764413083803
381,153,1.115862023833848,0,0,-0.08645118862384865,-0.08645118862384865
394,153,1.1041381298281712,0,0,0.19731791969318396,0.19731791969318396
163,154,1.0273208233408655,0,0,0.038086526834726284,0.038086526834726284
167,154,1.3806646942068983,0,0,0.134947869828897,0.134947869828897
169,154,1.5148612218627504,0,0,-0.16666742774067572,-0.16666742774067572
180,154,1.5428682905795243,0,0,-0.16850848338343166,-0.16850848338343166
193,154,0.8072842831381349,0,0,0.01316929706972389,0.01316929706972389
194,154,0.553474862261914,0,0,0.004798073759849877,0.004798073759849877
197,154,0.4751512103275849,0,0,0.03565635404013262,0.03565635404013262
203,154,0.9269338923414936,0,0,0.06799323411136603,0.06799323411136603
205,154,0.498508729778121,0,0,-0.006023250618451735,-0.006023250618451735
209,154,1.517169421230338,0,0,0.1413758301829302,0.1413758301829302
212,154,1.2455559854610847,0,0,0.11559128096196608,0.11559128096196608
217,154,1.091473970339341,0,0,-0.0950572063874782,-0.0950572063874782
219,154,0.8937458981623964,0,0,-0.01337247408311422,-0.01337247408311422
229,154,1.0933932370086434,0,0,-0.045704645834932375,-0.045704645834932375
232,154,1.1004019653336259,0,0,0.08976947446278816,0.08976947446278816
233,154,1.115401681333296,0,0,-0.020317927837113753,-0.020317927837113753
235,154,0.6358028617804701,0,0,0.0423647820541876,0.0423647820541876
238,154,1.391824287139178,0,0,0.01657836883428329,0.01657836883428329
239,154,1.24820444423492,0,0,0.08915978314532122,0.08915978314532122
242,154,1.4159031487759175,0,0,-0.1379449986916596,-0.1379449986916596
246,154,1.1707157149842495,0,0,-0.053603183548955005,-0.053603183548955005
247,154,0.7852477061359189,0,0,0.009611392139119046,0.009611392139119046
255,154,1.0638509137157284,0,0,0.09139147655397672,0.09139147655397672
258,154,1.492203424959108,0,0,0.1804870996834866,0.1804870996834866
261,154,0.4339336154970494,0,0,-0.039201815483198545,-0.039201815483198545
268,154,0.5550113491687874,0,0,0.04619814073957686,0.04619814073957686
273,154,1.4275682831109915,0,0,-0.1369272669504169,-0.1369272669504169
277,154,1.3983675758511278,0,0,0.08762241578028138,0.08762241578028138
282,154,0.6681916100492928,0,0,0.01865306118962312,0.01865306118962312
288,154,0.5988579345006504,0,0,0.04171023168598165,0.04171023168598165
298,154,0.855996118393633,0,0,-0.0019598130975647388,-0.0019598130975647388
306,154,1.1717139385001871,0,0,0.10961831021783608,0.10961831021783608
309,154,1.4459209887463187,0,0,-0.10789436964315743,-0.10789436964315743
313,154,0.878313498609843,0,0,0.03434959727666026,0.03434959727666026
331,154,1.493268675902381,0,0,-0.1592993251037857,-0.1592993251037857
340,154,0.6976719763127767,0,0,0.06528282999196887,0.06528282999196887
343,154,1.4779727155299232,0,0,-0.14413845946394233,-0.14413845946394233
344,154,0.6346397790736755,0,0,0.049008230623970944,0.049008230623970944
353,154,1.0493824912245124,0,0,-0.010173714329248996,-0.010173714329248996
358,154,1.0961669864030485,0,0,0.024412540493062393,0.024412540493062393
371,154,1.265543729818933,0,0,0.11937445750081244,0.11937445750081244
376,154,1.4329113879849087,0,0,0.1446056112707289,0.1446056112707289
385,154,1.5394356135941532,0,0,0.009716226461469593,0.009716226461469593
387,154,0.19428145793316395,0,0,-0.004433184791968414,-0.004433184791968414
388,154,0.7645340233940897,0,0,-0.0014179103053106462,-0.0014179103053106462
392,154,0.6176169115947753,0,0,0.0413760166284287,0.0413760166284287
395,154,0.4352632544438802,0,0,-0.038247765027789996,-0.038247765027789996
397,154,0.6854379061413973,0,0,0.05733331120252527,0.05733331120252527
165,155,1.5912041042000857,46,-1,-0.1361449649225387,0.8638550350774613
166,155,1.4340631086673126,0,0,0.38233816228485185,0.38233816228485185
174,155,1.482437638321347,46,-1,-0.12529265331999495,0.874707346680005
175,155,0.7237425922465639,46,-1,-0.09635125098963948,0.9036487490103605
195,155,1.467231575436313,46,-1,-0.17958034053927074,0.8204196594607293
204,155,1.318294344534201,46,-1,-0.11850790886108942,0.8814920911389106
206,155,1.5011602804403783,46,-1,-0.14633553878078676,0.8536644612192132
220,155,1.3145594974802521,0,0,0.060921660075535455,0.060921660075535455
228,155,1.4157907323710468,0,0,0.3064571479450443,0.3064571479450443
253,155,1.484449792549255,46,-1,-0.13298166996747351,0.8670183300325265
254,155,1.3691101800929493,46,-1,-0.12269133082042993,0.8773086691795701
272,155,1.4625885654604072,46,-1,-0.14498620636943826,0.8550137936305617
315,155,1.5751000095558794,46,-1,-0.1541604625310784,0.8458395374689216
336,155,1.0788512497029734,46,-1,-0.10296085835315194,0.8970391416468481
338,155,1.4236064316077386,46,-1,-0.10356346319409893,0.8964365368059011
363,155,0.8737819951673711,46,-1,-0.09333615207750268,0.9066638479224973
369,155,1.5155874557855418,46,-1,-0.15127028541289933,0.8487297145871007
381,155,1.0841881762312422,46,-1,-0.12514004051239336,0.8748599594876066
159,156,0.1512370085733323,0,0,0.013265881140947622,0.013265881140947622
163,156,1.482014782230719,0,0,-0.1861434236980014,-0.1861434236980014
168,156,0.9665516149326511,0,0,0.09048063548616359,0.09048063548616359
173,156,1.550565413049756,1,1,0.23932171784381118,-0.7606782821561888
203,156,1.2284038128371584,0,0,-0.15623671642136167,-0.15623671642136167
206,156,1.2418161502949554,0,0,-0.047582029357013556,-0.047582029357013556
209,156,0.657003207696229,0,0,-0.08285412034979747,-0.08285412034979747
212,156,1.0880857349434856,0,0,-0.1086386695707616,-0.1086386695707616
222,156,0.637120885392514,0,0,-0.02332647512351005,-0.02332647512351005
230,156,0.9642070937647796,0,0,0.21260454111675292,0.21260454111675292
235,156,1.5119106211224913,0,0,-0.18186516847854006,-0.18186516847854006
239,156,1.0751360057914956,0,0,-0.13507016738740646,-0.13507016738740646
247,156,1.499291827421389,0,0,-0.21461855839360863,-0.21461855839360863
269,156,0.9749050044561076,0,0,0.2017472382859285,0.2017472382859285
274,156,0.6165366004453976,0,0,-0.040290399316872755,-0.040290399316872755
280,156,1.5852516427718484,1,1,0.28061764259724487,-0.7193823574027551
281,156,0.3311195674035409,0,0,-0.038402383323116324,-0.038402383323116324
283,156,0.9898943624144666,0,0,0.21260454111675348,0.21260454111675348
288,156,1.47834539429106,0,0,-0.18251971884674603,-0.18251971884674603
306,156,1.3828107309735715,0,0,-0.1146116403148916,-0.1146116403148916
308,156,0.4413449916150439,0,0,-0.038455953512225804,-0.038455953512225804
313,156,1.3251665395740833,0,0,-0.18988035325606742,-0.18988035325606742
315,156,1.1132002829088123,0,0,-0.05540695310730526,-0.05540695310730526
329,156,0.25998138540044347,0,0,0.03921966023573514,0.03921966023573514
336,156,1.5453323444482552,0,0,-0.004207348929378796,-0.004207348929378796
344,156,1.4772489391868882,0,0,-0.17522171990875673,-0.17522171990875673
362,156,1.470676804135873,0,0,0.28747862586626916,0.28747862586626916
366,156,0.47862923015361586,0,0,0.07222042194831224,0.07222042194831224
371,156,1.1030681624752288,0,0,-0.10485549303191524,-0.10485549303191524
376,156,1.0167673663002188,0,0,-0.07962433926199877,-0.07962433926199877
166,157,0.9887029108864375,0,0,-0.12779351469141398,-0.12779351469141398
172,157,0.4723418341372436,0,0,-0.012998496963426157,-0.012998496963426157
189,157,1.5334457173910132,0,0,0.02211684204027925,0.02211684204027925
223,157,0.3403683793340851,0,0,0.012572584021531483,0.012572584021531483
225,157,1.395900352000596,0,0,0.176724118782568,0.176724118782568
228,157,1.268133379496714,0,0,-0.20367452903122152,-0.20367452903122152
234,157,1.4466081709471166,0,0,-0.24974871563528556,-0.24974871563528556
236,157,0.7839278416018725,0,0,0.08456909697018476,0.08456909697018476
245,157,0.6870809674017568,0,0,-0.05596980005479493,-0.05596980005479493
250,157,1.2794480468462246,0,0,-0.00720729965806223,-0.00720729965806223
263,157,1.5853225836494338,0,0,-0.19192516370615298,-0.19192516370615298
264,157,0.7781798503080161,0,0,0.0434842309431757,0.0434842309431757
266,157,0.4010025773910043,0,0,0.0382423067621841,0.0382423067621841
293,157,0.78914066730749,0,0,2.89622981355514e-5,2.89622981355514e-5
294,157,0.5203566342274065,0,0,-0.044420441413993234,-0.044420441413993234
299,157,0.5589351280420761,0,0,-0.025612422740819013,-0.025612422740819013
311,157,1.0402814155897937,0,0,-0.14141567338045125,-0.14141567338045125
323,157,0.8231801848919476,0,0,0.012193124846982706,0.012193124846982706
324,157,1.3561295129865594,0,0,0.18469373497078057,0.18469373497078057
325,157,1.2159628280131114,0,0,0.17023270423904488,0.17023270423904488
342,157,0.40699361429185543,0,0,0.0018802987564673773,0.0018802987564673773
352,157,1.385235030792474,0,0,0.03527041021746513,0.03527041021746513
178,158,1.196811786942766,0,0,0.19297728418104043,0.19297728418104043
186,158,0.8795462016264574,0,0,0.16300952070228664,0.16300952070228664
188,158,0.4421101792668348,0,0,-0.05700973863516673,-0.05700973863516673
189,158,1.0837108980632828,0,0,0.1356762471382107,0.1356762471382107
218,158,1.197979950269707,0,0,-0.15078382276767371,-0.15078382276767371
224,158,1.5274545431206554,0,0,0.2648113679010661,0.2648113679010661
237,158,0.2189823447451526,0,0,-0.04256326017297968,-0.04256326017297968
251,158,0.4561931620542392,0,0,-0.11566371967976857,-0.11566371967976857
257,158,1.4542410565951651,0,0,0.24961779429618458,0.24961779429618458
260,158,1.5312522922047445,0,0,-0.20513640400498862,-0.20513640400498862
263,158,1.4578924247384357,0,0,-0.07836575860822154,-0.07836575860822154
307,158,1.4365909778371986,46,-1,-0.391404945316989,0.608595054683011
321,158,1.5001847693422627,0,0,0.2530477253665234,0.2530477253665234
328,158,1.23180558884954,0,0,0.20302596244291488,0.20302596244291488
330,158,1.4011586330851722,0,0,-0.24736807825606538,-0.24736807825606538
339,158,0.33463560658619346,0,0,0.08551432909385664,0.08551432909385664
346,158,1.3925198266002277,0,0,0.1246896365028868,0.1246896365028868
347,158,0.8440786118805644,0,0,-0.01260771794008253,-0.01260771794008253
367,158,0.4664521175090188,0,0,-0.07075609388120457,-0.07075609388120457
391,158,1.4672451889530709,46,-1,-0.3733118529657251,0.6266881470342749
163,159,1.59839789751199,0,0,-0.19940930483894903,-0.19940930483894903
168,159,0.8800353468276388,0,0,0.07721475434521596,0.07721475434521596
203,159,1.3614791993967819,0,0,-0.1695025975623093,-0.1695025975623093
206,159,1.2388147006214014,0,0,-0.06084791049796118,-0.06084791049796118
209,159,0.776600788648496,0,0,-0.0961200014907451,-0.0961200014907451
212,159,1.2200195210578018,0,0,-0.12190455071170922,-0.12190455071170922
222,159,0.7573544139390674,0,0,-0.03659235626445767,-0.03659235626445767
230,159,0.932776010755577,0,0,0.1993386599758053,0.1993386599758053
239,159,1.1875933558745058,0,0,-0.14833604852835408,-0.14833604852835408
269,159,0.9314343489387237,0,0,0.18848135714498088,0.18848135714498088
274,159,0.7423281062674978,0,0,-0.05355628045782038,-0.05355628045782038
281,159,0.42605443718742747,0,0,-0.051668264464063945,-0.051668264464063945
283,159,0.959519220323601,0,0,0.19933865997580585,0.19933865997580585
284,159,1.5936119354798446,0,0,0.30961532159226024,0.30961532159226024
306,159,1.5120705465745867,0,0,-0.12787752145583922,-0.12787752145583922
308,159,0.5763011708987473,0,0,-0.051721834653173426,-0.051721834653173426
313,159,1.4582077492317598,0,0,-0.20314623439701504,-0.20314623439701504
315,159,1.122863992306189,0,0,-0.06867283424825288,-0.06867283424825288
329,159,0.24953796263048394,0,0,0.02595377909478752,0.02595377909478752
336,159,1.5155139293643696,0,0,-0.017473230070326418,-0.017473230070326418
362,159,1.4383956536701965,0,0,0.27421274472532153,0.27421274472532153
366,159,0.4213411997309954,0,0,0.05895454080736462,0.05895454080736462
371,159,1.2297076437917729,0,0,-0.11812137417286286,-0.11812137417286286
376,159,1.1425611290689182,0,0,-0.0928902204029464,-0.0928902204029464
169,160,1.0299034954494495,0,0,0.10469625824606607,0.10469625824606607
173,160,1.1429239603918877,0,0,-0.2650846456367193,-0.2650846456367193
180,160,0.8185817336829622,0,0,0.10285520260331014,0.10285520260331014
183,160,0.7555916809531332,0,0,0.0328060799517689,0.0328060799517689
190,160,0.5134666195327582,0,0,0.04102167458428668,0.04102167458428668
196,160,1.055869626332238,0,0,0.04330560609829015,0.04330560609829015
213,160,0.47728210898363094,0,0,0.04715150099082893,0.04715150099082893
217,160,1.3500462163068307,0,0,0.1763064795992636,0.1763064795992636
227,160,1.0429024219985172,0,0,0.047802183822224675,0.047802183822224675
231,160,1.5187893897848979,0,0,-0.24034319006284594,-0.24034319006284594
242,160,1.5851887071660111,0,0,0.13341868729508222,0.13341868729508222
259,160,0.9047858715356529,0,0,0.05400769093440644,0.05400769093440644
280,160,1.1043106073802322,0,0,-0.2237887208832856,-0.2237887208832856
300,160,1.540910463093395,0,0,-0.0717880316821714,-0.0717880316821714
331,160,0.9646318271781307,0,0,0.11206436088295608,0.11206436088295608
341,160,1.219010375478464,0,0,0.04208901284640368,0.04208901284640368
343,160,1.5900103606460152,0,0,0.12722522652279944,0.12722522652279944
351,160,1.0545769589649296,0,0,0.04121935959297618,0.04121935959297618
356,160,0.900604876939589,0,0,-0.04780168729616796,-0.04780168729616796
361,160,0.4506416397732552,0,0,-0.0431964206019117,-0.0431964206019117
368,160,1.0367921892052983,0,0,-0.04223591739717475,-0.04223591739717475
378,160,1.5085373198995489,0,0,-0.021599723352903333,-0.021599723352903333
382,160,1.1546098306066068,0,0,-0.0118007575130053,-0.0118007575130053
398,160,0.8320950364428582,0,0,-0.08454104519653854,-0.08454104519653854
171,161,0.6147229374194714,1,1,-0.028367723859112903,-1.028367723859113
185,161,1.3682510290182646,0,0,0.06895943442150088,0.06895943442150088
201,161,1.0692975139728702,0,0,-0.17891040888890647,-0.17891040888890647
244,161,1.4111114024911449,1,1,0.2509975929034065,-0.7490024070965935
276,161,1.5056117706805274,1,1,-0.005752080169703522,-1.0057520801697035
289,161,1.1798179637967028,1,1,0.20605023808551193,-0.7939497619144881
290,161,1.406952361823437,1,1,0.23439598955442076,-0.7656040104455792
292,161,0.7676260469464674,0,0,-0.19318737498356764,-0.19318737498356764
304,161,1.4723952328279464,1,1,-0.011052597841387568,-1.0110525978413876
310,161,1.3514072763655518,0,0,-0.03104246381908371,-0.03104246381908371
333,161,1.1340482535935563,1,1,0.24569036415972945,-0.7543096358402706
345,161,0.5089209707840067,0,0,0.07452910267151214,0.07452910267151214
349,161,1.5662091843388977,0,0,-0.011602249852996849,-0.011602249852996849
357,161,1.2568862712481614,0,0,-0.2419200764253942,-0.2419200764253942
377,161,1.0532879056423439,0,0,0.07169698767908861,0.07169698767908861
396,161,0.7533886607106494,1,1,-0.0878117784041259,-1.087811778404126
176,162,0.7481657700509267,0,0,-0.05185267480979091,-0.05185267480979091
179,162,0.7713258146082592,0,0,0.04559078890247839,0.04559078890247839
192,162,0.7541072772244406,0,0,-0.015247305563544668,-0.015247305563544668
193,162,1.116173588394132,0,0,0.058437753612772605,0.058437753612772605
194,162,1.2891964776739744,0,0,0.05006653030289859,0.05006653030289859
200,162,1.1818736778286765,0,0,0.04664400493260967,0.04664400493260967
202,162,0.4960665961409962,0,0,-0.03042111887201309,-0.03042111887201309
205,162,1.368948173977541,0,0,0.03924520592459698,0.03924520592459698
211,162,0.7023404884550963,0,0,0.043129459606425245,0.043129459606425245
215,162,0.8829749250750307,0,0,-0.01916302295679167,-0.01916302295679167
219,162,1.0164500840905497,0,0,0.0318959824599345,0.0318959824599345
229,162,1.2468214279577525,0,0,-0.00043618929188366136,-0.00043618929188366136
238,162,0.8218340795208348,0,0,0.06184682537733201,0.06184682537733201
240,162,0.7573894601413814,0,0,-0.02815999218017052,-0.02815999218017052
243,162,0.6463508681881117,0,0,-0.049016100833158285,-0.049016100833158285
244,162,1.3203457494681186,0,0,-0.15252604623161223,-0.15252604623161223
246,162,1.3755190819461418,0,0,-0.00833472700590629,-0.00833472700590629
252,162,0.5305563555516722,0,0,0.020135920316056904,0.020135920316056904
256,162,1.520548316655795,0,0,0.15196577199129035,0.15196577199129035
270,162,0.8426902541786874,0,0,-0.0741097279508528,-0.0741097279508528
275,162,1.3189943612196935,0,0,0.07310163942474221,0.07310163942474221
282,162,1.2775965267855809,0,0,0.06392151773267184,0.06392151773267184
286,162,1.4195768219314757,0,0,0.09885391776319535,0.09885391776319535
289,162,1.5671208973364554,0,0,-0.19747340104950672,-0.19747340104950672
290,162,1.4138481958557896,0,0,-0.1691276495805979,-0.1691276495805979
297,162,1.0872309176679487,0,0,-0.06896373589327423,-0.06896373589327423
298,162,1.0146482791978664,0,0,0.04330864344548398,0.04330864344548398
302,162,1.225642964873673,0,0,0.09609211938730006,0.09609211938730006
303,162,0.492711369973122,0,0,-0.030670931061830435,-0.030670931061830435
312,162,1.3888130800711034,0,0,-0.13017779515603967,-0.13017779515603967
321,162,1.5370556367824308,0,0,0.01787191374440733,0.01787191374440733
322,162,0.2795666761099788,0,0,0.01449628273573479,0.01449628273573479
326,162,1.1499181060729162,0,0,-0.08240550319554571,-0.08240550319554571
333,162,1.365401135061573,0,0,-0.15783327497528923,-0.15783327497528923
334,162,0.9354995439294659,0,0,0.045557910730742335,0.045557910730742335
335,162,1.153476181888006,0,0,0.08296917678149784,0.08296917678149784
350,162,1.4618778545194626,0,0,-0.12205486775292089,-0.12205486775292089
353,162,0.7946187909470706,0,0,0.03509474221379972,0.03509474221379972
354,162,1.4773024066690181,0,0,0.050383285511096734,0.050383285511096734
358,162,1.0711703943572186,0,0,0.06968099703611111,0.06968099703611111
364,162,1.2425856771408479,0,0,-0.05113359109473971,-0.05113359109473971
370,162,0.09277531819756196,0,0,0.009397085929631952,0.009397085929631952
373,162,1.5017363139250357,0,0,0.020295768183341993,0.020295768183341993
374,162,0.45371482688219616,0,0,-0.011548465965314031,-0.011548465965314031
375,162,1.1571454165201138,0,0,-0.09490654883964986,-0.09490654883964986
384,162,0.9755072143591175,0,0,0.04685823710998672,0.04685823710998672
385,162,0.7360213313426409,0,0,0.05498468300451831,0.05498468300451831
388,162,1.058109805303727,0,0,0.04385054623773807,0.04385054623773807
390,162,0.6204516311606593,0,0,0.0253955215540575,0.0253955215540575
399,162,0.8725751529481512,0,0,-0.03942941705203586,-0.03942941705203586
187,163,0.8082444335991852,0,0,0.03845650457741247,0.03845650457741247
193,163,1.5221242229765743,0,0,-0.024917229765002394,-0.024917229765002394
194,163,1.403332118549995,0,0,-0.033288453074876406,-0.033288453074876406
195,163,1.5708645229184217,0,0,0.10531659258250382,0.10531659258250382
197,163,1.199302983375815,0,0,-0.002430172794593663,-0.002430172794593663
203,163,0.4127833950356709,0,0,0.029906707276639743,0.029906707276639743
205,163,1.4476215386024596,0,0,-0.04410977745317802,-0.04410977745317802
206,163,1.2543247769887957,0,0,0.13856139434098785,0.13856139434098785
209,163,1.0472149211405424,0,0,0.10328930334820392,0.10328930334820392
212,163,1.2339826477347986,0,0,0.0775047541272398,0.0775047541272398
214,163,1.486487867011958,0,0,0.0437092438869366,0.0437092438869366
222,163,1.4735466443795757,0,0,0.16281694857449136,0.16281694857449136
225,163,0.7742538799144072,0,0,-0.028247271119391626,-0.028247271119391626
233,163,0.26581700671224534,0,0,-0.058404454671840036,-0.058404454671840036
235,163,0.4657278187839242,0,0,0.004278255219461319,0.004278255219461319
236,163,1.2838232839680588,0,0,-0.12040229293177487,-0.12040229293177487
239,163,0.4282815752564432,0,0,0.051073256310594936,0.051073256310594936
247,163,0.3256050932747745,0,0,-0.028475134695607238,-0.028475134695607238
250,163,1.4309629116281761,0,0,-0.21217868956002187,-0.21217868956002187
255,163,1.549592183830665,0,0,0.05330494971925044,0.05330494971925044
261,163,1.138036725511667,0,0,-0.07728834231792484,-0.07728834231792484
264,163,1.28027884593006,0,0,-0.16148715895878393,-0.16148715895878393
268,163,1.1891121145577657,0,0,0.008111613904850573,0.008111613904850573
274,163,1.382876819566606,0,0,0.14585302438112863,0.14585302438112863
278,163,1.5334647846341578,0,0,0.05850144772139966,0.05850144772139966
281,163,1.179973312954698,0,0,0.14774104037488506,0.14774104037488506
282,163,1.4415791391436477,0,0,-0.019433465645103162,-0.019433465645103162
288,163,0.5894340999114982,0,0,0.0036237048512553632,0.0036237048512553632
295,163,1.5113993096477971,0,0,-0.22810216428685715,-0.22810216428685715
306,163,1.3849711797533202,0,0,0.0715317833831098,0.0715317833831098
308,163,1.3090531030427217,0,0,0.1476874701857756,0.1476874701857756
313,163,0.3243780411019424,0,0,-0.003736929558066024,-0.003736929558066024
315,163,1.1235900198951783,0,0,0.13073647059069615,0.13073647059069615
319,163,1.5630172161014302,0,0,-0.25011836258067194,-0.25011836258067194
323,163,1.3901391359885793,0,0,-0.19277826505497692,-0.19277826505497692
324,163,1.2134162799454875,0,0,-0.020277654931179084,-0.020277654931179084
325,163,1.1563451977205197,0,0,-0.034738685662914756,-0.034738685662914756
336,163,1.574360654846536,0,0,0.1819360747686226,0.1819360747686226
340,163,1.1548187837664603,0,0,0.027196303157242585,0.027196303157242585
344,163,0.7308126159649693,0,0,0.01092170378924466,0.01092170378924466
352,163,1.0433653109698466,0,0,-0.1697009796844945,-0.1697009796844945
371,163,1.2250525625433766,0,0,0.08128793066608615,0.08128793066608615
376,163,1.4190695387806576,0,0,0.10651908443600262,0.10651908443600262
381,163,1.5521795069920816,0,0,0.1597568926093812,0.1597568926093812
387,163,0.9102992676981851,0,0,-0.0425197116266947,-0.0425197116266947
388,163,1.5597338734042088,0,0,-0.03950443714003693,-0.03950443714003693
392,163,1.1899915910490146,0,0,0.003289489793702416,0.003289489793702416
395,163,1.3706651856305374,0,0,-0.07633429186251628,-0.07633429186251628
397,163,1.1277565240021736,0,0,0.01924678436779899,0.01924678436779899
177,164,1.0189773621929228,0,0,0.18052010114941108,0.18052010114941108
178,164,1.5523165590073198,0,0,-0.1523982674178001,-0.1523982674178001
179,164,0.8945651874326808,0,0,-0.06460895107424607,-0.06460895107424607
199,164,0.8119257198967053,0,0,0.11176527782367254,0.11176527782367254
200,164,0.7013347775299004,0,0,-0.06355573504411478,-0.06355573504411478
211,164,0.9518919728072621,0,0,-0.06707028037029922,-0.06707028037029922
214,164,1.1750579235268606,0,0,0.016864487287987145,0.016864487287987145
215,164,1.5521268286749696,0,0,-0.12936276293351612,-0.12936276293351612
221,164,1.236263873243946,0,0,0.06801523426493458,0.06801523426493458
224,164,1.0763449462910493,0,0,-0.08056418369777447,-0.08056418369777447
238,164,1.1847471585842704,0,0,-0.04835291459939245,-0.04835291459939245
241,164,1.4893176920304314,0,0,0.13751864360614924,0.13751864360614924
249,164,0.6342504034021028,0,0,0.03467296920798263,0.03467296920798263
252,164,1.259984640916301,0,0,-0.09006381966066755,-0.09006381966066755
256,164,0.9063549245349691,0,0,0.041766032014565885,0.041766032014565885
257,164,1.212781267326346,0,0,-0.09575775730265594,-0.09575775730265594
271,164,1.5283239188021749,0,0,0.16956254492811929,0.16956254492811929
275,164,0.3622392580140438,0,0,-0.03709810055198225,-0.03709810055198225
278,164,1.3349427565228622,0,0,0.0316566911224502,0.0316566911224502
279,164,1.0717562129827671,0,0,0.08965716388134151,0.08965716388134151
286,164,0.3252230641379339,0,0,-0.011345822213529103,-0.011345822213529103
302,164,0.6495603336000846,0,0,-0.0141076205894244,-0.0141076205894244
305,164,0.35829246463906866,0,0,-0.020108545518189844,-0.020108545518189844
314,164,0.7155808606370875,0,0,0.12119660260702844,0.12119660260702844
318,164,1.3226417959941403,0,0,0.12851540964899982,0.12851540964899982
321,164,1.1578109063078172,0,0,-0.09232782623231713,-0.09232782623231713
322,164,1.453245337420632,0,0,-0.09570345724098966,-0.09570345724098966
328,164,1.4784363074684848,0,0,-0.14234958915592566,-0.14234958915592566
334,164,0.7846987459081366,0,0,-0.06464182924598212,-0.06464182924598212
335,164,0.6227557153711368,0,0,-0.027230563195226612,-0.027230563195226612
337,164,1.3640171029123556,0,0,0.31052600372401645,0.31052600372401645
354,164,0.7850756060628217,0,0,-0.05981645446562772,-0.05981645446562772
358,164,1.489135699913531,0,0,-0.04051874294061335,-0.04051874294061335
359,164,0.8207459735918291,0,0,-0.040194399040045986,-0.040194399040045986
365,164,1.340507314983501,0,0,0.266636891304232,0.266636891304232
370,164,1.5717621085931979,0,0,-0.1008026540470925,-0.1008026540470925
372,164,1.0888692241632274,0,0,0.07819179413101329,0.07819179413101329
373,164,1.18277796177233,0,0,-0.08990397179338247,-0.08990397179338247
379,164,1.440531351811555,0,0,0.16274054328107146,0.16274054328107146
380,164,1.291227500165364,0,0,0.15993073294668186,0.15993073294668186
384,164,0.7232358123883699,0,0,-0.06334150286673773,-0.06334150286673773
385,164,1.0283972516013788,0,0,-0.05521505697220615,-0.05521505697220615
386,164,0.839092257422731,0,0,0.0586363926863295,0.0586363926863295
389,164,1.420542472331991,0,0,0.10856517342291935,0.10856517342291935
390,164,1.1450967178293312,0,0,-0.08480421842266696,-0.08480421842266696
174,165,0.11076679311638324,0,0,0.010852311602543657,0.010852311602543657
175,165,1.1008253372828536,0,0,0.03979371393289918,0.03979371393289918
187,165,1.3477945704748941,0,0,-0.11029546362182341,-0.11029546362182341
195,165,0.5790787419782217,0,0,-0.04343537561673205,-0.04343537561673205
199,165,1.491795389982042,0,0,-0.010141933776613876,-0.010141933776613876
204,165,0.29419549764292174,0,0,0.017637056061449247,0.017637056061449247
206,165,1.5776747457954192,0,0,-0.010190573858248037,-0.010190573858248037
214,165,0.9543447547448205,0,0,-0.10504272431229927,-0.10504272431229927
220,165,1.594891400619367,1,1,0.19706662499807415,-0.8029333750019259
221,165,0.627035262753481,0,0,-0.05389197733535184,-0.05389197733535184
225,165,1.597222054116879,0,0,-0.1769992393186275,-0.1769992393186275
241,165,1.0138836647686278,0,0,0.015611432005862819,0.015611432005862819
249,165,1.2163804283546393,0,0,-0.08723424239230379,-0.08723424239230379
253,165,0.21996768424390592,0,0,0.003163294955065149,0.003163294955065149
254,165,0.27669845285813055,0,0,0.01345363410210873,0.01345363410210873
262,165,0.8605229256010195,0,0,0.10004561133850079,0.10004561133850079
271,165,1.2283724267509466,0,0,0.047655333327832866,0.047655333327832866
272,165,0.36198375877791683,0,0,-0.008841241446899573,-0.008841241446899573
278,165,0.7581819708953061,0,0,-0.09025052047783622,-0.09025052047783622
279,165,0.8990640616919583,0,0,-0.03225004771894491,-0.03225004771894491
317,165,0.6542778294088865,0,0,0.04805921453090936,0.04805921453090936
318,165,1.1034571297902298,0,0,0.006608198048713404,0.006608198048713404
324,165,1.2939306511099304,0,0,-0.16902962313041497,-0.16902962313041497
325,165,1.4674205295883673,0,0,-0.18349065386215063,-0.18349065386215063
336,165,1.5131593390700349,0,0,0.03318410656938672,0.03318410656938672
338,165,0.2981361061502106,0,0,0.03258150172843968,0.03258150172843968
359,165,1.5573045146643987,0,0,-0.1621016106403324,-0.1621016106403324
363,165,0.7632867186110657,0,0,0.04280881284503604,0.04280881284503604
369,165,0.3213278139518618,0,0,-0.015125320490360666,-0.015125320490360666
372,165,0.7629738991527517,0,0,-0.04371541746927313,-0.04371541746927313
379,165,1.2074248739297915,0,0,0.04083333168078504,0.04083333168078504
380,165,1.4018284313409488,0,0,0.038023521346395445,0.038023521346395445
381,165,1.3311057357129887,0,0,0.011004924410145306,0.011004924410145306
383,165,1.189948279506614,0,0,0.12055665735146817,0.12055665735146817
386,165,1.0480590785486479,0,0,-0.06327081891395692,-0.06327081891395692
389,165,0.6466898151823296,0,0,-0.013342038177367066,-0.013342038177367066
393,165,0.5424400626368865,0,0,0.05342291912179373,0.05342291912179373
172,166,0.790253753358972,0,0,0.11479501772798782,0.11479501772798782
223,166,1.0142376451973993,0,0,0.14036609871294548,0.14036609871294548
226,166,1.3291837888926434,0,0,0.007435089415134044,0.007435089415134044
228,166,1.0451126707945124,0,0,-0.07588101433980754,-0.07588101433980754
234,166,1.5062086906958896,0,0,-0.12195520094387158,-0.12195520094387158
236,166,1.4754400810466104,0,0,0.21236261166159875,0.21236261166159875
245,166,0.4162876596353397,0,0,0.07182371463661905,0.07182371463661905
250,166,1.4950598929407872,0,0,0.12058621503335175,0.12058621503335175
264,166,1.34031082525645,0,0,0.1712777456345897,0.1712777456345897
266,166,1.1999834448461308,0,0,0.16603582145359808,0.16603582145359808
294,166,0.5041005686429583,0,0,0.08337307327742075,0.08337307327742075
299,166,0.6818415887924263,0,0,0.10218109195059497,0.10218109195059497
311,166,1.311751402804057,0,0,-0.013622158689037267,-0.013622158689037267
323,166,1.1948063511913551,0,0,0.13998663953839668,0.13998663953839668
342,166,0.9203803389316877,0,0,0.12967381344788137,0.12967381344788137
173,167,1.3526861182352807,1,1,0.3286037985476419,-0.6713962014523581
194,167,1.5829463766675844,0,0,-0.13014979606904714,-0.13014979606904714
197,167,1.0421391611651096,0,0,-0.09929151578876438,-0.09929151578876438
203,167,1.328800089475202,0,0,-0.06695463571753098,-0.06695463571753098
205,167,1.5856744344352582,0,0,-0.14097112044734875,-0.14097112044734875
209,167,1.1591318215845114,0,0,0.006427960354033202,0.006427960354033202
212,167,0.6035560029133552,0,0,-0.019356588866930924,-0.019356588866930924
222,167,1.0201629204118796,0,0,0.06595560558032063,0.06595560558032063
231,167,1.1105016874539102,1,1,0.3533452541215153,-0.6466547458784847
232,167,0.8045672428245126,0,0,-0.04517839536610885,-0.04517839536610885
235,167,1.3310097085086567,0,0,-0.0925830877747094,-0.0925830877747094
239,167,1.5395976220226226,0,0,-0.045788086683575785,-0.045788086683575785
247,167,1.5602812602954095,0,0,-0.12533647768977796,-0.12533647768977796
255,167,0.5713772220115791,0,0,-0.04355639327492028,-0.04355639327492028
258,167,0.6429671560518269,0,0,0.04553922985458961,0.04553922985458961
261,167,1.595891511065232,0,0,-0.17414968531209554,-0.17414968531209554
268,167,1.0099696347859664,0,0,-0.08874972908932015,-0.08874972908932015
274,167,1.009222264053755,0,0,0.04899168138695792,0.04899168138695792
277,167,1.4113378548586797,0,0,-0.04732545404861563,-0.04732545404861563
281,167,1.573020576188927,0,0,0.05087969738071435,0.05087969738071435
282,167,1.5427769963991935,0,0,-0.11629480863927388,-0.11629480863927388
288,167,1.2400565737201026,0,0,-0.09323763814291536,-0.09323763814291536
306,167,0.34210151116124404,0,0,-0.025329559611060926,-0.025329559611060926
308,167,1.1869004890784585,0,0,0.05082612719160487,0.05082612719160487
313,167,1.4478474101023562,0,0,-0.10059827255223674,-0.10059827255223674
316,167,1.4052470238257848,1,1,0.40639664586732105,-0.593603354132679
327,167,0.9036378470761067,0,0,0.12327847263862166,0.12327847263862166
340,167,0.7129131666254233,0,0,-0.06966503983692814,-0.06966503983692814
344,167,1.0356078974176606,0,0,-0.08593963920492606,-0.08593963920492606
368,167,1.5926581501265562,1,1,0.5514525267871865,-0.4485474732128135
371,167,0.6136328427150535,0,0,-0.015573412328084568,-0.015573412328084568
376,167,0.6132147617974656,0,0,0.009657741441831902,0.009657741441831902
387,167,1.5008432904334286,0,0,-0.13938105462086542,-0.13938105462086542
392,167,1.0579691987322832,0,0,-0.0935718532004683,-0.0935718532004683
397,167,0.9133609993160107,0,0,-0.07761455862637173,-0.07761455862637173
206,168,1.2314458359569447,0,0,-0.13806266484317714,-0.13806266484317714
209,168,1.4829928921675357,0,0,-0.17333475583596106,-0.17333475583596106
222,168,1.593274475295854,0,0,-0.11380711060967363,-0.11380711060967363
230,168,0.7501768239268193,0,0,0.12212390563058934,0.12212390563058934
239,168,1.5639122690330245,0,0,-0.22555080287357004,-0.22555080287357004
269,168,0.5151827042291159,0,0,0.11126660279976491,0.11126660279976491
274,168,1.571838278478258,0,0,-0.13077103480303634,-0.13077103480303634
281,168,1.0265654428592121,0,0,-0.1288830188092799,-0.1288830188092799
283,168,0.7749479833010581,0,0,0.12212390563058989,0.12212390563058989
284,168,0.9523473977394655,0,0,0.23240056724704428,0.23240056724704428
285,168,1.2496988631180301,1,1,0.3019247734452699,-0.6980752265547301
308,168,1.3838448610554852,0,0,-0.1289365889983894,-0.1289365889983894
315,168,1.110126337702182,0,0,-0.14588758859346884,-0.14588758859346884
329,168,0.9906774593414459,0,0,-0.05126097525042844,-0.05126097525042844
336,168,1.2382209353049978,0,0,-0.09468798441554238,-0.09468798441554238
362,168,0.8179232224505366,0,0,0.19699799038010557,0.19699799038010557
366,168,0.6283474339722034,0,0,-0.018260213537851344,-0.018260213537851344
381,168,1.4120673258317666,0,0,-0.1168671665747838,-0.1168671665747838
394,168,0.8237590043198213,0,0,0.16690194174224882,0.16690194174224882
180,169,0.5871848487205485,0,0,-0.001841055642755926,-0.001841055642755926
183,169,1.2093678682726237,0,0,-0.07189017829429717,-0.07189017829429717
190,169,0.5400231092173873,0,0,-0.06367458366177939,-0.06367458366177939
196,169,0.4419376075295695,0,0,-0.06139065214777592,-0.06139065214777592
198,169,1.2768886563868784,0,0,-0.1690909453554925,-0.1690909453554925
205,169,1.5649843365428255,0,0,0.16064417712222398,0.16064417712222398
210,169,1.11277114427129,0,0,-0.11439483863408703,-0.11439483863408703
213,169,0.8991256314429287,0,0,-0.05754475725523714,-0.05754475725523714
217,169,0.672262362243329,0,0,0.07161022135319753,0.07161022135319753
227,169,0.4510654194388774,0,0,-0.056894074423841395,-0.056894074423841395
229,169,1.477030069165872,0,0,0.12096278190574335,0.12096278190574335
231,169,1.5808870218518547,0,0,-0.345039448308912,-0.345039448308912
242,169,0.5613258209833016,0,0,0.028722429049016132,0.028722429049016132
246,169,1.3774583938061733,0,0,0.11306424419172072,0.11306424419172072
259,169,0.3402070387581557,0,0,-0.05068856731165963,-0.05068856731165963
261,169,1.2577699327924157,0,0,0.12746561225747718,0.12746561225747718
273,169,0.7893025752256474,0,0,0.029740160790258832,0.029740160790258832
309,169,1.1902962174413219,0,0,0.058773058097518295,0.058773058097518295
331,169,0.24166091870534845,0,0,0.007368102636890014,0.007368102636890014
343,169,0.5610830286046602,0,0,0.022528968276733383,0.022528968276733383
351,169,1.4610976410397536,0,0,-0.06347689865308989,-0.06347689865308989
356,169,1.2148419157170292,0,0,-0.15249794554223403,-0.15249794554223403
360,169,1.4452695430594704,0,0,-0.22061037229700883,-0.22061037229700883
361,169,1.2099016014265875,0,0,-0.14789267884797777,-0.14789267884797777
368,169,1.077563466142173,0,0,-0.14693217564324082,-0.14693217564324082
378,169,0.9611838811498817,0,0,-0.1262959815989694,-0.1262959815989694
387,169,1.5547290902459374,0,0,0.1622342429487073,0.1622342429487073
395,169,1.2149673981626752,0,0,0.12841966271288574,0.12841966271288574
184,170,0.46225066311401686,0,0,0.050777895056863476,0.050777895056863476
191,170,0.7890875100111947,0,0,0.1123323294317568,0.1123323294317568
226,170,0.7987468026910485,0,0,0.027050238455745557,0.027050238455745557
230,170,1.3877408364650594,46,-1,-0.24887198155126056,0.7511280184487394
250,170,1.0342135743437666,0,0,0.14020136407396327,0.14020136407396327
269,170,1.3545228056922782,46,-1,-0.259729284382085,0.740270715617915
283,170,1.3802604574648647,46,-1,-0.24887198155126,0.75112801844874
284,170,1.0034583164827928,46,-1,-0.13859531993480556,0.8614046800651944
285,170,0.5327407275756723,0,0,-0.06907111373657998,-0.06907111373657998
295,170,0.715117513539043,0,0,0.12427788934712797,0.12427788934712797
300,170,0.9102952633217269,0,0,-0.028858190869654354,-0.028858190869654354
319,170,0.4582738710996272,0,0,0.10226169105331318,0.10226169105331318
323,170,1.4874055518052074,0,0,0.1596017885790082,0.1596017885790082
341,170,1.143098854825214,0,0,0.08501885365892073,0.08501885365892073
351,170,1.3460784831643702,0,0,0.08414920040549323,0.08414920040549323
352,170,1.2015801091313607,0,0,0.18267907394949062,0.18267907394949062
362,170,1.11054383227043,46,-1,-0.17399789680174438,0.8260021031982556
382,170,1.1911951506310376,0,0,0.03112908329951175,0.03112908329951175
394,170,1.3886495321893984,46,-1,-0.20409394543960113,0.7959060545603989
181,171,1.3484752200382788,0,0,0.11639723134289293,0.11639723134289293
201,171,1.441410431993093,46,-1,-0.15054268502979373,0.8494573149702063
244,171,1.220163022559089,0,0,0.27936531676251924,0.27936531676251924
248,171,1.4096750582775999,46,-1,-0.2021313778748577,0.7978686221251423
276,171,0.8984787689217717,0,0,0.02261564368940927,0.02261564368940927
290,171,1.188485793830765,0,0,0.26276371341353355,0.26276371341353355
292,171,0.7813051057265,46,-1,-0.16481965112445485,0.8351803488755452
304,171,0.867611866665456,0,0,0.01731512601772517,0.01731512601772517
312,171,1.4335302815620112,0,0,0.3017135678380918,0.3017135678380918
333,171,1.5603940301736747,0,0,0.27405808801884224,0.27405808801884224
345,171,1.1072567381486016,46,-1,0.10289682653062493,1.102896826530625
357,171,0.9337715514841973,46,-1,-0.21355235256628147,0.7864476474337185
396,171,0.266020776045304,0,0,-0.059444054545013,-0.059444054545013
223,172,0.27664295035328756,0,0,0.02557108098495764,0.02557108098495764
225,172,1.2667757117893133,0,0,0.18972261574599417,0.18972261574599417
226,172,1.2340063017666882,0,0,-0.10735992831285378,-0.10735992831285378
228,172,1.4272056115958347,0,0,-0.19067603206779538,-0.19067603206779538
233,172,1.5501289602511776,0,0,0.15956543219354574,0.15956543219354574
236,172,0.7786921443370556,0,0,0.09756759393361092,0.09756759393361092
245,172,0.4375956899310445,0,0,-0.042971303091368776,-0.042971303091368776
250,172,0.9092119671630976,0,0,0.0057911973053639265,0.0057911973053639265
264,172,0.5796283323531926,0,0,0.05648272790660186,0.05648272790660186
266,172,0.5700073074387944,0,0,0.051240803725610254,0.051240803725610254
293,172,1.202715474409927,0,0,0.013027459261561708,0.013027459261561708
294,172,0.3591118279685388,0,0,-0.03142194445056708,-0.03142194445056708
295,172,1.2425853678241672,0,0,-0.010132277421471367,-0.010132277421471367
299,172,0.18146014721732698,0,0,-0.012613925777392856,-0.012613925777392856
311,172,1.3756138534207807,0,0,-0.1284171764170251,-0.1284171764170251
323,172,0.4773852015294881,0,0,0.025191621810408862,0.025191621810408862
324,172,1.3787846750124084,0,0,0.1976922319342067,0.1976922319342067
325,172,1.2276534645273824,0,0,0.18323120120247105,0.18323120120247105
342,172,0.14647471062608264,0,0,0.014878795719893534,0.014878795719893534
352,172,1.0704518656090531,0,0,0.04826890718089129,0.04826890718089129
183,173,1.3963133541691348,0,0,0.29789072558848817,0.29789072558848817
190,173,1.4598899692178986,0,0,0.306106320221006,0.306106320221006
212,173,1.3218147918567675,46,-1,-0.3479603874145728,0.6520396125854272
213,173,1.3546184883030314,0,0,0.31223614662754823,0.31223614662754823
222,173,1.094652533624186,46,-1,-0.2626481929673212,0.7373518070326788
231,173,1.272668764480758,0,0,0.02474145557387336,0.02474145557387336
274,173,1.194092192483026,46,-1,-0.279612117160684,0.720387882839316
280,173,0.6055355939173606,0,0,0.04129592475343369,0.04129592475343369
300,173,1.5789370746761335,0,0,0.1932966139545479,0.1932966139545479
306,173,1.3668909082714973,46,-1,-0.35393335815870286,0.6460666418412971
308,173,1.3227720664925073,46,-1,-0.27777767135603704,0.722222328643963
329,173,1.437137883731803,46,-1,-0.2001020576080761,0.7998979423919239
351,173,1.5988625253673008,0,0,0.3063040052296955,0.3063040052296955
356,173,1.1802876337767152,0,0,0.21728295834055134,0.21728295834055134
361,173,0.8922845991368793,0,0,0.2218882250348076,0.2218882250348076
368,173,1.356994116362763,0,0,0.22284872823954455,0.22284872823954455
371,173,1.417499840144537,46,-1,-0.3441772108757265,0.6558227891242735
376,173,1.1320836283268707,46,-1,-0.31894605710581003,0.68105394289419
382,173,1.445757647094077,0,0,0.253283888123714,0.253283888123714
398,173,0.8817560955917818,0,0,0.18054360044018075,0.18054360044018075
175,174,1.007019597823617,0,0,0.028941402330355526,0.028941402330355526
187,174,1.3370740330918887,0,0,-0.12114777522436707,-0.12114777522436707
195,174,0.5657684997639872,0,0,-0.05428768721927571,-0.05428768721927571
199,174,1.5986485867066673,0,0,-0.020994245379157533,-0.020994245379157533
204,174,0.1955831706711427,0,0,0.006784744458905589,0.006784744458905589
206,174,1.5351338842693003,0,0,-0.021042885460791694,-0.021042885460791694
214,174,1.0082024508910359,0,0,-0.11589503591484293,-0.11589503591484293
220,174,1.5178536156471456,1,1,0.18621431339553052,-0.8137856866044695
221,174,0.7207393417650589,0,0,-0.0647442889378955,-0.0647442889378955
225,174,1.5879227504591242,0,0,-0.18785155092117117,-0.18785155092117117
241,174,1.1015096562817455,0,0,0.004759120403319161,0.004759120403319161
249,174,1.3109658326746028,0,0,-0.09808655399484745,-0.09808655399484745
253,174,0.20107137119363164,0,0,-0.007689016647478508,-0.007689016647478508
254,174,0.21064473182487,0,0,0.002601322499565073,0.002601322499565073
262,174,0.8487221666966661,0,0,0.08919329973595713,0.08919329973595713
271,174,1.311071245764851,0,0,0.03680302172528921,0.03680302172528921
272,174,0.3459793609099619,0,0,-0.01969355304944323,-0.01969355304944323
278,174,0.8052338957414091,0,0,-0.10110283208037987,-0.10110283208037987
279,174,1.005961618857709,0,0,-0.043102359321488565,-0.043102359321488565
317,174,0.6996887501058838,0,0,0.037206902928365704,0.037206902928365704
318,174,1.1987410818301854,0,0,-0.004244113553830253,-0.004244113553830253
324,174,1.296994806389779,0,0,-0.1798819347329586,-0.1798819347329586
325,174,1.4638363370283913,0,0,-0.1943429654646943,-0.1943429654646943
336,174,1.443401406667113,0,0,0.022331794966843066,0.022331794966843066
338,174,0.2309253239426558,0,0,0.021729190125896025,0.021729190125896025
363,174,0.654409673268789,0,0,0.031956501242492386,0.031956501242492386
369,174,0.3234540954063776,0,0,-0.025977632092904324,-0.025977632092904324
372,174,0.8665122532000268,0,0,-0.054567729071816784,-0.054567729071816784
379,174,1.2951366768701928,0,0,0.029981020078241383,0.029981020078241383
380,174,1.497666903099684,0,0,0.027171209743851787,0.027171209743851787
381,174,1.2644908014782992,0,0,0.00015261280760164864,0.00015261280760164864
383,174,1.2166353692118923,0,0,0.10970434574892451,0.10970434574892451
386,174,1.1494356464401538,0,0,-0.07412313051650057,-0.07412313051650057
389,174,0.7393972685676161,0,0,-0.024194349779910723,-0.024194349779910723
393,174,0.5428003724472912,0,0,0.04257060751925007,0.04257060751925007
187,175,1.2169979204997874,0,0,-0.1500891775547226,-0.1500891775547226
195,175,0.8779537711737412,0,0,-0.08322908954963124,-0.08322908954963124
204,175,0.9010637923838352,0,0,-0.022156657871449936,-0.022156657871449936
206,175,0.9349101991801428,0,0,-0.04998428779114722,-0.04998428779114722
214,175,1.5762891279392468,0,0,-0.14483643824519846,-0.14483643824519846
225,175,1.5323297443866373,0,0,-0.2167929532515267,-0.2167929532515267
253,175,1.018417042556368,0,0,-0.036630418977834034,-0.036630418977834034
254,175,0.8427835510076273,0,0,-0.026340079830790453,-0.026340079830790453
272,175,0.8814735194988135,0,0,-0.048634955379798755,-0.048634955379798755
278,175,1.3793033888640662,0,0,-0.1300442344107354,-0.1300442344107354
315,175,1.076944883878638,0,0,-0.05780921154143892,-0.05780921154143892
324,175,1.5152840865093655,0,0,-0.20882333706331413,-0.20882333706331413
325,175,1.597606884217563,0,0,-0.22328436779504982,-0.22328436779504982
336,175,0.598636569140399,0,0,-0.00660960736351246,-0.00660960736351246
338,175,1.0578589323968954,0,0,-0.0072122122044595005,-0.0072122122044595005
363,175,0.530219835305029,0,0,0.00301509891213686,0.00301509891213686
369,175,0.9656673639950317,0,0,-0.05491903442325985,-0.05491903442325985
381,175,0.4982328805897758,0,0,-0.028788789522753877,-0.028788789522753877
393,175,1.416757925850756,0,0,0.013629205188894544,0.013629205188894544
178,176,1.407717396466559,0,0,0.009654147368715275,0.009654147368715275
179,176,1.0714078091189398,0,0,0.09744346371226931,0.09744346371226931
185,176,1.545881748705583,46,-1,-0.28271152990372694,0.7172884700962731
192,176,0.3188537000053119,0,0,0.03660536924624624,0.03660536924624624
200,176,1.324390274143806,0,0,0.09849667974240059,0.09849667974240059
202,176,0.2961398579687503,0,0,0.021431555937777815,0.021431555937777815
211,176,1.052170283153132,0,0,0.09498213441621615,0.09498213441621615
215,176,0.4486962935715444,0,0,0.03268965185299924,0.03268965185299924
238,176,1.425568598787333,0,0,0.11369950018712291,0.11369950018712291
240,176,1.2693658205331164,0,0,0.02369268262962039,0.02369268262962039
243,176,0.34085101502709086,0,0,0.002836573976632624,0.002836573976632624
244,176,1.4923291126159914,0,0,-0.10067337142182134,-0.10067337142182134
252,176,0.7958454823178781,0,0,0.07198859512584782,0.07198859512584782
270,176,0.30311459227979143,0,0,-0.02225705314106189,-0.02225705314106189
275,176,1.5664618677211206,0,0,0.12495431423453313,0.12495431423453313
289,176,1.0307177942853374,0,0,-0.14562072623971584,-0.14562072623971584
290,176,1.583710185310489,0,0,-0.117274974770807,-0.117274974770807
291,176,1.5778863894124047,46,-1,-0.21791480646430894,0.7820851935356911
297,176,0.3431256042360055,0,0,-0.017111061083483328,-0.017111061083483328
302,176,1.5336701316400432,0,0,0.14794479419709097,0.14794479419709097
303,176,0.5668854629356376,0,0,0.02118174374796047,0.02118174374796047
320,176,1.2651592498064703,46,-1,-0.1608952885800824,0.8391047114199176
321,176,1.5785891580260767,0,0,0.06972458855419825,0.06972458855419825
322,176,0.631757913775144,0,0,0.0663489575455257,0.0663489575455257
326,176,1.5847989670034088,0,0,-0.0305528283857548,-0.0305528283857548
328,176,1.544355843491915,0,0,0.019702825630589695,0.019702825630589695
333,176,0.8676242656972679,0,0,-0.10598060016549835,-0.10598060016549835
334,176,1.1395130454304054,0,0,0.09741058554053325,0.09741058554053325
335,176,1.4860814903554334,0,0,0.13482185159128876,0.13482185159128876
345,176,1.571616448599083,46,-1,-0.2771418616537157,0.7228581383462843
346,176,1.171180043325379,0,0,-0.058633500309438376,-0.058633500309438376
350,176,0.7911636688451555,0,0,-0.07020219294312999,-0.07020219294312999
353,176,1.5418038173992368,0,0,0.08694741702359063,0.08694741702359063
364,176,0.6396924300580409,0,0,0.0007190837150512011,0.0007190837150512011
370,176,0.7931982807833187,0,0,0.06124976073942286,0.06124976073942286
374,176,1.0684104720581933,0,0,0.04030420884447688,0.04030420884447688
375,176,0.4553899586058201,0,0,-0.04305387402985895,-0.04305387402985895
377,176,1.5205833242771296,46,-1,-0.2799739766461392,0.7200260233538608
384,176,1.260139352466544,0,0,0.09871091191977763,0.09871091191977763
385,176,1.2457015440130748,0,0,0.10683735781430923,0.10683735781430923
390,176,0.830252376286912,0,0,0.07724819636384841,0.07724819636384841
399,176,0.2585331931511815,0,0,0.012423257757755046,0.012423257757755046
179,177,1.4038419266780047,0,0,-0.24512905222365716,-0.24512905222365716
185,177,1.5325373295116405,0,0,0.37471595416034664,0.37471595416034664
199,177,1.333451333496252,0,0,-0.06875482332573854,-0.06875482332573854
200,177,1.4771843839281638,0,0,-0.24407583619352585,-0.24407583619352585
201,177,0.731795751792436,0,0,0.1268461108499393,0.1268461108499393
207,177,1.5813353699911705,0,0,0.2309168571641217,0.2309168571641217
211,177,1.394358286948527,0,0,-0.2475903815197103,-0.2475903815197103
216,177,1.5046316279121277,0,0,0.27465007910309114,0.27465007910309114
238,177,1.5643646470074068,0,0,-0.22887301574880353,-0.22887301574880353
249,177,1.5800175442300028,0,0,-0.14584713194142845,-0.14584713194142845
256,177,0.719845991801466,0,0,-0.1387540691348452,-0.1387540691348452
275,177,1.1579644095187795,0,0,-0.21761820170139334,-0.21761820170139334
286,177,1.01760749504932,0,0,-0.19186592336294017,-0.19186592336294017
291,177,1.5771295859772025,0,0,0.43951267759976465,0.43951267759976465
292,177,1.3293174536717716,0,0,0.11256914475527813,0.11256914475527813
301,177,0.9008392839976739,0,0,0.20016762274613165,0.20016762274613165
302,177,0.9278850034948068,0,0,-0.19462772173883547,-0.19462772173883547
305,177,1.3547946935644848,0,0,-0.20062864666760094,-0.20062864666760094
310,177,1.2250344287180277,0,0,0.27471405591976206,0.27471405591976206
314,177,0.5653776801349357,0,0,-0.05932349854238264,-0.05932349854238264
334,177,1.398967242317113,0,0,-0.2451619303953932,-0.2451619303953932
335,177,1.0560647330854538,0,0,-0.20775066434463768,-0.20775066434463768
337,177,0.9309015000026946,0,0,0.13000590257460537,0.13000590257460537
349,177,1.2447924434754898,0,0,0.2941542698858489,0.2941542698858489
365,177,1.062004445149852,0,0,0.08611679015482093,0.08611679015482093
377,177,1.4917449347183653,0,0,0.3774535074179344,0.3774535074179344
384,177,1.3786042546662682,0,0,-0.24386160401614881,-0.24386160401614881
385,177,1.477628290180185,0,0,-0.23573515812161722,-0.23573515812161722
400,177,1.3145147054703468,0,0,0.30479575340098575,0.30479575340098575
179,178,1.2809010550626883,0,0,0.08778931634355402,0.08778931634355402
186,178,0.3723692507282765,0,0,-0.02996776347875381,-0.02996776347875381
188,178,1.47552065950031,0,0,-0.24998702281620716,-0.24998702281620716
189,178,0.7722038944504573,0,0,-0.05730103704282975,-0.05730103704282975
192,178,1.1018412955784715,0,0,0.026951221877530962,0.026951221877530962
200,178,0.9837830267367781,0,0,0.0888425323736853,0.0888425323736853
202,178,1.5179521625666088,0,0,0.01177740856906254,0.01177740856906254
211,178,1.3762706384267265,0,0,0.08532798704750089,0.08532798704750089
215,178,0.9644740849300717,0,0,0.023035504484283965,0.023035504484283965
224,178,0.782340135701941,0,0,0.07183408372002562,0.07183408372002562
237,178,1.3861246616223968,0,0,-0.2355405443540201,-0.2355405443540201
249,178,1.575440559670001,0,0,0.18707123662578273,0.18707123662578273
251,178,1.568406741099916,0,0,-0.308641003860809,-0.308641003860809
252,178,1.1566152806249692,0,0,0.06233444775713254,0.06233444775713254
257,178,0.5869566156554195,0,0,0.05664051011514415,0.05664051011514415
275,178,1.4415486288132382,0,0,0.11530016686581784,0.11530016686581784
293,178,1.4960791280592474,0,0,-0.07938891678497345,-0.07938891678497345
297,178,1.4765240592207007,0,0,-0.026765208452198604,-0.026765208452198604
305,178,1.298413693696373,0,0,0.13228972189961025,0.13228972189961025
321,178,0.5958532441001693,0,0,0.060070441185482965,0.060070441185482965
322,178,1.3758527717931044,0,0,0.056694810176810426,0.056694810176810426
328,178,0.23369757095076943,0,0,0.01004867826187442,0.01004867826187442
334,178,1.1308486985793407,0,0,0.08775643817181797,0.08775643817181797
339,178,0.8877536930715925,0,0,-0.1074629550871838,-0.1074629550871838
346,178,0.888970271910745,0,0,-0.06828764767815365,-0.06828764767815365
347,178,1.5676658625276458,0,0,-0.20558500212112296,-0.20558500212112296
350,178,1.2175989345662948,0,0,-0.07985634031184526,-0.07985634031184526
354,178,0.9785928623972867,0,0,0.09258181295217237,0.09258181295217237
359,178,1.0556951768267961,0,0,0.1122038683777541,0.1122038683777541
364,178,0.9446845205875054,0,0,-0.008935063653664074,-0.008935063653664074
367,178,1.4503567661593484,0,0,-0.263733378062245,-0.263733378062245
370,178,1.59481483381027,0,0,0.05159561337070759,0.05159561337070759
373,178,0.7213259577666551,0,0,0.06249429562441762,0.06249429562441762
384,178,1.2550814136081554,0,0,0.08905676455106235,0.08905676455106235
385,178,1.5942888222924365,0,0,0.09718321044559394,0.09718321044559394
390,178,1.121430905496879,0,0,0.06759404899513313,0.06759404899513313
399,178,1.1635044254087166,0,0,0.002769110389039771,0.002769110389039771
192,179,0.8966444963086284,0,0,-0.06083809446602306,-0.06083809446602306
193,179,1.1549469120367613,0,0,0.012846964710294215,0.012846964710294215
194,179,1.385174616116377,0,0,0.004475741400420202,0.004475741400420202
200,179,0.4708407411995925,0,0,0.001053216030131282,0.001053216030131282
202,179,1.0118490407999101,0,0,-0.07601190777449149,-0.07601190777449149
205,179,1.5376074682387466,0,0,-0.00634558297788141,-0.00634558297788141
211,179,0.11021636728280387,0,0,-0.0024613292960531455,-0.0024613292960531455
214,179,1.5863829400076892,0,0,0.08147343836223321,0.08147343836223321
215,179,0.8947950259983044,0,0,-0.06475381185927007,-0.06475381185927007
219,179,1.3420458130763417,0,0,-0.013694806442543894,-0.013694806442543894
224,179,1.0762622152823274,0,0,-0.01595523262352841,-0.01595523262352841
238,179,0.6149301914699268,0,0,0.016256036474853616,0.016256036474853616
240,179,1.4926192398716829,0,0,-0.0737507810826489,-0.0737507810826489
243,179,1.2078498399567845,0,0,-0.09460688973563668,-0.09460688973563668
249,179,1.330145656411301,0,0,0.0992819202822287,0.0992819202822287
252,179,0.39791307794003733,0,0,-0.025454868586421486,-0.025454868586421486
256,179,1.0629056803445371,0,0,0.10637498308881195,0.10637498308881195
257,179,1.0797795462045663,0,0,-0.03114880622840988,-0.03114880622840988
270,179,1.3128265038846154,0,0,-0.11970051685333119,-0.11970051685333119
275,179,0.5623437954098897,0,0,0.02751085052226382,0.02751085052226382
282,179,1.3166820932493206,0,0,0.018330728830193446,0.018330728830193446
286,179,0.7008927335861709,0,0,0.05326312886071696,0.05326312886071696
297,179,1.3336244844009983,0,0,-0.11455452479575262,-0.11455452479575262
298,179,1.1869704661616456,0,0,-0.002282145456994414,-0.002282145456994414
302,179,0.6461425499143608,0,0,0.050501330484821666,0.050501330484821666
303,179,1.170953869169656,0,0,-0.07626171996430883,-0.07626171996430883
305,179,0.8370106958320769,0,0,0.04450040555605622,0.04450040555605622
314,179,1.4252061926391153,0,0,0.1858055536812745,0.1858055536812745
321,179,1.0022497509077555,0,0,-0.02771887515807106,-0.02771887515807106
322,179,0.5762103914264721,0,0,-0.031094506166743602,-0.031094506166743602
328,179,1.2578686632246692,0,0,-0.07774063808167961,-0.07774063808167961
334,179,0.20054158287405935,0,0,-3.2878171736056006e-5,-3.2878171736056006e-5
335,179,0.5264375202284727,0,0,0.037378387879019453,0.037378387879019453
346,179,1.5141750978799413,0,0,-0.15607696402170768,-0.15607696402170768
350,179,1.412124179877291,0,0,-0.16764565665539927,-0.16764565665539927
353,179,1.1145304821753463,0,0,-0.010496046688678672,-0.010496046688678672
354,179,0.7986679124787943,0,0,0.0047924966086183435,0.0047924966086183435
358,179,1.006486185587833,0,0,0.024090208133632718,0.024090208133632718
359,179,1.0281214381515082,0,0,0.02441455203420008,0.02441455203420008
364,179,1.241842868553792,0,0,-0.0967243799972181,-0.0967243799972181
370,179,0.6901672751257144,0,0,-0.03619370297284644,-0.03619370297284644
373,179,0.9830434705643998,0,0,-0.0252950207191364,-0.0252950207191364
374,179,1.1750851686018384,0,0,-0.05713925486779242,-0.05713925486779242
375,179,1.4170106458817615,0,0,-0.14049733774212825,-0.14049733774212825
384,179,0.21502670814594413,0,0,0.0012674482075083274,0.0012674482075083274
385,179,0.3448913071149551,0,0,0.009393894102039918,0.009393894102039918
386,179,1.592288138650036,0,0,0.12324534376057557,0.12324534376057557
388,179,1.2138470304668287,0,0,-0.0017402426647403213,-0.0017402426647403213
390,179,0.30636403393654194,0,0,-0.020195267348420892,-0.020195267348420892
399,179,1.029801764990238,0,0,-0.08502020595451426,-0.08502020595451426
183,180,0.683958068053502,0,0,-0.07004912265154124,-0.07004912265154124
190,180,0.396530949114574,0,0,-0.06183352801902346,-0.06183352801902346
191,180,1.4367771089632593,0,0,-0.03345271398407039,-0.03345271398407039
196,180,0.9417988843466859,0,0,-0.059549596505019994,-0.059549596505019994
213,180,0.4564919700612768,0,0,-0.05570370161248121,-0.05570370161248121
217,180,0.6093230506783289,0,0,0.07345127699595347,0.07345127699595347
227,180,0.9479622248246324,0,0,-0.05505301878108547,-0.05505301878108547
242,180,0.9970696893846787,0,0,0.030563484691772058,0.030563484691772058
259,180,0.7685285411400734,0,0,-0.048847511668903706,-0.048847511668903706
261,180,1.1760555560756283,0,0,0.1293066679002331,0.1293066679002331
273,180,1.250060091520929,0,0,0.03158121643301476,0.03158121643301476
309,180,1.594914556923692,0,0,0.06061411374027422,0.06061411374027422
331,180,0.36037569791981416,0,0,0.00920915827964594,0.00920915827964594
341,180,1.089913371520561,0,0,-0.060766189756906466,-0.060766189756906466
343,180,1.0337896929961272,0,0,0.02437002391948931,0.02437002391948931
351,180,0.8991308750550867,0,0,-0.061635843010333966,-0.061635843010333966
356,180,1.4219301741857904,0,0,-0.15065688989947812,-0.15065688989947812
361,180,1.173089009069734,0,0,-0.14605162320522186,-0.14605162320522186
368,180,1.3920041041429103,0,0,-0.1450911200004849,-0.1450911200004849
378,180,1.4992361781909087,0,0,-0.12445492595621348,-0.12445492595621348
382,180,1.2276261782193814,0,0,-0.11465596011631544,-0.11465596011631544
387,180,1.5131721783653498,0,0,0.16407529859146325,0.16407529859146325
395,180,1.2852227723088108,0,0,0.13026071835564165,0.13026071835564165
398,180,1.366881195123717,0,0,-0.1873962477998487,-0.1873962477998487
244,181,1.1726038049164482,0,0,0.16296808541962632,0.16296808541962632
248,181,1.3759634120116448,46,-1,-0.3185286092177506,0.6814713907822494
267,181,1.1628054122291573,0,0,0.07583497784042528,0.07583497784042528
276,181,0.6120739515613809,0,0,-0.09378158765348366,-0.09378158765348366
290,181,1.1043274408361723,0,0,0.14636648207064065,0.14636648207064065
304,181,0.59260851054493,0,0,-0.09908210532516776,-0.09908210532516776
312,181,1.1403796430916242,0,0,0.18531633649519888,0.18531633649519888
326,181,1.2732925236559034,0,0,0.23308862845569284,0.23308862845569284
355,181,1.0895160676520248,46,-1,-0.21878861126750138,0.7812113887324986
396,181,1.3979091900201952,0,0,-0.17584128588790593,-0.17584128588790593
188,182,1.270332500751061,0,0,0.1014747003504935,0.1014747003504935
218,182,0.6106590220568622,0,0,0.007700616217986511,0.007700616217986511
220,182,0.8889647699287667,0,0,-0.1771661728171387,-0.1771661728171387
228,182,1.072974298356495,0,0,0.06836931505237015,0.06836931505237015
234,182,0.5642522654440191,0,0,0.022295128448306112,0.022295128448306112
237,182,1.5204509456110513,0,0,0.11592117881268055,0.11592117881268055
251,182,1.590682387594186,0,0,0.04282071930589165,0.04282071930589165
260,182,0.3421171016113775,0,0,-0.04665196501932839,-0.04665196501932839
262,182,1.3428029614547319,46,-1,-0.27418718647671203,0.725812813523288
263,182,0.29871612979839296,0,0,0.08011868037743869,0.08011868037743869
293,182,1.3720842500713912,0,0,0.2720728063817272,0.2720728063817272
311,182,0.7828487263181809,0,0,0.13062817070314042,0.13062817070314042
330,182,0.5756536000095879,0,0,-0.08888363927040516,-0.08888363927040516
347,182,0.9160146070148988,0,0,0.1458767210455777,0.1458767210455777
383,182,1.3762651279976341,46,-1,-0.25367614046374465,0.7463238595362554
184,183,1.1884796311548658,0,0,-0.024958025707422477,-0.024958025707422477
190,183,0.7667171337912506,0,0,0.008215594632517781,0.008215594632517781
191,183,1.001804045417332,0,0,0.03659640866747085,0.03659640866747085
196,183,1.4768145711780518,0,0,0.010499526146521249,0.010499526146521249
213,183,0.36947344808111954,0,0,0.01434542103906003,0.01434542103906003
217,183,1.109837928851991,0,0,0.1435003996474947,0.1435003996474947
227,183,1.4657042809532101,0,0,0.014996103870455774,0.014996103870455774
259,183,1.2992531651460468,0,0,0.021201610982637537,0.021201610982637537
261,183,1.3510972919418522,0,0,0.19935579055177435,0.19935579055177435
280,183,1.169476100205489,0,0,-0.2565948008350545,-0.2565948008350545
300,183,0.9830926001685075,0,0,-0.1045941116339403,-0.1045941116339403
319,183,1.4666618264172184,0,0,0.026525770289027223,0.026525770289027223
331,183,1.0190165970217138,0,0,0.07925828093118718,0.07925828093118718
341,183,0.4909941065637346,0,0,0.009282932894634777,0.009282932894634777
351,183,0.31518120160015517,0,0,0.008413279641207277,0.008413279641207277
356,183,1.5727765002903908,0,0,-0.08060776724793686,-0.08060776724793686
361,183,1.125968567187591,0,0,-0.0760025005536806,-0.0760025005536806
382,183,0.551190939983009,0,0,-0.0446068374647742,-0.0446068374647742
398,183,0.8076915579434497,0,0,-0.11734712514830745,-0.11734712514830745
191,184,0.3584354227107585,0,0,0.06155443437489333,0.06155443437489333
213,184,1.5530074840019044,0,0,0.03930344674648251,0.03930344674648251
226,184,1.195315947709655,0,0,-0.02372765660111792,-0.02372765660111792
230,184,1.5178121656456354,46,-1,-0.29964987660812403,0.700350123391876
233,184,1.5697072885945405,0,0,0.24319770390528161,0.24319770390528161
247,184,1.5931671831407224,0,0,0.27312702388151444,0.27312702388151444
250,184,1.1120767611478897,0,0,0.08942346901709979,0.08942346901709979
269,184,1.5437077883369021,46,-1,-0.31050717943894846,0.6894928205610515
283,184,1.5106576110031613,46,-1,-0.2996498766081235,0.7003501233918765
284,184,1.371238283922394,46,-1,-0.18937321499166915,0.8106267850083309
285,184,0.8701733950421736,0,0,-0.11984900879344346,-0.11984900879344346
295,184,0.7665959396649751,0,0,0.07349999429026449,0.07349999429026449
300,184,0.6769166693106299,0,0,-0.07963608592651783,-0.07963608592651783
319,184,0.3871449496278706,0,0,0.0514837959964497,0.0514837959964497
323,184,1.5964991467279188,0,0,0.10882389352214472,0.10882389352214472
341,184,0.7015470776728988,0,0,0.03424095860205725,0.03424095860205725
351,184,0.8976183776164693,0,0,0.033371305348629754,0.033371305348629754
352,184,1.1596080475111226,0,0,0.13190117889262715,0.13190117889262715
362,184,1.4315184729587598,46,-1,-0.22477579185860774,0.7752242081413923
382,184,0.8097760945928003,0,0,-0.019648811757351725,-0.019648811757351725
398,184,1.491660821022807,0,0,-0.09238909944088497,-0.09238909944088497
201,185,1.2376590912086793,0,0,-0.24786984331040735,-0.24786984331040735
216,185,1.4256031089762553,0,0,-0.1000658750572555,-0.1000658750572555
270,185,1.5610242153905893,1,1,0.260454476762665,-0.739545523237335
289,185,0.8598176318169019,1,1,0.13709080366401105,-0.862909196335989
291,185,0.7682160999600025,0,0,0.064796723439418,0.064796723439418
297,185,1.3396362902005683,1,1,0.2656004688202436,-0.7343995311797564
301,185,0.9993722901091202,0,0,-0.174548331414215,-0.174548331414215
310,185,0.4809148188313511,0,0,-0.10000189824058459,-0.10000189824058459
320,185,0.7391138274557417,0,0,0.12181624132364455,0.12181624132364455
333,185,0.9326685304192379,1,1,0.17673092973822857,-0.8232690702617714
337,185,1.5329190174559857,0,0,-0.24471005158574127,-0.24471005158574127
345,185,0.8921249043907813,0,0,0.0055696682500112615,0.0055696682500112615
346,185,1.5683268730681705,1,1,0.22407802959428857,-0.7759219704057114
349,185,0.42931250810559474,0,0,-0.08056168427449772,-0.08056168427449772
350,185,1.2151740549428975,1,1,0.21250933696059693,-0.7874906630394031
364,185,1.590892924355598,1,1,0.2834306136187781,-0.7165693863812219
375,185,1.2006087781027126,1,1,0.239657655873868,-0.760342344126132
377,185,0.3175332299083282,0,0,0.0027375532575877326,0.0027375532575877326
399,185,1.5686576908976781,1,1,0.29513478766148193,-0.7048652123385181
400,185,0.6528116330164141,0,0,-0.0699202007593609,-0.0699202007593609
188,186,1.18748033772667,0,0,-0.22001925933745337,-0.22001925933745337
189,186,0.7426546822223937,0,0,-0.027333273564075944,-0.027333273564075944
192,186,1.3625252810707502,0,0,0.05691898535628477,0.05691898535628477
200,186,1.3020196262221186,0,0,0.11881029585243912,0.11881029585243912
215,186,1.2144030261759,0,0,0.053003267963037774,0.053003267963037774
224,186,1.0413414888016057,0,0,0.10180184719877942,0.10180184719877942
237,186,1.08230288778463,0,0,-0.20557278087526631,-0.20557278087526631
251,186,1.289224397303832,0,0,-0.2786732403820552,-0.2786732403820552
252,186,1.5048031200103071,0,0,0.09230221123588635,0.09230221123588635
257,186,0.8714959212002881,0,0,0.08660827359389796,0.08660827359389796
293,186,1.5165615669141004,0,0,-0.04942115330621964,-0.04942115330621964
305,186,1.5525153802067497,0,0,0.16225748537836404,0.16225748537836404
321,186,0.8984398859073685,0,0,0.09003820466423677,0.09003820466423677
328,186,0.5135190307922057,0,0,0.040016441740628225,0.040016441740628225
334,186,1.461784944411553,0,0,0.11772420165057178,0.11772420165057178
339,186,0.5521590400481271,0,0,-0.07749519160842999,-0.07749519160842999
346,186,0.8464585131733761,0,0,-0.03831988419939984,-0.03831988419939984
347,186,1.3425418910405964,0,0,-0.17561723864236917,-0.17561723864236917
350,186,1.2872490024691947,0,0,-0.04988857683309145,-0.04988857683309145
354,186,1.2750608949868802,0,0,0.12254957643092618,0.12254957643092618
359,186,1.3040447304566205,0,0,0.1421716318565079,0.1421716318565079
364,186,1.083226699365592,0,0,0.021032699825089735,0.021032699825089735
367,186,1.1447238529618315,0,0,-0.2337656145834912,-0.2337656145834912
373,186,1.0363433607384003,0,0,0.09246205910317143,0.09246205910317143
384,186,1.5881810096700468,0,0,0.11902452802981617,0.11902452802981617
390,186,1.464930676928773,0,0,0.09756181247388694,0.09756181247388694
399,186,1.3875404098685673,0,0,0.03273687386779358,0.03273687386779358
195,187,0.7763537822395994,0,0,0.06686008800509136,0.06686008800509136
203,187,1.0873223786553974,0,0,-0.008549797300772724,-0.008549797300772724
204,187,1.3018373891281814,0,0,0.12793251968327266,0.12793251968327266
206,187,0.8237568810542849,0,0,0.10010488976357537,0.10010488976357537
209,187,1.3813467676680495,0,0,0.06483279877079146,0.06483279877079146
214,187,0.910585975364307,0,0,0.005252739309524135,0.005252739309524135
221,187,1.3744665084445808,0,0,0.05640348628647157,0.05640348628647157
223,187,1.5231075558120073,0,0,-0.23085531045784063,-0.23085531045784063
225,187,0.49031936512464613,0,0,-0.0667037756968041,-0.0667037756968041
233,187,0.8754482784515571,0,0,-0.0968609592492525,-0.0968609592492525
235,187,1.2074508420267867,0,0,-0.03417824935795115,-0.03417824935795115
236,187,1.1186535161399191,0,0,-0.15885879750918733,-0.15885879750918733
239,187,0.8641820781413696,0,0,0.012616751733182469,0.012616751733182469
247,187,1.1335015554587513,0,0,-0.0669316392730197,-0.0669316392730197
249,187,1.5267878214387876,0,0,0.02306122122951962,0.02306122122951962
253,187,1.1930822422708516,0,0,0.11345875857688856,0.11345875857688856
254,187,1.1519374197620824,0,0,0.12374909772393214,0.12374909772393214
264,187,1.2773207747482764,0,0,-0.19994366353619641,-0.19994366353619641
266,187,1.4162970240231747,0,0,-0.205185587717188,-0.205185587717188
272,187,1.0119281018708501,0,0,0.10145422217492384,0.10145422217492384
278,187,0.8640508183986696,0,0,0.020044943143987193,0.020044943143987193
281,187,1.4019943010578746,0,0,0.1092845357974726,0.1092845357974726
288,187,1.3480445971526744,0,0,-0.034832799726157104,-0.034832799726157104
313,187,1.0866502627675905,0,0,-0.04219343413547849,-0.04219343413547849
315,187,0.8137803130753892,0,0,0.09227996601328367,0.09227996601328367
323,187,1.4193697560718082,0,0,-0.2312347696323894,-0.2312347696323894
324,187,0.7167720496228966,0,0,-0.05873415950859155,-0.05873415950859155
325,187,0.7628062225089887,0,0,-0.07319519024032722,-0.07319519024032722
336,187,1.032661215329614,0,0,0.14347957019121013,0.14347957019121013
338,187,1.4872027286904541,0,0,0.1428769653502631,0.1428769653502631
342,187,1.550217801855002,0,0,-0.24154759572290474,-0.24154759572290474
344,187,1.3930473683515776,0,0,-0.027534800788167807,-0.027534800788167807
352,187,1.4063067130641391,0,0,-0.20815748426190697,-0.20815748426190697
354,187,1.5760683656719539,0,0,-0.07142820244409073,-0.07142820244409073
359,187,1.4759821606255767,0,0,-0.051806147018509,-0.051806147018509
363,187,1.4560452589875112,0,0,0.15310427646685945,0.15310427646685945
369,187,1.0266281407303595,0,0,0.09517014313146274,0.09517014313146274
372,187,1.4714503453753067,0,0,0.06658004615255028,0.06658004615255028
381,187,0.9365526816439368,0,0,0.12130038803196871,0.12130038803196871
189,188,1.11433038264514,0,0,0.19268598577337742,0.19268598577337742
218,188,0.8136947440621781,0,0,-0.09377408413250699,-0.09377408413250699
237,188,0.28879572992959446,0,0,0.014446478462187051,0.014446478462187051
251,188,0.5222710946473383,0,0,-0.058653981044601844,-0.058653981044601844
260,188,1.1620431567994587,0,0,-0.14812666536982189,-0.14812666536982189
263,188,1.0702500015320582,0,0,-0.021356019973054807,-0.021356019973054807
293,188,1.5018657617683118,0,0,0.1705981060312337,0.1705981060312337
307,188,1.465049198247539,46,-1,-0.3343952066818223,0.6656047933181777
328,188,1.4555742642341165,0,0,0.2600357010780816,0.2600357010780816
330,188,1.0399317222393523,0,0,-0.19035833962089865,-0.19035833962089865
339,188,0.7101111065909281,0,0,0.14252406772902337,0.14252406772902337
347,188,0.46692018833982313,0,0,0.0444020206950842,0.0444020206950842
367,188,0.7957773901859451,0,0,-0.013746355246037845,-0.013746355246037845
383,188,1.584797973466728,46,-1,-0.3551508408142381,0.6448491591857619
391,188,1.5767304248238245,46,-1,-0.3163021143305583,0.6836978856694417
200,189,1.4771738448480174,0,0,0.14614356941651507,0.14614356941651507
218,189,1.533475444438747,0,0,-0.2864600699058844,-0.2864600699058844
224,189,0.931623652904542,0,0,0.12913512076285538,0.12913512076285538
236,189,1.4167400559721282,0,0,0.06245225492990551,0.06245225492990551
237,189,1.1860814690823234,0,0,-0.17823950731119037,-0.17823950731119037
251,189,1.4334774677665405,0,0,-0.25133996681797927,-0.25133996681797927
257,189,0.8089245619848529,0,0,0.1139415471579739,0.1139415471579739
263,189,1.3631958025260364,0,0,-0.21404200574643223,-0.21404200574643223
266,189,1.36383032668709,0,0,0.016125464721904847,0.016125464721904847
293,189,0.7739620525233443,0,0,-0.0220878797421437,-0.0220878797421437
311,189,1.5732213726975133,0,0,-0.1635325154207305,-0.1635325154207305
321,189,0.8809462474823254,0,0,0.11737147822831272,0.11737147822831272
324,189,1.4203144882941885,0,0,0.16257689293050132,0.16257689293050132
325,189,1.3958208507330674,0,0,0.14811586219876563,0.14811586219876563
328,189,0.6419890300096053,0,0,0.06734971530470417,0.06734971530470417
339,189,0.9134894565748046,0,0,-0.05016191804435405,-0.05016191804435405
346,189,1.5736455524219353,0,0,-0.010986610635323898,-0.010986610635323898
347,189,0.9844353865582091,0,0,-0.14828396507829322,-0.14828396507829322
354,189,1.2719288695678383,0,0,0.14988284999500212,0.14988284999500212
359,189,1.2224513060920474,0,0,0.16950490542058386,0.16950490542058386
367,189,1.5113846553648065,0,0,-0.20643234101941527,-0.20643234101941527
373,189,0.9384814100454579,0,0,0.11979533266724737,0.11979533266724737
196,190,0.7148812422520174,0,0,0.0022839315140034677,0.0022839315140034677
210,190,1.4970342051375887,0,0,-0.05072025497230764,-0.05072025497230764
213,190,0.4071255810437422,0,0,0.006129826406542249,0.006129826406542249
217,190,0.8750292017620146,0,0,0.13528480501497692,0.13528480501497692
227,190,0.7086694862840841,0,0,0.006780509237937993,0.006780509237937993
231,190,1.538895766201354,0,0,-0.2813648646471326,-0.2813648646471326
242,190,1.0831408857451341,0,0,0.09239701271079552,0.09239701271079552
259,190,0.5359954406431316,0,0,0.012986016350119756,0.012986016350119756
261,190,1.3540454374324218,0,0,0.19114019591925657,0.19114019591925657
273,190,1.3157653184322742,0,0,0.09341474445203822,0.09341474445203822
280,190,1.5005672099122773,0,0,-0.2648103954675723,-0.2648103954675723
331,190,0.45297564142815805,0,0,0.0710426862986694,0.0710426862986694
341,190,1.2473295154244488,0,0,0.0010673382621169958,0.0010673382621169958
343,190,1.0948381935174596,0,0,0.08620355193851277,0.08620355193851277
351,190,1.060468586978533,0,0,0.00019768500868949657,0.00019768500868949657
356,190,1.0303672697317163,0,0,-0.08882336188045464,-0.08882336188045464
361,190,0.8026559582468245,0,0,-0.08421809518619838,-0.08421809518619838
368,190,1.0242416671982457,0,0,-0.08325759198146143,-0.08325759198146143
378,190,1.2512300282809137,0,0,-0.06262139793719002,-0.06262139793719002
382,190,1.301443590674448,0,0,-0.05282243209729198,-0.05282243209729198
395,190,1.4463104400812608,0,0,0.19209424637466513,0.19209424637466513
398,190,1.2205244843895713,0,0,-0.12556271978082523,-0.12556271978082523
213,191,1.3429145766588992,0,0,-0.022250987628410823,-0.022250987628410823
217,191,1.5329564238091082,0,0,0.10690399098002384,0.10690399098002384
226,191,1.4246754778444513,0,0,-0.08528209097601125,-0.08528209097601125
233,191,1.4677026937489228,0,0,0.18164326953038828,0.18164326953038828
247,191,1.4529813563724023,0,0,0.21157258950662108,0.21157258950662108
250,191,1.1110761714718524,0,0,0.027869034642206456,0.027869034642206456
261,191,1.4735971865646023,0,0,0.1627593818843035,0.1627593818843035
285,191,1.2118065908809066,0,0,-0.1814034431683368,-0.1814034431683368
295,191,0.8022143226746895,0,0,0.011945559915371162,0.011945559915371162
300,191,0.8516916190454557,0,0,-0.14119052030141116,-0.14119052030141116
313,191,1.5357677560244916,0,0,0.2363107946441623,0.2363107946441623
319,191,0.49937283076818995,0,0,-0.01007063837844363,-0.01007063837844363
323,191,1.5867652885000487,0,0,0.04726945914725139,0.04726945914725139
341,191,0.5678927671987405,0,0,-0.027313475772836077,-0.027313475772836077
351,191,0.7173517910747325,0,0,-0.028183129026263576,-0.028183129026263576
352,191,1.0797796810562552,0,0,0.07034674451773382,0.07034674451773382
382,191,0.7923268727378617,0,0,-0.08120324613224505,-0.08120324613224505
398,191,1.4925900348287413,0,0,-0.1539435338157783,-0.1539435338157783
200,192,1.0709004689980297,0,0,0.061891310496154345,0.061891310496154345
202,192,0.44503377073561984,0,0,-0.015173813308468424,-0.015173813308468424
211,192,0.906727160625345,0,0,0.05837676516996992,0.05837676516996992
215,192,0.16325424848811668,0,0,-0.003915717393246998,-0.003915717393246998
224,192,1.4573229181091893,0,0,0.044882861842494653,0.044882861842494653
238,192,1.344315100930179,0,0,0.07709413094087668,0.07709413094087668
240,192,1.384312936170045,0,0,-0.012912686616625849,-0.012912686616625849
243,192,0.5852177813541687,0,0,-0.03376879526961361,-0.03376879526961361
252,192,0.5958194775837373,0,0,0.035383225879601576,0.035383225879601576
257,192,1.3253541038322851,0,0,0.02968928823761318,0.02968928823761318
270,192,0.6128809143803973,0,0,-0.05886242238730813,-0.05886242238730813
275,192,1.3795158445497808,0,0,0.08834894498828688,0.08834894498828688
286,192,1.5231364888707852,0,0,0.11410122332674003,0.11410122332674003
289,192,1.296972199957335,0,0,-0.18222609548596208,-0.18222609548596208
291,192,1.5815933797179793,46,-1,-0.2545201757105552,0.7454798242894448
297,192,0.5398202442191509,0,0,-0.053716430329729566,-0.053716430329729566
302,192,1.4358056792111555,0,0,0.11133942495084473,0.11133942495084473
303,192,0.7663900920287906,0,0,-0.015423625498285768,-0.015423625498285768
305,192,1.538551713881601,0,0,0.10533850002207928,0.10533850002207928
320,192,1.3458660449298596,46,-1,-0.19750065782632864,0.8024993421736714
321,192,1.2671569911324894,0,0,0.033119219307952,0.033119219307952
322,192,0.5470731071787626,0,0,0.029743588299279457,0.029743588299279457
328,192,1.2287718124506066,0,0,-0.016902543615656546,-0.016902543615656546
333,192,1.1383932947508102,0,0,-0.1425859694117446,-0.1425859694117446
334,192,0.9244418604123973,0,0,0.06080521629428701,0.06080521629428701
335,192,1.3640621563031763,0,0,0.09821648234504252,0.09821648234504252
346,192,1.0103103492633259,0,0,-0.09523886955568461,-0.09523886955568461
350,192,0.7621721864472961,0,0,-0.10680756218937622,-0.10680756218937622
353,192,1.5054549274273106,0,0,0.05034204777734439,0.05034204777734439
354,192,1.367224837489343,0,0,0.0656305910746414,0.0656305910746414
359,192,1.5843382526412497,0,0,0.08525264650022314,0.08525264650022314
364,192,0.4885337470752193,0,0,-0.035886285531195036,-0.035886285531195036
370,192,0.7684923731588893,0,0,0.02464439149317662,0.02464439149317662
373,192,1.3090740070837454,0,0,0.03554307374688666,0.03554307374688666
374,192,1.1454803460107028,0,0,0.003698839598230637,0.003698839598230637
375,192,0.6959179180868242,0,0,-0.07965924327610518,-0.07965924327610518
384,192,1.0599204506322437,0,0,0.06210554267353139,0.06210554267353139
385,192,1.1269043711716615,0,0,0.07023198856806298,0.07023198856806298
390,192,0.6217748988145906,0,0,0.04064282711760217,0.04064282711760217
399,192,0.16835857023435585,0,0,-0.02418211148849119,-0.02418211148849119
194,193,0.28599611741301945,0,0,-0.008371223309874012,-0.008371223309874012
197,193,0.7149857912463805,0,0,0.02248705697040873,0.02248705697040873
200,193,1.468549669996139,0,0,-0.011793748680162933,-0.011793748680162933
203,193,1.496342030985672,0,0,0.05482393704164214,0.05482393704164214
205,193,0.46166481812554794,0,0,-0.019192547688175625,-0.019192547688175625
211,193,1.0939668671480487,0,0,-0.01530829400634736,-0.01530829400634736
219,193,0.46094965504441904,0,0,-0.02654177115283811,-0.02654177115283811
229,193,0.9516745932725347,0,0,-0.058873942904656265,-0.058873942904656265
232,193,1.0259366340757807,0,0,0.07660017739306427,0.07660017739306427
235,193,1.2264073491989127,0,0,0.029195484984463713,0.029195484984463713
238,193,0.6351397395475135,0,0,0.0034090717645594015,0.0034090717645594015
240,193,1.2646438427484947,0,0,-0.08659774579294313,-0.08659774579294313
246,193,1.0998762628497691,0,0,-0.0667724806186789,-0.0667724806186789
247,193,1.4157888485612646,0,0,-0.003557904930604844,-0.003557904930604844
252,193,1.2273938547958267,0,0,-0.0383018332967157,-0.0383018332967157
255,193,1.1686399610354101,0,0,0.07822217948425284,0.07822217948425284
256,193,1.5047115691981867,0,0,0.09352801837851774,0.09352801837851774
258,193,1.5081339829688651,0,0,0.16731780261376272,0.16731780261376272
261,193,1.1754128732503633,0,0,-0.052371112552922434,-0.052371112552922434
268,193,0.7294001332482645,0,0,0.03302884366985297,0.03302884366985297
275,193,1.3756833868267266,0,0,0.014663885811969604,0.014663885811969604
277,193,0.9021669241213351,0,0,0.07445311871055749,0.07445311871055749
282,193,0.17369790748531058,0,0,0.0054837641198992315,0.0054837641198992315
286,193,1.4093596562080684,0,0,0.04041616415042275,0.04041616415042275
287,193,1.2699533526167008,0,0,0.13370462460035645,0.13370462460035645
288,193,1.2617232739451045,0,0,0.028540934616257757,0.028540934616257757
298,193,0.2004287248557211,0,0,-0.015129110167288629,-0.015129110167288629
302,193,1.272205296132729,0,0,0.03765436577452745,0.03765436577452745
303,193,1.5522929129188656,0,0,-0.08910868467460305,-0.08910868467460305
306,193,1.5785918414374276,0,0,0.09644901314811219,0.09644901314811219
309,193,1.4340238736453614,0,0,-0.12106366671288132,-0.12106366671288132
313,193,1.4858308209103988,0,0,0.02118030020693637,0.02118030020693637
322,193,1.2307421369219385,0,0,-0.043941470877037814,-0.043941470877037814
326,193,1.537840533729987,0,0,-0.14084325680831833,-0.14084325680831833
332,193,1.3330057479134496,0,0,0.1471638064792856,0.1471638064792856
334,193,1.3009209038257965,0,0,-0.01287984288203027,-0.01287984288203027
335,193,1.1902480161002071,0,0,0.02453142316872524,0.02453142316872524
340,193,1.097185588699934,0,0,0.05211353292224498,0.05211353292224498
344,193,1.1754505689602746,0,0,0.035838933554247054,0.035838933554247054
353,193,0.4379945039853792,0,0,-0.023343011398972886,-0.023343011398972886
354,193,1.5914641926994582,0,0,-0.008054468101675871,-0.008054468101675871
358,193,0.3215901669560021,0,0,0.011243243423338503,0.011243243423338503
370,193,1.0546379711002716,0,0,-0.04904066768314065,-0.04904066768314065
374,193,1.0811373853534085,0,0,-0.06998621957808664,-0.06998621957808664
384,193,1.198200055935992,0,0,-0.011579516502785887,-0.011579516502785887
385,193,0.8406768428113921,0,0,-0.0034530706082542967,-0.0034530706082542967
387,193,0.936652504230944,0,0,-0.017602481861692304,-0.017602481861692304
388,193,0.21596863014113907,0,0,-0.014587207375034536,-0.014587207375034536
390,193,1.26731646130451,0,0,-0.03304223205871511,-0.03304223205871511
392,193,0.6864354239388906,0,0,0.02820671955870481,0.02820671955870481
395,193,0.9504854119161698,0,0,-0.051417062097513885,-0.051417062097513885
397,193,0.874281485325076,0,0,0.04416401413280138,0.04416401413280138
197,194,0.5612420771637441,0,0,0.030858280280282743,0.030858280280282743
203,194,1.3526156534171518,0,0,0.06319516035151615,0.06319516035151615
205,194,0.1911662781196717,0,0,-0.010821324378301612,-0.010821324378301612
211,194,1.332957547743817,0,0,-0.006937070696473348,-0.006937070696473348
212,194,1.5928964572328712,0,0,0.1107932072021162,0.1107932072021162
217,194,1.3943368664115676,0,0,-0.09985528014732806,-0.09985528014732806
219,194,0.4223878628721593,0,0,-0.018170547842964097,-0.018170547842964097
229,194,0.8224288649463259,0,0,-0.05050271959478225,-0.05050271959478225
232,194,1.007780170547534,0,0,0.08497140070293828,0.08497140070293828
233,194,1.5079156766670194,0,0,-0.02511600159696363,-0.02511600159696363
235,194,1.0658612584531222,0,0,0.037566708294337725,0.037566708294337725
238,194,0.9110719854133482,0,0,0.011780295074433414,0.011780295074433414
240,194,1.3288184378950447,0,0,-0.0782265224830691,-0.0782265224830691
242,194,1.4891491832462456,0,0,-0.14274307245150947,-0.14274307245150947
246,194,0.9531993992386182,0,0,-0.05840125730880488,-0.05840125730880488
247,194,1.245059282667714,0,0,0.004813318379269169,0.004813318379269169
252,194,1.4127647506302847,0,0,-0.02993060998684169,-0.02993060998684169
255,194,1.106091420593804,0,0,0.08659340279412685,0.08659340279412685
258,194,1.4645305393269652,0,0,0.17568902592363672,0.17568902592363672
261,194,0.9004952721561809,0,0,-0.04399988924304842,-0.04399988924304842
268,194,0.6122385242819967,0,0,0.04140006697972698,0.04140006697972698
273,194,1.401706328717916,0,0,-0.14172534071026677,-0.14172534071026677
277,194,1.0453440209452922,0,0,0.0828243420204315,0.0828243420204315
282,194,0.17935116238620505,0,0,0.013854987429773244,0.013854987429773244
287,194,1.4032167789674113,0,0,0.14207584791023048,0.14207584791023048
288,194,1.0759358630015496,0,0,0.03691215792613177,0.03691215792613177
298,194,0.30809758666734616,0,0,-0.006757886857414616,-0.006757886857414616
302,194,1.5467537622037701,0,0,0.046025589084401464,0.046025589084401464
306,194,1.4489130589995285,0,0,0.1048202364579862,0.1048202364579862
309,194,1.2790212704621784,0,0,-0.1126924434030073,-0.1126924434030073
313,194,1.3281007413654093,0,0,0.029551523516810382,0.029551523516810382
322,194,1.4194138657612239,0,0,-0.0355702475671638,-0.0355702475671638
326,194,1.586970328406987,0,0,-0.1324720334984443,-0.1324720334984443
332,194,1.494498642350945,0,0,0.15553502978915962,0.15553502978915962
334,194,1.5195208143956034,0,0,-0.004508619572156258,-0.004508619572156258
335,194,1.4571677934108973,0,0,0.03290264647859925,0.03290264647859925
340,194,0.9496895620687144,0,0,0.06048475623211899,0.06048475623211899
343,194,1.5395879267534254,0,0,-0.14893653322379222,-0.14893653322379222
344,194,1.020804435488004,0,0,0.04421015686412107,0.04421015686412107
353,194,0.5352824050751307,0,0,-0.014971788089098874,-0.014971788089098874
358,194,0.6015854050308628,0,0,0.019614466733212516,0.019614466733212516
370,194,1.2357226103115664,0,0,-0.04066944437326664,-0.04066944437326664
371,194,1.5874277792965605,0,0,0.11457638374096256,0.11457638374096256
374,194,1.19482521270102,0,0,-0.061614996268212624,-0.061614996268212624
384,194,1.4228481326279885,0,0,-0.003208293192911875,-0.003208293192911875
385,194,1.0934591744989253,0,0,0.004918152701619716,0.004918152701619716
387,194,0.6937065702796879,0,0,-0.009231258551818292,-0.009231258551818292
388,194,0.23409389749012474,0,0,-0.006215984065160524,-0.006215984065160524
390,194,1.4662074494447799,0,0,-0.024671008748841095,-0.024671008748841095
392,194,0.6107132494269931,0,0,0.03657794286857882,0.03657794286857882
395,194,0.6698253869744538,0,0,-0.04304583878763987,-0.04304583878763987
397,194,0.788616666791281,0,0,0.052535237442675395,0.052535237442675395
204,195,0.5655799735752498,0,0,0.0610724316781813,0.0610724316781813
206,195,1.0775685108222135,0,0,0.033244801758484016,0.033244801758484016
214,195,0.724835130118014,0,0,-0.06160734869556722,-0.06160734869556722
221,195,0.820791633550092,0,0,-0.010456601718619785,-0.010456601718619785
225,195,1.0854009132526292,0,0,-0.13356386370189544,-0.13356386370189544
236,195,1.5209411787905796,0,0,-0.22571888551427868,-0.22571888551427868
239,195,1.5772904821667821,0,0,-0.05424333627190889,-0.05424333627190889
241,195,1.4608197867161767,0,0,0.05904680762259487,0.05904680762259487
249,195,1.2442636697675027,0,0,-0.04379886677557174,-0.04379886677557174
253,195,0.45082691041369455,0,0,0.0465986705717972,0.0465986705717972
254,195,0.3864885595387897,0,0,0.05688900971884078,0.05688900971884078
262,195,1.3383137803866094,0,0,0.14348098695523284,0.14348098695523284
272,195,0.23696228806841085,0,0,0.03459413416983248,0.03459413416983248
278,195,0.5204483354142116,0,0,-0.04681514486110416,-0.04681514486110416
279,195,1.1692072910348843,0,0,0.011185327897787145,0.011185327897787145
315,195,1.208807183842329,0,0,0.025419878008192315,0.025419878008192315
317,195,1.2045574608776661,0,0,0.09149459014764141,0.09149459014764141
318,195,1.4996129716837738,0,0,0.05004357366544546,0.05004357366544546
324,195,0.9079744136943442,0,0,-0.12559424751368292,-0.12559424751368292
325,195,1.0642773361435405,0,0,-0.14005527824541858,-0.14005527824541858
336,195,1.0914312536430932,0,0,0.07661948218611878,0.07661948218611878
338,195,0.7412550677090379,0,0,0.07601687734517174,0.07601687734517174
359,195,1.4390161872331861,0,0,-0.11866623502360035,-0.11866623502360035
363,195,0.8466645386162236,0,0,0.0862441884617681,0.0862441884617681
369,195,0.2610210316465344,0,0,0.028310055126371386,0.028310055126371386
372,195,0.9529599606838922,0,0,-0.00028004185254107417,-0.00028004185254107417
381,195,0.9114986426770965,0,0,0.05444030002687736,0.05444030002687736
386,195,1.1974077803340581,0,0,-0.019835443297224864,-0.019835443297224864
389,195,1.0451885474760314,0,0,0.030093337439364987,0.030093337439364987
393,195,1.07634515049969,0,0,0.09685829473852578,0.09685829473852578
198,196,0.942416253008492,0,0,-0.10770029320771657,-0.10770029320771657
208,196,1.4677555177798982,0,0,-0.1951459299154158,-0.1951459299154158
210,196,0.7998525505587724,0,0,-0.05300418648631111,-0.05300418648631111
213,196,1.1216736585373448,0,0,0.0038458948925387815,0.0038458948925387815
217,196,1.1038301172881608,0,0,0.13300087350097345,0.13300087350097345
227,196,0.07082055030004396,0,0,0.004496577723934525,0.004496577723934525
231,196,1.3426281137527183,0,0,-0.2836487961611361,-0.2836487961611361
242,196,0.8103649764674289,0,0,0.09011308119679205,0.09011308119679205
259,196,0.18485655032979925,0,0,0.010702084836116288,0.010702084836116288
265,196,1.290662797806377,0,0,-0.19596122998074328,-0.19596122998074328
267,196,1.5057054096428022,0,0,-0.05686953046541035,-0.05686953046541035
273,196,0.9575463093538038,0,0,0.09113081293803475,0.09113081293803475
296,196,1.4338625334408912,0,0,-0.1807562264583748,-0.1807562264583748
309,196,1.3663873951836347,0,0,0.12016371024529421,0.12016371024529421
316,196,1.3280479568871488,0,0,-0.23059740441533028,-0.23059740441533028
331,196,0.6535666198592238,0,0,0.06875875478466593,0.06875875478466593
343,196,0.7656526199426223,0,0,0.0839196204245093,0.0839196204245093
356,196,0.9319530032787627,0,0,-0.09110729339445811,-0.09110729339445811
360,196,1.1370538470560958,0,0,-0.1592197201492329,-0.1592197201492329
361,196,1.0969836367272923,0,0,-0.08650202670020185,-0.08650202670020185
368,196,0.7580954229460242,0,0,-0.0855415234954649,-0.0855415234954649
378,196,0.6043572781883643,0,0,-0.06490532945119348,-0.06490532945119348
395,196,1.5440157473377767,0,0,0.18981031486066166,0.18981031486066166
203,197,0.9970094203504755,0,0,0.032336880071233406,0.032336880071233406
205,197,0.594901202401621,0,0,-0.041679604658584356,-0.041679604658584356
209,197,1.4109230230066248,0,0,0.10571947614279759,0.10571947614279759
212,197,1.0437490272800942,0,0,0.07993492692183346,0.07993492692183346
217,197,1.431820531660667,0,0,-0.13071356042761081,-0.13071356042761081
219,197,0.9540380247547756,0,0,-0.04902882812324684,-0.04902882812324684
222,197,1.5909132817070502,0,0,0.165247121369085,0.165247121369085
229,197,1.2664208784078572,0,0,-0.081360999875065,-0.081360999875065
232,197,0.6304595814585445,0,0,0.054113120422655536,0.054113120422655536
233,197,1.3707088246095596,0,0,-0.055974281877246373,-0.055974281877246373
235,197,0.769397154987774,0,0,0.006708428014054982,0.006708428014054982
238,197,1.2791113345964582,0,0,-0.01907798520584933,-0.01907798520584933
239,197,1.3052344592205298,0,0,0.0535034291051886,0.0535034291051886
246,197,1.3618511667776998,0,0,-0.08925953758908763,-0.08925953758908763
247,197,1.0193729432607574,0,0,-0.026044961901013575,-0.026044961901013575
255,197,0.615492243540377,0,0,0.055735122513844104,0.055735122513844104
258,197,1.0584155480394812,0,0,0.144830745643354,0.144830745643354
261,197,0.8694405254733104,0,0,-0.07485816952333116,-0.07485816952333116
268,197,0.10274595519742814,0,0,0.010541786699444236,0.010541786699444236
273,197,1.5801541083438284,0,0,-0.17258362099054952,-0.17258362099054952
274,197,1.5303123175696725,0,0,0.1482831971757223,0.1482831971757223
277,197,0.9867253551682326,0,0,0.051966061740148756,0.051966061740148756
282,197,0.5489659355286098,0,0,-0.0170032928505095,-0.0170032928505095
287,197,1.3597271436365113,0,0,0.11121756762994772,0.11121756762994772
288,197,0.7376563062626382,0,0,0.006053877645849026,0.006053877645849026
298,197,0.8282259124827791,0,0,-0.03761616713769736,-0.03761616713769736
306,197,0.8879363620911921,0,0,0.07396195617770346,0.07396195617770346
309,197,1.5933158254843267,0,0,-0.14355072368329005,-0.14355072368329005
313,197,1.0276427414767138,0,0,-0.001306756763472361,-0.001306756763472361
327,197,1.3290613447245467,0,0,0.22256998842738604,0.22256998842738604
332,197,1.5061014654282718,0,0,0.12467674950887686,0.12467674950887686
340,197,0.3914585044427474,0,0,0.029626475951836248,0.029626475951836248
344,197,0.5849574013547819,0,0,0.013351876583838324,0.013351876583838324
353,197,1.0802178669301852,0,0,-0.04583006836938162,-0.04583006836938162
358,197,0.9110847535888814,0,0,-0.011243813547070228,-0.011243813547070228
371,197,1.0389108663308306,0,0,0.08371810346067982,0.08371810346067982
376,197,1.2418207156799181,0,0,0.10894925723059629,0.10894925723059629
385,197,1.4829639493322517,0,0,-0.025940127578663028,-0.025940127578663028
387,197,0.6476291610410053,0,0,-0.040089538832101035,-0.040089538832101035
388,197,0.7832029628801943,0,0,-0.03707426434544327,-0.03707426434544327
392,197,0.19894234122918997,0,0,0.005719662588296079,0.005719662588296079
395,197,0.8092483242882429,0,0,-0.07390411906792262,-0.07390411906792262
397,197,0.28712644323287245,0,0,0.02167695716239265,0.02167695716239265
208,198,0.6229597710298428,0,0,-0.08744563670769923,-0.08744563670769923
210,198,0.24650488420725075,0,0,0.05469610672140546,0.05469610672140546
227,198,0.9218920793498524,0,0,0.1121968709316511,0.1121968709316511
231,198,1.24808738255497,0,0,-0.17594850295341952,-0.17594850295341952
242,198,1.2789295680912534,0,0,0.19781337440450864,0.19781337440450864
259,198,1.1224082519830418,0,0,0.11840237804383286,0.11840237804383286
265,198,0.6186180379928945,0,0,-0.08826093677302671,-0.08826093677302671
267,198,0.895894440435151,0,0,0.05083076274230622,0.05083076274230622
273,198,1.21215359634409,0,0,0.19883110614575134,0.19883110614575134
296,198,0.5840459694837825,0,0,-0.07305593325065823,-0.07305593325065823
309,198,1.4577523107334067,0,0,0.22786400345301078,0.22786400345301078
316,198,0.8307552882652703,0,0,-0.12289711120761371,-0.12289711120761371
327,198,1.582531674557608,46,-1,-0.4060152844363132,0.5939847155636868
331,198,1.5178584936537043,0,0,0.1764590479923825,0.1764590479923825
343,198,1.208910546301465,0,0,0.19161991363222586,0.19161991363222586
348,198,1.2230263291711037,0,0,-0.27273432187309105,-0.27273432187309105
355,198,1.4766572330016638,46,-1,-0.24379282636562039,0.7562071736343796
356,198,1.2861294584532577,0,0,0.016592999813258458,0.016592999813258458
360,198,0.3652434603813702,0,0,-0.051519426941516344,-0.051519426941516344
368,198,1.0117889044318389,0,0,0.02215876971225167,0.02215876971225167
378,198,0.36843001024193417,0,0,0.042794963756523086,0.042794963756523086
200,199,1.3387503362779327,0,0,-0.17532101286778734,-0.17532101286778734
207,199,1.4264849871526526,0,0,0.29967168048986026,0.29967168048986026
214,199,1.2836472334329676,0,0,-0.0949007905356854,-0.0949007905356854
216,199,1.5066345525824463,0,0,0.3434049024288297,0.3434049024288297
221,199,0.949707141587839,0,0,-0.04375004355873796,-0.04375004355873796
224,199,1.3980077005952591,0,0,-0.19232946152144703,-0.19232946152144703
241,199,0.7955028792624127,0,0,0.025753365782476695,0.025753365782476695
249,199,0.6642921522172489,0,0,-0.07709230861568991,-0.07709230861568991
253,199,1.5608085461673524,0,0,0.013305228731679025,0.013305228731679025
256,199,1.5446688587902249,0,0,-0.06999924580910666,-0.06999924580910666
257,199,1.55547869756769,0,0,-0.2075230351263285,-0.2075230351263285
271,199,0.8016146708074063,0,0,0.05779726710444674,0.05779726710444674
275,199,1.1601961137544299,0,0,-0.14886337837565478,-0.14886337837565478
278,199,1.3469046065385997,0,0,-0.08010858670122234,-0.08010858670122234
279,199,0.5937599031469957,0,0,-0.02210811394233103,-0.02210811394233103
286,199,1.126414707720134,0,0,-0.12311110003720165,-0.12311110003720165
302,199,1.4255277405382323,0,0,-0.12587289841309696,-0.12587289841309696
305,199,0.9171967262692334,0,0,-0.13187382334186237,-0.13187382334186237
307,199,1.1830310798230086,0,0,0.15145422526049787,0.15145422526049787
314,199,0.7741699188254795,0,0,0.009431324783355899,0.009431324783355899
317,199,1.3209878825622243,0,0,0.05820114830752324,0.05820114830752324
318,199,0.6127165913385345,0,0,0.01675013182532728,0.01675013182532728
321,199,1.5346221162512472,0,0,-0.20409310405598968,-0.20409310405598968
334,199,1.509321294155659,0,0,-0.17640710706965468,-0.17640710706965468
335,199,1.42692165245664,0,0,-0.13899584101889917,-0.13899584101889917
337,199,1.156831647257823,0,0,0.1987607259003439,0.1987607259003439
354,199,1.2730995387024744,0,0,-0.17158173228930026,-0.17158173228930026
359,199,1.1542734205775276,0,0,-0.15195967686371853,-0.15195967686371853
365,199,1.0082417746181414,0,0,0.15487161348055947,0.15487161348055947
369,199,1.5770433934930868,0,0,-0.00498338671374679,-0.00498338671374679
372,199,0.7791277254871477,0,0,-0.03357348369265925,-0.03357348369265925
379,199,0.7121715799635389,0,0,0.050975265457398916,0.050975265457398916
380,199,0.5147160517425884,0,0,0.04816545512300932,0.04816545512300932
383,199,1.4984114682349488,0,0,0.13069859112808205,0.13069859112808205
384,199,1.4850285578616789,0,0,-0.17510678069041027,-0.17510678069041027
386,199,0.5530198114448414,0,0,-0.05312888513734304,-0.05312888513734304
389,199,0.9223545345218325,0,0,-0.00320010440075319,-0.00320010440075319
391,199,1.1754405933572207,0,0,0.16954731761176187,0.16954731761176187
393,199,1.555385468178902,0,0,0.0635648528984076,0.0635648528984076
202,200,1.3322983006457711,0,0,-0.07706512380462277,-0.07706512380462277
211,200,0.5793800010093054,0,0,-0.0035145453261844276,-0.0035145453261844276
214,200,1.2322116545406914,0,0,0.08042022233210193,0.08042022233210193
215,200,0.9989209420904316,0,0,-0.06580702788940135,-0.06580702788940135
221,200,1.5049641990530123,0,0,0.13157096930904938,0.13157096930904938
224,200,0.6409767683220685,0,0,-0.01700844865365969,-0.01700844865365969
238,200,0.9998260560948726,0,0,0.015202820444722334,0.015202820444722334
243,200,1.530997987539827,0,0,-0.09566010576576796,-0.09566010576576796
249,200,0.9647478797903637,0,0,0.09822870425209741,0.09822870425209741
252,200,0.6829903821631478,0,0,-0.02650808461655277,-0.02650808461655277
256,200,1.2711050867849916,0,0,0.10532176705868067,0.10532176705868067
257,200,0.679437402170699,0,0,-0.03220202225854116,-0.03220202225854116
275,200,0.47453935487429005,0,0,0.026457634492132537,0.026457634492132537
278,200,1.4430307870062984,0,0,0.09521242616656499,0.09521242616656499
279,200,1.4885535194349646,0,0,0.1532128989254563,0.1532128989254563
286,200,0.6803493069402677,0,0,0.05220991283058568,0.05220991283058568
297,200,1.5276561530582382,0,0,-0.1156077408258839,-0.1156077408258839
298,200,1.531367870071409,0,0,-0.003335361487125696,-0.003335361487125696
302,200,0.8469794735580841,0,0,0.049448114454690384,0.049448114454690384
303,200,1.555147567787441,0,0,-0.07731493599444011,-0.07731493599444011
305,200,0.49290415504354684,0,0,0.04344718952592494,0.04344718952592494
314,200,1.3188097279954105,0,0,0.18475233765114324,0.18475233765114324
321,200,0.6044845839685573,0,0,-0.028772091188202342,-0.028772091188202342
322,200,0.9455627730956213,0,0,-0.03214772219687488,-0.03214772219687488
324,200,1.469622723024399,0,0,0.016433323513986242,0.016433323513986242
325,200,1.5341599634616663,0,0,0.0019722927822505704,0.0019722927822505704
328,200,0.9137509877898591,0,0,-0.07879385411181089,-0.07879385411181089
334,200,0.275401995924293,0,0,-0.001086094201867338,-0.001086094201867338
335,200,0.7218630234257039,0,0,0.03632517184888817,0.03632517184888817
346,200,1.375123172861713,0,0,-0.15713018005183896,-0.15713018005183896
350,200,1.438368078996361,0,0,-0.16869887268553058,-0.16869887268553058
353,200,1.4923880237537928,0,0,-0.011549262718809954,-0.011549262718809954
354,200,0.3691838115170972,0,0,0.0037392805784870614,0.0037392805784870614
358,200,1.3491106819855125,0,0,0.023036992103501436,0.023036992103501436
359,200,0.5874779474484466,0,0,0.023361336004068797,0.023361336004068797
364,200,1.2608212517589805,0,0,-0.09777759602734938,-0.09777759602734938
370,200,1.1051421423209733,0,0,-0.03724691900297772,-0.03724691900297772
372,200,1.4429189502635849,0,0,0.14174752917512806,0.14174752917512806
373,200,0.6170296020362376,0,0,-0.026348236749267683,-0.026348236749267683
374,200,1.5983578002362964,0,0,-0.058192470897923704,-0.058192470897923704
384,200,0.32548350007604526,0,0,0.0002142321773770453,0.0002142321773770453
385,200,0.7495587356231087,0,0,0.008340678071908636,0.008340678071908636
386,200,1.2173627404428176,0,0,0.12219212773044429,0.12219212773044429
388,200,1.534318899641893,0,0,-0.0027934586948716034,-0.0027934586948716034
390,200,0.581041164214167,0,0,-0.021248483378552174,-0.021248483378552174
399,200,1.1936756376504492,0,0,-0.08607342198464554,-0.08607342198464554
256,201,1.0814543503833138,0,0,-0.26560017998478447,-0.26560017998478447
286,201,1.586616996584795,0,0,-0.31871203421287947,-0.31871203421287947
289,201,1.5939754425171595,1,1,0.38496064697441845,-0.6150393530255815
292,201,0.7937750133466523,0,0,-0.01427696609466117,-0.01427696609466117
301,201,1.0002238519731788,0,0,0.07332151189619235,0.07332151189619235
302,201,1.3588593842457346,0,0,-0.32147383258877477,-0.32147383258877477
310,201,0.9027436407569696,0,0,0.14786794506982276,0.14786794506982276
314,201,1.2902198132095526,0,0,-0.18616960939232194,-0.18616960939232194
333,201,1.5181705571874813,1,1,0.42460077304863586,-0.5753992269513641
335,201,1.4944415420016144,0,0,-0.334596775194577,-0.334596775194577
337,201,1.3758696699814015,0,0,0.0031597917246660723,0.0031597917246660723
345,201,1.0664221478695162,0,0,0.2534395115604186,0.2534395115604186
349,201,1.1004328758427993,0,0,0.16730815903590962,0.16730815903590962
357,201,1.3385406782767602,0,0,-0.06300966753648773,-0.06300966753648773
365,201,1.5725958926929657,0,0,-0.040729320695118365,-0.040729320695118365
377,201,1.071834529161837,0,0,0.2506073965679951,0.2506073965679951
396,201,1.3807122230867193,1,1,0.09109863048478073,-0.9089013695152193
400,201,1.3068696340803356,0,0,0.17794964255104645,0.17794964255104645
211,202,0.9736095037783277,0,0,0.07355057847843834,0.07355057847843834
215,202,0.6069541570470279,0,0,0.011258095915221426,0.011258095915221426
219,202,1.485653392954856,0,0,0.062317101331947594,0.062317101331947594
238,202,1.2604535035275428,0,0,0.0922679442493451,0.0922679442493451
240,202,0.9815304233659407,0,0,0.002261126691842575,0.002261126691842575
243,202,0.20521317477299594,0,0,-0.01859498196114519,-0.01859498196114519
244,202,1.3194555523138463,0,0,-0.12210492735959914,-0.12210492735959914
252,202,0.7022763180777783,0,0,0.05055703918807,0.05055703918807
270,202,0.37584560081125606,0,0,-0.0436886090788397,-0.0436886090788397
275,202,1.5525583312604787,0,0,0.10352275829675531,0.10352275829675531
289,202,1.206631831473595,0,0,-0.16705228217749366,-0.16705228217749366
290,202,1.4154697827448266,0,0,-0.13870653070858482,-0.13870653070858482
297,202,0.623369528634151,0,0,-0.03854261702126115,-0.03854261702126115
298,202,1.5072107564514576,0,0,0.07372976231749707,0.07372976231749707
302,202,1.494204620798858,0,0,0.12651323825931315,0.12651323825931315
303,202,0.32334047828353124,0,0,-0.00024981218981734443,-0.00024981218981734443
312,202,1.4101820922993347,0,0,-0.09975667628402658,-0.09975667628402658
320,202,1.552600234974314,46,-1,-0.1823268445178602,0.8176731554821398
322,202,0.4693832479464663,0,0,0.04491740160774788,0.04491740160774788
326,202,1.3207786181608876,0,0,-0.05198438432353261,-0.05198438432353261
333,202,1.0257565564582798,0,0,-0.12741215610327616,-0.12741215610327616
334,202,1.1191744249326945,0,0,0.07597902960275543,0.07597902960275543
335,202,1.4367850009102172,0,0,0.11339029565351094,0.11339029565351094
346,202,1.4246658354145458,0,0,-0.08006505624721619,-0.08006505624721619
350,202,1.0804292610593231,0,0,-0.09163374888090779,-0.09163374888090779
353,202,1.2780105633789873,0,0,0.06551586108581281,0.06551586108581281
358,202,1.5541989309540014,0,0,0.1001021159081242,0.1001021159081242
364,202,0.8794346649127409,0,0,-0.020712472222726614,-0.020712472222726614
370,202,0.559530764121228,0,0,0.039818204801645045,0.039818204801645045
374,202,0.7780628839988614,0,0,0.01887265290669906,0.01887265290669906
375,202,0.7087620264152614,0,0,-0.06448542996763676,-0.06448542996763676
384,202,1.2164241485340839,0,0,0.07727935598199981,0.07727935598199981
385,202,1.1156402662337084,0,0,0.0854058018765314,0.0854058018765314
388,202,1.5462082962711676,0,0,0.07427166510975117,0.07427166510975117
390,202,0.7718756664073874,0,0,0.055816640426070596,0.055816640426070596
399,202,0.4881695447601275,0,0,-0.009008298180022769,-0.009008298180022769
205,203,1.3818546432300431,0,0,-0.07401648472981776,-0.07401648472981776
206,203,1.3210513815411415,0,0,0.1086546870643481,0.1086546870643481
209,203,0.7216581927117922,0,0,0.07338259607156418,0.07338259607156418
212,203,0.8256508391622822,0,0,0.047598046850600054,0.047598046850600054
222,203,1.097002382637683,0,0,0.13291024129785162,0.13291024129785162
225,203,1.167996055921164,0,0,-0.05815397839603137,-0.05815397839603137
232,203,1.4178738039624306,0,0,0.02177624035142213,0.02177624035142213
233,203,0.626412644909458,0,0,-0.08831116194847978,-0.08831116194847978
235,203,0.3023869609570371,0,0,-0.025628452057178425,-0.025628452057178425
239,203,0.3365248388612091,0,0,0.021166549033955193,0.021166549033955193
247,203,0.3533125030797735,0,0,-0.05838184197224698,-0.05838184197224698
255,203,1.2389678356504958,0,0,0.023398242442610698,0.023398242442610698
261,203,1.0640962011909914,0,0,-0.10719504959456458,-0.10719504959456458
268,203,0.9812961070712201,0,0,-0.02179509337178917,-0.02179509337178917
274,203,1.0085270723054203,0,0,0.1159463171044889,0.1159463171044889
281,203,0.958745064847689,0,0,0.11783433309824533,0.11783433309824533
282,203,1.3794754645308844,0,0,-0.049340172921742906,-0.049340172921742906
288,203,0.3474670476636573,0,0,-0.02628300242538438,-0.02628300242538438
306,203,0.9897886834219777,0,0,0.04162507610647005,0.04162507610647005
308,203,0.9680895086478157,0,0,0.11778076290913585,0.11778076290913585
313,203,0.16574266082452654,0,0,-0.03364363683470577,-0.03364363683470577
315,203,1.1868938406335015,0,0,0.1008297633140564,0.1008297633140564
324,203,1.5882598056287252,0,0,-0.05018436220781883,-0.05018436220781883
325,203,1.5510032265741385,0,0,-0.0646453929395545,-0.0646453929395545
329,203,1.4383251377273385,0,0,0.1954563766570968,0.1954563766570968
340,203,0.8378135643075811,0,0,-0.0027104041193971584,-0.0027104041193971584
344,203,0.4269493167390202,0,0,-0.018985003487395083,-0.018985003487395083
352,203,1.32992255667921,0,0,-0.19960768696113423,-0.19960768696113423
366,203,1.5500171859422667,0,0,0.2284571383696739,0.2284571383696739
371,203,0.8254167889228977,0,0,0.05138122338944641,0.05138122338944641
376,203,1.0089264353032459,0,0,0.07661237715936288,0.07661237715936288
387,203,0.8611443841481745,0,0,-0.07242641890333444,-0.07242641890333444
388,203,1.5494237681947147,0,0,-0.06941114441667667,-0.06941114441667667
392,203,1.0018133143325967,0,0,-0.026617217482937328,-0.026617217482937328
395,203,1.304185506830271,0,0,-0.10624099913915602,-0.10624099913915602
397,203,0.8883110539465998,0,0,-0.010659922908840755,-0.010659922908840755
206,204,1.501042649719087,0,0,-0.027827629919697283,-0.027827629919697283
214,204,1.0442562287574642,0,0,-0.12267978037374852,-0.12267978037374852
220,204,1.352492313697769,1,1,0.17942956893662487,-0.8205704310633751
221,204,0.8274621833488486,0,0,-0.07152903339680108,-0.07152903339680108
225,204,1.5234018494701955,0,0,-0.19463629538007676,-0.19463629538007676
241,204,1.2205015222411126,0,0,-0.002025624055586428,-0.002025624055586428
249,204,1.4143193758474086,0,0,-0.10487129845375304,-0.10487129845375304
253,204,0.21598361422812012,0,0,-0.014473761106384098,-0.014473761106384098
254,204,0.22005670016202,0,0,-0.004183421959340516,-0.004183421959340516
262,204,0.8228395877942634,0,0,0.08240855527705154,0.08240855527705154
271,204,1.4149897564533431,0,0,0.03001827726638362,0.03001827726638362
272,204,0.39119173113425554,0,0,-0.02647829750834882,-0.02647829750834882
278,204,0.8407095912015997,0,0,-0.10788757653928546,-0.10788757653928546
279,204,1.1470477107506392,0,0,-0.049887103780394154,-0.049887103780394154
317,204,0.7849202620931035,0,0,0.030422158469460114,0.030422158469460114
318,204,1.3238405820062171,0,0,-0.011028858012735843,-0.011028858012735843
324,204,1.2359266119227648,0,0,-0.1866666791918642,-0.1866666791918642
325,204,1.3895371117536308,0,0,-0.20112770992359988,-0.20112770992359988
336,204,1.3673597654850946,0,0,0.015547050507937477,0.015547050507937477
338,204,0.1986989731344096,0,0,0.014944445666990436,0.014944445666990436
363,204,0.5330365218614095,0,0,0.025171756783586796,0.025171756783586796
369,204,0.3727373243596318,0,0,-0.03276237655180991,-0.03276237655180991
372,204,0.9976204399201489,0,0,-0.06135247353072237,-0.06135247353072237
379,204,1.4063639017170715,0,0,0.023196275619335793,0.023196275619335793
381,204,1.1971026878936233,0,0,-0.006632131651303941,-0.006632131651303941
383,204,1.233591454275474,0,0,0.10291960129001892,0.10291960129001892
386,204,1.269092348024015,0,0,-0.08090787497540616,-0.08090787497540616
389,204,0.8566618178159836,0,0,-0.030979094238816313,-0.030979094238816313
393,204,0.5732172253909881,0,0,0.03578586306034448,0.03578586306034448
211,205,1.4848896193304029,0,0,0.0038842536818282647,0.0038842536818282647
217,205,1.213848409182072,0,0,-0.08903395576902645,-0.08903395576902645
219,205,0.4096636483467732,0,0,-0.007349223464662484,-0.007349223464662484
229,205,0.6967882191147942,0,0,-0.03968139521648065,-0.03968139521648065
232,205,1.0689252556100033,0,0,0.0957927250812399,0.0957927250812399
233,205,1.5339720006100868,0,0,-0.014294677218662018,-0.014294677218662018
235,205,1.089043587177723,0,0,0.04838803267263934,0.04838803267263934
238,205,1.079542977620742,0,0,0.022601619452735026,0.022601619452735026
240,205,1.3136150485472824,0,0,-0.0674051981047675,-0.0674051981047675
242,205,1.3012297472446848,0,0,-0.13192174807320786,-0.13192174807320786
246,205,0.8110781767974538,0,0,-0.04757993293050327,-0.04757993293050327
247,205,1.252197723342891,0,0,0.01563464275757078,0.01563464275757078
252,205,1.5285511239995413,0,0,-0.019109285608540076,-0.019109285608540076
255,205,1.1515030654398217,0,0,0.09741472717242847,0.09741472717242847
258,205,1.4868557059907126,0,0,0.18651035030193835,0.18651035030193835
261,205,0.7788896004136164,0,0,-0.03317856486474681,-0.03317856486474681
268,205,0.6702483495421336,0,0,0.05222139135802859,0.05222139135802859
273,205,1.2227784686410523,0,0,-0.13090401633196516,-0.13090401633196516
277,205,1.1629495319463177,0,0,0.09364566639873312,0.09364566639873312
282,205,0.35551396461671836,0,0,0.024676311808074856,0.024676311808074856
287,205,1.4906151175007594,0,0,0.15289717228853208,0.15289717228853208
288,205,1.0758913575155653,0,0,0.04773348230443338,0.04773348230443338
298,205,0.41885160489635276,0,0,0.004063437520886996,0.004063437520886996
306,205,1.4591062331481037,0,0,0.11564156083628782,0.11564156083628782
309,205,1.1225538484387503,0,0,-0.10187111902470569,-0.10187111902470569
313,205,1.3462572714800325,0,0,0.040372847895111995,0.040372847895111995
322,205,1.5197030620398837,0,0,-0.024748923188862192,-0.024748923188862192
326,205,1.5500441642358893,0,0,-0.1216507091201427,-0.1216507091201427
331,205,1.5982606999561593,0,0,-0.15327607448533398,-0.15327607448533398
332,205,1.590214641473473,0,0,0.16635635416746122,0.16635635416746122
340,205,0.9642276056934532,0,0,0.0713060806104206,0.0713060806104206
343,205,1.353446970215419,0,0,-0.1381152088454906,-0.1381152088454906
344,205,1.0469735003487288,0,0,0.05503148124242268,0.05503148124242268
353,205,0.5949002300757973,0,0,-0.004150463710797261,-0.004150463710797261
358,205,0.7752053991852245,0,0,0.030435791111514128,0.030435791111514128
370,205,1.3248976313142884,0,0,-0.02984811999496503,-0.02984811999496503
374,205,1.2216074390134233,0,0,-0.05079367188991101,-0.05079367188991101
384,205,1.5853351703845804,0,0,0.0076130311853897376,0.0076130311853897376
385,205,1.2552001151872971,0,0,0.015739477079921328,0.015739477079921328
387,205,0.6403738928829832,0,0,0.001590065826483321,0.001590065826483321
388,205,0.34379642386686166,0,0,0.004605340313141089,0.004605340313141089
390,205,1.5927126046587914,0,0,-0.013849684370539482,-0.013849684370539482
392,205,0.698245585142102,0,0,0.047399267246880435,0.047399267246880435
395,205,0.5069382926890352,0,0,-0.032224514409338254,-0.032224514409338254
397,205,0.8598453654480869,0,0,0.06335656182097701,0.06335656182097701
209,206,1.1620960393086057,0,0,-0.03527209099278392,-0.03527209099278392
214,206,1.5830655252213996,0,0,-0.09485215045405124,-0.09485215045405124
225,206,1.2462782673998516,0,0,-0.16680866546037948,-0.16680866546037948
233,206,1.3592128160484829,0,0,-0.19696584901282788,-0.19696584901282788
235,206,1.5762240008926527,0,0,-0.1342831391215265,-0.1342831391215265
239,206,0.9930116162258397,0,0,-0.0874881380303929,-0.0874881380303929
247,206,1.518103247911896,0,0,-0.16703652903659508,-0.16703652903659508
253,206,1.4851388687054643,0,0,0.013353868813313186,0.013353868813313186
254,206,1.330747762933519,0,0,0.023644207960356767,0.023644207960356767
269,206,1.5901826536837136,0,0,0.24932926764294205,0.24932926764294205
272,206,1.2272487557994232,0,0,0.001349332411348464,0.001349332411348464
274,206,1.5485764416654122,0,0,0.007291630040140801,0.007291630040140801
278,206,1.4570314663536736,0,0,-0.08005994661958818,-0.08005994661958818
281,206,0.9846875040069223,0,0,0.009179646033897232,0.009179646033897232
308,206,1.383467914342672,0,0,0.009126075844787751,0.009126075844787751
313,206,1.3841587642082447,0,0,-0.14229832389905386,-0.14229832389905386
315,206,0.21521438127176462,0,0,-0.007824923750291701,-0.007824923750291701
324,206,1.4863351706911743,0,0,-0.1588390492721669,-0.1588390492721669
325,206,1.5311277376701622,0,0,-0.1733000800039026,-0.1733000800039026
329,206,1.4759623382171423,0,0,0.0868016895927487,0.0868016895927487
336,206,0.4416604787253598,0,0,0.04337468042763476,0.04337468042763476
363,206,1.3832813305463123,0,0,0.05299938670328408,0.05299938670328408
366,206,1.4015743849875433,0,0,0.1198024513053258,0.1198024513053258
369,206,1.308922261025642,0,0,-0.00493474663211263,-0.00493474663211263
381,206,0.4414804247304642,0,0,0.021195498268393342,0.021195498268393342
394,206,1.5996828052238414,0,0,0.30496460658542596,0.30496460658542596
216,207,0.20522050730353716,0,0,0.04373322193896945,0.04373322193896945
291,207,1.0041397876366385,0,0,0.20859582043564295,0.20859582043564295
301,207,1.01106469843227,0,0,-0.030749234417990046,-0.030749234417990046
307,207,1.4713693399484702,0,0,-0.14821745522936236,-0.14821745522936236
310,207,1.5129664969117782,0,0,0.043797198755640365,0.043797198755640365
314,207,1.3763059578981192,0,0,-0.2902403557065043,-0.2902403557065043
320,207,1.5523610084668877,0,0,0.2656153383198695,0.2656153383198695
337,207,0.7427179795123394,0,0,-0.10091095458951632,-0.10091095458951632
346,207,1.486775351128913,1,1,0.3678771265905135,-0.6321228734094865
349,207,1.2576264620353341,0,0,0.06323741272172723,0.06323741272172723
365,207,0.6947949317424268,0,0,-0.14480006700930076,-0.14480006700930076
367,207,1.3972297933910791,1,1,0.17243139620642212,-0.8275686037935779
380,207,1.4298515791291708,0,0,-0.2515062253668509,-0.2515062253668509
391,207,1.1837554852097085,0,0,-0.13012436287809837,-0.13012436287809837
400,207,0.9901032946398391,0,0,0.07387889623686406,0.07387889623686406
210,208,0.842046717852933,0,0,0.14214174342910468,0.14214174342910468
227,208,1.4282354659622556,0,0,0.19964250763935032,0.19964250763935032
231,208,1.1952975509959216,0,0,-0.08850286624572029,-0.08850286624572029
258,208,1.4130777290036778,46,-1,-0.39630889051264595,0.603691109487354
265,208,0.39722066933953215,0,0,-0.0008153000653274844,-0.0008153000653274844
267,208,1.0020912324387075,0,0,0.13827639945000544,0.13827639945000544
273,208,1.5915847616540904,0,0,0.28627674285345056,0.28627674285345056
296,208,0.1906652101102711,0,0,0.014389703457040992,0.014389703457040992
316,208,0.6204199305956699,0,0,-0.03545147449991448,-0.03545147449991448
327,208,1.1672217704644037,46,-1,-0.31856964772861396,0.681430352271386
348,208,0.6253520474506021,0,0,-0.18528868516539182,-0.18528868516539182
355,208,0.9768056401832826,46,-1,-0.15634718965792116,0.8436528103420788
356,208,1.5749564178620332,0,0,0.10403863652095768,0.10403863652095768
360,208,0.34360080810947374,0,0,0.03592620976618288,0.03592620976618288
368,208,1.3120843237906008,0,0,0.1096044064199509,0.1096044064199509
378,208,0.8782465822250668,0,0,0.1302406004642223,0.1302406004642223
212,209,0.5787418096328445,0,0,-0.025784549220964126,-0.025784549220964126
222,209,0.5556670223671565,0,0,0.05952764522628742,0.05952764522628742
230,209,1.5406626413075686,0,0,0.2954586614665504,0.2954586614665504
232,209,1.5628227948684565,0,0,-0.05160635572014205,-0.05160635572014205
233,209,1.253305151525596,0,0,-0.16169375802004396,-0.16169375802004396
235,209,0.9826942723843005,0,0,-0.0990110481287426,-0.0990110481287426
239,209,0.6511291527067371,0,0,-0.05221604703760899,-0.05221604703760899
247,209,1.0608015265619062,0,0,-0.13176443804381116,-0.13176443804381116
255,209,1.3203111216167,0,0,-0.04998435362895348,-0.04998435362895348
268,209,1.3668020323156016,0,0,-0.09517768944335335,-0.09517768944335335
269,209,1.5299237073904848,0,0,0.284601358635726,0.284601358635726
274,209,0.4445094581845485,0,0,0.04256372103292472,0.04256372103292472
281,209,0.45715506923164584,0,0,0.04445173702668115,0.04445173702668115
283,209,1.564844986816933,0,0,0.295458661466551,0.295458661466551
288,209,0.9668058597618849,0,0,-0.09966559849694856,-0.09966559849694856
306,209,0.865760881082609,0,0,-0.03175751996509413,-0.03175751996509413
308,209,0.36535402835307057,0,0,0.04439816683757167,0.04439816683757167
313,209,0.8670035021006266,0,0,-0.10702623290626995,-0.10702623290626995
315,209,1.0588517870184644,0,0,0.027447167242492215,0.027447167242492215
329,209,0.8730546326167142,0,0,0.12207378058553262,0.12207378058553262
336,209,1.5773457221226348,0,0,0.07864677142041868,0.07864677142041868
340,209,1.0876509915292774,0,0,-0.07609300019096134,-0.07609300019096134
344,209,0.8938074809983286,0,0,-0.09236759955895926,-0.09236759955895926
366,209,1.1038171015733091,0,0,0.1550745422981097,0.1550745422981097
371,209,0.5552216900024652,0,0,-0.02200137268211777,-0.02200137268211777
376,209,0.6434929783577139,0,0,0.0032297810877987,0.0032297810877987
387,209,1.5038525316629021,0,0,-0.14580901497489862,-0.14580901497489862
392,209,1.3835445788496925,0,0,-0.09999981355450151,-0.09999981355450151
397,209,1.205662859066299,0,0,-0.08404251898040493,-0.08404251898040493
227,210,0.7929972888030627,0,0,0.057500764210245636,0.057500764210245636
231,210,1.392163509498792,0,0,-0.23064460967482497,-0.23064460967482497
242,210,1.081578679244879,0,0,0.14311726768310318,0.14311726768310318
259,210,0.9824697518648443,0,0,0.0637062713224274,0.0637062713224274
265,210,0.8478156582632446,0,0,-0.14295704349443217,-0.14295704349443217
267,210,0.8457913179586332,0,0,-0.0038653439790992394,-0.0038653439790992394
273,210,1.0225612825059378,0,0,0.14413499942434588,0.14413499942434588
296,210,0.7676205586311794,0,0,-0.1277520399720637,-0.1277520399720637
309,210,1.28986185010738,0,0,0.17316789673160532,0.17316789673160532
316,210,1.0361138839155746,0,0,-0.17759321792901916,-0.17759321792901916
331,210,1.3538711506453156,0,0,0.12176294127097705,0.12176294127097705
343,210,1.0061581402221578,0,0,0.1369238069108204,0.1369238069108204
348,210,1.4232012233917646,0,0,-0.3274304285944965,-0.3274304285944965
356,210,1.3248029533438537,0,0,-0.038103106908147,-0.038103106908147
360,210,0.5892809928977636,0,0,-0.1062155336629218,-0.1062155336629218
368,210,1.055524561106252,0,0,-0.03253733700915379,-0.03253733700915379
378,210,0.35256458491070675,0,0,-0.011901142964882372,-0.011901142964882372
215,211,0.9227914004465788,0,0,-0.062292482563216914,-0.062292482563216914
219,211,1.2732027402872332,0,0,-0.011233477146490749,-0.011233477146490749
224,211,1.1836817784641522,0,0,-0.013493903327475264,-0.013493903327475264
238,211,0.5345155420654583,0,0,0.018717365770906762,0.018717365770906762
240,211,1.4114659460452406,0,0,-0.07128945178659576,-0.07128945178659576
243,211,1.16489935807342,0,0,-0.09214556043958352,-0.09214556043958352
249,211,1.4124532743703118,0,0,0.10174324957828185,0.10174324957828185
252,211,0.40864650459284624,0,0,-0.02299353929036834,-0.02299353929036834
256,211,1.0200162726354791,0,0,0.1088363123848651,0.1088363123848651
257,211,1.186391185770939,0,0,-0.028687476932356733,-0.028687476932356733
270,211,1.2760244933174159,0,0,-0.11723918755727805,-0.11723918755727805
275,211,0.6172326102311979,0,0,0.029972179818316964,0.029972179818316964
277,211,1.5815632781097029,0,0,0.08976141271690485,0.08976141271690485
282,211,1.259800465403118,0,0,0.02079205812624659,0.02079205812624659
286,211,0.730431262503045,0,0,0.05572445815677011,0.05572445815677011
297,211,1.3247787643661695,0,0,-0.11209319549969948,-0.11209319549969948
298,211,1.1191330178625707,0,0,0.00017918383905873164,0.00017918383905873164
302,211,0.6207687009737125,0,0,0.05296265978087481,0.05296265978087481
303,211,1.106831472362313,0,0,-0.07380039066825568,-0.07380039066825568
305,211,0.9223539275689396,0,0,0.04696173485210937,0.04696173485210937
314,211,1.4554208644300008,0,0,0.18826688297732766,0.18826688297732766
321,211,1.1090211324841408,0,0,-0.025257545862017915,-0.025257545862017915
322,211,0.5338283576086048,0,0,-0.028633176870690457,-0.028633176870690457
328,211,1.3592951286631252,0,0,-0.07527930878562646,-0.07527930878562646
333,211,1.5915351246505292,0,0,-0.20096273458171449,-0.20096273458171449
334,211,0.30901891672086684,0,0,0.0024284511243170895,0.0024284511243170895
335,211,0.511835143428265,0,0,0.0398397171750726,0.0398397171750726
346,211,1.577024458311291,0,0,-0.15361563472565454,-0.15361563472565454
350,211,1.4413345198037257,0,0,-0.16518432735934613,-0.16518432735934613
353,211,1.040824560870902,0,0,-0.008034717392625526,-0.008034717392625526
354,211,0.9024986530756816,0,0,0.007253825904671489,0.007253825904671489
358,211,0.9337903428135309,0,0,0.026551537429685863,0.026551537429685863
359,211,1.1305281059496144,0,0,0.026875881330253225,0.026875881330253225
364,211,1.2795567231449725,0,0,-0.09426305070116495,-0.09426305070116495
370,211,0.6205345589811393,0,0,-0.0337323736767933,-0.0337323736767933
373,211,1.0855508919678403,0,0,-0.022833691423083256,-0.022833691423083256
374,211,1.093870510223548,0,0,-0.054677925571739276,-0.054677925571739276
375,211,1.39844102471055,0,0,-0.1380360084460751,-0.1380360084460751
384,211,0.3010649440115822,0,0,0.003728777503561473,0.003728777503561473
385,211,0.2710945104970428,0,0,0.011855223398093064,0.011855223398093064
388,211,1.153834715039222,0,0,0.0007210866313128242,0.0007210866313128242
390,211,0.33745039516210684,0,0,-0.017733938052367747,-0.017733938052367747
399,211,1.0375242902354003,0,0,-0.08255887665846111,-0.08255887665846111
222,212,0.5747223542972273,0,0,0.08531219444725155,0.08531219444725155
231,212,1.5781699633693134,1,1,0.3727018429884462,-0.6272981570115538
232,212,1.105013825797305,0,0,-0.025821806499177924,-0.025821806499177924
233,212,1.4488451508914146,0,0,-0.13590920879907983,-0.13590920879907983
235,212,0.9355427756583466,0,0,-0.07322649890777848,-0.07322649890777848
239,212,0.9805783960496685,0,0,-0.02643149781664486,-0.02643149781664486
247,212,1.1145659532102972,0,0,-0.10597988882284703,-0.10597988882284703
255,212,0.8419241327238638,0,0,-0.024199804407989356,-0.024199804407989356
258,212,1.1765256014385133,0,0,0.06489581872152053,0.06489581872152053
261,212,1.4202006865254484,0,0,-0.15479309644516462,-0.15479309644516462
268,212,1.008655620066408,0,0,-0.06939314022238922,-0.06939314022238922
274,212,0.5169100364358508,0,0,0.06834827025388884,0.06834827025388884
281,212,0.991522608861561,0,0,0.07023628624764527,0.07023628624764527
282,212,1.5778221071363179,0,0,-0.09693821977234296,-0.09693821977234296
288,212,0.856946154662562,0,0,-0.07388104927598443,-0.07388104927598443
306,212,0.30104498725755025,0,0,-0.005972970744130002,-0.005972970744130002
308,212,0.6500125448518382,0,0,0.0701827160585358,0.0701827160585358
313,212,0.9619725438043283,0,0,-0.08124168368530582,-0.08124168368530582
327,212,1.47816756977345,0,0,0.14263506150555258,0.14263506150555258
329,212,1.2176743107000843,0,0,0.14785832980649674,0.14785832980649674
340,212,0.6588537141309334,0,0,-0.05030845096999721,-0.05030845096999721
344,212,0.6988107941913763,0,0,-0.06658305033799514,-0.06658305033799514
366,212,1.5232429783207448,0,0,0.18085909151907384,0.18085909151907384
371,212,0.10693806541375643,0,0,0.0037831765388463556,0.0037831765388463556
376,212,0.23443958829586212,0,0,0.029014330308762826,0.029014330308762826
387,212,1.2951002700651433,0,0,-0.1200244657539345,-0.1200244657539345
392,212,1.0511772104690833,0,0,-0.07421526433353738,-0.07421526433353738
395,212,1.5892513042220315,0,0,-0.15383904598975606,-0.15383904598975606
397,212,0.866705426860186,0,0,-0.05825796975944081,-0.05825796975944081
217,213,0.9860329972721196,0,0,0.12915497860843467,0.12915497860843467
227,213,1.1129283538039028,0,0,0.0006506828313957436,0.0006506828313957436
242,213,1.3910026748941506,0,0,0.08626718630425327,0.08626718630425327
259,213,0.9430484451396719,0,0,0.0068561899435775064,0.0068561899435775064
261,213,1.3569315022089212,0,0,0.18501036951271432,0.18501036951271432
280,213,1.2501209011831615,0,0,-0.27094022187411454,-0.27094022187411454
300,213,1.3261373615488026,0,0,-0.11893953267300034,-0.11893953267300034
331,213,0.7379604263972961,0,0,0.06491285989212715,0.06491285989212715
341,213,0.859280115321268,0,0,-0.005062488144425253,-0.005062488144425253
343,213,1.4194857848734446,0,0,0.08007372553197052,0.08007372553197052
351,213,0.6730726920285,0,0,-0.005932141397852753,-0.005932141397852753
356,213,1.2645907590797043,0,0,-0.09495318828699689,-0.09495318828699689
361,213,0.8713764318235883,0,0,-0.09034792159274063,-0.09034792159274063
368,213,1.322152066550756,0,0,-0.08938741838800368,-0.08938741838800368
382,213,0.8982824991882449,0,0,-0.05895225850383423,-0.05895225850383423
395,213,1.5394396797696137,0,0,0.18596441996812288,0.18596441996812288
398,213,0.9134837946109425,0,0,-0.13169254618736748,-0.13169254618736748
221,214,0.589876352597723,0,0,0.05115074697694744,0.05115074697694744
224,214,0.9375759210890615,0,0,-0.09742867098576162,-0.09742867098576162
225,214,0.9705491052688235,0,0,-0.07195651500632823,-0.07195651500632823
233,214,1.5484882197615928,0,0,-0.10211369855877664,-0.10211369855877664
236,214,1.3419708351637485,0,0,-0.16411153681871146,-0.16411153681871146
241,214,1.2915844367487224,0,0,0.12065415631816209,0.12065415631816209
249,214,0.6597279313763686,0,0,0.017808481919995484,0.017808481919995484
253,214,0.8391032589495768,0,0,0.10820601926736442,0.10820601926736442
254,214,0.9537471294846165,0,0,0.118496358414408,0.118496358414408
257,214,1.145056871168418,0,0,-0.11262224459064309,-0.11262224459064309
262,214,1.5075432834574716,0,0,0.20508833565080006,0.20508833565080006
266,214,1.5628959724370222,0,0,-0.21043832702671214,-0.21043832702671214
271,214,1.437265621787048,0,0,0.15269805764013214,0.15269805764013214
272,214,0.8350366261961727,0,0,0.0962014828653997,0.0962014828653997
275,214,1.2163875346900013,0,0,-0.05396258783996939,-0.05396258783996939
278,214,0.2157079682975318,0,0,0.014792203834463058,0.014792203834463058
279,214,0.8825654920924693,0,0,0.07279267659335437,0.07279267659335437
286,214,1.296358342221416,0,0,-0.028210309501516248,-0.028210309501516248
305,214,0.919099651196151,0,0,-0.03697303280617699,-0.03697303280617699
317,214,1.3179100346028942,0,0,0.15310193884320863,0.15310193884320863
318,214,1.2501463426531625,0,0,0.11165092236101268,0.11165092236101268
321,214,1.1513627192406226,0,0,-0.10919231352030427,-0.10919231352030427
324,214,0.6275307314762872,0,0,-0.06398689881811569,-0.06398689881811569
325,214,0.8087195167380354,0,0,-0.07844792954985136,-0.07844792954985136
328,214,1.5060444082044198,0,0,-0.1592140764439128,-0.1592140764439128
334,214,1.4498048929689824,0,0,-0.08150631653396927,-0.08150631653396927
335,214,1.523346388059225,0,0,-0.04409505048321376,-0.04409505048321376
338,214,1.137898371881386,0,0,0.13762422604073896,0.13762422604073896
354,214,0.904217363361074,0,0,-0.07668094175361487,-0.07668094175361487
359,214,0.7188612936433757,0,0,-0.05705888632803313,-0.05705888632803313
363,214,1.4916960789737639,0,0,0.14785153715733532,0.14785153715733532
369,214,0.7566048176368744,0,0,0.08991740382193861,0.08991740382193861
372,214,0.6675514968574134,0,0,0.06132730684302615,0.06132730684302615
373,214,1.090876656524707,0,0,-0.10676845908136962,-0.10676845908136962
379,214,1.3791184497979625,0,0,0.1458760559930843,0.1458760559930843
380,214,1.4535709432468849,0,0,0.14306624565869472,0.14306624565869472
381,214,1.5457275760411637,0,0,0.11604764872244458,0.11604764872244458
384,214,1.3790593367448685,0,0,-0.08020599015472488,-0.08020599015472488
386,214,0.7444494950392648,0,0,0.04177190539834236,0.04177190539834236
389,214,0.9273630845551476,0,0,0.09170068613493221,0.09170068613493221
393,214,1.314388111851131,0,0,0.158465643434093,0.158465643434093
224,215,1.3540700193892254,0,0,0.04879857923574165,0.04879857923574165
238,215,1.398842720186219,0,0,0.08100984833412367,0.08100984833412367
240,215,1.5391538626749666,0,0,-0.00899696922337885,-0.00899696922337885
243,215,0.7425080805637458,0,0,-0.029853077876366617,-0.029853077876366617
252,215,0.6305871824748741,0,0,0.03929894327284857,0.03929894327284857
257,215,1.217993452390887,0,0,0.03360500563086018,0.03360500563086018
270,215,0.7459188790094974,0,0,-0.05494670499406113,-0.05494670499406113
275,215,1.3333460861650166,0,0,0.09226466238153389,0.09226466238153389
286,215,1.4842487690193042,0,0,0.11801694071998703,0.11801694071998703
289,215,1.351790174653718,0,0,-0.17831037809271508,-0.17831037809271508
291,215,1.4883297559610102,46,-1,-0.25060445831730815,0.7493955416826918
297,215,0.5903361067063623,0,0,-0.04980071293648257,-0.04980071293648257
302,215,1.4303465964298665,0,0,0.11525514234409173,0.11525514234409173
303,215,0.9266926793194795,0,0,-0.01150790810503877,-0.01150790810503877
305,215,1.457925428845876,0,0,0.10925421741532629,0.10925421741532629
320,215,1.287787698953401,46,-1,-0.1935849404330816,0.8064150595669184
321,215,1.162292139427746,0,0,0.037034936701199,0.037034936701199
322,215,0.6479304617283821,0,0,0.03365930569252645,0.03365930569252645
328,215,1.1024909573230741,0,0,-0.012986826222409546,-0.012986826222409546
333,215,1.2039222405286645,0,0,-0.1386702520184976,-0.1386702520184976
334,215,0.8872628543906953,0,0,0.06472093368753401,0.06472093368753401
335,215,1.3565094762034724,0,0,0.10213219973828952,0.10213219973828952
346,215,0.8639586117420787,0,0,-0.09132315216243761,-0.09132315216243761
350,215,0.6735493678359366,0,0,-0.10289184479612923,-0.10289184479612923
354,215,1.2837932684655775,0,0,0.0695463084678884,0.0695463084678884
359,215,1.4895986292083605,0,0,0.08916836389347013,0.08916836389347013
364,215,0.38169609807110244,0,0,-0.03197056813794804,-0.03197056813794804
370,215,0.8852912335858305,0,0,0.02856010888642362,0.02856010888642362
373,215,1.2208920614544114,0,0,0.03945879114013366,0.03945879114013366
374,215,1.291735590031943,0,0,0.007614556991477636,0.007614556991477636
375,215,0.7506886033578691,0,0,-0.07574352588285818,-0.07574352588285818
384,215,1.0335240413102527,0,0,0.06602126006677839,0.06602126006677839
385,215,1.1630716556139753,0,0,0.07414770596130998,0.07414770596130998
390,215,0.6315670931607433,0,0,0.04455854451084917,0.04455854451084917
399,215,0.22191549959068446,0,0,-0.020266394095244195,-0.020266394095244195
291,216,0.8029595301062369,0,0,0.1648625984966735,0.1648625984966735
301,216,0.8802459807076762,0,0,-0.07448245635695949,-0.07448245635695949
310,216,1.333890380398775,0,0,6.39768166709187e-5,6.39768166709187e-5
314,216,1.3672613049561824,0,0,-0.33397357764547375,-0.33397357764547375
320,216,1.3573464126306596,0,0,0.22188211638090005,0.22188211638090005
337,216,0.7308207026278221,0,0,-0.14464417652848577,-0.14464417652848577
346,216,1.3711254166931899,1,1,0.3241439046515441,-0.6758560953484559
349,216,1.0655565935981928,0,0,0.01950419078275778,0.01950419078275778
350,216,1.513486579823523,1,1,0.31257521201785243,-0.6874247879821476
365,216,0.7415908642009041,0,0,-0.1885332889482702,-0.1885332889482702
367,216,1.46603966422452,1,1,0.12869817426745267,-0.8713018257325473
380,216,1.5666624830970768,0,0,-0.29523944730582036,-0.29523944730582036
391,216,1.3696076187705573,0,0,-0.1738575848170678,-0.1738575848170678
400,216,0.794749873608389,0,0,0.03014567429789461,0.03014567429789461
219,217,1.437707713040491,0,0,0.08168473230436396,0.08168473230436396
227,217,1.0992808923539343,0,0,-0.12850429577703892,-0.12850429577703892
229,217,1.1807239085432117,0,0,0.049352560552545804,0.049352560552545804
235,217,1.518091569734199,0,0,0.13742198844166578,0.13742198844166578
242,217,0.6905226049038498,0,0,-0.0428877923041814,-0.0428877923041814
246,217,1.1078349918455466,0,0,0.04145402283852318,0.04145402283852318
247,217,1.5196416301908566,0,0,0.10466859852659724,0.10466859852659724
259,217,0.9997763051494822,0,0,-0.12229878866485716,-0.12229878866485716
261,217,0.7302656030665384,0,0,0.05585539090427964,0.05585539090427964
268,217,1.5319095708361792,0,0,0.14125534712705504,0.14125534712705504
273,217,0.8884564791980666,0,0,-0.0418700605629387,-0.0418700605629387
282,217,1.558251206290307,0,0,0.11371026757710131,0.11371026757710131
288,217,1.414147363980633,0,0,0.13676743807345984,0.13676743807345984
298,217,1.5975749833240278,0,0,0.09309739328991345,0.09309739328991345
309,217,1.1277296431236308,0,0,-0.01283716325567924,-0.01283716325567924
331,217,0.541824598698101,0,0,-0.06424211871630753,-0.06424211871630753
340,217,1.5375830444486855,0,0,0.16034003637944705,0.16034003637944705
341,217,1.378933704929241,0,0,-0.13421746675285992,-0.13421746675285992
343,217,0.7645515064427728,0,0,-0.04908125307646415,-0.04908125307646415
344,217,1.5450646030859156,0,0,0.14406543701144914,0.14406543701144914
351,217,1.2454716878818692,0,0,-0.13508712000628742,-0.13508712000628742
378,217,1.5254203106566124,0,0,-0.19790620295216693,-0.19790620295216693
382,217,1.5824833069630153,0,0,-0.1881072371122689,-0.1881072371122689
387,217,1.065875283978103,0,0,0.09062402159550978,0.09062402159550978
388,217,1.519911832043016,0,0,0.09363929608216753,0.09363929608216753
395,217,0.7422115582263689,0,0,0.0568094413596882,0.0568094413596882
220,218,1.341281285114331,0,0,-0.1848667890351252,-0.1848667890351252
234,218,1.1456452612720587,0,0,0.0145945122303196,0.0145945122303196
237,218,1.0134656323991587,0,0,0.10822056259469404,0.10822056259469404
251,218,1.0172555875158507,0,0,0.03512010308790514,0.03512010308790514
260,218,0.4141904310564887,0,0,-0.0543525812373149,-0.0543525812373149
262,218,1.2894375421437136,46,-1,-0.2818878026946985,0.7181121973053015
263,218,0.587456661697485,0,0,0.07241806415945218,0.07241806415945218
271,218,1.5971696269807703,46,-1,-0.33427808070536646,0.6657219192946335
293,218,1.5507638782708828,0,0,0.2643721901637407,0.2643721901637407
307,218,1.3679745999914574,46,-1,-0.24062112254931534,0.7593788774506847
311,218,1.3015526585555672,0,0,0.12292755448515391,0.12292755448515391
330,218,0.240694503389997,0,0,-0.09658425548839167,-0.09658425548839167
339,218,1.4539331305623318,0,0,0.23629815186153036,0.23629815186153036
347,218,0.67541150344165,0,0,0.13817610482759118,0.13817610482759118
367,218,1.442704353368234,0,0,0.08002772888646914,0.08002772888646914
383,218,1.097267220673207,46,-1,-0.2613767566817311,0.7386232433182689
393,218,1.5891275982195927,46,-1,-0.3285104949114056,0.6714895050885944
229,219,0.5012264233450464,0,0,-0.032332171751818156,-0.032332171751818156
232,219,1.3023132455235573,0,0,0.10314194854590238,0.10314194854590238
235,219,1.4593850614941384,0,0,0.05573725613730182,0.05573725613730182
238,219,0.9082645960121208,0,0,0.02995084291739751,0.02995084291739751
240,219,0.9135265134117238,0,0,-0.060055974640105016,-0.060055974640105016
242,219,1.385642616243931,0,0,-0.12457252460854537,-0.12457252460854537
243,219,1.5968965625593372,0,0,-0.08091208329309278,-0.08091208329309278
246,219,0.6552210856638592,0,0,-0.040230709465840786,-0.040230709465840786
252,219,1.2788554608603142,0,0,-0.011760062143877592,-0.011760062143877592
255,219,1.4457832328222693,0,0,0.10476395063709094,0.10476395063709094
261,219,1.1230212299621727,0,0,-0.025829341400084325,-0.025829341400084325
268,219,1.010604229272426,0,0,0.059570614822691076,0.059570614822691076
273,219,1.2436499310316862,0,0,-0.12355479286730267,-0.12355479286730267
277,219,1.2014555661369748,0,0,0.1009948898633956,0.1009948898633956
282,219,0.4979180519185671,0,0,0.03202553527273734,0.03202553527273734
287,219,1.473507731722444,0,0,0.16024639575319455,0.16024639575319455
288,219,1.464929794672543,0,0,0.055082705769095866,0.055082705769095866
298,219,0.2686973510927981,0,0,0.01141266098554948,0.01141266098554948
302,219,1.5862360584620414,0,0,0.06419613692736556,0.06419613692736556
303,219,1.3719853471505743,0,0,-0.06256691352176494,-0.06256691352176494
309,219,1.0102742478333626,0,0,-0.0945218955600432,-0.0945218955600432
322,219,1.208714657408823,0,0,-0.017399699724199708,-0.017399699724199708
326,219,1.1738472659035493,0,0,-0.1143014856554802,-0.1143014856554802
332,219,1.5272889857597702,0,0,0.1737055776321237,0.1737055776321237
334,219,1.504499115648841,0,0,0.013661928270807838,0.013661928270807838
335,219,1.5043853467988342,0,0,0.05107319432156335,0.05107319432156335
340,219,1.3391978264637328,0,0,0.07865530407508309,0.07865530407508309
343,219,1.4305283981379842,0,0,-0.13076598538082812,-0.13076598538082812
344,219,1.4331169922860656,0,0,0.06238070470708516,0.06238070470708516
353,219,0.24436439602548982,0,0,0.0031987597538652227,0.0031987597538652227
358,219,0.6966518577944472,0,0,0.03778501457617661,0.03778501457617661
370,219,0.9874582956708146,0,0,-0.022498896530302546,-0.022498896530302546
374,219,0.817882502197877,0,0,-0.04344444842524853,-0.04344444842524853
384,219,1.440754086370964,0,0,0.014962254650052222,0.014962254650052222
385,219,1.0689985710674788,0,0,0.023088700544583812,0.023088700544583812
387,219,1.0073787169957171,0,0,0.008939289291145805,0.008939289291145805
388,219,0.2708880718750829,0,0,0.011954563777803573,0.011954563777803573
390,219,1.3560809774237257,0,0,-0.006500460905876998,-0.006500460905876998
392,219,1.0112965034516568,0,0,0.05474849071154292,0.05474849071154292
395,219,0.8057507245974708,0,0,-0.024875290944675773,-0.024875290944675773
397,219,1.193824424613952,0,0,0.07070578528563949,0.07070578528563949
228,220,0.7862439569038329,0,0,0.24553548786950885,0.24553548786950885
234,220,0.5634981584503231,0,0,0.1994613012654448,0.1994613012654448
253,220,1.4953580319012871,46,-1,-0.19390333004300897,0.806096669956991
254,220,1.553068571398464,46,-1,-0.1836129908959654,0.8163870091040346
260,220,0.9294209287580938,0,0,0.1305142077978103,0.1305142077978103
262,220,1.1112683487656978,46,-1,-0.09702101365957327,0.9029789863404267
263,220,1.0810855808366067,0,0,0.2572848531945774,0.2572848531945774
311,220,1.02381320971608,0,0,0.3077943435202791,0.3077943435202791
317,220,1.5510062188854898,46,-1,-0.1490074104671648,0.8509925895328352
330,220,1.1713987977531,0,0,0.08828253354673354,0.08828253354673354
338,220,1.3117832516957382,46,-1,-0.1644851232696345,0.8355148767303655
363,220,1.298510442075159,46,-1,-0.15425781215303802,0.845742187846962
383,220,1.4404357661708391,46,-1,-0.07650996764660589,0.9234900323533941
393,220,1.31981427162816,46,-1,-0.1436437058762804,0.8563562941237196
224,221,1.2327491707530063,0,0,-0.14857941796270907,-0.14857941796270907
225,221,1.5106254733645375,0,0,-0.12310726198327566,-0.12310726198327566
241,221,0.7263632924249174,0,0,0.06950340934121466,0.06950340934121466
249,221,0.6088406103125358,0,0,-0.03334226505695195,-0.03334226505695195
253,221,0.6314679754466522,0,0,0.057055272290416986,0.057055272290416986
254,221,0.7969868093215137,0,0,0.06734561143746057,0.06734561143746057
257,221,1.4376978901180337,0,0,-0.16377299156759054,-0.16377299156759054
262,221,1.0779983266344086,0,0,0.15393758867385263,0.15393758867385263
271,221,0.9056530239163719,0,0,0.1015473106631847,0.1015473106631847
272,221,0.7534490487317842,0,0,0.045050735888452265,0.045050735888452265
275,221,1.4314874396820503,0,0,-0.10511333481691683,-0.10511333481691683
278,221,0.5219289992153432,0,0,-0.03635854314248438,-0.03635854314248438
279,221,0.39441526143753125,0,0,0.02164192961640693,0.02164192961640693
286,221,1.4660734564272724,0,0,-0.07936105647846368,-0.07936105647846368
305,221,1.0837032372847588,0,0,-0.08812377978312443,-0.08812377978312443
307,221,1.4050798003223888,0,0,0.19520426881923583,0.19520426881923583
317,221,0.7800854021863376,0,0,0.1019511918662612,0.1019511918662612
318,221,0.7161535507260115,0,0,0.06050017538406524,0.06050017538406524
321,221,1.4488230401987807,0,0,-0.16034306049725172,-0.16034306049725172
324,221,1.123190919655181,0,0,-0.11513764579506312,-0.11513764579506312
325,221,1.3097224488164672,0,0,-0.1295986765267988,-0.1295986765267988
338,221,0.8193365245168835,0,0,0.08647347906379152,0.08647347906379152
354,221,1.221125226510375,0,0,-0.1278316887305623,-0.1278316887305623
359,221,0.9983096505739651,0,0,-0.10820963330498057,-0.10820963330498057
363,221,1.352276088249104,0,0,0.09670079018038788,0.09670079018038788
369,221,0.6556590193555698,0,0,0.03876665684499117,0.03876665684499117
372,221,0.20809670007753436,0,0,0.01017655986607871,0.01017655986607871
373,221,1.4507983757913103,0,0,-0.15791920605831705,-0.15791920605831705
379,221,0.8512345590336772,0,0,0.09472530901613688,0.09472530901613688
380,221,0.9719988019113485,0,0,0.09191549868174728,0.09191549868174728
383,221,1.1637857186010778,0,0,0.17444863468682,0.17444863468682
386,221,0.44365354499146387,0,0,-0.00937884157860508,-0.00937884157860508
389,221,0.3461291534394001,0,0,0.04054993915798477,0.04054993915798477
393,221,0.8594902811998364,0,0,0.10731489645714556,0.10731489645714556
230,222,1.416952608162783,0,0,0.23593101624026297,0.23593101624026297
235,222,1.3036257200378323,0,0,-0.15853869335503,-0.15853869335503
239,222,1.120222972659232,0,0,-0.11174369226389641,-0.11174369226389641
247,222,1.3847516872945127,0,0,-0.19129208327009858,-0.19129208327009858
255,222,1.400460063800838,0,0,-0.1095119988552409,-0.1095119988552409
268,222,1.5653789271858858,0,0,-0.15470533466964076,-0.15470533466964076
269,222,1.5044683855729097,0,0,0.22507371340943855,0.22507371340943855
274,222,0.11290862752743223,0,0,-0.016963924193362706,-0.016963924193362706
280,222,1.3411916290622596,1,1,0.3039441177207549,-0.6960558822792451
281,222,0.7127491652459906,0,0,-0.015075908199606275,-0.015075908199606275
283,222,1.434994407167762,0,0,0.23593101624026352,0.23593101624026352
288,222,1.2236230762664662,0,0,-0.15919324372323598,-0.15919324372323598
306,222,0.8287303176941144,0,0,-0.09128516519138155,-0.09128516519138155
308,222,0.2657092671083073,0,0,-0.015129478388715756,-0.015129478388715756
313,222,1.2161813123011036,0,0,-0.16655387813255737,-0.16655387813255737
315,222,1.5242055294838648,0,0,-0.03208047798379521,-0.03208047798379521
329,222,0.6861330824377567,0,0,0.06254613535924519,0.06254613535924519
340,222,1.2120467855797747,0,0,-0.13562064541724878,-0.13562064541724878
344,222,1.157814068457523,0,0,-0.15189524478524669,-0.15189524478524669
366,222,1.0391411508991293,0,0,0.09554689707182229,0.09554689707182229
371,222,0.6223083843104138,0,0,-0.0815290179084052,-0.0815290179084052
376,222,0.41949591950985543,0,0,-0.056297864138488724,-0.056297864138488724
397,222,1.4292910348669903,0,0,-0.14357016420669236,-0.14357016420669236
398,222,1.585082377834572,1,1,0.44319179340750203,-0.556808206592498
225,223,1.1354386341558151,0,0,0.16415153476103653,0.16415153476103653
226,223,1.4616933770728278,0,0,-0.13293100929781143,-0.13293100929781143
228,223,1.4662452763599685,0,0,-0.21624711305275301,-0.21624711305275301
233,223,1.4742704843185415,0,0,0.1339943512085881,0.1339943512085881
236,223,0.5568041461853609,0,0,0.07199651294865328,0.07199651294865328
245,223,0.6794230052436677,0,0,-0.06854238407632642,-0.06854238407632642
250,223,0.9864599558873828,0,0,-0.019779883679593713,-0.019779883679593713
264,223,0.4542413944426214,0,0,0.03091164692164422,0.03091164692164422
266,223,0.3188352095604849,0,0,0.025669722740652615,0.025669722740652615
293,223,0.9664327497732299,0,0,-0.012543621723395931,-0.012543621723395931
294,223,0.5537548165547986,0,0,-0.056993025435524716,-0.056993025435524716
295,223,1.339673585306695,0,0,-0.035703358406429006,-0.035703358406429006
299,223,0.44166070266017654,0,0,-0.038185006762350496,-0.038185006762350496
311,223,1.308977597767148,0,0,-0.15398825740198274,-0.15398825740198274
323,223,0.49819834966680643,0,0,-0.00037945917454877687,-0.00037945917454877687
324,223,1.1975687166952858,0,0,0.17212115094924907,0.17212115094924907
325,223,1.0377602287883918,0,0,0.1576601202175134,0.1576601202175134
342,223,0.13664958037052885,0,0,-0.010692285265064105,-0.010692285265064105
352,223,1.060224694136016,0,0,0.02269782619593365,0.02269782619593365
225,224,1.3736322968093937,0,0,0.025472155979433392,0.025472155979433392
236,224,1.3966883113250819,0,0,-0.06668286583294986,-0.06668286583294986
238,224,1.5354566384755393,0,0,0.032211269098382025,0.032211269098382025
249,224,0.9164092314831718,0,0,0.1152371529057571,0.1152371529057571
252,224,1.157984943507228,0,0,-0.009499635962893077,-0.009499635962893077
257,224,0.21576708094022803,0,0,-0.01519357360488147,-0.01519357360488147
266,224,1.5772122737927747,0,0,-0.11300965604095052,-0.11300965604095052
275,224,0.9885238699285841,0,0,0.04346608314579223,0.04346608314579223
278,224,1.1309264523489888,0,0,0.11222087482022468,0.11222087482022468
279,224,1.347260741633225,0,0,0.170221347579116,0.170221347579116
286,224,1.1786028224664542,0,0,0.06921836148424537,0.06921836148424537
293,224,1.338811952052563,0,0,-0.15122300050499907,-0.15122300050499907
302,224,1.43600215085022,0,0,0.06645656310835008,0.06645656310835008
305,224,0.7305255337992881,0,0,0.06045563817958463,0.06045563817958463
318,224,1.5406288641193704,0,0,0.20907959334677428,0.20907959334677428
321,224,0.2217569839435844,0,0,-0.011763642534542651,-0.011763642534542651
322,224,1.4443866870449087,0,0,-0.015139273543215193,-0.015139273543215193
324,224,1.0204496454187288,0,0,0.03344177216764593,0.03344177216764593
325,224,1.0771410014470213,0,0,0.01898074143591026,0.01898074143591026
328,224,0.5851615505975799,0,0,-0.0617854054581512,-0.0617854054581512
334,224,0.8972537785056997,0,0,0.015922354451792353,0.015922354451792353
335,224,1.3081889481467406,0,0,0.05333362050254786,0.05333362050254786
339,224,1.3347805620499944,0,0,-0.17929703880720943,-0.17929703880720943
346,224,1.5005256619801965,0,0,-0.14012173139817927,-0.14012173139817927
354,224,0.3479364831496405,0,0,0.020747729232146753,0.020747729232146753
359,224,0.32090671228401313,0,0,0.04036978465772849,0.04036978465772849
364,224,1.513715026629122,0,0,-0.08076914737368969,-0.08076914737368969
372,224,1.2593851140141554,0,0,0.15875597782878775,0.15875597782878775
373,224,0.2456167944040659,0,0,-0.009339788095607992,-0.009339788095607992
380,224,1.5930381692832416,0,0,0.24049491664445632,0.24049491664445632
384,224,0.9308350991109994,0,0,0.017222680831036737,0.017222680831036737
385,224,1.3124251762225174,0,0,0.025349126725568327,0.025349126725568327
386,224,1.1059260065423882,0,0,0.139200576384104,0.139200576384104
389,224,1.4508215570380616,0,0,0.18912935712069384,0.18912935712069384
390,224,1.0948527823122844,0,0,-0.004240034724892483,-0.004240034724892483
399,224,1.575085082490929,0,0,-0.06906497333098585,-0.06906497333098585
233,225,0.7045162801221762,0,0,-0.03015718355244841,-0.03015718355244841
235,225,1.1985630350287022,0,0,0.032525526338852945,0.032525526338852945
236,225,0.663880518134036,0,0,-0.09215502181238325,-0.09215502181238325
239,225,1.0339487734643291,0,0,0.07932052742998656,0.07932052742998656
247,225,1.0590255762144867,0,0,-0.0002278635762156117,-0.0002278635762156117
249,225,1.5824423051714371,0,0,0.08976499692632371,0.08976499692632371
250,225,1.3644463137869005,0,0,-0.18393141844063024,-0.18393141844063024
253,225,1.4083420436086986,0,0,0.18016253427369266,0.18016253427369266
254,225,1.426943492088909,0,0,0.19045287342073625,0.19045287342073625
257,225,1.488566349729456,0,0,-0.04066572958431486,-0.04066572958431486
264,225,0.8520704434719488,0,0,-0.1332398878393923,-0.1332398878393923
266,225,1.0179174252749887,0,0,-0.1384818120203839,-0.1384818120203839
272,225,1.3139900344271147,0,0,0.16815799787172792,0.16815799787172792
278,225,1.00065898877725,0,0,0.08674871884079129,0.08674871884079129
288,225,1.3404034373347136,0,0,0.03187097597064699,0.03187097597064699
293,225,1.469356103313475,0,0,-0.17669515648443246,-0.17669515648443246
294,225,1.5647870829045618,0,0,-0.22114456019656126,-0.22114456019656126
299,225,1.4327865583279777,0,0,-0.20233654152338704,-0.20233654152338704
313,225,1.0982205932959301,0,0,0.024510341561325602,0.024510341561325602
315,225,1.1842791330374942,0,0,0.15898374171008778,0.15898374171008778
321,225,1.5060654278305718,0,0,-0.03723579851397604,-0.03723579851397604
323,225,1.0492451698332728,0,0,-0.1645309939355853,-0.1645309939355853
324,225,0.48711132141562286,0,0,0.007969616188212542,0.007969616188212542
325,225,0.4092754389795156,0,0,-0.00649141454352313,-0.00649141454352313
336,225,1.3901528709147744,0,0,0.21018334588801424,0.21018334588801424
342,225,1.1834587858025152,0,0,-0.17484382002610063,-0.17484382002610063
344,225,1.4533984909677384,0,0,0.039168974908636287,0.039168974908636287
352,225,1.0732255174572318,0,0,-0.14145370856510286,-0.14145370856510286
354,225,1.4095522925440729,0,0,-0.004724426747286639,-0.004724426747286639
359,225,1.3378366485673747,0,0,0.014897628678295097,0.014897628678295097
369,225,1.2952264028469522,0,0,0.16187391882826685,0.16187391882826685
373,225,1.3669523794182814,0,0,-0.03481194407504139,-0.03481194407504139
381,225,1.3192232406249476,0,0,0.18800416372877282,0.18800416372877282
387,225,1.4998595615484225,0,0,-0.014272440507303072,-0.014272440507303072
245,226,1.188966272792373,0,0,0.064388625221485,0.064388625221485
250,226,0.862523637348694,0,0,0.1131511256182177,0.1131511256182177
264,226,1.3910109844722667,0,0,0.16384265621945565,0.16384265621945565
269,226,1.5941566939580236,46,-1,-0.2867795228378305,0.7132204771621695
284,226,1.053240009324873,46,-1,-0.16564555839055117,0.8343544416094488
285,226,0.9246990557456515,0,0,-0.09612135219232554,-0.09612135219232554
294,226,1.3242288324326006,0,0,0.0759379838622867,0.0759379838622867
295,226,0.7986475862332398,0,0,0.09722765089138241,0.09722765089138241
299,226,1.1426718014782358,0,0,0.09474600253546092,0.09474600253546092
319,226,0.9325517270887607,0,0,0.07521145259756762,0.07521145259756762
323,226,1.114348824139142,0,0,0.13255155012326264,0.13255155012326264
342,226,1.3332093387142272,0,0,0.12223872403274731,0.12223872403274731
352,226,1.1904594448331067,0,0,0.15562883549374507,0.15562883549374507
362,226,1.2376309856771912,46,-1,-0.20104813525748988,0.7989518647425101
394,226,1.1173885989402281,46,-1,-0.23114418389534663,0.7688558161046534
231,227,1.2780047043866913,0,0,-0.2881453738850706,-0.2881453738850706
242,227,0.8218542607124444,0,0,0.08561650347285753,0.08561650347285753
259,227,0.2031732560992053,0,0,0.006205507112181763,0.006205507112181763
261,227,1.579347744896353,0,0,0.18435968668131858,0.18435968668131858
265,227,1.2430681663892467,0,0,-0.2004578077046778,-0.2004578077046778
267,227,1.4991022070302786,0,0,-0.061366108189344876,-0.061366108189344876
273,227,0.962671850838206,0,0,0.08663423521410023,0.08663423521410023
296,227,1.398410849892979,0,0,-0.18525280418230933,-0.18525280418230933
309,227,1.3681373690325802,0,0,0.11566713252135968,0.11566713252135968
316,227,1.2715220514595924,0,0,-0.2350939821392648,-0.2350939821392648
331,227,0.6647605793655519,0,0,0.06426217706073141,0.06426217706073141
343,227,0.779706727645595,0,0,0.07942304270057478,0.07942304270057478
356,227,0.8903077529983059,0,0,-0.09560387111839264,-0.09560387111839264
360,227,1.096926188163782,0,0,-0.16371629787316744,-0.16371629787316744
361,227,1.0652171360991796,0,0,-0.09099860442413638,-0.09099860442413638
368,227,0.7078724730682469,0,0,-0.09003810121939942,-0.09003810121939942
378,227,0.5737144798945001,0,0,-0.06940190717512801,-0.06940190717512801
395,227,1.5141351767384748,0,0,0.18531373713672714,0.18531373713672714
234,228,0.5222340114180138,0,0,-0.04607418660406404,-0.04607418660406404
245,228,1.2550460915057848,0,0,0.14770472897642659,0.14770472897642659
260,228,1.3002259892104933,0,0,-0.11502128007169854,-0.11502128007169854
263,228,1.1529941198080706,0,0,0.01174936532506854,0.01174936532506854
266,228,1.4182729579977404,0,0,0.24191683579340562,0.24191683579340562
293,228,1.4515391742285444,0,0,0.20370349132935706,0.20370349132935706
294,228,1.1774847499725885,0,0,0.15925408761722828,0.15925408761722828
299,228,1.4260082625931412,0,0,0.1780621062904025,0.1780621062904025
311,228,0.5927012596768976,0,0,0.06225885565077027,0.06225885565077027
330,228,1.5900152897179292,0,0,-0.1572529543227753,-0.1572529543227753
342,228,1.4705047222671588,0,0,0.2055548277876889,0.2055548277876889
238,229,1.3800081280960526,0,0,0.06228301466921567,0.06228301466921567
240,229,0.8443121687079103,0,0,-0.027723802888286856,-0.027723802888286856
242,229,1.0055735147831852,0,0,-0.09224035285672721,-0.09224035285672721
246,229,0.15789784927557116,0,0,-0.007898537714022628,-0.007898537714022628
252,229,1.5850080160293776,0,0,0.020572109607940568,0.020572109607940568
261,229,1.138953639972745,0,0,0.006502830351733834,0.006502830351733834
267,229,1.4312553925344031,0,0,-0.2392229645189296,-0.2392229645189296
268,229,1.347829294669495,0,0,0.09190278657450923,0.09190278657450923
273,229,0.8495000960439185,0,0,-0.09122262111548451,-0.09122262111548451
282,229,0.9478816351258582,0,0,0.0643577070245555,0.0643577070245555
298,229,0.7682981884593703,0,0,0.04374483273736764,0.04374483273736764
303,229,1.4762610397630012,0,0,-0.030234741769946775,-0.030234741769946775
309,229,0.5597536537905424,0,0,-0.062189723808225045,-0.062189723808225045
312,229,1.5567378140068884,0,0,-0.129741605864156,-0.129741605864156
322,229,1.475390542138514,0,0,0.014932472027618451,0.014932472027618451
326,229,1.0204792087400194,0,0,-0.08196931390366205,-0.08196931390366205
331,229,1.5313063062460606,0,0,-0.11359467926885333,-0.11359467926885333
343,229,1.050477174163241,0,0,-0.09843381362900996,-0.09843381362900996
353,229,0.6766283371641612,0,0,0.035530931505683386,0.035530931505683386
358,229,1.194355940230289,0,0,0.07011718632799477,0.07011718632799477
370,229,1.2501037928946144,0,0,0.009833275221515614,0.009833275221515614
374,229,0.9154351894894631,0,0,-0.01111227667343037,-0.01111227667343037
385,229,1.5091930110417202,0,0,0.05542087229640197,0.05542087229640197
387,229,1.174493584807945,0,0,0.04127146104296396,0.04127146104296396
388,229,0.749864182231381,0,0,0.04428673552962173,0.04428673552962173
392,229,1.3810535956795986,0,0,0.08708066246336107,0.08708066246336107
395,229,0.7929064551189594,0,0,0.007456880807142387,0.007456880807142387
397,229,1.5428887607564878,0,0,0.10303795703745765,0.10303795703745765
269,230,0.27475394080117543,0,0,-0.010857302830824422,-0.010857302830824422
274,230,1.4429148250811965,0,0,-0.2528949404336257,-0.2528949404336257
280,230,1.5005700885709743,1,1,0.068013101480492,-0.931986898519508
281,230,1.1472842072166138,0,0,-0.2510069244398693,-0.2510069244398693
283,230,0.03015040751601354,0,0,5.551115123125783e-16,5.551115123125783e-16
284,230,0.858922885471029,0,0,0.11027666161645494,0.11027666161645494
285,230,0.9347732182870593,1,1,0.17980086781468052,-0.8201991321853195
300,230,1.207341406257959,1,1,0.2200137906816062,-0.7799862093183938
308,230,1.3023908233950054,0,0,-0.2510604946289787,-0.2510604946289787
329,230,0.844488226534273,0,0,-0.17338488088101778,-0.17338488088101778
362,230,0.6722527990684404,0,0,0.07487408474951623,0.07487408474951623
366,230,0.5182515405898335,0,0,-0.14038411916844068,-0.14038411916844068
382,230,1.5713113235171356,1,1,0.28000106485077225,-0.7199989351492277
394,230,1.1698515031576042,0,0,0.04477803611165948,0.04477803611165948
232,231,1.5252900988512,46,-1,-0.3985236494876241,0.6014763505123759
255,231,1.4336674887546015,46,-1,-0.3969016473964355,0.6030983526035645
258,231,1.1580501977500983,46,-1,-0.3078060242669256,0.6921939757330744
259,231,1.3986382988196102,0,0,0.2943508809972524,0.2943508809972524
265,231,0.829321962078637,0,0,0.0876875661803928,0.0876875661803928
296,231,1.316153834274704,0,0,0.10289256970276128,0.10289256970276128
306,231,1.3659414465837703,46,-1,-0.37867481373257617,0.6213251862674238
316,231,0.583782495029875,0,0,0.05305139174580581,0.05305139174580581
327,231,1.0752696133930566,46,-1,-0.2300667814828936,0.7699332185171064
340,231,1.5500242097275752,46,-1,-0.42301029395844336,0.5769897060415566
348,231,1.3229490574714229,0,0,-0.09678581891967153,-0.09678581891967153
356,231,0.782916399263276,0,0,0.19254150276667797,0.19254150276667797
360,231,1.0128089429134657,0,0,0.12442907601190317,0.12442907601190317
361,231,1.1562058155231394,0,0,0.19714676946093423,0.19714676946093423
368,231,0.6943157615239206,0,0,0.19810727266567119,0.19810727266567119
376,231,1.494547693836727,46,-1,-0.34368751267968334,0.6563124873203167
378,231,1.0840187892193194,0,0,0.2187434667099426,0.2187434667099426
235,232,1.2812458376735423,0,0,-0.047404692408600554,-0.047404692408600554
238,232,1.4377438794838762,0,0,-0.07319110562850487,-0.07319110562850487
247,232,1.5542530851218772,0,0,-0.08015808232366911,-0.08015808232366911
248,232,1.5578111372959407,0,0,0.23093932812517395,0.23093932812517395
255,232,0.2667525459572961,0,0,0.001622002091188568,0.001622002091188568
258,232,0.5128580523633377,0,0,0.09071762522069846,0.09071762522069846
261,232,1.4627957822227686,0,0,-0.1289712899459867,-0.1289712899459867
268,232,0.5758784822880944,0,0,-0.0435713337232113,-0.0435713337232113
277,232,0.6226281849409013,0,0,-0.0021470586825067806,-0.0021470586825067806
282,232,0.9048966174460267,0,0,-0.07111641327316504,-0.07111641327316504
287,232,0.8965543738981557,0,0,0.057104447207292186,0.057104447207292186
288,232,1.247436292482525,0,0,-0.04805924277680651,-0.04805924277680651
298,232,1.1471634353618543,0,0,-0.0917292875603529,-0.0917292875603529
306,232,0.845164989778859,0,0,0.019848835755047922,0.019848835755047922
313,232,1.5046450933503874,0,0,-0.0554198771861279,-0.0554198771861279
316,232,1.519331519500521,1,1,0.45157504123342995,-0.54842495876657
327,232,0.7881432236159548,0,0,0.1684568680047305,0.1684568680047305
332,232,1.0764606896637894,0,0,0.07056362908622132,0.07056362908622132
340,232,0.6426921846168275,0,0,-0.024486644470819288,-0.024486644470819288
344,232,1.0157675999710132,0,0,-0.04076124383881721,-0.04076124383881721
348,232,1.3759522982195882,1,1,0.30173783056795256,-0.6982621694320474
353,232,1.3906030877780735,0,0,-0.09994318879203715,-0.09994318879203715
358,232,1.050974375223067,0,0,-0.06535693396972576,-0.06535693396972576
371,232,1.0730101699639605,0,0,0.02960498303802428,0.02960498303802428
376,232,1.2586925046173116,0,0,0.05483613680794075,0.05483613680794075
387,232,1.276038873745508,0,0,-0.09420265925475657,-0.09420265925475657
388,232,1.1605264687437837,0,0,-0.0911873847680988,-0.0911873847680988
392,232,0.5683365308525707,0,0,-0.04839345783435946,-0.04839345783435946
395,232,1.368794324398471,0,0,-0.12801723949057814,-0.12801723949057814
397,232,0.5616880699991075,0,0,-0.032436163260262885,-0.032436163260262885
235,233,0.6422522797137388,0,0,0.06268270989130136,0.06268270989130136
236,233,1.0982031381662631,0,0,-0.06199783825993484,-0.06199783825993484
239,233,0.6238900830669858,0,0,0.10947771098243497,0.10947771098243497
247,233,0.4099412427262697,0,0,0.0299293199762328,0.0299293199762328
250,233,1.1764586353390145,0,0,-0.15377423488818182,-0.15377423488818182
261,233,1.1413766038391109,0,0,-0.018883887646084792,-0.018883887646084792
264,233,1.0453222428494013,0,0,-0.1030827042869439,-0.1030827042869439
266,233,1.4787104562462234,0,0,-0.1083246284679355,-0.1083246284679355
268,233,1.3754123838677363,0,0,0.06651606857669061,0.06651606857669061
274,233,1.5633262309305305,0,0,0.20425747905296868,0.20425747905296868
278,233,1.5990506573529886,0,0,0.1169059023932397,0.1169059023932397
281,233,1.3203742465026893,0,0,0.2061454950467251,0.2061454950467251
282,233,1.5700682744353904,0,0,0.038970989026736874,0.038970989026736874
288,233,0.742226899666673,0,0,0.0620281595230954,0.0620281595230954
295,233,1.2754999887526006,0,0,-0.16969770961501712,-0.16969770961501712
308,233,1.478315161483335,0,0,0.20609192485761563,0.20609192485761563
313,233,0.4936723261095685,0,0,0.05466752511377401,0.05466752511377401
315,233,1.2122340880562532,0,0,0.18914092526253617,0.18914092526253617
319,233,1.3631233429649325,0,0,-0.19171390790883192,-0.19171390790883192
323,233,1.1460600729689703,0,0,-0.1343738103831369,-0.1343738103831369
324,233,1.1714814769029482,0,0,0.03812679974066095,0.03812679974066095
325,233,1.0759456625680985,0,0,0.02366576900892528,0.02366576900892528
340,233,1.3557172505049602,0,0,0.08560075782908262,0.08560075782908262
342,233,1.4839117721822843,0,0,-0.1446866364736522,-0.1446866364736522
344,233,0.935239676763608,0,0,0.0693261584610847,0.0693261584610847
352,233,0.7824280125749348,0,0,-0.11129652501265447,-0.11129652501265447
371,233,1.451615080158378,0,0,0.1396923853379262,0.1396923853379262
387,233,0.9631232460158875,0,0,0.01588474304514534,0.01588474304514534
392,233,1.3836904149322389,0,0,0.06169394446554245,0.06169394446554245
395,233,1.3947275285847511,0,0,-0.01792983719067624,-0.01792983719067624
397,233,1.3402474057679532,0,0,0.07765123903963903,0.07765123903963903
260,234,0.780670779191306,0,0,-0.0689470934676345,-0.0689470934676345
262,234,1.4172181769883772,46,-1,-0.2964823149250182,0.7035176850749818
263,234,0.6861961842104809,0,0,0.05782355192913258,0.05782355192913258
266,234,1.5143800045401914,0,0,0.28799102239746965,0.28799102239746965
293,234,1.3315715884324129,0,0,0.2497776779334211,0.2497776779334211
294,234,1.525052990341423,0,0,0.20532827422129232,0.20532827422129232
311,234,0.4914437867803217,0,0,0.10833304225483431,0.10833304225483431
330,234,1.0683451366305532,0,0,-0.11117876771871127,-0.11117876771871127
347,234,1.3451402362272662,0,0,0.12358159259727158,0.12358159259727158
239,235,0.6125174145893584,0,0,0.04679500109113362,0.04679500109113362
247,235,0.2759739540633761,0,0,-0.032753389915068556,-0.032753389915068556
255,235,1.1422419528628471,0,0,0.04902669449978912,0.04902669449978912
261,235,0.814033196265273,0,0,-0.08156659753738615,-0.08156659753738615
268,235,0.7712815454615244,0,0,0.0038333586853892543,0.0038333586853892543
274,235,1.2236005780001464,0,0,0.14157476916166734,0.14157476916166734
281,235,1.255447438352156,0,0,0.14346278515542377,0.14346278515542377
282,235,1.1087639511644056,0,0,-0.02371172086456448,-0.02371172086456448
288,235,0.15782270802656065,0,0,-0.0006545503682059556,-0.0006545503682059556
298,235,1.3468076785969143,0,0,-0.04432459515175234,-0.04432459515175234
306,235,1.0154764176473008,0,0,0.06725352816364848,0.06725352816364848
308,235,1.216761926882992,0,0,0.14340921496631426,0.14340921496631426
313,235,0.2678793114045017,0,0,-0.008015184777527343,-0.008015184777527343
315,235,1.4517938704379005,0,0,0.1264582153712348,0.1264582153712348
324,235,1.5910679876833178,0,0,-0.024555910150640403,-0.024555910150640403
325,235,1.544855869781984,0,0,-0.039016940882376075,-0.039016940882376075
340,235,0.7141113498794099,0,0,0.022918047937781266,0.022918047937781266
344,235,0.30264745198419646,0,0,0.006643448569783342,0.006643448569783342
352,235,1.3374819520725616,0,0,-0.17397923490395584,-0.17397923490395584
353,235,1.5573494158559604,0,0,-0.0525384963834366,-0.0525384963834366
358,235,1.4301036102713431,0,0,-0.01795224156112521,-0.01795224156112521
371,235,0.9399787329116308,0,0,0.07700967544662483,0.07700967544662483
376,235,1.1370672828274349,0,0,0.1022408292165413,0.1022408292165413
387,235,0.5693995440529642,0,0,-0.04679796684615602,-0.04679796684615602
388,235,1.2618104336548097,0,0,-0.04378269235949825,-0.04378269235949825
392,235,0.7975099452329221,0,0,-0.000988765425758903,-0.000988765425758903
395,235,1.0220611407858666,0,0,-0.0806125470819776,-0.0806125470819776
397,235,0.728642973928781,0,0,0.01496852914833767,0.01496852914833767
239,236,1.5964133074462479,0,0,0.1714755492423698,0.1714755492423698
245,236,1.199040264661006,0,0,-0.1405388970249797,-0.1405388970249797
247,236,1.4844161427114555,0,0,0.09192715823616764,0.09192715823616764
250,236,1.1236926195298345,0,0,-0.09177639662824699,-0.09177639662824699
257,236,1.433501977176307,0,0,0.05148929222806838,0.05148929222806838
264,236,0.4038158694227444,0,0,-0.04108486602700906,-0.04108486602700906
266,236,0.40914251612890984,0,0,-0.046326790208000665,-0.046326790208000665
278,236,1.3897609415126242,0,0,0.17890374065317452,0.17890374065317452
293,236,0.9394759619460179,0,0,-0.08454013467204921,-0.08454013467204921
294,236,1.0803861711018063,0,0,-0.128989538384178,-0.128989538384178
295,236,1.453763120297364,0,0,-0.10769987135508229,-0.10769987135508229
299,236,0.9586357596786249,0,0,-0.11018151971100378,-0.11018151971100378
311,236,1.539738097833831,0,0,-0.22598477035063602,-0.22598477035063602
313,236,1.582014785010604,0,0,0.11666536337370885,0.11666536337370885
321,236,1.476270410396907,0,0,0.054919223298407205,0.054919223298407205
323,236,0.6717184745790438,0,0,-0.07237597212320206,-0.07237597212320206
324,236,0.7200616107773622,0,0,0.10012463800059579,0.10012463800059579
325,236,0.5369121871770516,0,0,0.08566360726886012,0.08566360726886012
342,236,0.6512552455092906,0,0,-0.08268879821371738,-0.08268879821371738
352,236,0.974684792095891,0,0,-0.04929868675271963,-0.04929868675271963
354,236,1.5707618028904677,0,0,0.08743059506509661,0.08743059506509661
359,236,1.5036150792475258,0,0,0.10705265049067834,0.10705265049067834
373,236,1.3558104111677767,0,0,0.05734307773734186,0.05734307773734186
251,237,0.3143116080666315,0,0,-0.0731004595067889,-0.0731004595067889
257,237,1.5905191553040867,0,0,0.29218105446916426,0.29218105446916426
260,237,1.3707540084463863,0,0,-0.16257314383200894,-0.16257314383200894
263,237,1.327804140522487,0,0,-0.03580249843524186,-0.03580249843524186
307,237,1.3496527164194427,46,-1,-0.3488416851440094,0.6511583148559906
328,237,1.3984901188100063,0,0,0.24558922261589455,0.24558922261589455
330,237,1.2186084569721172,0,0,-0.2048048180830857,-0.2048048180830857
339,237,0.5486594114564891,0,0,0.12807758926683632,0.12807758926683632
347,237,0.7409728954128315,0,0,0.029955542232897148,0.029955542232897148
367,237,0.5104444498185168,0,0,-0.028192833708224896,-0.028192833708224896
391,237,1.4074873681866442,46,-1,-0.3307485927927454,0.6692514072072546
240,238,1.2967134530806517,0,0,-0.09000681755750253,-0.09000681755750253
243,238,1.4261169395580617,0,0,-0.11086292621049029,-0.11086292621049029
246,238,1.537585717908639,0,0,-0.0701815523832383,-0.0701815523832383
252,238,0.8148402804192107,0,0,-0.0417109050612751,-0.0417109050612751
256,238,0.9644832867734634,0,0,0.09011894661395833,0.09011894661395833
257,238,1.5744285569213938,0,0,-0.04740484270326349,-0.04740484270326349
268,238,1.2594697270848203,0,0,0.029619771905293565,0.029619771905293565
270,238,1.5779459806439435,0,0,-0.1359565533281848,-0.1359565533281848
275,238,0.8516509599976534,0,0,0.011254814047410203,0.011254814047410203
277,238,1.0622914969739674,0,0,0.07104404694599809,0.07104404694599809
282,238,0.7975737865166723,0,0,0.00207469235533983,0.00207469235533983
286,238,0.8756846869005244,0,0,0.03700709238586335,0.03700709238586335
287,238,1.380816835569565,0,0,0.13029555283579705,0.13029555283579705
298,238,0.6956206099433175,0,0,-0.01853818193184803,-0.01853818193184803
302,238,0.6782842999047795,0,0,0.03424529400996805,0.03424529400996805
303,238,1.265787240660922,0,0,-0.09251775643916245,-0.09251775643916245
305,238,1.1985306282672656,0,0,0.028244369081202605,0.028244369081202605
321,238,1.5019305366583848,0,0,-0.043974911632924676,-0.043974911632924676
322,238,0.8352065445763206,0,0,-0.047350542641597215,-0.047350542641597215
332,238,1.3600856121334344,0,0,0.1437547347147262,0.1437547347147262
334,238,0.7831811639724341,0,0,-0.016288914646589672,-0.016288914646589672
335,238,0.6013164575205769,0,0,0.021122351404165837,0.021122351404165837
353,238,0.7035604192397273,0,0,-0.026752083163532288,-0.026752083163532288
354,238,1.2261253040730202,0,0,-0.011463539866235273,-0.011463539866235273
358,238,0.40849803826001535,0,0,0.007834171658779102,0.007834171658779102
359,238,1.428933059944947,0,0,0.008158515559346463,0.008158515559346463
370,238,0.7412848667162436,0,0,-0.05244973944770005,-0.05244973944770005
373,238,1.4329293997547088,0,0,-0.04155105719399002,-0.04155105719399002
374,238,1.0129908568286734,0,0,-0.07339529134264604,-0.07339529134264604
384,238,0.6813086444033158,0,0,-0.014988588267345289,-0.014988588267345289
385,238,0.2707058994224015,0,0,-0.006862142372813698,-0.006862142372813698
387,238,1.4852808793631769,0,0,-0.021011553626251706,-0.021011553626251706
388,238,0.7528178345895736,0,0,-0.017996279139593938,-0.017996279139593938
390,238,0.8071509198991025,0,0,-0.03645130382327451,-0.03645130382327451
392,238,1.1803784702041802,0,0,0.024797647794145408,0.024797647794145408
395,238,1.5444352329379583,0,0,-0.05482613386207329,-0.05482613386207329
397,238,1.3447348351096675,0,0,0.04075494236824198,0.04075494236824198
399,238,1.4778127553468707,0,0,-0.10127624242936786,-0.10127624242936786
247,239,0.5683109007097021,0,0,-0.07954839100620217,-0.07954839100620217
255,239,1.4887793235200792,0,0,0.002231693408655505,0.002231693408655505
261,239,1.3713195668989926,0,0,-0.12836159862851976,-0.12836159862851976
264,239,1.5699119406097208,0,0,-0.21256041526937886,-0.21256041526937886
268,239,1.2769125955002931,0,0,-0.04296164240574436,-0.04296164240574436
274,239,1.0227377308575527,0,0,0.0947797680705337,0.0947797680705337
281,239,0.7635569300921761,0,0,0.09666778406429014,0.09666778406429014
288,239,0.6806673733731112,0,0,-0.04744955145933957,-0.04744955145933957
306,239,1.1993088851637448,0,0,0.02045852707251486,0.02045852707251486
308,239,0.9231096891705768,0,0,0.09661421387518065,0.09661421387518065
313,239,0.40219992610004857,0,0,-0.05481018586866096,-0.05481018586866096
315,239,0.8514491807285459,0,0,0.0796632142801012,0.0796632142801012
324,239,1.460123719739869,0,0,-0.07135091124177402,-0.07135091124177402
325,239,1.434134830239034,0,0,-0.08581194197350969,-0.08581194197350969
329,239,1.311292973981516,0,0,0.1742898276231416,0.1742898276231416
336,239,1.368474666342727,0,0,0.13086281845802766,0.13086281845802766
340,239,1.1321840238133503,0,0,-0.02387695315335235,-0.02387695315335235
344,239,0.7412581896450893,0,0,-0.040151552521350276,-0.040151552521350276
352,239,1.297567487164287,0,0,-0.22077423599508944,-0.22077423599508944
366,239,1.3693262977952416,0,0,0.2072905893357187,0.2072905893357187
371,239,0.9650706374750194,0,0,0.030214674355491217,0.030214674355491217
376,239,1.1361116145476509,0,0,0.05544582812540769,0.05544582812540769
381,239,1.37006216273976,0,0,0.10868363629878625,0.10868363629878625
387,239,1.1691699359835321,0,0,-0.09359296793728963,-0.09359296793728963
392,239,1.2818200107986661,0,0,-0.04778376651689252,-0.04778376651689252
397,239,1.160963169560011,0,0,-0.03182647194279595,-0.03182647194279595
243,240,0.9774599603961726,0,0,-0.020856108652987766,-0.020856108652987766
244,240,0.9186126014332702,0,0,-0.12436605405144172,-0.12436605405144172
246,240,0.9125257519587266,0,0,0.01982526517426423,0.01982526517426423
252,240,1.265877684532028,0,0,0.048295912496227424,0.048295912496227424
270,240,1.1817376925530445,0,0,-0.04594973577068228,-0.04594973577068228
273,240,1.5367341360273616,0,0,-0.06349881822719766,-0.06349881822719766
282,240,1.367875184866076,0,0,0.09208150991284236,0.09208150991284236
290,240,0.9999759605753088,0,0,-0.14096765740042738,-0.14096765740042738
297,240,1.559624753486771,0,0,-0.04080374371310372,-0.04080374371310372
298,240,1.0795909802634425,0,0,0.0714686356256545,0.0714686356256545
303,240,0.7291221106262068,0,0,-0.0025109388816599194,-0.0025109388816599194
309,240,1.1321156849229028,0,0,-0.03446592091993819,-0.03446592091993819
312,240,0.8548240336757812,0,0,-0.10201780297586915,-0.10201780297586915
322,240,1.0305166538990433,0,0,0.042656274915905304,0.042656274915905304
326,240,0.4409777226383999,0,0,-0.05424551101537519,-0.05424551101537519
353,240,0.834811574595123,0,0,0.06325473439397024,0.06325473439397024
358,240,1.326154401628001,0,0,0.09784098921628162,0.09784098921628162
370,240,0.8189483329900872,0,0,0.037557078109802466,0.037557078109802466
374,240,0.31771107483771605,0,0,0.016611526214856485,0.016611526214856485
375,240,1.592171634214676,0,0,-0.06674655665947934,-0.06674655665947934
385,240,1.3480317696092707,0,0,0.08314467518468882,0.08314467518468882
388,240,1.1261028093982852,0,0,0.07201053841790858,0.07201053841790858
390,240,1.3674304569736222,0,0,0.05355551373422802,0.05355551373422802
395,240,1.5802807310862137,0,0,0.035180683695429246,0.035180683695429246
399,240,1.4636452960216626,0,0,-0.011269424871865344,-0.011269424871865344
249,241,1.0026521191198672,0,0,-0.10284567439816661,-0.10284567439816661
253,241,1.116829030528337,0,0,-0.01244813705079767,-0.01244813705079767
254,241,1.2783289987140152,0,0,-0.0021577979037540884,-0.0021577979037540884
262,241,0.9495056026060106,0,0,0.08443417933263797,0.08443417933263797
271,241,0.23432477914424069,0,0,0.03204390132197005,0.03204390132197005
272,241,1.3134593747839198,0,0,-0.02445267345276239,-0.02445267345276239
278,241,1.2447451424678155,0,0,-0.10586195248369903,-0.10586195248369903
279,241,0.5297534159588667,0,0,-0.047861479724807726,-0.047861479724807726
305,241,1.4428244883800152,0,0,-0.1576271891243391,-0.1576271891243391
307,241,0.7926700659761475,0,0,0.12570085947802118,0.12570085947802118
314,241,1.5627603139341102,0,0,-0.016322040999120796,-0.016322040999120796
317,241,0.5784601497103268,0,0,0.03244778252504654,0.03244778252504654
318,241,0.1844181306752509,0,0,-0.009003233957149415,-0.009003233957149415
338,241,1.0902593624238417,0,0,0.016970069722576864,0.016970069722576864
359,241,1.443011535725452,0,0,-0.17771304264619522,-0.17771304264619522
369,241,1.2298057773349296,0,0,-0.030736752496223485,-0.030736752496223485
372,241,0.6955848850838807,0,0,-0.059326849475135945,-0.059326849475135945
379,241,0.20840709192236917,0,0,0.02522189967492222,0.02522189967492222
380,241,0.43877381181117586,0,0,0.022412089340532626,0.022412089340532626
383,241,0.7569872266290516,0,0,0.10494522534560535,0.10494522534560535
386,241,0.7379691857697895,0,0,-0.07888225091981974,-0.07888225091981974
389,241,0.4198065543672168,0,0,-0.028953470183229885,-0.028953470183229885
391,241,0.9909780015755432,0,0,0.14379395182928517,0.14379395182928517
393,241,0.848667804223422,0,0,0.03781148711593091,0.03781148711593091
246,242,0.8807026660281295,0,0,0.08434181514270458,0.08434181514270458
259,242,0.8212172145505111,0,0,-0.07941099636067576,-0.07941099636067576
261,242,1.2192188160662152,0,0,0.09874318320846104,0.09874318320846104
267,242,1.305785163375625,0,0,-0.1469826116622024,-0.1469826116622024
273,242,0.26195444975731813,0,0,0.0010177317412427,0.0010177317412427
296,242,1.5932025974258934,0,0,-0.27086930765516687,-0.27086930765516687
298,242,1.5987271894879875,0,0,0.13598518559409484,0.13598518559409484
309,242,0.6426260076654058,0,0,0.030050629048502163,0.030050629048502163
331,242,0.6697285051061634,0,0,-0.021354326412126118,-0.021354326412126118
343,242,0.08451541489361826,0,0,-0.0061934607722827495,-0.0061934607722827495
360,242,1.4708958478392473,0,0,-0.24933280134602498,-0.24933280134602498
368,242,1.4719251279195587,0,0,-0.17565460469225697,-0.17565460469225697
378,242,1.0878635484537513,0,0,-0.15501841064798555,-0.15501841064798555
387,242,1.4737016876998845,0,0,0.1335118138996912,0.1335118138996912
388,242,1.5602814378627217,0,0,0.13652708838634894,0.13652708838634894
395,242,1.0332767906826494,0,0,0.0996972336638696,0.0996972336638696
244,243,1.2039187614004818,0,0,-0.10350994539845396,-0.10350994539845396
252,243,0.9073776085179635,0,0,0.06915202114921519,0.06915202114921519
270,243,0.23108893571377861,0,0,-0.025093627117694514,-0.025093627117694514
289,243,1.0997965023133447,0,0,-0.14845730021634845,-0.14845730021634845
290,243,1.2983902710668787,0,0,-0.12011154874743962,-0.12011154874743962
297,243,0.5851725455651243,0,0,-0.019947635060115952,-0.019947635060115952
303,243,0.28148847877359195,0,0,0.018345169771327847,0.018345169771327847
312,243,1.2949434117330734,0,0,-0.0811616943228814,-0.0811616943228814
320,243,1.5311376487822697,46,-1,-0.163731862556715,0.836268137443285
322,243,0.6668530748570416,0,0,0.06351238356889308,0.06351238356889308
326,243,1.2682256913440986,0,0,-0.033389402362387424,-0.033389402362387424
333,243,0.9311660509011337,0,0,-0.10881717414213096,-0.10881717414213096
334,243,1.317324056192281,0,0,0.09457401156390062,0.09457401156390062
346,243,1.5009589587951917,0,0,-0.061470074286071,-0.061470074286071
350,243,1.1126713107472068,0,0,-0.0730387669197626,-0.0730387669197626
353,243,1.400559791164294,0,0,0.08411084304695801,0.08411084304695801
364,243,0.9485155672843771,0,0,-0.002117490261581423,-0.002117490261581423
370,243,0.7226103654822084,0,0,0.05841318676279024,0.05841318676279024
374,243,0.8311773978835627,0,0,0.037467634867844254,0.037467634867844254
375,243,0.6402618113820874,0,0,-0.04589044800649157,-0.04589044800649157
384,243,1.4143841976071572,0,0,0.09587433794314501,0.09587433794314501
385,243,1.298675041170043,0,0,0.1040007838376766,0.1040007838376766
390,243,0.9752003585112354,0,0,0.07441162238721578,0.07441162238721578
399,243,0.5762863582383126,0,0,0.009586683781122422,0.009586683781122422
270,244,1.267408682350846,0,0,0.07841631828075944,0.07841631828075944
276,244,1.3038878016027575,0,0,-0.25674967307311,-0.25674967307311
289,244,1.512034036875002,0,0,-0.0449473548178945,-0.0449473548178945
290,244,0.09839521393102213,0,0,-0.016601603348985666,-0.016601603348985666
303,244,1.005058727497692,0,0,0.1218551151697818,0.1218551151697818
304,244,1.2567519112723458,0,0,-0.2620501907447941,-0.2620501907447941
312,244,0.25143393827068616,0,0,0.02234825107557256,0.02234825107557256
322,244,1.5388678075875035,0,0,0.16702232896734703,0.16702232896734703
326,244,0.6858077126842932,0,0,0.07012054303606653,0.07012054303606653
333,244,1.3903013000509914,0,0,-0.005307228743677006,-0.005307228743677006
345,244,1.5876238566389247,46,-1,-0.17646849023189426,0.8235315097681057
353,244,1.5923111286793628,0,0,0.18762078844541197,0.18762078844541197
370,244,1.3947238585637822,0,0,0.16192313216124418,0.16192313216124418
374,244,1.0563858927139906,0,0,0.1409775802662982,0.1409775802662982
375,244,1.5686583682534312,0,0,0.057619497391962385,0.057619497391962385
396,244,1.4087380545096484,0,0,-0.33880937130753225,-0.33880937130753225
250,245,1.1638713549715827,0,0,0.0487625003967327,0.0487625003967327
264,245,1.010655190624943,0,0,0.09945403099797064,0.09945403099797064
266,245,0.9287339835165839,0,0,0.09421210681697903,0.09421210681697903
293,245,1.4502083877001708,0,0,0.055998762352930484,0.055998762352930484
294,245,0.1750500631201553,0,0,0.011549358640801699,0.011549358640801699
295,245,1.4438128165757833,0,0,0.03283902566989741,0.03283902566989741
299,245,0.2908762847017099,0,0,0.03035737731397592,0.03035737731397592
311,245,1.339413071973052,0,0,-0.08544587332565631,-0.08544587332565631
323,245,0.8542603592705211,0,0,0.06816292490177764,0.06816292490177764
342,245,0.5719643789650218,0,0,0.05785009881126231,0.05785009881126231
352,245,1.4157374355302879,0,0,0.09124021027226006,0.09124021027226006
261,246,1.165106585364963,0,0,0.014401368065756462,0.014401368065756462
267,246,1.3725978748535486,0,0,-0.23132442680490697,-0.23132442680490697
268,246,1.4482791826004167,0,0,0.09980132428853186,0.09980132428853186
273,246,0.722602926134696,0,0,-0.08332408340146188,-0.08332408340146188
282,246,1.0847196373291212,0,0,0.07225624473857813,0.07225624473857813
298,246,0.9204117777326282,0,0,0.051643370451390266,0.051643370451390266
303,246,1.5730427469339971,0,0,-0.022336204055924146,-0.022336204055924146
309,246,0.42405157574054264,0,0,-0.05429118609420242,-0.05429118609420242
312,246,1.5805794013061363,0,0,-0.12184306815013339,-0.12184306815013339
326,246,1.0425965665577532,0,0,-0.07407077618963942,-0.07407077618963942
331,246,1.4338946490104159,0,0,-0.1056961415548307,-0.1056961415548307
343,246,0.9244286114527218,0,0,-0.09053527591498733,-0.09053527591498733
353,246,0.8341779876340183,0,0,0.04342946921970601,0.04342946921970601
358,246,1.3466388857351683,0,0,0.0780157240420174,0.0780157240420174
370,246,1.3845104986017027,0,0,0.017731812935538244,0.017731812935538244
374,246,1.0247107185457398,0,0,-0.003213738959407742,-0.003213738959407742
387,246,1.2443468383731833,0,0,0.04916999875698659,0.04916999875698659
388,246,0.8992487251510067,0,0,0.05218527324364436,0.05218527324364436
392,246,1.4900046117924888,0,0,0.0949792001773837,0.0949792001773837
395,246,0.8276418982235411,0,0,0.015355418521165015,0.015355418521165015
250,247,1.4636728836361201,0,0,-0.18370355486441464,-0.18370355486441464
255,247,1.4125280241158205,0,0,0.08178008441485768,0.08178008441485768
261,247,0.838659542347447,0,0,-0.04881320762231759,-0.04881320762231759
264,247,1.4309666875784202,0,0,-0.1330120242631767,-0.1330120242631767
268,247,1.0321917542252421,0,0,0.03658674860045781,0.03658674860045781
274,247,1.308743600437318,0,0,0.17432815907673588,0.17432815907673588
281,247,1.2370451452010878,0,0,0.1762161750704923,0.1762161750704923
282,247,1.3105112611081593,0,0,0.009041669050504075,0.009041669050504075
288,247,0.3387389426506571,0,0,0.0320988395468626,0.0320988395468626
295,247,1.4841466348560644,0,0,-0.19962702959124992,-0.19962702959124992
298,247,1.5192859508769656,0,0,-0.011571205236683785,-0.011571205236683785
306,247,1.2364447173059643,0,0,0.10000691807871703,0.10000691807871703
308,247,1.2683033817043894,0,0,0.17616260488138283,0.17616260488138283
313,247,0.19550725272749628,0,0,0.024738205137541214,0.024738205137541214
315,247,1.370885887613404,0,0,0.15921160528630338,0.15921160528630338
319,247,1.477891198308112,0,0,-0.22164322788506471,-0.22164322788506471
323,247,1.5208666507638673,0,0,-0.1643031303593697,-0.1643031303593697
324,247,1.4938819937166758,0,0,0.008197479764428153,0.008197479764428153
325,247,1.4211147206182082,0,0,-0.0062635509673075185,-0.0062635509673075185
340,247,0.9727875348242271,0,0,0.05567143785284982,0.05567143785284982
341,247,1.5798550793680683,0,0,-0.23888606527945716,-0.23888606527945716
344,247,0.5638878279782708,0,0,0.0393968384848519,0.0393968384848519
352,247,1.0653706731565435,0,0,-0.14122584498888727,-0.14122584498888727
371,247,1.1293505773168746,0,0,0.10976306536169339,0.10976306536169339
376,247,1.291599385169329,0,0,0.13499421913160986,0.13499421913160986
387,247,0.6559493208645326,0,0,-0.01404457693108746,-0.01404457693108746
388,247,1.425266205915786,0,0,-0.011029302444429692,-0.011029302444429692
392,247,1.0606071231229817,0,0,0.031764624489309654,0.031764624489309654
395,247,1.102258217864648,0,0,-0.04785915716690904,-0.04785915716690904
397,247,1.0029255741964465,0,0,0.047721919063406226,0.047721919063406226
258,248,1.5738124084732055,0,0,-0.1402217029044755,-0.1402217029044755
276,248,0.9708413252104329,1,1,0.22474702156426696,-0.775252978435733
277,248,1.1108996833396831,0,0,-0.23308638680768073,-0.23308638680768073
287,248,0.6910697052461268,0,0,-0.17383488091788177,-0.17383488091788177
292,248,1.412411069591298,0,0,0.03731172675040284,0.03731172675040284
296,248,1.5756257198558679,1,1,0.27047689106521144,-0.7295231089347886
304,248,1.034480893587006,1,1,0.2194465038925828,-0.7805534961074172
327,248,1.4395697506284773,0,0,-0.06248246012044345,-0.06248246012044345
332,248,0.5726415727682143,0,0,-0.16037569903895263,-0.16037569903895263
348,248,1.172391176002892,1,1,0.07079850244277863,-0.9292014975572214
355,248,0.8104231025082673,0,0,0.09973999795024924,0.09973999795024924
357,248,0.8158025606385397,0,0,-0.011420974691423724,-0.011420974691423724
396,248,1.2140647359717438,1,1,0.14268732332984468,-0.8573126766701553
253,249,1.2049580429860338,0,0,0.09039753734736894,0.09039753734736894
254,249,1.3500196383371528,0,0,0.10068787649441252,0.10068787649441252
256,249,1.4928880110032539,0,0,0.007093062806583256,0.007093062806583256
257,249,1.1169294022348293,0,0,-0.13043072651063858,-0.13043072651063858
271,249,1.0958460024749548,0,0,0.13488957572013666,0.13488957572013666
272,249,1.2569075864937291,0,0,0.07839300094540422,0.07839300094540422
275,249,0.8390378844907527,0,0,-0.07177106975996488,-0.07177106975996488
278,249,0.7781930415841658,0,0,-0.0030162780855324256,-0.0030162780855324256
279,249,0.5414015021886495,0,0,0.05498419467335888,0.05498419467335888
286,249,0.8769412516667667,0,0,-0.04601879142151173,-0.04601879142151173
302,249,1.2341089684879085,0,0,-0.04878058979740703,-0.04878058979740703
305,249,0.4971009742332714,0,0,-0.05478151472617247,-0.05478151472617247
307,249,1.5275797524714758,0,0,0.22854653387618779,0.22854653387618779
314,249,1.123065912957099,0,0,0.08652363339904581,0.08652363339904581
317,249,1.31397374691613,0,0,0.13529345692321315,0.13529345692321315
318,249,0.8763799908050013,0,0,0.0938424404410172,0.0938424404410172
321,249,1.097765982605827,0,0,-0.12700079544029974,-0.12700079544029974
324,249,1.2312345898629997,0,0,-0.08179538073811117,-0.08179538073811117
325,249,1.3940615705106658,0,0,-0.09625641146984684,-0.09625641146984684
328,249,1.4323923172980844,0,0,-0.1770225583639083,-0.1770225583639083
334,249,1.1756751784889767,0,0,-0.09931479845396475,-0.09931479845396475
335,249,1.1712650963848126,0,0,-0.06190353240320924,-0.06190353240320924
338,249,1.4258063833678696,0,0,0.11981574412074347,0.11981574412074347
354,249,0.7698457113036811,0,0,-0.09448942367361035,-0.09448942367361035
359,249,0.6137289744504603,0,0,-0.07486736824802862,-0.07486736824802862
365,249,1.575059202378088,0,0,0.2319639220962494,0.2319639220962494
369,249,1.1704712899468122,0,0,0.07210892190194312,0.07210892190194312
372,249,0.4921459663601505,0,0,0.04351882492303066,0.04351882492303066
373,249,1.112067953912429,0,0,-0.1245769410013651,-0.1245769410013651
379,249,1.0137383664778126,0,0,0.12806757407308883,0.12806757407308883
380,249,0.9742359342699659,0,0,0.12525776373869923,0.12525776373869923
383,249,1.5790464609936574,0,0,0.20779089974377196,0.20779089974377196
384,249,1.120752288274689,0,0,-0.09801447207472036,-0.09801447207472036
385,249,1.4710844832318486,0,0,-0.08988802618018878,-0.08988802618018878
386,249,0.27397584994206414,0,0,0.023963423478346874,0.023963423478346874
389,249,0.8271105046224679,0,0,0.07389220421493672,0.07389220421493672
390,249,1.5324948991743674,0,0,-0.11947718763064959,-0.11947718763064959
393,249,1.4465597557915957,0,0,0.14065716151409752,0.14065716151409752
264,250,0.7259153308515265,0,0,0.05069153060123793,0.05069153060123793
266,250,1.2334178647077365,0,0,0.04544960642024633,0.04544960642024633
285,250,1.383206137328707,0,0,-0.20927247781054326,-0.20927247781054326
294,250,1.1950329715906731,0,0,-0.037213141755931003,-0.037213141755931003
295,250,0.3557817214814017,0,0,-0.015923474726835293,-0.015923474726835293
299,250,0.9269689485395572,0,0,-0.018405123082756783,-0.018405123082756783
313,250,1.5631077536468063,0,0,0.20844176000195586,0.20844176000195586
319,250,0.7263304060678346,0,0,-0.037939673020650086,-0.037939673020650086
323,250,0.5134432798004583,0,0,0.019400424505044936,0.019400424505044936
325,250,1.5458178859528413,0,0,0.17744000389710712,0.17744000389710712
342,250,0.911151623126197,0,0,0.009087598414529607,0.009087598414529607
352,250,0.41679856997998166,0,0,0.04247770987552736,0.04247770987552736
260,251,1.3871530612482028,0,0,-0.08947268432522004,-0.08947268432522004
263,251,1.442362901528363,0,0,0.03729796107154704,0.03729796107154704
271,251,1.4982252423257705,46,-1,-0.3693981837932716,0.6306018162067284
307,251,1.0965401793987442,46,-1,-0.2757412256372205,0.7242587743627795
328,251,1.5788935829218251,0,0,0.31868968212268345,0.31868968212268345
330,251,1.185067256244933,0,0,-0.1317043585762968,-0.1317043585762968
339,251,0.7638029687774669,0,0,0.20117804877362522,0.20117804877362522
347,251,0.9508686835718965,0,0,0.10305600173968604,0.10305600173968604
367,251,0.4368446997965076,0,0,0.044907625798564,0.044907625798564
379,251,1.5415219127665778,46,-1,-0.37622018544031943,0.6237798145596806
380,251,1.5797934094370607,46,-1,-0.37902999577470897,0.620970004225291
383,251,1.4563345509098675,46,-1,-0.29649685976963625,0.7035031402303638
391,251,1.1333966861260412,46,-1,-0.2576481332859565,0.7423518667140435
256,252,1.4157032000500795,0,0,0.13182985167523342,0.13182985167523342
257,252,1.0884198925614554,0,0,-0.005693937641988393,-0.005693937641988393
270,252,1.039523893830465,0,0,-0.0942456482669097,-0.0942456482669097
275,252,0.9416835093694111,0,0,0.052965719108685305,0.052965719108685305
282,252,1.3894466073261271,0,0,0.04378559741661493,0.04378559741661493
286,252,1.0955928733065954,0,0,0.07871799744713845,0.07871799744713845
297,252,1.0935926922773822,0,0,-0.08909965620933114,-0.08909965620933114
298,252,1.1992894737638187,0,0,0.023172723129427072,0.023172723129427072
302,252,1.0250870244324404,0,0,0.07595619907124315,0.07595619907124315
303,252,0.9036136539235317,0,0,-0.050806851377887347,-0.050806851377887347
305,252,1.1482037945839974,0,0,0.06995527414247771,0.06995527414247771
321,252,1.0168791880753902,0,0,-0.002264006571649574,-0.002264006571649574
322,252,0.2876778129083409,0,0,-0.005639637580322116,-0.005639637580322116
328,252,1.1709207257699064,0,0,-0.05228576949525812,-0.05228576949525812
333,252,1.517803975608251,0,0,-0.17796919529134614,-0.17796919529134614
334,252,0.47991945916567885,0,0,0.02542199041468543,0.02542199041468543
335,252,0.9156025581830486,0,0,0.06283325646544094,0.06283325646544094
346,252,1.3947411205128337,0,0,-0.1306220954352862,-0.1306220954352862
350,252,1.2597128944525087,0,0,-0.14219078806897778,-0.14219078806897778
353,252,1.0554994942585698,0,0,0.014958821897742815,0.014958821897742815
354,252,0.9748001786564819,0,0,0.03024736519503983,0.03024736519503983
358,252,1.1600343678169283,0,0,0.049545076720054204,0.049545076720054204
359,252,1.2161459379400767,0,0,0.049869420620621566,0.049869420620621566
364,252,1.005186197945704,0,0,-0.07126951141079661,-0.07126951141079661
370,252,0.4689361466271872,0,0,-0.010738834386424954,-0.010738834386424954
373,252,0.996729580328348,0,0,0.00015984786728508518,0.00015984786728508518
374,252,0.9626291714400904,0,0,-0.031684386281370935,-0.031684386281370935
375,252,1.2087464775016479,0,0,-0.11504246915570676,-0.11504246915570676
384,252,0.5671250510630019,0,0,0.026722316793929814,0.026722316793929814
385,252,0.5849602141649544,0,0,0.034848762688461404,0.034848762688461404
388,252,1.2157483450068403,0,0,0.023714625921681165,0.023714625921681165
390,252,0.12399288092268233,0,0,0.005259601238000594,0.005259601238000594
399,252,0.7549480103714732,0,0,-0.05956533736809277,-0.05956533736809277
254,253,0.2112624282029858,0,0,0.010290339147043581,0.010290339147043581
262,253,0.8923622072573802,0,0,0.09688231638343564,0.09688231638343564
271,253,1.3155130662618137,0,0,0.04449203837276772,0.04449203837276772
272,253,0.2911719034672112,0,0,-0.012004536401964722,-0.012004536401964722
278,253,0.636743847380778,0,0,-0.09341381543290136,-0.09341381543290136
279,253,0.9721934862603379,0,0,-0.03541334267401006,-0.03541334267401006
317,253,0.7740415361482995,0,0,0.04489591957584421,0.04489591957584421
318,253,1.1961505397395478,0,0,0.003444903093648255,0.003444903093648255
324,253,1.0992854885511862,0,0,-0.1721929180854801,-0.1721929180854801
325,253,1.2667652795709126,0,0,-0.18665394881721578,-0.18665394881721578
336,253,1.41314537690451,0,0,0.030020811614321574,0.030020811614321574
338,253,0.32286052460510994,0,0,0.029418206773374533,0.029418206773374533
359,253,1.4625667991984845,0,0,-0.16526490559539755,-0.16526490559539755
363,253,0.7261214090503291,0,0,0.039645517889970894,0.039645517889970894
369,253,0.21818146724232118,0,0,-0.018288615445425815,-0.018288615445425815
372,253,0.8034496108933294,0,0,-0.046878712424338276,-0.046878712424338276
379,253,1.2950141695509616,0,0,0.03767003672571989,0.03767003672571989
380,253,1.4894367190438758,0,0,0.034860226391330296,0.034860226391330296
381,253,1.23529391404565,0,0,0.007841629455080157,0.007841629455080157
383,253,1.2362863030452884,0,0,0.11739336239640302,0.11739336239640302
386,253,1.072488563379982,0,0,-0.06643411386902207,-0.06643411386902207
389,253,0.7204965440401039,0,0,-0.016505333132432215,-0.016505333132432215
393,253,0.6287726808373402,0,0,0.05025962416672858,0.05025962416672858
262,254,1.0199868739204443,0,0,0.08659197723639206,0.08659197723639206
271,254,1.487537535850029,0,0,0.034201699225724136,0.034201699225724136
272,254,0.1819948978590965,0,0,-0.022294875549008303,-0.022294875549008303
278,254,0.7396536024721593,0,0,-0.10370415457994495,-0.10370415457994495
279,254,1.1179473887688556,0,0,-0.04570368182105364,-0.04570368182105364
315,254,1.4863164670045073,0,0,-0.03146913171064847,-0.03146913171064847
317,254,0.9054098722587687,0,0,0.03460558042880063,0.03460558042880063
318,254,1.3598541712080874,0,0,-0.006845436053395326,-0.006845436053395326
324,254,1.1821384865477074,0,0,-0.18248325723252368,-0.18248325723252368
325,254,1.3415354894078098,0,0,-0.19694428796425936,-0.19694428796425936
336,254,1.2437579738550286,0,0,0.019730472467277993,0.019730472467277993
338,254,0.3824755884709102,0,0,0.019127867626330952,0.019127867626330952
363,254,0.5870229774155182,0,0,0.029355178742927313,0.029355178742927313
369,254,0.20595592403045204,0,0,-0.028578954592469397,-0.028578954592469397
372,254,0.9462199795947077,0,0,-0.05716905157138186,-0.05716905157138186
379,254,1.4657115779973293,0,0,0.02737969757867631,0.02737969757867631
381,254,1.0637808006764002,0,0,-0.0024487096919634244,-0.0024487096919634244
383,254,1.4007772606379805,0,0,0.10710302324935944,0.10710302324935944
386,254,1.2254899258745449,0,0,-0.07672445301606565,-0.07672445301606565
389,254,0.8915706987045314,0,0,-0.026795672279475796,-0.026795672279475796
393,254,0.7380512074317835,0,0,0.039969285019685,0.039969285019685
258,255,0.5206238386602573,0,0,0.08909562312950989,0.08909562312950989
261,255,1.397693236544292,0,0,-0.13059329203717526,-0.13059329203717526
268,255,0.5574964572211223,0,0,-0.04519333581439987,-0.04519333581439987
274,255,1.3516371416572845,0,0,0.0925480746618782,0.0925480746618782
277,255,0.876257783717803,0,0,-0.0037690607736953485,-0.0037690607736953485
282,255,1.0289648873032458,0,0,-0.0727384153643536,-0.0727384153643536
287,255,1.1513000485611324,0,0,0.05548244511610362,0.05548244511610362
288,255,1.0939189834192296,0,0,-0.04968124486799508,-0.04968124486799508
298,255,1.298058097506527,0,0,-0.09335128965154146,-0.09335128965154146
306,255,0.5792754379303524,0,0,0.018226833663859354,0.018226833663859354
308,255,1.4846694986841804,0,0,0.09438252046652515,0.09438252046652515
313,255,1.3397745692183698,0,0,-0.057041879277316465,-0.057041879277316465
316,255,1.52984144854602,1,1,0.4499530391422414,-0.5500469608577586
327,255,0.8456682092217878,0,0,0.16683486591354194,0.16683486591354194
332,255,1.3335070608860706,0,0,0.06894162699503276,0.06894162699503276
340,255,0.4656453951055764,0,0,-0.026108646562007856,-0.026108646562007856
344,255,0.8526102763385897,0,0,-0.04238324593000578,-0.04238324593000578
348,255,1.5148774112628272,1,1,0.300115828476764,-0.699884171523236
353,255,1.551685114984275,0,0,-0.10156519088322571,-0.10156519088322571
358,255,1.2319133931300215,0,0,-0.06697893606091433,-0.06697893606091433
371,255,0.8126618105262683,0,0,0.02798298094683571,0.02798298094683571
376,255,0.9920429360667333,0,0,0.05321413471675218,0.05321413471675218
387,255,1.2205855354052557,0,0,-0.09582466134594514,-0.09582466134594514
388,255,1.291403137738505,0,0,-0.09280938685928737,-0.09280938685928737
392,255,0.5732792462021405,0,0,-0.050015459925548025,-0.050015459925548025
395,255,1.3677952611468196,0,0,-0.1296392415817667,-0.1296392415817667
397,255,0.481590042870182,0,0,-0.03405816535145145,-0.03405816535145145
275,256,0.8606513935413322,0,0,-0.07886413256654813,-0.07886413256654813
277,256,1.3451382647259886,0,0,-0.01907489966796025,-0.01907489966796025
286,256,0.6878551600128604,0,0,-0.05311185422809499,-0.05311185422809499
287,256,1.5093979836552802,0,0,0.04017660622183872,0.04017660622183872
292,256,1.229688529420921,0,0,0.25132321389012335,0.25132321389012335
301,256,1.5781056148836436,0,0,0.33892169188097687,0.33892169188097687
302,256,0.4400934378614653,0,0,-0.055873652603990284,-0.055873652603990284
305,256,1.1918489886071673,0,0,-0.06187457753275573,-0.06187457753275573
314,256,0.9568425734846324,0,0,0.07943057059246256,0.07943057059246256
322,256,1.4450923726150715,0,0,-0.13746948925555555,-0.13746948925555555
332,256,1.4073416492256772,0,0,0.053635788100767856,0.053635788100767856
334,256,1.1290437487607792,0,0,-0.106407861260548,-0.106407861260548
335,256,0.5891548276790411,0,0,-0.0689965952097925,-0.0689965952097925
337,256,1.5901024360695484,0,0,0.26875997170945054,0.26875997170945054
354,256,1.5098083479068283,0,0,-0.1015824864801936,-0.1015824864801936
357,256,1.3401053991561018,0,0,0.20259051244829676,0.20259051244829676
358,256,1.1917980661806873,0,0,-0.08228477495517923,-0.08228477495517923
370,256,1.4593086510103994,0,0,-0.1425686860616584,-0.1425686860616584
384,256,1.0433659422773394,0,0,-0.10510753488130362,-0.10510753488130362
385,256,0.9748574053041815,0,0,-0.09698108898677203,-0.09698108898677203
390,256,1.3328523784060031,0,0,-0.12657025043723286,-0.12657025043723286
266,257,1.5955368896784778,0,0,-0.09781608243606905,-0.09781608243606905
275,257,1.095078294919186,0,0,0.058659656750673694,0.058659656750673694
278,257,1.3360814152299114,0,0,0.12741444842510616,0.12741444842510616
279,257,1.5438333509505007,0,0,0.18541492118399747,0.18541492118399747
286,257,1.2955376422346574,0,0,0.08441193508912684,0.08441193508912684
293,257,1.3033379034692267,0,0,-0.1360294269001176,-0.1360294269001176
302,257,1.5176980157417785,0,0,0.08165013671323154,0.08165013671323154
305,257,0.8846023481833503,0,0,0.0756492117844661,0.0756492117844661
321,257,0.07784599433919312,0,0,0.0034299310703388187,0.0034299310703388187
322,257,1.3685157210331633,0,0,5.4300061666276433e-5,5.4300061666276433e-5
324,257,1.1585121426323695,0,0,0.0486353457725274,0.0486353457725274
325,257,1.1866836349858298,0,0,0.03417431504079173,0.03417431504079173
328,257,0.3840133655885011,0,0,-0.046591831853269726,-0.046591831853269726
334,257,0.9077871990514188,0,0,0.031115928056673823,0.031115928056673823
335,257,1.3881273913827585,0,0,0.06852719410742933,0.06852719410742933
339,257,1.2275900192981464,0,0,-0.16410346520232794,-0.16410346520232794
346,257,1.361424327638233,0,0,-0.1249281577932978,-0.1249281577932978
354,257,0.483763689870332,0,0,0.03594130283702822,0.03594130283702822
359,257,0.5255723659774265,0,0,0.055563358262609955,0.055563358262609955
364,257,1.3556618322221246,0,0,-0.06557557376880822,-0.06557557376880822
370,257,1.5424056252682217,0,0,-0.005044896744436561,-0.005044896744436561
372,257,1.4663937620057643,0,0,0.17394955143366925,0.17394955143366925
373,257,0.19010779203018982,0,0,0.005853785509273478,0.005853785509273478
384,257,0.9709532998862533,0,0,0.03241625443591821,0.03241625443591821
385,257,1.3385254873061359,0,0,0.040542700330449793,0.040542700330449793
386,257,1.3039166578153212,0,0,0.15439414998898546,0.15439414998898546
390,257,1.0374761414146565,0,0,0.010953538879988987,0.010953538879988987
399,257,1.4393030954392874,0,0,-0.05387139972610437,-0.05387139972610437
265,258,1.3348605712351114,1,1,0.39549359044731847,-0.6045064095526815
268,258,1.0228416505717295,0,0,-0.13428895894390974,-0.13428895894390974
277,258,0.9598808786109599,0,0,-0.09286468390320524,-0.09286468390320524
282,258,1.382121076188282,0,0,-0.1618340384938635,-0.1618340384938635
287,258,1.020502601676415,0,0,-0.03361317801340627,-0.03361317801340627
288,258,1.5788323975349656,0,0,-0.13877686799750497,-0.13877686799750497
296,258,1.4589205713550326,1,1,0.410698593969687,-0.589301406030313
306,258,0.8823095971457041,0,0,-0.07086878946565053,-0.07086878946565053
316,258,1.1639299841684219,1,1,0.36085741601273147,-0.6391425839872685
327,258,0.33521429618656134,0,0,0.07773924278403205,0.07773924278403205
332,258,1.2159421225939093,0,0,-0.02015399613447713,-0.02015399613447713
340,258,0.9379716189592754,0,0,-0.11520426969151774,-0.11520426969151774
344,258,1.3506921023630598,0,0,-0.13147886905951567,-0.13147886905951567
348,258,1.076734128628198,1,1,0.21102020534725408,-0.7889797946527459
358,258,1.5317647049896121,0,0,-0.15607455919042423,-0.15607455919042423
360,258,1.4419970310835308,1,1,0.43223510027882883,-0.5677648997211712
371,258,1.1595393382165056,0,0,-0.061112642182674176,-0.061112642182674176
376,258,1.2427758833773639,0,0,-0.035881488412757706,-0.035881488412757706
392,258,1.0436409035847143,0,0,-0.13911108305505793,-0.13911108305505793
397,258,0.9911017262853421,0,0,-0.12315378848096134,-0.12315378848096134
261,259,1.5314660329919503,0,0,0.17815417956913682,0.17815417956913682
265,259,1.436907264263594,0,0,-0.20666331481685957,-0.20666331481685957
273,259,1.0077182392146673,0,0,0.08042872810191846,0.08042872810191846
296,259,1.5981287035777434,0,0,-0.1914583112944911,-0.1914583112944911
309,259,1.4211299082584157,0,0,0.10946162540917792,0.10946162540917792
316,259,1.4497859754526008,0,0,-0.24129948925144656,-0.24129948925144656
331,259,0.5102928832989432,0,0,0.05805666994854965,0.05805666994854965
343,259,0.7923531611168669,0,0,0.07321753558839302,0.07321753558839302
351,259,1.5850882113330296,0,0,-0.012788331341430259,-0.012788331341430259
356,259,0.9354211868873767,0,0,-0.1018093782305744,-0.1018093782305744
360,259,1.2983846079593282,0,0,-0.1699218049853492,-0.1699218049853492
361,259,1.0048070873257797,0,0,-0.09720411153631814,-0.09720411153631814
368,259,0.8064919963998944,0,0,-0.09624360833158119,-0.09624360833158119
378,259,0.7763732477220389,0,0,-0.07560741428730977,-0.07560741428730977
395,259,1.4992272437381187,0,0,0.17910823002454537,0.17910823002454537
262,260,1.0661123134423793,46,-1,-0.22753522145738359,0.7724647785426164
263,260,0.44224456789193484,0,0,0.12677064539676708,0.12677064539676708
293,260,1.4567038334912517,0,0,0.3187247714010556,0.3187247714010556
307,260,1.5351072691583902,46,-1,-0.18626854131200044,0.8137314586879996
311,260,1.0352268270694291,0,0,0.1772801357224688,0.1772801357224688
317,260,1.4499152740833519,46,-1,-0.2795216182649751,0.7204783817350249
330,260,0.29623748555516405,0,0,-0.04223167425107677,-0.04223167425107677
338,260,1.5204136996652147,46,-1,-0.2949993310674448,0.7050006689325552
347,260,0.9007718939186775,0,0,0.19252868606490608,0.19252868606490608
383,260,1.0416194154532539,46,-1,-0.2070241754444162,0.7929758245555838
393,260,1.3687266836497431,46,-1,-0.2741579136740907,0.7258420863259093
268,261,0.9565695282545745,0,0,0.08539995622277541,0.08539995622277541
273,261,1.301813761905529,0,0,-0.09772545146721834,-0.09772545146721834
282,261,1.050766317958465,0,0,0.057854876672821666,0.057854876672821666
288,261,0.7376190990377921,0,0,0.08091204716918018,0.08091204716918018
298,261,1.1723964253049202,0,0,0.037242002385633806,0.037242002385633806
306,261,1.3858336665431026,0,0,0.14882012570103462,0.14882012570103462
309,261,1.3918133558131776,0,0,-0.06869255415995888,-0.06869255415995888
313,261,0.9701144016564278,0,0,0.0735514127598588,0.0735514127598588
331,261,1.1799440565812884,0,0,-0.12009750962058716,-0.12009750962058716
340,261,0.9936332233361675,0,0,0.10448464547516742,0.10448464547516742
341,261,1.4593606553334257,0,0,-0.19007285765713958,-0.19007285765713958
343,261,1.2918146518195472,0,0,-0.10493664398074379,-0.10493664398074379
344,261,0.8854051367933253,0,0,0.08821004610716948,0.08821004610716948
351,261,1.4221684417384748,0,0,-0.19094251091056708,-0.19094251091056708
352,261,1.4765344797598234,0,0,-0.09241263736656968,-0.09241263736656968
353,261,1.3090463878471834,0,0,0.029028101153949548,0.029028101153949548
358,261,1.4855956860590351,0,0,0.06361435597626094,0.06361435597626094
371,261,1.467538751782996,0,0,0.15857627298401097,0.15857627298401097
376,261,1.5666429216062456,0,0,0.18380742675392744,0.18380742675392744
387,261,0.3482999684931289,0,0,0.03476863069123013,0.03476863069123013
388,261,1.0746023785915975,0,0,0.0377839051778879,0.0377839051778879
392,261,1.0342326489685347,0,0,0.08057783211162725,0.08057783211162725
395,261,0.35290999735760753,0,0,0.0009540504554085526,0.0009540504554085526
397,261,1.072649230163108,0,0,0.09653512668572381,0.09653512668572381
263,262,1.4157052462792235,1,1,0.3543058668541508,-0.6456941331458492
271,262,1.0407349913792188,0,0,-0.05239027801066792,-0.05239027801066792
272,262,1.1673012696128326,0,0,-0.10888685278540036,-0.10888685278540036
278,262,1.3726276321691384,0,0,-0.190296131816337,-0.190296131816337
279,262,1.236526840023546,0,0,-0.1322956590574457,-0.1322956590574457
307,262,1.2688892245095849,0,0,0.041266680145383206,0.041266680145383206
317,262,0.4686366052836924,0,0,-0.05198639680759143,-0.05198639680759143
318,262,1.1160044406223457,0,0,-0.09343741328978739,-0.09343741328978739
330,262,1.1033897810691573,1,1,0.18530354720630693,-0.8146964527936931
338,262,0.6461812914487025,0,0,-0.06746410961006111,-0.06746410961006111
363,262,1.1206964650997686,0,0,-0.05723679849346475,-0.05723679849346475
369,262,1.107053312432343,0,0,-0.11517093182886146,-0.11517093182886146
372,262,1.2228509891507455,0,0,-0.14376102880777392,-0.14376102880777392
379,262,1.088214670689052,0,0,-0.05921227965771575,-0.05921227965771575
380,262,1.355942472012589,0,0,-0.062022089992105345,-0.062022089992105345
383,262,0.49968991764955456,0,0,0.020511046012967382,0.020511046012967382
386,262,1.408386321074867,0,0,-0.1633164302524577,-0.1633164302524577
389,262,0.848263139133718,0,0,-0.11338764951586786,-0.11338764951586786
391,262,1.588783378509355,0,0,0.0593597724966472,0.0593597724966472
393,262,0.3471983209675165,0,0,-0.04662269221670706,-0.04662269221670706
266,263,1.5918483324078119,0,0,0.23016747046833708,0.23016747046833708
293,263,1.1139542454704583,0,0,0.19195412600428852,0.19195412600428852
311,263,0.7203748616893554,0,0,0.050509490325701734,0.050509490325701734
330,263,0.6467660828377176,0,0,-0.16900231964784385,-0.16900231964784385
347,263,0.6683825724050465,0,0,0.065758040668139,0.065758040668139
383,263,1.416390962105501,46,-1,-0.3337948208411834,0.6662051791588166
266,264,0.5639652583734813,0,0,-0.005241924180991606,-0.005241924180991606
293,264,1.2112599571149838,0,0,-0.04345526864504015,-0.04345526864504015
294,264,0.9355786549677528,0,0,-0.08790467235716894,-0.08790467235716894
295,264,1.0662114660211968,0,0,-0.06661500532807323,-0.06661500532807323
299,264,0.7315265716846392,0,0,-0.06909665368399472,-0.06909665368399472
313,264,1.5356780966723131,0,0,0.15775022940071792,0.15775022940071792
319,264,1.4013561266431267,0,0,-0.08863120362188802,-0.08863120362188802
323,264,0.2845289931639202,0,0,-0.031291106096193,-0.031291106096193
324,264,1.0695375568564947,0,0,0.14120950402760485,0.14120950402760485
325,264,0.8872534474600876,0,0,0.1267484732958692,0.1267484732958692
342,264,0.4761296286975779,0,0,-0.041603932186708326,-0.041603932186708326
352,264,0.6529369895051553,0,0,-0.008213820725710572,-0.008213820725710572
267,265,1.2883128325207756,0,0,0.13909169951533293,0.13909169951533293
296,265,0.5425686003167047,0,0,0.015205003522368477,0.015205003522368477
316,265,0.267867071332997,0,0,-0.034636174434587,-0.034636174434587
327,265,1.1109884911313885,46,-1,-0.3177543476632865,0.6822456523367135
348,265,0.806767515845656,0,0,-0.18447338510006434,-0.18447338510006434
355,265,1.3382472611120635,46,-1,-0.15553188959259368,0.8444681104074063
356,265,1.212160934367935,0,0,0.10485393658628517,0.10485393658628517
360,265,0.28212048949158547,0,0,0.036741509831510366,0.036741509831510366
368,265,0.9681638193893519,0,0,0.11041970648527838,0.11041970648527838
378,265,0.7278590414829654,0,0,0.1310559005295498,0.1310559005295498
278,266,1.5845513354300644,0,0,0.2252305308611752,0.2252305308611752
293,266,0.7029516692606751,0,0,-0.038213344464048546,-0.038213344464048546
294,266,0.7775744300064518,0,0,-0.08266274817617733,-0.08266274817617733
295,266,1.587004077613013,0,0,-0.06137308114708162,-0.06137308114708162
299,266,0.7363821904442739,0,0,-0.06385472950300311,-0.06385472950300311
311,266,1.176149060080213,0,0,-0.17965798014263534,-0.17965798014263534
323,266,0.7304382372539936,0,0,-0.02604918191520139,-0.02604918191520139
324,266,0.9648730419891678,0,0,0.14645142820859647,0.14645142820859647
325,266,0.8176478936406187,0,0,0.13199039747686078,0.13199039747686078
342,266,0.4462256575189466,0,0,-0.03636200800571672,-0.03636200800571672
352,266,1.2168899789226506,0,0,-0.002971896544718966,-0.002971896544718966
373,266,1.5619327246603274,0,0,0.10366986794534253,0.10366986794534253
273,267,1.087618281444633,0,0,0.1480003434034451,0.1480003434034451
276,267,1.5940563995723689,0,0,-0.16961656549390894,-0.16961656549390894
296,267,0.8155148606328027,0,0,-0.12388669599296445,-0.12388669599296445
309,267,1.0562738028890326,0,0,0.17703324071070456,0.17703324071070456
316,267,1.5014716829158192,0,0,-0.17372787394991993,-0.17372787394991993
326,267,1.3789467987491113,0,0,0.15725365061526758,0.15725365061526758
343,267,1.2477676964600184,0,0,0.14078915088991967,0.14078915088991967
348,267,1.3794340405622856,0,0,-0.32356508461539724,-0.32356508461539724
355,267,1.1595495495745232,46,-1,-0.29462358910792663,0.7053764108920734
360,267,1.0304456290235868,0,0,-0.10235018968382256,-0.10235018968382256
378,267,1.135369426093315,0,0,-0.008035798985783132,-0.008035798985783132
274,268,1.5006267988360396,0,0,0.13774141047627808,0.13774141047627808
277,268,0.9362412770845174,0,0,0.04142427504070452,0.04142427504070452
282,268,0.5727402401242441,0,0,-0.027545079549953735,-0.027545079549953735
287,268,1.3212981749604726,0,0,0.10067578093050349,0.10067578093050349
288,268,0.7514339290067319,0,0,-0.00448790905359521,-0.00448790905359521
298,268,0.8618124811068191,0,0,-0.048157953837141595,-0.048157953837141595
306,268,0.8527639494118919,0,0,0.06342016947825922,0.06342016947825922
308,268,1.5847145846034632,0,0,0.139575856280925,0.139575856280925
313,268,1.0255336084291775,0,0,-0.011848543462916597,-0.011848543462916597
327,268,1.3056560817263556,0,0,0.2120282017279418,0.2120282017279418
332,268,1.4679847600715485,0,0,0.11413496280943262,0.11413496280943262
340,268,0.3702812353659326,0,0,0.019084689252392012,0.019084689252392012
344,268,0.5706671190348563,0,0,0.0028100898843940875,0.0028100898843940875
353,268,1.1188199483242343,0,0,-0.05637185506882585,-0.05637185506882585
358,268,0.8937323545440876,0,0,-0.021785600246514464,-0.021785600246514464
371,268,0.9940111501887519,0,0,0.07317631676123558,0.07317631676123558
376,268,1.213329657082077,0,0,0.09840747053115205,0.09840747053115205
385,268,1.4650451870646142,0,0,-0.036481914278107264,-0.036481914278107264
387,268,0.7165636272560926,0,0,-0.05063132553154527,-0.05063132553154527
388,268,0.8233405396039772,0,0,-0.0476160510448875,-0.0476160510448875
392,268,0.10902143444323179,0,0,-0.004822124111148157,-0.004822124111148157
395,268,0.9069152532181984,0,0,-0.08444590576736685,-0.08444590576736685
397,268,0.19655376040424435,0,0,0.011135170462948416,0.011135170462948416
274,269,1.5106950998271822,0,0,-0.24203763760280125,-0.24203763760280125
281,269,1.1007006144169251,0,0,-0.24014962160904482,-0.24014962160904482
283,269,0.29374931745571414,0,0,0.010857302830824977,0.010857302830824977
284,269,0.7043716870951033,0,0,0.12113396444727936,0.12113396444727936
285,269,0.8809617481749307,1,1,0.19065817064550505,-0.809341829354495
300,269,1.3502996460860672,1,1,0.23087109351243063,-0.7691289064875694
308,269,1.34627722288265,0,0,-0.2402031917981543,-0.2402031917981543
315,269,1.4243468851553633,0,0,-0.25715419139323376,-0.25715419139323376
329,269,0.9165078763090686,0,0,-0.16252757805019336,-0.16252757805019336
362,269,0.522720563001659,0,0,0.08573138758034066,0.08573138758034066
366,269,0.5236863370630718,0,0,-0.12952681633761626,-0.12952681633761626
394,269,0.9176403744978723,0,0,0.0556353389424839,0.0556353389424839
289,270,0.8953358363398312,0,0,-0.12336367309865394,-0.12336367309865394
290,270,1.3556726260351282,0,0,-0.09501792162974511,-0.09501792162974511
297,270,0.40514868534704473,0,0,0.005145992057578562,0.005145992057578562
303,270,0.47149646956986135,0,0,0.04343879688902236,0.04343879688902236
312,270,1.3837669104330306,0,0,-0.05606806720518688,-0.05606806720518688
320,270,1.3286580561508636,46,-1,-0.13863823543902043,0.8613617645609796
322,270,0.8209706462212975,0,0,0.08860601068658759,0.08860601068658759
326,270,1.4336102357561702,0,0,-0.00829577524469291,-0.00829577524469291
333,270,0.7420978547494801,0,0,-0.08372354702443645,-0.08372354702443645
334,270,1.4053793888629795,0,0,0.11966763868159513,0.11966763868159513
345,270,1.4714382534814023,46,-1,-0.2548848085126537,0.7451151914873463
346,270,1.4000789736485229,0,0,-0.036376447168376486,-0.036376447168376486
350,270,0.9660184461643,0,0,-0.04794513980206809,-0.04794513980206809
364,270,0.8731790253704996,0,0,0.02297613685611309,0.02297613685611309
370,270,0.9115446212869133,0,0,0.08350681388048475,0.08350681388048475
374,270,1.0454545995025852,0,0,0.06256126198553877,0.06256126198553877
375,270,0.426145147105857,0,0,-0.020796820888797057,-0.020796820888797057
377,270,1.4979159152843216,46,-1,-0.25771692350507724,0.7422830764949228
384,270,1.513626208569301,0,0,0.12096796506083951,0.12096796506083951
385,270,1.436261752521202,0,0,0.1290944109553711,0.1290944109553711
390,270,1.087190199635689,0,0,0.0995052495049103,0.0995052495049103
399,270,0.5399999356080014,0,0,0.034680310898816936,0.034680310898816936
272,271,1.5263956379421344,0,0,-0.05649657477473244,-0.05649657477473244
278,271,1.4133617750144265,0,0,-0.13790585380566908,-0.13790585380566908
279,271,0.694032187203835,0,0,-0.07990538104677777,-0.07990538104677777
305,271,1.4874914910412795,0,0,-0.18967109044630914,-0.18967109044630914
307,271,0.5677351436725075,0,0,0.09365695815605113,0.09365695815605113
314,271,1.551879629366751,0,0,-0.04836594232109084,-0.04836594232109084
317,271,0.7422906240462919,0,0,0.0004038812030764949,0.0004038812030764949
318,271,0.2639789850085517,0,0,-0.04104713527911946,-0.04104713527911946
330,271,1.5297251636100109,1,1,0.2376938252169748,-0.7623061747830252
338,271,1.2792796879907615,0,0,-0.015073831599393184,-0.015073831599393184
359,271,1.4868350362115494,0,0,-0.20975694396816527,-0.20975694396816527
365,271,1.4860574992956408,0,0,0.09707434637611273,0.09707434637611273
369,271,1.4379925864964367,0,0,-0.06278065381819353,-0.06278065381819353
372,271,0.8731243386610359,0,0,-0.09137075079710599,-0.09137075079710599
379,271,0.09443061533765754,0,0,-0.006822001647047826,-0.006822001647047826
380,271,0.33390085047167056,0,0,-0.009631811981437421,-0.009631811981437421
383,271,0.7330838229344916,0,0,0.0729013240236353,0.0729013240236353
386,271,0.8524853593575449,0,0,-0.11092615224178978,-0.11092615224178978
389,271,0.6203925472503267,0,0,-0.06099737150519993,-0.06099737150519993
391,271,0.7577684810788619,0,0,0.11175005050731512,0.11175005050731512
393,271,1.0095279722293093,0,0,0.005767585793960861,0.005767585793960861
278,272,0.6200286743489116,0,0,-0.08140927903093664,-0.08140927903093664
279,272,1.0781885545488694,0,0,-0.023408806272045335,-0.023408806272045335
315,272,1.380260166697882,0,0,-0.009174256161640165,-0.009174256161640165
317,272,1.0102631792710985,0,0,0.056900455977808934,0.056900455977808934
318,272,1.3721539407548553,0,0,0.015449439495612977,0.015449439495612977
324,272,1.0940450247033633,0,0,-0.1601883816835154,-0.1601883816835154
325,272,1.2580416815599105,0,0,-0.17464941241525106,-0.17464941241525106
336,272,1.1979197141346278,0,0,0.042025348016286296,0.042025348016286296
338,272,0.5468267342107431,0,0,0.041422743175339255,0.041422743175339255
359,272,1.5269995369983338,0,0,-0.15326036919343283,-0.15326036919343283
363,272,0.726126814730681,0,0,0.051650054291935615,0.051650054291935615
369,272,0.1100251540235604,0,0,-0.006284079043461094,-0.006284079043461094
372,272,0.8860877856475722,0,0,-0.034874176022373554,-0.034874176022373554
379,272,1.4939108600765505,0,0,0.04967457312768461,0.04967457312768461
381,272,1.012983607358289,0,0,0.01984616585704488,0.01984616585704488
383,272,1.5146035335967496,0,0,0.12939789879836774,0.12939789879836774
386,272,1.1589948309065157,0,0,-0.054429577467057344,-0.054429577467057344
389,272,0.911532186337644,0,0,-0.004500796730467493,-0.004500796730467493
393,272,0.8790576597215634,0,0,0.0622641605686933,0.0622641605686933
282,273,1.5280681703861105,0,0,0.15558032814004003,0.15558032814004003
296,273,1.4564681403983755,0,0,-0.27188703939640957,-0.27188703939640957
298,273,1.4676217894851724,0,0,0.13496745385285214,0.13496745385285214
309,273,0.4150634346037624,0,0,0.029032897307259463,0.029032897307259463
326,273,1.4972155586512566,0,0,0.009253307211822465,0.009253307211822465
331,273,0.9219089983272377,0,0,-0.022372058153368818,-0.022372058153368818
343,273,0.25083544065867097,0,0,-0.0072111925135254495,-0.0072111925135254495
353,273,1.4659397132196563,0,0,0.1267535526211679,0.1267535526211679
360,273,1.3956668335440183,0,0,-0.2503505330872677,-0.2503505330872677
368,273,1.5708127629313648,0,0,-0.17667233643349967,-0.17667233643349967
378,273,1.0916503929701573,0,0,-0.15603614238922825,-0.15603614238922825
387,273,1.5087902529702295,0,0,0.1324940821584485,0.1324940821584485
388,273,1.444241406874996,0,0,0.13550935664510624,0.13550935664510624
395,273,1.0548330881952381,0,0,0.0986795019226269,0.0986795019226269
280,274,1.4352981532491536,1,1,0.3209080419141177,-0.6790919580858823
281,274,0.6435678522702132,0,0,0.0018880159937564311,0.0018880159937564311
283,274,1.4624766466833437,0,0,0.25289494043362626,0.25289494043362626
288,274,1.1529139758786255,0,0,-0.14222931952987328,-0.14222931952987328
306,274,0.7910176769424279,0,0,-0.07432124099801884,-0.07432124099801884
308,274,0.19740977532718168,0,0,0.0018344458046469503,0.0018344458046469503
313,274,1.1343376686171405,0,0,-0.14958995393919466,-0.14958995393919466
315,274,1.4337627308060552,0,0,-0.015116553790432502,-0.015116553790432502
329,274,0.708084098432445,0,0,0.0795100595526079,0.0795100595526079
340,274,1.1558791792682286,0,0,-0.11865672122388606,-0.11865672122388606
344,274,1.0811939833310888,0,0,-0.13493132059188398,-0.13493132059188398
366,274,1.0455610276124363,0,0,0.112510821265185,0.112510821265185
371,274,0.5529396389992819,0,0,-0.06456509371504249,-0.06456509371504249
376,274,0.4019225687578281,0,0,-0.03933393994512602,-0.03933393994512602
392,274,1.5418152289327591,0,0,-0.1425635345874262,-0.1425635345874262
397,274,1.358113334299189,0,0,-0.12660624001332965,-0.12660624001332965
278,275,1.4054407660308252,0,0,0.06875479167443245,0.06875479167443245
279,275,1.3477074119135253,0,0,0.12675526443332374,0.12675526443332374
282,275,1.5078375773480228,0,0,-0.009180121692070373,-0.009180121692070373
286,275,0.20901678576450225,0,0,0.025752278338453144,0.025752278338453144
298,275,1.4799912714448695,0,0,-0.029792995979258233,-0.029792995979258233
302,275,0.46635781040007335,0,0,0.022990479962557847,0.022990479962557847
305,275,0.39158798247291615,0,0,0.016989555033792403,0.016989555033792403
314,275,1.0071823479671602,0,0,0.15829470315901067,0.15829470315901067
321,275,1.027983331588946,0,0,-0.05522972568033488,-0.05522972568033488
322,275,1.1360195452180988,0,0,-0.05860535668900742,-0.05860535668900742
328,275,1.3678035912280273,0,0,-0.10525148860394343,-0.10525148860394343
334,275,0.48111890625634046,0,0,-0.027543728693999875,-0.027543728693999875
335,275,0.36368154857354,0,0,0.009867537356755635,0.009867537356755635
353,275,1.495448966751584,0,0,-0.03800689721094249,-0.03800689721094249
354,275,0.6498924614075546,0,0,-0.022718353913645475,-0.022718353913645475
358,275,1.1763844287182856,0,0,-0.003420642388631101,-0.003420642388631101
359,275,0.7822095192916784,0,0,-0.0030962984880637395,-0.0030962984880637395
370,275,1.2353550677123728,0,0,-0.06370455349511026,-0.06370455349511026
372,275,1.316415079553222,0,0,0.11528989468299554,0.11528989468299554
373,275,1.0210107378314308,0,0,-0.052805871241400223,-0.052805871241400223
384,275,0.3822748442606825,0,0,-0.02624340231475549,-0.02624340231475549
385,275,0.6771455537118534,0,0,-0.0181169564202239,-0.0181169564202239
386,275,1.0924824476839947,0,0,0.09573449323831175,0.09573449323831175
388,275,1.5017256265781649,0,0,-0.02925109318700414,-0.02925109318700414
390,275,0.8364639556857332,0,0,-0.04770611787068471,-0.04770611787068471
399,275,1.4910384411835378,0,0,-0.11253105647677808,-0.11253105647677808
287,276,1.52679081391752,46,-1,-0.39858190248214875,0.6014180975178512
290,276,1.24654249685848,0,0,0.2401480697241243,0.2401480697241243
292,276,1.4335299576290954,46,-1,-0.18743529481386412,0.8125647051861359
304,276,0.06940377365629044,0,0,-0.005300517671684102,-0.005300517671684102
312,276,1.385444018614621,0,0,0.2790979241486825,0.2790979241486825
326,276,1.5438393924207863,0,0,0.3268702161091765,0.3268702161091765
332,276,1.4005895974835814,46,-1,-0.3851227206032196,0.6148772793967804
355,276,1.0404034503528838,46,-1,-0.12500702361401772,0.8749929763859823
357,276,1.124461419228185,46,-1,-0.23616799625569063,0.7638320037443094
396,276,0.8662465387674864,0,0,-0.08205969823442227,-0.08205969823442227
282,277,0.883570166371655,0,0,-0.06896935459065826,-0.06896935459065826
286,277,1.5905409478587897,0,0,-0.03403695456013474,-0.03403695456013474
287,277,0.44705860953096066,0,0,0.05925150588979897,0.05925150588979897
298,277,1.0088577617161743,0,0,-0.08958222887784612,-0.08958222887784612
302,277,1.3859646478998113,0,0,-0.036798752936030035,-0.036798752936030035
306,277,1.448951750174797,0,0,0.021995894437554703,0.021995894437554703
327,277,1.0938302387248804,0,0,0.17060392668723728,0.17060392668723728
332,277,0.5564876701483711,0,0,0.0727106877687281,0.0727106877687281
335,277,1.3972347593190024,0,0,-0.04992169554183225,-0.04992169554183225
340,277,1.176289833633147,0,0,-0.022339585788312508,-0.022339585788312508
344,277,1.4595860700633367,0,0,-0.03861418515631043,-0.03861418515631043
348,277,1.4263393093472065,1,1,0.3038848892504593,-0.6961151107495407
353,277,1.1918078584644727,0,0,-0.09779613010953037,-0.09779613010953037
355,277,1.5310316535957376,0,0,0.33282638475792997,0.33282638475792997
357,277,1.4255975291868381,0,0,0.221665412116257,0.221665412116257
358,277,0.7477943248051118,0,0,-0.06320987528721898,-0.06320987528721898
385,277,1.3248672442328329,0,0,-0.07790618931881178,-0.07790618931881178
387,277,1.574886330662414,0,0,-0.09205560057224979,-0.09205560057224979
388,277,1.0744907999607898,0,0,-0.08904032608559202,-0.08904032608559202
392,277,0.8757722458019814,0,0,-0.04624639915185268,-0.04624639915185268
397,277,0.9716566901600652,0,0,-0.030289104577756104,-0.030289104577756104
279,278,0.8674030430144956,0,0,0.05800047275889131,0.05800047275889131
286,278,1.4686757154427232,0,0,-0.043002513335979306,-0.043002513335979306
305,278,1.1057706139267607,0,0,-0.05176523664064005,-0.05176523664064005
315,278,1.5463822081916394,0,0,0.07223502286929648,0.07223502286929648
317,278,1.1881722421934635,0,0,0.13830973500874558,0.13830973500874558
318,278,1.2307296678246828,0,0,0.09685871852654962,0.09685871852654962
321,278,1.3479976501072841,0,0,-0.12398451735476733,-0.12398451735476733
324,278,0.674080545292015,0,0,-0.07877910265257874,-0.07877910265257874
325,278,0.8624700299936686,0,0,-0.09324013338431442,-0.09324013338431442
336,278,1.5477808367097776,0,0,0.12343462704722294,0.12343462704722294
338,278,0.9461999098314189,0,0,0.1228320222062759,0.1228320222062759
354,278,1.1160968114276542,0,0,-0.09147314558807793,-0.09147314558807793
359,278,0.9213194660471572,0,0,-0.07185109016249619,-0.07185109016249619
363,278,1.281505543783626,0,0,0.13305933332287226,0.13305933332287226
369,278,0.5419041596852953,0,0,0.07512519998747555,0.07512519998747555
372,278,0.6373917129629817,0,0,0.04653510300856309,0.04653510300856309
373,278,1.2914385048607282,0,0,-0.12156066291583267,-0.12156066291583267
379,278,1.361196784845092,0,0,0.13108385215862126,0.13108385215862126
380,278,1.4664915019036504,0,0,0.12827404182423166,0.12827404182423166
381,278,1.3798335569044797,0,0,0.10125544488798152,0.10125544488798152
383,278,1.564540808631409,0,0,0.2108071778293044,0.2108071778293044
384,278,1.5871643822253712,0,0,-0.09499819398918793,-0.09499819398918793
386,278,0.794878980755957,0,0,0.0269797015638793,0.0269797015638793
389,278,0.8473838721443403,0,0,0.07690848230046915,0.07690848230046915
393,278,1.1561949481073266,0,0,0.14367343959962994,0.14367343959962994
286,279,1.3443994710832,0,0,-0.10100298609487061,-0.10100298609487061
305,279,1.0245775274854962,0,0,-0.10976570939953136,-0.10976570939953136
307,279,1.231186066491394,0,0,0.1735623392028289,0.1735623392028289
314,279,1.294398294560844,0,0,0.03153943872568693,0.03153943872568693
317,279,0.8459590668479124,0,0,0.08030926224985427,0.08030926224985427
318,279,0.44234486949356056,0,0,0.03885824576765831,0.03885824576765831
321,279,1.5421299562938977,0,0,-0.18198499011365865,-0.18198499011365865
324,279,1.4668789251759897,0,0,-0.13677957541147007,-0.13677957541147007
338,279,1.0964793586108368,0,0,0.06483154944738459,0.06483154944738459
354,279,1.2811894752377808,0,0,-0.14947361834696923,-0.14947361834696923
359,279,1.0867358180335427,0,0,-0.1298515629213875,-0.1298515629213875
365,279,1.5923246530456039,0,0,0.1769797274228905,0.1769797274228905
369,279,0.9949379417798287,0,0,0.01712472722858424,0.01712472722858424
372,279,0.23292818036783586,0,0,-0.01146536975032822,-0.01146536975032822
373,279,1.572474271197417,0,0,-0.17956113567472398,-0.17956113567472398
379,279,0.6135062130337974,0,0,0.07308337939972995,0.07308337939972995
380,279,0.6556075568072507,0,0,0.07027356906534035,0.07027356906534035
383,279,1.1915485395272336,0,0,0.15280670507041308,0.15280670507041308
386,279,0.2722883308276978,0,0,-0.03102077119501201,-0.03102077119501201
389,279,0.3908794729990729,0,0,0.01890800954157784,0.01890800954157784
391,279,1.3726522269901396,0,0,0.1916554315540929,0.1916554315540929
393,279,1.0315479926780597,0,0,0.08567296684073863,0.08567296684073863
283,280,1.491363340190962,46,-1,-0.06801310148049144,0.9319868985195086
300,280,1.102800554264719,0,0,0.1520006892011142,0.1520006892011142
308,280,1.4917502140426935,46,-1,-0.3190735961094707,0.6809264038905293
329,280,1.4352814070288913,46,-1,-0.24139798236150978,0.7586020176384902
341,280,1.2822417415510161,0,0,0.26587773372968926,0.26587773372968926
351,280,1.2907711504698531,0,0,0.2650080804762618,0.2650080804762618
356,280,1.522347471587286,0,0,0.17598703358711765,0.17598703358711765
361,280,1.055584928560447,0,0,0.1805923002813739,0.1805923002813739
366,280,1.579004377962381,46,-1,-0.20839722064893262,0.7916027793510674
376,280,1.5040451206584262,46,-1,-0.3602419818592437,0.6397580181407563
382,280,1.0352513294659373,0,0,0.2119879633702803,0.2119879633702803
398,280,0.4241486436100966,0,0,0.13924767568674706,0.13924767568674706
283,281,1.1741775798177156,0,0,0.2510069244398698,0.2510069244398698
288,281,1.2474138716587733,0,0,-0.1441173355236297,-0.1441173355236297
306,281,1.2909879554309087,0,0,-0.07620925699177528,-0.07620925699177528
308,281,0.449563801132918,0,0,-5.357018910948086e-5,-5.357018910948086e-5
313,281,1.0578495307299984,0,0,-0.1514779699329511,-0.1514779699329511
315,281,0.8453351090983205,0,0,-0.017004569784188933,-0.017004569784188933
329,281,0.587531291502251,0,0,0.07762204355885147,0.07762204355885147
336,281,1.3304665330487342,0,0,0.03419503439373753,0.03419503439373753
340,281,1.5045867707999567,0,0,-0.12054473721764249,-0.12054473721764249
344,281,1.2519976155986792,0,0,-0.1368193365856404,-0.1368193365856404
362,281,1.5412995275466268,0,0,0.32588100918938545,0.32588100918938545
366,281,0.6934782965219978,0,0,0.11062280527142856,0.11062280527142856
371,281,0.9902695413833996,0,0,-0.06645310970879892,-0.06645310970879892
376,281,0.9940709536069329,0,0,-0.04122195593888245,-0.04122195593888245
381,281,1.4049728748329826,0,0,0.01201585223449611,0.01201585223449611
286,282,1.536237455317229,0,0,0.03493240003052352,0.03493240003052352
287,282,1.2581539089110532,0,0,0.12822086048045722,0.12822086048045722
288,282,1.1289769857305738,0,0,0.023057170496358526,0.023057170496358526
298,282,0.29372257277666275,0,0,-0.02061287428718786,-0.02061287428718786
302,282,1.4128873079256907,0,0,0.03217060165462822,0.03217060165462822
306,282,1.4220525531019679,0,0,0.09096524902821296,0.09096524902821296
309,282,1.397124428902633,0,0,-0.12654743083278056,-0.12654743083278056
313,282,1.3735738684751462,0,0,0.01569653608703714,0.01569653608703714
322,282,1.397693972074127,0,0,-0.049425234996937045,-0.049425234996937045
327,282,1.5933870523487677,0,0,0.23957328127789554,0.23957328127789554
332,282,1.3453587897236599,0,0,0.14168004235938636,0.14168004235938636
334,282,1.4548926141772625,0,0,-0.018363607001929502,-0.018363607001929502
335,282,1.3327638296982383,0,0,0.019047659048826007,0.019047659048826007
340,282,0.9360886841152175,0,0,0.04662976880234575,0.04662976880234575
344,282,1.03609629767094,0,0,0.030355169434347823,0.030355169434347823
353,282,0.5527695981808252,0,0,-0.028826775518872118,-0.028826775518872118
358,282,0.4489108830735911,0,0,0.005759479303439272,0.005759479303439272
370,282,1.218753009022089,0,0,-0.05452443180303988,-0.05452443180303988
371,282,1.5615015645887123,0,0,0.10072139631118932,0.10072139631118932
374,282,1.2117430674507788,0,0,-0.07546998369798587,-0.07546998369798587
384,282,1.3475255062034814,0,0,-0.01706328062268512,-0.01706328062268512
385,282,1.0051564085407945,0,0,-0.008936834728153528,-0.008936834728153528
387,282,0.8166826275948437,0,0,-0.023086245981591536,-0.023086245981591536
388,282,0.2721952313407934,0,0,-0.020070971494933768,-0.020070971494933768
390,282,1.430539351393689,0,0,-0.03852599617861434,-0.03852599617861434
392,282,0.5439889720413201,0,0,0.022722955438805578,0.022722955438805578
395,282,0.8387789785830687,0,0,-0.05690082621741312,-0.05690082621741312
397,282,0.7327824581187763,0,0,0.03868025001290215,0.03868025001290215
284,283,0.8546494383337228,0,0,0.11027666161645439,0.11027666161645439
285,283,0.9258944658769147,1,1,0.17980086781468008,-0.8201991321853199
300,283,1.1931756195158132,1,1,0.22001379068160565,-0.7799862093183944
308,283,1.3240474980885677,0,0,-0.2510604946289793,-0.2510604946289793
329,283,0.8667697246210507,0,0,-0.17338488088101833,-0.17338488088101833
362,283,0.6680731783575465,0,0,0.07487408474951568,0.07487408474951568
366,283,0.5462271495756243,0,0,-0.14038411916844123,-0.14038411916844123
382,283,1.5604811853453686,1,1,0.2800010648507718,-0.7199989351492282
394,283,1.178687000168154,0,0,0.044778036111658925,0.044778036111658925
285,284,0.508340135343466,1,1,0.06952420619822564,-0.9304757938017744
295,284,1.4966016780667548,1,1,0.2628732092819336,-0.7371267907180664
300,284,1.4035141243438913,1,1,0.1097371290651512,-0.8902628709348488
319,284,1.3666587616068429,1,1,0.24085701098811874,-0.7591429890118813
329,284,1.5977807538676292,0,0,-0.2836615424974727,-0.2836615424974727
362,284,0.20474109574906238,0,0,-0.035402576866938706,-0.035402576866938706
366,284,1.2116845501808562,0,0,-0.2506607807848956,-0.2506607807848956
394,284,0.5726624819834637,0,0,-0.06549862550479546,-0.06549862550479546
295,285,1.1329268206217546,0,0,0.19334900308370795,0.19334900308370795
300,285,0.9647948555980463,0,0,0.04021292286692563,0.04021292286692563
319,285,0.9204497624407706,0,0,0.17133280478989316,0.17133280478989316
341,285,1.4124479814037048,0,0,0.1540899673955007,0.1540899673955007
352,285,1.50870638723731,0,0,0.2517501876860706,0.2517501876860706
362,285,0.5857736897559149,46,-1,-0.10492678306516434,0.8950732169348357
366,285,1.2957707269822387,46,-1,-0.32018498698312126,0.6798150130168787
382,285,1.3611889005897904,0,0,0.10020019703609173,0.10020019703609173
394,285,0.9916035860736577,46,-1,-0.1350228317030211,0.8649771682969789
298,286,1.5252694467461148,0,0,-0.05554527431771138,-0.05554527431771138
302,286,0.3572891936791426,0,0,-0.002761798375895297,-0.002761798375895297
305,286,0.5129598333972896,0,0,-0.008762723304660741,-0.008762723304660741
314,286,0.8844086990258933,0,0,0.13254242482055756,0.13254242482055756
321,286,1.2302695138986657,0,0,-0.08098200401878802,-0.08098200401878802
322,286,1.258087606007821,0,0,-0.08435763502746056,-0.08435763502746056
328,286,1.5682537144300626,0,0,-0.13100376694239657,-0.13100376694239657
334,286,0.6576989919821428,0,0,-0.05329600703245302,-0.05329600703245302
335,286,0.31437276985052637,0,0,-0.01588474098169751,-0.01588474098169751
337,286,1.559064749691323,0,0,0.32187182593754554,0.32187182593754554
353,286,1.5580451450097939,0,0,-0.06375917554939564,-0.06375917554939564
354,286,0.842113445857597,0,0,-0.04847063225209862,-0.04847063225209862
358,286,1.1758298487057302,0,0,-0.029172920727084245,-0.029172920727084245
359,286,0.9467254745890518,0,0,-0.028848576826516883,-0.028848576826516883
365,286,1.5722806018396218,0,0,0.2779827135177611,0.2779827135177611
370,286,1.3376444730976933,0,0,-0.0894568318335634,-0.0894568318335634
372,286,1.3281815958576517,0,0,0.0895376163445424,0.0895376163445424
373,286,1.2243910495986643,0,0,-0.07855814957985337,-0.07855814957985337
384,286,0.5531654496800261,0,0,-0.051995680653208635,-0.051995680653208635
385,286,0.750651451116382,0,0,-0.043869234758677045,-0.043869234758677045
386,286,1.1091353986914063,0,0,0.0699822148998586,0.0699822148998586
388,286,1.556528393914069,0,0,-0.055003371525457284,-0.055003371525457284
390,286,0.992148055375868,0,0,-0.07345839620913786,-0.07345839620913786
296,287,1.5641364861075056,1,1,0.44431177198309324,-0.5556882280169068
298,287,1.330607208276552,0,0,-0.14883373476764508,-0.14883373476764508
304,287,1.5812284947258055,1,1,0.3932813848104646,-0.6067186151895354
327,287,1.01418657974749,0,0,0.11135242079743832,0.11135242079743832
332,287,0.19690090087321246,0,0,0.013459181878929138,0.013459181878929138
340,287,1.5181512293086294,0,0,-0.08159109167811147,-0.08159109167811147
348,287,1.1448367625927975,1,1,0.24463338336066043,-0.7553666166393396
353,287,1.469093926359584,0,0,-0.15704763599932933,-0.15704763599932933
355,287,1.1666194654061552,0,0,0.27357487886813103,0.27357487886813103
357,287,1.1637643112380838,0,0,0.16241390622645804,0.16241390622645804
358,287,1.110715683707686,0,0,-0.12246138117701795,-0.12246138117701795
388,287,1.4106104387278424,0,0,-0.14829183197539098,-0.14829183197539098
392,287,1.279115254929915,0,0,-0.10549790504165164,-0.10549790504165164
397,287,1.3627007393876494,0,0,-0.08954061046755507,-0.08954061046755507
298,288,1.3708610542537223,0,0,-0.043670044783546386,-0.043670044783546386
306,288,0.929375162168393,0,0,0.06790807853185443,0.06790807853185443
308,288,1.1622411253877005,0,0,0.14406376533452023,0.14406376533452023
313,288,0.3237413044121409,0,0,-0.007360634409321387,-0.007360634409321387
315,288,1.5318029717212516,0,0,0.12711276573944078,0.12711276573944078
340,288,0.6419837106273261,0,0,0.023572598305987222,0.023572598305987222
344,288,0.2623203224865768,0,0,0.007297998937989297,0.007297998937989297
352,288,1.3841940146519376,0,0,-0.17332468453574987,-0.17332468453574987
353,288,1.5850341249701987,0,0,-0.05188394601523064,-0.05188394601523064
358,288,1.4809159183524512,0,0,-0.017297691192919254,-0.017297691192919254
371,288,0.8772405587079424,0,0,0.07766422581483079,0.07766422581483079
376,288,1.0459042816925979,0,0,0.10289537958474726,0.10289537958474726
387,288,0.5430574753228864,0,0,-0.04614341647795006,-0.04614341647795006
388,288,1.285948312772343,0,0,-0.04312814199129229,-0.04312814199129229
392,288,0.7977507916998154,0,0,-0.00033421505755294734,-0.00033421505755294734
395,288,0.9653285534078268,0,0,-0.07995799671377164,-0.07995799671377164
397,288,0.7183598005532988,0,0,0.015623079516543625,0.015623079516543625
290,289,1.5599229175311786,0,0,0.02834575146890883,0.02834575146890883
291,289,1.3381152843780493,46,-1,-0.07229408022459305,0.927705919775407
297,289,0.8336722274124283,0,0,0.1285096651562325,0.1285096651562325
303,289,1.2223071042659044,0,0,0.1668024699876763,0.1668024699876763
310,289,1.242438057871325,46,-1,-0.23709270190459564,0.7629072980954044
320,289,0.9324369202051103,46,-1,-0.015274562340366504,0.9847254376596335
322,289,1.5208021897531583,0,0,0.21196968378524153,0.21196968378524153
333,289,0.20783496004144464,0,0,0.03964012607421749,0.03964012607421749
345,289,0.7838628047421978,46,-1,-0.1315211354139998,0.8684788645860002
349,289,1.2175101024728794,46,-1,-0.21765248793850878,0.7823475120614912
350,289,1.0966741522793293,0,0,0.07541853329658585,0.07541853329658585
364,289,1.3301369725268037,0,0,0.14633980995476703,0.14633980995476703
375,289,0.6437442643009614,0,0,0.10256685220985688,0.10256685220985688
377,289,0.7517702989728431,46,-1,-0.13435325040642332,0.8656467495935767
399,289,1.1671961355256875,0,0,0.15804398399747088,0.15804398399747088
400,289,1.4211074743459773,46,-1,-0.20701100442337195,0.792988995576628
303,290,1.102182619092049,0,0,0.13845671851876748,0.13845671851876748
304,290,1.1966256258346042,0,0,-0.2454485873958084,-0.2454485873958084
312,290,0.26412579447487206,0,0,0.03894985442455823,0.03894985442455823
326,290,0.7364776468109971,0,0,0.0867221463850522,0.0867221463850522
333,290,1.4458888379230619,0,0,0.01129437460530866,0.01129437460530866
370,290,1.486921305606711,0,0,0.17852473551022985,0.17852473551022985
374,290,1.1450844536416076,0,0,0.15757918361528386,0.15757918361528386
396,290,1.3813081987425782,0,0,-0.32220776795854655,-0.32220776795854655
297,291,1.3621371602772434,1,1,0.20080374538082557,-0.7991962546191744
301,291,0.9378484214109454,0,0,-0.239345054853633,-0.239345054853633
310,291,0.9394471252321943,0,0,-0.1647986216800026,-0.1647986216800026
320,291,0.569193445349138,0,0,0.057019517884226545,0.057019517884226545
333,291,1.3626564833399488,1,1,0.11193420629881057,-0.8880657937011894
337,291,1.2198169185479621,0,0,-0.3095067750251593,-0.3095067750251593
346,291,1.0326269057941577,1,1,0.15928130615487057,-0.8407186938451294
349,291,0.6156990694817153,0,0,-0.14535840771391573,-0.14535840771391573
350,291,0.9310489608536429,1,1,0.14771261352117893,-0.8522873864788211
364,291,1.3181440398441766,1,1,0.21863389017936008,-0.7813661098206399
365,291,1.3422547976148549,0,0,-0.3533958874449437,-0.3533958874449437
375,291,1.317055124562231,1,1,0.17486093243445,-0.82513906756555
377,291,1.0553312331178908,0,0,-0.06205917018183027,-0.06205917018183027
399,291,1.473629281079995,1,1,0.23033806422206393,-0.7696619357779361
400,291,0.4501402227379149,0,0,-0.1347169241987789,-0.1347169241987789
302,292,1.5383620205807889,0,0,-0.3071968664941136,-0.3071968664941136
304,292,1.4356624447736337,1,1,0.18213477714217996,-0.81786522285782
310,292,1.5491635037745897,0,0,0.16214491116448393,0.16214491116448393
332,292,1.4774631074330888,0,0,-0.19768742578935547,-0.19768742578935547
345,292,1.1297820293746692,0,0,0.2677164776550798,0.2677164776550798
357,292,0.6241137833740471,0,0,-0.048732701441826565,-0.048732701441826565
377,292,1.482934568464775,0,0,0.26488436266265625,0.26488436266265625
396,292,0.6335021374077827,1,1,0.10537559657944184,-0.8946244034205582
294,293,1.275817578197403,0,0,-0.044449403712128785,-0.044449403712128785
299,293,1.330455346547003,0,0,-0.025641385038954564,-0.025641385038954564
311,293,0.9592537364187509,0,0,-0.14144463567858678,-0.14144463567858678
321,293,1.3769647103677811,0,0,0.13945935797045642,0.13945935797045642
323,293,1.4063427026443702,0,0,0.012164162548847154,0.012164162548847154
324,293,1.1946157325413749,0,0,0.184664772672645,0.184664772672645
325,293,1.1149041652716192,0,0,0.17020374194090931,0.17020374194090931
328,293,1.3150887384925105,0,0,0.08943759504684787,0.08943759504684787
342,293,1.0935354329158933,0,0,0.001851336458331826,0.001851336458331826
347,293,1.135634182896001,0,0,-0.1261960853361495,-0.1261960853361495
359,293,1.5564699130298916,0,0,0.19159278516272754,0.19159278516272754
373,293,1.3525413406205586,0,0,0.14188321240939109,0.14188321240939109
295,294,1.500811649509775,0,0,0.02128966702909571,0.02128966702909571
299,294,0.26870433910350555,0,0,0.01880801867317422,0.01880801867317422
311,294,1.2009414025169307,0,0,-0.09699523196645801,-0.09699523196645801
323,294,0.8244630815974985,0,0,0.05661356626097594,0.05661356626097594
325,294,1.486347301705886,0,0,0.2146531456530381,0.2146531456530381
342,294,0.4688877895052932,0,0,0.04630074017046061,0.04630074017046061
352,294,1.4096928797348294,0,0,0.07969085163145836,0.07969085163145836
299,295,1.2381664557928036,0,0,-0.0024816483559214897,-0.0024816483559214897
300,295,1.4082168454982416,0,0,-0.15313608021678232,-0.15313608021678232
313,295,1.5726697332590023,0,0,0.22436523472879114,0.22436523472879114
319,295,0.38086066711028466,0,0,-0.022016198293814793,-0.022016198293814793
323,295,0.8623459020434421,0,0,0.03532389923188023,0.03532389923188023
341,295,1.3474968654569197,0,0,-0.03925903568820724,-0.03925903568820724
342,295,1.2583583899680937,0,0,0.0250110731413649,0.0250110731413649
351,295,1.5117505212794469,0,0,-0.04012868894163474,-0.04012868894163474
352,295,0.5792515335692294,0,0,0.058401184602362655,0.058401184602362655
382,295,1.5241478344130215,0,0,-0.09314880604761622,-0.09314880604761622
309,296,1.5739398669155147,0,0,0.300919936703669,0.300919936703669
316,296,0.7625975077426339,0,0,-0.049841177956955474,-0.049841177956955474
327,296,1.2365974407509044,46,-1,-0.3329593511856549,0.6670406488143451
343,296,1.5374290113082123,0,0,0.2646758468828841,0.2646758468828841
348,296,0.6960423171072221,0,0,-0.1996783886224328,-0.1996783886224328
355,296,0.9116878352369978,46,-1,-0.1707368931149622,0.8292631068850378
360,296,0.39141261201316374,0,0,0.02153650630914189,0.02153650630914189
368,296,1.3783267431418453,0,0,0.0952147029629099,0.0952147029629099
378,296,0.861738052768335,0,0,0.11585089700718132,0.11585089700718132
303,297,0.8393777703110554,0,0,0.0382928048314438,0.0382928048314438
320,297,0.9718873048792336,46,-1,-0.14378422749659903,0.856215772503401
322,297,0.9618921212285321,0,0,0.08346001862900902,0.08346001862900902
333,297,0.7228016736437514,0,0,-0.088869539082015,-0.088869539082015
334,297,1.3728478366352663,0,0,0.11452164662401657,0.11452164662401657
345,297,1.487784920013533,46,-1,-0.2600308005702323,0.7399691994297677
346,297,1.0292105450191011,0,0,-0.04152243922595505,-0.04152243922595505
349,297,1.522947215353301,46,-1,-0.3461621530947413,0.6538378469052587
350,297,0.5698855944554999,0,0,-0.05309113185964665,-0.05309113185964665
364,297,0.5625290431832485,0,0,0.01783014479853453,0.01783014479853453
370,297,1.1320163681215965,0,0,0.07836082182290618,0.07836082182290618
374,297,1.3861598859366615,0,0,0.05741526992796021,0.05741526992796021
375,297,0.1900903173982668,0,0,-0.02594281294637562,-0.02594281294637562
377,297,1.3562537949347768,46,-1,-0.26286291556265584,0.7371370844373442
384,297,1.5051386678601617,0,0,0.11582197300326096,0.11582197300326096
385,297,1.5401695635377881,0,0,0.12394841889779254,0.12394841889779254
390,297,1.1071189496495981,0,0,0.09435925744733173,0.09435925744733173
399,297,0.3821183262149664,0,0,0.029534318841238374,0.029534318841238374
302,298,1.3654903249979387,0,0,0.05278347594181608,0.05278347594181608
303,298,1.4244590788702591,0,0,-0.07397957450731442,-0.07397957450731442
309,298,1.2625401517127672,0,0,-0.1059345565455927,-0.1059345565455927
322,298,1.1657321138120613,0,0,-0.02881236070974919,-0.02881236070974919
326,298,1.3524214041251976,0,0,-0.1257141466410297,-0.1257141466410297
332,298,1.3843766442853647,0,0,0.16229291664657422,0.16229291664657422
334,298,1.3456707354915267,0,0,0.002249267285258358,0.002249267285258358
335,298,1.2844865986781877,0,0,0.03966053333601387,0.03966053333601387
340,298,1.2190520829270357,0,0,0.06724264308953361,0.06724264308953361
344,298,1.3072088476547907,0,0,0.05096804372153568,0.05096804372153568
353,298,0.2601481170845821,0,0,-0.008213901231684258,-0.008213901231684258
358,298,0.44010055212663296,0,0,0.02637235359062713,0.02637235359062713
370,298,0.9652312783036031,0,0,-0.03391155751585202,-0.03391155751585202
374,298,0.9187216594029375,0,0,-0.05485710941079801,-0.05485710941079801
384,298,1.2614643937997438,0,0,0.0035495936645027412,0.0035495936645027412
385,298,0.8850966627345189,0,0,0.011676039559034332,0.011676039559034332
387,298,0.9809261174446449,0,0,-0.0024733716944036754,-0.0024733716944036754
388,298,0.10842297603128771,0,0,0.0005419027922540925,0.0005419027922540925
390,298,1.2560425455300583,0,0,-0.01791312189142648,-0.01791312189142648
392,298,0.8374045642288839,0,0,0.04333582972599344,0.04333582972599344
395,298,0.9022470342204416,0,0,-0.03628795193022526,-0.03628795193022526
397,298,1.0263023003557672,0,0,0.05929312430009001,0.05929312430009001
311,299,1.4181617139062808,0,0,-0.11580325063963223,-0.11580325063963223
319,299,1.5996912117521023,0,0,-0.019534549937893303,-0.019534549937893303
323,299,0.5761644854954735,0,0,0.03780554758780172,0.03780554758780172
324,299,1.5547118753447506,0,0,0.21030615771159955,0.21030615771159955
325,299,1.4062556945004887,0,0,0.1958451269798639,0.1958451269798639
342,299,0.3158991791133957,0,0,0.02749272149728639,0.02749272149728639
352,299,1.1512292780215734,0,0,0.060882832958284144,0.060882832958284144
319,300,1.032983632782386,0,0,0.13111988192296753,0.13111988192296753
341,300,0.6196931461268351,0,0,0.11387704452857508,0.11387704452857508
351,300,0.7918870007637798,0,0,0.11300739127514758,0.11300739127514758
362,300,1.3745332776196797,46,-1,-0.14513970593209002,0.85486029406791
366,300,1.4904929995128824,46,-1,-0.36039790985004694,0.6396020901499531
382,300,0.4381282221310833,0,0,0.059987274169166105,0.059987274169166105
398,300,0.9109694595983884,0,0,-0.01275301351436714,-0.01275301351436714
310,301,0.6526630954898228,0,0,0.07454643317363041,0.07454643317363041
314,301,1.0939288402902918,0,0,-0.25949112128851426,-0.25949112128851426
320,301,1.3856010112004764,0,0,0.29636457273785954,0.29636457273785954
337,301,0.5912206319041325,0,0,-0.07016172017152628,-0.07016172017152628
345,301,1.5424366456135667,0,0,0.18011799966422626,0.18011799966422626
349,301,0.5815293321427397,0,0,0.09398664713971727,0.09398664713971727
365,301,0.8087764910410684,0,0,-0.11405083259131071,-0.11405083259131071
377,301,1.1169589378133218,0,0,0.17728588467180273,0.17728588467180273
400,301,0.5417463614994278,0,0,0.1046281306548541,0.1046281306548541
303,302,1.5762627836077323,0,0,-0.1267630504491305,-0.1267630504491305
305,302,0.8436612129604782,0,0,-0.006000924928765444,-0.006000924928765444
314,302,1.004549189851274,0,0,0.13530422319645286,0.13530422319645286
321,302,1.4451139298202538,0,0,-0.07822020564289273,-0.07822020564289273
322,302,1.1093267419036092,0,0,-0.08159583665156526,-0.08159583665156526
332,302,1.578832603504026,0,0,0.10950944070475814,0.10950944070475814
334,302,0.7008461290003277,0,0,-0.05053420865655772,-0.05053420865655772
335,302,0.1530315023147035,0,0,-0.013122942605802213,-0.013122942605802213
353,302,1.3775644288568154,0,0,-0.06099737717350034,-0.06099737717350034
354,302,1.0977091376616062,0,0,-0.04570883387620332,-0.04570883387620332
358,302,0.9971055227867271,0,0,-0.026411122351188948,-0.026411122351188948
359,302,1.247211835085544,0,0,-0.026086778450621587,-0.026086778450621587
370,302,1.151539577516996,0,0,-0.0866950334576681,-0.0866950334576681
373,302,1.4347535016564426,0,0,-0.07579635120395807,-0.07579635120395807
374,302,1.5409827681036672,0,0,-0.10764058535261409,-0.10764058535261409
384,302,0.6048123505181043,0,0,-0.04923388227731334,-0.04923388227731334
385,302,0.6021595329378576,0,0,-0.04110743638278175,-0.04110743638278175
386,302,1.4623305031393778,0,0,0.0727440132757539,0.0727440132757539
388,302,1.4186825401121015,0,0,-0.05224157314956199,-0.05224157314956199
390,302,0.9362263520818588,0,0,-0.07069659783324256,-0.07069659783324256
399,302,1.530914662414744,0,0,-0.13552153643933593,-0.13552153643933593
312,303,1.0902008104805092,0,0,-0.09950686409420924,-0.09950686409420924
322,303,0.6237327604683898,0,0,0.04516721379756523,0.04516721379756523
326,303,1.0191654780115618,0,0,-0.05173457213371527,-0.05173457213371527
333,303,1.03775745721232,0,0,-0.12716234391345882,-0.12716234391345882
334,303,1.3148264484346137,0,0,0.07622884179257278,0.07622884179257278
335,303,1.5335664440682526,0,0,0.11364010784332829,0.11364010784332829
350,303,1.3502535495372086,0,0,-0.09138393669109045,-0.09138393669109045
353,303,1.1812501911705702,0,0,0.06576567327563015,0.06576567327563015
358,303,1.5013354569030164,0,0,0.10035192809794155,0.10035192809794155
364,303,1.189890361979436,0,0,-0.02046266003290927,-0.02046266003290927
370,303,0.5813236406948862,0,0,0.04006801699146239,0.04006801699146239
374,303,0.5798258542310856,0,0,0.019122465096516404,0.019122465096516404
375,303,0.8666972680429016,0,0,-0.06423561777781941,-0.06423561777781941
384,303,1.3847023365603925,0,0,0.07752916817181715,0.07752916817181715
385,303,1.1858817249462674,0,0,0.08565561406634875,0.08565561406634875
388,303,1.4763586759480074,0,0,0.07452147729956851,0.07452147729956851
390,303,0.9805088032707046,0,0,0.05606645261588794,0.05606645261588794
399,303,0.798089323089258,0,0,-0.008758485990205424,-0.008758485990205424
312,304,1.3406907697564237,0,0,0.28439844182036667,0.28439844182036667
326,304,1.5202644243267893,0,0,0.3321707337808606,0.3321707337808606
332,304,1.4536409882481904,46,-1,-0.37982220293153546,0.6201777970684645
355,304,1.1000715849387337,46,-1,-0.11970650594233367,0.8802934940576663
357,304,1.1555414009318292,46,-1,-0.23086747858400658,0.7691325214159934
396,304,0.8549651970889767,0,0,-0.07675918056273817,-0.07675918056273817
314,305,1.0413246392884525,0,0,0.14130514812521827,0.14130514812521827
318,305,1.2963598122990578,0,0,0.14862395516718968,0.14862395516718968
321,305,0.8348244502368156,0,0,-0.07221928071412728,-0.07221928071412728
322,305,1.3905331050348577,0,0,-0.07559491172279982,-0.07559491172279982
324,305,1.346070985640893,0,0,-0.027013866011938698,-0.027013866011938698
325,305,1.465045155674019,0,0,-0.04147489674367437,-0.04147489674367437
328,305,1.1883769133502629,0,0,-0.12224104363773583,-0.12224104363773583
334,305,0.6808525183963082,0,0,-0.04453328372779228,-0.04453328372779228
335,305,0.7538991184314592,0,0,-0.007122017677036768,-0.007122017677036768
354,305,0.44420137948676486,0,0,-0.03970790894743788,-0.03970790894743788
358,305,1.4952303142435839,0,0,-0.020410197422423504,-0.020410197422423504
359,305,0.4653856889651087,0,0,-0.020085853521856142,-0.020085853521856142
365,305,1.5607119381270202,0,0,0.2867454368224219,0.2867454368224219
369,305,1.587288905109753,0,0,0.1268904366281156,0.1268904366281156
370,305,1.5212107511477424,0,0,-0.08069410852890266,-0.08069410852890266
372,305,0.9875663851878471,0,0,0.09830033964920314,0.09830033964920314
373,305,0.8477274253174448,0,0,-0.06979542627519263,-0.06979542627519263
379,305,1.4076011922740268,0,0,0.18284908879926132,0.18284908879926132
380,305,1.3119201330761463,0,0,0.18003927846487172,0.18003927846487172
384,305,0.6321833429201825,0,0,-0.043232957348547894,-0.043232957348547894
385,305,1.0111826817306717,0,0,-0.035106511454016304,-0.035106511454016304
386,305,0.7557155374754785,0,0,0.07874493820451935,0.07874493820451935
389,305,1.3088456448938073,0,0,0.12867371894110918,0.12867371894110918
390,305,1.0424372436460745,0,0,-0.06469567290447711,-0.06469567290447711
308,306,0.9428454486450552,0,0,0.0761556868026658,0.0761556868026658
313,306,1.1133185447613891,0,0,-0.07526871294117582,-0.07526871294117582
327,306,1.1834032129290877,0,0,0.14860803224968258,0.14860803224968258
329,306,1.4986358726394988,0,0,0.15383130055062674,0.15383130055062674
340,306,0.5045988294773205,0,0,-0.04433548022586721,-0.04433548022586721
344,306,0.7291946910431673,0,0,-0.060610079593865135,-0.060610079593865135
371,306,0.3148083801388675,0,0,0.009756147282976357,0.009756147282976357
376,306,0.41584569069609845,0,0,0.03498730105289283,0.03498730105289283
387,306,1.26361694249041,0,0,-0.1140514950098045,-0.1140514950098045
392,306,0.9012039277460143,0,0,-0.06824229358940738,-0.06824229358940738
395,306,1.4936001601200721,0,0,-0.14786607524562606,-0.14786607524562606
397,306,0.7282504166853955,0,0,-0.05228499901531081,-0.05228499901531081
317,307,1.1485298598653126,0,0,-0.09325307695297463,-0.09325307695297463
318,307,0.8144718806880186,0,0,-0.1347040934351706,-0.1347040934351706
330,307,1.338763526677893,1,1,0.14403686706092367,-0.8559631329390763
365,307,1.5225197463541964,0,0,0.0034173882200616013,0.0034173882200616013
367,307,1.3237338048804723,1,1,0.3206488514357845,-0.6793511485642155
372,307,1.397675349042768,0,0,-0.18502770895315712,-0.18502770895315712
379,307,0.6388011870015422,0,0,-0.10047895980309896,-0.10047895980309896
380,307,0.7054821165803118,0,0,-0.10328877013748855,-0.10328877013748855
383,307,0.7942236381947763,0,0,-0.020755634132415823,-0.020755634132415823
386,307,1.3301220411383776,0,0,-0.2045831103978409,-0.2045831103978409
389,307,1.1356847616224823,0,0,-0.15465432966125106,-0.15465432966125106
391,307,0.32728485428580534,0,0,0.018093092351263995,0.018093092351263995
393,307,1.379188005662452,0,0,-0.08788937236209027,-0.08788937236209027
313,308,1.0883612207314055,0,0,-0.15142439974384161,-0.15142439974384161
315,308,1.260793751269541,0,0,-0.016950999595079452,-0.016950999595079452
329,308,0.579869556828153,0,0,0.07767561374796095,0.07767561374796095
340,308,1.2580055330373907,0,0,-0.120491167028533,-0.120491167028533
344,308,1.1181734235234466,0,0,-0.13676576639653093,-0.13676576639653093
366,308,0.8832998587133221,0,0,0.11067637546053805,0.11067637546053805
371,308,0.6735541998230313,0,0,-0.06639953951968944,-0.06639953951968944
376,308,0.5819105940085753,0,0,-0.04116838574977297,-0.04116838574977297
397,308,1.4393396242984777,0,0,-0.1284406858179766,-0.1284406858179766
326,309,1.0961748386871157,0,0,-0.019779590095436998,-0.019779590095436998
331,309,1.295812432130044,0,0,-0.05140495546062828,-0.05140495546062828
343,309,0.6532146146797639,0,0,-0.03624408982078491,-0.03624408982078491
353,309,1.1972648401534172,0,0,0.09772065531390843,0.09772065531390843
374,309,1.3210853277445784,0,0,0.05107744713479468,0.05107744713479468
378,309,1.414636794759402,0,0,-0.1850690396964877,-0.1850690396964877
387,309,1.5325306310539994,0,0,0.10346118485118902,0.10346118485118902
388,309,1.2545984065049065,0,0,0.10647645933784677,0.10647645933784677
395,309,1.0795999150596436,0,0,0.06964660461536744,0.06964660461536744
320,310,1.1424486478491198,0,0,0.22181813956422913,0.22181813956422913
333,310,1.2700374453830903,1,1,0.27673282797881316,-0.7232671720211868
337,310,1.2396617758825965,0,0,-0.1447081533451567,-0.1447081533451567
345,310,0.9807594978513617,0,0,0.10557156649059585,0.10557156649059585
349,310,0.3276783074006075,0,0,0.01944021396608686,0.01944021396608686
350,310,1.5373740470163315,1,1,0.3125112352011815,-0.6874887647988185
365,310,1.4542863760723765,0,0,-0.18859726576494112,-0.18859726576494112
375,310,1.5596339852836183,1,1,0.3396595541144526,-0.6603404458855474
377,310,0.5231287042494227,0,0,0.10273945149817232,0.10273945149817232
400,310,0.5825179834637431,0,0,0.03008169748122369,0.03008169748122369
330,311,1.3106873635312857,0,0,-0.21951180997354558,-0.21951180997354558
342,311,1.3635713364115545,0,0,0.14329597213691864,0.14329597213691864
347,311,1.239108989215398,0,0,0.015248550342437273,0.015248550342437273
326,312,0.5383246917088925,0,0,0.04777229196049397,0.04777229196049397
333,312,1.595259415600627,0,0,-0.027655479819249568,-0.027655479819249568
353,312,1.5863495431895824,0,0,0.1652725373698394,0.1652725373698394
370,312,1.4652227192394243,0,0,0.13957488108567162,0.13957488108567162
374,312,1.061184511351176,0,0,0.11862932919072565,0.11862932919072565
315,313,1.2389591817661258,0,0,0.13447340014876216,0.13447340014876216
319,313,1.5464698797823504,0,0,-0.24638143302260593,-0.24638143302260593
324,313,1.534449485370492,0,0,-0.01654072537311306,-0.01654072537311306
325,313,1.4793215975627036,0,0,-0.031001756104848732,-0.031001756104848732
329,313,1.5282699146703904,0,0,0.22910001349180256,0.22910001349180256
340,313,0.9148486943160057,0,0,0.03093323271530861,0.03093323271530861
344,313,0.4936893247390759,0,0,0.014658633347310684,0.014658633347310684
352,313,1.1805871397009509,0,0,-0.16596405012642848,-0.16596405012642848
371,313,0.9711853966210094,0,0,0.08502486022415218,0.08502486022415218
376,313,1.1380570396973086,0,0,0.11025601399406865,0.11025601399406865
387,313,0.781256408847989,0,0,-0.038782782068628674,-0.038782782068628674
388,313,1.518597920833845,0,0,-0.035767507581970906,-0.035767507581970906
392,313,1.050702034099388,0,0,0.00702641935176844,0.00702641935176844
395,313,1.2286046789359673,0,0,-0.07259736230445026,-0.07259736230445026
397,313,0.9609042533713117,0,0,0.022983713925865012,0.022983713925865012
318,314,1.3816875930215415,0,0,0.007318807041971381,0.007318807041971381
334,314,1.3487120316686114,0,0,-0.18583843185301058,-0.18583843185301058
335,314,1.0829836007892881,0,0,-0.14842716580225507,-0.14842716580225507
337,314,0.7826561330676733,0,0,0.189329401116988,0.189329401116988
349,314,1.5267336170703605,0,0,0.35347776842823153,0.35347776842823153
354,314,1.454191964485108,0,0,-0.18101305707265616,-0.18101305707265616
359,314,1.4643639922613478,0,0,-0.16139100164707443,-0.16139100164707443
365,314,0.7897042682030673,0,0,0.14544028869720357,0.14544028869720357
372,314,1.4235990853617078,0,0,-0.04300480847601515,-0.04300480847601515
379,314,1.468075104568667,0,0,0.04154394067404302,0.04154394067404302
380,314,1.2308612482453833,0,0,0.03873413033965342,0.03873413033965342
384,314,1.3214804146660095,0,0,-0.18453810547376617,-0.18453810547376617
385,314,1.5524197086798626,0,0,-0.1764116595792346,-0.1764116595792346
386,314,1.177417216333364,0,0,-0.06256020992069894,-0.06256020992069894
400,314,1.4915607594499956,0,0,0.36411925194336836,0.36411925194336836
324,315,1.486489271007378,0,0,-0.1510141255218752,-0.1510141255218752
325,315,1.5055344921325353,0,0,-0.1654751562536109,-0.1654751562536109
329,315,1.3476177623227128,0,0,0.0946266133430404,0.0946266133430404
336,315,0.5388681030594166,0,0,0.05119960417792646,0.05119960417792646
344,315,1.5661231957092931,0,0,-0.11981476680145148,-0.11981476680145148
363,315,1.539304170254781,0,0,0.06082431045357578,0.06082431045357578
366,315,1.2537267548777442,0,0,0.1276273750556175,0.1276273750556175
369,315,1.4531861997059647,0,0,0.0028901771181790714,0.0028901771181790714
371,315,1.5713098875669784,0,0,-0.049448539924609985,-0.049448539924609985
381,315,0.5845600243757062,0,0,0.029020422018685044,0.029020422018685044
394,315,1.4674861387654206,0,0,0.31278953033571766,0.31278953033571766
327,316,0.9568328184471311,46,-1,-0.28311817322869937,0.7168818267713006
348,316,0.8463996035932937,0,0,-0.14983721066547734,-0.14983721066547734
355,316,1.4776897726700282,46,-1,-0.12089571515800679,0.8791042848419932
356,316,1.100008062404489,0,0,0.13949011102087217,0.13949011102087217
360,316,0.5079114830287014,0,0,0.07137768426609736,0.07137768426609736
361,316,1.569046807222774,0,0,0.14409537771512843,0.14409537771512843
368,316,0.8842391260863172,0,0,0.14505588091986538,0.14505588091986538
378,316,0.8389599357524692,0,0,0.1656920749641368,0.1656920749641368
318,317,0.7458467644525074,0,0,-0.04145101648219596,-0.04145101648219596
330,317,1.450128272116473,1,1,0.23728994401389825,-0.7627100559861018
338,317,0.6070178584613828,0,0,-0.015477712802469679,-0.015477712802469679
363,317,1.1939846871861501,0,0,-0.005250401685873318,-0.005250401685873318
369,317,0.9461693075933539,0,0,-0.06318453502127003,-0.06318453502127003
372,317,0.869693818871777,0,0,-0.09177463200018249,-0.09177463200018249
379,317,0.7644930002195448,0,0,-0.007225882850124321,-0.007225882850124321
380,317,1.0163471181689612,0,0,-0.010035693184513916,-0.010035693184513916
383,317,0.6047743240830105,0,0,0.07249744282055881,0.07249744282055881
386,317,1.0662327241833898,0,0,-0.11133003344486628,-0.11133003344486628
389,317,0.48697937015573906,0,0,-0.06140125270827643,-0.06140125270827643
391,317,1.4282359503578128,0,0,0.11134616930423863,0.11134616930423863
393,317,0.28719896518058385,0,0,0.005363704590884366,0.005363704590884366
338,318,1.2125721223377166,0,0,0.02597330367972628,0.02597330367972628
354,318,1.5325412870111266,0,0,-0.18833186411462755,-0.18833186411462755
359,318,1.3362154914520397,0,0,-0.1687098086890458,-0.1687098086890458
365,318,1.4434269188411437,0,0,0.1381214816552322,0.1381214816552322
369,318,1.285658910025284,0,0,-0.02173351853907407,-0.02173351853907407
372,318,0.6430985927181312,0,0,-0.05032361551798653,-0.05032361551798653
379,318,0.17792351756163352,0,0,0.034225133632071636,0.034225133632071636
380,318,0.2993683973263829,0,0,0.03141532329768204,0.03141532329768204
383,318,0.911368054929257,0,0,0.11394845930275477,0.11394845930275477
386,318,0.6194090734892842,0,0,-0.06987901696267032,-0.06987901696267032
389,318,0.4764830682154406,0,0,-0.01995023622608047,-0.01995023622608047
391,318,0.9627246723343081,0,0,0.1527971857864346,0.1527971857864346
393,318,1.0055137974188875,0,0,0.04681472107308032,0.04681472107308032
323,319,1.2161143664398442,0,0,0.05734009752569502,0.05734009752569502
341,319,1.008207991350002,0,0,-0.017242837394392446,-0.017242837394392446
351,319,1.1889494164512846,0,0,-0.018112490647819945,-0.018112490647819945
352,319,0.8238225320248419,0,0,0.08041738289617745,0.08041738289617745
362,319,1.461193906611532,46,-1,-0.27625958785505755,0.7237404121449424
382,319,1.1603315214651893,0,0,-0.07113260775380142,-0.07113260775380142
333,320,0.992700966235907,1,1,0.05491468841458402,-0.945085311585416
345,320,1.4374843480031985,0,0,-0.11624657307363329,-0.11624657307363329
346,320,0.9696596637371314,1,1,0.10226178827064403,-0.897738211729356
349,320,0.8951858583673308,0,0,-0.20237792559814227,-0.20237792559814227
350,320,0.6558966567500194,1,1,0.09069309563695238,-0.9093069043630476
364,320,1.0662881692767479,1,1,0.16161437229513353,-0.8383856277048665
375,320,0.9038802924015265,1,1,0.11784141455022346,-0.8821585854497765
377,320,0.9725563972051825,0,0,-0.11907868806605681,-0.11907868806605681
399,320,1.198829102328993,1,1,0.1733185463378374,-0.8266814536621626
400,320,0.8980385318490133,0,0,-0.19173644208300544,-0.19173644208300544
322,321,1.2980688210358435,0,0,-0.0033756310086725423,-0.0033756310086725423
324,321,1.1881312202145278,0,0,0.045205414702188584,0.045205414702188584
325,321,1.2190996305091795,0,0,0.030744383970452913,0.030744383970452913
328,321,0.4125074791920071,0,0,-0.05002176292360855,-0.05002176292360855
334,321,0.8301254901673416,0,0,0.027685996986335004,0.027685996986335004
335,321,1.315289835676195,0,0,0.06509726303709051,0.06509726303709051
339,321,1.2677920441547306,0,0,-0.16753339627266678,-0.16753339627266678
346,321,1.3387276157796961,0,0,-0.12835808886363662,-0.12835808886363662
350,321,1.5733900904553635,0,0,-0.13992678149732823,-0.13992678149732823
354,321,0.43133022762158174,0,0,0.032511371766689404,0.032511371766689404
359,321,0.5049787578901438,0,0,0.05213342719227114,0.05213342719227114
364,321,1.314983907556019,0,0,-0.06900550483914704,-0.06900550483914704
370,321,1.472295225983135,0,0,-0.00847482781477538,-0.00847482781477538
372,321,1.4673113011039285,0,0,0.1705196203633304,0.1705196203633304
373,321,0.16542318419880792,0,0,0.002423854438934659,0.002423854438934659
384,321,0.8949456209125567,0,0,0.028986323365579388,0.028986323365579388
385,321,1.2637527384448917,0,0,0.03711276926011098,0.03711276926011098
386,321,1.2956329882354476,0,0,0.15096421891864664,0.15096421891864664
390,321,0.963246573464102,0,0,0.007523607809650168,0.007523607809650168
399,321,1.3836708479681217,0,0,-0.057301330796443194,-0.057301330796443194
326,322,1.4233814161579643,0,0,-0.0969017859312805,-0.0969017859312805
328,322,1.4187257142154757,0,0,-0.046646131914936,-0.046646131914936
333,322,1.3231787866225078,0,0,-0.17232955771102404,-0.17232955771102404
334,322,0.7100781598194896,0,0,0.031061627995007546,0.031061627995007546
335,322,1.0267555722703225,0,0,0.06847289404576305,0.06847289404576305
346,322,1.4845332978356884,0,0,-0.12498245785496408,-0.12498245785496408
350,322,1.2503580849623097,0,0,-0.13655115048865568,-0.13655115048865568
353,322,0.9786175992049269,0,0,0.02059845947806493,0.02059845947806493
354,322,1.2557674098138785,0,0,0.03588700277536194,0.03588700277536194
358,322,1.1585959392566554,0,0,0.05518471430037632,0.05518471430037632
359,322,1.497065599720631,0,0,0.05550905820094368,0.05550905820094368
364,322,1.024153901516103,0,0,-0.0656298738304745,-0.0656298738304745
370,322,0.24883791706368985,0,0,-0.0050991968061028375,-0.0050991968061028375
373,322,1.2810852434854783,0,0,0.005799485447607201,0.005799485447607201
374,322,0.7318341079290098,0,0,-0.026044748701048823,-0.026044748701048823
375,322,1.0544136178934895,0,0,-0.10940283157538465,-0.10940283157538465
384,322,0.7818032515365151,0,0,0.03236195437425193,0.03236195437425193
385,322,0.6631640970635195,0,0,0.04048840026878352,0.04048840026878352
388,322,1.1995224730699532,0,0,0.02935426350200328,0.02935426350200328
390,322,0.36714789526159863,0,0,0.01089923881832271,0.01089923881832271
399,322,0.6853351766844323,0,0,-0.05392569978777065,-0.05392569978777065
324,323,1.3062970879362308,0,0,0.17250061012379786,0.17250061012379786
325,323,1.1327547157863596,0,0,0.15803957939206217,0.15803957939206217
342,323,0.4395831173620995,0,0,-0.010312826090515329,-0.010312826090515329
352,323,0.5940853999243976,0,0,0.023077285370482425,0.023077285370482425
325,324,0.18945253101034934,0,0,-0.014461030731735672,-0.014461030731735672
328,324,1.4767006755978014,0,0,-0.09522717762579713,-0.09522717762579713
336,324,1.561179252627622,0,0,0.20221372969980167,0.20221372969980167
338,324,1.3724250516733185,0,0,0.20161112485885463,0.20161112485885463
342,324,1.2816810172455368,0,0,-0.18281343621431317,-0.18281343621431317
352,324,1.4745864775556905,0,0,-0.14942332475331543,-0.14942332475331543
354,324,1.1185534587989423,0,0,-0.01269404293549918,-0.01269404293549918
359,324,0.9858598978554561,0,0,0.006928012490082555,0.006928012490082555
363,324,1.5488611224099478,0,0,0.211838435975451,0.211838435975451
369,324,1.0387572384736465,0,0,0.15390430264005428,0.15390430264005428
372,324,1.256484318175308,0,0,0.12531420566114182,0.12531420566114182
373,324,1.0818019616681653,0,0,-0.04278156026325393,-0.04278156026325393
381,324,1.4463304726914745,0,0,0.18003454754056025,0.18003454754056025
386,324,1.3334419738557908,0,0,0.10575880421645804,0.10575880421645804
389,324,1.411665976884572,0,0,0.1556875849530479,0.1556875849530479
328,325,1.4829984270076537,0,0,-0.08076614689406146,-0.08076614689406146
338,325,1.529910403899873,0,0,0.21607215559059031,0.21607215559059031
342,325,1.1235185650198738,0,0,-0.16835240548257752,-0.16835240548257752
352,325,1.3078913983995106,0,0,-0.13496229402157975,-0.13496229402157975
354,325,1.194385200098207,0,0,0.001766987796236491,0.001766987796236491
359,325,1.088032180242997,0,0,0.021389043221818227,0.021389043221818227
369,325,1.2086626637099402,0,0,0.16836533337178997,0.16836533337178997
372,325,1.442677444929533,0,0,0.1397752363928775,0.1397752363928775
373,325,1.1012380080512165,0,0,-0.028320529531518254,-0.028320529531518254
381,325,1.5071528236020482,0,0,0.19449557827229594,0.19449557827229594
386,325,1.5089528348277024,0,0,0.12021983494819372,0.12021983494819372
389,325,1.5930648153481841,0,0,0.17014861568478357,0.17014861568478357
353,326,1.145019784856946,0,0,0.11750024540934542,0.11750024540934542
358,326,1.5857342327634805,0,0,0.15208650023165682,0.15208650023165682
370,326,1.2135205102696782,0,0,0.09180258912517766,0.09180258912517766
374,326,0.7207570231512276,0,0,0.07085703723023168,0.07085703723023168
388,326,1.4108102754327256,0,0,0.12625604943328378,0.12625604943328378
332,327,1.1990221048168155,0,0,-0.09789323891850918,-0.09789323891850918
340,327,1.2440417634429095,0,0,-0.1929435124755498,-0.1929435124755498
348,327,0.774803723429081,1,1,0.13328096256322208,-0.8667190374367779
355,327,1.3891486448981083,0,0,0.1622224580706927,0.1622224580706927
360,327,1.2476109436708793,1,1,0.35449585749479673,-0.6455041425052033
371,327,1.4692003110242642,0,0,-0.13885188496670622,-0.13885188496670622
376,327,1.5168087351269781,0,0,-0.11362073119678975,-0.11362073119678975
378,327,1.5913091810380655,1,1,0.4488102481928362,-0.5511897518071638
392,327,1.329495919546758,0,0,-0.21685032583908997,-0.21685032583908997
397,327,1.3001833309396678,0,0,-0.2008930312649934,-0.2008930312649934
334,328,1.0970569872607978,0,0,0.07770775990994355,0.07770775990994355
339,328,0.955838169433944,0,0,-0.11751163334905822,-0.11751163334905822
346,328,1.1035789568036556,0,0,-0.07833632594002807,-0.07833632594002807
347,328,1.4909078141167154,0,0,-0.2156336803829974,-0.2156336803829974
350,328,1.4188701852935752,0,0,-0.08990501857371967,-0.08990501857371967
354,328,0.829962287170472,0,0,0.08253313469029795,0.08253313469029795
359,328,0.8831122260459139,0,0,0.10215519011587969,0.10215519011587969
364,328,1.1416378467603652,0,0,-0.018983741915538494,-0.018983741915538494
367,328,1.523828286078575,0,0,-0.27378205632411945,-0.27378205632411945
373,328,0.5306354529307611,0,0,0.052445617362543204,0.052445617362543204
384,328,1.2005661419481366,0,0,0.07900808628918793,0.07900808628918793
385,328,1.552434211821282,0,0,0.08713453218371953,0.08713453218371953
386,328,1.5946709243082104,0,0,0.20098598184225516,0.20098598184225516
390,328,1.133464625328719,0,0,0.057545370733258716,0.057545370733258716
399,328,1.3135444967610403,0,0,-0.007279567872834649,-0.007279567872834649
362,329,1.4316375627293687,0,0,0.248258965630534,0.248258965630534
366,329,0.40463906984138287,0,0,0.0330007617125771,0.0330007617125771
371,329,1.2462527381574193,0,0,-0.14407515326765039,-0.14407515326765039
376,329,1.1016199331984482,0,0,-0.11884399949773392,-0.11884399949773392
347,330,0.8949021425288692,0,0,0.23476036031598285,0.23476036031598285
379,330,1.5983360606934056,46,-1,-0.24451582686402262,0.7554841731359774
383,330,0.9466738202269038,46,-1,-0.16479250119333955,0.8352074988066605
393,330,1.4219008894790535,46,-1,-0.23192623942301394,0.7680737605769861
341,331,1.4335774423041983,0,0,-0.0699753480365524,-0.0699753480365524
343,331,0.6939526315046763,0,0,0.015160865639843368,0.015160865639843368
351,331,1.2502635287148192,0,0,-0.0708450012899799,-0.0708450012899799
356,331,1.3303637134551145,0,0,-0.15986604817912403,-0.15986604817912403
361,331,1.224798964226551,0,0,-0.15526078148486777,-0.15526078148486777
368,331,1.2338918421935552,0,0,-0.15430027828013082,-0.15430027828013082
378,331,1.1969046345245462,0,0,-0.1336640842358594,-0.1336640842358594
382,331,1.566170580614522,0,0,-0.12386511839596138,-0.12386511839596138
387,331,1.5029173816212096,0,0,0.15486614031181728,0.15486614031181728
395,331,1.1896290140688641,0,0,0.12105156007599571,0.12105156007599571
348,332,1.2574657343816955,1,1,0.2311742014817313,-0.7688257985182687
353,332,1.4958064658611931,0,0,-0.17050681787825847,-0.17050681787825847
355,332,1.169563378948863,0,0,0.2601156969892019,0.2601156969892019
357,332,0.9674442786068621,0,0,0.1489547243475289,0.1489547243475289
358,332,1.1399845812629374,0,0,-0.13592056305594707,-0.13592056305594707
388,332,1.4730232914999055,0,0,-0.1617510138543201,-0.1617510138543201
392,332,1.4189013637085044,0,0,-0.11895708692058078,-0.11895708692058078
396,332,1.4768364374906577,1,1,0.30306302236879734,-0.6969369776312027
397,332,1.51388547829096,0,0,-0.10299979234648421,-0.10299979234648421
345,333,0.7959576640086089,46,-1,-0.1711612614882173,0.8288387385117827
346,333,1.5492450191629654,0,0,0.04734709985605996,0.04734709985605996
349,333,1.2395914754597437,46,-1,-0.2572926140127263,0.7427073859872737
350,333,1.0412448826772633,0,0,0.03577840722236836,0.03577840722236836
364,333,1.2319946835372573,0,0,0.10669968388054954,0.10669968388054954
370,333,1.4158200662220943,0,0,0.1672303609049212,0.1672303609049212
374,333,1.5634947167028175,0,0,0.1462848090099752,0.1462848090099752
375,333,0.5380955026440006,0,0,0.06292672613563939,0.06292672613563939
377,333,0.8090277348718541,46,-1,-0.17399337648064084,0.8260066235193592
390,333,1.5133340346589255,0,0,0.18322879652934676,0.18322879652934676
399,333,1.0227973957519385,0,0,0.11840385792325339,0.11840385792325339
400,333,1.4424785546122079,46,-1,-0.24665113049758947,0.7533488695024105
335,334,0.5764574386817692,0,0,0.03741126605075551,0.03741126605075551
346,334,1.4099149786156446,0,0,-0.15604408584997162,-0.15604408584997162
350,334,1.3726862233382129,0,0,-0.16761277848366324,-0.16761277848366324
353,334,1.284902728949775,0,0,-0.010463168516942616,-0.010463168516942616
354,334,0.6241294143758183,0,0,0.0048253747803543995,0.0048253747803543995
358,334,1.162091720178471,0,0,0.024123086305368774,0.024123086305368774
359,334,0.8506942204262292,0,0,0.024447430205936135,0.024447430205936135
364,334,1.2019043815473476,0,0,-0.09669150182548204,-0.09669150182548204
370,334,0.8578681568663881,0,0,-0.03616082480111038,-0.03616082480111038
373,334,0.8270517992810034,0,0,-0.025262142547400345,-0.025262142547400345
374,334,1.3527758291624183,0,0,-0.057106376696056366,-0.057106376696056366
375,334,1.4677106636416377,0,0,-0.1404644595703922,-0.1404644595703922
384,334,0.15581582158957352,0,0,0.0013003263792443834,0.0013003263792443834
385,334,0.5175431384454136,0,0,0.009426772273775974,0.009426772273775974
386,334,1.4337974278680339,0,0,0.12327822193231162,0.12327822193231162
388,334,1.3626635965934746,0,0,-0.0017073644930042653,-0.0017073644930042653
390,334,0.36884130533408244,0,0,-0.020162389176684836,-0.020162389176684836
399,334,1.0529868062434715,0,0,-0.0849873277827782,-0.0849873277827782
353,335,1.2958176156942296,0,0,-0.047874434567698125,-0.047874434567698125
354,335,0.9679650833216403,0,0,-0.03258589127040111,-0.03258589127040111
358,335,0.9378458596252456,0,0,-0.013288179745386736,-0.013288179745386736
359,335,1.1287163451101068,0,0,-0.012963835844819374,-0.012963835844819374
370,335,1.0737495895354912,0,0,-0.07357209085186589,-0.07357209085186589
373,335,1.2964126870700865,0,0,-0.06267340859815586,-0.06267340859815586
374,335,1.4810174661046691,0,0,-0.09451764274681188,-0.09451764274681188
384,335,0.4652176386590504,0,0,-0.036110939671511126,-0.036110939671511126
385,335,0.49138482749783174,0,0,-0.027984493776979535,-0.027984493776979535
386,335,1.4145396367478116,0,0,0.08586695588155611,0.08586695588155611
388,335,1.3291913709379506,0,0,-0.039118630543759775,-0.039118630543759775
390,335,0.8275486700390267,0,0,-0.057573655227440346,-0.057573655227440346
392,335,1.5836201200364393,0,0,0.003675296389979571,0.003675296389979571
399,335,1.4712086975956435,0,0,-0.12239859383353371,-0.12239859383353371
338,336,1.5511551142693283,0,0,-0.0006026048409470408,-0.0006026048409470408
363,336,1.1147557157168275,0,0,0.00962470627564932,0.00962470627564932
366,336,1.5890520322575146,0,0,0.07642777087769104,0.07642777087769104
369,336,1.2852099683738418,0,0,-0.04830942705974739,-0.04830942705974739
381,336,0.18760907316157224,0,0,-0.022179182159241417,-0.022179182159241417
394,336,1.4342958963388608,0,0,0.2615899261577912,0.2615899261577912
349,337,1.1104595464330889,0,0,0.16414836731124355,0.16414836731124355
365,337,0.22178649161555042,0,0,-0.04388911241978444,-0.04388911241978444
380,337,1.3719845834636168,0,0,-0.1505952707773346,-0.1505952707773346
391,337,1.4941619589882402,0,0,-0.029213408288582043,-0.029213408288582043
400,337,0.9682574280984532,0,0,0.17478985082638038,0.17478985082638038
363,338,0.6202695287126605,0,0,0.01022731111659636,0.01022731111659636
369,338,0.5146823821127942,0,0,-0.04770682221880035,-0.04770682221880035
372,338,0.9823136952812593,0,0,-0.07629691919771281,-0.07629691919771281
379,338,1.2797269087992602,0,0,0.008251829952345358,0.008251829952345358
380,338,1.5084414044810648,0,0,0.005442019617955762,0.005442019617955762
381,338,1.3821203162033222,0,0,-0.021576577318294377,-0.021576577318294377
383,338,1.0614375544512387,0,0,0.08797515562302849,0.08797515562302849
386,338,1.2494288025957803,0,0,-0.0958523206423966,-0.0958523206423966
389,338,0.7671821224655173,0,0,-0.04592353990580675,-0.04592353990580675
393,338,0.37836221692412086,0,0,0.020841417393354045,0.020841417393354045
346,339,1.110372898220279,0,0,0.03917530740903015,0.03917530740903015
347,339,1.0084421897582552,0,0,-0.09812204703393917,-0.09812204703393917
354,339,1.5899478991713487,0,0,0.20004476803935617,0.20004476803935617
359,339,1.5443454105265464,0,0,0.2196668234649379,0.2196668234649379
364,339,1.5241366213960053,0,0,0.09852789143351973,0.09852789143351973
367,339,0.6447739118024904,0,0,-0.15627042297506122,-0.15627042297506122
373,339,1.4153478865072495,0,0,0.16995725071160142,0.16995725071160142
344,340,0.4269683371290248,0,0,-0.016274599367997925,-0.016274599367997925
353,340,1.4716551298816882,0,0,-0.07545654432121787,-0.07545654432121787
358,340,1.2586687086334043,0,0,-0.040870289498906476,-0.040870289498906476
371,340,0.6615352013585953,0,0,0.05409162750884357,0.05409162750884357
376,340,0.8512531006633622,0,0,0.07932278127876004,0.07932278127876004
387,340,0.8189218943092705,0,0,-0.06971601478393728,-0.06971601478393728
388,340,1.173936235179304,0,0,-0.06670074029727951,-0.06670074029727951
392,340,0.4414474490066064,0,0,-0.02390681336354017,-0.02390681336354017
395,340,1.0471626443214628,0,0,-0.10353059501975886,-0.10353059501975886
397,340,0.3016370020997065,0,0,-0.007949518789443596,-0.007949518789443596
351,341,0.21191478001794475,0,0,-0.0008696532534274992,-0.0008696532534274992
352,341,1.553488726595319,0,0,0.0976602202905699,0.0976602202905699
361,341,1.5589042255119945,0,0,-0.08528543344831538,-0.08528543344831538
382,341,0.29233266826647425,0,0,-0.05388977035940898,-0.05388977035940898
398,341,0.9571201588916445,0,0,-0.12663005804294222,-0.12663005804294222
352,342,1.0273657985970903,0,0,0.033390111460997754,0.033390111460997754
360,343,1.4134047442538797,0,0,-0.2431393405737422,-0.2431393405737422
368,343,1.4357571579741308,0,0,-0.1694611439199742,-0.1694611439199742
378,343,1.0251346860490653,0,0,-0.14882494987570277,-0.14882494987570277
387,343,1.5420305703644155,0,0,0.1397052746719739,0.1397052746719739
395,343,1.103311295616074,0,0,0.10589069443615234,0.10589069443615234
353,344,1.5439540144712274,0,0,-0.05918194495321994,-0.05918194495321994
358,344,1.358751243454231,0,0,-0.02459569013090855,-0.02459569013090855
371,344,0.6991015549095715,0,0,0.07036622687684149,0.07036622687684149
376,344,0.9143567997733176,0,0,0.09559738064675796,0.09559738064675796
387,344,0.65604610029487,0,0,-0.05344141541593936,-0.05344141541593936
388,344,1.237163698432145,0,0,-0.05042614092928159,-0.05042614092928159
392,344,0.6083731651659069,0,0,-0.007632213995542245,-0.007632213995542245
395,344,1.043291017646922,0,0,-0.08725599565176094,-0.08725599565176094
397,344,0.49023285725174204,0,0,0.008325080578554328,0.008325080578554328
349,345,1.1625487740449603,0,0,-0.08613135252450899,-0.08613135252450899
375,345,1.3134093082575307,1,1,0.23408798762385674,-0.7659120123761433
377,345,0.5780294127787438,0,0,-0.002832114992423529,-0.002832114992423529
396,345,1.254924173630911,1,1,-0.16234088107563793,-1.162340881075638
400,345,1.4462904493517872,0,0,-0.07548986900937216,-0.07548986900937216
349,346,1.5256578406270747,46,-1,-0.3046397138687863,0.6953602861312137
350,346,0.5142389552062838,0,0,-0.011568692633691605,-0.011568692633691605
354,346,1.5552544851762087,0,0,0.16086946063032603,0.16086946063032603
364,346,0.5765181183573622,0,0,0.05935258402448958,0.05935258402448958
367,346,1.3705049890767826,0,0,-0.19544573038409135,-0.19544573038409135
373,346,1.4782832007494804,0,0,0.13078194330257129,0.13078194330257129
375,346,1.1373941403933499,0,0,0.015579626279579428,0.015579626279579428
384,346,1.5608500776695542,0,0,0.157344412229216,0.157344412229216
390,346,1.344730255852862,0,0,0.13588169667328678,0.13588169667328678
399,346,0.93795299643725,0,0,0.07105675806719342,0.07105675806719342
400,346,1.4237573316201744,46,-1,-0.29399823035364947,0.7060017696463505
367,347,1.2508274317834047,0,0,-0.058148375941122044,-0.058148375941122044
383,347,1.5853997819218797,46,-1,-0.39955286150932234,0.6004471384906777
355,348,0.741649826745631,46,-1,0.028941495507470716,1.0289414955074707
360,348,0.8963906861121635,0,0,0.2212148949315747,0.2212148949315747
378,348,1.409213847823732,0,0,0.31552928562961413,0.31552928562961413
350,349,1.2855069823598522,1,1,0.29307102123509465,-0.7069289787649053
365,349,1.3063123418362566,0,0,-0.20803747973102799,-0.20803747973102799
375,349,1.420861190527857,1,1,0.3202193401483657,-0.6797806598516343
377,349,0.6274694139223977,0,0,0.08329923753208546,0.08329923753208546
400,349,0.2883047187780628,0,0,0.01064148351513683,0.01064148351513683
364,350,0.41560368982516244,0,0,0.07092127665818118,0.07092127665818118
370,350,1.47644195663149,0,0,0.13145195368255283,0.13145195368255283
375,350,0.6403823556844858,0,0,0.027148318913271033,0.027148318913271033
377,350,1.3566652402115351,46,-1,-0.2097717837030092,0.7902282162969908
384,350,1.5208722355376816,0,0,0.16891310486290761,0.16891310486290761
390,350,1.2258105380302327,0,0,0.1474503893069784,0.1474503893069784
399,350,0.6286624676794461,0,0,0.08262545070088503,0.08262545070088503
400,350,1.2780997722843654,46,-1,-0.2824295377199578,0.7175704622800422
361,351,1.4246484016708996,0,0,-0.08441578019488788,-0.08441578019488788
382,351,0.3884468505291115,0,0,-0.05302011710598148,-0.05302011710598148
398,351,0.9299507232493852,0,0,-0.12576040478951472,-0.12576040478951472
387,352,1.4564599290447238,0,0,0.1271812680577998,0.1271812680577998
358,353,0.5835492911464107,0,0,0.03458625482231139,0.03458625482231139
370,353,0.7585024876571079,0,0,-0.02569765628416777,-0.02569765628416777
374,353,0.6636934731547468,0,0,-0.04664320817911375,-0.04664320817911375
384,353,1.2276590379256986,0,0,0.011763494896186999,0.011763494896186999
385,353,0.8465548477429096,0,0,0.01988994079071859,0.01988994079071859
387,353,1.1515053133676179,0,0,0.005740529537280582,0.005740529537280582
388,353,0.30739249408342467,0,0,0.00875580402393835,0.00875580402393835
390,353,1.12907309464206,0,0,-0.00969922065974222,-0.00969922065974222
392,353,1.0966317125803047,0,0,0.051549730957677696,0.051549730957677696
395,353,1.013428236674025,0,0,-0.028074050698540996,-0.028074050698540996
397,353,1.284988681080698,0,0,0.06750702553177426,0.06750702553177426
358,354,1.512708863101185,0,0,0.019297711525014374,0.019297711525014374
359,354,0.24249914885213905,0,0,0.019622055425581736,0.019622055425581736
364,354,1.5082839432328534,0,0,-0.10151687660583644,-0.10151687660583644
370,354,1.3973065901265989,0,0,-0.04098619958146478,-0.04098619958146478
372,354,1.1976571753300822,0,0,0.13800824859664101,0.13800824859664101
373,354,0.40873111741629115,0,0,-0.030087517327754745,-0.030087517327754745
380,354,1.5728739149259912,0,0,0.21974718741230959,0.21974718741230959
384,354,0.622083003249918,0,0,-0.003525048401110016,-0.003525048401110016
385,354,1.010460786700011,0,0,0.0046013974934215746,0.0046013974934215746
386,354,1.0145718672857549,0,0,0.11845284715195722,0.11845284715195722
389,354,1.4696267690262395,0,0,0.16838162788854708,0.16838162788854708
390,354,0.8957101017071615,0,0,-0.024987763957039236,-0.024987763957039236
399,354,1.4940766400381547,0,0,-0.08981270256313259,-0.08981270256313259
357,355,1.5642413895422909,0,0,-0.11116097264167296,-0.11116097264167296
360,355,1.287304693144963,1,1,0.19227339942410415,-0.8077266005758958
360,356,1.267125222216325,0,0,-0.0681124267547748,-0.0681124267547748
361,356,0.542014796985848,0,0,0.00460526669425626,0.00460526669425626
368,356,0.2866281897751453,0,0,0.005565769898993211,0.005565769898993211
378,356,0.9849728546450579,0,0,0.026201963943264628,0.026201963943264628
398,356,1.484039628226773,0,0,-0.036739357900370584,-0.036739357900370584
396,357,0.6849903635645137,1,1,0.15410829802126846,-0.8458917019787315
370,358,1.0033273761845396,0,0,-0.060283911106479154,-0.060283911106479154
374,358,1.1051511961840934,0,0,-0.08122946300142514,-0.08122946300142514
384,358,1.0476553192729248,0,0,-0.02282275992612439,-0.02282275992612439
385,358,0.6647838739706604,0,0,-0.0146963140315928,-0.0146963140315928
387,358,1.2259390316738785,0,0,-0.028845725285030807,-0.028845725285030807
388,358,0.5059382799571441,0,0,-0.02583045079837304,-0.02583045079837304
390,358,1.1746570687176079,0,0,-0.04428547548205361,-0.04428547548205361
392,358,0.821730824288519,0,0,0.016963476135366307,0.016963476135366307
395,358,1.2702868734683743,0,0,-0.06266030552085239,-0.06266030552085239
397,358,0.9964003498372584,0,0,0.03292077070946288,0.03292077070946288
369,359,1.435288201258799,0,0,0.14697629014997174,0.14697629014997174
372,359,0.9936769303816891,0,0,0.11838619317105928,0.11838619317105928
373,359,0.4994096451298448,0,0,-0.049709572753336484,-0.049709572753336484
379,359,1.4249128824356108,0,0,0.20293494232111745,0.20293494232111745
380,359,1.404454056239538,0,0,0.20012513198672785,0.20012513198672785
384,359,0.839869295192326,0,0,-0.023147103826691752,-0.023147103826691752
385,359,1.2274521767289401,0,0,-0.015020657932160161,-0.015020657932160161
386,359,0.8309878298001274,0,0,0.09883079172637549,0.09883079172637549
389,359,1.2428201770694072,0,0,0.14875957246296534,0.14875957246296534
390,359,1.135251927841382,0,0,-0.04460981938262097,-0.04460981938262097
368,360,0.9947341616040025,0,0,0.07367819665376801,0.07367819665376801
378,360,0.5450220204211121,0,0,0.09431439069803943,0.09431439069803943
368,361,0.7543682648648883,0,0,0.0009605032047369511,0.0009605032047369511
378,361,1.3806562207240751,0,0,0.021596697249008368,0.021596697249008368
382,361,1.4557850852765457,0,0,0.0313956630889064,0.0313956630889064
398,361,0.9542129944201435,0,0,-0.041344624594626844,-0.041344624594626844
366,362,1.0424019974096106,0,0,-0.21525820391795691,-0.21525820391795691
394,362,0.6377817544540367,0,0,-0.030096048637856754,-0.030096048637856754
369,363,0.7809490345786163,0,0,-0.05793413333539671,-0.05793413333539671
372,363,1.5114733896107166,0,0,-0.08652423031430917,-0.08652423031430917
381,363,0.9814387669082668,0,0,-0.03180388843489074,-0.03180388843489074
389,363,1.3711734944648786,0,0,-0.05615085102240311,-0.05615085102240311
393,363,0.9340911441743616,0,0,0.010614106276757684,0.010614106276757684
370,364,1.2547613220797698,0,0,0.06053067702437166,0.06053067702437166
373,364,1.4064639397593264,0,0,0.0714293592780817,0.0714293592780817
375,364,0.7277145110734684,0,0,-0.04377295774491015,-0.04377295774491015
384,364,1.3555562512872514,0,0,0.09799182820472643,0.09799182820472643
385,364,1.53102465734891,0,0,0.10611827409925802,0.10611827409925802
390,364,0.9969220438742113,0,0,0.0765291126487972,0.0765291126487972
399,364,0.3989725684933774,0,0,0.011704174042703845,0.011704174042703845
379,365,1.4362278601508793,0,0,-0.10389634802316056,-0.10389634802316056
380,365,1.1709318620933638,0,0,-0.10670615835755015,-0.10670615835755015
386,365,1.5413410330153423,0,0,-0.2080004986179025,-0.2080004986179025
391,365,1.2860714633746577,0,0,0.014675704131202394,0.014675704131202394
400,365,1.1410620229840722,0,0,0.21867896324616481,0.21867896324616481
371,366,1.551766127686462,0,0,-0.17707591498022748,-0.17707591498022748
376,366,1.4402489586177267,0,0,-0.151844761210311,-0.151844761210311
394,366,1.3294588870657984,0,0,0.18516215528010016,0.18516215528010016
391,367,1.2582487114802905,46,-1,-0.3025557590845205,0.6974442409154795
378,368,0.7094773501763392,0,0,0.020636194044271416,0.020636194044271416
372,369,0.8002030353308572,0,0,-0.02859009697891246,-0.02859009697891246
379,369,1.4053490834671576,0,0,0.055958652171145706,0.055958652171145706
380,369,1.573397136448582,0,0,0.05314884183675611,0.05314884183675611
381,369,1.1019518424875225,0,0,0.026130244900505972,0.026130244900505972
383,369,1.4348548723358039,0,0,0.13568197784182884,0.13568197784182884
386,369,1.0699815846898217,0,0,-0.04814549842359625,-0.04814549842359625
389,369,0.8212522678740733,0,0,0.0017832823129936004,0.0017832823129936004
393,369,0.8271866814556792,0,0,0.0685482396121544,0.0685482396121544
373,370,1.4332444568435114,0,0,0.010898682253710039,0.010898682253710039
374,370,0.5070219152123059,0,0,-0.020945551894945985,-0.020945551894945985
375,370,1.2056851470958587,0,0,-0.10430363476928181,-0.10430363476928181
384,370,0.8910986392854295,0,0,0.03746115118035477,0.03746115118035477
385,370,0.6472690937388442,0,0,0.045587597074886355,0.045587597074886355
388,370,1.0070400768953625,0,0,0.034453460308106115,0.034453460308106115
390,370,0.555931186166661,0,0,0.015998435624425548,0.015998435624425548
399,370,0.8966033813912598,0,0,-0.04882650298166781,-0.04882650298166781
376,371,0.3030319170985951,0,0,0.02523115376991647,0.02523115376991647
387,371,1.3191212775788639,0,0,-0.12380764229278085,-0.12380764229278085
392,371,1.026092417508861,0,0,-0.07799844087238374,-0.07799844087238374
397,371,0.837695824642024,0,0,-0.062041146298287164,-0.062041146298287164
373,372,1.4756030183522912,0,0,-0.16809576592439576,-0.16809576592439576
379,372,0.8024732900007314,0,0,0.08454874915005817,0.08454874915005817
380,372,0.8733910816623256,0,0,0.08173893881566857,0.08173893881566857
383,372,1.2581111799437124,0,0,0.1642720748207413,0.1642720748207413
386,372,0.290849153952392,0,0,-0.01955540144468379,-0.01955540144468379
389,372,0.4028024332500661,0,0,0.03037337929190606,0.03037337929190606
391,372,1.5622496341397254,0,0,0.20312080130442112,0.20312080130442112
393,372,0.9951833167291545,0,0,0.09713833659106685,0.09713833659106685
384,373,0.8714018241592715,0,0,0.02656246892664473,0.02656246892664473
385,373,1.210010518946841,0,0,0.03468891482117632,0.03468891482117632
386,373,1.3234808697663911,0,0,0.14854036447971197,0.14854036447971197
390,373,0.9542718189169133,0,0,0.005099753370715509,0.005099753370715509
399,373,1.4389029148644357,0,0,-0.059725185235377856,-0.059725185235377856
375,374,1.4310011273160375,0,0,-0.08335808287433583,-0.08335808287433583
384,374,1.3658235661100508,0,0,0.05840670307530075,0.05840670307530075
385,374,1.0393591481982447,0,0,0.06653314896983234,0.06653314896983234
388,374,0.969735203549554,0,0,0.0553990122030521,0.0553990122030521
390,374,1.059458801153037,0,0,0.03694398751937153,0.03694398751937153
395,374,1.5462598303616382,0,0,0.018569157480572758,0.018569157480572758
399,374,1.24247264513786,0,0,-0.02788095108672183,-0.02788095108672183
377,375,1.196862514853216,46,-1,-0.23692010261628027,0.7630798973837197
384,375,1.5927104367718103,0,0,0.14176478594963657,0.14176478594963657
390,375,1.2166349085818042,0,0,0.12030207039370736,0.12030207039370736
399,375,0.548009785305827,0,0,0.055477131787613994,0.055477131787613994
400,375,1.5381083456610007,46,-1,-0.3095778566332289,0.6904221433667711
387,376,1.4795578457544536,0,0,-0.14903879606269732,-0.14903879606269732
392,376,1.262638490044034,0,0,-0.10322959464230021,-0.10322959464230021
397,376,1.0814277803462824,0,0,-0.08727230006820363,-0.08727230006820363
399,377,1.5921328550713851,1,1,0.2923972344038942,-0.7076027655961058
400,377,0.9001369379613089,0,0,-0.07265775401694863,-0.07265775401694863
380,379,0.2685251462268967,0,0,-0.0028098103343895953,-0.0028098103343895953
383,379,0.8097604004646762,0,0,0.07972332567068313,0.07972332567068313
386,379,0.7693675389635524,0,0,-0.10410415059474196,-0.10410415059474196
389,379,0.5842509443026624,0,0,-0.054175369858152106,-0.054175369858152106
391,379,0.802795617821609,0,0,0.11857205215436295,0.11857205215436295
393,379,1.0312821551056748,0,0,0.012589587441008687,0.012589587441008687
383,380,1.0636874962400689,0,0,0.08253313600507273,0.08253313600507273
386,380,0.7601935244522291,0,0,-0.10129434026035236,-0.10129434026035236
389,380,0.7694000632061713,0,0,-0.05136555952376251,-0.05136555952376251
391,380,0.7560745701532537,0,0,0.12138186248875255,0.12138186248875255
393,380,1.2841961208541923,0,0,0.015399397775398282,0.015399397775398282
398,382,0.7158016893446016,0,0,-0.07274028768353324,-0.07274028768353324
386,383,1.3523756421031041,0,0,-0.1838274762654251,-0.1838274762654251
389,383,0.8690045535278972,0,0,-0.13389869552883524,-0.13389869552883524
391,383,1.1195143425825111,0,0,0.03884872648367982,0.03884872648367982
393,383,0.7172886365669177,0,0,-0.06713373822967444,-0.06713373822967444
385,384,0.4325302426622521,0,0,0.00812644589453159,0.00812644589453159
386,384,1.3859029814394805,0,0,0.12197789555306723,0.12197789555306723
388,384,1.2787502684322798,0,0,-0.0030076908722486487,-0.0030076908722486487
390,384,0.471102183195348,0,0,-0.02146271555592922,-0.02146271555592922
399,384,1.1915524709854932,0,0,-0.08628765416202258,-0.08628765416202258
388,385,0.92485065843969,0,0,-0.01113413676678024,-0.01113413676678024
390,385,0.5560530672615881,0,0,-0.02958916145046081,-0.02958916145046081
392,385,1.3857233163503508,0,0,0.031659790166959106,0.031659790166959106
397,385,1.5433884862944256,0,0,0.04761708474105568,0.04761708474105568
399,385,1.263483277661585,0,0,-0.09441410005655418,-0.09441410005655418
389,386,0.5823213162399695,0,0,0.04992878073658985,0.04992878073658985
391,386,1.4450736647886218,0,0,0.2226762027491049,0.2226762027491049
393,386,1.2251668048924305,0,0,0.11669373803575064,0.11669373803575064
388,387,0.8808700138325158,0,0,0.003015274486657768,0.003015274486657768
392,387,0.7713216907132541,0,0,0.045809201420397114,0.045809201420397114
395,387,0.46615333479130083,0,0,-0.03381458023582158,-0.03381458023582158
397,387,0.8192313962046727,0,0,0.061766495994493686,0.061766495994493686
390,388,1.2752007440275086,0,0,-0.01845502468368057,-0.01845502468368057
392,388,0.8051941425667761,0,0,0.042793926933739346,0.042793926933739346
395,388,0.8127262319905467,0,0,-0.03682985472247935,-0.03682985472247935
397,388,0.9904635007405624,0,0,0.05875122150783592,0.05875122150783592
391,389,1.3591079733256366,0,0,0.17274742201251506,0.17274742201251506
393,389,0.6543147757766252,0,0,0.0667649572991608,0.0667649572991608
399,390,0.7714616236697648,0,0,-0.06482493860609337,-0.06482493860609337
395,392,0.9770037330221163,0,0,-0.0796237816562187,-0.0796237816562187
397,392,0.19011214996153386,0,0,0.015957294574096573,0.015957294574096573
397,395,1.0706687319988424,0,0,0.09558107623031527,0.09558107623031527
