tail,head,length,field_residue,integer_lift,harmonic,df
4,1,1.314733782192064,0,0,-0.04529528982321664,-0.04529528982321664
23,1,0.5626701222206529,0,0,0.006895734195943718,0.006895734195943718
37,1,0.9499857739534836,0,0,0.054551759248238685,0.054551759248238685
44,1,0.3630422798915899,0,0,0.008659418433470782,0.008659418433470782
56,1,0.4657288446367026,0,0,0.03031159406141967,0.03031159406141967
59,1,1.319106321501192,0,0,0.044202527455855574,0.044202527455855574
73,1,1.451206744719031,46,-1,-0.22213408368190946,0.7778659163180905
89,1,1.1012346128179045,0,0,0.08081277283250923,0.08081277283250923
97,1,0.9295501370177544,0,0,0.03576985067595405,0.03576985067595405
106,1,1.2254151264655921,0,0,0.06254651734157621,0.06254651734157621
129,1,0.983613233371456,0,0,0.017093168292350386,0.017093168292350386
162,1,1.4017334025347867,0,0,0.01887394635270862,0.01887394635270862
176,1,0.5875336869205746,0,0,-0.012039634037152847,-0.012039634037152847
179,1,0.862889751221407,0,0,0.06105904521077506,0.06105904521077506
192,1,0.15361112180267045,0,0,0.005465380767968579,0.005465380767968579
200,1,1.2194713011851173,0,0,0.06440805532670742,0.06440805532670742
202,1,0.9247506531923421,0,0,0.0035904079320795306,0.0035904079320795306
211,1,0.9537973030068303,0,0,0.06317734563711236,0.06317734563711236
215,1,0.1126409921882324,0,0,-0.0006972963605716046,-0.0006972963605716046
243,1,1.0474139638991502,0,0,-0.01678355473836413,-0.01678355473836413
252,1,0.660324022046579,0,0,0.04173943368091626,0.04173943368091626
270,1,0.9967468480338478,0,0,-0.031155286700352683,-0.031155286700352683
275,1,1.3179251819694386,0,0,0.10084364780429142,0.10084364780429142
286,1,1.4474209699766216,0,0,0.10988708025192498,0.10988708025192498
289,1,1.4449063949963543,0,0,-0.15520060540935313,-0.15520060540935313
291,1,1.5638545904379457,46,-1,-0.23501137302265296,0.764988626977347
297,1,0.6194651888041899,0,0,-0.041064663117685474,-0.041064663117685474
302,1,1.4247560092661937,0,0,0.11656962772784696,0.11656962772784696
303,1,1.3514640748138984,0,0,-0.022251628598215726,-0.022251628598215726
320,1,1.310838881294749,46,-1,-0.17976768170204094,0.8202323182979591
322,1,0.9286196354645999,0,0,0.04007684027508547,0.04007684027508547
333,1,1.30008945760317,0,0,-0.12377948799123413,-0.12377948799123413
334,1,0.8961059450096724,0,0,0.0733737748080539,0.0733737748080539
335,1,1.339617450009224,0,0,0.11426275144614628,0.11426275144614628
346,1,1.184446217443249,0,0,-0.10524909685639922,-0.10524909685639922
350,1,0.7493133368334407,0,0,-0.09907896397457114,-0.09907896397457114
364,1,0.5597087189873139,0,0,-0.017481739438018742,-0.017481739438018742
370,1,1.3361673924616273,0,0,0.02645664026937016,0.02645664026937016
375,1,0.8275924397195278,0,0,-0.06075965466982139,-0.06075965466982139
384,1,0.9941574074519777,0,0,0.07987118327557015,0.07987118327557015
385,1,1.3091499433854503,0,0,0.07097267866570586,0.07097267866570586
390,1,0.5794303988604991,0,0,0.04466391756523347,0.04466391756523347
399,1,0.21646204096585125,0,0,-0.008385059413259968,-0.008385059413259968
4,2,1.2059228353589342,0,0,0.1524864135280602,0.1524864135280602
6,2,1.5345089034917627,0,0,0.21521998055471397,0.21521998055471397
9,2,0.26929337340840237,0,0,-0.020977924006221532,-0.020977924006221532
29,2,1.4070362200421107,46,-1,-0.2661586998726738,0.7338413001273262
45,2,1.4720588670439454,0,0,-0.10915082762375763,-0.10915082762375763
76,2,0.3383089170660294,0,0,-0.007017525405702163,-0.007017525405702163
107,2,1.0919389356037017,0,0,0.09562418394159497,0.09562418394159497
110,2,0.24300651029588138,0,0,-0.07450915466249622,-0.07450915466249622
119,2,1.0226193134990118,0,0,-0.01009374199252136,-0.01009374199252136
133,2,1.4996921193701076,46,-1,-0.05503756816031802,0.944962431839682
161,2,0.8957766643217431,46,-1,-0.14260180515618004,0.85739819484382
162,2,1.5242308959095896,0,0,0.21665564970398546,0.21665564970398546
171,2,0.6871289625349241,0,0,-0.18057772091894916,-0.18057772091894916
240,2,1.5600815147859377,0,0,0.18583685130091335,0.18583685130091335
243,2,1.527828243153153,0,0,0.18099814861291272,0.18099814861291272
244,2,0.7224784929931425,0,0,0.046878488344700875,0.046878488344700875
270,2,1.5630085720584204,0,0,0.16662641665092415,0.16662641665092415
276,2,1.494299450072367,0,0,-0.17263799575467284,-0.17263799575467284
289,2,1.5922053586270979,0,0,0.04258109794192372,0.04258109794192372
290,2,0.728783598055898,0,0,0.0415137019339723,0.0415137019339723
292,2,1.283259362827842,46,-1,-0.3100903825680419,0.6899096174319581
303,2,1.282338988610192,0,0,0.17553007475306112,0.17553007475306112
304,2,1.4105848788140662,0,0,-0.17263799575467334,-0.17263799575467334
312,2,1.0517228593964232,0,0,0.04654864440907319,0.04654864440907319
326,2,1.53765345085799,0,0,0.12468928005028736,0.12468928005028736
333,2,1.5179030426195592,0,0,0.07400221536004271,0.07400221536004271
345,2,1.2953156642127783,46,-1,-0.10527487391080037,0.8947251260891996
357,2,1.5164130471791306,46,-1,-0.3577915092615097,0.6422084907384903
370,2,1.5943949920689013,0,0,0.224238343620647,0.224238343620647
374,2,1.4436062144067807,0,0,0.20835341877856353,0.20835341877856353
396,2,0.9254622050905253,0,0,-0.2132251844368601,-0.2132251844368601
17,3,0.7850603947664312,1,1,0.09401520219124215,-0.9059847978087578
31,3,1.2694051041633496,0,0,-0.14216892533730718,-0.14216892533730718
34,3,1.1409204712462753,0,0,0.07833945897441455,0.07833945897441455
53,3,1.5576570305240334,0,0,-0.1564167681671045,-0.1564167681671045
60,3,1.5478660835792766,1,1,0.2073514034394056,-0.7926485965605944
80,3,1.3397114533375967,0,0,-0.24707785901742121,-0.24707785901742121
108,3,0.8248419939085593,1,1,0.019189829131486036,-0.980810170868514
111,3,1.363827523353098,0,0,-0.21824154109697497,-0.21824154109697497
125,3,1.4707119337715273,0,0,-0.15548884898186,-0.15548884898186
152,3,1.5973484023087385,1,1,0.19051594341691758,-0.8094840565830824
155,3,1.546296506275363,1,1,0.2635561949148202,-0.7364438050851798
165,3,1.1402118224848987,0,0,0.06725605335556131,0.06725605335556131
174,3,1.0675706017756517,0,0,0.08033508871576059,0.08033508871576059
175,3,1.0206202119380587,1,1,0.11062588878940138,-0.8893741112105986
187,3,0.8682671660574485,0,0,-0.08785184416093891,-0.08785184416093891
195,3,0.3510914985337519,0,0,0.014848220158103997,0.014848220158103997
204,3,0.9617101445152312,0,0,0.09270846052377826,0.09270846052377826
206,3,1.5222209831230213,1,1,0.0622352978632883,-0.9377647021367117
214,3,1.1913816827524888,0,0,-0.020929753039873322,-0.020929753039873322
225,3,1.06176985350536,0,0,-0.17338091846398684,-0.17338091846398684
236,3,1.3126130837762442,0,0,-0.2423018484673972,-0.2423018484673972
253,3,0.8793874334904661,0,0,0.07360577565493223,0.07360577565493223
254,3,0.8043469679712099,0,0,0.08415222064885927,0.08415222064885927
266,3,1.4945317232927817,0,0,-0.28936624386370635,-0.28936624386370635
272,3,0.5935440481817895,0,0,0.053270271011068654,0.053270271011068654
278,3,0.9918043320236546,0,0,-0.002989178267665038,-0.002989178267665038
324,3,0.7967451523300608,0,0,-0.10094050389221006,-0.10094050389221006
325,3,0.8646097241562711,0,0,-0.13807132724561838,-0.13807132724561838
336,3,1.4184370020316517,1,1,0.1281196534781398,-0.8718803465218602
338,3,1.1702502986072023,0,0,0.09691723525418947,0.09691723525418947
363,3,1.0269254072166851,1,1,0.11969039275220783,-0.8803096072477922
369,3,0.7608634412790417,0,0,0.05879548312502095,0.05879548312502095
381,3,1.1475106297524955,1,1,0.0796974866034641,-0.9203025133965359
6,4,1.0651363077498963,0,0,0.06273356702665375,0.06273356702665375
9,4,1.3420583617454627,0,0,-0.17346433753428173,-0.17346433753428173
37,4,1.236585134306218,0,0,0.09984704907145533,0.09984704907145533
55,4,1.5921066230900265,0,0,0.1790106901626204,0.1790106901626204
56,4,1.5778304526909244,0,0,0.07560688388463631,0.07560688388463631
59,4,0.9213405778089581,0,0,0.08949781727907222,0.08949781727907222
76,4,1.1736810585690265,0,0,-0.15950393893376236,-0.15950393893376236
97,4,0.8245691323737941,0,0,0.08106514049917068,0.08106514049917068
106,4,1.210577803300592,0,0,0.10784180716479286,0.10784180716479286
107,4,1.2210966980121987,0,0,-0.05686222958646523,-0.05686222958646523
110,4,1.4326605547676539,0,0,-0.2269955681905564,-0.2269955681905564
122,4,1.1827835302167167,0,0,0.07412959476184551,0.07412959476184551
133,4,1.4209435753600395,46,-1,-0.20752398168837827,0.7924760183116217
161,4,1.5138061897879547,46,-1,-0.2950882186842403,0.7049117813157597
162,4,0.7099604661225396,0,0,0.06416923617592526,0.06416923617592526
176,4,0.7668636648186061,0,0,0.03325565578606379,0.03325565578606379
179,4,1.447363048150081,0,0,0.1063543350339917,0.1063543350339917
192,4,1.1872359193661595,0,0,0.05076067059118522,0.05076067059118522
202,4,0.43712327792196864,0,0,0.04888569775529617,0.04888569775529617
211,4,1.2951032655149923,0,0,0.10847263546032901,0.10847263546032901
215,4,1.4115314544934747,0,0,0.044597993462645036,0.044597993462645036
238,4,1.4324830076856083,0,0,0.138094536998939,0.138094536998939
240,4,1.371519601138435,0,0,0.03335043777285314,0.03335043777285314
243,4,0.32699772475602656,0,0,0.028511735084852514,0.028511735084852514
244,4,1.2334670286978457,0,0,-0.10560792518335932,-0.10560792518335932
252,4,1.1786622796772381,0,0,0.08703472350413291,0.08703472350413291
270,4,0.45157394779312243,0,0,0.01414000312286396,0.01414000312286396
289,4,1.1279934975601769,0,0,-0.10990531558613648,-0.10990531558613648
290,4,1.3319380739434419,0,0,-0.11097271159408789,-0.11097271159408789
297,4,1.0927200417138254,0,0,0.004230626705531169,0.004230626705531169
303,4,0.230180304744004,0,0,0.023043661225000917,0.023043661225000917
312,4,1.462861987005612,0,0,-0.105937769118987,-0.105937769118987
322,4,0.7662052658930192,0,0,0.08537213009830211,0.08537213009830211
333,4,0.9650033672012568,0,0,-0.0784841981680175,-0.0784841981680175
345,4,1.4511882140982322,46,-1,-0.2577612874388606,0.7422387125611394
370,4,0.763496563510062,0,0,0.0717519300925868,0.0717519300925868
374,4,1.0261753245812946,0,0,0.05586700525050332,0.05586700525050332
375,4,0.9620029345713601,0,0,-0.015464364846604746,-0.015464364846604746
385,4,1.309884992970465,0,0,0.11626796848892251,0.11626796848892251
390,4,1.3978267338318369,0,0,0.08995920738845012,0.08995920738845012
399,4,1.2286450502107493,0,0,0.036910230409956675,0.036910230409956675
12,5,0.6269753285391918,0,0,0.0029912993027184087,0.0029912993027184087
13,5,0.4040207790373052,0,0,0.005718084624991682,0.005718084624991682
24,5,0.9028293420126311,0,0,-0.16630691813018528,-0.16630691813018528
35,5,0.9027290268505712,0,0,-0.09934735879047651,-0.09934735879047651
54,5,1.5428430921748033,0,0,-0.03783690258808198,-0.03783690258808198
55,5,1.4898281490515954,0,0,-0.172536928623816,-0.172536928623816
70,5,1.048941417987309,0,0,-0.1379363940009439,-0.1379363940009439
82,5,0.38249950127968363,0,0,0.0518605711501649,0.0518605711501649
113,5,0.7221227261677738,0,0,-0.10813431293127992,-0.10813431293127992
118,5,1.2018398991549206,0,0,-0.1963109418758266,-0.1963109418758266
120,5,0.6711738168115486,0,0,-0.12181820367971793,-0.12181820367971793
145,5,1.268400925682264,0,0,0.1505939850863815,0.1505939850863815
151,5,1.3031352525207975,0,0,-0.19368660465467036,-0.19368660465467036
171,5,1.5280392286368856,1,1,0.3153882467665543,-0.6846117532334457
238,5,1.4152654069853279,0,0,-0.2134530817874974,-0.2134530817874974
248,5,0.8509821595312517,0,0,0.06782485604317345,0.06782485604317345
276,5,1.4387540856306096,1,1,0.3233279719308306,-0.6766720280691694
277,5,1.1602105882977443,0,0,-0.09532488194353561,-0.09532488194353561
287,5,0.9083429845776351,0,0,-0.07586953288982848,-0.07586953288982848
292,5,1.3595859320011368,0,0,0.1858755851174615,0.1858755851174615
304,5,1.4733692667058538,1,1,0.32332797193083007,-0.6766720280691699
332,5,0.6696067362368032,0,0,-0.04444325598292609,-0.04444325598292609
357,5,0.6813840330599489,0,0,0.13817445842399373,0.13817445842399373
358,5,1.2325956973747172,0,0,-0.18481849574695766,-0.18481849574695766
396,5,1.3228233846487678,1,1,0.28274078324864327,-0.7172592167513567
9,6,1.5306457944259484,0,0,-0.23619790456093548,-0.23619790456093548
24,6,1.1693573246776148,0,0,0.12250713362959735,0.12250713362959735
37,6,1.3076514759152462,0,0,0.03711348204480157,0.03711348204480157
55,6,1.4251613672626278,0,0,0.11627712313596662,0.11627712313596662
59,6,0.6522246344034052,0,0,0.026764250252418458,0.026764250252418458
70,6,1.560096880909556,0,0,0.1508776577588387,0.1508776577588387
97,6,0.9991978271867711,0,0,0.018331573472516932,0.018331573472516932
105,6,1.4335335395677167,0,0,-0.02135052345719886,-0.02135052345719886
106,6,1.0954699282162645,0,0,0.04510824013813909,0.04510824013813909
107,6,0.8567813002042171,0,0,-0.11959579661311899,-0.11959579661311899
113,6,1.3767484693782963,0,0,0.1806797388285027,0.1806797388285027
118,6,0.8960658098416409,0,0,0.09250310988395602,0.09250310988395602
119,6,1.4981396199204993,0,0,-0.2253137225472353,-0.2253137225472353
120,6,1.5207332173971566,0,0,0.16699584808006468,0.16699584808006468
122,6,0.16881823873754961,0,0,0.011396027735191747,0.011396027735191747
132,6,1.2146006737531205,0,0,-0.10711868154626253,-0.10711868154626253
151,6,0.993186852786811,0,0,0.09512744710511226,0.09512744710511226
162,6,0.526408737906302,0,0,0.001435669149271502,0.001435669149271502
176,6,1.5796563856539994,0,0,-0.029477911240589964,-0.029477911240589964
193,6,1.3091639947717866,0,0,0.08714903680962112,0.08714903680962112
202,6,1.1416095522119312,0,0,-0.013847869271357586,-0.013847869271357586
211,6,1.4181241164020741,0,0,0.04573906843367524,0.04573906843367524
219,6,1.2986809943829303,0,0,0.0669708336580654,0.0669708336580654
229,6,1.5215887872161749,0,0,0.018414164026992474,0.018414164026992474
238,6,0.9044043883372083,0,0,0.07536096997228525,0.07536096997228525
240,6,0.5726917711983014,0,0,-0.029383129253800617,-0.029383129253800617
243,6,1.2003400560268092,0,0,-0.03422183194180124,-0.03422183194180124
244,6,1.1971551924436123,0,0,-0.1683414922100131,-0.1683414922100131
252,6,1.4123129885290795,0,0,0.024301156477479144,0.024301156477479144
270,6,1.4354037204366643,0,0,-0.0485935639037898,-0.0485935639037898
290,6,1.2859494738036201,0,0,-0.17370627862074167,-0.17370627862074167
298,6,1.124726707591257,0,0,0.07343408587123933,0.07343408587123933
303,6,0.8547236769924702,0,0,-0.03968990580165284,-0.03968990580165284
312,6,1.2348075489963282,0,0,-0.16867133614564078,-0.16867133614564078
322,6,1.0078147833781745,0,0,0.022638563071648354,0.022638563071648354
326,6,1.0004152060310438,0,0,-0.0905307005044266,-0.0905307005044266
353,6,0.7946013944997943,0,0,0.061767522949148,0.061767522949148
358,6,1.0388653036990272,0,0,0.10399555601282497,0.10399555601282497
370,6,0.6010745419141728,0,0,0.009018363065933045,0.009018363065933045
374,6,0.16389334364146815,0,0,-0.006866561776150441,-0.006866561776150441
385,6,1.153244851552975,0,0,0.053534401462268746,0.053534401462268746
388,6,1.3811627697281474,0,0,0.0834197339505237,0.0834197339505237
25,7,1.2177745109402511,0,0,0.030341280762191503,0.030341280762191503
27,7,1.36490525198228,0,0,0.27226340579855357,0.27226340579855357
32,7,1.5940350963464684,0,0,0.30298465741912095,0.30298465741912095
49,7,1.1832568213810548,0,0,-0.22674798298379156,-0.22674798298379156
51,7,1.1818480341066182,0,0,-0.10029065488747507,-0.10029065488747507
60,7,1.1112839380855428,0,0,-0.15876538476920637,-0.15876538476920637
61,7,1.362995838691697,0,0,0.2462513412635163,0.2462513412635163
71,7,1.4099419171216487,0,0,-0.18595370937265726,-0.18595370937265726
95,7,0.6506573495031821,0,0,0.203368984615146,0.203368984615146
100,7,1.4246209751300876,0,0,-0.23860876513685053,-0.23860876513685053
126,7,0.9948766584232128,0,0,0.18157594316898687,0.18157594316898687
144,7,1.2585763464305877,0,0,-0.11157642284284136,-0.11157642284284136
149,7,0.9603455711007861,0,0,0.14786804557072225,0.14786804557072225
150,7,0.8810103096546658,0,0,0.18972024399866216,0.18972024399866216
155,7,1.5439195809463508,0,0,-0.1025605932937918,-0.1025605932937918
166,7,1.3985745775581286,0,0,0.21233373850956913,0.21233373850956913
206,7,1.5880433770502875,0,0,-0.3038814903453237,-0.3038814903453237
226,7,1.2841205286503943,0,0,0.16938331326900108,0.16938331326900108
245,7,1.5692142426958184,0,0,0.26218789207768856,0.26218789207768856
284,7,1.559539094319532,0,0,0.03821020567170419,0.03821020567170419
315,7,1.5343369771554094,0,0,-0.2930901754398821,-0.2930901754398821
336,7,1.292919238812444,0,0,-0.23799713473047218,-0.23799713473047218
381,7,1.49148706093508,0,0,-0.2864193016051479,-0.2864193016051479
394,7,0.8455950396251957,0,0,-0.010597436717416753,-0.010597436717416753
22,8,1.3723542893553677,0,0,0.23848996202557982,0.23848996202557982
28,8,1.2465941396410647,0,0,0.18323406218039145,0.18323406218039145
46,8,1.4538233011979116,0,0,0.16533143141997253,0.16533143141997253
48,8,1.3777476461271356,46,-1,-0.3084799524044666,0.6915200475955334
67,8,0.6246383881476434,0,0,0.08580316522958747,0.08580316522958747
78,8,1.4284471472022269,0,0,0.2355683202643465,0.2355683202643465
84,8,1.3764111890801383,46,-1,-0.27497441342074325,0.7250255865792568
102,8,1.2565116990231273,0,0,0.20720567058154665,0.20720567058154665
123,8,0.7692733915771426,0,0,-0.07003689314275219,-0.07003689314275219
128,8,0.9657172442246799,0,0,0.13970986208985559,0.13970986208985559
182,8,0.6714445064198842,0,0,-0.10502736120401068,-0.10502736120401068
188,8,1.1421780492326556,0,0,0.027429274273874316,0.027429274273874316
189,8,1.289550224325256,0,0,0.17566492569390818,0.17566492569390818
218,8,0.6016975097103963,0,0,-0.08359700267826625,-0.08359700267826625
234,8,1.2439347087151498,0,0,-0.12721319181298396,-0.12721319181298396
237,8,1.5035994688637375,0,0,0.025359491357997033,0.025359491357997033
260,8,0.6480274861756543,0,0,-0.14166099766684526,-0.14166099766684526
263,8,0.4070041500667066,0,0,-0.034982830542535426,-0.034982830542535426
293,8,1.2304035296940377,0,0,0.146209603399277,0.146209603399277
311,8,1.2229900679819932,0,0,-0.051397738390252246,-0.051397738390252246
330,8,0.7265567273858474,0,0,-0.15166232741498975,-0.15166232741498975
347,8,0.5270146381590382,0,0,0.03615317544528515,0.03615317544528515
383,8,1.5504953963494343,46,-1,-0.31712623528377404,0.682873764716226
45,9,1.2471947685514304,0,0,-0.0881729036175361,-0.0881729036175361
76,9,0.5712351496577357,0,0,0.01396039860051937,0.01396039860051937
107,9,0.9565612309382957,0,0,0.1166021079478165,0.1166021079478165
110,9,0.3480327067184148,0,0,-0.053531230656274686,-0.053531230656274686
119,9,0.7742909901810388,0,0,0.010884182013700172,0.010884182013700172
132,9,1.5026961042995308,0,0,0.12907922301467295,0.12907922301467295
161,9,1.1431106248277825,46,-1,-0.12162388114995859,0.8783761188500414
171,9,0.7670631048450318,0,0,-0.15959979691272763,-0.15959979691272763
181,9,1.55477934907025,0,0,-0.0486437953065465,-0.0486437953065465
240,9,1.4593730261452276,0,0,0.20681477530713488,0.20681477530713488
244,9,0.5454262695500863,0,0,0.06785641235092241,0.06785641235092241
276,9,1.3219045675131753,0,0,-0.1516600717484513,-0.1516600717484513
290,9,0.520188895645416,0,0,0.062491625940193835,0.062491625940193835
292,9,1.4656490651453513,46,-1,-0.28911245856182033,0.7108875414381797
303,9,1.3863529346563104,0,0,0.19650799875928265,0.19650799875928265
304,9,1.2350384265047165,0,0,-0.1516600717484518,-0.1516600717484518
312,9,0.8445944815922591,0,0,0.06752656841529472,0.06752656841529472
326,9,1.3652045151020518,0,0,0.1456672040565089,0.1456672040565089
345,9,1.5603767775229402,46,-1,-0.08429694990457892,0.9157030500954211
357,9,1.5592250921244428,46,-1,-0.33681358525528815,0.6631864147447118
374,9,1.422669179999707,0,0,0.22933134278478506,0.22933134278478506
396,9,0.993210585460672,0,0,-0.19224726043063856,-0.19224726043063856
11,10,0.8973865795571788,0,0,0.10299149811783258,0.10299149811783258
19,10,1.4334386661221494,0,0,-0.25426860898032166,-0.25426860898032166
26,10,0.6388557646195545,0,0,-0.016219405317234065,-0.016219405317234065
27,10,1.2700810419339041,0,0,0.06338484578411813,0.06338484578411813
36,10,1.4224572104451216,0,0,-0.01483228221078714,-0.01483228221078714
39,10,1.2726810946458194,1,1,0.2026307976774725,-0.7973692023225275
43,10,1.2854974357501967,1,1,0.197727920490958,-0.802272079509042
61,10,0.9208863308001987,0,0,0.03737278124908083,0.03737278124908083
96,10,0.644004047449551,0,0,-0.09173789754443343,-0.09173789754443343
98,10,0.9397511061740933,0,0,0.10778923210065404,0.10778923210065404
99,10,0.14241692357925675,0,0,0.011181104818096366,0.011181104818096366
103,10,0.43295830659599693,0,0,-0.02805096861269238,-0.02805096861269238
104,10,0.9458297272146897,0,0,0.018746641781071688,0.018746641781071688
130,10,0.4106542970446118,0,0,-0.03670682961895566,-0.03670682961895566
136,10,1.58504796503241,0,0,0.21102867945817147,0.21102867945817147
137,10,0.5929234606619248,0,0,-0.01983883403445494,-0.01983883403445494
149,10,1.0817863937384824,0,0,-0.06101051444371322,-0.06101051444371322
170,10,0.35955669080180724,0,0,-0.04442930945848514,-0.04442930945848514
184,10,0.7885262279438964,0,0,-0.029297622628411568,-0.029297622628411568
191,10,1.1147819526356875,0,0,0.050923434180442595,0.050923434180442595
226,10,0.8397064117249922,0,0,-0.03949524674543439,-0.03949524674543439
233,10,1.5073172813967382,1,1,0.2726475284205736,-0.7273524715794264
250,10,0.911134715448263,0,0,0.07546924756653725,0.07546924756653725
269,10,1.5121956393118647,0,0,-0.2849648664685077,-0.2849648664685077
284,10,1.1439991011165218,0,0,-0.17066835434273128,-0.17066835434273128
285,10,0.7594238008815327,0,0,-0.09878500765984125,-0.09878500765984125
295,10,0.44075781496734484,0,0,0.05783771217800618,0.05783771217800618
300,10,1.505745539995716,0,0,-0.07283048771057052,-0.07283048771057052
319,10,0.3888799737037415,0,0,0.02777343431855564,0.02777343431855564
323,10,1.577530265915098,0,0,0.11227408247105135,0.11227408247105135
352,10,0.9596928554184133,0,0,0.1172374047364972,0.1172374047364972
362,10,1.2675498977425463,0,0,-0.18440411284069128,-0.18440411284069128
394,10,1.5166272909427752,0,0,-0.21947599673185222,-0.21947599673185222
26,11,1.2022895886740559,0,0,-0.11921090343506664,-0.11921090343506664
27,11,0.9304970551791196,0,0,-0.03960665233371445,-0.03960665233371445
32,11,1.288861664855769,0,0,-0.00888540071314707,-0.00888540071314707
33,11,1.523579406080762,0,0,0.0033672234537107104,0.0033672234537107104
39,11,0.7937377815628907,1,1,0.0996392995596399,-0.9003607004403601
43,11,0.7991549041136694,1,1,0.0947364223731254,-0.9052635776268746
61,11,0.8990905251766047,0,0,-0.06561871686875174,-0.06561871686875174
72,11,1.1463511430094588,0,0,0.015671708711171642,0.015671708711171642
96,11,1.4798825776428968,0,0,-0.194729395662266,-0.194729395662266
98,11,0.8763437826122785,0,0,0.004797733982821462,0.004797733982821462
99,11,0.7764303898650117,0,0,-0.09181039329973621,-0.09181039329973621
103,11,1.1360175487809798,0,0,-0.13104246673052494,-0.13104246673052494
104,11,1.4322099693042685,0,0,-0.08424485633676089,-0.08424485633676089
111,11,1.2490949233787978,0,0,0.10377161256214502,0.10377161256214502
121,11,1.5868173852603016,1,1,0.35477728082924676,-0.6452227191707532
125,11,1.1519756554581502,0,0,0.16652430467725998,0.16652430467725998
130,11,1.1374795538513982,0,0,-0.13969832773678825,-0.13969832773678825
136,11,0.8154076208963265,0,0,0.1080371813403389,0.1080371813403389
137,11,1.2383219923816011,0,0,-0.12283033215228752,-0.12283033215228752
149,11,1.3599587606838113,0,0,-0.16400201256154578,-0.16400201256154578
163,11,1.3142556306557975,1,1,0.23475382960684543,-0.7652461703931546
170,11,1.21911502585541,0,0,-0.1474208075763177,-0.1474208075763177
184,11,1.3497071075401033,0,0,-0.13228912074624416,-0.13228912074624416
191,11,1.4224237478126256,0,0,-0.05206806393738998,-0.05206806393738998
225,11,1.5078135228405474,0,0,0.14863223519513313,0.14863223519513313
226,11,1.136653229890553,0,0,-0.14248674486326696,-0.14248674486326696
233,11,0.9610824741886833,1,1,0.169656030302741,-0.830343969697259
239,11,1.5645353514981695,1,1,0.3054357310204663,-0.6945642689795337
247,11,1.492304685476437,1,1,0.2181579753097801,-0.7818420246902199
250,11,0.3757844894243122,0,0,-0.027522250551295327,-0.027522250551295327
264,11,1.2325524954837646,0,0,0.03711923924340388,0.03711923924340388
285,11,1.546502147249262,0,0,-0.2017765057776738,-0.2017765057776738
295,11,0.4857179735725528,0,0,-0.0451537859398264,-0.0451537859398264
319,11,0.8871086243770763,0,0,-0.07521806379927694,-0.07521806379927694
323,11,0.9178444822246011,0,0,0.00928258435321877,0.00928258435321877
352,11,0.16701187386676775,0,0,0.014245906618664622,0.014245906618664622
13,12,0.9025120904973852,0,0,0.002726785322273273,0.002726785322273273
24,12,1.323569035374122,0,0,-0.16929821743290369,-0.16929821743290369
35,12,0.8214880870839397,0,0,-0.10233865809319492,-0.10233865809319492
38,12,1.516758649188686,0,0,-0.1394458750884618,-0.1394458750884618
45,12,1.4839593092319914,1,1,0.3838238407590273,-0.6161761592409727
54,12,1.162826823034861,0,0,-0.040828201890800386,-0.040828201890800386
70,12,1.0268632199798284,0,0,-0.1409276933036623,-0.1409276933036623
82,12,0.5745832020742211,0,0,0.048869271847446494,0.048869271847446494
113,12,1.293205269880318,0,0,-0.11112561223399833,-0.11112561223399833
118,12,1.5347167000476445,0,0,-0.199302241178545,-0.199302241178545
120,12,0.9117677106548456,0,0,-0.12480950298243634,-0.12480950298243634
145,12,0.6600861812716007,0,0,0.1476026857836631,0.1476026857836631
151,12,1.487904705293726,0,0,-0.19667790395738877,-0.19667790395738877
248,12,0.292995031434744,0,0,0.06483355674045505,0.06483355674045505
276,12,1.2213662697098773,1,1,0.32033667262811216,-0.6796633273718878
277,12,0.9996770915707633,0,0,-0.09831618124625402,-0.09831618124625402
287,12,0.5504082156873414,0,0,-0.07886083219254689,-0.07886083219254689
304,12,1.2922846812849258,1,1,0.3203366726281116,-0.6796633273718884
332,12,0.3449603601851445,0,0,-0.0474345552856445,-0.0474345552856445
355,12,1.2024705620879312,0,0,0.21645392440786576,0.21645392440786576
357,12,1.0320461311129403,0,0,0.13518315912127532,0.13518315912127532
358,12,1.4515048181638324,0,0,-0.18780979504967607,-0.18780979504967607
24,13,1.092761405785615,0,0,-0.17202500275517696,-0.17202500275517696
29,13,1.4700511113837471,0,0,0.22408918318783788,0.22408918318783788
35,13,1.2965101091200288,0,0,-0.1050654434154682,-0.1050654434154682
41,13,1.5550650809757123,0,0,0.03881196776777396,0.03881196776777396
55,13,1.4867819446639037,0,0,-0.1782550132488077,-0.1782550132488077
70,13,1.418070325503972,0,0,-0.14365447862593558,-0.14365447862593558
82,13,0.38818517565718735,0,0,0.04614248652517322,0.04614248652517322
113,13,0.7605003670360388,0,0,-0.1138523975562716,-0.1138523975562716
118,13,1.388379949110666,0,0,-0.20202902650081828,-0.20202902650081828
120,13,1.0208824078351284,0,0,-0.12753628830470962,-0.12753628830470962
138,13,1.4022199420210801,0,0,0.10298243159958315,0.10298243159958315
142,13,1.49908257932056,0,0,-0.12219976436580796,-0.12219976436580796
145,13,1.5202322418537255,0,0,0.14487590046138982,0.14487590046138982
151,13,1.5610319669346704,0,0,-0.19940468927966204,-0.19940468927966204
171,13,1.1992305936156222,1,1,0.3096701621415625,-0.6903298378584375
238,13,1.5058753894795875,0,0,-0.21917116641248907,-0.21917116641248907
248,13,1.042876862048197,0,0,0.06210677141818177,0.06210677141818177
256,13,1.5629404809487293,0,0,-0.13856860515268393,-0.13856860515268393
276,13,1.3753343162236438,1,1,0.31760988730583883,-0.6823901126941612
277,13,1.5553797438503572,0,0,-0.10104296656852729,-0.10104296656852729
287,13,1.286480954649519,0,0,-0.08158761751482016,-0.08158761751482016
292,13,0.9814655438982094,0,0,0.1801575004924698,0.1801575004924698
304,13,1.3879175246953146,1,1,0.3176098873058384,-0.6823901126941616
332,13,1.0356535657558237,0,0,-0.05016134060791777,-0.05016134060791777
357,13,0.31595920130314115,0,0,0.13245637379900205,0.13245637379900205
358,13,1.4913054790599642,0,0,-0.19053658037194934,-0.19053658037194934
396,13,0.9738082793684326,1,1,0.2770226986236517,-0.7229773013763483
16,14,1.501776762074729,0,0,0.08955398555864154,0.08955398555864154
30,14,0.5821679967406082,0,0,0.009358398201402069,0.009358398201402069
47,14,1.1663303379406613,0,0,-0.10787572413796058,-0.10787572413796058
52,14,1.4761001397345526,0,0,-0.17316494945302077,-0.17316494945302077
65,14,1.1141079749390064,0,0,-0.0979215673726412,-0.0979215673726412
79,14,0.8503874788128227,0,0,0.028443987472014234,0.028443987472014234
81,14,1.269427213108503,1,1,0.004543339083200371,-0.9954566609167996
92,14,1.1628916223975239,0,0,0.01140167526591027,0.01140167526591027
115,14,0.9910501379892113,0,0,0.02844398747201429,0.02844398747201429
131,14,1.479319131826599,0,0,-0.0069861232536181095,-0.0069861232536181095
134,14,1.0156149592180606,0,0,-0.016109038683675473,-0.016109038683675473
139,14,0.6013425536809219,0,0,-0.0006464645275064615,-0.0006464645275064615
143,14,0.9195659108849799,0,0,0.06331669946744128,0.06331669946744128
154,14,0.6302364466104355,0,0,0.06856453726207225,0.06856453726207225
169,14,1.0020375107462989,0,0,-0.10765345272245416,-0.10765345272245416
180,14,1.0550241283643875,0,0,-0.11327068732686593,-0.11327068732686593
190,14,1.2169413415648207,0,0,-0.14973383701264723,-0.14973383701264723
194,14,1.3537211734017178,0,0,0.07580894224492828,0.07580894224492828
196,14,1.3787744017304926,0,0,-0.15723065381443932,-0.15723065381443932
197,14,1.0986821164443616,0,0,0.09517762473075823,0.09517762473075823
205,14,1.1718498493949985,0,0,0.056460636289722435,0.056460636289722435
213,14,1.4262577057069394,0,0,-0.17930121690619877,-0.17930121690619877
217,14,0.47728107408284526,0,0,-0.04660970355182223,-0.04660970355182223
227,14,1.3577436082985637,0,0,-0.17030724097225766,-0.17030724097225766
235,14,1.506031110138521,1,1,0.12836049384063053,-0.8716395061593695
242,14,1.0934965269037749,0,0,-0.07371427339828066,-0.07371427339828066
246,14,1.5987962822211979,0,0,-0.0020299714250526547,-0.0020299714250526547
255,14,1.5337888476349908,0,0,0.16371172922597793,0.16371172922597793
259,14,1.2988771935645747,0,0,-0.15026910729027604,-0.15026910729027604
261,14,0.476060055864689,0,0,0.04219709510886101,0.04219709510886101
268,14,1.1591229791276694,0,0,0.10953718489459986,0.10953718489459986
273,14,1.2596096254090297,0,0,-0.06447884117815705,-0.06447884117815705
282,14,1.574987028248668,0,0,0.08754430942117462,0.08754430942117462
288,14,1.3859533134766024,1,1,0.12656321791238068,-0.8734367820876193
331,14,0.9310798363579357,0,0,-0.09057527666144169,-0.09057527666144169
340,14,1.1585027523986238,0,0,0.13973763490486857,0.13973763490486857
343,14,1.1510719953481954,0,0,-0.08606922475618088,-0.08606922475618088
344,14,1.307330224906362,1,1,0.13847237513969368,-0.8615276248603063
387,14,0.6751677783547465,0,0,0.07719746800607204,0.07719746800607204
392,14,1.2601820715870007,0,0,0.1122917761301523,0.1122917761301523
395,14,0.3484547305810177,0,0,0.012848177211643452,0.012848177211643452
397,14,1.2484000349259627,0,0,0.12441207960033686,0.12441207960033686
20,15,0.7472247711113745,1,1,0.10387613977653931,-0.8961238602234607
69,15,0.7876995389805906,0,0,-0.054570908996690926,-0.054570908996690926
73,15,1.051806482064595,0,0,0.0898088170187179,0.0898088170187179
77,15,1.404261512227301,1,1,0.19080998951835249,-0.8091900104816475
93,15,1.5988181810898197,0,0,-0.12834926086669451,-0.12834926086669451
112,15,1.0477946810916714,0,0,-0.09001707934434044,-0.09001707934434044
124,15,1.3681756877565026,0,0,-0.08380288315544993,-0.08380288315544993
207,15,0.753887548928199,0,0,-0.07242417388118427,-0.07242417388118427
216,15,0.5860720185301797,0,0,-0.040018277579137895,-0.040018277579137895
291,15,0.7099628194180003,0,0,0.0769315276779744,0.0769315276779744
301,15,1.3838265160391359,0,0,-0.1139361512864897,-0.1139361512864897
320,15,1.2500695407332307,0,0,0.13217521899858642,0.13217521899858642
337,15,1.2624559036897618,0,0,-0.17651544061505164,-0.17651544061505164
346,15,1.0521897557417976,1,1,0.20669380384422809,-0.7933061961557719
349,15,1.392316382391081,0,0,-0.02547043207765909,-0.02547043207765909
350,15,1.3605704935914482,1,1,0.2128639367260562,-0.7871360632739438
365,15,1.2980797813354177,0,0,-0.166149001003707,-0.166149001003707
400,15,1.0375081475434835,0,0,-0.061905824754045824,-0.061905824754045824
30,16,1.1732774547567582,0,0,-0.08019558735723947,-0.08019558735723947
35,16,1.151312296930877,0,0,0.08874933972860535,0.08874933972860535
38,16,0.5633892836604886,0,0,0.051642122733338486,0.051642122733338486
54,16,1.0447232820747383,0,0,0.1502597959309999,0.1502597959309999
70,16,0.9792673968800178,0,0,0.050160304518137966,0.050160304518137966
79,16,0.8631222271732996,0,0,-0.06110999808662731,-0.06110999808662731
92,16,1.0313034283697091,0,0,-0.07815231029273127,-0.07815231029273127
105,16,1.554127051962728,0,0,-0.12206787669789962,-0.12206787669789962
115,16,0.8726212576348996,0,0,-0.06110999808662725,-0.06110999808662725
118,16,1.5159569113921918,0,0,-0.008214243356744741,-0.008214243356744741
120,16,1.4213720697962922,0,0,0.06627849483936393,0.06627849483936393
131,16,1.2284910858934142,0,0,-0.09654010881225965,-0.09654010881225965
134,16,1.2820265624598781,0,0,-0.10566302424231702,-0.10566302424231702
143,16,0.6256828032884422,0,0,-0.026237286091200254,-0.026237286091200254
151,16,1.1625491402322565,0,0,-0.005589906135588504,-0.005589906135588504
154,16,1.191429105772573,0,0,-0.02098944829656929,-0.02098944829656929
193,16,0.6890534021864063,0,0,-0.013568316431079641,-0.013568316431079641
194,16,0.35283822490879363,0,0,-0.013745043313713262,-0.013745043313713262
197,16,0.6315000463972009,0,0,0.005623639172116696,0.005623639172116696
205,16,0.4760054930416203,0,0,-0.0330933492689191,-0.0330933492689191
219,16,0.822809600552221,0,0,-0.03374651958263536,-0.03374651958263536
229,16,1.1431591461528188,0,0,-0.08230318921370829,-0.08230318921370829
232,16,0.6946572100457282,0,0,0.056678108026240404,0.056678108026240404
246,16,1.2324664882111984,0,0,-0.0915839569836942,-0.0915839569836942
255,16,1.0351550400386926,0,0,0.07415774366733638,0.07415774366733638
258,16,1.2056647447283315,0,0,0.1971591492909169,0.1971591492909169
268,16,0.6995537065449006,0,0,0.019983199335958324,0.019983199335958324
273,16,1.5797485794657273,0,0,-0.1540328267367986,-0.1540328267367986
277,16,0.9344422260333196,0,0,0.09277181657554626,0.09277181657554626
282,16,0.28685532298095945,0,0,-0.0020096761374669148,-0.0020096761374669148
287,16,1.3618457918808604,0,0,0.11222716562925339,0.11222716562925339
298,16,0.8605155843174319,0,0,-0.027283267369461434,-0.027283267369461434
309,16,1.4717946163122,0,0,-0.13255072235654636,-0.13255072235654636
327,16,1.3931104572714745,0,0,0.2642483571742381,0.2642483571742381
332,16,1.5524096846838225,0,0,0.14365344253615578,0.14365344253615578
340,16,1.2805497846982237,0,0,0.050183649346227016,0.050183649346227016
353,16,1.1966861985050647,0,0,-0.03894983029155276,-0.03894983029155276
358,16,1.2118974338448707,0,0,0.0032782027721242057,0.0032782027721242057
387,16,1.4396112847008662,0,0,-0.012356517552569501,-0.012356517552569501
388,16,0.6397419483916539,0,0,-0.017297619290177063,-0.017297619290177063
392,16,0.6264078664514253,0,0,0.022737790571510763,0.022737790571510763
395,16,1.176018769806879,0,0,-0.07670580834699808,-0.07670580834699808
397,16,0.9859325061596299,0,0,0.03485809404169532,0.03485809404169532
25,17,1.5464116459613622,0,0,0.30244286677956134,0.30244286677956134
34,17,1.351107740536596,46,-1,-0.01567574321682752,0.9843242567831725
49,17,1.4800657991943689,0,0,0.04535360303357827,0.04535360303357827
60,17,1.0255129059405645,0,0,0.11333620124816346,0.11333620124816346
63,17,1.3723637114496103,0,0,0.21608678268749315,0.21608678268749315
91,17,1.459362895155507,0,0,0.10618856593598902,0.10618856593598902
108,17,0.7781260289916755,0,0,-0.07482537305975612,-0.07482537305975612
117,17,1.2672347951382052,0,0,0.2053272701051183,0.2053272701051183
152,17,1.2380969925753695,0,0,0.09650074122567542,0.09650074122567542
155,17,0.9669338215489213,0,0,0.16954099272357803,0.16954099272357803
165,17,1.3567376371021151,46,-1,-0.026759148835680868,0.9732408511643191
174,17,1.2271858502002864,46,-1,-0.013680113475481592,0.9863198865245184
175,17,0.33803821316099947,0,0,0.01661068659815923,0.01661068659815923
187,17,1.2460299973070934,46,-1,-0.18186704635218098,0.818132953647819
195,17,0.7888315840829081,46,-1,-0.0791669820331381,0.9208330179668619
204,17,1.0680220177171131,46,-1,-0.0013067416674639176,0.9986932583325361
206,17,1.4124240228209926,0,0,-0.031779904327953856,-0.031779904327953856
225,17,1.5549672776151844,46,-1,-0.267396120655229,0.732603879344771
253,17,1.1326226532073365,46,-1,-0.02040942653630995,0.97959057346369
254,17,0.9576523094333519,46,-1,-0.009862981542382854,0.9901370184576171
272,17,0.828017743378096,46,-1,-0.04074493118017353,0.9592550688198265
324,17,1.5105284924290179,46,-1,-0.19495570608345214,0.8050442939165479
325,17,1.5433306253975259,46,-1,-0.23208652943686048,0.7679134705631395
336,17,1.096062275112391,0,0,0.03410445128689765,0.03410445128689765
338,17,1.2564488938206215,46,-1,0.002902033062947229,1.0029020330629472
363,17,0.5822427288213771,0,0,0.025675190560965677,0.025675190560965677
369,17,1.0900348775402449,46,-1,-0.03521971906622112,0.9647802809337789
381,17,0.806631029122542,0,0,-0.014317715587778057,-0.014317715587778057
21,18,1.4559590116220709,0,0,-0.4184821285701822,-0.4184821285701822
36,18,1.3055687783749592,0,0,0.047516907952190574,0.047516907952190574
42,18,0.9301550783634321,0,0,0.002493117370242104,0.002493117370242104
65,18,1.3965347633119838,0,0,0.19875436592011247,0.19875436592011247
109,18,1.582593584604316,0,0,-0.4162725916471579,-0.4162725916471579
160,18,1.044468470604999,0,0,0.10067473601483581,0.10067473601483581
173,18,0.9324506204873669,0,0,-0.2107565460684987,-0.2107565460684987
180,18,1.5710677656131553,0,0,0.18340524596588775,0.18340524596588775
183,18,0.7957672391279442,0,0,0.10179691265038385,0.10179691265038385
190,18,1.5000253458912447,0,0,0.14694209628010646,0.14694209628010646
213,18,1.0021831460929218,0,0,0.11737471638655489,0.11737471638655489
280,18,0.45266373223419726,0,0,-0.11713779212731495,-0.11713779212731495
300,18,1.2261776875264214,0,0,-0.010481297547592805,-0.010481297547592805
341,18,1.0234790542607917,0,0,0.08522160370011819,0.08522160370011819
351,18,0.9340880552907255,0,0,0.08990607561091843,0.08990607561091843
361,18,1.1912142180326941,0,0,0.06111885543584941,0.06111885543584941
382,18,0.8164003814673342,0,0,0.048114903004984166,0.048114903004984166
398,18,0.08800531394472641,0,0,-0.010189180331438286,-0.010189180331438286
26,19,1.5780125147956656,0,0,0.23804920366308757,0.23804920366308757
51,19,0.6552059240594503,0,0,-0.05490060592158891,-0.05490060592158891
57,19,1.1841855837009618,0,0,-0.17201927140935708,-0.17201927140935708
62,19,0.9093341223618105,0,0,-0.008450137066238594,-0.008450137066238594
71,19,1.128328265638126,0,0,-0.1405636604067711,-0.1405636604067711
86,19,1.5712278210014325,0,0,-0.25740205688445755,-0.25740205688445755
96,19,0.983708943191868,0,0,0.1625307114358882,0.1625307114358882
99,19,1.535231018367195,0,0,0.265449713798418,0.265449713798418
100,19,1.414914558030666,0,0,-0.19321871617096437,-0.19321871617096437
103,19,1.4783983319855627,0,0,0.22621764036762926,0.22621764036762926
121,19,1.5976695451084777,0,0,-0.28796261207259904,-0.28796261207259904
130,19,1.2891179189525013,0,0,0.21756177936136598,0.21756177936136598
144,19,0.5955024947826235,0,0,-0.0661863738769552,-0.0661863738769552
146,19,1.1283648016496184,0,0,-0.19643612101279834,-0.19643612101279834
149,19,1.442646984195226,0,0,0.19325809453660842,0.19325809453660842
153,19,0.9139032983901229,0,0,-0.13009418758589947,-0.13009418758589947
156,19,1.337130756110449,0,0,-0.21354372953043516,-0.21354372953043516
159,19,1.2819743678900273,0,0,-0.1807758413940717,-0.1807758413940717
168,19,0.5515878857439945,0,0,-0.0951584055185341,-0.0951584055185341
170,19,1.3045183346833025,0,0,0.2098392995218365,0.2098392995218365
226,19,1.5749197768566419,0,0,0.21477336223488724,0.21477336223488724
230,19,0.623772719681012,0,0,-0.010074674327321509,-0.010074674327321509
269,19,0.28230294797956745,0,0,-0.03069625748818605,-0.03069625748818605
281,19,1.353515268343682,0,0,-0.24109758646132723,-0.24109758646132723
283,19,0.6210179574286774,0,0,-0.010074674327321453,-0.010074674327321453
284,19,0.5257880658601183,0,0,0.08360025463759035,0.08360025463759035
285,19,0.8061676496200302,0,0,0.1554836013204804,0.1554836013204804
319,19,1.5952527593527637,0,0,0.2820420432988773,0.2820420432988773
329,19,1.326608154111002,0,0,-0.192669084237649,-0.192669084237649
362,19,0.34218054898003464,0,0,0.06986449613963036,0.06986449613963036
366,19,0.8497005167753284,0,0,-0.12640742585261716,-0.12640742585261716
394,19,0.9458645280054355,0,0,0.03479261224846941,0.03479261224846941
69,20,1.2732330045171925,46,-1,-0.15844704877323024,0.8415529512267698
77,20,0.7294360613182553,0,0,0.08693384974181316,0.08693384974181316
88,20,1.0191088502974621,0,0,0.08183511165361146,0.08183511165361146
93,20,1.1902999902209426,46,-1,-0.23222540064323383,0.7677745993567662
129,20,1.44293221531267,0,0,0.2251599292164384,0.2251599292164384
158,20,1.4667680898128654,0,0,0.0024141763902708335,0.0024141763902708335
178,20,1.3645286319926995,0,0,0.17668842469837168,0.17668842469837168
186,20,1.250913862226512,0,0,0.14647618598688011,0.14647618598688011
207,20,0.9670592625162702,46,-1,-0.17630031365772358,0.8236996863422764
216,20,0.9593365306622468,46,-1,-0.1438944173556772,0.8561055826443228
291,20,1.3318879940175328,46,-1,-0.026944612098564913,0.9730553879014351
328,20,1.5906663454747847,0,0,0.17523297789016457,0.17523297789016457
339,20,1.2197779633009274,0,0,0.07846047363595382,0.07846047363595382
346,20,0.9315586342038422,0,0,0.1028176640676888,0.1028176640676888
350,20,1.5747540075215516,0,0,0.10898779694951688,0.10898779694951688
365,20,1.5496944976558813,46,-1,-0.2700251407802463,0.7299748592197537
367,20,1.0800485035056278,0,0,-0.07329351714548651,-0.07329351714548651
94,21,1.0313942628628503,0,0,-0.11830100195089244,-0.11830100195089244
109,21,0.3031906763818715,0,0,0.00220953692302428,0.00220953692302428
141,21,1.4533483086971115,0,0,0.1525532061561259,0.1525532061561259
148,21,1.4976521416513755,0,0,-0.03243830270542358,-0.03243830270542358
156,21,1.4322018585557386,0,0,0.01301898022240311,0.01301898022240311
159,21,1.536189693541037,0,0,0.04578686835876655,0.04578686835876655
167,21,1.2070099772773055,0,0,-0.07004442100483332,-0.07004442100483332
173,21,0.811391603787977,0,0,0.2077255825016835,0.2077255825016835
203,21,1.5281046936436995,0,0,-0.11673051717466909,-0.11673051717466909
209,21,1.167306719915678,0,0,-0.0659048862355327,-0.0659048862355327
212,21,0.6685400644429141,0,0,-0.0946669863833336,-0.0946669863833336
222,21,0.5387109278170487,0,0,-0.02950193552570335,-0.02950193552570335
235,21,1.4946713579267206,0,0,-0.15648144429643362,-0.15648144429643362
274,21,0.5763841463011512,0,0,-0.04202665538497263,-0.04202665538497263
280,21,1.1807898968244568,0,0,0.30134433644286723,0.30134433644286723
281,21,1.5842724633509346,0,0,-0.014534876708488964,-0.014534876708488964
288,21,1.3742842369688069,0,0,-0.15827872022468348,-0.15827872022468348
306,21,0.9244156373805923,0,0,-0.08427199915556294,-0.08427199915556294
308,21,0.9198032403245883,0,0,-0.00899492614009434,-0.00899492614009434
313,21,1.584498846784127,0,0,-0.1457875843767632,-0.1457875843767632
329,21,1.4067356878963924,0,0,0.03389362551518926,0.03389362551518926
340,21,1.4814889006781713,46,-1,-0.1451043032321956,0.8548956967678044
344,21,1.3051518474960024,0,0,-0.14636956299737047,-0.14636956299737047
371,21,0.7394088290019996,0,0,-0.09466698638333337,-0.09466698638333337
376,21,0.4379292456967655,0,0,-0.059202103048691224,-0.059202103048691224
398,21,1.449687024610764,0,0,0.4082929482387439,0.4082929482387439
28,22,0.24755463357383758,0,0,-0.05525589984518833,-0.05525589984518833
31,22,1.141521078716573,0,0,0.12066403768975228,0.12066403768975228
40,22,1.5282163988024047,0,0,0.28639891809633455,0.28639891809633455
46,22,1.3823742867829234,0,0,-0.07315853060560726,-0.07315853060560726
53,22,0.8053317809073872,0,0,0.10641619485995497,0.10641619485995497
67,22,0.9434830519116615,0,0,-0.15268679679599234,-0.15268679679599234
74,22,1.3846895918757842,0,0,0.18695646772227925,0.18695646772227925
78,22,0.880980164629369,0,0,-0.002921641761233301,-0.002921641761233301
88,22,1.4823401876699576,0,0,-0.08267823977609003,-0.08267823977609003
102,22,0.19134640177531054,0,0,-0.031284291444033135,-0.031284291444033135
116,22,0.2404448604772681,0,0,0.04770334496903622,0.04770334496903622
123,22,1.429675535556736,0,0,-0.308526855168332,-0.308526855168332
128,22,0.5559793696818238,0,0,-0.09878009993572422,-0.09878009993572422
158,22,1.3400602722928403,0,0,-0.16209917503943067,-0.16209917503943067
178,22,1.2874333880942832,0,0,0.012175073268670192,0.012175073268670192
186,22,1.2173981204876991,0,0,-0.018037165442821357,-0.018037165442821357
188,22,1.2895913905470324,0,0,-0.2110606877517055,-0.2110606877517055
189,22,0.3095140702202382,0,0,-0.06282503633167162,-0.06282503633167162
214,22,1.3945265633067792,0,0,0.24190320998718617,0.24190320998718617
221,22,1.5580149391735274,0,0,0.30410202713365664,0.30410202713365664
224,22,0.8066977978213737,0,0,0.12669746436754437,0.12669746436754437
237,22,1.3995291762217816,0,0,-0.21313047066758278,-0.21313047066758278
249,22,1.539464750633651,0,0,0.24721733107594707,0.24721733107594707
251,22,1.5968058028771523,0,0,-0.30894372121837815,-0.30894372121837815
257,22,0.8676885663380126,0,0,0.09209705434067118,0.09209705434067118
263,22,1.5760409799805857,0,0,-0.27347279256811524,-0.27347279256811524
278,22,1.57883318872726,0,0,0.25984378475939446,0.25984378475939446
293,22,1.2016365924351906,0,0,-0.09228035862630281,-0.09228035862630281
321,22,0.9929429096696044,0,0,0.08571877337340228,0.08571877337340228
324,22,1.594876900426845,0,0,0.16189245913484943,0.16189245913484943
328,22,0.9598959623724097,0,0,0.010719626460463066,0.010719626460463066
339,22,1.2919810013574173,0,0,-0.08605287779374766,-0.08605287779374766
347,22,1.141809530393025,0,0,-0.20233678658029464,-0.20233678658029464
354,22,1.3706980813817673,0,0,0.1233464896341541,0.1233464896341541
359,22,1.0517939330064967,0,0,0.16496441990828536,0.16496441990828536
373,22,0.9593468408170129,0,0,0.0952047125962508,0.0952047125962508
37,23,1.2715910020513133,0,0,0.047656025052294965,0.047656025052294965
44,23,0.20461738520442158,0,0,0.0017636842375270637,0.0017636842375270637
56,23,0.46440558035199103,0,0,0.023415859865475952,0.023415859865475952
73,23,1.5631448718908405,46,-1,-0.22902981787785315,0.7709701821221469
77,23,1.4262208213530816,0,0,-0.12802864537821856,-0.12802864537821856
89,23,1.2759683578023342,0,0,0.07391703863656551,0.07391703863656551
97,23,1.3579317787094367,0,0,0.02887411648001033,0.02887411648001033
106,23,1.5749850721774385,0,0,0.05565078314563249,0.05565078314563249
129,23,0.44460560098783125,0,0,0.010197434096406667,0.010197434096406667
164,23,1.503652766275521,0,0,0.13630883809996666,0.13630883809996666
176,23,1.13488514812112,0,0,-0.018935368233096564,-0.018935368233096564
178,23,1.0905586445852204,0,0,-0.03827407042166006,-0.03827407042166006
179,23,1.0998580457551148,0,0,0.05416331101483134,0.05416331101483134
186,23,1.4466831474537705,0,0,-0.06848630913315161,-0.06848630913315161
192,23,0.6771341033559711,0,0,-0.0014303534279751394,-0.0014303534279751394
200,23,0.9377749590550368,0,0,0.0575123211307637,0.0575123211307637
202,23,1.4468616745489622,0,0,-0.003305326263864188,-0.003305326263864188
211,23,1.2706174303727344,0,0,0.05628161144116864,0.05628161144116864
215,23,0.46661027432867574,0,0,-0.007593030556515323,-0.007593030556515323
243,23,1.5755654479022563,0,0,-0.023679288934307846,-0.023679288934307846
252,23,0.9934295199804329,0,0,0.03484369948497254,0.03484369948497254
257,23,1.5078441427716245,0,0,0.04164791065034093,0.04164791065034093
270,23,1.535904926143355,0,0,-0.0380510208962964,-0.0380510208962964
275,23,1.297167821686276,0,0,0.0939479136083477,0.0939479136083477
286,23,1.4831302066852934,0,0,0.10299134605598126,0.10299134605598126
291,23,1.5525005297253982,46,-1,-0.24190710721859665,0.7580928927814033
297,23,1.0801542696017563,0,0,-0.047960397313629194,-0.047960397313629194
305,23,1.510988359659388,0,0,0.11553835438727426,0.11553835438727426
320,23,1.4553377424644296,46,-1,-0.18666341589798463,0.8133365841020154
321,23,1.398181289018537,0,0,0.03526962968307202,0.03526962968307202
322,23,1.3852251677310656,0,0,0.03318110607914175,0.03318110607914175
328,23,1.3576461568525529,0,0,-0.03972951722986719,-0.03972951722986719
334,23,0.8601454544462879,0,0,0.06647804061211018,0.06647804061211018
335,23,1.5733746393817387,0,0,0.10736701725020256,0.10736701725020256
346,23,0.8148406357547197,0,0,-0.11214483105234294,-0.11214483105234294
350,23,0.804422523369887,0,0,-0.10597469817051486,-0.10597469817051486
354,23,1.385057450930128,0,0,0.07289734594382384,0.07289734594382384
364,23,0.4507298818072002,0,0,-0.024377473633962463,-0.024377473633962463
373,23,1.477714222688526,0,0,0.04475556890592055,0.04475556890592055
375,23,1.3227484752262797,0,0,-0.06765538886576511,-0.06765538886576511
384,23,1.0495928429291168,0,0,0.07297544907962643,0.07297544907962643
390,23,0.8058796864074435,0,0,0.03776818336928975,0.03776818336928975
399,23,0.6967048258592884,0,0,-0.015280793609203687,-0.015280793609203687
35,24,0.9334949039888261,0,0,0.06695955933970876,0.06695955933970876
37,24,1.4140603609781917,0,0,-0.08539365158479578,-0.08539365158479578
38,24,1.5981555853523566,0,0,0.029852342344441896,0.029852342344441896
55,24,0.8535694882080599,0,0,-0.006230010493630728,-0.006230010493630728
59,24,1.2369623966079617,0,0,-0.0957428833771789,-0.0957428833771789
70,24,0.842892607766402,0,0,0.028370524129241376,0.028370524129241376
82,24,1.1661475297451214,0,0,0.21816748928035018,0.21816748928035018
89,24,1.532904806839004,0,0,-0.059132638000525234,-0.059132638000525234
97,24,1.5388949115478996,0,0,-0.10417556015708042,-0.10417556015708042
106,24,1.1139027990693045,0,0,-0.07739889349145826,-0.07739889349145826
113,24,0.4543699816691672,0,0,0.05817260519890535,0.05817260519890535
118,24,0.35710409924929415,0,0,-0.03000402374564133,-0.03000402374564133
120,24,0.5229912310513399,0,0,0.04448871445046734,0.04448871445046734
122,24,1.2281308929318808,0,0,-0.1111111058944056,-0.1111111058944056
142,24,1.4000812765078128,0,0,0.049825238389369,0.049825238389369
151,24,0.6105403349790982,0,0,-0.027379686524485095,-0.027379686524485095
162,24,1.2748759594461643,0,0,-0.12107146448032585,-0.12107146448032585
193,24,1.097037533297955,0,0,-0.03535809681997623,-0.03535809681997623
211,24,1.4314284487916962,0,0,-0.07676806519592211,-0.07676806519592211
219,24,1.4487091860275594,0,0,-0.05553629997153195,-0.05553629997153195
238,24,0.5663617939845679,0,0,-0.0471461636573121,-0.0471461636573121
240,24,1.5410386968206136,0,0,-0.15189026288339796,-0.15189026288339796
248,24,1.542842378918428,0,0,0.23413177417335873,0.23413177417335873
256,24,1.2938226985352599,0,0,0.033456397602493027,0.033456397602493027
277,24,1.129738711156835,0,0,0.07098203618664967,0.07098203618664967
282,24,1.4881540273328857,0,0,-0.023799456526363505,-0.023799456526363505
287,24,1.2410621963678228,0,0,0.0904373852403568,0.0904373852403568
298,24,1.0951119275787922,0,0,-0.049073047758358024,-0.049073047758358024
302,24,1.3474823168203802,0,0,-0.02337578310518751,-0.02337578310518751
322,24,1.499489396788728,0,0,-0.099868570557949,-0.099868570557949
332,24,1.1280920831862213,0,0,0.12186366214725919,0.12186366214725919
335,24,1.3772986616609943,0,0,-0.025682659386888185,-0.025682659386888185
353,24,1.0518221804803443,0,0,-0.06073961068044935,-0.06073961068044935
357,24,1.3696609602196514,0,0,0.304481376554179,0.304481376554179
358,24,0.5130504398309833,0,0,-0.018511577616772384,-0.018511577616772384
370,24,1.2411877383314303,0,0,-0.1134887705636643,-0.1134887705636643
374,24,1.287512495093218,0,0,-0.12937369540574778,-0.12937369540574778
385,24,1.0460338255055954,0,0,-0.0689727321673286,-0.0689727321673286
388,24,1.3515643819533087,0,0,-0.03908739967907365,-0.03908739967907365
60,25,1.1302668831841403,0,0,-0.18910666553139788,-0.18910666553139788
63,25,0.9334798342890033,0,0,-0.08635608409206819,-0.08635608409206819
68,25,0.6780700925246731,0,0,0.09890146593782256,0.09890146593782256
91,25,1.5090147170752561,0,0,-0.19625430084357232,-0.19625430084357232
95,25,1.0573870666365752,0,0,0.1730277038529545,0.1730277038529545
117,25,0.9226058033471136,0,0,-0.09711559667444303,-0.09711559667444303
126,25,0.508057873295678,0,0,0.15123466240679537,0.15123466240679537
150,25,0.6507820164744623,0,0,0.15937896323647066,0.15937896323647066
152,25,1.3178091179401132,0,0,-0.2059421255538859,-0.2059421255538859
155,25,0.6814151846244224,0,0,-0.1329018740559833,-0.1329018740559833
166,25,0.8993837798500416,0,0,0.18199245774737763,0.18199245774737763
172,25,1.4773517433702315,0,0,0.2751490854726195,0.2751490854726195
175,25,1.29014294134667,0,0,-0.2858321801814021,-0.2858321801814021
228,25,1.4652925258263545,0,0,0.0365283166050932,0.0365283166050932
245,25,1.258208792982605,0,0,0.23184661131549705,0.23184661131549705
294,25,1.3092652427304936,0,0,0.249403878126799,0.249403878126799
299,25,1.4444443961720586,0,0,0.26415495018983765,0.26415495018983765
336,25,1.5698592343511342,0,0,-0.2683384154926637,-0.2683384154926637
342,25,1.581884604040749,0,0,0.28977387744324473,0.28977387744324473
381,25,1.5382217280805561,0,0,-0.3167605823673394,-0.3167605823673394
36,26,0.7907069927203881,0,0,0.0013871231064469247,0.0013871231064469247
39,26,1.2292537810312176,1,1,0.2188502029947066,-0.7811497970052934
42,26,1.2686327157611417,0,0,-0.043636667475501545,-0.043636667475501545
43,26,1.2328437956646954,1,1,0.2139473258081921,-0.7860526741918079
61,26,1.5388357065198772,0,0,0.0535921865663149,0.0535921865663149
62,26,1.4466551040281255,0,0,-0.24649934072932617,-0.24649934072932617
96,26,0.9417797457109487,0,0,-0.07551849222719936,-0.07551849222719936
98,26,0.6638591943289202,0,0,0.1240086374178881,0.1240086374178881
99,26,0.7162779908646704,0,0,0.02740051013533043,0.02740051013533043
103,26,0.22904531450588286,0,0,-0.011831563295458314,-0.011831563295458314
104,26,0.30772801449851184,0,0,0.03496604709830575,0.03496604709830575
130,26,0.9892479155515862,0,0,-0.020487424301721596,-0.020487424301721596
137,26,0.1615228989581573,0,0,-0.003619428717220874,-0.003619428717220874
170,26,0.4879823726481145,0,0,-0.028209904141251074,-0.028209904141251074
184,26,0.16057727712916992,0,0,-0.013078217311177504,-0.013078217311177504
191,26,0.520869982908048,0,0,0.06714283949767666,0.06714283949767666
226,26,1.4766522927870747,0,0,-0.023275841428200328,-0.023275841428200328
230,26,1.5205381074377007,0,0,-0.24812387799040908,-0.24812387799040908
233,26,1.5526562494475444,1,1,0.2888669337378076,-0.7111330662621924
247,26,1.5719345824698152,1,1,0.3373688787448468,-0.6626311212551532
250,26,1.3807645287859134,0,0,0.09168865288377132,0.09168865288377132
269,26,1.5465449130131816,0,0,-0.2687454611512736,-0.2687454611512736
283,26,1.5158389042788238,0,0,-0.24812387799040903,-0.24812387799040903
284,26,1.4428103073285758,0,0,-0.15444894902549722,-0.15444894902549722
285,26,0.8879355023514338,0,0,-0.08256560234260718,-0.08256560234260718
295,26,0.8474324051659891,0,0,0.07405711749524024,0.07405711749524024
300,26,0.933590325627412,0,0,-0.056611082393336454,-0.056611082393336454
319,26,0.33921634089139624,0,0,0.043992839635789704,0.043992839635789704
341,26,1.1896864265761462,0,0,0.039091818854374544,0.039091818854374544
351,26,1.465183198703761,0,0,0.04377629076517478,0.04377629076517478
352,26,1.215743263689463,0,0,0.13345681005373128,0.13345681005373128
362,26,1.4942761897533683,0,0,-0.1681847075234572,-0.1681847075234572
382,26,1.2795802465056174,0,0,0.0019851181592405176,0.0019851181592405176
32,27,0.6426915173038169,0,0,0.03072125162056738,0.03072125162056738
33,27,0.8717734109203199,0,0,0.04297387578742516,0.04297387578742516
61,27,0.41843075037049904,0,0,-0.026012064535037294,-0.026012064535037294
72,27,0.7896467126508967,0,0,0.05527836104488609,0.05527836104488609
95,27,1.0809782505869625,0,0,-0.0688944211834076,-0.0688944211834076
99,27,1.1580342641151575,0,0,-0.05220374096602176,-0.05220374096602176
111,27,1.248141561379912,0,0,0.14337826489585948,0.14337826489585948
125,27,1.363303134328593,0,0,0.20613095701097445,0.20613095701097445
126,27,1.468090486568648,0,0,-0.09068746262956673,-0.09068746262956673
130,27,1.1931303554544836,0,0,-0.10009167540307379,-0.10009167540307379
136,27,1.1882668452264513,0,0,0.14764383367405334,0.14764383367405334
149,27,0.8752708223938966,0,0,-0.12439536022783135,-0.12439536022783135
150,27,1.2737494146294674,0,0,-0.08254316179989143,-0.08254316179989143
157,27,1.5628290956741007,0,0,0.03845951445979735,0.03845951445979735
166,27,1.2937630660047574,0,0,-0.05992966728898447,-0.05992966728898447
172,27,0.9722337988553306,0,0,0.03322696043625742,0.03322696043625742
223,27,1.1830836445833166,0,0,0.06328586348708261,0.06328586348708261
225,27,1.5190339112350622,0,0,0.1882388875288476,0.1882388875288476
226,27,0.7533203851674117,0,0,-0.10288009252955252,-0.10288009252955252
236,27,1.5419847039157668,0,0,0.11931795752543724,0.11931795752543724
245,27,1.059065861268417,0,0,-0.010075513720865042,-0.010075513720865042
250,27,0.5747198612083975,0,0,0.012084401782419124,0.012084401782419124
264,27,0.9581034135782703,0,0,0.07672589157711833,0.07672589157711833
294,27,1.1841750124323656,0,0,0.007481753090436916,0.007481753090436916
295,27,1.0313651213585497,0,0,-0.005547133606111948,-0.005547133606111948
299,27,0.891125810252326,0,0,0.02223282515347555,0.02223282515347555
319,27,1.5158995072639792,0,0,-0.03561141146556249,-0.03561141146556249
323,27,0.5306917458196163,0,0,0.04888923668693322,0.04888923668693322
342,27,1.058417210008627,0,0,0.047851752406882636,0.047851752406882636
352,27,1.0188931559453411,0,0,0.05385255895237907,0.05385255895237907
394,27,1.5659024653956288,0,0,-0.2828608425159703,-0.2828608425159703
31,28,1.3182387892640905,0,0,0.17591993753494062,0.17591993753494062
46,28,1.4301075268127237,0,0,-0.017902630760418925,-0.017902630760418925
53,28,1.002685468830915,0,0,0.16167209470514332,0.16167209470514332
67,28,0.8202822152049021,0,0,-0.097430896950804,-0.097430896950804
74,28,1.5825855243384095,0,0,0.24221236756746756,0.24221236756746756
78,28,0.9958345043724851,0,0,0.05233425808395503,0.05233425808395503
88,28,1.3857246288238214,0,0,-0.027422339930901693,-0.027422339930901693
102,28,0.20497353812018118,0,0,0.023971608401155198,0.023971608401155198
116,28,0.45129225850899685,0,0,0.10295924481422455,0.10295924481422455
123,28,1.3129222126696938,0,0,-0.25327095532314364,-0.25327095532314364
128,28,0.3580373714656494,0,0,-0.04352420009053588,-0.04352420009053588
158,28,1.2049269065107284,0,0,-0.10684327519424232,-0.10684327519424232
178,28,1.3140555900745146,0,0,0.06743097311385852,0.06743097311385852
186,28,1.1696959654868337,0,0,0.037218734402366976,0.037218734402366976
188,28,1.119792819378387,0,0,-0.15580478790651714,-0.15580478790651714
189,28,0.09362713025041502,0,0,-0.007569136486483288,-0.007569136486483288
218,28,1.5085020041120936,0,0,-0.2668310648586577,-0.2668310648586577
224,28,0.9953027340859064,0,0,0.18195336421273273,0.18195336421273273
237,28,1.2578127429680417,0,0,-0.15787457082239442,-0.15787457082239442
251,28,1.4854549073137386,0,0,-0.2536878213731898,-0.2536878213731898
257,28,1.0135140110118415,0,0,0.14735295418585953,0.14735295418585953
263,28,1.498676557956819,0,0,-0.21821689272292688,-0.21821689272292688
293,28,1.209610121429773,0,0,-0.037024458781114475,-0.037024458781114475
321,28,1.1360700694534962,0,0,0.1409746732185906,0.1409746732185906
328,28,1.0149609496074727,0,0,0.0659755263056514,0.0659755263056514
339,28,1.1832666194375876,0,0,-0.03079697794855933,-0.03079697794855933
347,28,0.9667384336647042,0,0,-0.14708088673510633,-0.14708088673510633
354,28,1.5475629430473687,0,0,0.17860238947934243,0.17860238947934243
359,28,1.254504645434348,0,0,0.22022031975347373,0.22022031975347373
373,28,1.1287985226316075,0,0,0.15046061244143913,0.15046061244143913
41,29,0.701247909137677,0,0,-0.18527721542006392,-0.18527721542006392
66,29,1.597952328891887,0,0,-0.21864644461590987,-0.21864644461590987
76,29,1.2984522000348964,1,1,0.2591411744669717,-0.7408588255330283
110,29,1.3897777701432146,1,1,0.19164954521017763,-0.8083504547898224
113,29,1.5274745334879605,0,0,-0.3379415807441095,-0.3379415807441095
127,29,1.452694434456086,0,0,-0.2878675492092184,-0.2878675492092184
133,29,0.9712130339563612,0,0,0.2111211317123558,0.2111211317123558
138,29,0.4187718131867824,0,0,-0.12110675158825474,-0.12110675158825474
142,29,1.1378573535881509,0,0,-0.3462889475536458,-0.3462889475536458
161,29,0.6330494653189351,0,0,0.12355689471649378,0.12355689471649378
171,29,1.1429102404999736,1,1,0.08558097895372474,-0.9144190210462753
201,29,0.7472408672105408,0,0,-0.039679441663855286,-0.039679441663855286
256,29,1.3408982289840345,0,0,-0.3626577883405218,-0.3626577883405218
289,29,1.5640586330521036,1,1,0.3087397978145976,-0.6912602021854024
292,29,0.5131304881507369,0,0,-0.04393168269536807,-0.04393168269536807
310,29,1.5023137589112299,0,0,0.09373638330504708,0.09373638330504708
333,29,1.4928847540678711,1,1,0.3401609152327165,-0.6598390847672835
345,29,0.8531066869773535,0,0,0.16088382596187345,0.16088382596187345
357,29,1.381126432886671,0,0,-0.09163280938883583,-0.09163280938883583
377,29,1.3482832652485168,0,0,0.1654565317251765,0.1654565317251765
396,29,1.1233166505644387,1,1,0.052933515435813705,-0.9470664845641863
47,30,1.0585604548414234,0,0,-0.11723412233936265,-0.11723412233936265
79,30,0.34027744362171697,0,0,0.019085589270612165,0.019085589270612165
92,30,0.6125618140119174,0,0,0.0020432770645082005,0.0020432770645082005
105,30,1.5935353101347003,0,0,-0.041872289340660146,-0.041872289340660146
114,30,1.5147083378369521,0,0,-0.1440635036621803,-0.1440635036621803
115,30,0.4467512353009093,0,0,0.01908558927061222,0.01908558927061222
131,30,0.9283975174519661,0,0,-0.01634452145502018,-0.01634452145502018
134,30,0.5056608879328396,0,0,-0.025467436885077542,-0.025467436885077542
139,30,1.116379617948037,0,0,-0.01000486272890853,-0.01000486272890853
143,30,0.7076954516419309,0,0,0.05395830126603922,0.05395830126603922
154,30,0.8443571747407865,0,0,0.05920613906067018,0.05920613906067018
169,30,1.2287711664558412,0,0,-0.11701185092385623,-0.11701185092385623
180,30,1.530695311093494,0,0,-0.122629085528268,-0.122629085528268
193,30,1.5062363720508896,0,0,0.06662727092615983,0.06662727092615983
194,30,0.9396411649071108,0,0,0.06645054404352621,0.06645054404352621
196,30,1.5440478621079787,0,0,-0.1665890520158414,-0.1665890520158414
197,30,1.0296303007677137,0,0,0.08581922652935617,0.08581922652935617
205,30,0.7385875758144224,0,0,0.04710223808832037,0.04710223808832037
217,30,0.8801574823405106,0,0,-0.0559681017532243,-0.0559681017532243
219,30,1.2638647817757147,0,0,0.046449067774604114,0.046449067774604114
227,30,1.522197954274665,0,0,-0.17966563917365974,-0.17966563917365974
229,30,1.1077800446368533,0,0,-0.002107601856468813,-0.002107601856468813
232,30,1.591766296038461,0,0,0.13687369538347988,0.13687369538347988
242,30,0.8974696707973492,0,0,-0.08307267159968273,-0.08307267159968273
246,30,1.0251618213873974,0,0,-0.011388369626454724,-0.011388369626454724
255,30,1.586754501096201,0,0,0.15435333102457585,0.15435333102457585
259,30,1.5225324822536372,0,0,-0.1596275054916781,-0.1596275054916781
261,30,0.9557366517422051,0,0,0.03283869690745894,0.03283869690745894
268,30,1.1301112122892845,0,0,0.1001787866931978,0.1001787866931978
273,30,0.937233794287006,0,0,-0.07383723937955913,-0.07383723937955913
282,30,1.1699980729793222,0,0,0.07818591121977256,0.07818591121977256
298,30,1.5473052983702635,0,0,0.05291231998777804,0.05291231998777804
309,30,1.1287423972793187,0,0,-0.0523551349993069,-0.0523551349993069
331,30,1.2628117526264724,0,0,-0.09993367486284375,-0.09993367486284375
340,30,1.3974252923198855,0,0,0.1303792367034665,0.1303792367034665
343,30,0.9709193671502526,0,0,-0.09542762295758295,-0.09542762295758295
387,30,0.9858934185419314,0,0,0.06783906980466997,0.06783906980466997
388,30,1.2594222737978178,0,0,0.06289796806706241,0.06289796806706241
392,30,1.1916355430813719,0,0,0.10293337792875024,0.10293337792875024
395,30,0.3588602092004378,0,0,0.0034897790102413825,0.0034897790102413825
397,30,1.341777916222646,0,0,0.11505368139893479,0.11505368139893479
34,31,1.5055623619346867,0,0,0.22050838431172176,0.22050838431172176
46,31,0.798364536090428,0,0,-0.19382256829535954,-0.19382256829535954
53,31,0.35409658570468033,0,0,-0.014247842829797311,-0.014247842829797311
67,31,1.3539508129413256,0,0,-0.2733508344857446,-0.2733508344857446
78,31,0.44643083641371856,0,0,-0.12358567945098559,-0.12358567945098559
80,31,0.6630435191296281,0,0,-0.104908933680114,-0.104908933680114
102,31,1.1185127482011277,0,0,-0.15194832913378542,-0.15194832913378542
111,31,1.5155081089235511,0,0,-0.07607261575966777,-0.07607261575966777
116,31,1.161365358209144,0,0,-0.07296069272071606,-0.07296069272071606
128,31,1.3831035106024372,0,0,-0.2194441376254765,-0.2194441376254765
157,31,1.4895694633874899,0,0,-0.1809913661957299,-0.1809913661957299
165,31,1.565943716482229,0,0,0.20942497869286852,0.20942497869286852
174,31,1.5742675315294186,0,0,0.2225040140530678,0.2225040140530678
189,31,1.371982552173006,0,0,-0.1834890740214239,-0.1834890740214239
195,31,1.3351439243007333,0,0,0.15701714549541118,0.15701714549541118
204,31,1.5183922649235606,0,0,0.23487738586108547,0.23487738586108547
214,31,0.9046227812931273,0,0,0.12123917229743388,0.12123917229743388
221,31,1.4716169551430949,0,0,0.18343798944390438,0.18343798944390438
223,31,1.5520874622768444,0,0,-0.15616501716844464,-0.15616501716844464
224,31,1.447689399935292,0,0,0.006033426677792095,0.006033426677792095
225,31,1.4394736150235268,0,0,-0.031211993126679646,-0.031211993126679646
236,31,1.0388276631298956,0,0,-0.10013292313009,-0.10013292313009
253,31,1.3779478259752664,0,0,0.21577470099223944,0.21577470099223944
254,31,1.5055996363203075,0,0,0.22632114598616648,0.22632114598616648
266,31,1.0977771964734058,0,0,-0.14719731852639917,-0.14719731852639917
272,31,1.4658143587854577,0,0,0.19543919634837587,0.19543919634837587
278,31,0.962783513572441,0,0,0.13917974706964215,0.13917974706964215
293,31,0.9064719916189312,0,0,-0.2129443963160551,-0.2129443963160551
324,31,0.4830582267865472,0,0,0.04122842144509714,0.04122842144509714
325,31,0.5955116768824847,0,0,0.004097598091688817,0.004097598091688817
359,31,1.5008730988226664,0,0,0.044300382218533094,0.044300382218533094
369,31,1.356722332395276,0,0,0.20096440846232816,0.20096440846232816
373,31,1.5916456597617836,0,0,-0.025459325093501482,-0.025459325093501482
33,32,0.26163650397160465,0,0,0.012252624166857781,0.012252624166857781
61,32,1.0610523294839913,0,0,-0.056733316155604674,-0.056733316155604674
68,32,1.5297287316558987,0,0,-0.1737419107191069,-0.1737419107191069
72,32,0.3511630632062417,0,0,0.024557109424318713,0.024557109424318713
80,32,1.3869084513300731,0,0,0.08382069535484586,0.08382069535484586
95,32,1.2120284239362562,0,0,-0.09961567280397499,-0.09961567280397499
111,32,0.9558273243124497,0,0,0.1126570132752921,0.1126570132752921
125,32,1.3107685834464082,0,0,0.17540970539040707,0.17540970539040707
126,32,1.3199146334463674,0,0,-0.12140871425013411,-0.12140871425013411
136,32,1.2012335655631003,0,0,0.11692258205348598,0.11692258205348598
149,32,1.4408924856907266,0,0,-0.15511661184839873,-0.15511661184839873
150,32,1.1622542804852094,0,0,-0.11326441342045881,-0.11326441342045881
157,32,0.9268359810772568,0,0,0.007738262839229973,0.007738262839229973
166,32,0.9658544908229157,0,0,-0.09065091890955185,-0.09065091890955185
172,32,0.3506403477701092,0,0,0.0025057088156900387,0.0025057088156900387
187,32,1.587250551929488,0,0,0.24304671021132815,0.24304671021132815
223,32,0.5422915950177859,0,0,0.03256461186651523,0.03256461186651523
225,32,1.2388477436627234,0,0,0.15751763590828022,0.15751763590828022
226,32,1.3844622928215802,0,0,-0.1336013441501199,-0.1336013441501199
236,32,0.9838383535984757,0,0,0.08859670590486986,0.08859670590486986
245,32,0.6230432671991916,0,0,-0.04079676534143242,-0.04079676534143242
250,32,1.021645100825517,0,0,-0.018636849838148256,-0.018636849838148256
264,32,0.4973385207006681,0,0,0.04600463995655095,0.04600463995655095
266,32,1.0414792420464074,0,0,0.04153231050856071,0.04153231050856071
294,32,0.6535880308642145,0,0,-0.023239498530130465,-0.023239498530130465
295,32,1.5589001343172502,0,0,-0.03626838522667933,-0.03626838522667933
299,32,0.3473949569688449,0,0,-0.00848842646709183,-0.00848842646709183
323,32,0.39278151342849005,0,0,0.01816798506636584,0.01816798506636584
325,32,1.5638819651800573,0,0,0.19282722712664868,0.19282722712664868
342,32,0.4163520448189946,0,0,0.017130500786315256,0.017130500786315256
352,32,1.3423984442529049,0,0,0.023131307331811693,0.023131307331811693
46,33,1.5920478190264746,0,0,-0.01734556342725746,-0.01734556342725746
61,33,1.2850691531654568,0,0,-0.06898594032246246,-0.06898594032246246
68,33,1.3941574621201662,0,0,-0.18599453488596468,-0.18599453488596468
72,33,0.4958667060976825,0,0,0.012304485257460931,0.012304485257460931
80,33,1.2765577782025763,0,0,0.07156807118798808,0.07156807118798808
95,33,1.2976173695251125,0,0,-0.11186829697083277,-0.11186829697083277
111,33,1.0843668128930755,0,0,0.10040438910843431,0.10040438910843431
125,33,1.5026156429365531,0,0,0.16315708122354927,0.16315708122354927
126,33,1.3074331986525647,0,0,-0.1336613384169919,-0.1336613384169919
136,33,1.4088227408456884,0,0,0.1046699578866282,0.1046699578866282
150,33,1.1791310532534875,0,0,-0.12551703758731658,-0.12551703758731658
157,33,0.6944879121791817,0,0,-0.004514361327627808,-0.004514361327627808
166,33,0.8640048525808784,0,0,-0.10290354307640963,-0.10290354307640963
172,33,0.17756820565732995,0,0,-0.009746915351167743,-0.009746915351167743
223,33,0.3809663527443843,0,0,0.020311987699657447,0.020311987699657447
225,33,1.3548564568046453,0,0,0.14526501174142242,0.14526501174142242
236,33,0.9340000409573512,0,0,0.07634408173801208,0.07634408173801208
245,33,0.4744857388297694,0,0,-0.053049389508290204,-0.053049389508290204
250,33,1.2588612209766334,0,0,-0.030889474005006037,-0.030889474005006037
264,33,0.5897077161997881,0,0,0.03375201578969317,0.03375201578969317
266,33,0.8845448301443395,0,0,0.02927968634170293,0.02927968634170293
294,33,0.44755323560789684,0,0,-0.035492122696988246,-0.035492122696988246
299,33,0.18638763101016126,0,0,-0.020741050633949612,-0.020741050633949612
323,33,0.6328482419893112,0,0,0.00591536089950806,0.00591536089950806
325,33,1.5251940365061247,0,0,0.1805746029597909,0.1805746029597909
342,33,0.25003862191452136,0,0,0.004877876619457475,0.004877876619457475
352,33,1.5807913317253297,0,0,0.010878683164953912,0.010878683164953912
40,34,1.4019127494520183,0,0,-0.05477350390513949,-0.05477350390513949
48,34,1.2019646666125738,0,0,0.11185766356847959,0.11185766356847959
50,34,0.8099595281697503,0,0,0.024463853884852116,0.024463853884852116
84,34,1.181852186013717,0,0,0.14536320255220286,0.14536320255220286
85,34,1.5231214985862878,1,1,0.1658607844229567,-0.8341392155770433
91,34,1.4408281537434033,1,1,0.12186430915281665,-0.8781356908471833
101,34,1.5200038942717078,0,0,-0.03955624087346071,-0.03955624087346071
152,34,1.4777227938897546,1,1,0.11217648444250305,-0.887823515557497
165,34,0.15643768708296543,0,0,-0.011083405618853237,-0.011083405618853237
174,34,0.1561871402581648,0,0,0.001995629741346039,0.001995629741346039
195,34,0.8133655859834297,0,0,-0.06349123881631055,-0.06349123881631055
204,34,0.31239060114531686,0,0,0.014369001549363714,0.014369001549363714
214,34,1.0194498405997934,0,0,-0.09926921201428787,-0.09926921201428787
220,34,1.4975163404427192,1,1,0.16586078442295715,-0.8341392155770428
221,34,0.9717499688050473,0,0,-0.03707039486781738,-0.03707039486781738
241,34,1.470183916743853,0,0,0.007499043048309062,0.007499043048309062
253,34,0.2646950427157883,0,0,-0.004733683319482318,-0.004733683319482318
254,34,0.4054918407994264,0,0,0.005812761674444722,0.005812761674444722
262,34,0.8247895459814499,0,0,0.07580503515392428,0.07580503515392428
272,34,0.6194503564802405,0,0,-0.025069187963345896,-0.025069187963345896
278,34,0.7916894403521568,0,0,-0.08132863724207959,-0.08132863724207959
279,34,1.4479706470650657,0,0,-0.01987476259598575,-0.01987476259598575
317,34,0.8340794362239954,0,0,0.026841018552451523,0.026841018552451523
324,34,1.304971807614535,0,0,-0.17927996286662462,-0.17927996286662462
325,34,1.537813260668313,0,0,-0.21641078622003293,-0.21641078622003293
338,34,0.22685393857868238,0,0,0.018577776279774916,0.018577776279774916
363,34,1.0138013200309535,1,1,0.04135093377779331,-0.9586490662222067
369,34,0.4074203692219273,0,0,-0.019543975849393602,-0.019543975849393602
372,34,1.2245004318349164,0,0,-0.04235516722684812,-0.04235516722684812
383,34,1.343637517998177,0,0,0.10321138068917213,0.10321138068917213
389,34,1.0134484986489047,0,0,-0.0017425400512041112,-0.0017425400512041112
393,34,0.535692875963838,0,0,0.03584513658683108,0.03584513658683108
38,35,0.8386629612269431,0,0,-0.03710721699526687,-0.03710721699526687
54,35,0.7715811359851131,0,0,0.06151045620239454,0.06151045620239454
70,35,0.2680886545923159,0,0,-0.03858903521046739,-0.03858903521046739
82,35,1.124716211258633,0,0,0.15120792994064142,0.15120792994064142
113,35,1.1731412548629245,0,0,-0.00878695414080341,-0.00878695414080341
118,35,1.0563461814591395,0,0,-0.0969635830853501,-0.0969635830853501
120,35,0.44276323334053597,0,0,-0.02247084488924142,-0.02247084488924142
145,35,1.0966932050348495,0,0,0.249941343876858,0.249941343876858
151,35,0.8909017688469038,0,0,-0.09433924586419386,-0.09433924586419386
193,35,0.9731389801035533,0,0,-0.102317656159685,-0.102317656159685
194,35,1.3633325672121261,0,0,-0.10249438304231862,-0.10249438304231862
205,35,1.535565546398069,0,0,-0.12184268899752446,-0.12184268899752446
219,35,1.292253651788277,0,0,-0.12249585931124071,-0.12249585931124071
232,35,1.2701596893302904,0,0,-0.03207123170236495,-0.03207123170236495
238,35,1.4503707279068887,0,0,-0.11410572299702086,-0.11410572299702086
248,35,1.048487637582058,0,0,0.16717221483364997,0.16717221483364997
277,35,0.2621260514218115,0,0,0.004022476846940903,0.004022476846940903
282,35,1.1393999171937725,0,0,-0.09075901586607227,-0.09075901586607227
287,35,0.4010568926230743,0,0,0.023477825900648036,0.023477825900648036
298,35,1.058746498207764,0,0,-0.11603260709806679,-0.11603260709806679
332,35,0.479793583874276,0,0,0.054904102807550426,0.054904102807550426
353,35,1.2354876385185793,0,0,-0.12769917002015813,-0.12769917002015813
355,35,1.5522231404503481,0,0,0.3187925825010607,0.3187925825010607
357,35,1.555374438268789,0,0,0.23752181721447024,0.23752181721447024
358,35,0.8548151675428461,0,0,-0.08547113695648115,-0.08547113695648115
388,35,1.1877346341125683,0,0,-0.10604695901878242,-0.10604695901878242
42,36,0.6119669507150429,0,0,-0.04502379058194847,-0.04502379058194847
62,36,1.4107914975100135,0,0,-0.2478864638357731,-0.2478864638357731
65,36,1.484836284854524,0,0,0.1512374579679219,0.1512374579679219
81,36,1.573466089881915,1,1,0.2537023644237635,-0.7462976355762365
96,36,1.5423636229749031,0,0,-0.07690561533364629,-0.07690561533364629
98,36,1.1004096827576801,0,0,0.12262151431144118,0.12262151431144118
99,36,1.5068478558084664,0,0,0.026013387028883506,0.026013387028883506
103,36,0.9931891304183759,0,0,-0.013218686401905239,-0.013218686401905239
104,36,0.49026881114288323,0,0,0.03357892399185883,0.03357892399185883
137,36,0.858616174494631,0,0,-0.005006551823667799,-0.005006551823667799
170,36,1.1855225429033256,0,0,-0.029597027247698,-0.029597027247698
183,36,1.151605888226293,0,0,0.054280004698193274,0.054280004698193274
184,36,0.638097445016117,0,0,-0.014465340417624428,-0.014465340417624428
191,36,0.5474368212745738,0,0,0.06575571639122973,0.06575571639122973
280,36,1.503579929801458,0,0,-0.16465470007950553,-0.16465470007950553
285,36,1.3951215387143627,0,0,-0.0839527254490541,-0.0839527254490541
300,36,0.3789741762178845,0,0,-0.05799820549978338,-0.05799820549978338
319,36,1.1161720569546763,0,0,0.04260571652934278,0.04260571652934278
341,36,0.49789449452446993,0,0,0.03770469574792762,0.03770469574792762
351,36,0.7798407335234344,0,0,0.042389167658727855,0.042389167658727855
382,36,0.5091337823226854,0,0,0.0005979950527935929,0.0005979950527935929
398,36,1.2497876016928529,0,0,-0.05770608828362886,-0.05770608828362886
44,37,1.159456709379793,0,0,-0.0458923408147679,-0.0458923408147679
55,37,0.8161464603782194,0,0,0.07916364109116505,0.07916364109116505
56,37,0.8313134197552396,0,0,-0.024240165186819016,-0.024240165186819016
59,37,0.680556089661972,0,0,-0.010349231792383111,-0.010349231792383111
89,37,0.43671242693052886,0,0,0.02626101358427055,0.02626101358427055
97,37,0.5212707611844268,0,0,-0.018781908572284636,-0.018781908572284636
106,37,0.30582370118617364,0,0,0.007994758093337523,0.007994758093337523
113,37,1.4712792501368417,0,0,0.14356625678370113,0.14356625678370113
118,37,1.2970804380878656,0,0,0.05538962783915445,0.05538962783915445
122,37,1.3538873423020983,0,0,-0.02571745430960982,-0.02571745430960982
127,37,1.3172717905129663,0,0,0.19364028831859217,0.19364028831859217
129,37,1.5063337411702329,0,0,-0.0374585909558883,-0.0374585909558883
142,37,1.3174661483923455,0,0,0.13521888997416479,0.13521888997416479
162,37,0.8682062103825495,0,0,-0.03567781289553007,-0.03567781289553007
164,37,1.47794318944796,0,0,0.0886528130476717,0.0886528130476717
176,37,1.0216315660927864,0,0,-0.06659139328539153,-0.06659139328539153
179,37,0.3067163706193916,0,0,0.0065072859625363785,0.0065072859625363785
192,37,0.9401206904163788,0,0,-0.04908637848027011,-0.04908637848027011
200,37,1.2434218447123584,0,0,0.009856296078468732,0.009856296078468732
202,37,0.9388929925590493,0,0,-0.050961351316159156,-0.050961351316159156
211,37,0.15612254427574954,0,0,0.008625586388873674,0.008625586388873674
215,37,1.037623691592163,0,0,-0.05524905560881029,-0.05524905560881029
238,37,0.8734926051883364,0,0,0.038247487927483684,0.038247487927483684
243,37,1.1378771071084939,0,0,-0.07133531398660281,-0.07133531398660281
252,37,0.33642149681752404,0,0,-0.012812325567322425,-0.012812325567322425
256,37,1.155423431451182,0,0,0.11885004918728881,0.11885004918728881
270,37,1.2506354119525103,0,0,-0.08570704594859137,-0.08570704594859137
275,37,0.9853603393066163,0,0,0.046291888556052735,0.046291888556052735
286,37,1.0342244834467609,0,0,0.055335321003686294,0.055335321003686294
297,37,1.3434399902362892,0,0,-0.09561642236592416,-0.09561642236592416
302,37,0.7576690994333106,0,0,0.062017868479608274,0.062017868479608274
303,37,1.1612755975657993,0,0,-0.07680338784645441,-0.07680338784645441
322,37,0.5029683754458049,0,0,-0.014474918973153214,-0.014474918973153214
334,37,0.7771366169825347,0,0,0.01882201555981522,0.01882201555981522
335,37,0.6496920223172715,0,0,0.0597109921979076,0.0597109921979076
358,37,1.5644439344176775,0,0,0.0668820739680234,0.0668820739680234
364,37,1.484382301472544,0,0,-0.07203349868625743,-0.07203349868625743
370,37,0.7566936056304863,0,0,-0.028095118978868523,-0.028095118978868523
374,37,1.425693742584003,0,0,-0.04398004382095201,-0.04398004382095201
375,37,1.4054342275931992,0,0,-0.11531141391806007,-0.11531141391806007
384,37,0.6318210675299969,0,0,0.025319424027331464,0.025319424027331464
385,37,0.37204956347555945,0,0,0.016420919417467178,0.016420919417467178
390,37,0.4688789792653942,0,0,-0.009887841683005216,-0.009887841683005216
399,37,1.0912559582572523,0,0,-0.06293681866149865,-0.06293681866149865
54,38,0.537543183729298,0,0,0.0986176731976614,0.0986176731976614
70,38,0.7989321179864097,0,0,-0.00148181821520052,-0.00148181821520052
79,38,1.3892985658708372,0,0,-0.1127521208199658,-0.1127521208199658
92,38,1.4835114783205177,0,0,-0.12979443302606974,-0.12979443302606974
115,38,1.3736135286968627,0,0,-0.11275212081996575,-0.11275212081996575
118,38,1.584614716316241,0,0,-0.05985636609008323,-0.05985636609008323
120,38,1.215362002425189,0,0,0.014636372106025447,0.014636372106025447
143,38,1.1190065612464215,0,0,-0.07787940882453874,-0.07787940882453874
145,38,1.4685456000712542,0,0,0.2870485608721249,0.2870485608721249
151,38,1.277860549548328,0,0,-0.05723202886892699,-0.05723202886892699
193,38,0.969784676561821,0,0,-0.06521043916441813,-0.06521043916441813
194,38,0.9055457825154763,0,0,-0.06538716604705175,-0.06538716604705175
197,38,0.9343596302695637,0,0,-0.04601848356122179,-0.04601848356122179
205,38,1.0181854955441128,0,0,-0.08473547200225759,-0.08473547200225759
219,38,1.199305583321411,0,0,-0.08538864231597385,-0.08538864231597385
229,38,1.547939056144799,0,0,-0.13394531194704679,-0.13394531194704679
232,38,0.4430310114917781,0,0,0.005035985292901918,0.005035985292901918
255,38,0.9765314239186594,0,0,0.022515620933997893,0.022515620933997893
258,38,0.9036509697014812,0,0,0.14551702655757842,0.14551702655757842
268,38,0.9542617552104872,0,0,-0.03165892339738016,-0.03165892339738016
277,38,0.5785119433723765,0,0,0.04112969384220777,0.04112969384220777
282,38,0.7619966005524583,0,0,-0.0536517988708054,-0.0536517988708054
287,38,0.9665755482172564,0,0,0.0605850428959149,0.0605850428959149
298,38,1.1416376358607179,0,0,-0.07892539010279992,-0.07892539010279992
327,38,1.0356725612461206,0,0,0.21260623444089966,0.21260623444089966
332,38,1.1959629490867265,0,0,0.09201131980281729,0.09201131980281729
340,38,1.4509960701198716,0,0,-0.0014584733871114697,-0.0014584733871114697
348,38,1.4078244495695,1,1,0.37695021637583137,-0.6230497836241686
353,38,1.4597329368308443,0,0,-0.09059195302489124,-0.09059195302489124
358,38,1.290397746402308,0,0,-0.04836391996121428,-0.04836391996121428
388,38,1.0434557167994114,0,0,-0.06893974202351555,-0.06893974202351555
392,38,0.8704608580369688,0,0,-0.028904332161827723,-0.028904332161827723
397,38,1.1649878296222307,0,0,-0.016784028691643166,-0.016784028691643166
43,39,0.034633396822883585,0,0,-0.004902877186514498,-0.004902877186514498
61,39,1.5882416629830143,46,-1,-0.16525801642839166,0.8347419835716083
81,39,1.1285133108887617,0,0,0.036239284535503846,0.036239284535503846
86,39,1.2755727439355762,0,0,0.28569853645774834,0.28569853645774834
98,39,0.6727532150250222,46,-1,-0.09484156557681844,0.9051584344231816
99,39,1.2239206281854134,46,-1,-0.19144969285937607,0.8085503071406239
103,39,1.2859259750378371,46,-1,-0.2306817662901648,0.7693182337098352
104,39,1.3169571135546525,46,-1,-0.18388415589640084,0.8161158441035992
111,39,1.4275584891255857,46,-1,0.00413231300250505,1.004132313002505
121,39,1.1048939706810388,0,0,0.25513798126960685,0.25513798126960685
125,39,1.0834407242330022,46,-1,0.06688500511762019,1.0668850051176202
130,39,1.5805101307186002,46,-1,-0.23933762729642816,0.7606623727035718
136,39,0.8524692674313418,46,-1,0.008397881780699112,1.0083978817806991
137,39,1.3519254643503005,46,-1,-0.22246963171192746,0.7775303682880725
146,39,1.5813412803287932,0,0,0.34666447232940756,0.34666447232940756
148,39,1.3525658952978,0,0,0.28409958088394405,0.28409958088394405
163,39,0.5831317090657316,0,0,0.13511453004720553,0.13511453004720553
170,39,1.4439972751438424,46,-1,-0.2470601071359576,0.7529398928640424
184,39,1.326707918755348,46,-1,-0.231928420305884,0.768071579694116
191,39,1.2666320716364798,46,-1,-0.15170736349702985,0.8482926365029702
203,39,0.9708055736252762,0,0,0.19980736641469854,0.19980736641469854
209,39,1.5520150028449866,0,0,0.25063299735383493,0.25063299735383493
225,39,1.5401388914075504,46,-1,0.04899293563549323,1.0489929356354932
233,39,0.39338692239094775,0,0,0.07001673074310111,0.07001673074310111
235,39,1.2283414106828916,0,0,0.160056439292934,0.160056439292934
239,39,0.886175544343026,0,0,0.20579643146082638,0.20579643146082638
247,39,0.7003215792920839,0,0,0.11851867575014019,0.11851867575014019
250,39,1.1438154097473552,46,-1,-0.12716155011093522,0.8728384498890648
281,39,1.4929217065218996,0,0,0.30200300688087867,0.30200300688087867
288,39,1.3534227787692965,0,0,0.15825916336468415,0.15825916336468415
295,39,1.0392766949616383,46,-1,-0.14479308549946635,0.8552069145005337
313,39,0.8808857303170542,0,0,0.17075029921260443,0.17075029921260443
319,39,1.077402166794338,46,-1,-0.17485736335891677,0.8251426366410832
323,39,1.4998197624902856,46,-1,-0.09035671520642108,0.9096432847935789
352,39,0.6457262854569163,46,-1,-0.08539339294097525,0.9146066070590247
50,40,1.0551591427623834,0,0,0.07923735778999161,0.07923735778999161
53,40,1.524272028544169,0,0,-0.17998272323637957,-0.17998272323637957
58,40,0.7178456639490517,0,0,0.08469089638850938,0.08469089638850938
74,40,0.8657431201507675,0,0,-0.0994424503740553,-0.0994424503740553
75,40,1.1425157489249058,0,0,0.1550224976013114,0.1550224976013114
87,40,1.10406636304101,0,0,-0.017212937953439145,-0.017212937953439145
101,40,0.19627660741285205,0,0,0.01521726303167878,0.01521726303167878
116,40,1.456855452848565,0,0,-0.23869557312729833,-0.23869557312729833
135,40,1.124096521787052,0,0,0.1679928873566909,0.1679928873566909
165,40,1.3548284577730731,0,0,0.043690098286286255,0.043690098286286255
174,40,1.5001372847912904,0,0,0.05676913364648553,0.05676913364648553
199,40,0.972433540284641,0,0,0.03576582586392055,0.03576582586392055
214,40,0.9553243934396606,0,0,-0.04449570810914838,-0.04449570810914838
221,40,0.4351588304444488,0,0,0.017703109037322112,0.017703109037322112
224,40,1.1626883850761727,0,0,-0.15970145372879016,-0.15970145372879016
241,40,0.6436779143371548,0,0,0.062272546953448554,0.062272546953448554
249,40,0.526186473651716,0,0,-0.03918158702038749,-0.03918158702038749
253,40,1.531148622649682,0,0,0.050039820585657174,0.050039820585657174
257,40,1.4061675912287064,0,0,-0.19430186375566336,-0.19430186375566336
262,40,1.4705317497703116,0,0,0.13057853905906378,0.13057853905906378
271,40,0.7871355995207139,0,0,0.09873995685239931,0.09873995685239931
278,40,1.0856578747667531,0,0,-0.026555133336940095,-0.026555133336940095
279,40,0.23346574455998167,0,0,0.03489874130915374,0.03489874130915374
305,40,1.2694689613074661,0,0,-0.12041142001873002,-0.12041142001873002
307,40,1.2820171263281719,0,0,0.1752181097273626,0.1752181097273626
317,40,1.06703175338167,0,0,0.08161452245759102,0.08161452245759102
318,40,0.570613163128826,0,0,0.05878774460772199,0.05878774460772199
321,40,1.444124219075217,0,0,-0.20068014472293227,-0.20068014472293227
354,40,1.3234099023809966,0,0,-0.16305242846218043,-0.16305242846218043
359,40,0.9243876218409962,0,0,-0.12143449818804916,-0.12143449818804916
369,40,1.5101931969626192,0,0,0.03522952805574589,0.03522952805574589
372,40,0.23572126835239632,0,0,0.01241833667829137,0.01241833667829137
373,40,1.4404111619508675,0,0,-0.19119420550008373,-0.19119420550008373
379,40,0.7151461406895354,0,0,0.0888582062110145,0.0888582062110145
380,40,0.8422810500256247,0,0,0.06955543905897568,0.06955543905897568
383,40,1.2692931708116855,0,0,0.15798488459431162,0.15798488459431162
386,40,0.272761992829435,0,0,-0.0014241239088164659,-0.0014241239088164659
389,40,0.5208793596443929,0,0,0.05303096385393538,0.05303096385393538
391,40,1.4945208941328065,0,0,0.1734566161352448,0.1734566161352448
393,40,1.3486499657845452,0,0,0.09061864049197058,0.09061864049197058
55,41,1.1924577135434364,0,0,-0.21706698101658164,-0.21706698101658164
66,41,0.9400278487730659,0,0,-0.03336922919584595,-0.03336922919584595
106,41,1.5874097546367523,0,0,-0.28823586401440915,-0.28823586401440915
113,41,1.3610129227123973,0,0,-0.15266436532404556,-0.15266436532404556
127,41,0.7837995344185255,0,0,-0.10259033378915453,-0.10259033378915453
133,41,1.2592301811554134,0,0,0.3963983471324197,0.3963983471324197
138,41,0.34156141269839735,0,0,0.06417046383180919,0.06417046383180919
142,41,0.52377614471801,0,0,-0.16101173213358191,-0.16101173213358191
161,41,1.272588015930938,0,0,0.3088341101365577,0.3088341101365577
177,41,0.9736125120368612,0,0,0.009303072302092097,0.009303072302092097
201,41,0.43904510014253073,0,0,0.14559777375620864,0.14559777375620864
211,41,1.5255918484276907,0,0,-0.287605035718873,-0.287605035718873
256,41,0.7502586110426157,0,0,-0.1773805729204579,-0.1773805729204579
286,41,1.570342236593843,0,0,-0.2408953011040604,-0.2408953011040604
292,41,0.9166710479883634,0,0,0.14134553272469585,0.14134553272469585
301,41,1.5929243122727759,0,0,0.22333856665689755,0.22333856665689755
302,41,1.1091224358823464,0,0,-0.23421275362813843,-0.23421275362813843
310,41,1.388676347305188,0,0,0.279013598725111,0.279013598725111
335,41,1.2639153443751758,0,0,-0.2365196299098391,-0.2365196299098391
345,41,1.3000500642456905,0,0,0.3461610413819374,0.3461610413819374
377,41,1.4335364930672307,0,0,0.3507337471452404,0.3507337471452404
385,41,1.5434391606895745,0,0,-0.2798097026902795,-0.2798097026902795
62,42,1.1519953349333982,0,0,-0.20286267325382462,-0.20286267325382462
103,42,1.4334865880779886,0,0,0.03180510418004323,0.03180510418004323
104,42,1.0079159119407688,0,0,0.0786027145738073,0.0786027145738073
137,42,1.3395221284108187,0,0,0.04001723875828067,0.04001723875828067
170,42,1.551572227005842,0,0,0.01542676333425047,0.01542676333425047
183,42,1.1825749175043263,0,0,0.09930379528014174,0.09930379528014174
184,42,1.1305051023703125,0,0,0.03055845016432404,0.03055845016432404
191,42,1.1379410383687434,0,0,0.1107795069731782,0.1107795069731782
230,42,1.4382058964644213,0,0,-0.20448721051490754,-0.20448721051490754
280,42,1.00957309690714,0,0,-0.11963090949755706,-0.11963090949755706
283,42,1.4333325018967094,0,0,-0.20448721051490748,-0.20448721051490748
285,42,1.5617405047846442,0,0,-0.038928934867105636,-0.038928934867105636
300,42,0.3397135584876187,0,0,-0.012974414917834909,-0.012974414917834909
319,42,1.5972450268477734,0,0,0.08762950711129125,0.08762950711129125
341,42,0.7632628414140619,0,0,0.08272848632987609,0.08272848632987609
351,42,0.9531148198052375,0,0,0.08741295824067633,0.08741295824067633
382,42,0.5097141622911627,0,0,0.04562178563474206,0.04562178563474206
398,42,0.8506289062495248,0,0,-0.01268229770168039,-0.01268229770168039
81,43,1.1032699519454372,0,0,0.041142161722018344,0.041142161722018344
86,43,1.3006719643177795,0,0,0.29060141364426284,0.29060141364426284
98,43,0.6629824814410633,46,-1,-0.08993868839030394,0.910061311609696
99,43,1.2355883770875784,46,-1,-0.18654681567286158,0.8134531843271384
103,43,1.2933878633998446,46,-1,-0.2257788891036503,0.7742211108963497
104,43,1.3164637541572204,46,-1,-0.17898127870988634,0.8210187212901137
111,43,1.4384124831837604,46,-1,0.009035190189019549,1.0090351901890195
121,43,1.1341768908497707,0,0,0.26004085845612135,0.26004085845612135
125,43,1.1027209747329854,46,-1,0.07178788230413469,1.0717878823041347
130,43,1.5986308350471847,46,-1,-0.23443475010991366,0.7655652498900863
136,43,0.8657675727162384,46,-1,0.01330075896721361,1.0133007589672136
137,43,1.355394718755041,46,-1,-0.21756675452541296,0.782433245474587
148,43,1.3736638028655317,0,0,0.28900245807045855,0.28900245807045855
163,43,0.5949678924670203,0,0,0.14001740723372003,0.14001740723372003
170,43,1.4565031186278072,46,-1,-0.2421572299494431,0.7578427700505569
184,43,1.328477016260707,46,-1,-0.2270255431193695,0.7729744568806305
191,43,1.2576339339909033,46,-1,-0.14680448631051535,0.8531955136894847
203,43,0.9752626046279905,0,0,0.20471024360121304,0.20471024360121304
209,43,1.5668402308349398,0,0,0.25553587454034943,0.25553587454034943
225,43,1.5542895180414729,46,-1,0.05389581282200773,1.0538958128220077
233,43,0.413972352955683,0,0,0.0749196079296156,0.0749196079296156
235,43,1.2183344335987993,0,0,0.1649593164794485,0.1649593164794485
239,43,0.9064365003563501,0,0,0.21069930864734088,0.21069930864734088
247,43,0.6952308337865077,0,0,0.12342155293665469,0.12342155293665469
250,43,1.1536745585823511,46,-1,-0.12225867292442072,0.8777413270755793
281,43,1.5175244793709406,0,0,0.30690588406739316,0.30690588406739316
288,43,1.3422889741214057,0,0,0.16316204055119865,0.16316204055119865
295,43,1.0470424192832168,46,-1,-0.13989020831295185,0.8601097916870482
313,43,0.8804638910227242,0,0,0.17565317639911893,0.17565317639911893
319,43,1.0828457284756372,46,-1,-0.16995448617240227,0.8300455138275977
323,43,1.511435858128375,46,-1,-0.08545383801990658,0.9145461619800934
352,43,0.6537702726903882,46,-1,-0.08049051575446076,0.9195094842455392
56,44,0.41285391270196325,0,0,0.021652175627948887,0.021652175627948887
59,44,1.5895422178890395,0,0,0.03554310902238479,0.03554310902238479
73,44,1.4691283139054578,46,-1,-0.2307935021153802,0.7692064978846198
77,44,1.5994944923072207,0,0,-0.12979232961574563,-0.12979232961574563
89,44,1.2092702088232175,0,0,0.07215335439903844,0.07215335439903844
97,44,1.2138856151484014,0,0,0.027110432242483266,0.027110432242483266
106,44,1.4582614051489244,0,0,0.053887098908105426,0.053887098908105426
129,44,0.6388553126504363,0,0,0.008433749858879604,0.008433749858879604
164,44,1.5430339167571017,0,0,0.1345451538624396,0.1345451538624396
176,44,0.9370509123869114,0,0,-0.02069905247062363,-0.02069905247062363
178,44,1.2943347626240793,0,0,-0.04003775465918712,-0.04003775465918712
179,44,1.0076963538999375,0,0,0.05239962677730428,0.05239962677730428
192,44,0.4840443588915465,0,0,-0.003194037665502203,-0.003194037665502203
200,44,1.0299456490962036,0,0,0.055748636893236635,0.055748636893236635
202,44,1.2663577868949456,0,0,-0.005069010501391252,-0.005069010501391252
211,44,1.1572501148164704,0,0,0.05451792720364158,0.05451792720364158
215,44,0.2648346734059493,0,0,-0.009356714794042386,-0.009356714794042386
243,44,1.390125037660243,0,0,-0.02544297317183491,-0.02544297317183491
252,44,0.8724546780840182,0,0,0.03308001524744548,0.03308001524744548
270,44,1.3410063638443563,0,0,-0.039814705133823465,-0.039814705133823465
275,44,1.293168910621144,0,0,0.09218422937082063,0.09218422937082063
286,44,1.46030493452016,0,0,0.10122766181845419,0.10122766181845419
291,44,1.501602709047832,46,-1,-0.2436707914561237,0.7563292085438763
297,44,0.8866055190835388,0,0,-0.049724081551156256,-0.049724081551156256
302,44,1.5892499188278932,0,0,0.10791020929437617,0.10791020929437617
320,44,1.3455239151101022,46,-1,-0.18842710013551167,0.8115728998644883
321,44,1.581534018118561,0,0,0.03350594544554496,0.03350594544554496
322,44,1.2313454089368285,0,0,0.03141742184161469,0.03141742184161469
328,44,1.5589679318085297,0,0,-0.04149320146739425,-0.04149320146739425
334,44,0.8519222476967716,0,0,0.06471435637458312,0.06471435637458312
335,44,1.486801460597954,0,0,0.1056033330126755,0.1056033330126755
346,44,0.8974599303934053,0,0,-0.11390851528987,-0.11390851528987
350,44,0.7021966929763964,0,0,-0.10773838240804193,-0.10773838240804193
354,44,1.5313681910610166,0,0,0.07113366170629679,0.07113366170629679
364,44,0.37922648856631685,0,0,-0.026141157871489525,-0.026141157871489525
375,44,1.1242803628511164,0,0,-0.06941907310329218,-0.06941907310329218
384,44,1.0169374987221245,0,0,0.07121176484209937,0.07121176484209937
385,44,1.5296743433503814,0,0,0.06231326023223508,0.06231326023223508
390,44,0.7073300216883657,0,0,0.036004499131762686,0.036004499131762686
399,44,0.4976318971887772,0,0,-0.01704447784673075,-0.01704447784673075
82,45,1.4055483446791086,46,-1,-0.33495456891158093,0.6650454310884191
90,45,1.510090479474448,0,0,0.036105530621600546,0.036105530621600546
105,45,1.5795315088863602,0,0,0.30302028472127274,0.30302028472127274
107,45,1.1802476114149292,0,0,0.2047750115653526,0.2047750115653526
110,45,1.4891380262391523,0,0,0.034641672961261416,0.034641672961261416
119,45,0.5585693527712793,0,0,0.09905708563123627,0.09905708563123627
132,45,0.9772060641340273,0,0,0.21725212663220905,0.21725212663220905
145,45,1.3667696319571412,46,-1,-0.23622115497536433,0.7637788450246357
147,45,0.8522607739167496,0,0,0.052168091587551146,0.052168091587551146
171,45,1.469890467275036,0,0,-0.07142689329519153,-0.07142689329519153
181,45,0.3510482464406979,0,0,0.0395291083109896,0.0395291083109896
240,45,1.4287502361018236,0,0,0.294987678924671,0.294987678924671
244,45,1.1336828824266083,0,0,0.1560293159684585,0.1560293159684585
248,45,1.2961400588380816,46,-1,-0.3189902840185723,0.6810097159814277
276,45,0.5534778922734453,0,0,-0.0634871681309152,-0.0634871681309152
290,45,1.066337178874833,0,0,0.15066452955772994,0.15066452955772994
304,45,0.5451693751713422,0,0,-0.0634871681309157,-0.0634871681309157
312,45,1.018969473465864,0,0,0.15569947203283083,0.15569947203283083
326,45,1.0700529021927527,0,0,0.233840107674045,0.233840107674045
332,45,1.593091618930566,46,-1,-0.43125839604467187,0.5687416039553281
355,45,1.4020785726661238,46,-1,-0.1673699163511616,0.8326300836488384
396,45,1.492004141890444,0,0,-0.10407435681310245,-0.10407435681310245
53,46,0.947343627229241,0,0,0.17957472546556225,0.17957472546556225
67,46,1.026699207146492,0,0,-0.07952826619038507,-0.07952826619038507
78,46,0.5750438817931381,0,0,0.07023688884437396,0.07023688884437396
80,46,0.5885141269235462,0,0,0.08891363461524554,0.08891363461524554
102,46,1.25016133830146,0,0,0.04187423916157412,0.04187423916157412
116,46,1.5178566436090466,0,0,0.12086187557464348,0.12086187557464348
128,46,1.29219821052727,0,0,-0.02562156933011696,-0.02562156933011696
157,46,0.9599866906961033,0,0,0.012831202099629652,0.012831202099629652
172,46,1.4953806646558914,0,0,0.007598648076089717,0.007598648076089717
182,46,1.5164215632596196,0,0,-0.2703587926239832,-0.2703587926239832
189,46,1.4624992869859927,0,0,0.010333494273935637,0.010333494273935637
223,46,1.2307014499012097,0,0,0.03765755112691491,0.03765755112691491
228,46,1.44145595694567,0,0,-0.23102212079143658,-0.23102212079143658
234,46,1.3296250400393301,0,0,-0.2925446232329565,-0.2925446232329565
236,46,1.0094151221791916,0,0,0.09368964516526954,0.09368964516526954
263,46,1.3247355955064035,0,0,-0.20031426196250796,-0.20031426196250796
264,46,1.5440442417384919,0,0,0.05109757921695063,0.05109757921695063
266,46,0.7386797786768254,0,0,0.04662524976896039,0.04662524976896039
293,46,0.2914520632382094,0,0,-0.01912182802069555,-0.01912182802069555
294,46,1.5353985816208087,0,0,-0.018146559269730786,-0.018146559269730786
311,46,0.9731648417013384,0,0,-0.21672916981022478,-0.21672916981022478
324,46,1.0311356778780656,0,0,0.23505098974045668,0.23505098974045668
325,46,0.9905719499697417,0,0,0.19792016638704835,0.19792016638704835
342,46,1.3684407378363777,0,0,0.022223440046714935,0.022223440046714935
52,47,1.2163278782159306,0,0,-0.0652892253150602,-0.0652892253150602
79,47,1.2129372472981477,0,0,0.1363197116099748,0.1363197116099748
92,47,1.0462523257733705,0,0,0.11927739940387085,0.11927739940387085
114,47,0.9454270706643246,0,0,-0.02682938132281766,-0.02682938132281766
115,47,1.1395799733592973,0,0,0.13631971160997486,0.13631971160997486
131,47,1.1578258752954786,0,0,0.10088960088434247,0.10088960088434247
134,47,0.8677786248996268,0,0,0.0917666854542851,0.0917666854542851
143,47,1.5174837770403198,0,0,0.17119242360540188,0.17119242360540188
169,47,0.6551101788942033,0,0,0.00022227141550641705,0.00022227141550641705
180,47,1.4033292117164393,0,0,-0.005394963188905352,-0.005394963188905352
190,47,1.3600947981352571,0,0,-0.041858112874686645,-0.041858112874686645
196,47,0.7042327185136441,0,0,-0.049354929676478754,-0.049354929676478754
198,47,1.1018595728850649,0,0,-0.1391851660459649,-0.1391851660459649
205,47,1.4576322012794456,0,0,0.16433636042768301,0.16433636042768301
210,47,0.8917018521624873,0,0,-0.09771889391856872,-0.09771889391856872
217,47,1.061871769311829,0,0,0.061266020586138344,0.061266020586138344
227,47,0.6987386040708791,0,0,-0.062431516834297096,-0.062431516834297096
229,47,1.5414486822755797,0,0,0.11512652048289383,0.11512652048289383
242,47,0.2678394971187174,0,0,0.03416145073967992,0.03416145073967992
246,47,1.3746797830444537,0,0,0.10584575271290791,0.10584575271290791
259,47,0.779686217149381,0,0,-0.04239338315231546,-0.04239338315231546
265,47,1.4845047776647804,0,0,-0.21445624078907746,-0.21445624078907746
267,47,1.539764303732312,0,0,-0.09987209371736863,-0.09987209371736863
273,47,0.4410097032539772,0,0,0.04339688295980352,0.04339688295980352
296,47,1.5323409368642018,0,0,-0.23859574950212556,-0.23859574950212556
309,47,1.0786874071393362,0,0,0.06487898734005575,0.06487898734005575
316,47,1.5347193233679732,0,0,-0.26656248930752835,-0.26656248930752835
331,47,0.906120795305881,0,0,0.01730044747651889,0.01730044747651889
343,47,0.21052304567532348,0,0,0.021806499381779698,0.021806499381779698
360,47,1.2788218080334246,0,0,-0.1715730686785252,-0.1715730686785252
368,47,1.3474704524661307,0,0,-0.10211712405698123,-0.10211712405698123
378,47,0.8373205820692889,0,0,-0.10630813553703819,-0.10630813553703819
395,47,1.2042534792009711,0,0,0.12072390134960403,0.12072390134960403
50,48,0.8419919121066554,0,0,-0.08739380968362748,-0.08739380968362748
58,48,1.4920365231102355,0,0,-0.0819402710851097,-0.0819402710851097
75,48,1.2326208574941069,0,0,-0.011608669872307686,-0.011608669872307686
84,48,0.529784406678784,0,0,0.03350553898372327,0.03350553898372327
85,48,1.3113437551964031,1,1,0.054003120854477116,-0.9459968791455229
123,48,1.2793252966502526,1,1,0.23844305926171439,-0.7615569407382856
135,48,1.4973273961690379,0,0,0.0013617198830718213,0.0013617198830718213
165,48,1.3033634069486502,0,0,-0.12294106918733283,-0.12294106918733283
174,48,1.3301596056042704,0,0,-0.10986203382713355,-0.10986203382713355
182,48,1.1262362438508267,1,1,0.2034525912004559,-0.7965474087995441
204,48,1.3653813854776096,0,0,-0.09748866201911588,-0.09748866201911588
218,48,1.0256962966383907,1,1,0.22488294972620038,-0.7751170502737996
220,48,1.3494369636921553,1,1,0.05400312085447756,-0.9459968791455224
221,48,1.440220976977206,0,0,-0.14892805843629697,-0.14892805843629697
234,48,1.4564765790612704,1,1,0.1812667605914826,-0.8187332394085174
241,48,1.3659768309966849,0,0,-0.10435862052017053,-0.10435862052017053
253,48,1.4145241161132498,0,0,-0.11659134688796191,-0.11659134688796191
254,48,1.5620854675579352,0,0,-0.10604490189403487,-0.10604490189403487
260,48,0.7912212932788465,1,1,0.16681895473762132,-0.8331810452623787
262,48,0.3998588483317607,0,0,-0.03605262841455531,-0.03605262841455531
263,48,1.2164800285164477,1,1,0.2734971218619311,-0.7265028781380689
271,48,1.5104039387614518,0,0,-0.06789121062121978,-0.06789121062121978
317,48,0.8207652084018694,0,0,-0.08501664501602807,-0.08501664501602807
318,48,1.597117110104192,0,0,-0.1078434228658971,-0.1078434228658971
330,48,0.7806911735957465,1,1,0.15681762498947682,-0.8431823750105232
338,48,1.1802322956355475,0,0,-0.09327988728870468,-0.09327988728870468
369,48,1.588682953152589,0,0,-0.1314016394178732,-0.1314016394178732
379,48,1.5543732744158663,0,0,-0.07777296126260458,-0.07777296126260458
383,48,0.5942145478592605,0,0,-0.008646282879307465,-0.008646282879307465
389,48,1.2242662604507124,0,0,-0.1136002036196837,-0.1136002036196837
393,48,0.7533574739709643,0,0,-0.07601252698164851,-0.07601252698164851
51,49,1.1461201043076419,0,0,0.1264573280963165,0.1264573280963165
57,49,1.19198864896003,0,0,0.00933866260854832,0.00933866260854832
60,49,0.7231956454285874,0,0,0.06798259821458519,0.06798259821458519
71,49,0.6588874581163054,0,0,0.0407942736111343,0.0407942736111343
100,49,0.4638282318431967,0,0,-0.011860782153058969,-0.011860782153058969
108,49,0.9943661726722876,0,0,-0.12017897609333439,-0.12017897609333439
121,49,1.3598270542353903,0,0,-0.10660467805469365,-0.10660467805469365
125,49,1.510254547039241,46,-1,-0.2948576542066804,0.7051423457933196
144,49,1.1665586403786394,0,0,0.1151715601409502,0.1151715601409502
146,49,1.204951011873686,0,0,-0.01507818699489294,-0.01507818699489294
153,49,1.0247343440247199,0,0,0.05126374643200593,0.05126374643200593
155,49,1.575670573998154,0,0,0.12418738968999976,0.12418738968999976
168,49,1.2509156146269098,0,0,0.08619952849937129,0.08619952849937129
175,49,1.245631664221883,0,0,-0.02874291643541904,-0.02874291643541904
187,49,1.3359105963633247,46,-1,-0.22722064938575937,0.7727793506142406
206,49,0.5552704303298809,0,0,-0.07713350736153213,-0.07713350736153213
315,49,0.622673687513731,0,0,-0.06634219245609052,-0.06634219245609052
336,49,0.402035880899014,0,0,-0.011249151746680619,-0.011249151746680619
381,49,0.6966314232199818,0,0,-0.05967131862135633,-0.05967131862135633
394,49,1.2903126380568894,0,0,0.2161505462663748,0.2161505462663748
58,50,1.0027531321978687,0,0,0.005453538598517771,0.005453538598517771
75,50,1.0369662258060977,0,0,0.07578513981131979,0.07578513981131979
84,50,1.1785085885298556,0,0,0.12089934866735075,0.12089934866735075
101,50,1.1391826701498655,0,0,-0.06402009475831283,-0.06402009475831283
135,50,1.2595201498239623,0,0,0.0887555295666993,0.0887555295666993
165,50,0.8097459378972947,0,0,-0.03554725950370535,-0.03554725950370535
174,50,0.9199990896206194,0,0,-0.022468224143506077,-0.022468224143506077
195,50,1.5902671086428433,0,0,-0.08795509270116267,-0.08795509270116267
204,50,1.1011172597943624,0,0,-0.010094852335488402,-0.010094852335488402
214,50,1.3051137604333038,0,0,-0.12373306589913999,-0.12373306589913999
221,50,0.7890474106815509,0,0,-0.061534248752669496,-0.061534248752669496
241,50,0.7876413711864225,0,0,-0.016964810836543054,-0.016964810836543054
249,50,1.5798546894436876,0,0,-0.1184189448103791,-0.1184189448103791
253,50,1.065594661182733,0,0,-0.029197537204334434,-0.029197537204334434
254,50,1.2042426181635701,0,0,-0.018651092210407394,-0.018651092210407394
260,50,1.4858834696833032,1,1,0.25421276442124885,-0.7457872355787512
262,50,0.5381192112424004,0,0,0.05134118126907217,0.05134118126907217
271,50,1.0556932836571398,0,0,0.0195025990624077,0.0195025990624077
272,50,1.4025645438654504,0,0,-0.04953304184819801,-0.04953304184819801
278,50,1.211531473799753,0,0,-0.1057924911269317,-0.1057924911269317
279,50,1.0259723459048316,0,0,-0.04433861648083787,-0.04433861648083787
307,50,1.4434834687824254,0,0,0.09598075193737099,0.09598075193737099
317,50,0.031443378277329695,0,0,0.0023771646675994074,0.0023771646675994074
318,50,1.0222535965421895,0,0,-0.02044961318226962,-0.02044961318226962
330,50,1.4708315648374068,1,1,0.24421143467310436,-0.7557885653268956
338,50,0.9180258198753326,0,0,-0.0058860776050772,-0.0058860776050772
369,50,1.163244486474652,0,0,-0.04400782973424572,-0.04400782973424572
372,50,0.9493779889138388,0,0,-0.06681902111170024,-0.06681902111170024
379,50,1.0610138085956278,0,0,0.009620848421022898,0.009620848421022898
380,50,1.4146310238507396,0,0,-0.009681918731015926,-0.009681918731015926
383,50,0.6616070197565554,0,0,0.07874752680432001,0.07874752680432001
386,50,1.306476007252001,0,0,-0.08066148169880807,-0.08066148169880807
389,50,0.5344194460026032,0,0,-0.026206393936056227,-0.026206393936056227
393,50,0.4073980104054707,0,0,0.011381282701978968,0.011381282701978968
57,51,1.1310504233388596,0,0,-0.11711866548776817,-0.11711866548776817
62,51,1.5322646689632087,0,0,0.04645046885535031,0.04645046885535031
71,51,0.723146068443245,0,0,-0.08566305448518219,-0.08566305448518219
96,51,1.2878835135256286,0,0,0.21743131735747712,0.21743131735747712
100,51,0.9898675891460863,0,0,-0.13831811024937546,-0.13831811024937546
121,51,1.5303594950939727,0,0,-0.23306200615101014,-0.23306200615101014
130,51,1.4006094019878623,0,0,0.27246238528295486,0.27246238528295486
144,51,0.08286947074213763,0,0,-0.011285767955366288,-0.011285767955366288
146,51,1.092596593223012,0,0,-0.14153551509120943,-0.14153551509120943
149,51,1.1932572962212722,0,0,0.24815870045819732,0.24815870045819732
153,51,0.7280705703213751,0,0,-0.07519358166431056,-0.07519358166431056
159,51,1.590743695111129,0,0,-0.1258752354724828,-0.1258752354724828
168,51,0.4669514452822924,0,0,-0.0402577995969452,-0.0402577995969452
206,51,1.4457983943091328,0,0,-0.20359083545784862,-0.20359083545784862
226,51,1.4425784641551114,0,0,0.26967396815647615,0.26967396815647615
230,51,1.2385800915840859,0,0,0.0448259315942674,0.0448259315942674
269,51,0.8660219287240144,0,0,0.024204348433402856,0.024204348433402856
281,51,1.5654143349228236,0,0,-0.18619698053973832,-0.18619698053973832
283,51,1.2426726434069402,0,0,0.044825931594267454,0.044825931594267454
284,51,0.7669923179935361,0,0,0.13850086055917926,0.13850086055917926
285,51,1.226648478689952,0,0,0.2103842072420693,0.2103842072420693
315,51,1.2662010336327616,0,0,-0.192799520552407,-0.192799520552407
336,51,1.5023820324809551,0,0,-0.1377064798429971,-0.1377064798429971
362,51,0.7245500893381747,0,0,0.12476510206121927,0.12476510206121927
366,51,1.2655954019500681,0,0,-0.07150681993102825,-0.07150681993102825
394,51,0.4735452026794416,0,0,0.08969321817005832,0.08969321817005832
65,52,1.509982601317711,0,0,0.07524338208037959,0.07524338208037959
141,52,1.3827606144340956,0,0,-0.3894399062537892,-0.3894399062537892
160,52,0.8120468762794015,0,0,-0.02283624782489707,-0.02283624782489707
169,52,0.6888785530839194,0,0,0.06551149673056662,0.06551149673056662
180,52,0.914785992785235,0,0,0.059894262126154854,0.059894262126154854
183,52,1.5856433597529165,0,0,-0.021714071189349038,-0.021714071189349038
190,52,0.5462004438187071,0,0,0.02343111244037356,0.02343111244037356
196,52,0.5664951276391771,0,0,0.015934295638581453,0.015934295638581453
210,52,1.5561085369131826,0,0,-0.032429668603508516,-0.032429668603508516
213,52,1.0811948139427847,0,0,-0.006136267453177996,-0.006136267453177996
217,52,1.221393430524738,0,0,0.12655524590119854,0.12655524590119854
227,52,0.5680161554544381,0,0,0.0028577084807631103,0.0028577084807631103
231,52,1.2642516798363859,0,0,-0.22094148080670287,-0.22094148080670287
242,52,1.4125599795842376,0,0,0.09945067605474012,0.09945067605474012
259,52,0.4574690381842256,0,0,0.022895842162744748,0.022895842162744748
331,52,0.7418495431755183,0,0,0.0825896727915791,0.0825896727915791
343,52,1.381472122499425,0,0,0.0870957246968399,0.0870957246968399
356,52,0.6244719531025931,0,0,-0.06617701437279469,-0.06617701437279469
361,52,0.7847068713660004,0,0,-0.06239212840388347,-0.06239212840388347
368,52,0.6232299473606665,0,0,-0.03682789874192102,-0.03682789874192102
378,52,1.2202311893455904,0,0,-0.04101891022197798,-0.04101891022197798
67,53,1.2079584632613338,0,0,-0.2591029916559473,-0.2591029916559473
74,53,1.4866506020674817,0,0,0.08054027286232426,0.08054027286232426
78,53,0.40241107908284346,0,0,-0.10933783662118828,-0.10933783662118828
80,53,0.9578646387669861,0,0,-0.09066109085031669,-0.09066109085031669
102,53,0.8095925118113366,0,0,-0.13770048630398812,-0.13770048630398812
116,53,0.8085346826079739,0,0,-0.05871284989091875,-0.05871284989091875
128,53,1.1264157578079277,0,0,-0.2051962947956792,-0.2051962947956792
189,53,1.0578073939569406,0,0,-0.1692412311916266,-0.1692412311916266
195,53,1.576320574376793,0,0,0.1712649883252085,0.1712649883252085
214,53,0.8892358565491141,0,0,0.1354870151272312,0.1354870151272312
221,53,1.370101172099658,0,0,0.19768583227370168,0.19768583227370168
224,53,1.1190841410230443,0,0,0.020281269507589406,0.020281269507589406
236,53,1.3562107371116854,0,0,-0.0858850803002927,-0.0858850803002927
249,53,1.5952174722891497,0,0,0.14080113621599208,0.14080113621599208
253,53,1.5348746444315775,0,0,0.23002254382203674,0.23002254382203674
257,53,1.2927358148944175,0,0,-0.01431914051928379,-0.01431914051928379
266,53,1.391501128855445,0,0,-0.13294947569660184,-0.13294947569660184
278,53,1.0260473383550408,0,0,0.15342758989943947,0.15342758989943947
293,53,0.9476101969983449,0,0,-0.19869655348625778,-0.19869655348625778
321,53,1.3928121778134206,0,0,-0.0206974214865527,-0.0206974214865527
324,53,0.8047926912226328,0,0,0.05547626427489445,0.05547626427489445
325,53,0.9422892592084908,0,0,0.018345440921486128,0.018345440921486128
328,53,1.5548031333403505,0,0,-0.09569656839949191,-0.09569656839949191
354,53,1.5868300493054945,0,0,0.01693029477419912,0.01693029477419912
359,53,1.2100123035891834,0,0,0.058548225048330405,0.058548225048330405
369,53,1.5209867885956316,0,0,0.21521225129212546,0.21521225129212546
372,53,1.5341742541974184,0,0,0.19240105991467094,0.19240105991467094
373,53,1.2687529979563077,0,0,-0.011211482263704171,-0.011211482263704171
70,54,0.8771255552651944,0,0,-0.10009949141286192,-0.10009949141286192
83,54,1.5612647257918981,1,1,0.4084694029646203,-0.5915305970353797
120,54,1.2134292163370881,0,0,-0.08398130109163596,-0.08398130109163596
140,54,1.3937954012185223,1,1,0.39297041129507404,-0.607029588704926
145,54,1.0158743222556648,0,0,0.18843088767446348,0.18843088767446348
151,54,1.493813322810106,0,0,-0.15584970206658838,-0.15584970206658838
193,54,1.3064443052152326,0,0,-0.16382811236207953,-0.16382811236207953
194,54,1.3530677735011822,0,0,-0.16400483924471315,-0.16400483924471315
197,54,1.4136499334944435,0,0,-0.1446361567588832,-0.1446361567588832
205,54,1.4444327709464677,0,0,-0.183353145199919,-0.183353145199919
208,54,1.4995320911534593,1,1,0.37969294391079544,-0.6203070560892046
219,54,1.483288424454899,0,0,-0.18400631551363525,-0.18400631551363525
232,54,0.7912817067182999,0,0,-0.09358168790475949,-0.09358168790475949
248,54,1.2779666009491102,0,0,0.10566175863125543,0.10566175863125543
255,54,1.3210106182697834,0,0,-0.07610205226366351,-0.07610205226366351
258,54,0.9735485259710178,0,0,0.04689935335991702,0.04689935335991702
268,54,1.437471890696726,0,0,-0.13027659659504157,-0.13027659659504157
277,54,0.572127664658335,0,0,-0.05748797935545363,-0.05748797935545363
282,54,1.2014679446929302,0,0,-0.1522694720684668,-0.1522694720684668
287,54,0.6529383502816825,0,0,-0.0380326303017465,-0.0380326303017465
296,54,1.4690358363204594,1,1,0.4137147448702725,-0.5862852551297275
298,54,1.422133350322987,0,0,-0.17754306330046132,-0.17754306330046132
327,54,0.9185549067873612,0,0,0.11398856124323825,0.11398856124323825
332,54,0.9090368667585691,0,0,-0.006606353394844111,-0.006606353394844111
348,54,1.022342685862367,1,1,0.27833254317817,-0.72166745682183
355,54,1.2802852101526698,0,0,0.25728212629866615,0.25728212629866615
358,54,1.4951790180768303,0,0,-0.14698159315887568,-0.14698159315887568
388,54,1.3997340565881204,0,0,-0.16755741522117695,-0.16755741522117695
392,54,1.371270343247531,0,0,-0.12752200535948913,-0.12752200535948913
56,55,1.5985581669463984,0,0,-0.10340380627798407,-0.10340380627798407
59,55,1.0768293854419306,0,0,-0.08951287288354817,-0.08951287288354817
66,55,1.4141370527454928,0,0,0.1836977518207357,0.1836977518207357
89,55,0.8000556435816712,0,0,-0.052902627506894506,-0.052902627506894506
97,55,1.1625505179559021,0,0,-0.09794554966344969,-0.09794554966344969
106,55,0.6196679305660482,0,0,-0.07116888299782753,-0.07116888299782753
113,55,0.7774539935947479,0,0,0.06440261569253608,0.06440261569253608
118,55,0.952394571374623,0,0,-0.023774013252010603,-0.023774013252010603
120,55,1.3270620307138508,0,0,0.05071872494409807,0.05071872494409807
122,55,1.5070564472825354,0,0,-0.10488109540077488,-0.10488109540077488
127,55,1.0082953571025561,0,0,0.11447664722742712,0.11447664722742712
138,55,1.3815991939065995,0,0,0.28123744484839086,0.28123744484839086
142,55,0.7466694773244837,0,0,0.05605524888299973,0.05605524888299973
151,55,1.3072618492880876,0,0,-0.021149676030854367,-0.021149676030854367
162,55,1.1803031694713186,0,0,-0.11484145398669512,-0.11484145398669512
177,55,1.4430276496030205,0,0,0.22637005331867374,0.22637005331867374
179,55,0.9095853007657516,0,0,-0.07265635512862867,-0.07265635512862867
201,55,1.537952898782475,0,0,0.36266475477279025,0.36266475477279025
202,55,1.4954555498243243,0,0,-0.1301249924073242,-0.1301249924073242
211,55,0.7515654917929525,0,0,-0.07053805470229138,-0.07053805470229138
238,55,0.6029295482926327,0,0,-0.04091615316368137,-0.04091615316368137
252,55,1.1455968189803674,0,0,-0.09197596665848748,-0.09197596665848748
256,55,0.567644919634585,0,0,0.039686408096123754,0.039686408096123754
275,55,1.1918950378128104,0,0,-0.03287175253511232,-0.03287175253511232
286,55,1.0797517659833082,0,0,-0.02382832008747876,-0.02382832008747876
292,55,1.5241944455212568,0,0,0.35841251374127747,0.35841251374127747
302,55,0.4961229278201661,0,0,-0.01714577261155678,-0.01714577261155678
303,55,1.5290014450833471,0,0,-0.15596702893761946,-0.15596702893761946
322,55,1.0963829095718483,0,0,-0.09363856006431827,-0.09363856006431827
334,55,1.3056943420851281,0,0,-0.060341625531349835,-0.060341625531349835
335,55,0.546094529602235,0,0,-0.019452648893257457,-0.019452648893257457
358,55,1.2246710417822868,0,0,-0.012281567123141657,-0.012281567123141657
370,55,1.0922545184924848,0,0,-0.10725876007003357,-0.10725876007003357
374,55,1.5514053288609992,0,0,-0.12314368491211707,-0.12314368491211707
384,55,1.0936291368111064,0,0,-0.05384421706383359,-0.05384421706383359
385,55,0.5169310036295282,0,0,-0.06274272167369788,-0.06274272167369788
390,55,1.218964764116647,0,0,-0.08905148277417027,-0.08905148277417027
59,56,1.2864240563020723,0,0,0.013890933394435905,0.013890933394435905
89,56,0.8876162081455959,0,0,0.05050117877108956,0.05050117877108956
97,56,0.9495882242626135,0,0,0.00545825661453438,0.00545825661453438
106,56,1.1308092687898637,0,0,0.032234923280156536,0.032234923280156536
129,56,0.7378768564440299,0,0,-0.013218425769069283,-0.013218425769069283
162,56,1.4504954953368872,0,0,-0.01143764770871105,-0.01143764770871105
164,56,1.4073547968949935,0,0,0.11289297823449071,0.11289297823449071
176,56,0.9599210636459079,0,0,-0.042351228098572516,-0.042351228098572516
178,56,1.373220473983242,0,0,-0.06168993028713601,-0.06168993028713601
179,56,0.6986899270610358,0,0,0.030747451149355395,0.030747451149355395
192,56,0.5388906029205133,0,0,-0.02484621329345109,-0.02484621329345109
200,56,0.863810385399608,0,0,0.034096461265287745,0.034096461265287745
202,56,1.1551956130895118,0,0,-0.026721186129340137,-0.026721186129340137
211,56,0.8541325352074128,0,0,0.03286575157569269,0.03286575157569269
215,56,0.455884264567037,0,0,-0.031008890421991273,-0.031008890421991273
243,56,1.3218662319161234,0,0,-0.0470951487997838,-0.0470951487997838
252,56,0.5542055004418396,0,0,0.011427839619496592,0.011427839619496592
270,56,1.3446146884134185,0,0,-0.061466880761772355,-0.061466880761772355
275,56,1.0669255403515043,0,0,0.07053205374287175,0.07053205374287175
286,56,1.2419059458238613,0,0,0.0795754861905053,0.0795754861905053
297,56,1.079236127741527,0,0,-0.07137625717910515,-0.07137625717910515
302,56,1.3455324215585132,0,0,0.08625803366642729,0.08625803366642729
303,56,1.5523527709641085,0,0,-0.052563222659635395,-0.052563222659635395
305,56,1.4793060875497648,0,0,0.09212249452179831,0.09212249452179831
321,56,1.4984429128520478,0,0,0.01185376981759607,0.01185376981759607
322,56,0.9855057622825905,0,0,0.009765246213665802,0.009765246213665802
328,56,1.5667086562686305,0,0,-0.06314537709534314,-0.06314537709534314
334,56,0.5965803827282207,0,0,0.04306218074663423,0.04306218074663423
335,56,1.2194743650511468,0,0,0.08395115738472661,0.08395115738472661
346,56,1.258237390282714,0,0,-0.1355606909178189,-0.1355606909178189
350,56,1.083234339752442,0,0,-0.1293905580359908,-0.1293905580359908
354,56,1.3815462357048196,0,0,0.04948148607834789,0.04948148607834789
364,56,0.7859728496710203,0,0,-0.047793333499438415,-0.047793333499438415
370,56,1.364859958569209,0,0,-0.003854953792049507,-0.003854953792049507
373,56,1.5315638130993399,0,0,0.0213397090404446,0.0213397090404446
375,56,1.2805750916356942,0,0,-0.09107124873124106,-0.09107124873124106
384,56,0.7192474812529284,0,0,0.049559589214150476,0.049559589214150476
385,56,1.19805725565947,0,0,0.04066108460428619,0.04066108460428619
390,56,0.3818270122353414,0,0,0.0143523235038138,0.0143523235038138
399,56,0.665701642159891,0,0,-0.03869665347467964,-0.03869665347467964
62,57,1.4576244920905557,0,0,0.16356913434311848,0.16356913434311848
71,57,0.6427294823352695,0,0,0.03145561100258598,0.03145561100258598
86,57,0.6440583019635067,0,0,-0.08538278547510048,-0.08538278547510048
100,57,0.7314721337464942,0,0,-0.02119944476160729,-0.02119944476160729
121,57,0.6990541016692572,0,0,-0.11594334066324197,-0.11594334066324197
144,57,1.0691993784712244,0,0,0.10583289753240188,0.10583289753240188
146,57,0.09202853205709073,0,0,-0.02441684960344126,-0.02441684960344126
148,57,0.8106546220746351,0,0,-0.08698174104890477,-0.08698174104890477
153,57,0.473348585894439,0,0,0.04192508382345761,0.04192508382345761
156,57,0.8468380208996023,0,0,-0.04152445812107808,-0.04152445812107808
159,57,0.8061156601374085,0,0,-0.008756569984714635,-0.008756569984714635
163,57,1.3855990178908655,0,0,-0.2359667918856433,-0.2359667918856433
168,57,0.804654516064483,0,0,0.07686086589082297,0.07686086589082297
203,57,1.4382579367067783,0,0,-0.17127395551815028,-0.17127395551815028
206,57,1.0440062015846132,0,0,-0.08647216997008045,-0.08647216997008045
209,57,1.134715952481488,0,0,-0.12044832457901389,-0.12044832457901389
230,57,1.2713834157359203,0,0,0.16194459708203557,0.16194459708203557
233,57,1.4665770269687013,0,0,-0.3010645911897477,-0.3010645911897477
239,57,1.0243267631477386,0,0,-0.16528489047202244,-0.16528489047202244
269,57,1.0835755290796607,0,0,0.14132301392117103,0.14132301392117103
281,57,0.6304469268448777,0,0,-0.06907831505197015,-0.06907831505197015
283,57,1.2964598957621691,0,0,0.16194459708203562,0.16194459708203562
284,57,1.5804940086940658,0,0,0.25561952604694743,0.25561952604694743
308,57,1.2788597152209975,0,0,-0.06353836448357553,-0.06353836448357553
313,57,1.5561111388519375,0,0,-0.2003310227202444,-0.2003310227202444
315,57,0.849804194995033,0,0,-0.07568085506463884,-0.07568085506463884
329,57,1.0397725666297253,0,0,-0.020649812828291925,-0.020649812828291925
336,57,1.4534128701681357,0,0,-0.02058781435522894,-0.02058781435522894
362,57,1.4709576556880868,0,0,0.24188376754898744,0.24188376754898744
366,57,0.8595862092943429,0,0,0.045611845556739916,0.045611845556739916
394,57,1.5385695845523597,0,0,0.2068118836578265,0.2068118836578265
64,58,1.132737340070296,1,1,0.21679515054813847,-0.7832048494518615
74,58,1.406001660962679,0,0,-0.18413334676256468,-0.18413334676256468
75,58,0.507073622619356,0,0,0.07033160121280202,0.07033160121280202
87,58,1.3287292193031717,0,0,-0.10190383434194852,-0.10190383434194852
93,58,1.4529730895310273,0,0,0.23217143344222074,0.23217143344222074
101,58,0.7003167911056745,0,0,-0.0694736333568306,-0.0694736333568306
135,58,0.4675220128109987,0,0,0.08330199096818153,0.08330199096818153
199,58,1.0065375652633766,0,0,-0.04892507052458883,-0.04892507052458883
214,58,1.589206536184349,0,0,-0.12918660449765776,-0.12918660449765776
221,58,0.946167761162344,0,0,-0.06698778735118727,-0.06698778735118727
241,58,0.23580177387476886,0,0,-0.022418349435060825,-0.022418349435060825
249,58,1.0715209059295743,0,0,-0.12387248340889687,-0.12387248340889687
251,58,1.5518113025673963,1,1,0.3199664642967779,-0.6800335357032221
262,58,1.4019630897793554,0,0,0.045887642670554396,0.045887642670554396
271,58,0.07951975957714458,0,0,0.014049060463889929,0.014049060463889929
279,58,0.6263212112729236,0,0,-0.04979215507935564,-0.04979215507935564
307,58,0.647267490500585,0,0,0.09052721333885322,0.09052721333885322
317,58,0.9946919432422874,0,0,-0.0030763739309183635,-0.0030763739309183635
318,58,0.19677438067295,0,0,-0.025903151780787392,-0.025903151780787392
359,58,1.458811785185196,0,0,-0.20612539457655854,-0.20612539457655854
372,58,0.8344791842128119,0,0,-0.07227255971021801,-0.07227255971021801
379,58,0.06408644007493283,0,0,0.0041673098225051275,0.0041673098225051275
380,58,0.4356686648205986,0,0,-0.015135457329533697,-0.015135457329533697
383,58,0.9257598277247973,0,0,0.07329398820580224,0.07329398820580224
386,58,0.7994929289979381,0,0,-0.08611502029732584,-0.08611502029732584
389,58,0.7001399081796582,0,0,-0.031659932534574,-0.031659932534574
391,58,0.9121081378057961,0,0,0.08876571974673542,0.08876571974673542
393,58,1.3950328666264087,0,0,0.005927744103461197,0.005927744103461197
89,59,1.0894403227914835,0,0,0.03661024537665366,0.03661024537665366
97,59,0.39319285539836957,0,0,-0.008432676779901525,-0.008432676779901525
106,59,0.5453295218910029,0,0,0.018343989885720634,0.018343989885720634
107,59,1.4070732115529834,0,0,-0.14636004686553744,-0.14636004686553744
113,59,1.393297953642053,0,0,0.15391548857608425,0.15391548857608425
118,59,1.0004626339792222,0,0,0.06573885963153756,0.06573885963153756
122,59,0.6904038936570276,0,0,-0.01536822251722671,-0.01536822251722671
151,59,1.2329495077660317,0,0,0.06836319685269379,0.06836319685269379
162,59,0.2705640191971523,0,0,-0.025328581103146956,-0.025328581103146956
176,59,1.1094811227440877,0,0,-0.056242161493008425,-0.056242161493008425
179,59,0.9843834145055868,0,0,0.01685651775491949,0.01685651775491949
192,59,1.2310070776168422,0,0,-0.038737146687887,-0.038737146687887
202,59,0.755033548466721,0,0,-0.040612119523776045,-0.040612119523776045
211,59,0.809241527871877,0,0,0.018974818181256785,0.018974818181256785
215,59,1.4117425956018725,0,0,-0.04489982381642718,-0.04489982381642718
238,59,0.719928999454723,0,0,0.048596719719866795,0.048596719719866795
240,59,1.2052844780794663,0,0,-0.05614737950621908,-0.05614737950621908
243,59,0.9102307567224385,0,0,-0.06098608219421971,-0.06098608219421971
252,59,0.763974288349514,0,0,-0.0024630937749393136,-0.0024630937749393136
256,59,1.5534056456940795,0,0,0.12919928097967193,0.12919928097967193
270,59,1.1273324433294076,0,0,-0.07535781415620826,-0.07535781415620826
297,59,1.5204388177340105,0,0,-0.08526719057354104,-0.08526719057354104
298,59,1.487908216641608,0,0,0.04666983561882087,0.04666983561882087
302,59,1.2868813169584925,0,0,0.07236710027199139,0.07236710027199139
303,59,0.7404501610232914,0,0,-0.0664541560540713,-0.0664541560540713
322,59,0.421512949806032,0,0,-0.004125687180770103,-0.004125687180770103
334,59,1.4268954099263054,0,0,0.02917124735219833,0.02917124735219833
335,59,1.2218695296086608,0,0,0.07006022399029072,0.07006022399029072
353,59,1.2185693147578307,0,0,0.035003272696729544,0.035003272696729544
358,59,1.2371355327910363,0,0,0.07723130576040652,0.07723130576040652
370,59,0.18409311947120258,0,0,-0.017745887186485412,-0.017745887186485412
374,59,0.7655831616462135,0,0,-0.0336308120285689,-0.0336308120285689
375,59,1.5260813955071677,0,0,-0.10496218212567696,-0.10496218212567696
384,59,1.2968103467792031,0,0,0.035668655819714574,0.035668655819714574
385,59,0.6417041810440455,0,0,0.02677015120985029,0.02677015120985029
390,59,1.0273357936522933,0,0,0.00046139010937789465,0.00046139010937789465
399,59,1.3752068875432994,0,0,-0.05258758686911554,-0.05258758686911554
63,60,1.5857455138959267,0,0,0.10275058143932969,0.10275058143932969
71,60,1.3647959857285565,0,0,-0.027188324603450886,-0.027188324603450886
95,60,1.4775026343431346,0,0,0.3621343693843524,0.3621343693843524
100,60,1.1738679323174983,0,0,-0.07984338036764416,-0.07984338036764416
108,60,0.926510282029647,0,0,-0.18816157430791958,-0.18816157430791958
117,60,1.5116965026064153,0,0,0.09199106885695485,0.09199106885695485
126,60,1.3458171189549277,0,0,0.34034132793819327,0.34034132793819327
150,60,1.3137786161513318,0,0,0.34848562876786854,0.34848562876786854
155,60,0.8568798093076255,0,0,0.05620479147541457,0.05620479147541457
175,60,0.7042550718660787,0,0,-0.09672551465000423,-0.09672551465000423
187,60,1.4032608194707812,46,-1,-0.29520324760034455,0.7047967523996554
206,60,1.0430547407214683,0,0,-0.14511610557611732,-0.14511610557611732
315,60,1.1946900115192778,0,0,-0.1343247906706757,-0.1343247906706757
336,60,0.5297845082180079,0,0,-0.07923174996126581,-0.07923174996126581
363,60,1.4718471369271284,0,0,-0.08766101068719778,-0.08766101068719778
381,60,0.5683806713881168,0,0,-0.12765391683594152,-0.12765391683594152
72,61,1.1831040891583002,0,0,0.08129042557992339,0.08129042557992339
95,61,1.1843734414128677,0,0,-0.04288235664837031,-0.04288235664837031
96,61,1.2344771346578027,0,0,-0.12911067879351426,-0.12911067879351426
98,61,1.579064847954252,0,0,0.0704164508515732,0.0704164508515732
99,61,0.8265544654321605,0,0,-0.026191676430984467,-0.026191676430984467
103,61,1.3505681064493955,0,0,-0.06542374986177321,-0.06542374986177321
111,61,1.5617097100178017,0,0,0.16939032943089677,0.16939032943089677
125,61,1.5547648075766807,0,0,0.23214302154601174,0.23214302154601174
130,61,0.7880426648975988,0,0,-0.0740796108680365,-0.0740796108680365
136,61,1.3631362395001418,0,0,0.17365589820909064,0.17365589820909064
137,61,1.500898524876154,0,0,-0.05721161528353577,-0.05721161528353577
149,61,0.5944120870206513,0,0,-0.09838329569279405,-0.09838329569279405
150,61,1.4930848534371546,0,0,-0.05653109726485414,-0.05653109726485414
170,61,1.2436922588024126,0,0,-0.08180209070756597,-0.08180209070756597
172,61,1.3863680527960622,0,0,0.05923902497129471,0.05923902497129471
226,61,0.36170872112716945,0,0,-0.07686802799451523,-0.07686802799451523
245,61,1.4255733296712354,0,0,0.01593655081417225,0.01593655081417225
250,61,0.5647396500949559,0,0,0.03809646631745642,0.03809646631745642
264,61,1.3443673395955928,0,0,0.10273795611215562,0.10273795611215562
284,61,1.4551069903078344,0,0,-0.20804113559181212,-0.20804113559181212
285,61,1.4266769898142024,0,0,-0.13615778890892208,-0.13615778890892208
294,61,1.5721854027659339,0,0,0.03349381762547421,0.03349381762547421
295,61,0.7941755893839979,0,0,0.020464930928925346,0.020464930928925346
299,61,1.292643221922245,0,0,0.04824488968851284,0.04824488968851284
319,61,1.2254325223864717,0,0,-0.009599346930525193,-0.009599346930525193
323,61,0.9026543042599318,0,0,0.07490130122197051,0.07490130122197051
342,61,1.476583867745923,0,0,0.07386381694191993,0.07386381694191993
352,61,1.0018739958279745,0,0,0.07986462348741637,0.07986462348741637
394,61,1.3505675542111464,0,0,-0.2568487779809331,-0.2568487779809331
86,62,1.5569975078522724,0,0,-0.24895191981821896,-0.24895191981821896
96,62,1.3403089080168658,0,0,0.1709808485021268,0.1709808485021268
103,62,1.4730381778424915,0,0,0.23466777743386785,0.23466777743386785
104,62,1.4015473734333233,0,0,0.2814653878276319,0.2814653878276319
137,62,1.5199987189768323,0,0,0.2428799120121053,0.2428799120121053
144,62,1.4600568463267642,0,0,-0.0577362368107166,-0.0577362368107166
146,62,1.4060818320248814,0,0,-0.18798598394655974,-0.18798598394655974
148,62,1.44682298249,0,0,-0.25055087539202325,-0.25055087539202325
153,62,1.4443266919706423,0,0,-0.12164405051966087,-0.12164405051966087
156,62,1.0058763257012453,0,0,-0.20509359246419656,-0.20509359246419656
159,62,0.9998884817761264,0,0,-0.17232570432783312,-0.17232570432783312
168,62,1.2428078729841532,0,0,-0.08670826845229551,-0.08670826845229551
170,62,1.422213457679453,0,0,0.2182894365880751,0.2182894365880751
184,62,1.4171780612079483,0,0,0.23342112341814866,0.23342112341814866
209,62,1.5761354060781656,0,0,-0.28401745892213237,-0.28401745892213237
222,62,1.5528587740513844,0,0,-0.24761450821230302,-0.24761450821230302
230,62,0.30929533636526163,0,0,-0.0016245372610829145,-0.0016245372610829145
269,62,0.6686940172730875,0,0,-0.022246120421947457,-0.022246120421947457
281,62,1.202344521122789,0,0,-0.23264744939508863,-0.23264744939508863
283,62,0.3073113919747779,0,0,-0.001624537261082859,-0.001624537261082859
284,62,1.2454789556158246,0,0,0.09205039170382895,0.09205039170382895
285,62,1.0587577194965432,0,0,0.16393373838671899,0.16393373838671899
300,62,1.0875690270220109,0,0,0.1898882583359897,0.1898882583359897
308,62,1.3563030863545418,0,0,-0.227107498826694,-0.227107498826694
329,62,0.8655322641965105,0,0,-0.1842189471714104,-0.1842189471714104
362,62,1.0908432720027543,0,0,0.07831463320586896,0.07831463320586896
366,62,0.6498704280175177,0,0,-0.11795728878637857,-0.11795728878637857
382,62,1.5750374214404659,0,0,0.24848445888856668,0.24848445888856668
68,63,0.8931351770503646,0,0,0.18525755002989075,0.18525755002989075
85,63,1.0935711794673706,0,0,-0.06590174148136396,-0.06590174148136396
91,63,0.6235310532197511,0,0,-0.10989821675150413,-0.10989821675150413
117,63,0.11072185062829167,0,0,-0.010759512582374842,-0.010759512582374842
126,63,1.3741529596729023,0,0,0.23759074649886355,0.23759074649886355
150,63,1.5093590959492313,0,0,0.24573504732853885,0.24573504732853885
152,63,0.441332173306889,0,0,-0.11958604146181773,-0.11958604146181773
155,63,0.7419844082291903,0,0,-0.04654578996391512,-0.04654578996391512
166,63,1.4894778180649644,0,0,0.2683485418394458,0.2683485418394458
175,63,1.2846033594595228,0,0,-0.19947609608933392,-0.19947609608933392
204,63,1.5926635351251246,46,-1,-0.21739352435495696,0.782606475645043
220,63,1.0144770615555418,0,0,-0.06590174148136352,-0.06590174148136352
228,63,0.9702101609060868,0,0,0.12288440069716139,0.12288440069716139
234,63,1.384124854379574,0,0,0.06136189825564148,0.06136189825564148
311,63,1.5872346868420966,0,0,0.1371773516783732,0.1371773516783732
363,63,1.1208751523405538,0,0,-0.19041159212652747,-0.19041159212652747
75,64,0.8661497615933774,46,-1,-0.14646354933533645,0.8535364506646635
88,64,1.5012831478433204,0,0,0.3294367951909276,0.3294367951909276
93,64,0.9189639248687843,46,-1,0.015376282894082216,1.0153762828940822
123,64,1.0653492355968848,0,0,0.10358817979868562,0.10358817979868562
135,64,0.720152718010297,46,-1,-0.1334931595799569,0.8665068404200431
158,64,0.9773958804988234,0,0,0.25001585992758696,0.25001585992758696
188,64,1.014887115102616,0,0,0.20105434721531212,0.20105434721531212
218,64,1.3828117136578986,0,0,0.09002807026317156,0.09002807026317156
237,64,0.8518323651982367,0,0,0.19898456429943484,0.19898456429943484
241,64,1.3144085895661035,46,-1,-0.2392134999831993,0.7607865000168007
251,64,0.5634710025883881,0,0,0.10317131374863947,0.10317131374863947
271,64,1.0699132691624635,46,-1,-0.2027460900842486,0.7972539099157514
307,64,0.5696484551502764,46,-1,-0.1262679372092852,0.8737320627907148
318,64,1.290457999904035,46,-1,-0.24269830232892586,0.7573016976710741
330,64,1.539210398116289,0,0,0.021962745526448058,0.021962745526448058
339,64,1.2699979236652206,0,0,0.3260621571732699,0.3260621571732699
347,64,1.4660912475633334,0,0,0.20977824838672296,0.20977824838672296
367,64,0.9306026499275174,0,0,0.1743081663918296,0.1743081663918296
379,64,1.1307928640327658,46,-1,-0.21262784072563334,0.7873721592743667
380,64,1.1856917101364373,46,-1,-0.23193060787767217,0.7680693921223278
383,64,1.2898403675388828,46,-1,-0.14350116234233623,0.8564988376576638
391,64,0.6831577633320923,46,-1,-0.12802943080140305,0.871970569198597
81,65,1.0651520870889486,1,1,0.10246490645584161,-0.8975350935441584
139,65,0.6670893162913957,0,0,0.09727510284513473,0.09727510284513473
154,65,1.4539321419491074,0,0,0.16648610463471344,0.16648610463471344
160,65,1.1625747971247018,0,0,-0.09807962990527666,-0.09807962990527666
169,65,1.3734360621179336,0,0,-0.009731885349812966,-0.009731885349812966
180,65,0.6696281035929212,0,0,-0.015349119954224735,-0.015349119954224735
183,65,0.6309967764484518,0,0,-0.09695745326972863,-0.09695745326972863
190,65,0.9747168035457959,0,0,-0.05181226964000603,-0.05181226964000603
191,65,1.4870377692887198,0,0,-0.08548174157669217,-0.08548174157669217
213,65,0.6659502378979524,0,0,-0.08137964953355759,-0.08137964953355759
217,65,0.9004596399210104,0,0,0.05131186382081896,0.05131186382081896
235,65,1.562443257946684,1,1,0.22628206121327166,-0.7737179387867283
259,65,1.5827803616320995,0,0,-0.05234753991763484,-0.05234753991763484
261,65,0.9651354107814971,0,0,0.1401186624815022,0.1401186624815022
288,65,1.4257784514693594,1,1,0.2244847852850218,-0.7755152147149782
331,65,1.0981812935224573,0,0,0.007346290711199507,0.007346290711199507
341,65,1.012034173331488,0,0,-0.11353276221999428,-0.11353276221999428
344,65,1.5791717801885254,1,1,0.23639394251233492,-0.7636060574876651
351,65,0.7949319991985807,0,0,-0.10884829030919405,-0.10884829030919405
361,65,1.517543043455378,0,0,-0.13763551048426306,-0.13763551048426306
382,65,1.205507067606506,0,0,-0.1506394629151283,-0.1506394629151283
387,65,1.295042435730437,0,0,0.17511903537871323,0.17511903537871323
395,65,1.444027365807382,0,0,0.11076974458428465,0.11076974458428465
398,65,1.432728084638627,0,0,-0.20894354625155076,-0.20894354625155076
89,66,1.4082712218377123,0,0,-0.2366003793276302,-0.2366003793276302
112,66,1.2823072666250306,0,0,0.28062686779489276,0.28062686779489276
124,66,1.1680739529413426,0,0,0.2868410639837833,0.2868410639837833
127,66,0.4074208787544523,0,0,-0.06922110459330857,-0.06922110459330857
138,66,1.2666752794408584,0,0,0.09753969302765514,0.09753969302765514
142,66,0.8571188722983012,0,0,-0.12764250293773596,-0.12764250293773596
164,66,1.2292614216813291,0,0,-0.17420857986422905,-0.17420857986422905
177,66,0.15809518201089978,0,0,0.04267230149793805,0.04267230149793805
179,66,1.4795548085097212,0,0,-0.2563541069493644,-0.2563541069493644
201,66,0.9348494823075252,0,0,0.1789670029520546,0.1789670029520546
211,66,1.5140550810852087,0,0,-0.2542358065230271,-0.2542358065230271
256,66,0.9038208359797347,0,0,-0.14401134372461194,-0.14401134372461194
275,66,1.2147138481502484,0,0,-0.216569504355848,-0.216569504355848
286,66,1.0396789038947285,0,0,-0.20752607190821445,-0.20752607190821445
301,66,1.044491578048673,0,0,0.2567077958527435,0.2567077958527435
302,66,1.0235236419182259,0,0,-0.20084352443229248,-0.20084352443229248
310,66,1.3573193156415013,0,0,0.31238282792095695,0.31238282792095695
314,66,0.8456376514335806,0,0,-0.004645893560609127,-0.004645893560609127
334,66,1.5007107661564838,0,0,-0.24403937735208553,-0.24403937735208553
335,66,1.126652923899798,0,0,-0.20315040071399315,-0.20315040071399315
337,66,1.2404577952915758,0,0,0.19412850652418157,0.19412850652418157
349,66,1.3876073169983425,0,0,0.3451735150615741,0.3451735150615741
365,66,1.4408667020945276,0,0,0.2044949461355262,0.2044949461355262
384,66,1.4340950667201444,0,0,-0.2375419688845693,-0.2375419688845693
400,66,1.4876033519885739,0,0,0.3087381223851874,0.3087381223851874
78,67,0.9395243790923595,0,0,0.149765155034759,0.149765155034759
80,67,1.5573042095227005,0,0,0.1684419008056306,0.1684419008056306
102,67,0.7776010983279767,0,0,0.12140250535195919,0.12140250535195919
116,67,1.1798220899032614,0,0,0.20039014176502853,0.20039014176502853
123,67,1.1617262099586427,0,0,-0.15584005837233966,-0.15584005837233966
128,67,0.5009568839286335,0,0,0.05390669686026811,0.05390669686026811
182,67,1.1167161210618524,0,0,-0.19083052643359816,-0.19083052643359816
188,67,1.2750705612579811,0,0,-0.05837389095571316,-0.05837389095571316
189,67,0.8465315579135323,0,0,0.0898617604643207,0.0898617604643207
218,67,1.1447151920956289,0,0,-0.16940016790785373,-0.16940016790785373
234,67,1.4370813170753631,0,0,-0.21301635704257144,-0.21301635704257144
237,67,1.5886496266371035,0,0,-0.06044367387159044,-0.06044367387159044
260,67,1.148079658823541,0,0,-0.22746416289643273,-0.22746416289643273
263,67,0.8059640738249071,0,0,-0.1207859957721229,-0.1207859957721229
293,67,0.7528072886230166,0,0,0.06040643816968952,0.06040643816968952
311,67,1.2159818977339836,0,0,-0.13720090361983972,-0.13720090361983972
330,67,1.2767687681349296,0,0,-0.23746549264457723,-0.23746549264457723
347,67,0.7119385801989179,0,0,-0.04964998978430232,-0.04964998978430232
85,68,1.5976222018925348,0,0,-0.2511592915112547,-0.2511592915112547
91,68,1.3077923286433444,0,0,-0.2951557667813949,-0.2951557667813949
95,68,1.3337365519889435,0,0,0.07412623791513193,0.07412623791513193
117,68,0.9100660719536555,0,0,-0.1960170626122656,-0.1960170626122656
126,68,0.7634666545547444,0,0,0.052333196468972804,0.052333196468972804
150,68,0.8956846076099262,0,0,0.0604774972986481,0.0604774972986481
152,68,1.260904092064759,0,0,-0.3048435914917085,-0.3048435914917085
155,68,1.1257750061369678,0,0,-0.23180333999380587,-0.23180333999380587
157,68,1.3043827338080956,0,0,0.1814801735583369,0.1814801735583369
166,68,0.6732566531175955,0,0,0.08309099180955506,0.08309099180955506
172,68,1.2642693476813112,0,0,0.17624761953479695,0.17624761953479695
220,68,1.5468028630696846,0,0,-0.25115929151125427,-0.25115929151125427
223,68,1.3947817113432608,0,0,0.20630652258562215,0.20630652258562215
228,68,0.9027749630791164,0,0,-0.06237314933272936,-0.06237314933272936
234,68,1.5976267740193504,0,0,-0.12389565177424927,-0.12389565177424927
245,68,0.9969073221373966,0,0,0.1329451453776745,0.1329451453776745
266,68,1.4878129800348632,0,0,0.21527422122766762,0.21527422122766762
294,68,0.9786998548512004,0,0,0.15050241218897645,0.15050241218897645
299,68,1.2343760268495723,0,0,0.16525348425201508,0.16525348425201508
311,68,1.5328063524065059,0,0,-0.048080198351517556,-0.048080198351517556
342,68,1.348418135794773,0,0,0.19087241150542217,0.19087241150542217
73,69,1.1639100423273179,0,0,0.14437972601540883,0.14437972601540883
112,69,0.541241429488907,0,0,-0.03544617034764952,-0.03544617034764952
124,69,0.9429310141696691,0,0,-0.029231974158759,-0.029231974158759
177,69,1.4907008861200521,0,0,-0.27340073664460424,-0.27340073664460424
207,69,0.5095615503814508,0,0,-0.017853264884493347,-0.017853264884493347
216,69,0.3484379992322071,0,0,0.01455263141755303,0.01455263141755303
291,69,0.9129643643971166,0,0,0.13150243667466532,0.13150243667466532
301,69,0.8560928354430243,0,0,-0.05936524228979878,-0.05936524228979878
310,69,1.543531985704555,0,0,-0.0036902102215853327,-0.0036902102215853327
314,69,1.2077056534039439,0,0,-0.3207189317031514,-0.3207189317031514
320,69,1.5578302003243072,0,0,0.18674612799527734,0.18674612799527734
337,69,0.5040830833637965,0,0,-0.12194453161836072,-0.12194453161836072
346,69,1.5254553743062,1,1,0.2612647128409191,-0.7387352871590809
349,69,1.2009943844473077,0,0,0.029100476919031837,0.029100476919031837
365,69,0.595185680905518,0,0,-0.11157809200701607,-0.11157809200701607
400,69,0.857265135482375,0,0,-0.007334915757354898,-0.007334915757354898
82,70,1.2637228676694998,0,0,0.1897969651511088,0.1897969651511088
113,70,1.1698538547621014,0,0,0.029802081069663977,0.029802081069663977
118,70,0.880155269369029,0,0,-0.05837454787488271,-0.05837454787488271
120,70,0.4692144706046842,0,0,0.016118190321225967,0.016118190321225967
122,70,1.5572022080760342,0,0,-0.13948163002364697,-0.13948163002364697
143,70,1.5848485114716229,0,0,-0.07639759060933822,-0.07639759060933822
145,70,1.2515852486276342,0,0,0.2885303790873254,0.2885303790873254
151,70,0.6543716315392513,0,0,-0.05575021065372647,-0.05575021065372647
193,70,0.7088061465332234,0,0,-0.06372862094921761,-0.06372862094921761
194,70,1.145996966446248,0,0,-0.06390534783185123,-0.06390534783185123
197,70,1.5654888149457915,0,0,-0.04453666534602127,-0.04453666534602127
205,70,1.3280307913669946,0,0,-0.08325365378705707,-0.08325365378705707
219,70,1.0478731093853055,0,0,-0.08390682410077333,-0.08390682410077333
229,70,1.5041558587998436,0,0,-0.13246349373184624,-0.13246349373184624
232,70,1.2395225761321136,0,0,0.006517803508102438,0.006517803508102438
238,70,1.2980339159992438,0,0,-0.07551668778655347,-0.07551668778655347
248,70,1.2289109174761434,0,0,0.20576125004411736,0.20576125004411736
268,70,1.5989423993999419,0,0,-0.030177105182179642,-0.030177105182179642
277,70,0.3226315771208227,0,0,0.04261151205740829,0.04261151205740829
282,70,0.9183784895982404,0,0,-0.05216998065560488,-0.05216998065560488
287,70,0.6198993463650002,0,0,0.06206686111111542,0.06206686111111542
298,70,0.7959200004789471,0,0,-0.0774435718875994,-0.0774435718875994
332,70,0.6922907337676918,0,0,0.09349313801801781,0.09349313801801781
353,70,0.9868591150609444,0,0,-0.08911013480969072,-0.08911013480969072
358,70,0.6347700407024693,0,0,-0.04688210174601376,-0.04688210174601376
388,70,0.9329628694591542,0,0,-0.06745792380831503,-0.06745792380831503
392,70,1.4948082584358409,0,0,-0.027422513946627203,-0.027422513946627203
86,71,1.2160049847401795,0,0,-0.11683839647768646,-0.11683839647768646
100,71,0.31750243421907837,0,0,-0.05265505576419327,-0.05265505576419327
108,71,1.4926957226255977,0,0,-0.1609732497044687,-0.1609732497044687
121,71,1.0585442620393624,0,0,-0.14739895166582795,-0.14739895166582795
144,71,0.6992503251491637,0,0,0.0743772865298159,0.0743772865298159
146,71,0.6453529693818197,0,0,-0.05587246060602724,-0.05587246060602724
148,71,1.4237026635255126,0,0,-0.11843735205149075,-0.11843735205149075
153,71,0.3726167991137275,0,0,0.010469472820871628,0.010469472820871628
156,71,1.4339778723814023,0,0,-0.07298006912366406,-0.07298006912366406
159,71,1.3703139117361285,0,0,-0.040212180987300616,-0.040212180987300616
168,71,0.638004404994338,0,0,0.04540525488823699,0.04540525488823699
206,71,0.8138861722751489,0,0,-0.11792778097266643,-0.11792778097266643
230,71,1.4994476586564431,0,0,0.1304889860794496,0.1304889860794496
239,71,1.495617935400752,0,0,-0.19674050147460842,-0.19674050147460842
269,71,1.1816115070737907,0,0,0.10986740291858504,0.10986740291858504
281,71,1.249316592128432,0,0,-0.10053392605455613,-0.10053392605455613
283,71,1.516558051142627,0,0,0.13048898607944964,0.13048898607944964
284,71,1.4008170803307654,0,0,0.22416391504436145,0.22416391504436145
315,71,0.6642217370081223,0,0,-0.10713646606722482,-0.10713646606722482
329,71,1.580070525962066,0,0,-0.052105423830877906,-0.052105423830877906
336,71,1.0135433015670843,0,0,-0.05204342535781492,-0.05204342535781492
362,71,1.3333038866976756,0,0,0.21042815654640146,0.21042815654640146
366,71,1.253829568671593,0,0,0.014156234554153935,0.014156234554153935
381,71,1.295555765669526,0,0,-0.10046559223249063,-0.10046559223249063
394,71,1.0743661713440262,0,0,0.1753562726552405,0.1753562726552405
80,72,1.2098370418681084,0,0,0.05926358593052715,0.05926358593052715
95,72,1.4999285499829336,0,0,-0.1241727822282937,-0.1241727822282937
111,72,0.652668582258869,0,0,0.08809990385097338,0.08809990385097338
125,72,1.0606876341766622,0,0,0.15085259596608835,0.15085259596608835
126,72,1.5989476335753425,0,0,-0.14596582367445282,-0.14596582367445282
136,72,0.926528547286334,0,0,0.09236547262916726,0.09236547262916726
150,72,1.4406456076249363,0,0,-0.13782152284477753,-0.13782152284477753
157,72,0.9754931771383868,0,0,-0.01681884658508874,-0.01681884658508874
166,72,1.2683830039331119,0,0,-0.11520802833387056,-0.11520802833387056
172,72,0.5428923614778071,0,0,-0.022051400608628674,-0.022051400608628674
187,72,1.3848562838804184,0,0,0.21848960078700944,0.21848960078700944
223,72,0.5497858396944881,0,0,0.008007502442196515,0.008007502442196515
225,72,0.9770615323706902,0,0,0.1329605264839615,0.1329605264839615
226,72,1.5252007580175218,0,0,-0.1581584535744386,-0.1581584535744386
233,72,1.5591028353769736,1,1,0.15398432159156938,-0.8460156784084306
236,72,0.7703560263575379,0,0,0.06403959648055114,0.06403959648055114
245,72,0.9312089535684444,0,0,-0.06535387476575114,-0.06535387476575114
250,72,0.9711670879317819,0,0,-0.04319395926246697,-0.04319395926246697
264,72,0.17951598290354587,0,0,0.021447530532232237,0.021447530532232237
266,72,0.9605848864570881,0,0,0.016975201084241998,0.016975201084241998
294,72,0.9071376220421373,0,0,-0.04779660795444918,-0.04779660795444918
295,72,1.5071022632870636,0,0,-0.06082549465099804,-0.06082549465099804
299,72,0.6409945431489386,0,0,-0.033045535891410543,-0.033045535891410543
323,72,0.2914684593770036,0,0,-0.006389124357952872,-0.006389124357952872
325,72,1.3498513176536577,0,0,0.16827011770232997,0.16827011770232997
342,72,0.5003551278260289,0,0,-0.007426608638003457,-0.007426608638003457
352,72,1.1719885908529533,0,0,-0.0014258020925070197,-0.0014258020925070197
112,73,0.8373237910121337,0,0,-0.17982589636305835,-0.17982589636305835
124,73,0.8057640649795227,0,0,-0.17361170017416783,-0.17361170017416783
133,73,1.517432661037792,0,0,-0.030685187829685434,-0.030685187829685434
177,73,1.5501913412388157,0,0,-0.41778046266001306,-0.41778046266001306
185,73,0.6750167164267779,0,0,-0.0369214502496088,-0.0369214502496088
192,73,1.5395297231904759,1,1,0.227599464449878,-0.772400535550122
207,73,1.527257336563528,0,0,-0.16223299089990217,-0.16223299089990217
215,73,1.440634198572261,1,1,0.22143678732133787,-0.7785632126786621
216,73,1.2901710600989424,0,0,-0.1298270945978558,-0.1298270945978558
289,73,1.440715240424543,1,1,0.06693347827255636,-0.9330665217274436
291,73,0.34334463833307494,0,0,-0.012877289340743503,-0.012877289340743503
297,73,1.320059264323128,1,1,0.18106942056422404,-0.818930579435776
301,73,0.9438373943108411,0,0,-0.2037449683052076,-0.2037449683052076
310,73,0.9032516484325128,0,0,-0.14806993623699416,-0.14806993623699416
320,73,0.4558738343645046,0,0,0.04236640197986852,0.04236640197986852
333,73,1.4524567201980696,1,1,0.09835459569067528,-0.9016454043093247
337,73,1.4233767528441923,0,0,-0.26632425763376955,-0.26632425763376955
346,73,1.2496646789307262,1,1,0.11688498682551018,-0.8831150131744898
349,73,0.5210712095005167,0,0,-0.11527924909637699,-0.11527924909637699
350,73,0.8864573162168268,1,1,0.12305511970733829,-0.8769448802926617
364,73,1.293281793469162,1,1,0.20465234424389067,-0.7953476557561093
375,73,1.3514748403300023,1,1,0.1613744290120881,-0.8386255709879119
377,73,1.034064027136417,0,0,-0.07634978781686474,-0.07634978781686474
399,73,1.4132577164549747,1,1,0.2137490242686495,-0.7862509757313505
400,73,0.45898610415383373,0,0,-0.15171464177276373,-0.15171464177276373
87,74,0.7815601405123623,0,0,0.08222951242061616,0.08222951242061616
101,74,0.8738582048416412,0,0,0.11465971340573408,0.11465971340573408
102,74,1.570195209954388,0,0,-0.21824075916631236,-0.21824075916631236
116,74,1.1954233626408999,0,0,-0.13925312275324303,-0.13925312275324303
129,74,1.4696834973562176,0,0,-0.12630988993554232,-0.12630988993554232
164,74,1.060481473827428,0,0,-0.0001984859319823229,-0.0001984859319823229
178,74,1.3393977623059605,0,0,-0.17478139445360905,-0.17478139445360905
186,74,1.5476217070474603,0,0,-0.2049936331651006,-0.2049936331651006
199,74,0.973097243495021,0,0,0.13520827623797585,0.13520827623797585
200,74,1.0028461626162892,0,0,-0.07899500290118529,-0.07899500290118529
214,74,1.2281566484528879,0,0,0.05494674226490692,0.05494674226490692
221,74,1.1671414464644472,0,0,0.11714555941137741,0.11714555941137741
224,74,0.6379067570590163,0,0,-0.06025900335473486,-0.06025900335473486
241,74,1.4365314134902478,0,0,0.16171499732750386,0.16171499732750386
249,74,0.3996949369752203,0,0,0.060260863353667815,0.060260863353667815
257,74,0.8049821025744244,0,0,-0.09485941338160805,-0.09485941338160805
271,74,1.4471856053780616,0,0,0.1981824072264546,0.1981824072264546
275,74,1.3273251620011115,0,0,-0.042559410423601285,-0.042559410423601285
278,74,1.47106165092013,0,0,0.0728873170371152,0.0728873170371152
279,74,1.0036642803488793,0,0,0.13434119168320904,0.13434119168320904
286,74,1.463962115373812,0,0,-0.033515977975967726,-0.033515977975967726
305,74,0.49620938918518054,0,0,-0.02096896964467472,-0.02096896964467472
318,74,1.2667357310771172,0,0,0.1582301949817773,0.1582301949817773
321,74,0.7778410671575162,0,0,-0.10123769434887697,-0.10123769434887697
328,74,1.1517716716903967,0,0,-0.17623684126181616,-0.17623684126181616
334,74,1.4517494120002805,0,0,-0.0700292834198388,-0.0700292834198388
354,74,0.481536412005214,0,0,-0.06360997808812514,-0.06360997808812514
359,74,0.3374013110936229,0,0,-0.02199204781399386,-0.02199204781399386
372,74,1.005289516725477,0,0,0.11186078705234667,0.11186078705234667
373,74,0.7671226866132108,0,0,-0.09175175512602843,-0.09175175512602843
379,74,1.3741927151627376,0,0,0.1883006565850698,0.1883006565850698
380,74,1.2839993022600777,0,0,0.16899788943303098,0.16899788943303098
384,74,1.5393728769592463,0,0,-0.06353187495232256,-0.06353187495232256
386,74,0.690577838725685,0,0,0.09801832646523884,0.09801832646523884
389,74,1.3708633921352094,0,0,0.15247341422799068,0.15247341422799068
93,75,1.4380197540482211,0,0,0.16183983222941872,0.16183983222941872
101,75,1.174277105105973,0,0,-0.13980523456963262,-0.13980523456963262
123,75,1.3093198235499377,1,1,0.25005172913402207,-0.7499482708659779
135,75,0.28641623498042307,0,0,0.012970389755379508,0.012970389755379508
188,75,1.5882712541122772,1,1,0.3475178965506486,-0.6524821034493514
199,75,1.4515906374078367,0,0,-0.11925667173739085,-0.11925667173739085
218,75,1.429715330807755,1,1,0.23649161959850806,-0.7635083804014919
221,75,1.2638613850975267,0,0,-0.1373193885639893,-0.1373193885639893
237,75,1.5581210274924937,1,1,0.34544811363477135,-0.6545518863652287
241,75,0.5924411207513434,0,0,-0.09274995064786284,-0.09274995064786284
249,75,1.5271033820650504,0,0,-0.19420408462169889,-0.19420408462169889
251,75,1.346422387642242,1,1,0.24963486308397598,-0.750365136916024
262,75,1.2736937562105055,0,0,-0.024443958542247624,-0.024443958542247624
271,75,0.4619662631266281,0,0,-0.05628254074891209,-0.05628254074891209
279,75,1.0946934796035528,0,0,-0.12012375629215766,-0.12012375629215766
307,75,0.432080099196175,0,0,0.0201956121260512,0.0201956121260512
317,75,1.0153741067067332,0,0,-0.07340797514372038,-0.07340797514372038
318,75,0.7014358734735684,0,0,-0.09623475299358941,-0.09623475299358941
330,75,1.4262913926709953,1,1,0.1684262948617845,-0.8315737051382155
372,75,1.2439625685721696,0,0,-0.14260416092302003,-0.14260416092302003
379,75,0.547193399412421,0,0,-0.06616429139029689,-0.06616429139029689
380,75,0.8279598723271249,0,0,-0.08546705854233572,-0.08546705854233572
383,75,0.6426354457691204,0,0,0.002962386993000221,0.002962386993000221
386,75,1.2693179823761997,0,0,-0.15644662151012786,-0.15644662151012786
389,75,0.9635805446233787,0,0,-0.10199153374737602,-0.10199153374737602
391,75,0.8513852572102527,0,0,0.018434118533933397,0.018434118533933397
393,75,1.3879399351549375,0,0,-0.06440385710934082,-0.06440385710934082
107,76,1.3488349192448976,0,0,0.10264170934729713,0.10264170934729713
110,76,0.3840889003743441,0,0,-0.06749162925679406,-0.06749162925679406
119,76,1.3431241026638638,0,0,-0.003076216586819197,-0.003076216586819197
133,76,1.2301727244960436,46,-1,-0.04802004275461591,0.9519799572453841
161,76,0.7174567519794218,46,-1,-0.13558427975047793,0.8644157202495221
171,76,0.8297626939759699,0,0,-0.173560195513247,-0.173560195513247
202,76,1.5831326762311284,0,0,0.20838963668905855,0.20838963668905855
243,76,1.4712113685122872,0,0,0.18801567401861488,0.18801567401861488
244,76,0.9848624051748537,0,0,0.05389601375040304,0.05389601375040304
270,76,1.4521640836088723,0,0,0.1736439420566263,0.1736439420566263
289,76,1.3198963119202174,0,0,0.04959862334762588,0.04959862334762588
290,76,1.0009477252188832,0,0,0.048531227339674465,0.048531227339674465
292,76,1.2998088708159563,46,-1,-0.3030728571623398,0.6969271428376602
303,76,1.3058982088102975,0,0,0.18254760015876328,0.18254760015876328
312,76,1.319038729227258,0,0,0.053566169814775355,0.053566169814775355
333,76,1.2743424330364805,0,0,0.08101974076574488,0.08101974076574488
345,76,1.0160224264242554,46,-1,-0.09825734850509826,0.9017426514949017
396,76,1.0778456692440066,0,0,-0.20620765903115792,-0.20620765903115792
88,77,0.40150743312664894,0,0,-0.005098738088201701,-0.005098738088201701
93,77,1.4582791626027554,46,-1,-0.319159250385047,0.680840749614953
129,77,1.1034882501079286,0,0,0.13822607947462523,0.13822607947462523
158,77,1.0383722128133848,0,0,-0.08451967335154233,-0.08451967335154233
178,77,0.744002025520467,0,0,0.08975457495655852,0.08975457495655852
186,77,0.5338234536133573,0,0,0.05954233624506697,0.05954233624506697
188,77,1.561136500469391,0,0,-0.13348118606381715,-0.13348118606381715
200,77,1.5752737290905983,0,0,0.18554096650898227,0.18554096650898227
207,77,1.569435334802597,46,-1,-0.26323416339953676,0.7367658366004632
216,77,1.5743955274604289,46,-1,-0.23082826709749038,0.7691717329025096
224,77,1.4728099831770347,0,0,0.20427696605543272,0.20427696605543272
237,77,1.2590806905934449,0,0,-0.13555096897969443,-0.13555096897969443
251,77,1.3677545782835425,0,0,-0.2313642195304898,-0.2313642195304898
257,77,1.2750971145396746,0,0,0.16967655602855952,0.16967655602855952
321,77,1.255879201281148,0,0,0.1632982750612906,0.1632982750612906
328,77,0.9555761990999913,0,0,0.08829912814835139,0.08829912814835139
339,77,0.6626969193963151,0,0,-0.00847337610585934,-0.00847337610585934
346,77,0.9407486275402076,0,0,0.015883814325875642,0.015883814325875642
354,77,1.5172989549464986,0,0,0.20092599132204242,0.20092599132204242
364,77,1.535096327666965,0,0,0.10365117174425612,0.10365117174425612
367,77,0.9419284298027241,0,0,-0.16022736688729966,-0.16022736688729966
373,77,1.4250482214181635,0,0,0.17278421428413912,0.17278421428413912
80,78,0.7724416815723569,0,0,0.01867674577087158,0.01867674577087158
102,78,0.7946522702834437,0,0,-0.028362649682799834,-0.028362649682799834
116,78,0.9770598160463314,0,0,0.05062498673026952,0.05062498673026952
128,78,0.9884512282701582,0,0,-0.09585845817449092,-0.09585845817449092
157,78,1.4627214650031215,0,0,-0.057405686744744305,-0.057405686744744305
189,78,1.0400895328525592,0,0,-0.05990339457043832,-0.05990339457043832
214,78,1.201702170962501,0,0,0.24482485174841945,0.24482485174841945
224,78,1.4239767962988783,0,0,0.1296191061287777,0.1296191061287777
236,78,1.227797057369537,0,0,0.023452756320895583,0.023452756320895583
257,78,1.564419583143138,0,0,0.09501869610190448,0.09501869610190448
263,78,1.4106075573700048,0,0,-0.2705511508068819,-0.2705511508068819
266,78,1.1462792540449178,0,0,-0.023611639075413568,-0.023611639075413568
278,78,1.2792142779370637,0,0,0.26276542652062773,0.26276542652062773
293,78,0.5463123682878596,0,0,-0.0893587168650695,-0.0893587168650695
311,78,1.4032845490684125,0,0,-0.28696605865459873,-0.28696605865459873
324,78,0.8908817385748882,0,0,0.16481410089608273,0.16481410089608273
325,78,0.9593931855703759,0,0,0.1276832775426744,0.1276832775426744
347,78,1.521663871725107,0,0,-0.19941514481906136,-0.19941514481906136
359,78,1.557750500283999,0,0,0.1678860616695187,0.1678860616695187
373,78,1.5667041977856946,0,0,0.0981263543574841,0.0981263543574841
92,79,0.4648741999827744,0,0,-0.017042312206103964,-0.017042312206103964
105,79,1.3964278713838942,0,0,-0.06095787861127231,-0.06095787861127231
114,79,1.470397460279147,0,0,-0.16314909293279248,-0.16314909293279248
115,79,0.20128103329400354,0,0,5.551115123125783e-17,5.551115123125783e-17
131,79,0.7921143261097875,0,0,-0.03543011072563235,-0.03543011072563235
134,79,0.5501769762205576,0,0,-0.04455302615568971,-0.04455302615568971
139,79,1.3734782858053909,0,0,-0.029090451999520695,-0.029090451999520695
143,79,0.5115189324138063,0,0,0.034872711995427054,0.034872711995427054
154,79,0.890017287486035,0,0,0.04012054979005802,0.04012054979005802
169,79,1.482581098264551,0,0,-0.1360974401944684,-0.1360974401944684
193,79,1.1694811352217052,0,0,0.04754168165554767,0.04754168165554767
194,79,0.6058656205750763,0,0,0.047364954772914046,0.047364954772914046
197,79,0.8652823835140834,0,0,0.06673363725874401,0.06673363725874401
205,79,0.4054210464585991,0,0,0.028016648817708205,0.028016648817708205
217,79,1.2031632454265406,0,0,-0.07505369102383647,-0.07505369102383647
219,79,0.949058355931509,0,0,0.02736347850399195,0.02736347850399195
229,79,0.8839493577341397,0,0,-0.021193191127080978,-0.021193191127080978
232,79,1.3646795919180383,0,0,0.11778810611286772,0.11778810611286772
242,79,1.066854634686399,0,0,-0.10215826087029489,-0.10215826087029489
246,79,0.8517927601104472,0,0,-0.03047395889706689,-0.03047395889706689
255,79,1.454339505281214,0,0,0.1352677417539637,0.1352677417539637
261,79,1.1535014756204367,0,0,0.013753107636846777,0.013753107636846777
268,79,0.9750488304879732,0,0,0.08109319742258564,0.08109319742258564
273,79,1.0163772843718972,0,0,-0.09292282865017129,-0.09292282865017129
282,79,0.8345469790418442,0,0,0.05910032194916039,0.05910032194916039
298,79,1.217962177147962,0,0,0.033826730717165875,0.033826730717165875
309,79,1.0477056124441027,0,0,-0.07144072426991907,-0.07144072426991907
331,79,1.5538951558996295,0,0,-0.11901926413345593,-0.11901926413345593
340,79,1.3718006746438953,0,0,0.11129364743285433,0.11129364743285433
343,79,1.1337381341196417,0,0,-0.1145132122281951,-0.1145132122281951
353,79,1.4466881197551558,0,0,0.02216016779507455,0.02216016779507455
387,79,1.0820757830026895,0,0,0.04875348053405781,0.04875348053405781
388,79,0.9261260448331811,0,0,0.043812378796450245,0.043812378796450245
392,79,1.0063649295478705,0,0,0.08384778865813808,0.08384778865813808
395,79,0.5333560334896372,0,0,-0.015595810260370782,-0.015595810260370782
397,79,1.234120746609406,0,0,0.09596809212832264,0.09596809212832264
102,80,1.5535290453568227,0,0,-0.04703939545367142,-0.04703939545367142
111,80,1.1101380743587421,0,0,0.02883631792044624,0.02883631792044624
157,80,0.8530194998063726,0,0,-0.07608243251561589,-0.07608243251561589
172,80,1.1821888837304526,0,0,-0.08131498653915582,-0.08131498653915582
187,80,1.5131528504128866,0,0,0.1592260148564823,0.1592260148564823
195,80,1.519604788666702,0,0,0.2619260791755252,0.2619260791755252
214,80,1.4972934674769813,0,0,0.2261481059775479,0.2261481059775479
223,80,0.8987305749421345,0,0,-0.051256083488330634,-0.051256083488330634
225,80,1.165094385855968,0,0,0.07369694055343436,0.07369694055343436
236,80,0.46484813007479303,0,0,0.004776010550024003,0.004776010550024003
245,80,1.5324201000783324,0,0,-0.12461746069627828,-0.12461746069627828
264,80,1.0542569591606097,0,0,-0.03781605539829491,-0.03781605539829491
266,80,0.4530433181578267,0,0,-0.04228838484628515,-0.04228838484628515
278,80,1.4819708204216602,0,0,0.24408868074975618,0.24408868074975618
293,80,0.8477642125383585,0,0,-0.10803546263594109,-0.10803546263594109
294,80,1.3514394143130364,0,0,-0.10706019388497633,-0.10706019388497633
299,80,1.3708209588785027,0,0,-0.09230912182193769,-0.09230912182193769
311,80,1.4317521561557007,0,0,-0.3056428044254703,-0.3056428044254703
323,80,1.4939935750250715,0,0,-0.06565271028848002,-0.06565271028848002
324,80,0.7010654229132005,0,0,0.14613735512521114,0.14613735512521114
325,80,0.5270404575925087,0,0,0.10900653177180282,0.10900653177180282
342,80,1.0381346125130304,0,0,-0.0666901945685306,-0.0666901945685306
94,81,1.266749561003333,0,0,0.16199759710297135,0.16199759710297135
98,81,1.1403219453942004,46,-1,-0.1310808501123223,0.8689191498876777
104,81,1.5376232060391934,46,-1,-0.22012344043190457,0.7798765595680954
139,81,0.7561841201454771,46,-1,-0.005189803610706867,0.9948101963892931
154,81,1.1442463547775497,46,-1,0.06402119817887186,1.0640211981788719
163,81,1.1707172350991242,0,0,0.09887524551170168,0.09887524551170168
183,81,1.40741732973301,46,-1,-0.1994223597255702,0.8005776402744298
191,81,1.3239356802831097,46,-1,-0.1879466480325337,0.8120533519674663
203,81,1.0075314935942041,0,0,0.1635680818791947,0.1635680818791947
212,81,1.5264731101026277,0,0,0.1856316126705302,0.1856316126705302
217,81,1.44518526108363,46,-1,-0.05115304263502263,0.9488469573649774
233,81,1.3548053270209865,0,0,0.03377744620759726,0.03377744620759726
235,81,0.7161407964536578,0,0,0.12381715475743016,0.12381715475743016
239,81,1.3897583670887368,0,0,0.16955714692532253,0.16955714692532253
247,81,0.7601686085599121,0,0,0.08227939121463634,0.08227939121463634
261,81,0.8194435842350907,46,-1,0.03765375602566068,1.0376537560256607
288,81,0.6959027612483808,0,0,0.1220198788291803,0.1220198788291803
313,81,0.8499044704469337,0,0,0.13451101467710058,0.13451101467710058
340,81,1.5157252099119278,46,-1,0.1351942958216683,1.1351942958216683
341,81,1.3369365817374204,46,-1,-0.2159976686758358,0.7840023313241642
344,81,1.0015446036367521,0,0,0.1339290360564933,0.1339290360564933
351,81,1.3543507437264295,46,-1,-0.21131319676503557,0.7886868032349644
371,81,1.5666938645127504,0,0,0.1856316126705304,0.1856316126705304
382,81,1.552065012152845,46,-1,-0.2531043693709698,0.7468956306290302
387,81,0.8720254575923327,46,-1,0.07265412892287171,1.0726541289228717
395,81,1.4058026976068454,46,-1,0.008304838128443182,1.0083048381284432
113,82,0.9653177423402531,0,0,-0.15999488408144483,-0.15999488408144483
118,82,1.4151004948599517,0,0,-0.2481715130259915,-0.2481715130259915
119,82,1.5867625738903772,1,1,0.4340116545428172,-0.5659883454571828
120,82,0.9664285762502748,0,0,-0.17367877482988284,-0.17367877482988284
145,82,1.1467982639245025,0,0,0.0987334139362166,0.0987334139362166
151,82,1.5015448127931905,0,0,-0.24554717580483526,-0.24554717580483526
171,82,1.276059667411364,1,1,0.26352767561638935,-0.7364723243836107
248,82,0.6682777019647841,0,0,0.01596428489300855,0.01596428489300855
276,82,1.0842013462222748,1,1,0.27146740078066567,-0.7285325992193343
277,82,1.3653497561971504,0,0,-0.1471854530937005,-0.1471854530937005
287,82,1.0229957368783615,0,0,-0.12773010403999338,-0.12773010403999338
292,82,1.2912980087373396,0,0,0.1340150139672966,0.1340150139672966
304,82,1.11713247053017,1,1,0.2714674007806652,-0.7285325992193348
332,82,0.7673982303413927,0,0,-0.09630382713309099,-0.09630382713309099
357,82,0.48103694073950604,0,0,0.08631388727382883,0.08631388727382883
358,82,1.4507925090199976,0,0,-0.23667906689712256,-0.23667906689712256
396,82,1.0670018644438903,1,1,0.23088021209847842,-0.7691197879015216
90,83,0.5058299655664049,0,0,0.05228817030680799,0.05228817030680799
114,83,1.2224347424435575,0,0,0.21701171008496,0.21701171008496
140,83,0.2634161528754586,0,0,-0.015498991669546214,-0.015498991669546214
145,83,1.2685790341993588,46,-1,-0.22003851529015683,0.7799614847098432
147,83,1.1888731775891237,0,0,0.06835073127275859,0.06835073127275859
198,83,1.1039092309696403,0,0,0.10465592536181278,0.10465592536181278
208,83,0.6853421607328013,0,0,-0.02877645905382492,-0.02877645905382492
210,83,1.2726520477526744,0,0,0.14612219748920896,0.14612219748920896
265,83,1.1941575970416454,0,0,0.02938485061870022,0.02938485061870022
267,83,0.7332012521419444,0,0,0.14396899769040905,0.14396899769040905
296,83,0.5604313215566084,0,0,0.005245341905652123,0.005245341905652123
316,83,1.4933758811917002,0,0,-0.02272139789975064,-0.02272139789975064
348,83,0.850046751896407,0,0,-0.1301368597864503,-0.1301368597864503
355,83,0.7841101858738557,46,-1,-0.1511872766659541,0.8488127233340459
360,83,1.0640999577381252,0,0,0.07226802272925248,0.07226802272925248
378,83,1.5303220572337874,0,0,0.1375329558707395,0.1375329558707395
85,84,0.7868318290389544,1,1,0.0204975818707539,-0.9795024181292461
91,84,1.1171154285046752,1,1,-0.023498893399386267,-1.0234988933993863
123,84,1.554921051439572,1,1,0.20493752027799106,-0.7950624797220089
152,84,1.3585438523677884,1,1,-0.033186718109699864,-1.0331867181096999
165,84,1.318571178076579,0,0,-0.1564466081710561,-0.1564466081710561
174,84,1.2847833165214728,0,0,-0.14336757281085682,-0.14336757281085682
182,84,0.9002461386621886,1,1,0.16994705221673256,-0.8300529477832674
204,84,1.2219642211445867,0,0,-0.13099420100283915,-0.13099420100283915
218,84,1.2181731128040254,1,1,0.19137741074247705,-0.808622589257523
220,84,0.8238547125080764,1,1,0.020497581870754344,-0.9795024181292457
228,84,1.594883234831397,1,1,0.2092837240492793,-0.7907162759507207
234,84,1.0141440057495772,1,1,0.14776122160775929,-0.8522387783922407
253,84,1.3251264866055812,0,0,-0.15009688587168518,-0.15009688587168518
254,84,1.442910360071359,0,0,-0.13955044087775814,-0.13955044087775814
260,84,0.7596431856695124,1,1,0.133313415753898,-0.866686584246102
262,84,0.6417994329079514,0,0,-0.06955816739827858,-0.06955816739827858
263,84,1.0766443159462116,1,1,0.23999158287820788,-0.7600084171217921
311,84,1.427949315731182,1,1,0.22357667503049106,-0.7764233249695089
317,84,1.1677914484624605,0,0,-0.11852218399975134,-0.11852218399975134
330,84,0.9440408907369132,1,1,0.1233120860057535,-0.8766879139942465
338,84,1.0786545849121236,0,0,-0.12678542627242795,-0.12678542627242795
363,84,1.5732389531464444,1,1,-0.10401226877440961,-1.1040122687744096
369,84,1.5214284031756562,0,0,-0.16490717840159647,-0.16490717840159647
383,84,1.1104864666719059,0,0,-0.042151821863030736,-0.042151821863030736
389,84,1.5715574390861895,0,0,-0.14710574260340697,-0.14710574260340697
393,84,0.9053984203826477,0,0,-0.10951806596537178,-0.10951806596537178
91,85,0.5275555644056981,0,0,-0.04399647527014017,-0.04399647527014017
117,85,1.1025590257858906,0,0,0.05514222889898912,0.05514222889898912
152,85,0.8415768710749811,0,0,-0.053684299980453765,-0.053684299980453765
174,85,1.5785148268875369,46,-1,-0.16386515468161078,0.8361348453183892
182,85,0.9823434423725349,0,0,0.14944947034597872,0.14944947034597872
204,85,1.397476335850166,46,-1,-0.1514917828735931,0.8485082171264069
220,85,0.08600998960292244,0,0,4.440892098500626e-16,4.440892098500626e-16
228,85,0.8635006383983803,0,0,0.18878614217852535,0.18878614217852535
234,85,0.5280053955379835,0,0,0.12726363973700544,0.12726363973700544
253,85,1.5355917147749203,46,-1,-0.17059446774243914,0.8294055322575609
254,85,1.5969091232357813,46,-1,-0.16004802274851204,0.839951977251488
260,85,1.1669403986482856,0,0,0.11281583388314415,0.11281583388314415
262,85,1.348987706327765,46,-1,-0.09005574926903248,0.9099442507309675
263,85,1.198756438601995,0,0,0.21949400100745398,0.21949400100745398
311,85,0.9886139457687848,0,0,0.20307909315973716,0.20307909315973716
330,85,1.473624265502404,0,0,0.10281450413499965,0.10281450413499965
338,85,1.3630475314800772,46,-1,-0.14728300814318185,0.8527169918568182
363,85,1.4299322104878722,0,0,-0.12450985064516351,-0.12450985064516351
393,85,1.4966063162580006,46,-1,-0.13001564783612563,0.8699843521638744
94,86,1.3403956836112394,0,0,-0.08746165481927315,-0.08746165481927315
100,86,1.2027191619175441,0,0,0.06418334071349319,0.06418334071349319
109,86,1.5638891024508652,0,0,0.03304888405464357,0.03304888405464357
121,86,0.4401173717616755,0,0,-0.03056055518814149,-0.03056055518814149
125,86,1.4851383251694124,46,-1,-0.21881353134012826,0.7811864686598717
136,86,1.5993627408877489,46,-1,-0.27730065467704934,0.7226993453229507
144,86,1.5885208138262397,0,0,0.19121568300750236,0.19121568300750236
146,86,0.6215992080218423,0,0,0.060965935871659216,0.060965935871659216
148,86,0.2778723451539845,0,0,-0.0015989555738042949,-0.0015989555738042949
153,86,1.0985724739858995,0,0,0.12730786929855809,0.12730786929855809
156,86,0.7693671328795578,0,0,0.0438583273540224,0.0438583273540224
159,86,0.8411526687909291,0,0,0.07662621549038584,0.07662621549038584
163,86,0.8696536413532742,0,0,-0.15058400641054281,-0.15058400641054281
168,86,1.3571766838330763,0,0,0.16224365136592345,0.16224365136592345
203,86,0.8124958805366652,0,0,-0.0858911700430498,-0.0858911700430498
206,86,1.3070171698512312,0,0,-0.0010893844949799725,-0.0010893844949799725
209,86,0.6188163576003629,0,0,-0.03506553910391341,-0.03506553910391341
212,86,1.5778050875399763,0,0,-0.06382763925171431,-0.06382763925171431
222,86,1.2554247756112833,0,0,0.001337411605915939,0.001337411605915939
230,86,1.4878233010657211,0,0,0.24732738255713604,0.24732738255713604
233,86,1.093522549174264,0,0,-0.21568180571464723,-0.21568180571464723
235,86,1.3178530549610266,0,0,-0.12564209716481434,-0.12564209716481434
239,86,0.44981220135459876,0,0,-0.07990210499692196,-0.07990210499692196
247,86,1.0550222016261461,0,0,-0.16717986070760815,-0.16717986070760815
269,86,1.4157698804807777,0,0,0.2267057993962715,0.2267057993962715
274,86,1.1992136310624073,0,0,-0.011187308253353345,-0.011187308253353345
281,86,0.41681396401692994,0,0,0.016304470423130324,0.016304470423130324
283,86,1.5141016130607783,0,0,0.2473273825571361,0.2473273825571361
288,86,1.4255923948810354,0,0,-0.1274393730930642,-0.1274393730930642
308,86,0.8936735074736301,0,0,0.02184442099152495,0.02184442099152495
313,86,0.9468426207959858,0,0,-0.11494823724514391,-0.11494823724514391
315,86,1.1096555048826922,0,0,0.009701930410461634,0.009701930410461634
329,86,1.0273304394453873,0,0,0.06473297264680855,0.06473297264680855
366,86,1.0688586383294727,0,0,0.1309946310318404,0.1309946310318404
371,86,1.5520117602515675,0,0,-0.06382763925171409,-0.06382763925171409
101,87,0.977511238104235,0,0,0.032430200985117924,0.032430200985117924
135,87,1.5902771419490906,0,0,0.18520582531013005,0.18520582531013005
164,87,0.7530162700789453,0,0,-0.08242799835259848,-0.08242799835259848
199,87,0.3886768118477597,0,0,0.05297876381735969,0.05297876381735969
200,87,1.1487823382897544,0,0,-0.16122451532180143,-0.16122451532180143
221,87,1.515573944545901,0,0,0.03491604699076126,0.03491604699076126
224,87,1.3211224731087967,0,0,-0.14248851577535102,-0.14248851577535102
241,87,1.4265793442541748,0,0,0.0794854849068877,0.0794854849068877
249,87,0.6946635538142361,0,0,-0.021968649066948343,-0.021968649066948343
257,87,1.4093774508591295,0,0,-0.1770889258022242,-0.1770889258022242
271,87,1.3478425777154355,0,0,0.11595289480583845,0.11595289480583845
275,87,1.2311593355283248,0,0,-0.12478892284421744,-0.12478892284421744
279,87,1.0803618839300155,0,0,0.052111679262592886,0.052111679262592886
286,87,1.28138330485852,0,0,-0.11574549039658388,-0.11574549039658388
305,87,0.614748523386054,0,0,-0.10319848206529088,-0.10319848206529088
314,87,0.9779475723993512,0,0,0.08713468795102144,0.08713468795102144
318,87,1.1849681082482644,0,0,0.07600068256116113,0.07600068256116113
321,87,1.3528457568495214,0,0,-0.18346720676949313,-0.18346720676949313
334,87,1.498576958795201,0,0,-0.15225879584045496,-0.15225879584045496
337,87,1.422636062193695,0,0,0.28590908803581216,0.28590908803581216
354,87,1.0103797441493028,0,0,-0.1458394905087413,-0.1458394905087413
359,87,1.074420600632948,0,0,-0.10422156023461002,-0.10422156023461002
365,87,1.2527075786381874,0,0,0.2962755276471568,0.2962755276471568
372,87,1.2540723744470663,0,0,0.029631274631730514,0.029631274631730514
373,87,1.4171518007994652,0,0,-0.17398126754664459,-0.17398126754664459
379,87,1.2730146837125698,0,0,0.10607114416445365,0.10607114416445365
380,87,0.999000206962417,0,0,0.08676837701241483,0.08676837701241483
384,87,1.575496238819365,0,0,-0.1457613873729387,-0.1457613873729387
386,87,0.8342325298069239,0,0,0.01578881404462268,0.01578881404462268
389,87,1.5858099933618794,0,0,0.07024390180737453,0.07024390180737453
391,87,1.5470535335729991,0,0,0.19066955408868394,0.19066955408868394
93,88,1.4776562961632516,46,-1,-0.3140605122968453,0.6859394877031547
102,88,1.574852499364526,0,0,0.05139394833205689,0.05139394833205689
116,88,1.456579572535919,0,0,0.13038158474512623,0.13038158474512623
128,88,1.5814008053894721,0,0,-0.01610186015963419,-0.01610186015963419
129,88,1.3944866721856592,0,0,0.14332481756282694,0.14332481756282694
158,88,0.6871819299324751,0,0,-0.07942093526334063,-0.07942093526334063
178,88,0.8615031482457153,0,0,0.09485331304476022,0.09485331304476022
186,88,0.4714368074042708,0,0,0.06464107433326867,0.06464107433326867
188,88,1.1917042075909197,0,0,-0.12838244797561546,-0.12838244797561546
189,88,1.3576456456502566,0,0,0.019853203444418405,0.019853203444418405
224,88,1.4482015485792572,0,0,0.2093757041436344,0.2093757041436344
237,88,0.9136138903666968,0,0,-0.13045223089149274,-0.13045223089149274
251,88,1.0796979414833294,0,0,-0.2262654814422881,-0.2262654814422881
257,88,1.2784831487523214,0,0,0.1747752941167612,0.1747752941167612
321,88,1.2987610925266877,0,0,0.1683970131494923,0.1683970131494923
328,88,0.9556162030437974,0,0,0.09339786623655309,0.09339786623655309
339,88,0.3044552003437879,0,0,-0.0033746380176576385,-0.0033746380176576385
346,88,1.3298051079803483,0,0,0.020982552414077343,0.020982552414077343
367,88,0.7423124866095414,0,0,-0.15512862879909797,-0.15512862879909797
373,88,1.4536389626365414,0,0,0.17788295237234084,0.17788295237234084
97,89,0.9531913886391701,0,0,-0.045042922156555185,-0.045042922156555185
106,89,0.6026382254384144,0,0,-0.018266255490933025,-0.018266255490933025
113,89,1.5636291520599948,0,0,0.11730524319943059,0.11730524319943059
118,89,1.4808404833077278,0,0,0.029128614254883903,0.029128614254883903
127,89,1.0827168620492278,0,0,0.16737927473432163,0.16737927473432163
129,89,1.3968949278637934,0,0,-0.06371960454015885,-0.06371960454015885
142,89,1.2036617747599967,0,0,0.10895787638989424,0.10895787638989424
162,89,1.2873917524262843,0,0,-0.06193882647980062,-0.06193882647980062
164,89,1.0647993797430781,0,0,0.06239179946340115,0.06239179946340115
176,89,1.3341955559780379,0,0,-0.09285240686966208,-0.09285240686966208
177,89,1.3745984670100198,0,0,0.2792726808255682,0.2792726808255682
179,89,0.25103978425274104,0,0,-0.01975372762173417,-0.01975372762173417
192,89,1.1499960055333855,0,0,-0.07534739206454065,-0.07534739206454065
200,89,0.9478311649524559,0,0,-0.016404717505801816,-0.016404717505801816
202,89,1.343496035564709,0,0,-0.0772223649004297,-0.0772223649004297
211,89,0.3455173860044817,0,0,-0.017635427195396874,-0.017635427195396874
215,89,1.1662685605616794,0,0,-0.08151006919308083,-0.08151006919308083
238,89,1.0643418513141691,0,0,0.011986474343213135,0.011986474343213135
243,89,1.5387012820804922,0,0,-0.09759632757087336,-0.09759632757087336
252,89,0.6350770974874993,0,0,-0.03907333915159297,-0.03907333915159297
256,89,1.0085305382808818,0,0,0.09258903560301826,0.09258903560301826
275,89,0.5668304929701395,0,0,0.020030874971782187,0.020030874971782187
286,89,0.6110657299935374,0,0,0.029074307419415746,0.029074307419415746
297,89,1.5777970792144376,0,0,-0.1218774359501947,-0.1218774359501947
302,89,0.5427892560138708,0,0,0.035756854895337725,0.035756854895337725
303,89,1.584639857147657,0,0,-0.10306440143072496,-0.10306440143072496
305,89,1.3632283540200596,0,0,0.04162131575070875,0.04162131575070875
314,89,1.5250200612161409,0,0,0.23195448576702107,0.23195448576702107
322,89,0.9341090209868322,0,0,-0.04073593255742376,-0.04073593255742376
334,89,0.5193488326758866,0,0,-0.007438998024455329,-0.007438998024455329
335,89,0.3856936259406944,0,0,0.03344997861363705,0.03344997861363705
354,89,1.474146277496304,0,0,-0.0010196926927416722,-0.0010196926927416722
364,89,1.5560934700740547,0,0,-0.09829451227052798,-0.09829451227052798
370,89,1.1741483117074623,0,0,-0.05435613256313907,-0.05435613256313907
384,89,0.3038747895189435,0,0,-0.0009415895569390847,-0.0009415895569390847
385,89,0.5745750700659686,0,0,-0.00984009416680337,-0.00984009416680337
390,89,0.5544827194874831,0,0,-0.036148855267275765,-0.036148855267275765
399,89,1.2852810272016315,0,0,-0.0891978322457692,-0.0891978322457692
105,90,1.5225022962331591,0,0,0.2669147540996722,0.2669147540996722
114,90,1.0899318901571082,0,0,0.16472353977815202,0.16472353977815202
140,90,0.7156270034881289,0,0,-0.0677871619763542,-0.0677871619763542
145,90,1.3560707610291023,46,-1,-0.2723266855969648,0.7276733144030352
147,90,0.7384782897049077,0,0,0.0160625609659506,0.0160625609659506
181,90,1.2843824302383096,0,0,0.003423577689389057,0.003423577689389057
198,90,1.335466570999009,0,0,0.052367755055004794,0.052367755055004794
208,90,1.1141021516306593,0,0,-0.08106462936063291,-0.08106462936063291
210,90,1.4235742353092948,0,0,0.09383402718240097,0.09383402718240097
265,90,1.5959585589695577,0,0,-0.02290331968810777,-0.02290331968810777
267,90,0.4622633563669983,0,0,0.09168082738360106,0.09168082738360106
296,90,0.9435200059466694,0,0,-0.04704282840115587,-0.04704282840115587
309,90,1.4931243733691808,0,0,0.2564319084410254,0.2564319084410254
348,90,1.2981822438068853,0,0,-0.18242503009325828,-0.18242503009325828
355,90,0.9019083994598545,46,-1,-0.2034754469727622,0.7965245530272378
360,90,1.405389921889494,0,0,0.01997985242244449,0.01997985242244449
117,91,0.6120119529548346,0,0,0.09913870416912929,0.09913870416912929
152,91,0.31726864342656474,0,0,-0.009687824710313597,-0.009687824710313597
155,91,1.2272601129013743,0,0,0.06335242678758901,0.06335242678758901
165,91,1.5737770542673892,46,-1,-0.13294771477166978,0.8670522852283302
174,91,1.4447016869459606,46,-1,-0.1198686794114705,0.8801313205885295
175,91,1.5162637015383043,0,0,-0.08957787933782979,-0.08957787933782979
182,91,1.471674122295797,0,0,0.1934459456161189,0.1934459456161189
195,91,1.5748620551256551,46,-1,-0.18535554796912712,0.8146444520308729
204,91,1.2218742139219358,46,-1,-0.10749530760345283,0.8925046923965472
220,91,0.4419848828954437,0,0,0.04399647527014061,0.04399647527014061
228,91,0.8787107560360372,0,0,0.23278261744866552,0.23278261744866552
234,91,0.9269420607448041,0,0,0.1712601150071456,0.1712601150071456
253,91,1.3865681819413367,46,-1,-0.12659799247229886,0.8734020075277011
254,91,1.3830200303483149,46,-1,-0.11605154747837187,0.8839484525216281
262,91,1.5301379332455354,46,-1,-0.046059273998892314,0.9539407260011077
272,91,1.5069185175148831,46,-1,-0.14693349711616244,0.8530665028838376
311,91,1.259345586834698,0,0,0.24707556842987732,0.24707556842987732
338,91,1.2488101959906983,46,-1,-0.10328653287304168,0.8967134671269583
363,91,1.0163978933745015,0,0,-0.08051337537502334,-0.08051337537502334
369,91,1.544191019224255,46,-1,-0.14140828500221025,0.8585917149977897
393,91,1.561867152492309,46,-1,-0.08601917256598557,0.9139808274340144
105,92,1.0123745954845715,0,0,-0.043915566405168346,-0.043915566405168346
114,92,1.0619481681510285,0,0,-0.1461067807266885,-0.1461067807266885
115,92,0.2704136920158178,0,0,0.01704231220610402,0.01704231220610402
131,92,0.34004674419944275,0,0,-0.01838779851952838,-0.01838779851952838
134,92,0.3060618514800816,0,0,-0.027510713949585743,-0.027510713949585743
143,92,0.918627951446017,0,0,0.05191502420153102,0.05191502420153102
154,92,1.3302811048124936,0,0,0.05716286199616198,0.05716286199616198
169,92,1.50085064475935,0,0,-0.11905512798836443,-0.11905512798836443
193,92,1.2155663594456716,0,0,0.06458399386165163,0.06458399386165163
194,92,0.7963714879585185,0,0,0.06440726697901801,0.06440726697901801
197,92,1.2028219270035583,0,0,0.08377594946484797,0.08377594946484797
205,92,0.6188720610075044,0,0,0.04505896102381217,0.04505896102381217
210,92,1.5687821274539158,0,0,-0.21699629332243958,-0.21699629332243958
217,92,1.3904630122810926,0,0,-0.0580113788177325,-0.0580113788177325
219,92,0.8456904081518368,0,0,0.04440579071009591,0.04440579071009591
229,92,0.5695156761717276,0,0,-0.004150878920977014,-0.004150878920977014
232,92,1.5270957124606384,0,0,0.1348304183189717,0.1348304183189717
242,92,0.8738554382516329,0,0,-0.08511594866419092,-0.08511594866419092
246,92,0.4649281957387701,0,0,-0.013431646690962924,-0.013431646690962924
261,92,1.5494581252802295,0,0,0.03079541984295074,0.03079541984295074
267,92,1.4729281572843496,0,0,-0.2191494931212395,-0.2191494931212395
268,92,1.3217649972096526,0,0,0.0981355096286896,0.0981355096286896
273,92,0.7116710281030793,0,0,-0.07588051644406732,-0.07588051644406732
282,92,0.9704812511932431,0,0,0.07614263415526436,0.07614263415526436
298,92,1.1916196183206986,0,0,0.05086904292326984,0.05086904292326984
309,92,0.5840152001520068,0,0,-0.0543984120638151,-0.0543984120638151
343,92,0.9313864489373008,0,0,-0.09747090002209115,-0.09747090002209115
353,92,1.3644230333064704,0,0,0.039202480001178514,0.039202480001178514
387,92,1.5267383224210727,0,0,0.06579579274016177,0.06579579274016177
388,92,0.9545272406386908,0,0,0.06085469100255421,0.06085469100255421
392,92,1.345566356297303,0,0,0.10089010086424204,0.10089010086424204
395,92,0.9166601627525275,0,0,0.001446501945733182,0.001446501945733182
135,93,1.1656092164567178,0,0,-0.14886944247403922,-0.14886944247403922
158,93,1.3503138154297551,1,1,0.2346395770335047,-0.7653604229664953
199,93,1.4055779152612145,0,0,-0.2810965039668096,-0.2810965039668096
207,93,1.1098431668361473,0,0,0.05592508698551024,0.05592508698551024
216,93,1.321061539799099,0,0,0.08833098328755662,0.08833098328755662
237,93,1.369995625087259,1,1,0.18360828140535257,-0.8163917185946474
251,93,1.1359602320095166,1,1,0.0877950308545572,-0.9122049691454428
271,93,1.386900776327283,0,0,-0.21812237297833081,-0.21812237297833081
307,93,1.0086232549815624,0,0,-0.14164422010336752,-0.14164422010336752
318,93,1.5369154344942468,0,0,-0.25807458522300813,-0.25807458522300813
339,93,1.41343826364868,1,1,0.3106858742791877,-0.6893141257208123
365,93,1.4970669400190622,0,0,-0.03779974013701248,-0.03779974013701248
367,93,0.9428182806580415,1,1,0.15893188349774734,-0.8410681165022527
379,93,1.4116816475377703,0,0,-0.22800412361971562,-0.22800412361971562
380,93,1.2016457272467194,0,0,-0.24730689077175444,-0.24730689077175444
391,93,0.6239687951832267,0,0,-0.14340571369548533,-0.14340571369548533
109,94,1.0658477473461923,0,0,0.12051053887391672,0.12051053887391672
139,94,1.5324720738415343,46,-1,-0.1671874007136782,0.8328125992863218
148,94,1.15225375482067,0,0,0.08586269924546885,0.08586269924546885
154,94,1.2458943668526659,46,-1,-0.09797639892409948,0.9020236010759005
156,94,1.5141546839452888,0,0,0.13131998217329555,0.13131998217329555
163,94,1.323270120864689,0,0,-0.06312235159126967,-0.06312235159126967
167,94,1.1565347190982367,0,0,0.04825658094605911,0.04825658094605911
197,94,1.4975127317262882,46,-1,-0.07136331145541353,0.9286366885445865
203,94,0.8050122975198366,0,0,0.0015704847762233465,0.0015704847762233465
209,94,0.8598138446157507,0,0,0.05239611571535974,0.05239611571535974
212,94,0.4230579840095381,0,0,0.02363401556755884,0.02363401556755884
222,94,0.9189632052072405,0,0,0.08879906642518909,0.08879906642518909
235,94,0.6237459355118506,0,0,-0.03818044234554119,-0.03818044234554119
239,94,1.203299473818148,0,0,0.007559549822351186,0.007559549822351186
247,94,1.0470191088957819,0,0,-0.079718205888335,-0.079718205888335
255,94,1.4145518722780215,46,-1,-0.002829206960193842,0.9971707930398062
261,94,1.3334344457987937,46,-1,-0.12434384107731067,0.8756561589226893
268,94,1.4030571036084432,46,-1,-0.05700375129157187,0.9429962487084281
274,94,0.8242346420524417,0,0,0.0762743465659198,0.0762743465659198
281,94,1.4190618797611778,0,0,0.10376612524240347,0.10376612524240347
288,94,0.5738869204689864,0,0,-0.03997771827379104,-0.03997771827379104
306,94,0.693701333504315,0,0,0.0340290027953295,0.0340290027953295
308,94,0.994478083533021,0,0,0.1093060758107981,0.1093060758107981
313,94,0.8618803928282567,0,0,-0.027486582425870765,-0.027486582425870765
340,94,0.9209168378882238,46,-1,-0.02680330128130315,0.9731966987186969
344,94,0.43216837089166416,0,0,-0.028068561046478036,-0.028068561046478036
371,94,0.39112799325614206,0,0,0.023634015567559064,0.023634015567559064
376,94,0.6371007579565839,0,0,0.05909889890220121,0.05909889890220121
387,94,1.1655871841282872,46,-1,-0.08934346818009964,0.9106565318199004
392,94,1.4545352220716357,46,-1,-0.05424916005601943,0.9457508399439806
397,94,1.1082249656718197,46,-1,-0.04212885658583487,0.9578711434141651
126,95,0.6075259823765473,0,0,-0.021793041446159123,-0.021793041446159123
149,95,0.9905543241413167,0,0,-0.05550093904442374,-0.05550093904442374
150,95,0.45981425843952173,0,0,-0.013648740616483829,-0.013648740616483829
166,95,0.8613647641347411,0,0,0.008964753894423139,0.008964753894423139
172,95,1.279553909415506,0,0,0.10212138161966502,0.10212138161966502
223,95,1.5665476340298734,0,0,0.1321802846704902,0.1321802846704902
226,95,1.2038992491757032,0,0,-0.03398567134614491,-0.03398567134614491
245,95,1.03442412798166,0,0,0.05881890746254256,0.05881890746254256
294,95,1.2169491387445415,0,0,0.07637617427384452,0.07637617427384452
299,95,1.1506981106015537,0,0,0.09112724633688316,0.09112724633688316
323,95,1.3775495641773183,0,0,0.11778365787034083,0.11778365787034083
342,95,1.429996247443009,0,0,0.11674617359029024,0.11674617359029024
394,95,1.3316983946657441,0,0,-0.21396642133256275,-0.21396642133256275
98,96,1.4408091482423802,0,0,0.19952712964508745,0.19952712964508745
99,96,0.7681851847911593,0,0,0.1029190023625298,0.1029190023625298
103,96,0.7480082449896073,0,0,0.06368692893174105,0.06368692893174105
104,96,1.17605555234569,0,0,0.11048453932550512,0.11048453932550512
130,96,0.4649732721309297,0,0,0.05503106792547777,0.05503106792547777
137,96,0.8868121530480139,0,0,0.07189906350997849,0.07189906350997849
144,96,1.2793860059497273,0,0,-0.2287170853128434,-0.2287170853128434
149,96,1.051715029335014,0,0,0.030727383100720207,0.030727383100720207
168,96,1.438593892983618,0,0,-0.2576891169544223,-0.2576891169544223
170,96,0.4796475168776355,0,0,0.04730858808594829,0.04730858808594829
184,96,1.027831301743804,0,0,0.06244027491602186,0.06244027491602186
191,96,1.4565925524093635,0,0,0.14266133172487602,0.14266133172487602
226,96,0.9682953657131965,0,0,0.052242650798999035,0.052242650798999035
230,96,1.2453000269663912,0,0,-0.17260538576320972,-0.17260538576320972
250,96,1.440459531824795,0,0,0.16720714511097068,0.16720714511097068
269,96,1.1130988216714046,0,0,-0.19322696892407426,-0.19322696892407426
283,96,1.2317177047917889,0,0,-0.17260538576320966,-0.17260538576320966
284,96,0.6053679251892978,0,0,-0.07893045679829785,-0.07893045679829785
285,96,0.2852461012915231,0,0,-0.0070471101154078175,-0.0070471101154078175
295,96,1.067098622894719,0,0,0.1495756097224396,0.1495756097224396
300,96,1.4726265561077296,0,0,0.01890740983386291,0.01890740983386291
319,96,0.9042616949908686,0,0,0.11951133186298907,0.11951133186298907
352,96,1.5154942821076105,0,0,0.20897530228093064,0.20897530228093064
362,96,0.7339044051632306,0,0,-0.09266621529625785,-0.09266621529625785
366,96,1.5896482550305349,0,0,-0.28893813728850537,-0.28893813728850537
394,96,1.2011147640200341,0,0,-0.1277380991874188,-0.1277380991874188
106,97,0.5760448451911795,0,0,0.02677666666562216,0.02677666666562216
118,97,1.347088640951481,0,0,0.07417153641143909,0.07417153641143909
122,97,1.0457433421763018,0,0,-0.006935545737325185,-0.006935545737325185
162,97,0.5018673340579797,0,0,-0.01689590432324543,-0.01689590432324543
176,97,0.7533034545318903,0,0,-0.04780948471310689,-0.04780948471310689
179,97,0.7721246366791079,0,0,0.025289194534821015,0.025289194534821015
192,97,0.8381010976051451,0,0,-0.03030446990798547,-0.03030446990798547
202,97,0.49912960564362524,0,0,-0.03217944274387452,-0.03217944274387452
211,97,0.6438785229591875,0,0,0.02740749496115831,0.02740749496115831
215,97,1.0232379003006018,0,0,-0.036467147036525656,-0.036467147036525656
238,97,0.9956255835795891,0,0,0.05702939649976832,0.05702939649976832
240,97,1.5177042676212664,0,0,-0.047714702726317546,-0.047714702726317546
243,97,0.6962663753830912,0,0,-0.052553405414318174,-0.052553405414318174
252,97,0.45075756223312774,0,0,0.005969583004962212,0.005969583004962212
256,97,1.5404723245179675,0,0,0.13763195775957343,0.13763195775957343
270,97,0.870841295838006,0,0,-0.06692513737630673,-0.06692513737630673
275,97,1.4789247122853328,0,0,0.06507379712833737,0.06507379712833737
286,97,1.543363519248104,0,0,0.07411722957597093,0.07411722957597093
297,97,1.1532855739462322,0,0,-0.07683451379363952,-0.07683451379363952
302,97,1.2184711163857607,0,0,0.08079977705189291,0.08079977705189291
303,97,0.7109496912552413,0,0,-0.05802147927416977,-0.05802147927416977
322,97,0.12185067049389524,0,0,0.004306989599131422,0.004306989599131422
333,97,1.437373124347937,0,0,-0.15954933866718818,-0.15954933866718818
334,97,1.1783010318056075,0,0,0.037603924132099856,0.037603924132099856
335,97,1.1409585299392102,0,0,0.07849290077019223,0.07849290077019223
364,97,1.4713057526207165,0,0,-0.05325159011397279,-0.05325159011397279
370,97,0.4243734758163644,0,0,-0.009313210406583887,-0.009313210406583887
374,97,1.0801944942932706,0,0,-0.025198135248667375,-0.025198135248667375
375,97,1.1914850782263302,0,0,-0.09652950534577544,-0.09652950534577544
384,97,1.0937551009124444,0,0,0.0441013325996161,0.0441013325996161
385,97,0.695829553036987,0,0,0.035202827989751814,0.035202827989751814
390,97,0.7212765314196145,0,0,0.00889406688927942,0.00889406688927942
399,97,0.982551392821566,0,0,-0.04415491008921402,-0.04415491008921402
99,98,0.9208277712784745,0,0,-0.09660812728255767,-0.09660812728255767
103,98,0.7833286341316306,0,0,-0.1358402007133464,-0.1358402007133464
104,98,0.7226346619107082,0,0,-0.08904259031958235,-0.08904259031958235
130,98,1.3369542436163881,0,0,-0.14449606171960971,-0.14449606171960971
136,98,1.3958683537579237,0,0,0.10323944735751744,0.10323944735751744
137,98,0.7800451523506973,0,0,-0.12762806613510896,-0.12762806613510896
163,98,1.1688195504186625,1,1,0.22995609562402397,-0.770043904375976
170,98,1.02229135574741,0,0,-0.15221854155913916,-0.15221854155913916
184,98,0.7366048439164639,0,0,-0.13708685472906562,-0.13708685472906562
191,98,0.6241740181487552,0,0,-0.056865797920211444,-0.056865797920211444
203,98,1.33134971960676,1,1,0.294648931991517,-0.705351068008483
233,98,1.0556592100265474,1,1,0.16485829631991955,-0.8351417036800804
235,98,1.5035374542094726,1,1,0.25489800486975245,-0.7451019951302476
239,98,1.3522398313018633,1,1,0.3006379970376448,-0.6993620029623552
247,98,1.0639718841258,1,1,0.21336024132695863,-0.7866397586730414
250,98,1.1984253128217393,0,0,-0.03231998453411679,-0.03231998453411679
285,98,1.385598017270321,0,0,-0.20657423976049527,-0.20657423976049527
288,98,1.5551584091685915,1,1,0.2531007289415026,-0.7468992710584974
295,98,0.8124781521433941,0,0,-0.04995151992264786,-0.04995151992264786
300,98,1.3226361105662336,0,0,-0.18061971981122454,-0.18061971981122454
313,98,1.2119376685351197,1,1,0.26559186478942287,-0.7344081352105771
319,98,0.5944702953611866,0,0,-0.0800157977820984,-0.0800157977820984
341,98,1.2651133945890518,0,0,-0.08491681856351356,-0.08491681856351356
351,98,1.4799491423402464,0,0,-0.08023234665271332,-0.08023234665271332
352,98,0.83579213901722,0,0,0.00944817263584316,0.00944817263584316
382,98,1.4512300603080541,0,0,-0.12202351925864759,-0.12202351925864759
103,99,0.530410267356097,0,0,-0.039232073430788744,-0.039232073430788744
104,99,1.0217767308950498,0,0,0.007565536962975322,0.007565536962975322
130,99,0.4620842606803539,0,0,-0.04788793443705203,-0.04788793443705203
136,99,1.4907103737028657,0,0,0.1998475746400751,0.1998475746400751
137,99,0.6759439330716628,0,0,-0.031019938852551304,-0.031019938852551304
149,99,1.0620047542866344,0,0,-0.07219161926180959,-0.07219161926180959
170,99,0.49761782509452496,0,0,-0.055610414276581505,-0.055610414276581505
184,99,0.8707687564988591,0,0,-0.040478727446507934,-0.040478727446507934
191,99,1.1560175681583242,0,0,0.03974232936234623,0.03974232936234623
226,99,0.7959940646994279,0,0,-0.05067635156353076,-0.05067635156353076
233,99,1.4564007631145757,1,1,0.2614664236024772,-0.7385335763975228
250,99,0.7776596251737942,0,0,0.06428814274844089,0.06428814274844089
284,99,1.2438887756106092,0,0,-0.18184945916082765,-0.18184945916082765
285,99,0.892660225103662,0,0,-0.10996611247793761,-0.10996611247793761
295,99,0.3093915800524619,0,0,0.04665660735990981,0.04665660735990981
319,99,0.41780082488696907,0,0,0.016592329500459274,0.016592329500459274
323,99,1.4543985748013817,0,0,0.10109297765295498,0.10109297765295498
352,99,0.8535136167807413,0,0,0.10605629991840083,0.10605629991840083
362,99,1.3732851627581115,0,0,-0.19558521765878764,-0.19558521765878764
394,99,1.5554909411563065,0,0,-0.2306571015499486,-0.2306571015499486
108,100,1.184484248448949,0,0,-0.10831819394027542,-0.10831819394027542
121,100,0.9636531467752749,0,0,-0.09474389590163468,-0.09474389590163468
125,100,1.402996913910094,46,-1,-0.28299687205362145,0.7170031279463785
144,100,0.9781760778656919,0,0,0.12703234229400917,0.12703234229400917
146,100,0.7428991544026046,0,0,-0.0032174048418339707,-0.0032174048418339707
148,100,1.4469216249607912,0,0,-0.06578229628729748,-0.06578229628729748
153,100,0.6455448773847137,0,0,0.0631245285850649,0.0631245285850649
156,100,1.5747114628390477,0,0,-0.02032501335947079,-0.02032501335947079
159,100,1.528344888876388,0,0,0.012442874776892654,0.012442874776892654
168,100,0.9494240828732876,0,0,0.09806031065243026,0.09806031065243026
187,100,1.3627762857940362,46,-1,-0.2153598672327004,0.7846401327672996
206,100,0.497252561374261,0,0,-0.06527272520847316,-0.06527272520847316
233,100,1.5957417977717852,0,0,-0.2798651464281404,-0.2798651464281404
239,100,1.4448868975558509,0,0,-0.14408544571041515,-0.14408544571041515
269,100,1.460378449317862,0,0,0.16252245868277831,0.16252245868277831
281,100,1.3357086921245909,0,0,-0.04787887029036286,-0.04787887029036286
315,100,0.3850809141048782,0,0,-0.05448141030303155,-0.05448141030303155
336,100,0.7485778212457243,0,0,0.0006116304063783495,0.0006116304063783495
366,100,1.4824079290808319,0,0,0.0668112903183472,0.0668112903183472
381,100,1.0109588714921538,0,0,-0.04781053646829736,-0.04781053646829736
394,100,1.264678694253418,0,0,0.22801132841943378,0.22801132841943378
135,101,1.1323833602656919,0,0,0.15277562432501213,0.15277562432501213
165,101,1.4577002960866778,0,0,0.028472835254607476,0.028472835254607476
199,101,0.8273983109808581,0,0,0.020548562832241768,0.020548562832241768
214,101,1.0960872439867222,0,0,-0.05971297114082716,-0.05971297114082716
221,101,0.5726893186259711,0,0,0.002485846005643333,0.002485846005643333
224,101,1.2622986589307679,0,0,-0.17491871676046894,-0.17491871676046894
241,101,0.6431071610079256,0,0,0.047055283921769775,0.047055283921769775
249,101,0.4876022803031052,0,0,-0.05439885005206627,-0.05439885005206627
257,101,1.4928661697959331,0,0,-0.20951912678734214,-0.20951912678734214
262,101,1.5938421814567578,0,0,0.115361276027385,0.115361276027385
271,101,0.7682423439391317,0,0,0.08352269382072053,0.08352269382072053
278,101,1.2211240568727009,0,0,-0.041772396368618875,-0.041772396368618875
279,101,0.1317018552500703,0,0,0.019681478277474962,0.019681478277474962
305,101,1.2200525813830023,0,0,-0.13562868305040882,-0.13562868305040882
307,101,1.2882257401793604,0,0,0.16000084669568382,0.16000084669568382
317,101,1.1508778427713033,0,0,0.06639725942591224,0.06639725942591224
318,101,0.5203235402190163,0,0,0.04357048157604321,0.04357048157604321
321,101,1.5161860934754041,0,0,-0.21589740775461105,-0.21589740775461105
354,101,1.3430776053447668,0,0,-0.17826969149385924,-0.17826969149385924
359,101,0.9990536657171405,0,0,-0.13665176121972794,-0.13665176121972794
372,101,0.3067135469881332,0,0,-0.00279892635338741,-0.00279892635338741
373,101,1.521070939214136,0,0,-0.2064114685317625,-0.2064114685317625
379,101,0.6856838247374569,0,0,0.07364094317933573,0.07364094317933573
380,101,0.7507819594452868,0,0,0.0543381760272969,0.0543381760272969
383,101,1.3685502163251104,0,0,0.14276762156263284,0.14276762156263284
386,101,0.19153276661392354,0,0,-0.016641386940495245,-0.016641386940495245
389,101,0.6192915364813385,0,0,0.0378137008222566,0.0378137008222566
391,101,1.460157158794682,0,0,0.15823935310356602,0.15823935310356602
393,101,1.4574350053135798,0,0,0.0754013774602918,0.0754013774602918
116,102,0.41279035505727635,0,0,0.07898763641306936,0.07898763641306936
123,102,1.404858422245434,0,0,-0.27724256372429884,-0.27724256372429884
128,102,0.40341343350830916,0,0,-0.06749580849169108,-0.06749580849169108
158,102,1.3979339207767685,0,0,-0.1308148835953975,-0.1308148835953975
178,102,1.4264526985287187,0,0,0.04345936471270333,0.04345936471270333
186,102,1.329690184432788,0,0,0.013247126001211779,0.013247126001211779
188,102,1.2873548809116409,0,0,-0.17977639630767234,-0.17977639630767234
189,102,0.2558091879961142,0,0,-0.031540744887638486,-0.031540744887638486
214,102,1.4789437066322417,0,0,0.2731875014312193,0.2731875014312193
218,102,1.5548290031286383,0,0,-0.2908026732598129,-0.2908026732598129
224,102,0.9946264909613654,0,0,0.15798175581157753,0.15798175581157753
237,102,1.4417615710193639,0,0,-0.18184617922354962,-0.18184617922354962
257,102,1.0468479613349415,0,0,0.12338134578470432,0.12338134578470432
263,102,1.4592472167146502,0,0,-0.24218850112408208,-0.24218850112408208
293,102,1.0474984007321104,0,0,-0.06099606718226967,-0.06099606718226967
321,102,1.1709301029043784,0,0,0.11700306481743541,0.11700306481743541
324,102,1.5832530767447583,0,0,0.19317675057888256,0.19317675057888256
328,102,1.1097354832936586,0,0,0.0420039179044962,0.0420039179044962
339,102,1.377336136926432,0,0,-0.05476858634971453,-0.05476858634971453
347,102,1.0589950535596115,0,0,-0.17105249513626153,-0.17105249513626153
354,102,1.5558068276533952,0,0,0.15463078107818723,0.15463078107818723
359,102,1.23727730390536,0,0,0.19624871135231853,0.19624871135231853
373,102,1.1329897999564496,0,0,0.12648900404028393,0.12648900404028393
104,103,0.5273071481325264,0,0,0.046797610393764066,0.046797610393764066
130,103,0.7649158060781124,0,0,-0.008655861006263282,-0.008655861006263282
137,103,0.18153190724024246,0,0,0.00821213457823744,0.00821213457823744
149,103,1.4839647118834736,0,0,-0.03295954583102084,-0.03295954583102084
170,103,0.27493017342520293,0,0,-0.01637834084579276,-0.01637834084579276
184,103,0.3613976750883311,0,0,-0.0012466540157191897,-0.0012466540157191897
191,103,0.7402606936785776,0,0,0.07897440279313497,0.07897440279313497
226,103,1.263436267626038,0,0,-0.011444278132742014,-0.011444278132742014
230,103,1.5057563306886061,0,0,-0.23629231469495077,-0.23629231469495077
233,103,1.582239775472083,1,1,0.300698497033266,-0.699301502966734
250,103,1.257652173729277,0,0,0.10352021617922963,0.10352021617922963
269,103,1.4866737915508503,0,0,-0.2569138978558153,-0.2569138978558153
283,103,1.4992529795488867,0,0,-0.2362923146949507,-0.2362923146949507
284,103,1.2805812071512759,0,0,-0.1426173857300389,-0.1426173857300389
285,103,0.7453005559809466,0,0,-0.07073403904714887,-0.07073403904714887
295,103,0.7240011069665633,0,0,0.08588868079069856,0.08588868079069856
300,103,1.094634935427882,0,0,-0.04477951909787814,-0.04477951909787814
319,103,0.26381880279861425,0,0,0.05582440293124802,0.05582440293124802
341,103,1.4129968351911595,0,0,0.05092338214983286,0.05092338214983286
352,103,1.1679669486751016,0,0,0.1452883733491896,0.1452883733491896
362,103,1.3558556417374559,0,0,-0.1563531442279989,-0.1563531442279989
382,103,1.4894767677975886,0,0,0.013816681454698831,0.013816681454698831
130,104,1.2848696483013429,0,0,-0.05545347140002735,-0.05545347140002735
137,104,0.40673624006431625,0,0,-0.038585475815526626,-0.038585475815526626
170,104,0.7584961468974918,0,0,-0.06317595123955683,-0.06317595123955683
183,104,1.5403856808633476,0,0,0.020701080706334446,0.020701080706334446
184,104,0.1751511445513578,0,0,-0.048044264409483256,-0.048044264409483256
191,104,0.32435367636104107,0,0,0.03217679239937091,0.03217679239937091
230,104,1.5349744797735942,0,0,-0.28308992508871483,-0.28308992508871483
247,104,1.5275084192417632,1,1,0.302402831646541,-0.697597168353459
283,104,1.5310737544705533,0,0,-0.2830899250887148,-0.2830899250887148
285,104,1.0721433099155777,0,0,-0.11753164944091293,-0.11753164944091293
295,104,1.1268592271161693,0,0,0.03909107039693449,0.03909107039693449
300,104,0.6861206629802121,0,0,-0.0915771294916422,-0.0915771294916422
313,104,1.5958910859064472,1,1,0.35463445510900526,-0.6453655448909947
319,104,0.6261751277425653,0,0,0.009026792537483952,0.009026792537483952
341,104,0.8862177816296576,0,0,0.004125771756068791,0.004125771756068791
351,104,1.1659257871595166,0,0,0.008810243666869028,0.008810243666869028
352,104,1.427296426792764,0,0,0.09849076295542551,0.09849076295542551
382,104,0.9735607236732253,0,0,-0.032980928939065235,-0.032980928939065235
107,105,1.3875761432806655,0,0,-0.09824527315592013,-0.09824527315592013
114,105,1.1997965377195985,0,0,-0.10219121432152016,-0.10219121432152016
115,105,1.2157123090528714,0,0,0.060957878611272366,0.060957878611272366
122,105,1.3476591734520948,0,0,0.0327465511923906,0.0327465511923906
131,105,0.7097970969297518,0,0,0.025527767885639967,0.025527767885639967
132,105,0.7928269378760023,0,0,-0.08576815808906367,-0.08576815808906367
134,105,1.196950515615262,0,0,0.016404852455582604,0.016404852455582604
147,105,1.3076818369734486,0,0,-0.2508521931337216,-0.2508521931337216
151,105,1.4855256284592673,0,0,0.11647797056231111,0.11647797056231111
193,105,1.2903682256916755,0,0,0.10849956026681998,0.10849956026681998
194,105,1.3615738011330778,0,0,0.10832283338418636,0.10832283338418636
205,105,1.3332600060319515,0,0,0.08897452742898052,0.08897452742898052
219,105,0.8502213873808985,0,0,0.08832135711526426,0.08832135711526426
229,105,0.5287431353307093,0,0,0.03976468748419133,0.03976468748419133
240,105,1.0099606890940296,0,0,-0.008032605796601758,-0.008032605796601758
246,105,0.5693886565348086,0,0,0.030483919714205422,0.030483919714205422
267,105,1.2455780258445783,0,0,-0.17523392671607113,-0.17523392671607113
273,105,1.3634085151736715,0,0,-0.03196495003889898,-0.03196495003889898
282,105,1.3797538543059826,0,0,0.1200582005604327,0.1200582005604327
298,105,1.1099301355454319,0,0,0.09478460932843819,0.09478460932843819
309,105,0.727626317114571,0,0,-0.010482845658646753,-0.010482845658646753
312,105,1.5278759965540671,0,0,-0.1473208126884419,-0.1473208126884419
326,105,0.9083469815377334,0,0,-0.06918017704722774,-0.06918017704722774
353,105,1.0397466581314663,0,0,0.08311804640634686,0.08311804640634686
358,105,1.5886095459156915,0,0,0.12534607947002382,0.12534607947002382
374,105,1.3921684152776435,0,0,0.014483961681048416,0.014483961681048416
388,105,1.125578495573753,0,0,0.10477025740772256,0.10477025740772256
113,106,1.194144919153766,0,0,0.1355714986903636,0.1355714986903636
118,106,0.9976820573345372,0,0,0.04739486974581693,0.04739486974581693
122,106,1.1505798225313124,0,0,-0.03371221240294735,-0.03371221240294735
127,106,1.3510173412701398,0,0,0.18564553022525465,0.18564553022525465
142,106,1.2342525562479303,0,0,0.12722413188082726,0.12722413188082726
151,106,1.3140733596234415,0,0,0.050019206966973165,0.050019206966973165
162,106,0.7259038236659419,0,0,-0.04367257098886759,-0.04367257098886759
176,106,1.1881944510435274,0,0,-0.07458615137872905,-0.07458615137872905
179,106,0.5718593290251762,0,0,-0.0014874721308011443,-0.0014874721308011443
192,106,1.1969925351930204,0,0,-0.05708113657360763,-0.05708113657360763
200,106,1.4995391447692494,0,0,0.0018615379851312092,0.0018615379851312092
202,106,1.0015182867230348,0,0,-0.05895610940949668,-0.05895610940949668
211,106,0.36791088277835005,0,0,0.000630828295536151,0.000630828295536151
215,106,1.3196405712878718,0,0,-0.06324381370214781,-0.06324381370214781
238,106,0.5706795839256089,0,0,0.03025272983414616,0.03025272983414616
243,106,1.1870815724305244,0,0,-0.07933007207994033,-0.07933007207994033
252,106,0.6078035161249156,0,0,-0.020807083660659947,-0.020807083660659947
256,106,1.0717428800643491,0,0,0.11085529109395129,0.11085529109395129
270,106,1.3324390746817854,0,0,-0.09370180404192889,-0.09370180404192889
275,106,1.1653458084068142,0,0,0.03829713046271521,0.03829713046271521
286,106,1.1688107602804476,0,0,0.04734056291034877,0.04734056291034877
297,106,1.545043706120994,0,0,-0.10361118045926168,-0.10361118045926168
302,106,0.7542252559788966,0,0,0.05402311038627075,0.05402311038627075
303,106,1.1078669164659274,0,0,-0.08479814593979193,-0.08479814593979193
322,106,0.5430493584539393,0,0,-0.022469677066490737,-0.022469677066490737
334,106,1.0453318069247204,0,0,0.010827257466477697,0.010827257466477697
335,106,0.6810204419824881,0,0,0.051716234104570075,0.051716234104570075
353,106,1.4927574495017601,0,0,0.01665928281100891,0.01665928281100891
358,106,1.2739921800889853,0,0,0.058887315874685875,0.058887315874685875
370,106,0.6143473270187361,0,0,-0.036089877072206046,-0.036089877072206046
374,106,1.2249302543602807,0,0,-0.051974801914289534,-0.051974801914289534
375,106,1.5667803480432425,0,0,-0.1233061720113976,-0.1233061720113976
384,106,0.8679938025080739,0,0,0.01732466593399394,0.01732466593399394
385,106,0.1198126210135565,0,0,0.008426161324129655,0.008426161324129655
390,106,0.7744739738518189,0,0,-0.01788259977634274,-0.01788259977634274
399,106,1.3434856444544498,0,0,-0.07093157675483618,-0.07093157675483618
110,107,1.283650242539859,0,0,-0.1701333386040912,-0.1701333386040912
118,107,1.5494543306289867,0,0,0.21209890649707502,0.21209890649707502
119,107,0.766874739076675,0,0,-0.10571792593411633,-0.10571792593411633
122,107,0.9414079661905496,0,0,0.13099182434831075,0.13099182434831075
132,107,0.7312007907002476,0,0,0.012477115066856462,0.012477115066856462
151,107,1.5959484147371346,0,0,0.21472324371823126,0.21472324371823126
162,107,1.1720648481969158,0,0,0.12103146576239049,0.12103146576239049
171,107,1.5597731064471607,0,0,-0.27620190486054413,-0.27620190486054413
181,107,1.4776421477650687,0,0,-0.165245903254363,-0.165245903254363
202,107,1.5342135420251164,0,0,0.1057479273417614,0.1057479273417614
240,107,0.5425526277733812,0,0,0.09021266735931838,0.09021266735931838
243,107,1.474047130836929,0,0,0.08537396467131775,0.08537396467131775
244,107,0.44948873241847703,0,0,-0.048745695596894095,-0.048745695596894095
276,107,1.5538082733568983,0,0,-0.2682621796962678,-0.2682621796962678
290,107,0.5158398022794952,0,0,-0.05411048200762267,-0.05411048200762267
303,107,1.1080183897063074,0,0,0.07990589081146615,0.07990589081146615
304,107,1.5071803065301714,0,0,-0.2682621796962683,-0.2682621796962683
312,107,0.379532866923174,0,0,-0.04907553953252178,-0.04907553953252178
326,107,0.5078551787946711,0,0,0.029065096108692387,0.029065096108692387
353,107,1.3328970887875566,0,0,0.18136331956226698,0.18136331956226698
370,107,1.2793845382943914,0,0,0.12861415967905204,0.12861415967905204
374,107,0.703515342465437,0,0,0.11272923483696855,0.11272923483696855
111,108,1.3050101381400012,46,-1,-0.23743137022846095,0.762568629771539
121,108,1.5151155867508077,0,0,0.013574298038640742,0.013574298038640742
125,108,1.148450651266701,46,-1,-0.17467867811334603,0.825321321886654
136,108,1.5140518395214666,46,-1,-0.2331658014502671,0.7668341985497329
155,108,1.3667894473614202,0,0,0.24436636578333415,0.24436636578333415
175,108,0.7588137640526696,0,0,0.09143605965791535,0.09143605965791535
187,108,0.5894726308150656,46,-1,-0.10704167329242487,0.8929583267075751
195,108,1.0785562088171092,46,-1,-0.004341608973381983,0.995658391026618
206,108,0.724698458522436,0,0,0.04304546873180226,0.04304546873180226
225,108,1.0091593650574981,46,-1,-0.19257074759547288,0.8074292524045271
236,108,1.5831756167199902,46,-1,-0.26149167759888325,0.7385083224011167
254,108,1.4729374875760548,46,-1,0.06496239151737315,1.0649623915173732
272,108,1.2573166689966206,46,-1,0.03408044187958259,1.0340804418795826
315,108,0.9302389175949806,0,0,0.05383678363724387,0.05383678363724387
324,108,1.4849950568243795,46,-1,-0.12013033302369602,0.879869666976304
325,108,1.4213335656871624,46,-1,-0.15726115637710436,0.8427388436228956
336,108,0.6214133439607895,0,0,0.10892982434665377,0.10892982434665377
363,108,1.3360780643931554,0,0,0.1005005636207218,0.1005005636207218
369,108,1.4992737342519784,46,-1,0.039605653993534995,1.039605653993535
381,108,0.3973990070929143,0,0,0.06050765747197806,0.06050765747197806
148,109,1.2899325058493618,0,0,-0.03464783962844786,-0.03464783962844786
156,109,1.1639488293408227,0,0,0.01080944329937883,0.01080944329937883
159,109,1.2574463424084965,0,0,0.04357733143574227,0.04357733143574227
167,109,1.4308760306312391,0,0,-0.0722539579278576,-0.0722539579278576
173,109,1.0331301697638724,0,0,0.2055160455786592,0.2055160455786592
203,109,1.4539133173290089,0,0,-0.11894005409769337,-0.11894005409769337
209,109,0.973883168255502,0,0,-0.06811442315855698,-0.06811442315855698
212,109,0.7734255119428125,0,0,-0.09687652330635788,-0.09687652330635788
222,109,0.31950409234382215,0,0,-0.03171147244872763,-0.03171147244872763
235,109,1.5233686947825764,0,0,-0.1586909812194579,-0.1586909812194579
274,109,0.3843953865999089,0,0,-0.04423619230799691,-0.04423619230799691
280,109,1.2690865892152845,0,0,0.29913479951984295,0.29913479951984295
281,109,1.3420684079459038,0,0,-0.016744413631513244,-0.016744413631513244
288,109,1.4334113065627363,0,0,-0.16048825714770776,-0.16048825714770776
306,109,1.1128874944969438,0,0,-0.08648153607858722,-0.08648153607858722
308,109,0.6864705550704044,0,0,-0.01120446306311862,-0.01120446306311862
313,109,1.5334677972595063,0,0,-0.14799712129978748,-0.14799712129978748
329,109,1.1326472120600002,0,0,0.03168408859216498,0.03168408859216498
344,109,1.4057149258517565,0,0,-0.14857909992039475,-0.14857909992039475
366,109,1.5948398200503384,0,0,0.09794574697719682,0.09794574697719682
371,109,0.8192749447895293,0,0,-0.09687652330635765,-0.09687652330635765
376,109,0.5695727030379898,0,0,-0.061411639971715504,-0.061411639971715504
398,109,1.560318437855486,0,0,0.4060834113157196,0.4060834113157196
119,110,1.0771195298620677,0,0,0.06441541266997486,0.06441541266997486
133,110,1.5440365932376332,46,-1,0.019471586502178173,1.0194715865021782
161,110,0.8460612461150503,46,-1,-0.06809265049368385,0.9319073495063162
171,110,0.5629511613656295,0,0,-0.10606856625645295,-0.10606856625645295
244,110,0.885682884985819,0,0,0.1213876430071971,0.1213876430071971
276,110,1.446689554260389,0,0,-0.09812884109217662,-0.09812884109217662
290,110,0.866867111970891,0,0,0.11602285659646852,0.11602285659646852
292,110,1.2555199386613345,46,-1,-0.2355812279055457,0.7644187720944543
303,110,1.5197826233869454,0,0,0.25003922941555734,0.25003922941555734
304,110,1.357620879923616,0,0,-0.09812884109217712,-0.09812884109217712
312,110,1.1922970970638198,0,0,0.12105779907156941,0.12105779907156941
345,110,1.3066031502783246,46,-1,-0.03076571924830418,0.9692342807516958
357,110,1.4887076621479889,46,-1,-0.2832823545990135,0.7167176454009865
396,110,0.8260676901578493,0,0,-0.13871602977436387,-0.13871602977436387
125,111,0.5523847753416454,0,0,0.06275269211511496,0.06275269211511496
136,111,0.580839426863478,0,0,0.0042655687781938765,0.0042655687781938765
157,111,1.3268401450668215,0,0,-0.10491875043606212,-0.10491875043606212
163,111,1.5293669473838756,1,1,0.13098221704470037,-0.8690177829552996
172,111,1.0483430187229292,0,0,-0.11015130445960206,-0.11015130445960206
187,111,0.8259685144050838,0,0,0.13038969693603605,0.13038969693603605
206,111,1.5449869535925997,1,1,0.2804768389602632,-0.7195231610397368
223,111,0.9507223944603033,0,0,-0.08009240140877687,-0.08009240140877687
225,111,0.3614038432676421,0,0,0.04486062263298812,0.04486062263298812
233,111,1.1960075285625738,1,1,0.06588441774059595,-0.934115582259404
236,111,0.6858211733774828,0,0,-0.024060307370422238,-0.024060307370422238
245,111,1.4524857237506472,0,0,-0.15345377861672452,-0.15345377861672452
250,111,1.2485636619299836,0,0,-0.13129386311344035,-0.13129386311344035
264,111,0.5247041969605458,0,0,-0.06665237331874115,-0.06665237331874115
266,111,1.0900699015373796,0,0,-0.07112470276673138,-0.07112470276673138
294,111,1.3968629232504803,0,0,-0.13589651180542256,-0.13589651180542256
299,111,1.1971955346085994,0,0,-0.12114543974238393,-0.12114543974238393
315,111,1.500563926886137,1,1,0.2912681538657048,-0.7087318461342952
323,111,0.7632780097094837,0,0,-0.09448902820892625,-0.09448902820892625
324,111,1.2486000510559658,0,0,0.11730103720476491,0.11730103720476491
325,111,0.9966723097160419,0,0,0.08017021385135659,0.08017021385135659
342,111,0.970659257658321,0,0,-0.09552651248897684,-0.09552651248897684
352,111,1.1849746828280592,0,0,-0.0895257059434804,-0.0895257059434804
381,111,1.5608873649039465,1,1,0.297939027700439,-0.702060972299561
124,112,0.4036760744083988,0,0,0.0062141961888905195,0.0062141961888905195
127,112,1.549834777818409,0,0,-0.3498479723882013,-0.3498479723882013
177,112,1.149988824363764,0,0,-0.23795456629695472,-0.23795456629695472
185,112,1.18005131864311,0,0,0.14290444611344955,0.14290444611344955
201,112,1.5988571254970922,0,0,-0.10165986484283818,-0.10165986484283818
207,112,1.0449420049078073,0,0,0.017592905463156172,0.017592905463156172
216,112,0.8497475781715671,0,0,0.04999880176520255,0.04999880176520255
291,112,0.7407346711495614,0,0,0.16694860702231484,0.16694860702231484
301,112,0.34679258485622366,0,0,-0.02391907194214926,-0.02391907194214926
310,112,1.0079627170761376,0,0,0.03175596012606419,0.03175596012606419
314,112,1.1955162808907873,0,0,-0.2852727613555019,-0.2852727613555019
320,112,1.286740338585092,0,0,0.22219229834292686,0.22219229834292686
337,112,0.6496203198887237,0,0,-0.0864983612707112,-0.0864983612707112
349,112,0.6980600289965891,0,0,0.06454664726668136,0.06454664726668136
350,112,1.5134929398206334,1,1,0.30288101607039664,-0.6971189839296034
365,112,0.9084562093009247,0,0,-0.07613192165936655,-0.07613192165936655
377,112,1.455886855911312,0,0,0.1034761085461936,0.1034761085461936
400,112,0.43144900397717895,0,0,0.02811125459029462,0.02811125459029462
118,113,0.7628474431263549,0,0,-0.08817662894454668,-0.08817662894454668
120,113,0.7383107676516184,0,0,-0.01368389074843801,-0.01368389074843801
122,113,1.4795487205502813,0,0,-0.16928371109331095,-0.16928371109331095
127,113,1.5585229962671516,0,0,0.05007403153489104,0.05007403153489104
138,113,1.3717506015023466,0,0,0.21683482915585475,0.21683482915585475
142,113,1.0845298317515935,0,0,-0.00834736680953635,-0.00834736680953635
151,113,1.0467104647302519,0,0,-0.08555229172339045,-0.08555229172339045
162,113,1.3847956258736414,0,0,-0.1792440696792312,-0.1792440696792312
171,113,1.54521631674613,1,1,0.42352255969783414,-0.5764774403021659
193,113,1.5349981402363806,0,0,-0.09353070201888158,-0.09353070201888158
211,113,1.4481786712240248,0,0,-0.13494067039482746,-0.13494067039482746
238,113,0.780449970999086,0,0,-0.10531876885621745,-0.10531876885621745
248,113,1.5038345632234738,0,0,0.17595916897445338,0.17595916897445338
256,113,1.043241145188495,0,0,-0.024716207596412326,-0.024716207596412326
277,113,1.41380013400311,0,0,0.012809430987744314,0.012809430987744314
287,113,1.3892468392428128,0,0,0.032264780041451446,0.032264780041451446
292,113,1.2048648887302875,0,0,0.29400989804874145,0.29400989804874145
298,113,1.5178949058953368,0,0,-0.10724565295726338,-0.10724565295726338
302,113,1.23709227107272,0,0,-0.08154838830409286,-0.08154838830409286
322,113,1.5529971269367566,0,0,-0.15804117575685434,-0.15804117575685434
332,113,1.2073048201240426,0,0,0.06369105694835384,0.06369105694835384
335,113,1.3174326036653192,0,0,-0.08385526458579354,-0.08385526458579354
353,113,1.4392359201703928,0,0,-0.1189122158793547,-0.1189122158793547
357,113,1.0250473075124298,0,0,0.24630877135527365,0.24630877135527365
358,113,0.9570836881900241,0,0,-0.07668418281567774,-0.07668418281567774
370,113,1.3517026978194495,0,0,-0.17166137576256965,-0.17166137576256965
374,113,1.4684084644235067,0,0,-0.18754630060465313,-0.18754630060465313
385,113,1.1237889856567076,0,0,-0.12714533736623396,-0.12714533736623396
396,113,1.4147197414423438,1,1,0.3908750961799232,-0.6091249038200768
115,114,1.2913147238523046,0,0,0.16314909293279253,0.16314909293279253
131,114,0.905083860342003,0,0,0.12771898220716013,0.12771898220716013
134,114,1.0807975028253238,0,0,0.11859606677710277,0.11859606677710277
140,114,1.1922079619964387,0,0,-0.23251070175450622,-0.23251070175450622
147,114,1.4844955989724575,0,0,-0.14866097881220142,-0.14866097881220142
169,114,1.597155822420978,0,0,0.027051652738324078,0.027051652738324078
196,114,1.522416219625916,0,0,-0.022525548353661093,-0.022525548353661093
198,114,0.9421535105523138,0,0,-0.11235578472314724,-0.11235578472314724
205,114,1.5335445984890617,0,0,0.19116574175050066,0.19116574175050066
208,114,1.2396884423548713,0,0,-0.24578816913878493,-0.24578816913878493
210,114,0.8206971640743002,0,0,-0.07088951259575106,-0.07088951259575106
219,114,1.5699921519561502,0,0,0.1905125714367844,0.1905125714367844
227,114,1.5086287429875058,0,0,-0.035602135511479435,-0.035602135511479435
229,114,1.2220768971182976,0,0,0.1419559018057115,0.1419559018057115
242,114,0.9381671610119815,0,0,0.06099083206249758,0.06099083206249758
246,114,1.0809448172960094,0,0,0.1326751340357256,0.1326751340357256
265,114,1.4409974585289926,0,0,-0.1876268594662598,-0.1876268594662598
267,114,0.6325548855695091,0,0,-0.07304271239455097,-0.07304271239455097
273,114,0.6808918451213054,0,0,0.07022626428262119,0.07022626428262119
296,114,1.0739360219161542,0,0,-0.21176636817930788,-0.21176636817930788
309,114,0.6631312354725396,0,0,0.09170836866287341,0.09170836866287341
343,114,0.9086383247601431,0,0,0.04863588070459736,0.04863588070459736
360,114,1.1661252169541247,0,0,-0.14474368735570753,-0.14474368735570753
378,114,1.1101328942421271,0,0,-0.07947875421422053,-0.07947875421422053
131,115,0.5972577225075825,0,0,-0.0354301107256324,-0.0354301107256324
134,115,0.4312749478814811,0,0,-0.04455302615568976,-0.04455302615568976
139,115,1.5391198712881637,0,0,-0.02909045199952075,-0.02909045199952075
143,115,0.6585958827741921,0,0,0.034872711995427,0.034872711995427
154,115,1.0772232457512276,0,0,0.04012054979005796,0.04012054979005796
169,115,1.4954528847815318,0,0,-0.13609744019446846,-0.13609744019446846
193,115,1.1329194007779344,0,0,0.04754168165554761,0.04754168165554761
194,115,0.6191752709815314,0,0,0.04736495477291399,0.04736495477291399
197,115,0.9749157629381034,0,0,0.06673363725874396,0.06673363725874396
205,115,0.4173371710435647,0,0,0.02801664881770815,0.02801664881770815
217,115,1.295263521408815,0,0,-0.07505369102383652,-0.07505369102383652
219,115,0.8479574213005461,0,0,0.027363478503991893,0.027363478503991893
229,115,0.7186906148502402,0,0,-0.021193191127081033,-0.021193191127081033
232,115,1.3849351099114104,0,0,0.11778810611286766,0.11778810611286766
242,115,0.985896258784626,0,0,-0.10215826087029495,-0.10215826087029495
246,115,0.6714230993907312,0,0,-0.030473958897066944,-0.030473958897066944
255,115,1.5331943836116007,0,0,0.13526774175396364,0.13526774175396364
261,115,1.332899306551036,0,0,0.013753107636846722,0.013753107636846722
268,115,1.0909825365328034,0,0,0.08109319742258558,0.08109319742258558
273,115,0.8864027619806069,0,0,-0.09292282865017135,-0.09292282865017135
282,115,0.8281596877788432,0,0,0.05910032194916034,0.05910032194916034
298,115,1.1533127065814464,0,0,0.03382673071716582,0.03382673071716582
309,115,0.8541476809506363,0,0,-0.07144072426991913,-0.07144072426991913
331,115,1.5976227559037626,0,0,-0.11901926413345598,-0.11901926413345598
340,115,1.5135820343007322,0,0,0.11129364743285428,0.11129364743285428
343,115,1.049109972880572,0,0,-0.11451321222819516,-0.11451321222819516
353,115,1.3671133137549611,0,0,0.022160167795074494,0.022160167795074494
387,115,1.2771375851599465,0,0,0.04875348053405775,0.04875348053405775
388,115,0.8773822922337692,0,0,0.04381237879645019,0.04381237879645019
392,115,1.1158801783417074,0,0,0.08384778865813802,0.08384778865813802
395,115,0.7004060871540378,0,0,-0.015595810260370838,-0.015595810260370838
397,115,1.3699470182996023,0,0,0.09596809212832258,0.09596809212832258
128,116,0.7871089078531954,0,0,-0.14648344490476042,-0.14648344490476042
158,116,1.4078199119754806,0,0,-0.20980252000846686,-0.20980252000846686
178,116,1.1331292999256646,0,0,-0.03552827170036603,-0.03552827170036603
186,116,1.1363985832667707,0,0,-0.06574051041185758,-0.06574051041185758
188,116,1.4384980772260245,0,0,-0.2587640327207417,-0.2587640327207417
189,116,0.48686036066970534,0,0,-0.11052838130070784,-0.11052838130070784
214,116,1.3404122778389782,0,0,0.19419986501814995,0.19419986501814995
221,116,1.524629360289888,0,0,0.2563986821646204,0.2563986821646204
224,116,0.5928561819186265,0,0,0.07899411939850816,0.07899411939850816
237,116,1.4947584126093665,0,0,-0.260833815636619,-0.260833815636619
249,116,1.3945065694601015,0,0,0.19951398610691085,0.19951398610691085
257,116,0.649307297370853,0,0,0.04439370937163496,0.04439370937163496
278,116,1.5522673042770962,0,0,0.21214043979035824,0.21214043979035824
293,116,1.3667743112242405,0,0,-0.13998370359533902,-0.13998370359533902
305,116,1.5431559026941948,0,0,0.1182841531085683,0.1182841531085683
321,116,0.7726986237798431,0,0,0.03801542840436605,0.03801542840436605
328,116,0.7945846959475807,0,0,-0.036983718508573155,-0.036983718508573155
339,116,1.3000404940001404,0,0,-0.13375622276278387,-0.13375622276278387
347,116,1.3603154470475265,0,0,-0.25004013154933086,-0.25004013154933086
354,116,1.1455558172062448,0,0,0.07564314466511787,0.07564314466511787
359,116,0.8584654687579759,0,0,0.11726107493924916,0.11726107493924916
372,116,1.5855619664473097,0,0,0.2511139098055897,0.2511139098055897
373,116,0.7242524184213124,0,0,0.04750136762721458,0.04750136762721458
386,116,1.50218486076383,0,0,0.23727144921848187,0.23727144921848187
126,117,1.3641989392506662,0,0,0.2483502590812384,0.2483502590812384
150,117,1.4878989474752193,0,0,0.2564945599109137,0.2564945599109137
152,117,0.4047764542949082,0,0,-0.10882652887944289,-0.10882652887944289
155,117,0.6793371555548394,0,0,-0.03578627738154028,-0.03578627738154028
166,117,1.4759652363382945,0,0,0.27910805442182063,0.27910805442182063
175,117,1.1860407526277383,0,0,-0.18871658350695908,-0.18871658350695908
204,117,1.5062035493072876,46,-1,-0.20663401177258223,0.7933659882274178
220,117,1.0217590762137123,0,0,-0.05514222889898868,-0.05514222889898868
228,117,0.9943554754448792,0,0,0.13364391327953623,0.13364391327953623
234,117,1.3891816163748936,0,0,0.07212141083801632,0.07212141083801632
254,117,1.5957939084799417,46,-1,-0.21519025164750116,0.7848097483524988
311,117,1.5822754671284862,0,0,0.14793686426074804,0.14793686426074804
363,117,1.0279727211463727,0,0,-0.17965207954415263,-0.17965207954415263
120,118,0.7423904620331627,0,0,0.07449273819610867,0.07449273819610867
122,118,0.9228878943325229,0,0,-0.08110708214876428,-0.08110708214876428
151,118,0.36992652197475306,0,0,0.0026243372211562366,0.0026243372211562366
162,118,1.0582985243400715,0,0,-0.09106744073468452,-0.09106744073468452
179,118,1.5437050359412772,0,0,-0.04888234187661807,-0.04888234187661807
193,118,0.8808534057874199,0,0,-0.0053540730743349,-0.0053540730743349
194,118,1.4951865658659187,0,0,-0.005530799956968521,-0.005530799956968521
211,118,1.3522836834735426,0,0,-0.04676404145028078,-0.04676404145028078
219,118,1.1930574769482085,0,0,-0.02553227622589062,-0.02553227622589062
238,118,0.43659138420753446,0,0,-0.017142139911670767,-0.017142139911670767
240,118,1.2879511241694017,0,0,-0.12188623913775663,-0.12188623913775663
252,118,1.5682575057832029,0,0,-0.06820195340647688,-0.06820195340647688
256,118,1.476214156971445,0,0,0.06346042134813436,0.06346042134813436
277,118,1.1974439498759177,0,0,0.100986059932291,0.100986059932291
282,118,1.3061190855224933,0,0,0.006204567219277826,0.006204567219277826
287,118,1.3834713571692274,0,0,0.12044140898599813,0.12044140898599813
298,118,0.8418128891205958,0,0,-0.019069024012716693,-0.019069024012716693
302,118,1.4220779821602993,0,0,0.0066282406404538224,0.0066282406404538224
303,118,1.520832593388065,0,0,-0.13219301568560887,-0.13219301568560887
322,118,1.3312803815250907,0,0,-0.06986454681230767,-0.06986454681230767
326,118,1.5864813847995003,0,0,-0.18303381038838262,-0.18303381038838262
332,118,1.30957545537303,0,0,0.1518676858929005,0.1518676858929005
335,118,1.415023889791805,0,0,0.004321364358753146,0.004321364358753146
353,118,0.7486674930236863,0,0,-0.030735586934808018,-0.030735586934808018
358,118,0.3074790296719488,0,0,0.011492446128868947,0.011492446128868947
370,118,1.0306441601088456,0,0,-0.08348474681802298,-0.08348474681802298
374,118,1.0314861563211177,0,0,-0.09936967166010646,-0.09936967166010646
385,118,0.9551222664354257,0,0,-0.03896870842168727,-0.03896870842168727
388,118,1.1089442880840445,0,0,-0.009083375933432322,-0.009083375933432322
122,119,1.5976818055256847,0,0,0.23670975028242708,0.23670975028242708
132,119,0.8961756851281526,0,0,0.11819504100097279,0.11819504100097279
147,119,1.2761445084736593,0,0,-0.04688899404368513,-0.04688899404368513
171,119,1.246103101846066,0,0,-0.1704839789264278,-0.1704839789264278
181,119,0.8507423456557895,0,0,-0.05952797732024667,-0.05952797732024667
240,119,1.1846962522781552,0,0,0.1959305932934347,0.1959305932934347
244,119,0.5973014147852033,0,0,0.056972230337222235,0.056972230337222235
276,119,0.9072286092450743,0,0,-0.16254425376215148,-0.16254425376215148
290,119,0.5175248292477642,0,0,0.05160744392649366,0.05160744392649366
304,119,0.8441148297716353,0,0,-0.16254425376215198,-0.16254425376215198
312,119,0.5308707463087641,0,0,0.05664238640159455,0.05664238640159455
326,119,0.8722835701764964,0,0,0.13478302204280873,0.13478302204280873
374,119,1.3768156220405032,0,0,0.2184471607710849,0.2184471607710849
396,119,1.3606156124913782,0,0,-0.20313144244433873,-0.20313144244433873
122,120,1.5621405363899752,0,0,-0.15559982034487294,-0.15559982034487294
145,120,1.3675368055398418,0,0,0.2724121887660994,0.2724121887660994
151,120,0.734373369328199,0,0,-0.07186840097495244,-0.07186840097495244
193,120,1.0425964864362465,0,0,-0.07984681127044357,-0.07984681127044357
194,120,1.5665984841929148,0,0,-0.0800235381530772,-0.0800235381530772
219,120,1.4048361081646867,0,0,-0.10002501442199929,-0.10002501442199929
238,120,1.0772588607694775,0,0,-0.09163487810777944,-0.09163487810777944
248,120,1.162937180626743,0,0,0.1896430597228914,0.1896430597228914
277,120,0.6769619962871155,0,0,0.026493321736182324,0.026493321736182324
282,120,1.3365495423386529,0,0,-0.06828817097683085,-0.06828817097683085
287,120,0.7415958941583761,0,0,0.045948670789889456,0.045948670789889456
298,120,1.0926758886433847,0,0,-0.09356176220882537,-0.09356176220882537
332,120,0.6568441410468041,0,0,0.07737494769679185,0.07737494769679185
353,120,1.1730365970315397,0,0,-0.10522832513091669,-0.10522832513091669
357,120,1.3115731199886813,0,0,0.25999266210371164,0.25999266210371164
358,120,0.6566780139786792,0,0,-0.06300029206723973,-0.06300029206723973
385,120,1.5632519167574752,0,0,-0.11346144661779595,-0.11346144661779595
388,120,1.2983195812632167,0,0,-0.083576114129541,-0.083576114129541
125,121,1.0643427204469678,46,-1,-0.18825297615198677,0.8117470238480132
136,121,1.218969544643379,46,-1,-0.24674009948890785,0.7532599005110922
144,121,1.4866002886808662,0,0,0.22177623819564385,0.22177623819564385
146,121,0.6625258376737795,0,0,0.09152649105980071,0.09152649105980071
148,121,0.7052401461270725,0,0,0.028961599614337197,0.028961599614337197
153,121,1.0782208686241768,0,0,0.15786842448669958,0.15786842448669958
156,121,1.1532582254999502,0,0,0.07441888254216389,0.07441888254216389
159,121,1.2041318778456165,0,0,0.10718677067852733,0.10718677067852733
163,121,0.746644746600227,0,0,-0.12002345122240132,-0.12002345122240132
168,121,1.351289871126926,0,0,0.19280420655406494,0.19280420655406494
187,121,1.302993008337258,46,-1,-0.12061597133106572,0.8793840286689343
203,121,0.9720626714574001,0,0,-0.05533061485490831,-0.05533061485490831
206,121,0.9746410283724456,0,0,0.02947117069316152,0.02947117069316152
209,121,1.0331020796193389,0,0,-0.004504983915771921,-0.004504983915771921
225,121,1.495743417729391,46,-1,-0.20614504563411362,0.7938549543658864
233,121,0.8312978305244793,0,0,-0.18512125052650574,-0.18512125052650574
235,121,1.470458513985969,0,0,-0.09508154197667285,-0.09508154197667285
239,121,0.4945602426659528,0,0,-0.04934154980878047,-0.04934154980878047
247,121,1.0982174532930333,0,0,-0.13661930551946666,-0.13661930551946666
269,121,1.5144738335817323,0,0,0.257266354584413,0.257266354584413
281,121,0.7977516959441732,0,0,0.046865025611271816,0.046865025611271816
308,121,1.3226345848225807,0,0,0.05240497617966644,0.05240497617966644
313,121,1.0699128040409025,0,0,-0.08438768205700242,-0.08438768205700242
315,121,0.7652409136661471,0,0,0.040262485598603126,0.040262485598603126
329,121,1.401472027902897,0,0,0.09529352783495004,0.09529352783495004
336,121,1.451344255974365,0,0,0.09535552630801303,0.09535552630801303
352,121,1.4350989300630774,46,-1,-0.3405313742105821,0.6594686257894179
366,121,1.3214914843477892,0,0,0.16155518621998188,0.16155518621998188
381,121,1.5965433361313746,0,0,0.04693335943333732,0.04693335943333732
132,122,1.2170122892646602,0,0,-0.11851470928145427,-0.11851470928145427
151,122,0.9706895934654957,0,0,0.08373141936992051,0.08373141936992051
162,122,0.6156021520708367,0,0,-0.009960358585920245,-0.009960358585920245
193,122,1.2312125484639815,0,0,0.07575300907442938,0.07575300907442938
202,122,1.2205214210618598,0,0,-0.025243897006549332,-0.025243897006549332
211,122,1.474895255240259,0,0,0.0343430406984835,0.0343430406984835
219,122,1.1932371063474647,0,0,0.05557480592287366,0.05557480592287366
229,122,1.4015494146631187,0,0,0.007018136291800727,0.007018136291800727
238,122,0.9577358433378472,0,0,0.06396494223709351,0.06396494223709351
240,122,0.5625657567817451,0,0,-0.040779156988992364,-0.040779156988992364
243,122,1.2866171986025738,0,0,-0.04561785967699299,-0.04561785967699299
244,122,1.3155566189535544,0,0,-0.17973751994520484,-0.17973751994520484
246,122,1.5810719323782494,0,0,-0.0022626314781851835,-0.0022626314781851835
252,122,1.447471407081841,0,0,0.012905128742287397,0.012905128742287397
270,122,1.5289565182844973,0,0,-0.05998959163898154,-0.05998959163898154
290,122,1.402464312495221,0,0,-0.18510230635593342,-0.18510230635593342
298,122,1.0427990513669116,0,0,0.06203805813604758,0.06203805813604758
303,122,0.9624324951896627,0,0,-0.05108593353684459,-0.05108593353684459
312,122,1.3184000896244825,0,0,-0.18006736388083253,-0.18006736388083253
322,122,1.0725782032390794,0,0,0.011242535336456607,0.011242535336456607
326,122,1.014276630312825,0,0,-0.10192672823961835,-0.10192672823961835
353,122,0.7104062241772058,0,0,0.05037149521395626,0.05037149521395626
358,122,1.0292131989549729,0,0,0.09259952827763322,0.09259952827763322
370,122,0.6797938363904829,0,0,-0.002377664669258702,-0.002377664669258702
374,122,0.2646980005728221,0,0,-0.018262589511342187,-0.018262589511342187
385,122,1.2080318170193132,0,0,0.042138373727077,0.042138373727077
388,122,1.2790426519203448,0,0,0.07202370621533195,0.07202370621533195
128,123,1.1891014159910587,0,0,0.20974675523260777,0.20974675523260777
135,123,1.3809415242040077,46,-1,-0.23708133937864262,0.7629186606213574
158,123,1.1210137750726419,0,0,0.14642768012890134,0.14642768012890134
182,123,1.212778011869639,0,0,-0.034990468061258495,-0.034990468061258495
188,123,0.6416546687466262,0,0,0.0974661674166265,0.0974661674166265
189,123,1.364408220774263,0,0,0.24570181883666037,0.24570181883666037
218,123,0.4029255040280591,0,0,-0.013560109535514064,-0.013560109535514064
237,123,0.9305445348836101,0,0,0.09539638450074922,0.09539638450074922
251,123,0.9488038323637776,0,0,-0.00041686605004614963,-0.00041686605004614963
260,123,0.9115021590851551,0,0,-0.07162410452409307,-0.07162410452409307
262,123,1.5391368410424053,46,-1,-0.27449568767626964,0.7255043123237304
263,123,1.0543153518596287,0,0,0.03505406260021676,0.03505406260021676
271,123,1.5930158536388193,46,-1,-0.3063342698829341,0.6936657301170659
307,123,1.3682108495462266,46,-1,-0.22985611700797093,0.7701438829920291
330,123,0.668227349831219,0,0,-0.08162543427223756,-0.08162543427223756
339,123,1.4749724184411357,0,0,0.22247397737458433,0.22247397737458433
347,123,0.5427262238753275,0,0,0.10619006858803734,0.10619006858803734
367,123,1.5092804223262313,0,0,0.07071998659314399,0.07071998659314399
383,123,1.1684907942721823,46,-1,-0.24708934214102185,0.7529106578589781
127,124,1.4185366785282914,0,0,-0.35606216857709183,-0.35606216857709183
133,124,1.565142617199583,0,0,0.1429265123444824,0.1429265123444824
177,124,1.036719786722492,0,0,-0.24416876248584524,-0.24416876248584524
185,124,0.89404861133391,0,0,0.13669024992455903,0.13669024992455903
201,124,1.263808768201646,0,0,-0.1078740610317287,-0.1078740610317287
207,124,1.4480116396154965,0,0,0.011378709274265653,0.011378709274265653
216,124,1.24923177761976,0,0,0.04378460557631203,0.04378460557631203
291,124,0.8746337880629347,0,0,0.16073441083342432,0.16073441083342432
301,124,0.19898026175952352,0,0,-0.03013326813103978,-0.03013326813103978
310,124,0.6232657383813752,0,0,0.025541763937173667,0.025541763937173667
314,124,1.35351356894218,0,0,-0.2914869575443924,-0.2914869575443924
320,124,1.2454880656886882,0,0,0.21597810215403634,0.21597810215403634
337,124,0.959807356078622,0,0,-0.09271255745960172,-0.09271255745960172
349,124,0.42236649750093935,0,0,0.05833245107779084,0.05833245107779084
350,124,1.5535659701234952,1,1,0.2966668198815061,-0.7033331801184939
365,124,1.2457108909954913,0,0,-0.08234611784825707,-0.08234611784825707
377,124,1.1177094730450103,0,0,0.09726191235730308,0.09726191235730308
400,124,0.4152695424609867,0,0,0.0218970584014041,0.0218970584014041
136,125,0.3817155215966786,0,0,-0.058487123336921076,-0.058487123336921076
146,125,1.587140235170089,1,1,0.2797794672117875,-0.7202205327882125
163,125,1.0627615198039464,1,1,0.06822952492958545,-0.9317704750704145
172,125,1.4748295632188912,0,0,-0.172903996574717,-0.172903996574717
187,125,0.6575763622623452,0,0,0.0676370048209211,0.0676370048209211
206,125,1.148827843387875,1,1,0.2177241468451483,-0.7822758531548517
223,125,1.4483712292398216,0,0,-0.14284509352389183,-0.14284509352389183
225,125,0.5054681102997034,0,0,-0.017892069482126835,-0.017892069482126835
233,125,0.7660257275532716,1,1,0.00313172562548103,-0.996868274374519
236,125,1.2213645889833777,0,0,-0.0868129994855372,-0.0868129994855372
239,125,1.2678574402195006,1,1,0.1389114263432063,-0.8610885736567937
247,125,1.490749775434234,1,1,0.05163367063252011,-0.9483663293674799
250,125,1.2462071832532349,0,0,-0.1940465552285553,-0.1940465552285553
264,125,0.9967961976306222,0,0,-0.1294050654338561,-0.1294050654338561
295,125,1.5489500182338103,0,0,-0.21167809061708637,-0.21167809061708637
299,125,1.5873944863361444,0,0,-0.18389813185749887,-0.18389813185749887
315,125,1.053611070988556,1,1,0.2285154617505899,-0.7714845382494101
323,125,1.0258061354179262,0,0,-0.1572417203240412,-0.1572417203240412
324,125,1.5874914443060322,0,0,0.05454834508964995,0.05454834508964995
325,125,1.383709928113215,0,0,0.01741752173624163,0.01741752173624163
336,125,1.3641780591204804,1,1,0.2836085024599998,-0.7163914975400002
342,125,1.4363023628156617,0,0,-0.15827920460409178,-0.15827920460409178
352,125,1.0307832248972084,0,0,-0.15227839805859536,-0.15227839805859536
381,125,1.3793052831094053,1,1,0.2351863355853241,-0.7648136644146759
149,126,1.5761711281022535,0,0,-0.03370789759826462,-0.03370789759826462
150,126,0.2017880941927753,0,0,0.008144300829675294,0.008144300829675294
155,126,1.1476935724445934,0,0,-0.2841365364627787,-0.2841365364627787
157,126,1.586867258815779,0,0,0.12914697708936407,0.12914697708936407
166,126,0.565488298648164,0,0,0.03075779534058226,0.03075779534058226
172,126,1.2211485397141153,0,0,0.12391442306582415,0.12391442306582415
223,126,1.4647061598991,0,0,0.15397332611664932,0.15397332611664932
245,126,0.9256362306983044,0,0,0.08061194890870169,0.08061194890870169
294,126,1.0448034903739278,0,0,0.09816921572000364,0.09816921572000364
299,126,1.1310115646484993,0,0,0.11292028778304228,0.11292028778304228
323,126,1.5851652863717862,0,0,0.13957669931649996,0.13957669931649996
342,126,1.357449370427327,0,0,0.13853921503644936,0.13853921503644936
138,127,1.1238488086877305,0,0,0.1667607976209637,0.1667607976209637
142,127,0.52582052501886,0,0,-0.05842139834442739,-0.05842139834442739
164,127,1.1958066999966106,0,0,-0.10498747527092048,-0.10498747527092048
177,127,0.4458679877840863,0,0,0.11189340609124662,0.11189340609124662
179,127,1.165163417524653,0,0,-0.1871330023560558,-0.1871330023560558
200,127,1.5921223340876243,0,0,-0.18378399224012343,-0.18378399224012343
201,127,0.9281289749743548,0,0,0.24818810754536316,0.24818810754536316
211,127,1.1642723863656372,0,0,-0.1850147019297185,-0.1850147019297185
238,127,1.5967502736877575,0,0,-0.15539280039110848,-0.15539280039110848
252,127,1.515881424987692,0,0,-0.2064526138859146,-0.2064526138859146
256,127,0.5206895934823275,0,0,-0.07479023913130337,-0.07479023913130337
275,127,1.0236976646657585,0,0,-0.14734839976253944,-0.14734839976253944
286,127,0.8370541891725664,0,0,-0.13830496731490588,-0.13830496731490588
301,127,1.3294155741966396,0,0,0.32592890044605205,0.32592890044605205
302,127,0.6354858678437619,0,0,-0.1316224198389839,-0.1316224198389839
310,127,1.4947270612148618,0,0,0.3816039325142655,0.3816039325142655
314,127,1.0581727074985892,0,0,0.06457521103269945,0.06457521103269945
334,127,1.2875472871929923,0,0,-0.17481827275877695,-0.17481827275877695
335,127,0.7585054246261834,0,0,-0.13392929612068458,-0.13392929612068458
337,127,1.556147451435329,0,0,0.2633496111174901,0.2633496111174901
349,127,1.54084630176366,0,0,0.41439461965488267,0.41439461965488267
384,127,1.1746272365571166,0,0,-0.1683208642912607,-0.1683208642912607
385,127,1.2901927062481544,0,0,-0.177219368901125,-0.177219368901125
390,127,1.4202482724878809,0,0,-0.2035281300015974,-0.2035281300015974
158,128,1.2956929246420195,0,0,-0.06331907510370643,-0.06331907510370643
182,128,1.5471480263311053,0,0,-0.24473722329386627,-0.24473722329386627
186,128,1.435073927029921,0,0,0.08074293449290286,0.08074293449290286
188,128,1.0684192735542877,0,0,-0.11228058781598127,-0.11228058781598127
189,128,0.3628564426934014,0,0,0.035955063604052595,0.035955063604052595
218,128,1.3300568727831266,0,0,-0.22330686476812184,-0.22330686476812184
224,128,1.3433802323170387,0,0,0.2254775643032686,0.2254775643032686
237,128,1.3006760099119246,0,0,-0.11435037073185855,-0.11435037073185855
251,128,1.5404680285751815,0,0,-0.21016362128265392,-0.21016362128265392
257,128,1.3715060192871784,0,0,0.1908771542763954,0.1908771542763954
260,128,1.4770864069823095,0,0,-0.28137085975670084,-0.28137085975670084
263,128,1.234546494867606,0,0,-0.174692692632391,-0.174692692632391
293,128,1.0311934537474774,0,0,0.0064997413094214085,0.0064997413094214085
321,128,1.4939630475847625,0,0,0.18449887330912648,0.18449887330912648
328,128,1.3519101537555447,0,0,0.10949972639618728,0.10949972639618728
330,128,1.5185234817626265,0,0,-0.29137218950484534,-0.29137218950484534
339,128,1.3571561589148522,0,0,0.012727222141976552,0.012727222141976552
347,128,0.7412237417540061,0,0,-0.10355668664457043,-0.10355668664457043
359,128,1.5855301031074724,0,0,0.2637445198440096,0.2637445198440096
373,128,1.484617192451604,0,0,0.19398481253197503,0.19398481253197503
164,129,1.345048649159453,0,0,0.12611140400356,0.12611140400356
176,129,1.5658926830975832,0,0,-0.029132802329503233,-0.029132802329503233
178,129,0.6796669962257934,0,0,-0.04847150451806673,-0.04847150451806673
179,129,1.2885903974524653,0,0,0.04396587691842468,0.04396587691842468
186,129,1.0595270610253997,0,0,-0.07868374322955828,-0.07868374322955828
192,129,1.1052683540755541,0,0,-0.011627787524381806,-0.011627787524381806
200,129,0.7283536813230023,0,0,0.04731488703435703,0.04731488703435703
211,129,1.4936753520248096,0,0,0.04608417734476197,0.04608417734476197
215,129,0.8989026061191087,0,0,-0.01779046465292199,-0.01779046465292199
224,129,1.3208362402504905,0,0,0.06605088658080746,0.06605088658080746
252,129,1.2790023244568434,0,0,0.024646265388565874,0.024646265388565874
257,129,1.0868906320212977,0,0,0.031450476553934265,0.031450476553934265
275,129,1.2599522598376933,0,0,0.08375047951194103,0.08375047951194103
286,129,1.469581921155233,0,0,0.0927939119595746,0.0927939119595746
297,129,1.515714853348692,0,0,-0.05815783141003586,-0.05815783141003586
305,129,1.2062070330908983,0,0,0.1053409202908676,0.1053409202908676
321,129,0.9801561083824883,0,0,0.025072195586665354,0.025072195586665354
328,129,0.9333511454787111,0,0,-0.04992695132627385,-0.04992695132627385
334,129,0.8994495557646729,0,0,0.05628060651570352,0.05628060651570352
339,129,1.570790562135449,0,0,-0.14669945558048458,-0.14669945558048458
346,129,0.8070351431618833,0,0,-0.1223422651487496,-0.1223422651487496
350,129,1.1186013459712347,0,0,-0.11617213226692152,-0.11617213226692152
354,129,1.0223799428031017,0,0,0.06269991184741718,0.06269991184741718
359,129,1.437029335922584,0,0,0.10431784212154846,0.10431784212154846
364,129,0.8179672829745149,0,0,-0.03457490773036913,-0.03457490773036913
373,129,1.0817324794004894,0,0,0.034558134809513884,0.034558134809513884
384,129,1.1162109868319647,0,0,0.06277801498321976,0.06277801498321976
390,129,1.0515743453863808,0,0,0.027570749272883083,0.027570749272883083
399,129,1.1364585019797875,0,0,-0.025478227705610354,-0.025478227705610354
137,130,0.9247707261268304,0,0,0.016867995584500722,0.016867995584500722
144,130,1.410318395466552,0,0,-0.28374815323832114,-0.28374815323832114
149,130,0.7537260809524574,0,0,-0.02430368482475756,-0.02430368482475756
170,130,0.5498950394528939,0,0,-0.007722479839529478,-0.007722479839529478
184,130,1.121310378651861,0,0,0.007409206990544093,0.007409206990544093
191,130,1.4948407299449233,0,0,0.08763026379939826,0.08763026379939826
226,130,0.5578373812965023,0,0,-0.0027884171264787316,-0.0027884171264787316
250,130,1.0251416000985725,0,0,0.11217607718549291,0.11217607718549291
269,130,1.4388709198707925,0,0,-0.24825803684955203,-0.24825803684955203
284,130,0.8869823370937564,0,0,-0.13396152472377562,-0.13396152472377562
285,130,0.6921277183233597,0,0,-0.062078178040885584,-0.062078178040885584
295,130,0.729917121139648,0,0,0.09454454179696184,0.09454454179696184
319,130,0.79375287335168,0,0,0.0644802639375113,0.0644802639375113
352,130,1.2065181140210146,0,0,0.15394423435545285,0.15394423435545285
362,130,1.0538682195205609,0,0,-0.14769728322173561,-0.14769728322173561
394,130,1.208591535171471,0,0,-0.18276916711289656,-0.18276916711289656
132,131,1.497437721739566,0,0,-0.11129592597470364,-0.11129592597470364
134,131,0.49995607308992746,0,0,-0.009122915430057364,-0.009122915430057364
143,131,1.232084390197661,0,0,0.0703028227210594,0.0703028227210594
193,131,1.2742285526339157,0,0,0.08297179238118,0.08297179238118
194,131,1.0047484760572019,0,0,0.08279506549854639,0.08279506549854639
197,131,1.5020775429948183,0,0,0.10216374798437634,0.10216374798437634
205,131,0.8727171690256886,0,0,0.06344675954334054,0.06344675954334054
210,131,1.564141643808056,0,0,-0.19860849480291118,-0.19860849480291118
219,131,0.8306725456966815,0,0,0.06279358922962429,0.06279358922962429
229,131,0.397198293998346,0,0,0.014236919598551365,0.014236919598551365
242,131,0.9768807792048834,0,0,-0.06672815014466255,-0.06672815014466255
246,131,0.2213743599967347,0,0,0.004956151828565455,0.004956151828565455
267,131,1.267026140456933,0,0,-0.2007616946017111,-0.2007616946017111
273,131,0.7427398019353479,0,0,-0.057492717924538944,-0.057492717924538944
282,131,1.1298918806491383,0,0,0.09453043267479273,0.09453043267479273
298,131,1.1930012517653086,0,0,0.06925684144279821,0.06925684144279821
309,131,0.30377851901327424,0,0,-0.036010613544286724,-0.036010613544286724
343,131,1.021503019128651,0,0,-0.07908310150256277,-0.07908310150256277
353,131,1.2974928386564624,0,0,0.05759027852070689,0.05759027852070689
388,131,1.0243153441701183,0,0,0.07924248952208258,0.07924248952208258
395,131,1.250758238040719,0,0,0.01983430046526156,0.01983430046526156
147,132,1.0741555452263998,0,0,-0.1650840350446579,-0.1650840350446579
151,132,1.5989576032902624,0,0,0.20224612865137478,0.20224612865137478
181,132,1.1456970190045113,0,0,-0.17772301832121945,-0.17772301832121945
219,132,1.3657560231863617,0,0,0.17408951520432792,0.17408951520432792
229,132,1.263828763124179,0,0,0.125532845573255,0.125532845573255
240,132,0.6817937038469153,0,0,0.07773555229246192,0.07773555229246192
244,132,1.0407487136329185,0,0,-0.06122281066375056,-0.06122281066375056
246,132,1.3522100034697735,0,0,0.1162520778032691,0.1162520778032691
267,132,1.569549893398637,0,0,-0.08946576862700746,-0.08946576862700746
276,132,1.4872410709879156,0,0,-0.28073929476312426,-0.28073929476312426
290,132,1.041041797323694,0,0,-0.06658759707447913,-0.06658759707447913
298,132,1.444366931203961,0,0,0.18055276741750187,0.18055276741750187
304,132,1.47678499163578,0,0,-0.28073929476312476,-0.28073929476312476
309,132,1.482032097934648,0,0,0.07528531243041692,0.07528531243041692
312,132,0.7608332242662992,0,0,-0.06155265459937824,-0.06155265459937824
326,132,0.24991094258722948,0,0,0.016587981041835925,0.016587981041835925
353,132,1.236370697902175,0,0,0.16888620449541053,0.16888620449541053
374,132,1.1027656816128442,0,0,0.10025211977011209,0.10025211977011209
138,133,1.2159160825465656,0,0,-0.33222788330061054,-0.33222788330061054
161,133,0.8777888591790435,0,0,-0.08756423699586202,-0.08756423699586202
176,133,1.439813910190551,1,1,0.2407796374744421,-0.7592203625255579
185,133,0.9253975285838233,0,0,-0.006236262419923366,-0.006236262419923366
201,133,1.0318317042138587,0,0,-0.2508005733762111,-0.2508005733762111
202,133,1.5705680839587954,1,1,0.25640967944367443,-0.7435903205563256
243,133,1.5223800283821787,1,1,0.23603571677323076,-0.7639642832267692
270,133,1.3633630855606087,1,1,0.22166398481124217,-0.7783360151887578
289,133,0.6658700360837999,1,1,0.09761866610224179,-0.9023813338977582
292,133,1.4024561453014581,0,0,-0.25505281440772387,-0.25505281440772387
297,133,1.4030211047813106,1,1,0.21175460839390947,-0.7882453916060905
310,133,1.005552982334878,0,0,-0.11738474840730873,-0.11738474840730873
320,133,1.5282940474988254,0,0,0.07305158980955395,0.07305158980955395
333,133,0.672499623549951,1,1,0.12903978352036072,-0.8709602164796393
345,133,0.2937758702132056,0,0,-0.05023730575048235,-0.05023730575048235
349,133,1.273690763150973,0,0,-0.08459406126669156,-0.08459406126669156
375,133,1.1822181539886611,1,1,0.19205961684177353,-0.8079403831582265
377,133,0.5461598764470882,0,0,-0.04566459998717931,-0.04566459998717931
139,134,1.5666905620627178,0,0,0.015462574156169012,0.015462574156169012
143,134,1.0400087443595678,0,0,0.07942573815111675,0.07942573815111675
154,134,1.324081087857883,0,0,0.08467357594574773,0.08467357594574773
169,134,1.2831153067090397,0,0,-0.0915444140387787,-0.0915444140387787
193,134,1.5019669509042242,0,0,0.09209470781123738,0.09209470781123738
194,134,1.043638680412025,0,0,0.09191798092860376,0.09191798092860376
196,134,1.5162454726470869,0,0,-0.14112161513076385,-0.14112161513076385
197,134,1.3337080902620984,0,0,0.11128666341443372,0.11128666341443372
205,134,0.8455502758820866,0,0,0.07256967497339792,0.07256967497339792
210,134,1.5328345668410561,0,0,-0.18948557937285382,-0.18948557937285382
217,134,1.1590362631700188,0,0,-0.03050066486814676,-0.03050066486814676
219,134,1.1323667618290483,0,0,0.07191650465968166,0.07191650465968166
227,134,1.5020510871455175,0,0,-0.1541982022885822,-0.1541982022885822
229,134,0.8007951161194509,0,0,0.02335983502860873,0.02335983502860873
242,134,0.6508471247448779,0,0,-0.057605234714605186,-0.057605234714605186
246,134,0.650490915576269,0,0,0.014079067258622818,0.014079067258622818
259,134,1.5406813207487222,0,0,-0.13416006860660057,-0.13416006860660057
261,134,1.442570851982618,0,0,0.058306133792536484,0.058306133792536484
267,134,1.590587736262124,0,0,-0.19163877917165373,-0.19163877917165373
268,134,1.449941361794387,0,0,0.12564622357827535,0.12564622357827535
273,134,0.5601266357966446,0,0,-0.048369802494481584,-0.048369802494481584
282,134,1.2402645017546283,0,0,0.10365334810485011,0.10365334810485011
298,134,1.4788344871546728,0,0,0.07837975687285559,0.07837975687285559
309,134,0.6400295370128555,0,0,-0.026887698114229357,-0.026887698114229357
331,134,1.396121575798803,0,0,-0.07446623797776622,-0.07446623797776622
343,134,0.720152241715862,0,0,-0.0699601860725054,-0.0699601860725054
378,134,1.56487148441077,0,0,-0.19807482099132329,-0.19807482099132329
387,134,1.4877115548280684,0,0,0.09330650668974752,0.09330650668974752
388,134,1.236016994808001,0,0,0.08836540495213996,0.08836540495213996
392,134,1.4955592879902784,0,0,0.12840081481382778,0.12840081481382778
395,134,0.8460305986748322,0,0,0.028957215895318925,0.028957215895318925
158,135,1.5351850762239796,1,1,0.3835090195075439,-0.6164909804924561
188,135,1.5412604544965527,1,1,0.334547506795269,-0.665452493204731
199,135,1.2538451803080801,0,0,-0.13222706149277036,-0.13222706149277036
218,135,1.5707586030008418,1,1,0.2235212298431285,-0.7764787701568715
221,135,1.3386176536290473,0,0,-0.1502897783193688,-0.1502897783193688
237,135,1.4454969896825836,1,1,0.3324777238793918,-0.6675222761206082
241,135,0.651665551943327,0,0,-0.10572034040324235,-0.10572034040324235
249,135,1.422661336746547,0,0,-0.2071744743770784,-0.2071744743770784
251,135,1.2181725847829805,1,1,0.23666447332859641,-0.7633355266714036
262,135,1.5311291760176224,0,0,-0.03741434829762713,-0.03741434829762713
271,135,0.3951809530252694,0,0,-0.0692529305042916,-0.0692529305042916
279,135,1.0766749152233874,0,0,-0.13309414604753717,-0.13309414604753717
307,135,0.19515566252616223,0,0,0.007225222370671691,0.007225222370671691
317,135,1.2417712055862324,0,0,-0.08637836489909989,-0.08637836489909989
318,135,0.6522906745988601,0,0,-0.10920514274896892,-0.10920514274896892
367,135,1.53320024576542,1,1,0.30780132597178655,-0.6921986740282134
372,135,1.2678373807528647,0,0,-0.15557455067839954,-0.15557455067839954
379,135,0.47466357001851056,0,0,-0.0791346811456764,-0.0791346811456764
380,135,0.6382297799758122,0,0,-0.09843744829771522,-0.09843744829771522
383,135,0.9100761226247042,0,0,-0.010008002762379287,-0.010008002762379287
386,135,1.1930853272732767,0,0,-0.16941701126550737,-0.16941701126550737
389,135,1.0777692228292453,0,0,-0.11496192350275553,-0.11496192350275553
391,135,0.5840983613006735,0,0,0.005463728778553889,0.005463728778553889
163,136,1.023808114294261,1,1,0.12671664826650653,-0.8732833517334935
172,136,1.42590348101619,0,0,-0.11441687323779594,-0.11441687323779594
187,136,1.0238066804722192,0,0,0.12612412815784219,0.12612412815784219
203,136,1.576611621697228,1,1,0.19140948463399954,-0.8085905153660005
206,136,1.4760924563785713,1,1,0.27621127018206937,-0.7237887298179306
223,136,1.4036374385324724,0,0,-0.08435797018697075,-0.08435797018697075
225,136,0.7386462159897126,0,0,0.04059505385479424,0.04059505385479424
233,136,0.6497389083440919,1,1,0.061618848962402106,-0.9383811510375979
236,136,1.2466677557763342,0,0,-0.028325876148616112,-0.028325876148616112
239,136,1.3087799103546602,1,1,0.19739854968012738,-0.8026014503198726
247,136,1.3871351856373684,1,1,0.11012079396944119,-0.8898792060305588
250,136,0.9540231506708573,0,0,-0.13555943189163422,-0.13555943189163422
264,136,0.8942511892430342,0,0,-0.07091794209693503,-0.07091794209693503
295,136,1.2563288182916694,0,0,-0.1531909672801653,-0.1531909672801653
299,136,1.521178105884565,0,0,-0.1254110085205778,-0.1254110085205778
313,136,1.5428356131050802,1,1,0.16235241743190543,-0.8376475825680946
315,136,1.3382082296524729,1,1,0.287002585087511,-0.712997414912489
319,136,1.5797804535232052,0,0,-0.18325524513961583,-0.18325524513961583
323,136,0.8498829828979517,0,0,-0.09875459698712014,-0.09875459698712014
325,136,1.5385563852591277,0,0,0.0759046450731627,0.0759046450731627
342,136,1.3846275553381375,0,0,-0.09979208126717072,-0.09979208126717072
352,136,0.6997480622768246,0,0,-0.09379127472167428,-0.09379127472167428
170,137,0.41869055713741693,0,0,-0.0245904754240302,-0.0245904754240302
184,137,0.23459336423515956,0,0,-0.00945878859395663,-0.00945878859395663
191,137,0.6060627971896753,0,0,0.07076226821489753,0.07076226821489753
226,137,1.4222053030828161,0,0,-0.019656412710979454,-0.019656412710979454
230,137,1.5862928949616937,0,0,-0.2445044492731882,-0.2445044492731882
250,137,1.3808114362836785,0,0,0.09530808160099219,0.09530808160099219
283,137,1.579084456102329,0,0,-0.24450444927318815,-0.24450444927318815
284,137,1.4292825830072602,0,0,-0.15082952030827634,-0.15082952030827634
285,137,0.8734437160780504,0,0,-0.0789461736253863,-0.0789461736253863
295,137,0.8386655102259513,0,0,0.07767654621246112,0.07767654621246112
300,137,1.0011747194241238,0,0,-0.05299165367611558,-0.05299165367611558
319,137,0.3544433740913239,0,0,0.04761226835301058,0.04761226835301058
341,137,1.276839656852642,0,0,0.04271124757159542,0.04271124757159542
351,137,1.5491558321360488,0,0,0.047395719482395654,0.047395719482395654
352,137,1.2720783125652333,0,0,0.13707623877095215,0.13707623877095215
362,137,1.496573599774839,0,0,-0.16456527880623634,-0.16456527880623634
382,137,1.3620211824191348,0,0,0.0056045468764613915,0.0056045468764613915
142,138,0.7932896655334866,0,0,-0.2251821959653911,-0.2251821959653911
161,138,1.0335787088622919,0,0,0.24466364630474852,0.24466364630474852
171,138,1.426181927612742,1,1,0.20668773054197942,-0.7933122694580206
177,138,1.2993781002724414,0,0,-0.05486739152971709,-0.05486739152971709
201,138,0.5643501152645971,0,0,0.08142730992439945,0.08142730992439945
256,138,1.0174634334706367,0,0,-0.24155103675226708,-0.24155103675226708
292,138,0.6257439634618163,0,0,0.07717506889288667,0.07717506889288667
302,138,1.3897302682273212,0,0,-0.2983832174599476,-0.2983832174599476
310,138,1.5075180596040085,0,0,0.2148431348933018,0.2148431348933018
335,138,1.5427257068635112,0,0,-0.3006900937416483,-0.3006900937416483
345,138,1.1799929071561692,0,0,0.2819905775501282,0.2819905775501282
357,138,1.387224221079139,0,0,0.0294739421994189,0.0294739421994189
377,138,1.4834096295712829,0,0,0.2865632833134312,0.2865632833134312
396,138,1.347496636730867,1,1,0.1740402670240685,-0.8259597329759315
143,139,1.3493884698916885,0,0,0.06396316399494775,0.06396316399494775
154,139,0.8432508912492575,0,0,0.06921100178957872,0.06921100178957872
160,139,1.5851820300813897,0,0,-0.1953547327504114,-0.1953547327504114
169,139,1.3404874390313362,0,0,-0.1070069881949477,-0.1070069881949477
180,139,0.9795879928451545,0,0,-0.11262422279935946,-0.11262422279935946
183,139,1.2224144085510178,0,0,-0.19423255611486337,-0.19423255611486337
190,139,1.2420335816958479,0,0,-0.14908737248514076,-0.14908737248514076
197,139,1.4930094506384037,0,0,0.0958240892582647,0.0958240892582647
213,139,1.180858085390457,0,0,-0.17865475237869233,-0.17865475237869233
217,139,0.6893246975685852,0,0,-0.045963239024315775,-0.045963239024315775
235,139,1.1924105008011994,1,1,0.12900695836813703,-0.870993041631863
247,139,1.4672195830965948,1,1,0.08746919482534321,-0.9125308051746568
261,139,0.34102206442086874,0,0,0.042843559636367476,0.042843559636367476
268,139,1.5146296165110629,0,0,0.11018364942210633,0.11018364942210633
288,139,1.076134126945651,1,1,0.12720968243988717,-0.8727903175601128
313,139,1.497829709455823,1,1,0.13970081828780745,-0.8602991817121926
331,139,1.146222130235627,0,0,-0.08992881213393522,-0.08992881213393522
340,139,1.3325786349781439,0,0,0.140384099432375,0.140384099432375
341,139,1.4936133616072453,0,0,-0.21080786506512902,-0.21080786506512902
344,139,1.1660891934369981,1,1,0.13911883966720018,-0.8608811603327998
351,139,1.356598774497215,0,0,-0.2061233931543288,-0.2061233931543288
387,139,0.6711099665901638,0,0,0.0778439325335785,0.0778439325335785
395,139,0.8622069341281282,0,0,0.013494641739149913,0.013494641739149913
397,139,1.492082428441973,0,0,0.1250585441278433,0.1250585441278433
145,140,1.275001906351597,46,-1,-0.20453952362061067,0.7954604763793893
147,140,1.379378761767978,0,0,0.0838497229423048,0.0838497229423048
198,140,0.9648214428044035,0,0,0.120154917031359,0.120154917031359
208,140,0.461441614783897,0,0,-0.013277467384278707,-0.013277467384278707
210,140,1.1540672489559936,0,0,0.16162118915875517,0.16162118915875517
265,140,0.9699769232735778,0,0,0.044883842288246434,0.044883842288246434
267,140,0.8176384815149336,0,0,0.15946798935995526,0.15946798935995526
296,140,0.3444630169680831,0,0,0.020744333575198337,0.020744333575198337
316,140,1.2526848298698767,0,0,-0.007222406230204426,-0.007222406230204426
327,140,1.3867928268513499,46,-1,-0.27898185005183584,0.7210181499481642
348,140,0.6392361560191981,0,0,-0.11463786811690407,-0.11463786811690407
355,140,0.8609762303699897,46,-1,-0.13568828499640795,0.864311715003592
360,140,0.8592119405371766,0,0,0.08776701439879869,0.08776701439879869
378,140,1.3604610750674295,0,0,0.1530319475402857,0.1530319475402857
167,141,0.8083064457583398,0,0,-0.2225976271609592,-0.2225976271609592
173,141,1.3233754773314745,0,0,0.055172376345557606,0.055172376345557606
212,141,1.4715501555325436,0,0,-0.24722019253945948,-0.24722019253945948
227,141,1.5394000213048475,0,0,0.39229761473455227,0.39229761473455227
231,141,0.5200259785976549,0,0,0.16849842544708632,0.16849842544708632
255,141,1.3107031090983938,46,-1,-0.27368341506721205,0.726316584932788
258,141,1.329742512623174,46,-1,-0.15068200944363164,0.8493179905563684
265,141,1.5515657105567036,0,0,0.24027289077977193,0.24027289077977193
306,141,1.1436560458510066,0,0,-0.23682520531168882,-0.23682520531168882
316,141,1.2258561606128164,0,0,0.18816664226132107,0.18816664226132107
327,141,1.4403430880968735,46,-1,-0.08359280156031035,0.9164071984396897
340,141,1.337688883901682,46,-1,-0.2976575093883215,0.7023424906116785
356,141,0.9823967647088191,0,0,0.3232628918809945,0.3232628918809945
361,141,1.2572009301053497,0,0,0.3270477778499057,0.3270477778499057
368,141,0.9839899690885874,0,0,0.35261200751186816,0.35261200751186816
371,141,1.5168127874950144,0,0,-0.24722019253945926,-0.24722019253945926
376,141,1.4113299204851484,0,0,-0.2117553092048171,-0.2117553092048171
397,141,1.595308787324462,46,-1,-0.3129830646928532,0.6870169353071468
177,142,0.9184642411452403,0,0,0.170314804435674,0.170314804435674
179,142,1.2846419871511459,0,0,-0.1287116040116284,-0.1287116040116284
201,142,0.891143346704247,0,0,0.3066095058897905,0.3066095058897905
211,142,1.190480130099653,0,0,-0.1265933035852911,-0.1265933035852911
238,142,1.3094375399135072,0,0,-0.0969714020466811,-0.0969714020466811
252,142,1.578475681227502,0,0,-0.1480312155414872,-0.1480312155414872
256,142,0.23404954501994357,0,0,-0.016368840786875977,-0.016368840786875977
275,142,1.351329295007458,0,0,-0.08892700141811205,-0.08892700141811205
286,142,1.1673765329064705,0,0,-0.07988356897047849,-0.07988356897047849
292,142,1.1900137585725257,0,0,0.30235726485827774,0.30235726485827774
302,142,0.6674560771406144,0,0,-0.07320102149455651,-0.07320102149455651
314,142,1.5711834629375905,0,0,0.12299660937712684,0.12299660937712684
322,142,1.5622075175756902,0,0,-0.14969380894731799,-0.14969380894731799
334,142,1.5658423791852778,0,0,-0.11639687441434957,-0.11639687441434957
335,142,0.8292287894253102,0,0,-0.07550789777625719,-0.07550789777625719
384,142,1.403103648940451,0,0,-0.10989946594683332,-0.10989946594683332
385,142,1.1627151986323998,0,0,-0.11879797055669761,-0.11879797055669761
390,142,1.5727302248663757,0,0,-0.14510673165717,-0.14510673165717
154,143,0.5980134544053874,0,0,0.0052478377946309634,0.0052478377946309634
167,143,1.5665270094889172,1,1,0.1514808176647895,-0.8485191823352105
193,143,1.120938766905615,0,0,0.012668969660120613,0.012668969660120613
194,143,0.5255702394198141,0,0,0.012492242777486992,0.012492242777486992
197,143,0.40684140664160423,0,0,0.03186092526331695,0.03186092526331695
205,143,0.4403841587553688,0,0,-0.006856063177718849,-0.006856063177718849
217,143,1.3730893931578683,0,0,-0.10992640301926351,-0.10992640301926351
219,143,1.114068916437083,0,0,-0.007509233491435105,-0.007509233491435105
229,143,1.254510946080227,0,0,-0.05606590312250803,-0.05606590312250803
232,143,1.0206847896994846,0,0,0.08291539411744066,0.08291539411744066
242,143,1.4403548837853426,0,0,-0.13703097286572194,-0.13703097286572194
246,143,1.2760750647165404,0,0,-0.06534667089249394,-0.06534667089249394
255,143,1.0344633130180547,0,0,0.10039502975853663,0.10039502975853663
258,143,1.426597705398908,0,0,0.22339643538211718,0.22339643538211718
261,143,1.0427632430177671,0,0,-0.021119604358580277,-0.021119604358580277
268,143,0.49730038249219194,0,0,0.04622048542715858,0.04622048542715858
273,143,1.4153292519775271,0,0,-0.12779554064559834,-0.12779554064559834
277,143,1.5565029502571381,0,0,0.11900910266674651,0.11900910266674651
282,143,0.7092115271951241,0,0,0.02422760995373334,0.02422760995373334
288,143,1.5449420371440716,1,1,0.06324651844493934,-0.9367534815550607
298,143,1.257959909693181,0,0,-0.0010459812782611794,-0.0010459812782611794
306,143,1.5523430265391722,1,1,0.13725323951405988,-0.8627467604859401
309,143,1.4879450733027009,0,0,-0.10631343626534612,-0.10631343626534612
340,143,0.9473409765908937,0,0,0.07642093543742727,0.07642093543742727
343,143,1.4971131925713526,0,0,-0.14938592422362218,-0.14938592422362218
344,143,1.3090014629451325,1,1,0.07515567567225234,-0.9248443243277477
353,143,1.552489635678342,0,0,-0.012712544200352505,-0.012712544200352505
387,143,0.8401659092801462,0,0,0.013880768538630753,0.013880768538630753
388,143,0.9652147459976869,0,0,0.008939666801023191,0.008939666801023191
392,143,0.5190177668668787,0,0,0.04897507666271102,0.04897507666271102
395,143,0.59337897719981,0,0,-0.050468522255797836,-0.050468522255797836
397,143,0.7465695399231134,0,0,0.061095380132895574,0.061095380132895574
146,144,1.0301701139005301,0,0,-0.13024974713584314,-0.13024974713584314
149,144,1.2435741929884356,0,0,0.2594444684135636,0.2594444684135636
153,144,0.6681333521277057,0,0,-0.06390781370894427,-0.06390781370894427
156,144,1.5776953118079464,0,0,-0.14735735565347996,-0.14735735565347996
159,144,1.5097773628792686,0,0,-0.11458946751711652,-0.11458946751711652
168,144,0.3884638582756727,0,0,-0.02897203164157891,-0.02897203164157891
206,144,1.4425578315713468,0,0,-0.19230506750248233,-0.19230506750248233
226,144,1.479669719492318,0,0,0.28095973611184244,0.28095973611184244
230,144,1.1655389887921328,0,0,0.05611169954963369,0.05611169954963369
269,144,0.7932157646882657,0,0,0.035490116388769144,0.035490116388769144
281,144,1.4920310238181596,0,0,-0.17491121258437203,-0.17491121258437203
283,144,1.1705310677557896,0,0,0.05611169954963374,0.05611169954963374
284,144,0.7605653325073828,0,0,0.14978662851454555,0.14978662851454555
285,144,1.200245522681882,0,0,0.2216699751974356,0.2216699751974356
315,144,1.2558555399129765,0,0,-0.18151375259704072,-0.18151375259704072
336,144,1.5263823783935955,0,0,-0.12642071188763082,-0.12642071188763082
362,144,0.6994455481937916,0,0,0.13605087001658556,0.13605087001658556
366,144,1.1831442164460628,0,0,-0.060221051975661966,-0.060221051975661966
394,144,0.5475639954073583,0,0,0.10097898612542461,0.10097898612542461
147,145,1.3824081516871833,1,1,0.2883892465629154,-0.7116107534370846
181,145,1.3491241033631172,1,1,0.2757502632863539,-0.7242497367136461
248,145,0.5036665474039144,0,0,-0.08276912904320805,-0.08276912904320805
267,145,1.5945010340566654,1,1,0.3640075129805659,-0.6359924870194341
276,145,1.217785225697778,1,1,0.17273398684444907,-0.8272660131555509
277,145,1.1364167866992105,0,0,-0.2459188670299171,-0.2459188670299171
287,145,0.7210248541082682,0,0,-0.22646351797620998,-0.22646351797620998
296,145,1.5552184789657137,1,1,0.2252838571958089,-0.7747161428041911
304,145,1.3116116818283572,1,1,0.17273398684444863,-0.8272660131555514
332,145,0.7386713420429519,0,0,-0.1950372410693076,-0.1950372410693076
348,145,1.1722173451262408,1,1,0.08990165550370655,-0.9100983444962935
355,145,0.5492308577226979,0,0,0.06885123862420267,0.06885123862420267
357,145,1.590636473370038,0,0,-0.01241952666238777,-0.01241952666238777
148,146,0.7899587264802914,0,0,-0.06256489144546351,-0.06256489144546351
153,146,0.4773701318487854,0,0,0.06634193342689887,0.06634193342689887
156,146,0.8356765655626716,0,0,-0.01710760851763682,-0.01710760851763682
159,146,0.8044693094298465,0,0,0.015660279618726625,0.015660279618726625
163,146,1.33264084258293,0,0,-0.21154994228220203,-0.21154994228220203
168,146,0.7782194464424144,0,0,0.10127771549426423,0.10127771549426423
203,146,1.3970176557269263,0,0,-0.14685710591470902,-0.14685710591470902
206,146,1.0591367754303906,0,0,-0.06205532036663919,-0.06205532036663919
209,146,1.1266568603412124,0,0,-0.09603147497557263,-0.09603147497557263
230,146,1.2215793948602627,0,0,0.18636144668547683,0.18636144668547683
233,146,1.402988022822749,0,0,-0.27664774158630645,-0.27664774158630645
239,146,0.979198898586123,0,0,-0.14086804086858118,-0.14086804086858118
247,146,1.5803964196275961,0,0,-0.22814579657926737,-0.22814579657926737
269,146,1.029555263005383,0,0,0.16573986352461229,0.16573986352461229
281,146,0.6076272148269696,0,0,-0.04466146544852889,-0.04466146544852889
283,146,1.2462455428196202,0,0,0.18636144668547688,0.18636144668547688
284,146,1.5130754994150457,0,0,0.2800363756503887,0.2800363756503887
308,146,1.2676821904270625,0,0,-0.03912151488013427,-0.03912151488013427
313,146,1.5083654631675718,0,0,-0.17591417311680313,-0.17591417311680313
315,146,0.8474179283160905,0,0,-0.05126400546119758,-0.05126400546119758
329,146,1.0295418022954015,0,0,0.003767036775149335,0.003767036775149335
336,146,1.4647777502880426,0,0,0.0038290352482123202,0.0038290352482123202
362,146,1.408068157104349,0,0,0.2663006171524287,0.2663006171524287
366,146,0.8285654374486578,0,0,0.07002869516018118,0.07002869516018118
394,146,1.4909326718703322,0,0,0.23122873326126775,0.23122873326126775
181,147,0.6369167829680733,0,0,-0.012638983276561544,-0.012638983276561544
267,147,0.9409924188136348,0,0,0.07561826641765046,0.07561826641765046
276,147,1.2389013275508296,0,0,-0.11565525971846635,-0.11565525971846635
304,147,1.2789548453957669,0,0,-0.11565525971846685,-0.11565525971846685
312,147,1.5403881683842557,0,0,0.10353138044527968,0.10353138044527968
326,147,1.30254671991383,0,0,0.18167201608649386,0.18167201608649386
355,147,1.114372452987329,46,-1,-0.2195380079387128,0.7804619920612872
153,148,1.248069562024877,0,0,0.12890682487236238,0.12890682487236238
156,148,0.6044430000205123,0,0,0.04545728292782669,0.04545728292782669
159,148,0.7111293105606469,0,0,0.07822517106419014,0.07822517106419014
163,148,0.9577722682459686,0,0,-0.14898505083673852,-0.14898505083673852
168,148,1.4661791230028145,0,0,0.16384260693972774,0.16384260693972774
203,148,0.7294748911588167,0,0,-0.08429221446924551,-0.08429221446924551
206,148,1.5795454340790123,0,0,0.0005095710788243224,0.0005095710788243224
209,148,0.36654369389095337,0,0,-0.03346658353010912,-0.03346658353010912
212,148,1.3447334442907644,0,0,-0.06222868367791001,-0.06222868367791001
222,148,0.9792263534704032,0,0,0.002936367179720234,0.002936367179720234
230,148,1.4272983363708365,0,0,0.24892633813094034,0.24892633813094034
233,148,1.2346532837032838,0,0,-0.21408285014084294,-0.21408285014084294
235,148,1.2037172176217648,0,0,-0.12404314159101004,-0.12404314159101004
239,148,0.5349501330184684,0,0,-0.07830314942311767,-0.07830314942311767
247,148,1.019093146686832,0,0,-0.16558090513380386,-0.16558090513380386
269,148,1.426574625465278,0,0,0.2283047549700758,0.2283047549700758
274,148,0.9254505277735594,0,0,-0.00958835267954905,-0.00958835267954905
281,148,0.31647767290275497,0,0,0.01790342599693462,0.01790342599693462
283,148,1.4539936052049185,0,0,0.2489263381309404,0.2489263381309404
288,148,1.281124468826984,0,0,-0.1258404175192599,-0.1258404175192599
308,148,0.618745185294926,0,0,0.023443376565329244,0.023443376565329244
313,148,0.8696855132246314,0,0,-0.11334928167133962,-0.11334928167133962
315,148,1.381794088059089,0,0,0.01130088598426593,0.01130088598426593
329,148,0.8540470342769857,0,0,0.06633192822061285,0.06633192822061285
344,148,1.464966470164312,0,0,-0.11393126029194689,-0.11393126029194689
366,148,1.0027684449635588,0,0,0.1325935866056447,0.1325935866056447
371,148,1.3275258063619553,0,0,-0.06222868367790979,-0.06222868367790979
376,148,1.3849534182266061,0,0,-0.02676380034326764,-0.02676380034326764
150,149,1.3964740753654288,0,0,0.04185219842793991,0.04185219842793991
168,149,1.5848946895218048,0,0,-0.2884165000551425,-0.2884165000551425
170,149,1.2864768528130945,0,0,0.016581204985228082,0.016581204985228082
226,149,0.3495759955587316,0,0,0.021515267698278828,0.021515267698278828
250,149,1.0965918048591092,0,0,0.13647976201025047,0.13647976201025047
284,149,1.0469101641562464,0,0,-0.10965783989901806,-0.10965783989901806
285,149,1.2420374904037048,0,0,-0.037774493216128024,-0.037774493216128024
295,149,1.1739854769909497,0,0,0.1188482266217194,0.1188482266217194
319,149,1.4500551071474213,0,0,0.08878394876226886,0.08878394876226886
323,149,1.3421825292782428,0,0,0.17328459691476455,0.17328459691476455
352,149,1.4189016388326257,0,0,0.17824791918021043,0.17824791918021043
362,149,1.2246040422219857,0,0,-0.12339359839697805,-0.12339359839697805
394,149,0.8154593329262961,0,0,-0.158465482288139,-0.158465482288139
155,150,1.2306279853132316,0,0,-0.29228083729245397,-0.29228083729245397
157,150,1.5336479507288625,0,0,0.12100267625968879,0.12100267625968879
166,150,0.5472263371712445,0,0,0.022613494510906967,0.022613494510906967
172,150,1.1043781490103828,0,0,0.11577012223614885,0.11577012223614885
223,150,1.3620748869203787,0,0,0.14582902528697406,0.14582902528697406
226,150,1.587705872687216,0,0,-0.020336930729661085,-0.020336930729661085
245,150,0.8392037933566548,0,0,0.07246764807902639,0.07246764807902639
264,150,1.5240105338942995,0,0,0.15926905337700975,0.15926905337700975
294,150,0.9760103788784459,0,0,0.09002491489032835,0.09002491489032835
299,150,1.0098277106686067,0,0,0.10477598695336698,0.10477598695336698
323,150,1.4060395285444602,0,0,0.13143239848682464,0.13143239848682464
342,150,1.245378007758358,0,0,0.13039491420677407,0.13039491420677407
162,151,1.2879214436605835,0,0,-0.09369177795584076,-0.09369177795584076
193,151,0.5177301419602417,0,0,-0.007978410295491137,-0.007978410295491137
194,151,1.137566656181953,0,0,-0.008155137178124758,-0.008155137178124758
205,151,1.3308298920238344,0,0,-0.0275034431333306,-0.0275034431333306
219,151,0.8514229521880112,0,0,-0.028156613447046855,-0.028156613447046855
229,151,1.3300549760941085,0,0,-0.07671328307811978,-0.07671328307811978
238,151,0.7821515938737837,0,0,-0.019766477132827004,-0.019766477132827004
240,151,1.2525645042217128,0,0,-0.12451057635891287,-0.12451057635891287
246,151,1.5267040644540835,0,0,-0.08599405084810569,-0.08599405084810569
277,151,0.964437554681672,0,0,0.09836172271113476,0.09836172271113476
282,151,0.9467103639754053,0,0,0.0035802299981215896,0.0035802299981215896
287,151,1.2248317084974656,0,0,0.1178170717648419,0.1178170717648419
298,151,0.4912422197005533,0,0,-0.02169336123387293,-0.02169336123387293
326,151,1.5129981215533075,0,0,-0.18565814760953886,-0.18565814760953886
332,151,1.2138514711551083,0,0,0.14924334867174427,0.14924334867174427
353,151,0.506183078863537,0,0,-0.033359924155964255,-0.033359924155964255
358,151,0.10975269794391071,0,0,0.00886810890771271,0.00886810890771271
370,151,1.2775009771504233,0,0,-0.08610908403917922,-0.08610908403917922
374,151,1.1147217210845102,0,0,-0.1019940088812627,-0.1019940088812627
385,151,1.2791762682645649,0,0,-0.04159304564284351,-0.04159304564284351
388,151,0.7521757473622117,0,0,-0.011707713154588559,-0.011707713154588559
155,152,0.9462868612377118,0,0,0.07304025149790261,0.07304025149790261
165,152,1.591094905678988,46,-1,-0.12325989006135618,0.8767401099386438
174,152,1.4477076369776916,46,-1,-0.1101808547011569,0.8898191452988431
175,152,1.2591720501137782,0,0,-0.0798900546275162,-0.0798900546275162
195,152,1.4998022267721496,46,-1,-0.17566772325881352,0.8243322767411865
204,152,1.216597551327393,46,-1,-0.09780748289313923,0.9021925171068608
220,152,0.7555978155130828,0,0,0.05368429998045421,0.05368429998045421
228,152,1.0652988585712722,0,0,0.24247044215897912,0.24247044215897912
234,152,1.232303082603772,0,0,0.1809479397174592,0.1809479397174592
253,152,1.3920847689656604,46,-1,-0.11691016776198526,0.8830898322380147
254,152,1.3424812797112298,46,-1,-0.10636372276805828,0.8936362772319417
272,152,1.4365510673260093,46,-1,-0.13724567240584884,0.8627543275941512
311,152,1.5226479570613012,0,0,0.2567633931401909,0.2567633931401909
338,152,1.2748283211832176,46,-1,-0.09359870816272808,0.9064012918372719
363,152,0.8276058363175475,0,0,-0.07082555066470975,-0.07082555066470975
369,152,1.5262895354600674,46,-1,-0.13172046029189666,0.8682795397081033
156,153,1.1293435492072095,0,0,-0.08344954194453569,-0.08344954194453569
159,153,1.0476943646315386,0,0,-0.050681653808172245,-0.050681653808172245
168,153,0.4039717974623708,0,0,0.03493578206736536,0.03493578206736536
206,153,1.115088259564459,0,0,-0.12839725379353806,-0.12839725379353806
209,153,1.5682997233097116,0,0,-0.1623734084024715,-0.1623734084024715
230,153,1.1839895632471757,0,0,0.12001951325857796,0.12001951325857796
239,153,1.4354038653501655,0,0,-0.20720997429548005,-0.20720997429548005
269,153,0.9012427868524884,0,0,0.09939793009771342,0.09939793009771342
281,153,1.0134512324706006,0,0,-0.11100339887542776,-0.11100339887542776
283,153,1.203207962748172,0,0,0.12001951325857801,0.12001951325857801
284,153,1.3029470890218364,0,0,0.21369444222348982,0.21369444222348982
285,153,1.566125373302103,0,0,0.28557778890637986,0.28557778890637986
315,153,0.9393164216019921,0,0,-0.11760593888809645,-0.11760593888809645
329,153,1.2442930389214037,0,0,-0.06257489665174953,-0.06257489665174953
336,153,1.3772030251920893,0,0,-0.06251289817868655,-0.06251289817868655
362,153,1.1884038870666151,0,0,0.19995868372552983,0.19995868372552983
366,153,0.9063459883942069,0,0,0.0036867617332823066,0.0036867617332823066
394,153,1.17350240260092,0,0,0.16488679983436888,0.16488679983436888
167,154,1.3811775321046285,1,1,0.1462329798701586,-0.8537670201298414
169,154,1.5322245001385508,0,0,-0.17621798998452642,-0.17621798998452642
180,154,1.558788539538343,0,0,-0.1818352245889382,-0.1818352245889382
194,154,1.117541592651002,0,0,0.007244404982856029,0.007244404982856029
197,154,0.6809740259254975,0,0,0.026613087468685986,0.026613087468685986
205,154,1.0164889255823135,0,0,-0.012103900972349813,-0.012103900972349813
212,154,1.4021618982032396,1,1,0.12161041449165833,-0.8783895855083417
217,154,1.0906903536118333,0,0,-0.11517424081389449,-0.11517424081389449
232,154,1.3769693944313968,0,0,0.0776675563228097,0.0776675563228097
235,154,1.0898047455064497,1,1,0.059795956578558296,-0.9402040434214417
242,154,1.5683257475621712,0,0,-0.14227881066035292,-0.14227881066035292
247,154,1.560257442638116,1,1,0.01825819303576448,-0.9817418069642355
255,154,1.128858937375061,0,0,0.09514719196390567,0.09514719196390567
261,154,0.5048900372464317,0,0,-0.02636744215321124,-0.02636744215321124
268,154,0.6924289497378308,0,0,0.040972647632527615,0.040972647632527615
282,154,1.2964325340523195,0,0,0.018979772159102376,0.018979772159102376
288,154,1.0024048632008762,1,1,0.05799868065030844,-0.9420013193496916
306,154,1.2188603361628532,1,1,0.13200540171942898,-0.867994598280571
313,154,1.5358369707259951,1,1,0.07048981649822872,-0.9295101835017713
331,154,1.4936593798038416,0,0,-0.15913981392351395,-0.15913981392351395
340,154,0.6968139212803305,0,0,0.0711730976427963,0.0711730976427963
344,154,0.8255761577433282,1,1,0.06990783787762145,-0.9300921621223786
371,154,1.4159925322149614,1,1,0.12161041449165855,-0.8783895855083415
376,154,1.5912575192435003,1,1,0.1570752978263007,-0.8429247021736993
387,154,0.2738322313159102,0,0,0.00863293074399979,0.00863293074399979
388,154,1.5410577496219169,0,0,0.0036918290063922277,0.0036918290063922277
392,154,0.778306929046206,0,0,0.043727238868080054,0.043727238868080054
395,154,0.5054273220887711,0,0,-0.0557163600504288,-0.0557163600504288
397,154,0.7060301263828485,0,0,0.05584754233826461,0.05584754233826461
166,155,1.4566791091593752,0,0,0.3148943318033609,0.3148943318033609
175,155,0.7253280369376208,0,0,-0.1529303061254188,-0.1529303061254188
228,155,1.577257137549186,0,0,0.1694301906610765,0.1694301906610765
336,155,1.307154053969254,0,0,-0.13543654143668038,-0.13543654143668038
363,155,1.0443210773056624,0,0,-0.14386580216261236,-0.14386580216261236
381,155,1.1790000893080363,0,0,-0.1838587083113561,-0.1838587083113561
159,156,0.15063749675261828,0,0,0.03276788813636344,0.03276788813636344
163,156,1.498609461185276,0,0,-0.1944423337645652,-0.1944423337645652
168,156,1.2417108566500032,0,0,0.11838532401190105,0.11838532401190105
203,156,1.2427437568349589,0,0,-0.1297494973970722,-0.1297494973970722
209,156,0.6976519621230436,0,0,-0.07892386645793581,-0.07892386645793581
212,156,1.5526257282219895,0,0,-0.1076859666057367,-0.1076859666057367
222,156,0.9100883041020221,0,0,-0.04252091574810646,-0.04252091574810646
230,156,0.9947166901165855,0,0,0.20346905520311365,0.20346905520311365
239,156,1.0912735539800442,0,0,-0.12376043235094436,-0.12376043235094436
247,156,1.504286628347414,0,0,-0.21103818806163055,-0.21103818806163055
269,156,1.0858945722810263,0,0,0.1828474720422491,0.1828474720422491
274,156,0.9208192007732607,0,0,-0.05504563560737574,-0.05504563560737574
281,156,0.35841524264238095,0,0,-0.027553856930892073,-0.027553856930892073
283,156,1.0226180692116438,0,0,0.2034690552031137,0.2034690552031137
308,156,0.5734840605964486,0,0,-0.02201390636249745,-0.02201390636249745
313,156,1.3553149267472568,0,0,-0.1588065645991663,-0.1588065645991663
329,156,0.25952774665950296,0,0,0.020874645292786154,0.020874645292786154
366,156,0.5270411065906555,0,0,0.087136303677818,0.087136303677818
371,156,1.5580010122690982,0,0,-0.10768596660573648,-0.10768596660573648
376,156,1.4973131653011107,0,0,-0.07222108327109433,-0.07222108327109433
166,157,1.0862899153268508,0,0,-0.09838918174878182,-0.09838918174878182
172,157,0.6164411347454201,0,0,-0.005232554023539934,-0.005232554023539934
223,157,0.43595737249517447,0,0,0.024826349027285255,0.024826349027285255
225,157,1.517211152636857,0,0,0.14977937306905026,0.14977937306905026
228,157,1.3398605197372753,0,0,-0.24385332289106626,-0.24385332289106626
236,157,0.7828979263851916,0,0,0.08085844306563988,0.08085844306563988
245,157,0.8117507940205487,0,0,-0.048535028180662396,-0.048535028180662396
264,157,0.935598931574609,0,0,0.03826637711732098,0.03826637711732098
266,157,0.4204358202497431,0,0,0.03379404766933074,0.03379404766933074
293,157,1.1939430630447636,0,0,-0.0319530301203252,-0.0319530301203252
294,157,0.6120533176641966,0,0,-0.030977761369360438,-0.030977761369360438
299,157,0.7329350774018241,0,0,-0.016226689306321804,-0.016226689306321804
311,157,1.3105436834526365,0,0,-0.22956037190985445,-0.22956037190985445
323,157,1.228484782353069,0,0,0.010429722227135868,0.010429722227135868
324,157,1.4594997870188,0,0,0.22221978764082703,0.22221978764082703
325,157,1.2553282648615818,0,0,0.18508896428741872,0.18508896428741872
342,157,0.5269645188204805,0,0,0.009392237947085283,0.009392237947085283
178,158,1.3529251685680697,0,0,0.17427424830810084,0.17427424830810084
186,158,0.9690283734134651,0,0,0.1440620095966093,0.1440620095966093
188,158,0.5418022968144027,0,0,-0.048961512712274835,-0.048961512712274835
189,158,1.2065086467576158,0,0,0.09927413870775903,0.09927413870775903
218,158,1.5191385315983583,0,0,-0.1599877896644154,-0.1599877896644154
224,158,1.5274786222607208,0,0,0.28879663940697503,0.28879663940697503
237,158,0.22821336859017055,0,0,-0.05103129562815212,-0.05103129562815212
251,158,0.46237398270445745,0,0,-0.1468445461789475,-0.1468445461789475
257,158,1.4690351993511421,0,0,0.25419622938010183,0.25419622938010183
307,158,1.4424281786405961,46,-1,-0.3762837971368722,0.6237162028631278
321,158,1.5349473967592366,0,0,0.24781794841283292,0.24781794841283292
328,158,1.2774082199718535,0,0,0.1728188014998937,0.1728188014998937
339,158,0.41017416287707203,0,0,0.07604629724568299,0.07604629724568299
347,158,1.1257199285133037,0,0,-0.040237611540864,-0.040237611540864
367,158,0.551336288689323,0,0,-0.07570769353575735,-0.07570769353575735
391,158,1.4755640326038526,46,-1,-0.37804529072898996,0.62195470927101
168,159,1.156786624506794,0,0,0.0856174358755376,0.0856174358755376
203,159,1.3787600469824173,0,0,-0.16251738553343564,-0.16251738553343564
209,159,0.8213995199982355,0,0,-0.11169175459429925,-0.11169175459429925
222,159,1.0233166305808516,0,0,-0.0752888038844699,-0.0752888038844699
230,159,0.9564186304274417,0,0,0.1707011670667502,0.1707011670667502
239,159,1.1963926872118515,0,0,-0.1565283204873078,-0.1565283204873078
269,159,1.0329049438290967,0,0,0.15007958390588566,0.15007958390588566
274,159,1.0387493332733257,0,0,-0.08781352374373919,-0.08781352374373919
281,159,0.4360350338427755,0,0,-0.06032174506725552,-0.06032174506725552
283,159,0.9846472468516433,0,0,0.17070116706675026,0.17070116706675026
308,159,0.7023435373942054,0,0,-0.05478179449886089,-0.05478179449886089
313,159,1.4941122050552431,0,0,-0.19157445273552975,-0.19157445273552975
329,159,0.24787119407684738,0,0,-0.01189324284357729,-0.01189324284357729
366,159,0.45994089026268103,0,0,0.05436841554145455,0.05436841554145455
169,160,1.2621210883875928,0,0,0.0883477445554637,0.0883477445554637
173,160,1.2030165300575182,0,0,-0.3114312820833345,-0.3114312820833345
180,160,0.8380394104955359,0,0,0.08273050995105193,0.08273050995105193
183,160,0.9311534440722917,0,0,0.0011221766355480334,0.0011221766355480334
190,160,0.5751010353982139,0,0,0.04626736026527063,0.04626736026527063
196,160,1.3446099139255079,0,0,0.038770543463478524,0.038770543463478524
213,160,0.5103241146963241,0,0,0.016699980371719075,0.016699980371719075
217,160,1.4218057532968675,0,0,0.14939149372609561,0.14939149372609561
227,160,1.350554795285228,0,0,0.02569395630566018,0.02569395630566018
259,160,1.1918806742895744,0,0,0.04573208998764182,0.04573208998764182
280,160,1.3317168166641709,0,0,-0.21781252814215077,-0.21781252814215077
331,160,1.1101045171102706,0,0,0.10542592061647617,0.10542592061647617
341,160,1.577144657937452,0,0,-0.015453132314717621,-0.015453132314717621
351,160,1.322002989565352,0,0,-0.010768660403917385,-0.010768660403917385
356,160,1.0576576537124864,0,0,-0.04334076654789762,-0.04334076654789762
361,160,0.45269283578754455,0,0,-0.0395558805789864,-0.0395558805789864
368,160,1.2565540817220804,0,0,-0.013991650917023951,-0.013991650917023951
382,160,1.548030379810475,0,0,-0.05255983300985165,-0.05255983300985165
398,160,1.1303310216483904,0,0,-0.1108639163462741,-0.1108639163462741
171,161,0.8056855987974081,1,1,-0.03797591576276904,-1.037975915762769
201,161,1.2740237377248727,0,0,-0.16323633638034907,-0.16323633638034907
289,161,1.3239188474886774,1,1,0.1851829030981038,-0.8148170969018962
292,161,0.7878325196544199,0,0,-0.16748857741186185,-0.16748857741186185
333,161,1.2840551985499598,1,1,0.21660402051622274,-0.7833959794837773
345,161,0.6214581380638404,0,0,0.03732693124537967,0.03732693124537967
357,161,1.4903736915596328,0,0,-0.21518970410532962,-0.21518970410532962
377,161,1.4014027693228792,0,0,0.04189963700868271,0.04189963700868271
396,161,0.9361804646129616,1,1,-0.07062337928068008,-1.07062337928068
176,162,1.0772963416428538,0,0,-0.030913580389861466,-0.030913580389861466
179,162,1.1643621430834055,0,0,0.04218509885806644,0.04218509885806644
192,162,1.297172148022122,0,0,-0.013408565584740038,-0.013408565584740038
202,162,0.6646677623786195,0,0,-0.015283538420629088,-0.015283538420629088
211,162,0.9758939913420446,0,0,0.044303399284403744,0.044303399284403744
215,162,1.5001805819726743,0,0,-0.019571242713280222,-0.019571242713280222
238,162,0.8268914095318654,0,0,0.07392530082301375,0.07392530082301375
240,162,1.0465514791586499,0,0,-0.03081879840307212,-0.03081879840307212
243,162,0.7731849083458019,0,0,-0.03565750109107275,-0.03565750109107275
244,162,1.388330599460726,0,0,-0.16977716135928458,-0.16977716135928458
252,162,0.9314552955992218,0,0,0.022865487328207642,0.022865487328207642
270,162,0.9992948980005631,0,0,-0.0500292330530613,-0.0500292330530613
290,162,1.4888126650322973,0,0,-0.17514194777001316,-0.17514194777001316
297,162,1.4899619013671455,0,0,-0.05993860947039409,-0.05993860947039409
298,162,1.5313755621800422,0,0,0.07199841672196783,0.07199841672196783
302,162,1.4140525829242614,0,0,0.09769568137513834,0.09769568137513834
303,162,0.5152474405672187,0,0,-0.041125574950924344,-0.041125574950924344
312,162,1.5271272212639955,0,0,-0.17010700529491227,-0.17010700529491227
322,162,0.49094059667596296,0,0,0.021202893922376852,0.021202893922376852
326,162,1.458236621517374,0,0,-0.0919663696536981,-0.0919663696536981
333,162,1.5520843875566237,0,0,-0.14265343434394276,-0.14265343434394276
335,162,1.3739725489877506,0,0,0.09538880509343767,0.09538880509343767
353,162,1.2316935543878462,0,0,0.0603318537998765,0.0603318537998765
358,162,1.2976910379512923,0,0,0.10255988686355347,0.10255988686355347
370,162,0.11426831212615465,0,0,0.007582693916661543,0.007582693916661543
374,162,0.596122355899653,0,0,-0.008302230925421943,-0.008302230925421943
375,162,1.4539968946091948,0,0,-0.07963360102253,-0.07963360102253
384,162,1.4978294884457266,0,0,0.060997236922861534,0.060997236922861534
385,162,0.8186206869225192,0,0,0.05209873231299725,0.05209873231299725
390,162,1.1978979180639513,0,0,0.02578997121252485,0.02578997121252485
399,162,1.4198153657930472,0,0,-0.027259005765968587,-0.027259005765968587
187,163,1.5165380695051878,46,-1,-0.0005925201086642851,0.9994074798913357
203,163,0.5556323147930579,0,0,0.06469283636749301,0.06469283636749301
206,163,1.5999418812656283,0,0,0.14949462191556284,0.14949462191556284
209,163,1.1275064952541913,0,0,0.1155184673066294,0.1155184673066294
225,163,1.5046290206262476,46,-1,-0.0861215944117123,0.9138784055882877
233,163,0.3976719376377111,0,0,-0.06509779930410442,-0.06509779930410442
235,163,0.9118210310330925,0,0,0.024941909245728477,0.024941909245728477
239,163,0.4298845282682905,0,0,0.07068190141362085,0.07068190141362085
247,163,0.4544565557923631,0,0,-0.016595854297065338,-0.016595854297065338
281,163,1.1837560576536197,0,0,0.16688847683367314,0.16688847683367314
288,163,1.0759321540704307,0,0,0.023144633317478625,0.023144633317478625
295,163,1.5696475883086802,46,-1,-0.27990761554667176,0.7200923844533282
308,163,1.4168269121802979,0,0,0.17242842740206776,0.17242842740206776
313,163,0.5453386446393473,0,0,0.0356357691653989,0.0356357691653989
315,163,1.4086211806479325,0,0,0.16028593682100445,0.16028593682100445
319,163,1.5677208771137114,46,-1,-0.3099718934061224,0.6900281065938776
344,163,1.3650481976707225,0,0,0.03505379054479163,0.03505379054479163
352,163,1.1501711133040207,46,-1,-0.22050792298818078,0.7794920770118192
177,164,1.2004889894734907,0,0,0.2168808813621671,0.2168808813621671
179,164,1.1904755609404452,0,0,-0.08214552708513531,-0.08214552708513531
199,164,1.1314045191875484,0,0,0.13540676216995817,0.13540676216995817
200,164,0.7045069061776734,0,0,-0.07879651696920296,-0.07879651696920296
211,164,1.368080237734413,0,0,-0.08002722665879802,-0.08002722665879802
224,164,1.5234520541160639,0,0,-0.060060517422752535,-0.060060517422752535
249,164,1.216682225750115,0,0,0.06045934928565014,0.06045934928565014
252,164,1.5461770156889827,0,0,-0.10146513861499412,-0.10146513861499412
256,164,1.475854472227916,0,0,0.030197236139617112,0.030197236139617112
257,164,1.5195292035161856,0,0,-0.09466092744962573,-0.09466092744962573
275,164,0.49822126211787604,0,0,-0.04236092449161896,-0.04236092449161896
286,164,0.5406001040604049,0,0,-0.0333174920439854,-0.0333174920439854
302,164,1.1745711277938133,0,0,-0.026634944568063423,-0.026634944568063423
305,164,0.5859121591510299,0,0,-0.020770483712692397,-0.020770483712692397
314,164,0.7172883735919897,0,0,0.16956268630361992,0.16956268630361992
321,164,1.415392461704219,0,0,-0.10103920841689465,-0.10103920841689465
334,164,0.845227828170249,0,0,-0.06983079748785648,-0.06983079748785648
335,164,1.104539139001302,0,0,-0.0289418208497641,-0.0289418208497641
337,164,1.3640819342144697,0,0,0.3683370863884106,0.3683370863884106
354,164,0.9869284886040656,0,0,-0.06341149215614282,-0.06341149215614282
359,164,1.3348266991104865,0,0,-0.021793561882011536,-0.021793561882011536
365,164,1.3484247931206212,0,0,0.37870352599975526,0.37870352599975526
373,164,1.4603570150018543,0,0,-0.0915532691940461,-0.0915532691940461
384,164,0.8760932942108336,0,0,-0.06333338902034023,-0.06333338902034023
386,164,1.4624624550834344,0,0,0.09821681239722116,0.09821681239722116
390,164,1.3122139380549118,0,0,-0.09854065473067691,-0.09854065473067691
174,165,0.15335183693176727,0,0,0.013079035360199276,0.013079035360199276
195,165,0.8005404953644796,0,0,-0.052407833197457315,-0.052407833197457315
204,165,0.39347248165841997,0,0,0.02545240716821695,0.02545240716821695
214,165,0.9985829515411705,0,0,-0.08818580639543463,-0.08818580639543463
221,165,0.9276651986383329,0,0,-0.025986989248964143,-0.025986989248964143
241,165,1.4375592422411478,0,0,0.0185824486671623,0.0185824486671623
253,165,0.31245610795448997,0,0,0.006349722299370919,0.006349722299370919
254,165,0.40891986727429325,0,0,0.01689616729329796,0.01689616729329796
262,165,0.9140527654220926,0,0,0.08688844077277752,0.08688844077277752
272,165,0.5954537526096062,0,0,-0.013985782344492659,-0.013985782344492659
278,165,0.7702334255649674,0,0,-0.07024523162322635,-0.07024523162322635
279,165,1.3845936724725298,0,0,-0.008791356977132514,-0.008791356977132514
317,165,0.8369793487173572,0,0,0.03792442417130476,0.03792442417130476
324,165,1.350656317349316,0,0,-0.16819655724777138,-0.16819655724777138
325,165,1.5881192540245925,0,0,-0.2053273806011797,-0.2053273806011797
338,165,0.3365589465880454,0,0,0.029661181898628153,0.029661181898628153
363,165,1.0591205748768153,1,1,0.052434339396646434,-0.9475656606033536
369,165,0.38107790358151905,0,0,-0.008460570230540365,-0.008460570230540365
372,165,1.161012854199635,0,0,-0.031271761607994886,-0.031271761607994886
383,165,1.3933355670731171,0,0,0.11429478630802536,0.11429478630802536
386,165,1.5959409947824081,0,0,-0.04511422219510272,-0.04511422219510272
389,165,0.9805217494026558,0,0,0.009340865567649126,0.009340865567649126
393,165,0.5916273432963631,0,0,0.04692854220568432,0.04692854220568432
172,166,0.7872357085970374,0,0,0.09315662772524189,0.09315662772524189
223,166,1.0248193367082958,0,0,0.12321553077606708,0.12321553077606708
228,166,1.4151989107433816,0,0,-0.14546414114228443,-0.14546414114228443
236,166,1.5237839873948065,0,0,0.17924762481442172,0.17924762481442172
245,166,0.4115262329176867,0,0,0.049854153568119425,0.049854153568119425
264,166,1.3436298216187845,0,0,0.1366555588661028,0.1366555588661028
266,166,1.3375885534661696,0,0,0.13218322941811256,0.13218322941811256
294,166,0.5171208736879058,0,0,0.06741142037942138,0.06741142037942138
299,166,0.6794836544719034,0,0,0.08216249244246002,0.08216249244246002
323,166,1.3181015777573861,0,0,0.10881890397591769,0.10881890397591769
342,166,0.9221704026364897,0,0,0.1077814196958671,0.1077814196958671
173,167,1.5263159023436452,0,0,0.2777700035065168,0.2777700035065168
197,167,1.2060929881473952,46,-1,-0.11961989240147264,0.8803801075985274
212,167,0.8941394512347658,0,0,-0.024622565378500272,-0.024622565378500272
222,167,1.5568230852484748,0,0,0.040542485479129975,0.040542485479129975
231,167,1.1775300598910474,0,0,0.39109605260804553,0.39109605260804553
232,167,1.2596505078811187,46,-1,-0.06856542354734885,0.9314345764526512
255,167,0.7327287491503642,46,-1,-0.051085787906252955,0.948914212093747
258,167,1.0541220124579456,46,-1,0.07191561771732768,1.0719156177173277
268,167,1.1327141015326037,46,-1,-0.10526033223763098,0.894739667762369
274,167,1.5130609661932648,0,0,0.02801776561986069,0.02801776561986069
288,167,1.5023057369627848,0,0,-0.08823429921985015,-0.08823429921985015
306,167,0.4736332692381796,0,0,-0.014227578150729614,-0.014227578150729614
327,167,1.3358279300044245,46,-1,0.13900482560064886,1.1390048256006489
340,167,0.7133927915496504,46,-1,-0.07505988222736226,0.9249401177726377
344,167,1.1669614665284933,0,0,-0.07632514199253715,-0.07632514199253715
371,167,0.8946194537808795,0,0,-0.02462256537850005,-0.02462256537850005
376,167,0.9374563819406432,0,0,0.0108423179561421,0.0108423179561421
387,167,1.5103673979596386,46,-1,-0.13760004912615875,0.8623999508738412
392,167,1.2050779005835868,46,-1,-0.10250574100207854,0.8974942589979215
397,167,0.9423948808277044,46,-1,-0.09038543753189399,0.909614562468106
206,168,1.4360903069431143,0,0,-0.16333303586090342,-0.16333303586090342
230,168,0.9471148734101643,0,0,0.0850837311912126,0.0850837311912126
269,168,0.6102181521730835,0,0,0.06446214803034805,0.06446214803034805
281,168,1.1977578330074905,0,0,-0.14593918094279312,-0.14593918094279312
283,168,0.9590887797766341,0,0,0.08508373119121265,0.08508373119121265
284,168,0.9528271765251812,0,0,0.17875866015612446,0.17875866015612446
285,168,1.285676723038087,0,0,0.2506420068390145,0.2506420068390145
315,168,1.2430836676458288,0,0,-0.1525417209554618,-0.1525417209554618
329,168,1.2925140030971356,0,0,-0.0975106787191149,-0.0975106787191149
362,168,0.8201129437133273,0,0,0.16502290165816447,0.16502290165816447
366,168,0.8529189733692751,0,0,-0.031249020334083055,-0.031249020334083055
394,168,0.9354001013777483,0,0,0.12995101776700352,0.12995101776700352
180,169,0.7874057058045645,0,0,-0.005617234604411769,-0.005617234604411769
190,169,0.711074915457112,0,0,-0.04208038429019306,-0.04208038429019306
196,169,0.4478052953823476,0,0,-0.04957720109198517,-0.04957720109198517
198,169,1.527504475393659,0,0,-0.13940743746147133,-0.13940743746147133
210,169,1.3414019348669295,0,0,-0.09794116533407514,-0.09794116533407514
213,169,1.257790879437703,0,0,-0.07164776418374462,-0.07164776418374462
217,169,0.7129908601220089,0,0,0.06104374917063193,0.06104374917063193
227,169,0.4636156355084048,0,0,-0.06265378824980351,-0.06265378824980351
231,169,1.5830925060673136,0,0,-0.2864529775372695,-0.2864529775372695
242,169,0.7773899223774025,0,0,0.0339391793241735,0.0339391793241735
259,169,0.340428892772329,0,0,-0.042615654567821876,-0.042615654567821876
261,169,1.369828665891169,0,0,0.14985054783131518,0.14985054783131518
273,169,1.0502986838132158,0,0,0.0431746115442971,0.0431746115442971
331,169,0.295512827777107,0,0,0.017078176061012473,0.017078176061012473
343,169,0.763497093864277,0,0,0.02158422796627328,0.02158422796627328
356,169,1.232560737699007,0,0,-0.13168851110336133,-0.13168851110336133
361,169,1.380525920337353,0,0,-0.12790362513445008,-0.12790362513445008
368,169,1.0781240895655178,0,0,-0.10233939547248765,-0.10233939547248765
378,169,1.1156164687905148,0,0,-0.1065304069525446,-0.1065304069525446
395,169,1.216677135810873,0,0,0.1205016299340976,0.1205016299340976
184,170,0.5934059394521465,0,0,0.01513168683007357,0.01513168683007357
191,170,1.0050878616029792,0,0,0.09535274363892773,0.09535274363892773
226,170,1.0913728832321985,0,0,0.004934062713050746,0.004934062713050746
230,170,1.4121463559169602,0,0,-0.219913973849158,-0.219913973849158
250,170,1.268128981152404,0,0,0.11989855702502239,0.11989855702502239
269,170,1.354493249490786,0,0,-0.24053555701002255,-0.24053555701002255
283,170,1.4026835645853233,0,0,-0.21991397384915795,-0.21991397384915795
284,170,1.042143311868149,0,0,-0.12623904488424614,-0.12623904488424614
285,170,0.5310230648879501,0,0,-0.054355698201356106,-0.054355698201356106
295,170,0.7753407777121393,0,0,0.10226702163649132,0.10226702163649132
300,170,1.2183753271555204,0,0,-0.02840117825208538,-0.02840117825208538
319,170,0.46104321787727676,0,0,0.07220274377704078,0.07220274377704078
352,170,1.2599663184212981,0,0,0.16166671419498235,0.16166671419498235
362,170,1.136963690236651,0,0,-0.13997480338220614,-0.13997480338220614
394,170,1.5797705820198176,0,0,-0.17504668727336709,-0.17504668727336709
244,171,1.245914648182511,0,0,0.22745620926365004,0.22745620926365004
276,171,1.2347850491166366,0,0,0.007939725164276323,0.007939725164276323
290,171,1.2240638861435709,0,0,0.22209142285292147,0.22209142285292147
292,171,0.8459797697593052,46,-1,-0.1295126616490927,0.8704873383509073
304,171,1.162652341628185,0,0,0.007939725164275824,0.007939725164275824
312,171,1.5157638264083626,0,0,0.22712636532802236,0.22712636532802236
345,171,1.411943446456376,46,-1,0.07530284700814871,1.0753028470081487
357,171,0.9793400790498605,46,-1,-0.17721378834256052,0.8227862116574395
396,171,0.2683958964159531,0,0,-0.032647463517910924,-0.032647463517910924
223,172,0.2986947374761587,0,0,0.03005890305082519,0.03005890305082519
225,172,1.2829867028107789,0,0,0.15501192709259018,0.15501192709259018
236,172,0.8503545114335154,0,0,0.08609099708917982,0.08609099708917982
245,172,0.43807571519312827,0,0,-0.04330247415712246,-0.04330247415712246
250,172,1.3704214643919987,0,0,-0.021142558653838295,-0.021142558653838295
264,172,0.5965032197694304,0,0,0.04349893114086091,0.04349893114086091
266,172,0.7786160626991827,0,0,0.03902660169287067,0.03902660169287067
294,172,0.3681049544883712,0,0,-0.025745207345820503,-0.025745207345820503
299,172,0.19576684885022186,0,0,-0.01099413528278187,-0.01099413528278187
323,172,0.7088079301727024,0,0,0.015662276250675802,0.015662276250675802
325,172,1.409437027749211,0,0,0.19032151831095864,0.19032151831095864
342,172,0.15747062812569704,0,0,0.014624791970625217,0.014624791970625217
183,173,1.4078223848888611,0,0,0.3125534587188825,0.3125534587188825
190,173,1.586247138303795,0,0,0.35769864234860516,0.35769864234860516
212,173,1.3224349875116692,0,0,-0.3023925688850171,-0.3023925688850171
213,173,1.3668338596351117,0,0,0.3281312624550536,0.3281312624550536
222,173,1.2475247713879165,0,0,-0.23722751802738684,-0.23722751802738684
274,173,1.3110648026705018,0,0,-0.24975223788665613,-0.24975223788665613
280,173,0.703593757176219,0,0,0.09361875394118374,0.09361875394118374
306,173,1.404527713194946,0,0,-0.29199758165724643,-0.29199758165724643
308,173,1.5924791879285993,0,0,-0.21672050864177783,-0.21672050864177783
356,173,1.5033937704151183,0,0,0.2680905155354369,0.2680905155354369
361,173,0.9999271775233953,0,0,0.2718754015043481,0.2718754015043481
371,173,1.4179687612998715,0,0,-0.30239256888501687,-0.30239256888501687
376,173,1.1348741344929736,0,0,-0.2669276855503747,-0.2669276855503747
382,173,1.589318592958065,0,0,0.25887144907348286,0.25887144907348286
398,173,0.9608766979106106,0,0,0.2005673657370604,0.2005673657370604
175,174,1.5450634544510378,1,1,0.030290800073640822,-0.9697091999263592
195,174,0.726252685833793,0,0,-0.06548686855765659,-0.06548686855765659
204,174,0.2494724388071024,0,0,0.012373371808017675,0.012373371808017675
214,174,1.0824084765459774,0,0,-0.10126484175563391,-0.10126484175563391
220,174,1.5452295391091901,1,1,0.16386515468161122,-0.8361348453183888
221,174,1.0697901825056577,0,0,-0.03906602460916342,-0.03906602460916342
241,174,1.5791697915899987,0,0,0.005503413306963023,0.005503413306963023
253,174,0.2267715897802774,0,0,-0.006729313060828357,-0.006729313060828357
254,174,0.2887258616911556,0,0,0.003817131933098683,0.003817131933098683
262,174,0.9488099490745645,0,0,0.07380940541257824,0.07380940541257824
272,174,0.5079481604126389,0,0,-0.027064817704691935,-0.027064817704691935
278,174,0.8392472980102991,0,0,-0.08332426698342563,-0.08332426698342563
279,174,1.535781393143915,0,0,-0.02187039233733179,-0.02187039233733179
317,174,0.945146128899203,0,0,0.024845388811105484,0.024845388811105484
324,174,1.3293645470111295,0,0,-0.18127559260797066,-0.18127559260797066
325,174,1.5515142097935934,0,0,-0.21840641596137897,-0.21840641596137897
338,174,0.22931334597589667,0,0,0.016582146538428877,0.016582146538428877
363,174,0.9077662035492953,1,1,0.03935530403644716,-0.9606446959635528
369,174,0.33929578105135266,0,0,-0.02153960559073964,-0.02153960559073964
372,174,1.3091460588824522,0,0,-0.04435079696819416,-0.04435079696819416
383,174,1.4801630058081492,0,0,0.10121575094782609,0.10121575094782609
389,174,1.1241869954005874,0,0,-0.00373816979255015,-0.00373816979255015
393,174,0.6451868824674597,0,0,0.033849506845485045,0.033849506845485045
187,175,1.279522086316033,46,-1,-0.1984777329503402,0.8015222670496598
195,175,1.095024213170405,46,-1,-0.09577766863129733,0.9042223313687027
204,175,1.367189170022766,46,-1,-0.017917428265623148,0.9820825717343769
206,175,1.2908736688126627,0,0,-0.048390590926113086,-0.048390590926113086
225,175,1.5791229298411675,46,-1,-0.2840068072533882,0.7159931927466118
253,175,1.4444794244747297,46,-1,-0.03702011313446918,0.9629798868655308
254,175,1.278320762733079,46,-1,-0.026473668140542084,0.9735263318594579
272,175,1.1561752380654724,46,-1,-0.05735561777833276,0.9426443822216672
315,175,1.513793205617541,0,0,-0.03759927602067148,-0.03759927602067148
336,175,0.8825362218740918,0,0,0.017493764688738422,0.017493764688738422
338,175,1.5514853071392922,46,-1,-0.01370865353521189,0.9862913464647881
363,175,0.7896319475196127,0,0,0.009064503962806447,0.009064503962806447
369,175,1.4135837761988765,46,-1,-0.05183040566438035,0.9481695943356196
381,175,0.6348298516529086,0,0,-0.030928402185937287,-0.030928402185937287
179,176,1.088302895699953,0,0,0.07309867924792791,0.07309867924792791
185,176,1.5893994914391045,46,-1,-0.24701589989436545,0.7529841001056345
192,176,0.4621830360325136,0,0,0.017505014805121427,0.017505014805121427
202,176,0.450169924857314,0,0,0.01563004196923238,0.01563004196923238
211,176,1.052408500651937,0,0,0.0752169796742652,0.0752169796742652
215,176,0.6730362894321967,0,0,0.011342337676581243,0.011342337676581243
243,176,0.5025937852241219,0,0,-0.004743920701211282,-0.004743920701211282
252,176,0.7989270439541821,0,0,0.053779067718069104,0.053779067718069104
270,176,0.41033488972260473,0,0,-0.019115652663199836,-0.019115652663199836
289,176,1.0376422469211402,0,0,-0.14316097137220027,-0.14316097137220027
297,176,0.41486046914821384,0,0,-0.029025029080532627,-0.029025029080532627
302,176,1.5335887006575295,0,0,0.12860926176499982,0.12860926176499982
303,176,0.8522253840600512,0,0,-0.010211994561062879,-0.010211994561062879
320,176,1.4241923175946214,46,-1,-0.16772804766488814,0.8322719523351119
322,176,0.7190623080050637,0,0,0.052116474312238315,0.052116474312238315
333,176,0.8750013917403971,0,0,-0.11173985395408129,-0.11173985395408129
334,176,1.338158476668169,0,0,0.08541340884520675,0.08541340884520675
335,176,1.48681482332995,0,0,0.12630238548329914,0.12630238548329914
350,176,1.0609226468857247,0,0,-0.0870393299374183,-0.0870393299374183
364,176,1.0048857347814262,0,0,-0.005442105400865895,-0.005442105400865895
370,176,1.051537462989426,0,0,0.03849627430652301,0.03849627430652301
375,176,0.4583795564678926,0,0,-0.048720020632668545,-0.048720020632668545
377,176,1.5278247089189028,46,-1,-0.2864442374616214,0.7135557625383786
384,176,1.3549726924959686,0,0,0.09191081731272299,0.09191081731272299
385,176,1.2923659927402105,0,0,0.0830123127028587,0.0830123127028587
390,176,0.9045783311163559,0,0,0.05670355160238631,0.05670355160238631
399,176,0.4658005647722061,0,0,0.003654574623892879,0.003654574623892879
179,177,1.4227209674274528,0,0,-0.29902640844730244,-0.29902640844730244
185,177,1.5425920868470089,0,0,0.38085901241040426,0.38085901241040426
201,177,0.9184626353308074,0,0,0.13629470145411654,0.13629470145411654
211,177,1.4676270694519769,0,0,-0.2969081080209651,-0.2969081080209651
256,177,0.9609407065729239,0,0,-0.18668364522255,-0.18668364522255
275,177,1.1810198920573498,0,0,-0.2592418058537861,-0.2592418058537861
286,177,1.027142286188401,0,0,-0.2501983734061525,-0.2501983734061525
301,177,0.9195064648433834,0,0,0.21403549435480546,0.21403549435480546
302,177,1.0291900848409261,0,0,-0.24351582593023052,-0.24351582593023052
310,177,1.2393551496327968,0,0,0.2697105264230189,0.2697105264230189
314,177,0.8211308504289415,0,0,-0.047318195058547174,-0.047318195058547174
334,177,1.4288567776582046,0,0,-0.2867116788500236,-0.2867116788500236
335,177,1.121574583278777,0,0,-0.2458227022119312,-0.2458227022119312
337,177,1.155925480370428,0,0,0.15145620502624352,0.15145620502624352
349,177,1.244344956142254,0,0,0.3025012135636361,0.3025012135636361
365,177,1.369819425031842,0,0,0.16182264463758816,0.16182264463758816
377,177,1.5427392650838687,0,0,0.3414306748431483,0.3414306748431483
384,177,1.380088859916471,0,0,-0.28021427038250735,-0.28021427038250735
400,177,1.340714405267686,0,0,0.26606582088724934,0.26606582088724934
186,178,0.42762405035796947,0,0,-0.03021223871149155,-0.03021223871149155
189,178,1.285263597455342,0,0,-0.07500010960034181,-0.07500010960034181
200,178,1.1055712546036516,0,0,0.09578639155242376,0.09578639155242376
215,178,1.5567034199596308,0,0,0.030681039865144737,0.030681039865144737
224,178,0.945806571295527,0,0,0.11452239109887419,0.11452239109887419
237,178,1.5626289897896748,0,0,-0.22530554393625296,-0.22530554393625296
257,178,0.6837174599812574,0,0,0.07992198107200099,0.07992198107200099
305,178,1.3025740508881638,0,0,0.1538124248089343,0.1538124248089343
321,178,0.6444339377782089,0,0,0.07354370010473207,0.07354370010473207
328,178,0.34191802417842815,0,0,-0.0014554468082071254,-0.0014554468082071254
334,178,1.4636706558698258,0,0,0.10475211103377025,0.10475211103377025
339,178,0.9758912471820435,0,0,-0.09822795106241786,-0.09822795106241786
346,178,1.1106981849592017,0,0,-0.07387076063068287,-0.07387076063068287
354,178,0.9790710182295458,0,0,0.1111714163654839,0.1111714163654839
359,178,1.172908647873842,0,0,0.1527893466396152,0.1527893466396152
364,178,1.3889050386352175,0,0,0.013896596787697599,0.013896596787697599
367,178,1.5009243401536647,0,0,-0.2499819418438582,-0.2499819418438582
373,178,0.7836916372192021,0,0,0.08302963932758062,0.08302963932758062
192,179,0.9032621157934204,0,0,-0.05559366444280649,-0.05559366444280649
200,179,0.9732972449583435,0,0,0.0033490101159323535,0.0033490101159323535
202,179,1.1255231221042024,0,0,-0.057468637278695535,-0.057468637278695535
211,179,0.2237395867671135,0,0,0.0021183004263372954,0.0021183004263372954
215,179,0.9352229293518523,0,0,-0.06175634157134667,-0.06175634157134667
238,179,1.114531538426742,0,0,0.031740201964947305,0.031740201964947305
243,179,1.3193973224486735,0,0,-0.0778425999491392,-0.0778425999491392
252,179,0.4123679521442425,0,0,-0.019319611529858803,-0.019319611529858803
256,179,1.1179336105291158,0,0,0.11234276322475242,0.11234276322475242
270,179,1.3865339745354397,0,0,-0.09221433191112774,-0.09221433191112774
275,179,0.7096652480820991,0,0,0.039784602593516356,0.039784602593516356
286,179,0.7829263405225896,0,0,0.048828035041149916,0.048828035041149916
297,179,1.3328417721537238,0,0,-0.10212370832846054,-0.10212370832846054
302,179,0.670707814653248,0,0,0.055510582517071895,0.055510582517071895
303,179,1.404722542374593,0,0,-0.08331067380899079,-0.08331067380899079
305,179,1.4704335362746366,0,0,0.06137504337244292,0.06137504337244292
322,179,0.7515813302315323,0,0,-0.020982204935689593,-0.020982204935689593
334,179,0.49152339832537095,0,0,0.012314729597278841,0.012314729597278841
335,179,0.5409428687321735,0,0,0.05320370623537122,0.05320370623537122
350,179,1.484614803347504,0,0,-0.1601380091853462,-0.1601380091853462
354,179,1.5414675272145526,0,0,0.018734034928992498,0.018734034928992498
364,179,1.3456661467542455,0,0,-0.0785407846487938,-0.0785407846487938
370,179,1.055122875180975,0,0,-0.0346024049414049,-0.0346024049414049
375,179,1.4237586833082798,0,0,-0.12181869988059646,-0.12181869988059646
384,179,0.35059564950384287,0,0,0.018812138064795085,0.018812138064795085
385,179,0.5929955680225916,0,0,0.0099136334549308,0.0099136334549308
390,179,0.3315713818326941,0,0,-0.016395127645541595,-0.016395127645541595
399,179,1.0403182310644432,0,0,-0.06944410462403502,-0.06944410462403502
183,180,0.9672460314498859,0,0,-0.08160833331550389,-0.08160833331550389
190,180,0.4030183568985624,0,0,-0.03646314968578129,-0.03646314968578129
196,180,1.1288596644253073,0,0,-0.0439599664875734,-0.0439599664875734
213,180,0.5705845547872035,0,0,-0.06603052957933285,-0.06603052957933285
217,180,0.6632656940972023,0,0,0.0666609837750437,0.0666609837750437
227,180,1.1471140894143863,0,0,-0.057036553645391744,-0.057036553645391744
242,180,1.4421337806925727,0,0,0.03955641392858527,0.03955641392858527
259,180,0.953169796671729,0,0,-0.036998419963410106,-0.036998419963410106
261,180,1.175843666803149,0,0,0.15546778243572695,0.15546778243572695
331,180,0.503953444981305,0,0,0.022695410665424243,0.022695410665424243
341,180,1.5594544450232193,0,0,-0.09818364226576955,-0.09818364226576955
343,180,1.4556706953886043,0,0,0.02720146257068505,0.02720146257068505
351,180,1.2893820179359559,0,0,-0.09349917035496931,-0.09349917035496931
356,180,1.4639869367436806,0,0,-0.12607127649894956,-0.12607127649894956
361,180,1.1765691088916808,0,0,-0.12228639053003833,-0.12228639053003833
368,180,1.4794162927648282,0,0,-0.09672216086807588,-0.09672216086807588
387,180,1.512431170553502,0,0,0.19046815533293798,0.19046815533293798
395,180,1.3949197911056126,0,0,0.12611886453850937,0.12611886453850937
244,181,1.439935708783409,0,0,0.11650020765746891,0.11650020765746891
248,181,1.3758181076650058,46,-1,-0.358519392329562,0.641480607670438
267,181,1.5498755671535203,0,0,0.088257249694212,0.088257249694212
276,181,0.6704890933867749,0,0,-0.10301627644190481,-0.10301627644190481
290,181,1.3651189335509297,0,0,0.11113542124674033,0.11113542124674033
304,181,0.6891771899936928,0,0,-0.10301627644190531,-0.10301627644190531
312,181,1.2850863228071152,0,0,0.11617036372184122,0.11617036372184122
326,181,1.2939297547256077,0,0,0.1943109993630554,0.1943109993630554
355,181,1.2528530425184627,46,-1,-0.20689902466215115,0.7931009753378488
218,182,0.8508367320061638,0,0,0.02143035852574443,0.02143035852574443
220,182,1.0618161270424704,0,0,-0.14944947034597827,-0.14944947034597827
228,182,1.4006820737983596,0,0,0.03933667183254663,0.03933667183254663
234,182,0.6908930342259584,0,0,-0.022185830608973278,-0.022185830608973278
260,182,0.41749185934804517,0,0,-0.03663363646283457,-0.03663363646283457
262,182,1.3613761257893493,46,-1,-0.23950521961501114,0.7604947803849889
263,182,0.3138224074033894,0,0,0.07004453066147526,0.07004453066147526
293,182,1.3959490201665306,0,0,0.2512369646032877,0.2512369646032877
311,182,0.9047154962113949,0,0,0.05362962281375844,0.05362962281375844
330,182,0.7166070499241358,0,0,-0.04663496621097907,-0.04663496621097907
347,182,1.1791056470443597,0,0,0.14118053664929583,0.14118053664929583
383,182,1.5411775745850553,46,-1,-0.21209887407976336,0.7879011259202366
190,183,1.090389325661942,0,0,0.0451451836297226,0.0451451836297226
191,183,1.3837308461356337,0,0,0.011475711693036461,0.011475711693036461
213,183,0.5105621780118128,0,0,0.015577803736171042,0.015577803736171042
217,183,1.4366017511179192,0,0,0.14826931709054758,0.14826931709054758
261,183,1.4566003289035194,0,0,0.23707611575123083,0.23707611575123083
280,183,1.1812884312855523,0,0,-0.2189347047776988,-0.2189347047776988
300,183,1.3073556542329108,0,0,-0.11227821019797665,-0.11227821019797665
331,183,1.4533744103461426,0,0,0.10430374398092813,0.10430374398092813
341,183,0.6641994512393925,0,0,-0.016575308950265655,-0.016575308950265655
351,183,0.4006725697322307,0,0,-0.011890837039465418,-0.011890837039465418
361,183,1.2864237830650127,0,0,-0.040678057214534435,-0.040678057214534435
382,183,0.7221900593487965,0,0,-0.05368200964539968,-0.05368200964539968
398,183,0.8288506547325815,0,0,-0.11198609298182213,-0.11198609298182213
191,184,0.4380043452965841,0,0,0.08022105680885416,0.08022105680885416
230,184,1.52213952347944,0,0,-0.23504566067923158,-0.23504566067923158
250,184,1.5373257781662049,0,0,0.10476687019494882,0.10476687019494882
269,184,1.585976394511846,0,0,-0.2556672438400961,-0.2556672438400961
283,184,1.516564826578447,0,0,-0.23504566067923152,-0.23504566067923152
284,184,1.523297698972319,0,0,-0.14137073171431971,-0.14137073171431971
285,184,0.9525817429879436,0,0,-0.06948738503142968,-0.06948738503142968
295,184,1.0029954592797503,0,0,0.08713533480641775,0.08713533480641775
300,184,0.7963043336046982,0,0,-0.04353286508215895,-0.04353286508215895
319,184,0.49578127958510515,0,0,0.05707105694696721,0.05707105694696721
341,184,1.0550272214737841,0,0,0.05217003616555205,0.05217003616555205
351,184,1.333082944608384,0,0,0.056854508076352284,0.056854508076352284
352,184,1.3593842302122252,0,0,0.14653502736490875,0.14653502736490875
362,184,1.5619300727202416,0,0,-0.1551064902122797,-0.1551064902122797
382,184,1.1351565919372688,0,0,0.015063335470418021,0.015063335470418021
201,185,1.3068924520643195,0,0,-0.24456431095628772,-0.24456431095628772
289,185,1.0138500995271809,1,1,0.10385492852216516,-0.8961450714778348
291,185,1.003969411532544,0,0,0.024044160908865297,0.024044160908865297
297,185,1.3434532804384374,1,1,0.21799087081383273,-0.7820091291861673
301,185,1.0762516110850406,0,0,-0.1668235180555988,-0.1668235180555988
310,185,0.4804276053824768,0,0,-0.11114848598738536,-0.11114848598738536
320,185,0.8037492151668649,0,0,0.07928785222947732,0.07928785222947732
333,185,1.067865610242322,1,1,0.13527604594028408,-0.8647239540597159
345,185,1.19906121013254,0,0,-0.04400104333055899,-0.04400104333055899
349,185,0.4868323157686816,0,0,-0.07835779884676819,-0.07835779884676819
350,185,1.280564254055283,1,1,0.1599765699569471,-0.8400234300430529
375,185,1.2429651071010561,1,1,0.1982958792616969,-0.8017041207383031
377,185,0.3902721205647018,0,0,-0.039428337567255944,-0.039428337567255944
399,185,1.5708572518872648,1,1,0.2506704745182583,-0.7493295254817417
400,185,0.8116403939484952,0,0,-0.11479319152315492,-0.11479319152315492
188,186,1.3849085294881531,0,0,-0.19302352230888414,-0.19302352230888414
189,186,1.134969691882158,0,0,-0.044787870888850265,-0.044787870888850265
200,186,1.4886446925204493,0,0,0.1259986302639153,0.1259986302639153
224,186,1.1018244750487682,0,0,0.14473462981036572,0.14473462981036572
237,186,1.1876435692790084,0,0,-0.19509330522476143,-0.19509330522476143
251,186,1.3785781180960572,0,0,-0.2909065557755568,-0.2909065557755568
257,186,0.8861460987581209,0,0,0.11013421978349254,0.11013421978349254
305,186,1.5839927731892294,0,0,0.18402466352042587,0.18402466352042587
321,186,0.8995332220714775,0,0,0.10375593881622364,0.10375593881622364
328,186,0.5154054875455798,0,0,0.028756791903284423,0.028756791903284423
339,186,0.5775729854154876,0,0,-0.06801571235092631,-0.06801571235092631
346,186,1.2514698786049798,0,0,-0.043658521919191326,-0.043658521919191326
354,186,1.2846734875316086,0,0,0.14138365507697545,0.14138365507697545
359,186,1.3485367299811672,0,0,0.18300158535110672,0.18300158535110672
367,186,1.1532994714302787,0,0,-0.21976970313236666,-0.21976970313236666
373,186,1.0431132180457894,0,0,0.11324187803907215,0.11324187803907215
195,187,1.2047755915056884,0,0,0.10270006431904291,0.10270006431904291
206,187,0.9274072005748544,1,1,0.15008714202422713,-0.8499128579757729
223,187,1.5624411439620545,0,0,-0.2104820983448129,-0.2104820983448129
225,187,0.4884923562191813,0,0,-0.08552907430304793,-0.08552907430304793
233,187,1.3325788728484387,1,1,-0.06450527919544013,-1.0645052791954401
236,187,1.2291234864942644,0,0,-0.15445000430645828,-0.15445000430645828
264,187,1.2778450393168252,0,0,-0.1970420702547772,-0.1970420702547772
266,187,1.5789082936075958,0,0,-0.20151439970276744,-0.20151439970276744
272,187,1.4391410213535842,0,0,0.14112211517200757,0.14112211517200757
315,187,1.0010132090509472,1,1,0.16087845692966884,-0.8391215430703312
323,187,1.4388993281957079,0,0,-0.22487872514496232,-0.22487872514496232
324,187,1.234862052061175,0,0,-0.013088659731271143,-0.013088659731271143
325,187,1.114386723860007,0,0,-0.05021948308467947,-0.05021948308467947
336,187,1.0501561468479552,1,1,0.21597149763907875,-0.7840285023609213
342,187,1.5758149534665407,0,0,-0.2259162094250129,-0.2259162094250129
381,187,0.9354421162668787,1,1,0.16754933076440293,-0.8324506692355971
189,188,1.1365451647292901,0,0,0.14823565142003386,0.14823565142003386
218,188,1.02359377552101,0,0,-0.11102627695214057,-0.11102627695214057
237,188,0.37583472877576296,0,0,-0.002069782915877283,-0.002069782915877283
251,188,0.5754455644212905,0,0,-0.09788303346667265,-0.09788303346667265
260,188,1.504192214663055,0,0,-0.16909027194071957,-0.16909027194071957
263,188,1.51880763011955,0,0,-0.06241210481640974,-0.06241210481640974
307,188,1.4761030272420523,46,-1,-0.3273222844245973,0.6726777155754027
328,188,1.5896943692865508,0,0,0.22178031421216854,0.22178031421216854
330,188,1.302696352339961,0,0,-0.17909160168886407,-0.17909160168886407
339,188,0.9029467972619974,0,0,0.12500780995795782,0.12500780995795782
347,188,0.6386255712611484,0,0,0.008723901171410836,0.008723901171410836
367,188,1.0076284734166085,0,0,-0.026746180823482513,-0.026746180823482513
218,189,1.5666470096860061,0,0,-0.25926192837217443,-0.25926192837217443
224,189,1.0310008280566092,0,0,0.189522500699216,0.189522500699216
237,189,1.2693413467669528,0,0,-0.15030543433591115,-0.15030543433591115
251,189,1.5100632439515684,0,0,-0.24611868488670652,-0.24611868488670652
257,189,1.025772885191556,0,0,0.1549220906723428,0.1549220906723428
263,189,1.5517412257305019,0,0,-0.2106477562364436,-0.2106477562364436
293,189,1.236131191617594,0,0,-0.029455322294631187,-0.029455322294631187
321,189,1.145485255476213,0,0,0.1485438097050739,0.1485438097050739
328,189,0.9968466581529385,0,0,0.07354466279213469,0.07354466279213469
339,189,1.1672792324817682,0,0,-0.023227841462076043,-0.023227841462076043
347,189,0.9968105278712627,0,0,-0.13951175024862303,-0.13951175024862303
354,189,1.571673619685726,0,0,0.1861715259658257,0.1861715259658257
359,189,1.3033811201075138,0,0,0.227789456239957,0.227789456239957
373,189,1.1408457789832647,0,0,0.15802974892792243,0.15802974892792243
196,190,0.9076873634270227,0,0,-0.007496816801792108,-0.007496816801792108
213,190,0.5903989297678692,0,0,-0.029567379893551557,-0.029567379893551557
217,190,0.8969696195249138,0,0,0.103124133460825,0.103124133460825
227,190,0.9183859375679746,0,0,-0.02057340395961045,-0.02057340395961045
242,190,1.471586672611616,0,0,0.07601956361436657,0.07601956361436657
259,190,0.7339497896435435,0,0,-0.0005352702776288132,-0.0005352702776288132
261,190,1.360094888472529,0,0,0.19193093212150825,0.19193093212150825
331,190,0.5362051822010878,0,0,0.059158560351205536,0.059158560351205536
343,190,1.4671966846189468,0,0,0.06366461225646634,0.06366461225646634
351,190,1.470465553736915,0,0,-0.05703602066918802,-0.05703602066918802
356,190,1.0674107374341117,0,0,-0.08960812681316825,-0.08960812681316825
361,190,0.8235809441163661,0,0,-0.08582324084425703,-0.08582324084425703
368,190,1.1125823422674808,0,0,-0.06025901118229458,-0.06025901118229458
395,190,1.5261626398599917,0,0,0.16258201422429067,0.16258201422429067
398,190,1.5773561074845555,0,0,-0.15713127661154475,-0.15713127661154475
247,191,1.4525399705800197,1,1,0.27022603924717004,-0.72977396075283
285,191,1.3751961210197035,0,0,-0.14970844184028384,-0.14970844184028384
295,191,1.1841915748851468,0,0,0.006914277997563584,0.006914277997563584
300,191,0.8641969140817382,0,0,-0.12375392189101311,-0.12375392189101311
313,191,1.5437416793376229,1,1,0.3224576627096343,-0.6775423372903657
319,191,0.7419051423197708,0,0,-0.023149999861886955,-0.023149999861886955
341,191,0.767904134248239,0,0,-0.028051020643302116,-0.028051020643302116
351,191,1.0101443680777378,0,0,-0.02336654873250188,-0.02336654873250188
352,191,1.4172593087563559,0,0,0.0663139705560546,0.0663139705560546
382,191,0.9469731972406199,0,0,-0.06515772133843614,-0.06515772133843614
200,192,1.3421193371322724,0,0,0.05894267455873884,0.05894267455873884
202,192,0.7908046701816395,0,0,-0.0018749728358890484,-0.0018749728358890484
211,192,0.9628592019793824,0,0,0.05771196486914378,0.05771196486914378
215,192,0.22875510005833496,0,0,-0.006162677128540184,-0.006162677128540184
243,192,0.9078088030075832,0,0,-0.02224893550633271,-0.02224893550633271
252,192,0.6385098939512669,0,0,0.036274052912947684,0.036274052912947684
270,192,0.8648317817618484,0,0,-0.03662066746832126,-0.03662066746832126
275,192,1.4212293510157976,0,0,0.09537826703632284,0.09537826703632284
286,192,1.5442922598023126,0,0,0.1044216994839564,0.1044216994839564
289,192,1.3881952486197648,0,0,-0.1606659861773217,-0.1606659861773217
297,192,0.5529927899394474,0,0,-0.04653004388565405,-0.04653004388565405
302,192,1.4689427265052601,0,0,0.11110424695987837,0.11110424695987837
303,192,1.2210774609875095,0,0,-0.027717009366184306,-0.027717009366184306
320,192,1.3699060410318622,46,-1,-0.18523306247000948,0.8147669375299905
322,192,0.8412623000817102,0,0,0.034611459507116894,0.034611459507116894
333,192,1.239165662352011,0,0,-0.1292448687592027,-0.1292448687592027
334,192,0.999531203521015,0,0,0.06790839404008532,0.06790839404008532
335,192,1.386324121027721,0,0,0.1087973706781777,0.1087973706781777
346,192,1.3052313911674298,0,0,-0.1107144776243678,-0.1107144776243678
350,192,0.8320168376004792,0,0,-0.10454434474253972,-0.10454434474253972
364,192,0.6433484819644628,0,0,-0.022947120205987322,-0.022947120205987322
370,192,1.2397829304752475,0,0,0.02099125950140158,0.02099125950140158
375,192,0.7539312221214409,0,0,-0.06622503543778997,-0.06622503543778997
384,192,1.0758653296085143,0,0,0.07440580250760156,0.07440580250760156
385,192,1.2903311709503458,0,0,0.06550729789773728,0.06550729789773728
390,192,0.6230189507577338,0,0,0.03919853679726489,0.03919853679726489
399,192,0.17290682864730023,0,0,-0.013850440181228548,-0.013850440181228548
194,193,0.6210758681529631,0,0,-0.00017672688263362102,-0.00017672688263362102
197,193,1.2735884074672996,0,0,0.019191955603196337,0.019191955603196337
205,193,0.8140056534147201,0,0,-0.019525032837839462,-0.019525032837839462
219,193,0.4776206025701434,0,0,-0.020178203151555718,-0.020178203151555718
229,193,0.984051612956617,0,0,-0.06873487278262864,-0.06873487278262864
232,193,1.3001705943654516,0,0,0.07024642445732004,0.07024642445732004
238,193,1.2603190475392003,0,0,-0.011788066837335867,-0.011788066837335867
240,193,1.4180491265818218,0,0,-0.11653216606342173,-0.11653216606342173
246,193,1.1604486436852912,0,0,-0.07801564055261456,-0.07801564055261456
268,193,1.3339871743099363,0,0,0.033551515767037965,0.033551515767037965
277,193,0.9026171116887847,0,0,0.1063401330066259,0.1063401330066259
282,193,0.44004114299888963,0,0,0.011558640293612726,0.011558640293612726
287,193,1.2752128105493505,0,0,0.12579548206033303,0.12579548206033303
298,193,0.22717493458367488,0,0,-0.013714950938381792,-0.013714950938381792
309,193,1.5324751816630227,0,0,-0.11898240592546673,-0.11898240592546673
332,193,1.3624612163600536,0,0,0.15722175896723542,0.15722175896723542
353,193,0.5490749306038183,0,0,-0.025381513860473118,-0.025381513860473118
358,193,0.5952846432848822,0,0,0.016846519203203847,0.016846519203203847
374,193,1.411463657011586,0,0,-0.09401559858577156,-0.09401559858577156
388,193,0.2726046105296318,0,0,-0.003729302859097422,-0.003729302859097422
392,193,1.2453557128260437,0,0,0.036306107002590404,0.036306107002590404
397,193,1.5917075187340526,0,0,0.04842641047277496,0.04842641047277496
197,194,0.7490753618501955,0,0,0.019368682485829958,0.019368682485829958
205,194,0.21767246167485924,0,0,-0.01934830595520584,-0.01934830595520584
219,194,0.6161218339814097,0,0,-0.020001476268922097,-0.020001476268922097
229,194,0.891236749605603,0,0,-0.06855814589999502,-0.06855814589999502
232,194,1.027072236829228,0,0,0.07042315133995367,0.07042315133995367
242,194,1.561048786465401,0,0,-0.14952321564320895,-0.14952321564320895
246,194,0.9815239968619305,0,0,-0.07783891366998094,-0.07783891366998094
255,194,1.2880001449758884,0,0,0.08790278698104964,0.08790278698104964
258,194,1.5139295132078856,0,0,0.21090419260463017,0.21090419260463017
261,194,1.539959230226567,0,0,-0.03361184713606727,-0.03361184713606727
268,194,0.8381987993104923,0,0,0.033728242649671586,0.033728242649671586
273,194,1.4366326522525152,0,0,-0.14028778342308534,-0.14028778342308534
277,194,1.183836314648695,0,0,0.10651685988925952,0.10651685988925952
282,194,0.2318449256393487,0,0,0.011735367176246347,0.011735367176246347
287,194,1.5944782137384046,0,0,0.12597220894296665,0.12597220894296665
298,194,0.741251648306633,0,0,-0.013538224055748171,-0.013538224055748171
309,194,1.283189372357102,0,0,-0.11880567904283311,-0.11880567904283311
340,194,1.3968685235311296,0,0,0.06392869265994028,0.06392869265994028
353,194,1.045653489273934,0,0,-0.025204786977839497,-0.025204786977839497
358,194,1.2095513714694803,0,0,0.017023246085837468,0.017023246085837468
387,194,1.3414248356603764,0,0,0.0013885257611437607,0.0013885257611437607
388,194,0.4506671644104296,0,0,-0.003552575976463801,-0.003552575976463801
392,194,0.7902330270546379,0,0,0.036482833885224025,0.036482833885224025
395,194,1.0086320120743908,0,0,-0.06296076503328482,-0.06296076503328482
397,194,1.127237938520952,0,0,0.04860313735540858,0.04860313735540858
204,195,0.6474506018940972,0,0,0.07786024036567427,0.07786024036567427
214,195,1.064934186016631,0,0,-0.03577797319797732,-0.03577797319797732
221,195,1.4328927738599984,0,0,0.026420843948493172,0.026420843948493172
225,195,1.4071157395505896,0,0,-0.18822913862209084,-0.18822913862209084
236,195,1.5769588044623513,0,0,-0.2571500686255012,-0.2571500686255012
253,195,0.5576976475397398,0,0,0.058757555496828234,0.058757555496828234
254,195,0.4652182827264816,0,0,0.06930400049075527,0.06930400049075527
272,195,0.24631765665929575,0,0,0.038422050852964656,0.038422050852964656
278,195,0.8227945002074339,0,0,-0.017837398425769035,-0.017837398425769035
324,195,0.9181315794432745,0,0,-0.11578872405031405,-0.11578872405031405
325,195,1.0667716409473764,0,0,-0.15291954740372238,-0.15291954740372238
338,195,0.8488666820457876,0,0,0.08206901509608547,0.08206901509608547
363,195,0.8554435322381619,1,1,0.10484217259410378,-0.8951578274058962
369,195,0.4275946666266567,0,0,0.04394726296691695,0.04394726296691695
381,195,1.3527602742289744,1,1,0.06484926644536004,-0.93515073355464
393,195,1.3484673269377117,0,0,0.09933637540314164,0.09933637540314164
198,196,1.2195799833320489,0,0,-0.08983023636948614,-0.08983023636948614
210,196,1.0514424136189817,0,0,-0.04836396424208997,-0.04836396424208997
213,196,1.4974670654746312,0,0,-0.02207056309175945,-0.02207056309175945
217,196,1.152430444282178,0,0,0.11062095026261709,0.11062095026261709
227,196,0.07154289030683138,0,0,-0.013076587157818342,-0.013076587157818342
231,196,1.3410760023664097,0,0,-0.23687577644528432,-0.23687577644528432
242,196,0.9335905738363555,0,0,0.08351638041615866,0.08351638041615866
259,196,0.18035654005025828,0,0,0.006961546524163295,0.006961546524163295
265,196,1.4581886123206946,0,0,-0.1651013111125987,-0.1651013111125987
273,196,1.1444359039640042,0,0,0.09275181263628227,0.09275181263628227
316,196,1.410945154932782,0,0,-0.21720755963104957,-0.21720755963104957
331,196,0.7011084046089023,0,0,0.06665537715299764,0.06665537715299764
343,196,0.8851277473699101,0,0,0.07116142905825845,0.07116142905825845
356,196,0.97767748291897,0,0,-0.08211131001137614,-0.08211131001137614
360,196,1.345559222107698,0,0,-0.12221813900204645,-0.12221813900204645
361,196,1.3414451799847795,0,0,-0.07832642404246493,-0.07832642404246493
368,196,0.7701410732378204,0,0,-0.052762194380502475,-0.052762194380502475
378,196,0.7793763894964704,0,0,-0.056953205860559436,-0.056953205860559436
395,196,1.5438981432205838,0,0,0.1700788310260828,0.1700788310260828
205,197,0.7157043117053798,0,0,-0.0387169884410358,-0.0387169884410358
212,197,1.579178904009189,1,1,0.09499732702297226,-0.9050026729770277
217,197,1.5378506015397497,0,0,-0.14178732828258048,-0.14178732828258048
219,197,1.3534888369858624,0,0,-0.039370158754752055,-0.039370158754752055
229,197,1.5436006346097362,0,0,-0.08792682838582498,-0.08792682838582498
232,197,0.7046594399487157,0,0,0.05105446885412371,0.05105446885412371
235,197,1.5627673383573089,1,1,0.03318286910987234,-0.9668171308901277
246,197,1.5687018223926283,0,0,-0.0972075961558109,-0.0972075961558109
255,197,0.6285400372864682,0,0,0.06853410449521968,0.06853410449521968
258,197,1.0695784581921939,0,0,0.1915355101188002,0.1915355101188002
261,197,1.1630136717810626,0,0,-0.05298052962189723,-0.05298052962189723
268,197,0.12007688593745433,0,0,0.014359560163841628,0.014359560163841628
273,197,1.5964711718216815,0,0,-0.1596564659089153,-0.1596564659089153
277,197,1.4604100869336314,0,0,0.08714817740342956,0.08714817740342956
282,197,0.8465174900027062,0,0,-0.00763331530958361,-0.00763331530958361
288,197,1.4909594700024198,1,1,0.031385593181622484,-0.9686144068183775
298,197,1.446408957238355,0,0,-0.03290690654157813,-0.03290690654157813
306,197,1.2498051645859332,1,1,0.10539231425074291,-0.8946076857492571
327,197,1.3564682224248705,0,0,0.25862471800212145,0.25862471800212145
340,197,0.6615109824351585,0,0,0.04456001017411032,0.04456001017411032
344,197,1.1796529195276833,1,1,0.04329475040893538,-0.9567052495910646
371,197,1.56357815064566,1,1,0.09499732702297248,-0.9050026729770275
387,197,0.9416520928685782,0,0,-0.017980156724686197,-0.017980156724686197
388,197,1.1820102247165647,0,0,-0.02292125846229376,-0.02292125846229376
392,197,0.19009951082928023,0,0,0.017114151399394067,0.017114151399394067
395,197,0.8457577832437421,0,0,-0.08232944751911478,-0.08232944751911478
397,197,0.42477835529732366,0,0,0.029234454869578624,0.029234454869578624
208,198,0.6632983298012288,0,0,-0.1334323844156377,-0.1334323844156377
210,198,0.2584001525085389,0,0,0.041466272127396175,0.041466272127396175
227,198,1.187154302977994,0,0,0.0767536492116678,0.0767536492116678
231,198,1.4688901599765838,0,0,-0.14704554007579818,-0.14704554007579818
242,198,1.3027661542647484,0,0,0.1733466167856448,0.1733466167856448
259,198,1.3957447003267978,0,0,0.09679178289364944,0.09679178289364944
265,198,0.6258145998090294,0,0,-0.07527107474311256,-0.07527107474311256
267,198,1.1017813032678199,0,0,0.039313072328596266,0.039313072328596266
273,198,1.2139704697991471,0,0,0.1825820490057684,0.1825820490057684
296,198,0.6484706899116945,0,0,-0.09941058345616066,-0.09941058345616066
309,198,1.5277440343263582,0,0,0.20406415338602063,0.20406415338602063
316,198,0.8816296346928563,0,0,-0.12737732326156342,-0.12737732326156342
327,198,1.5825876595632498,46,-1,-0.3991367670831949,0.6008632329168051
343,198,1.240905292340707,0,0,0.1609916654277446,0.1609916654277446
348,198,1.291946234066464,0,0,-0.23479278514826307,-0.23479278514826307
360,198,0.36606120440281864,0,0,-0.032387902632560306,-0.032387902632560306
368,198,1.3740077557453552,0,0,0.03706804198898367,0.03706804198898367
378,198,0.4604191332726569,0,0,0.03287703050892671,0.03287703050892671
200,199,1.496692090322599,0,0,-0.21420327913916115,-0.21420327913916115
207,199,1.5672534489480283,0,0,0.3370215909523198,0.3370215909523198
221,199,1.396113094963661,0,0,-0.018062716826598435,-0.018062716826598435
224,199,1.4533841901973235,0,0,-0.1954672795927107,-0.1954672795927107
241,199,1.1290450162116408,0,0,0.026506721089528007,0.026506721089528007
249,199,0.7464667131932172,0,0,-0.07494741288430803,-0.07494741288430803
257,199,1.5685189192308329,0,0,-0.2300676896195839,-0.2300676896195839
271,199,1.0162738683604848,0,0,0.06297413098847876,0.06297413098847876
279,199,0.8957367486619034,0,0,-0.000867084554766806,-0.000867084554766806
305,199,0.9553298336400754,0,0,-0.15617724588265058,-0.15617724588265058
307,199,1.3158481165223956,0,0,0.13945228386344205,0.13945228386344205
314,199,1.2077519047447045,0,0,0.03415592413366175,0.03415592413366175
318,199,0.8790891942849488,0,0,0.02302191874380144,0.02302191874380144
321,199,1.5373098595734223,0,0,-0.23644597058685282,-0.23644597058685282
337,199,1.4999272938241413,0,0,0.23293032421845244,0.23293032421845244
354,199,1.2774985577067208,0,0,-0.198818254326101,-0.198818254326101
359,199,1.2153961148259322,0,0,-0.1572003240519697,-0.1572003240519697
365,199,1.2704210349177456,0,0,0.2432967638297971,0.2432967638297971
372,199,1.1323082573047276,0,0,-0.023347489185629178,-0.023347489185629178
379,199,0.9465299621757826,0,0,0.05309238034709396,0.05309238034709396
380,199,0.6363668100596666,0,0,0.033789613195055135,0.033789613195055135
386,199,0.7369693329386725,0,0,-0.03718994977273701,-0.03718994977273701
389,199,1.3834412925805306,0,0,0.017265137990014834,0.017265137990014834
391,199,1.2169030632571876,0,0,0.13769079027132425,0.13769079027132425
211,200,1.1935385138161203,0,0,-0.0012307096895950581,-0.0012307096895950581
215,200,1.196339703533985,0,0,-0.06510535168727902,-0.06510535168727902
224,200,1.1622669994585497,0,0,0.01873599954645043,0.01873599954645043
249,200,1.338875644287183,0,0,0.1392558662548531,0.1392558662548531
252,200,1.1780347620193785,0,0,-0.022668621645791157,-0.022668621645791157
257,200,1.0557897451009028,0,0,-0.015864410480422766,-0.015864410480422766
275,200,0.6282160978869207,0,0,0.036435592477584,0.036435592477584
286,200,0.8474495078641746,0,0,0.04547902492521756,0.04547902492521756
302,200,1.3433977887499702,0,0,0.05216157240113954,0.05216157240113954
305,200,0.6157251912166442,0,0,0.05802603325651057,0.05802603325651057
314,200,1.3320615831482594,0,0,0.2483592032728229,0.2483592032728229
321,200,0.9318118549415085,0,0,-0.022242691447691677,-0.022242691447691677
328,200,1.1689452782015153,0,0,-0.09724183836063088,-0.09724183836063088
334,200,0.49071401901111195,0,0,0.008965719481346487,0.008965719481346487
335,200,1.212486649872017,0,0,0.049854696119438865,0.049854696119438865
346,200,1.3765254975974852,0,0,-0.16965715218310662,-0.16965715218310662
350,200,1.5423526820542524,0,0,-0.16348701930127857,-0.16348701930127857
354,200,0.6217348651501424,0,0,0.015385024813060144,0.015385024813060144
359,200,1.1136093037544557,0,0,0.05700295508719143,0.05700295508719143
364,200,1.3388609433926466,0,0,-0.08188979476472616,-0.08188979476472616
373,200,0.9750248056634319,0,0,-0.012756752224843147,-0.012756752224843147
384,200,0.6533952152288848,0,0,0.015463127948862732,0.015463127948862732
385,200,1.4978129363420405,0,0,0.006564623338998446,0.006564623338998446
390,200,0.9263061678479848,0,0,-0.01974413776147395,-0.01974413776147395
399,200,1.429666119418633,0,0,-0.07279311473996739,-0.07279311473996739
256,201,1.0921067714116954,0,0,-0.32297834667666653,-0.32297834667666653
289,201,1.5962658261123208,1,1,0.3484192394784529,-0.6515807605215471
292,201,1.1528073197789832,0,0,-0.004252241031512782,-0.004252241031512782
301,201,1.2777472598772945,0,0,0.07774079290068892,0.07774079290068892
302,201,1.3575622415609698,0,0,-0.37981052738434706,-0.37981052738434706
310,201,0.9807034355528184,0,0,0.13341582496890236,0.13341582496890236
333,201,1.5209755869752304,1,1,0.3798403568965718,-0.6201596431034282
335,201,1.4957184982814855,0,0,-0.38211740366604774,-0.38211740366604774
345,201,1.1212656070906697,0,0,0.20056326762572874,0.20056326762572874
349,201,1.2711190681861615,0,0,0.16620651210951953,0.16620651210951953
377,201,1.0899548898212235,0,0,0.20513597338903178,0.20513597338903178
400,201,1.574237449942813,0,0,0.1297711194331328,0.1297711194331328
211,202,1.0139530619015942,0,0,0.05958693770503283,0.05958693770503283
215,202,1.0184662653901384,0,0,-0.004287704292651135,-0.004287704292651135
238,202,1.3666437388455512,0,0,0.08920883924364284,0.08920883924364284
240,202,1.5486948237129476,0,0,-0.01553525998244303,-0.01553525998244303
243,202,0.20395794838842526,0,0,-0.02037396267044366,-0.02037396267044366
252,202,0.7972169968122294,0,0,0.03814902574883673,0.03814902574883673
270,202,0.38340745062858433,0,0,-0.03474569463243221,-0.03474569463243221
289,202,1.2349322420628197,0,0,-0.15879101334143267,-0.15879101334143267
297,202,0.8506208502698899,0,0,-0.044655071049765,-0.044655071049765
302,202,1.525074048095106,0,0,0.11297921979576743,0.11297921979576743
303,202,0.43145274021430396,0,0,-0.025842036530295258,-0.025842036530295258
322,202,0.46954540270286865,0,0,0.03648643234300594,0.03648643234300594
333,202,1.0555078459396363,0,0,-0.12736989592331366,-0.12736989592331366
334,202,1.4895940278295818,0,0,0.06978336687597438,0.06978336687597438
335,202,1.4804732901660793,0,0,0.11067234351406675,0.11067234351406675
350,202,1.5049347894035794,0,0,-0.10266937190665067,-0.10266937190665067
364,202,1.4037072834457331,0,0,-0.021072147370098274,-0.021072147370098274
370,202,0.6662938640454551,0,0,0.02286623233729063,0.02286623233729063
374,202,1.153394462569634,0,0,0.006981307495207145,0.006981307495207145
375,202,0.8229412909687296,0,0,-0.06435006260190092,-0.06435006260190092
384,202,1.4474447187967936,0,0,0.07628077534349062,0.07628077534349062
385,202,1.1154894883095692,0,0,0.06738227073362633,0.06738227073362633
390,202,1.0129409308546755,0,0,0.04107350963315394,0.04107350963315394
399,202,0.863275526572965,0,0,-0.011975467345339498,-0.011975467345339498
209,203,0.7219988499439032,0,0,0.05082563093913639,0.05082563093913639
212,203,1.1483902724558754,0,0,0.022063530791335495,0.022063530791335495
222,203,1.1667476276432898,0,0,0.08722858164896574,0.08722858164896574
233,203,0.9349970889323558,0,0,-0.12979063567159743,-0.12979063567159743
235,203,0.5224193919536322,0,0,-0.039750927121764534,-0.039750927121764534
239,203,0.48133925264360605,0,0,0.005989065046127839,0.005989065046127839
247,203,0.3569386635504581,0,0,-0.08128869066455835,-0.08128869066455835
261,203,1.5423229711310835,46,-1,-0.12591432585353401,0.874085674146466
274,203,1.0884635136000713,0,0,0.07470386178969646,0.07470386178969646
281,203,1.0074191229539,0,0,0.10219564046618013,0.10219564046618013
288,203,0.6450207815808746,0,0,-0.04154820305001439,-0.04154820305001439
306,203,1.4835617365431697,0,0,0.03245851801910615,0.03245851801910615
308,203,0.9782634219472961,0,0,0.10773559103457475,0.10773559103457475
313,203,0.16592052263996046,0,0,-0.02905706720209411,-0.02905706720209411
329,203,1.4464743404351994,0,0,0.15062414268985835,0.15062414268985835
340,203,1.5932484915084246,46,-1,-0.028373786057526496,0.9716262139424735
344,203,0.9174613838188975,0,0,-0.029639045822701382,-0.029639045822701382
352,203,1.5967325675332045,46,-1,-0.2852007593556738,0.7147992406443262
366,203,1.5998946477097953,0,0,0.2168858010748902,0.2168858010748902
371,203,1.1421688834210895,0,0,0.022063530791335717,0.022063530791335717
376,203,1.2839989369740097,0,0,0.05752841412597787,0.05752841412597787
387,203,1.4124386268620184,46,-1,-0.09091395295632299,0.909086047043677
214,204,1.1746647423404935,0,0,-0.11363821356365159,-0.11363821356365159
220,204,1.3569197076741333,1,1,0.15149178287359355,-0.8485082171264064
221,204,1.2564896570120359,0,0,-0.051439396417181094,-0.051439396417181094
253,204,0.20803580276300987,0,0,-0.01910268486884603,-0.01910268486884603
254,204,0.22313256926006947,0,0,-0.008556239874918992,-0.008556239874918992
262,204,1.0162719467917207,0,0,0.06143603360456057,0.06143603360456057
272,204,0.4531059811680311,0,0,-0.03943818951270961,-0.03943818951270961
278,204,0.9230057748029704,0,0,-0.0956976387914433,-0.0956976387914433
317,204,1.122978371030239,0,0,0.01247201700308781,0.01247201700308781
324,204,1.24544420372885,0,0,-0.19364896441598833,-0.19364896441598833
325,204,1.4409431297093904,0,0,-0.23077978776939664,-0.23077978776939664
338,204,0.21516835049373534,0,0,0.004208774730411202,0.004208774730411202
363,204,0.7130986865087268,1,1,0.026981932228429484,-0.9730180677715705
369,204,0.3746265210089096,0,0,-0.033912977398757316,-0.033912977398757316
372,204,1.5114980623939713,0,0,-0.056724168776211836,-0.056724168776211836
389,204,1.3227798753520286,0,0,-0.016111541600567825,-0.016111541600567825
393,204,0.7709570689977785,0,0,0.02147613503746737,0.02147613503746737
217,205,1.5634522133484727,0,0,-0.10307033984154468,-0.10307033984154468
219,205,0.6974788152957269,0,0,-0.0006531703137162559,-0.0006531703137162559
229,205,0.8395627960637074,0,0,-0.04920983994478918,-0.04920983994478918
232,205,1.072750068844936,0,0,0.0897714572951595,0.0897714572951595
242,205,1.3495716925406336,0,0,-0.1301749096880031,-0.1301749096880031
246,205,0.8869246666232057,0,0,-0.05849060771477509,-0.05849060771477509
255,205,1.2812684371986394,0,0,0.10725109293625548,0.10725109293625548
258,205,1.5121993605336945,0,0,0.230252498559836,0.230252498559836
261,205,1.4041448443572004,0,0,-0.014263541180861428,-0.014263541180861428
268,205,0.8223806793103331,0,0,0.05307654860487743,0.05307654860487743
273,205,1.2389897141524484,0,0,-0.1209394774678795,-0.1209394774678795
277,205,1.3444782519885066,0,0,0.12586516584446536,0.12586516584446536
282,205,0.43725586436530955,0,0,0.03108367313145219,0.03108367313145219
298,205,0.9017100668581288,0,0,0.00581008189945767,0.00581008189945767
309,205,1.1458224927828313,0,0,-0.09945737308762727,-0.09945737308762727
340,205,1.3440964017276529,0,0,0.08327699861514612,0.08327699861514612
343,205,1.4049481731270703,0,0,-0.14252986104590332,-0.14252986104590332
353,205,1.183402023959747,0,0,-0.0058564810226336556,-0.0058564810226336556
358,205,1.4084461187891064,0,0,0.03637155204104331,0.03637155204104331
387,205,1.2457652356103301,0,0,0.020736831716349602,0.020736831716349602
388,205,0.6052460107211378,0,0,0.01579572997874204,0.01579572997874204
392,205,0.8071751949141485,0,0,0.055831139840429866,0.055831139840429866
395,205,0.8324663889160344,0,0,-0.04361245907807899,-0.04361245907807899
397,205,1.11894028356206,0,0,0.06795144331061442,0.06795144331061442
225,206,1.3191105308605369,46,-1,-0.23561621632727514,0.7643837836727249
233,206,1.5138998659711165,0,0,-0.21459242121966726,-0.21459242121966726
239,206,1.4602501454670505,0,0,-0.07881272050194199,-0.07881272050194199
281,206,1.5643780953631368,0,0,0.017393854918110296,0.017393854918110296
315,206,0.2716344931843099,0,0,0.010791314905441607,0.010791314905441607
336,206,0.51480379487508,0,0,0.06588435561485151,0.06588435561485151
381,206,0.6590679236621975,0,0,0.0174621887401758,0.0174621887401758
216,207,0.23787529999782686,0,0,0.03240589630204638,0.03240589630204638
291,207,1.2165572836738945,0,0,0.14935570155915867,0.14935570155915867
301,207,1.362497904648106,0,0,-0.041511977405305434,-0.041511977405305434
314,207,1.4311890175271758,0,0,-0.30286566681865806,-0.30286566681865806
337,207,0.8291269069884121,0,0,-0.10409126673386737,-0.10409126673386737
346,207,1.5168899560068818,1,1,0.27911797772541247,-0.7208820222745875
365,207,0.715269886221302,0,0,-0.09372482712252272,-0.09372482712252272
391,207,1.586243285410209,0,0,-0.19933080068099557,-0.19933080068099557
400,207,1.3083802013741135,0,0,0.010518349127138449,0.010518349127138449
210,208,0.9012151682295934,0,0,0.17489865654303388,0.17489865654303388
231,208,1.5540534864900633,0,0,-0.01361315566016047,-0.01361315566016047
258,208,1.4613726925904422,46,-1,-0.3327935905508783,0.6672064094491217
265,208,0.5115780119520276,0,0,0.05816130967252514,0.05816130967252514
267,208,1.0845468035374153,0,0,0.17274545674423397,0.17274545674423397
296,208,0.1974961695314515,0,0,0.034021800959477044,0.034021800959477044
316,208,0.8106077450052839,0,0,0.006055061154074282,0.006055061154074282
327,208,1.1944014842192026,46,-1,-0.26570438266755714,0.7342956173324429
348,208,0.6540657262153649,0,0,-0.10136040073262537,-0.10136040073262537
355,208,1.2800362605901852,46,-1,-0.12241081761212924,0.8775891823878708
360,208,0.44339153150496774,0,0,0.1010444817830774,0.1010444817830774
378,208,1.0109209577447849,0,0,0.1663094149245644,0.1663094149245644
212,209,0.9974333596607738,0,0,-0.028762100147800895,-0.028762100147800895
222,209,0.673805956516798,0,0,0.03640295070982935,0.03640295070982935
233,209,1.4664498718788097,0,0,-0.18061626661073382,-0.18061626661073382
235,209,1.0737880634634303,0,0,-0.09057655806090092,-0.09057655806090092
239,209,0.7591979224701255,0,0,-0.04483656589300855,-0.04483656589300855
247,209,1.0637822800374375,0,0,-0.13211432160369474,-0.13211432160369474
274,209,0.6004451126687471,0,0,0.023878230850560067,0.023878230850560067
281,209,0.5804330731423464,0,0,0.051370009527043736,0.051370009527043736
288,209,1.1130049072656156,0,0,-0.09237383398915078,-0.09237383398915078
306,209,1.4236302026288667,0,0,-0.018367112920030237,-0.018367112920030237
308,209,0.38315967213801966,0,0,0.05690996009543836,0.05690996009543836
313,209,0.8672299144546354,0,0,-0.0798826981412305,-0.0798826981412305
329,209,0.89536640884581,0,0,0.09979851175072196,0.09979851175072196
344,209,1.2264510295215574,0,0,-0.08046467676183777,-0.08046467676183777
366,209,1.1924841332149545,0,0,0.1660601701357538,0.1660601701357538
371,209,0.9782148092822278,0,0,-0.028762100147800673,-0.028762100147800673
376,209,1.0293941574580026,0,0,0.006702783186841477,0.006702783186841477
227,210,1.028862103748992,0,0,0.035287377084271626,0.035287377084271626
231,210,1.5487238560943632,0,0,-0.18851181220319435,-0.18851181220319435
242,210,1.0919850823721557,0,0,0.13188034465824863,0.13188034465824863
259,210,1.2266014254320279,0,0,0.055325510766253264,0.055325510766253264
265,210,0.8465137843567768,0,0,-0.11673734687050874,-0.11673734687050874
267,210,1.1190468156353623,0,0,-0.0021531997987999096,-0.0021531997987999096
273,210,1.0225953968252273,0,0,0.14111577687837223,0.14111577687837223
296,210,0.85609091488791,0,0,-0.14087685558355684,-0.14087685558355684
309,210,1.394605925496196,0,0,0.16259788125862445,0.16259788125862445
316,210,1.0555880908343227,0,0,-0.1688435953889596,-0.1688435953889596
343,210,1.024634668264343,0,0,0.11952539330034842,0.11952539330034842
348,210,1.5106603979058795,0,0,-0.27625905727565925,-0.27625905727565925
360,210,0.5906193668218761,0,0,-0.07385417475995648,-0.07385417475995648
368,210,1.3444626480001345,0,0,-0.004398230138412507,-0.004398230138412507
378,210,0.3912501568271484,0,0,-0.008589241618469468,-0.008589241618469468
215,211,1.0419527916873401,0,0,-0.06387464199768396,-0.06387464199768396
238,211,0.9186580869513725,0,0,0.02962190153861001,0.02962190153861001
243,211,1.2067188273502933,0,0,-0.07996090037547648,-0.07996090037547648
252,211,0.4177695342412944,0,0,-0.0214379119561961,-0.0214379119561961
256,211,1.0295198471174856,0,0,0.11022446279841513,0.11022446279841513
270,211,1.295672818287942,0,0,-0.09433263233746504,-0.09433263233746504
275,211,0.8794167505913639,0,0,0.03766630216717906,0.03766630216717906
286,211,0.9103659628957226,0,0,0.04670973461481262,0.04670973461481262
297,211,1.3454234303474188,0,0,-0.10424200875479783,-0.10424200875479783
302,211,0.621007681095591,0,0,0.0533922820907346,0.0533922820907346
303,211,1.2421180960859812,0,0,-0.08542897423532808,-0.08542897423532808
322,211,0.6048059926299323,0,0,-0.023100505362026888,-0.023100505362026888
333,211,1.5929053861138969,0,0,-0.18695683362834647,-0.18695683362834647
334,211,0.7146850509548268,0,0,0.010196429170941546,0.010196429170941546
335,211,0.5165397524321327,0,0,0.051085405809033924,0.051085405809033924
350,211,1.5978155319178513,0,0,-0.1622563096116835,-0.1622563096116835
364,211,1.4771171606178994,0,0,-0.0806590850751311,-0.0806590850751311
370,211,0.8659976227093186,0,0,-0.0367207053677422,-0.0367207053677422
374,211,1.5342130757494044,0,0,-0.052605630209825685,-0.052605630209825685
375,211,1.4012057383490675,0,0,-0.12393700030693375,-0.12393700030693375
384,211,0.5570584531208194,0,0,0.01669383763845779,0.01669383763845779
385,211,0.3989075903722227,0,0,0.007795333028593504,0.007795333028593504
390,211,0.47340356337236955,0,0,-0.01851342807187889,-0.01851342807187889
399,211,1.1015931367884821,0,0,-0.07156240505037233,-0.07156240505037233
222,212,0.7510278046367386,0,0,0.06516505085763025,0.06516505085763025
235,212,0.9887255508164149,0,0,-0.06181445791310003,-0.06181445791310003
239,212,1.5210791726265522,0,0,-0.016074465745207656,-0.016074465745207656
247,212,1.397033270750179,0,0,-0.10335222145589384,-0.10335222145589384
255,212,1.360011476555554,46,-1,-0.026463222527752572,0.9735367774722474
261,212,1.4720322089335431,46,-1,-0.1479778566448695,0.8520221433551305
268,212,1.4876127919585527,46,-1,-0.08063776685913071,0.9193622331408693
274,212,0.6821014297874489,0,0,0.05264033099836096,0.05264033099836096
281,212,1.5541868939623003,0,0,0.08013210967484463,0.08013210967484463
288,212,0.8839219907301845,0,0,-0.06361173384134988,-0.06361173384134988
306,212,0.4432326300705722,0,0,0.010394987227770658,0.010394987227770658
308,212,0.9823658156224527,0,0,0.08567206024323926,0.08567206024323926
313,212,1.2044386437327208,0,0,-0.051120597993429606,-0.051120597993429606
340,212,0.9279412261110368,46,-1,-0.05043731684886199,0.949562683151138
344,212,0.7037997507386607,0,0,-0.05170257661403688,-0.05170257661403688
371,212,0.10693496501054814,0,0,2.220446049250313e-16,2.220446049250313e-16
376,212,0.23679063367434208,0,0,0.03546488333464237,0.03546488333464237
387,212,1.3664727678889086,46,-1,-0.11297748374765848,0.8870225162523415
392,212,1.5556674924595237,46,-1,-0.07788317562357827,0.9221168243764217
397,212,1.19661318747277,46,-1,-0.06576287215339371,0.9342371278466063
217,213,1.1503457577614595,0,0,0.13269151335437654,0.13269151335437654
227,213,1.5055283139288655,0,0,0.008993975933941106,0.008993975933941106
259,213,1.323979408822722,0,0,0.029032109615922744,0.029032109615922744
261,213,1.3771629634967135,0,0,0.2214983120150598,0.2214983120150598
280,213,1.3606333156423907,0,0,-0.23451250851386984,-0.23451250851386984
331,213,1.0183470593921375,0,0,0.08872594024475709,0.08872594024475709
341,213,1.1727400067031573,0,0,-0.0321531126864367,-0.0321531126864367
351,213,0.9012497718047241,0,0,-0.02746864077563646,-0.02746864077563646
356,213,1.4585210969721174,0,0,-0.060040746919616694,-0.060040746919616694
361,213,0.9084597326011946,0,0,-0.05625586095070548,-0.05625586095070548
368,213,1.5870808210395149,0,0,-0.030691631288743026,-0.030691631288743026
382,213,1.2190679988912065,0,0,-0.06925981338157072,-0.06925981338157072
398,213,1.0699584721990436,0,0,-0.12756389671799317,-0.12756389671799317
221,214,0.6788346305865393,0,0,0.06219881714647049,0.06219881714647049
224,214,1.2782814042366453,0,0,-0.11520574561964178,-0.11520574561964178
241,214,1.4462548111286668,0,0,0.10676825506259693,0.10676825506259693
249,214,1.1410285621826248,0,0,0.0053141210887608925,0.0053141210887608925
253,214,0.9728410564096248,0,0,0.09453552869480555,0.09453552869480555
254,214,1.1112057989107882,0,0,0.1050819736887326,0.1050819736887326
257,214,1.544102408324074,0,0,-0.14980615564651498,-0.14980615564651498
262,214,1.5075107939290655,0,0,0.17507424716821215,0.17507424716821215
272,214,1.0945994127742278,0,0,0.07420002405094198,0.07420002405094198
278,214,0.2629127183797917,0,0,0.017940574772208284,0.017940574772208284
279,214,1.1194224507038266,0,0,0.07939444941830212,0.07939444941830212
317,214,1.329070110443839,0,0,0.1261102305667394,0.1261102305667394
318,214,1.4815898522359137,0,0,0.10328345271687037,0.10328345271687037
324,214,0.8833513021778571,0,0,-0.08001075085233673,-0.08001075085233673
325,214,1.1482039999436668,0,0,-0.11714157420574506,-0.11714157420574506
338,214,1.2224747151030833,0,0,0.11784698829406279,0.11784698829406279
354,214,1.5642708703134787,0,0,-0.11855672035303207,-0.11855672035303207
359,214,1.132779054208153,0,0,-0.07693879007890078,-0.07693879007890078
369,214,0.893635497285891,0,0,0.07972523616489427,0.07972523616489427
372,214,0.8462162613986698,0,0,0.05691404478743975,0.05691404478743975
373,214,1.5043285311683414,0,0,-0.14669849739093535,-0.14669849739093535
386,214,1.1145976598888268,0,0,0.043071584200331914,0.043071584200331914
389,214,1.0043391409980247,0,0,0.09752667196308376,0.09752667196308376
393,214,1.3173828514486845,0,0,0.13511434860111896,0.13511434860111896
243,215,1.1350659089993342,0,0,-0.016086258377792526,-0.016086258377792526
252,215,0.7414422290028017,0,0,0.04243673004148787,0.04243673004148787
270,215,1.0788123106257137,0,0,-0.03045799033978108,-0.03045799033978108
275,215,1.346863308924782,0,0,0.10154094416486302,0.10154094416486302
286,215,1.4877798601530978,0,0,0.11058437661249658,0.11058437661249658
289,215,1.5106435955402042,0,0,-0.1545033090487815,-0.1545033090487815
291,215,1.5332646451867984,46,-1,-0.23431407666208137,0.7656859233379186
297,215,0.6566348365205004,0,0,-0.040367366757113866,-0.040367366757113866
302,215,1.5061903234954501,0,0,0.11726692408841856,0.11726692408841856
303,215,1.4478594852938453,0,0,-0.021554332237644122,-0.021554332237644122
320,215,1.2900682145956979,46,-1,-0.17907038534146935,0.8209296146585306
322,215,1.029358025265511,0,0,0.04077413663565708,0.04077413663565708
333,215,1.3749889317994641,0,0,-0.12308219163066253,-0.12308219163066253
334,215,0.9145346487353335,0,0,0.0740710711686255,0.0740710711686255
335,215,1.4167506775967973,0,0,0.11496004780671788,0.11496004780671788
346,215,1.0877767036749657,0,0,-0.10455180049582762,-0.10455180049582762
350,215,0.6934633309442353,0,0,-0.09838166761399954,-0.09838166761399954
364,215,0.4581874638746422,0,0,-0.01678444307744714,-0.01678444307744714
370,215,1.4349877004353955,0,0,0.027153936629941765,0.027153936629941765
375,215,0.8837746673975528,0,0,-0.06006235830924978,-0.06006235830924978
384,215,1.0340464084322585,0,0,0.08056847963614175,0.08056847963614175
385,215,1.4017605621892257,0,0,0.07166997502627746,0.07166997502627746
390,215,0.6393328333650364,0,0,0.045361213925805076,0.045361213925805076
399,215,0.2469646576412936,0,0,-0.0076877630526883635,-0.0076877630526883635
291,216,0.9808104484200014,0,0,0.1169498052571123,0.1169498052571123
301,216,1.1823254988940535,0,0,-0.07391787370735181,-0.07391787370735181
314,216,1.3949362242201337,0,0,-0.33527156312070444,-0.33527156312070444
337,216,0.7711241829070388,0,0,-0.13649716303591375,-0.13649716303591375
346,216,1.382182241794073,1,1,0.2467120814233661,-0.7532879185766339
349,216,1.444926946541949,0,0,0.014547845501478807,0.014547845501478807
365,216,0.7424895862935746,0,0,-0.1261307234245691,-0.1261307234245691
400,216,1.0800336698281086,0,0,-0.02188754717490793,-0.02188754717490793
227,217,1.1543067879245439,0,0,-0.12369753742043543,-0.12369753742043543
242,217,1.0055891870785236,0,0,-0.027104569846458426,-0.027104569846458426
259,217,1.0345162190013686,0,0,-0.10365940373845381,-0.10365940373845381
261,217,0.7867575616188333,0,0,0.08880679866068325,0.08880679866068325
273,217,1.2540937229228675,0,0,-0.017869137626334824,-0.017869137626334824
331,217,0.5458878712712183,0,0,-0.04396557310961945,-0.04396557310961945
340,217,1.5376956247178908,0,0,0.1863473384566908,0.1863473384566908
343,217,1.0496076869182673,0,0,-0.039459521204358645,-0.039459521204358645
387,217,1.0880535440423411,0,0,0.12380717155789428,0.12380717155789428
395,217,0.7921510711709328,0,0,0.059457880763465684,0.059457880763465684
234,218,1.5144436441073528,0,0,-0.04361618913471771,-0.04361618913471771
237,218,1.3320570269386218,0,0,0.10895649403626328,0.10895649403626328
251,218,1.3435090746471599,0,0,0.013143243485467915,0.013143243485467915
260,218,0.5410703041297797,0,0,-0.058063994988579004,-0.058063994988579004
262,218,1.3322197172092276,46,-1,-0.26093557814075563,0.7390644218592444
263,218,0.7616911353798068,0,0,0.048614172135730827,0.048614172135730827
307,218,1.5908121614906314,46,-1,-0.2162960074724568,0.7837039925275432
330,218,0.29132491017848017,0,0,-0.0680653247367235,-0.0680653247367235
347,218,0.6965059644340216,0,0,0.1197501781235514,0.1197501781235514
383,218,1.1036386142351517,46,-1,-0.23352923260550784,0.7664707673944922
229,219,0.5087114652563374,0,0,-0.04855666963107293,-0.04855666963107293
232,219,1.4702469118001271,0,0,0.09042462760887576,0.09042462760887576
238,219,1.5510320878667863,0,0,0.008390136314219851,0.008390136314219851
240,219,1.2231012632811231,0,0,-0.09635396291186601,-0.09635396291186601
246,219,0.6928420659815799,0,0,-0.05783743740105884,-0.05783743740105884
268,219,1.4454324270924657,0,0,0.05372971891859368,0.05372971891859368
273,219,1.502914068118356,0,0,-0.12028630715416325,-0.12028630715416325
277,219,1.2054234334081944,0,0,0.12651833615818162,0.12651833615818162
282,219,0.5797527486584819,0,0,0.031736843445168444,0.031736843445168444
287,219,1.499156551679047,0,0,0.14597368521188875,0.14597368521188875
298,219,0.3636205495442651,0,0,0.006463252213173926,0.006463252213173926
309,219,1.0848393952401656,0,0,-0.09880420277391101,-0.09880420277391101
326,219,1.3747697273612027,0,0,-0.15750153416249202,-0.15750153416249202
332,219,1.5915194251364948,0,0,0.17739996211879114,0.17739996211879114
353,219,0.5378312032053768,0,0,-0.0052033107089174,-0.0052033107089174
358,219,0.9546608197141454,0,0,0.037024722354759565,0.037024722354759565
374,219,1.357719276788749,0,0,-0.07383739543421584,-0.07383739543421584
388,219,0.2755960095693786,0,0,0.016448900292458296,0.016448900292458296
392,219,1.392254425199848,0,0,0.05648431015414612,0.05648431015414612
395,219,1.4673752856820945,0,0,-0.04295928876436273,-0.04295928876436273
228,220,0.8502518721690676,0,0,0.1887861421785249,0.1887861421785249
234,220,0.5850148321554614,0,0,0.127263639737005,0.127263639737005
253,220,1.500809488564734,46,-1,-0.17059446774243958,0.8294055322575604
254,220,1.5526743184855543,46,-1,-0.1600480227485125,0.8399519772514875
260,220,1.2378062844362596,0,0,0.1128158338831437,0.1128158338831437
262,220,1.3641824065703783,46,-1,-0.09005574926903293,0.9099442507309671
263,220,1.2700918716256482,0,0,0.21949400100745353,0.21949400100745353
311,220,1.0262668695877877,0,0,0.2030790931597367,0.2030790931597367
330,220,1.5438214010792877,0,0,0.10281450413499921,0.10281450413499921
338,220,1.3304467908831539,46,-1,-0.1472830081431823,0.8527169918568177
363,220,1.3570466750899213,0,0,-0.12450985064516396,-0.12450985064516396
393,220,1.4930555707261937,46,-1,-0.13001564783612607,0.8699843521638739
224,221,1.3626361917458358,0,0,-0.17740456276611227,-0.17740456276611227
241,221,0.77866242867645,0,0,0.04456943791612644,0.04456943791612644
249,221,0.8860452796773891,0,0,-0.0568846960577096,-0.0568846960577096
253,221,1.0963050212818166,0,0,0.03233671154833506,0.03233671154833506
254,221,1.2542885846144856,0,0,0.0428831565422621,0.0428831565422621
262,221,1.1675760547190321,0,0,0.11287543002174166,0.11287543002174166
271,221,1.0216617449018044,0,0,0.0810368478150772,0.0810368478150772
272,221,1.342266354546451,0,0,0.012001206904471484,0.012001206904471484
278,221,0.725427595070854,0,0,-0.04425824237426221,-0.04425824237426221
279,221,0.5331771569095305,0,0,0.01719563227183163,0.01719563227183163
307,221,1.5155967350764568,0,0,0.15751500069004049,0.15751500069004049
317,221,0.8093529970257082,0,0,0.0639114134202689,0.0639114134202689
318,221,0.8416115587953316,0,0,0.041084635570399874,0.041084635570399874
324,221,1.5005839246922263,0,0,-0.14220956799880724,-0.14220956799880724
338,221,1.1887816405803342,0,0,0.055648171147592296,0.055648171147592296
359,221,1.159451248455881,0,0,-0.13913760722537127,-0.13913760722537127
369,221,1.0826871572540706,0,0,0.017526419018423778,0.017526419018423778
372,221,0.28473065275898884,0,0,-0.005284772359030743,-0.005284772359030743
379,221,0.9705752194140362,0,0,0.0711550971736924,0.0711550971736924
380,221,1.2011235409251249,0,0,0.05185233002165357,0.05185233002165357
383,221,1.1648501120070993,0,0,0.1402817755569895,0.1402817755569895
386,221,0.685606912230604,0,0,-0.019127232946138578,-0.019127232946138578
389,221,0.3463532980406248,0,0,0.03532785481661327,0.03532785481661327
393,221,0.9925130306588773,0,0,0.07291553145464846,0.07291553145464846
235,222,1.3079293040313305,0,0,-0.12697950877073028,-0.12697950877073028
239,222,1.3627004386693846,0,0,-0.0812395166028379,-0.0812395166028379
247,222,1.4565171827334351,0,0,-0.1685172723135241,-0.1685172723135241
274,222,0.10680497662433303,0,0,-0.012524719859269284,-0.012524719859269284
280,222,1.3681600688175406,0,0,0.3308462719685706,0.3308462719685706
281,222,1.0465499219788728,0,0,0.014967058817214385,0.014967058817214385
288,222,1.2443830935423312,0,0,-0.12877678469898013,-0.12877678469898013
306,222,1.166605716977004,0,0,-0.05477006362985959,-0.05477006362985959
308,222,0.38206061219645177,0,0,0.02050700938560901,0.02050700938560901
313,222,1.2547754085347005,0,0,-0.11628564885105985,-0.11628564885105985
329,222,0.9280655697110277,0,0,0.06339556104089261,0.06339556104089261
344,222,1.2786195468012913,0,0,-0.11686762747166712,-0.11686762747166712
366,222,1.3672414368318462,0,0,0.12965721942592445,0.12965721942592445
371,222,0.7865169603722595,0,0,-0.06516505085763002,-0.06516505085763002
376,222,0.6238413345341346,0,0,-0.029700167522987875,-0.029700167522987875
225,223,1.1824868608178283,0,0,0.12495302404176499,0.12495302404176499
236,223,0.5947489246083698,0,0,0.05603209403835463,0.05603209403835463
245,223,0.6938221687263908,0,0,-0.07336137720794765,-0.07336137720794765
250,223,1.4913479105054632,0,0,-0.051201461704663484,-0.051201461704663484
264,223,0.5191395148526617,0,0,0.013440028090035722,0.013440028090035722
266,223,0.508163495241614,0,0,0.008967698642045482,0.008967698642045482
293,223,1.494696848911055,0,0,-0.056779379147610456,-0.056779379147610456
294,223,0.5548129349950062,0,0,-0.05580411039664569,-0.05580411039664569
299,223,0.480359204017863,0,0,-0.04105303833360706,-0.04105303833360706
323,223,0.8050595135753594,0,0,-0.014396626800149387,-0.014396626800149387
324,223,1.4267696030416566,0,0,0.19739343861354178,0.19739343861354178
325,223,1.1771618108763195,0,0,0.16026261526013347,0.16026261526013347
342,223,0.14584069414859122,0,0,-0.015434111080199972,-0.015434111080199972
249,224,0.9180364522191676,0,0,0.12051986670840267,0.12051986670840267
257,224,0.27406884154455136,0,0,-0.034600410026873196,-0.034600410026873196
278,224,1.531018317019185,0,0,0.13314632039185006,0.13314632039185006
279,224,1.3683612895533717,0,0,0.1946001950379439,0.1946001950379439
305,224,0.950398227119293,0,0,0.03929003371006014,0.03929003371006014
318,224,1.551353716060737,0,0,0.21848919833651215,0.21848919833651215
321,224,0.3480052060720146,0,0,-0.04097869099414211,-0.04097869099414211
328,224,0.6515267837997619,0,0,-0.11597783790708131,-0.11597783790708131
339,224,1.3497052685718178,0,0,-0.21275034216129204,-0.21275034216129204
354,224,0.5729957687255653,0,0,-0.0033509747333902856,-0.0033509747333902856
359,224,0.32098958904550784,0,0,0.038266955540741,0.038266955540741
372,224,1.3184529969456358,0,0,0.17211979040708153,0.17211979040708153
373,224,0.3133345845996372,0,0,-0.03149275177129358,-0.03149275177129358
380,224,1.5943307003718736,0,0,0.22925689278776584,0.22925689278776584
386,224,1.1082788376741601,0,0,0.1582773298199737,0.1582773298199737
389,224,1.5603062860895809,0,0,0.21273241758272554,0.21273241758272554
233,225,1.2336658274109802,1,1,0.02102379510760788,-0.9789762048923921
236,225,0.8195025731759322,0,0,-0.06892093000341036,-0.06892093000341036
250,225,1.5334682306910161,0,0,-0.17615448574642847,-0.17615448574642847
264,225,0.8461632568550275,0,0,-0.11151299595172927,-0.11151299595172927
266,225,1.2210985021715792,0,0,-0.11598532539971951,-0.11598532539971951
294,225,1.5976129122719178,0,0,-0.18075713443841068,-0.18075713443841068
299,225,1.4393302602093625,0,0,-0.16600606237537205,-0.16600606237537205
315,225,1.3223710715212078,1,1,0.24640753123271675,-0.7535924687672833
323,225,1.07786718035355,0,0,-0.13934965084191436,-0.13934965084191436
324,225,1.0891836430252293,0,0,0.07244041457177679,0.07244041457177679
325,225,0.8833809967414359,0,0,0.035309591218368463,0.035309591218368463
336,225,1.404087829484958,1,1,0.30150057194212665,-0.6984994280578734
342,225,1.211179316998326,0,0,-0.14038713512196496,-0.14038713512196496
352,225,1.4169551066876016,0,0,-0.13438632857646854,-0.13438632857646854
381,225,1.3160654578977629,1,1,0.25307840506745094,-0.7469215949325491
250,226,0.8627782577493555,0,0,0.11496449431197164,0.11496449431197164
284,226,1.1607259810391095,0,0,-0.1311731075972969,-0.1311731075972969
285,226,1.189044798334544,0,0,-0.05928976091440685,-0.05928976091440685
295,226,0.8969997646605468,0,0,0.09733295892344057,0.09733295892344057
299,226,1.5837266458088817,0,0,0.12511291768302807,0.12511291768302807
319,226,1.2082397313234527,0,0,0.06726868106399003,0.06726868106399003
323,226,1.2453334047208684,0,0,0.15176932921648573,0.15176932921648573
352,226,1.2258201785615697,0,0,0.1567326514819316,0.1567326514819316
362,226,1.3456577550769386,0,0,-0.14490886609525688,-0.14490886609525688
394,226,1.1174155766448255,0,0,-0.17998074998641783,-0.17998074998641783
231,227,1.277528967008948,0,0,-0.22379918928746598,-0.22379918928746598
242,227,0.9343937857074485,0,0,0.096592967573977,0.096592967573977
259,227,0.21407035544723274,0,0,0.020038133681981637,0.020038133681981637
265,227,1.4041007607987015,0,0,-0.15202472395478037,-0.15202472395478037
273,227,1.1366947984894766,0,0,0.10582839979410061,0.10582839979410061
316,227,1.3492400270085811,0,0,-0.20413097247323123,-0.20413097247323123
331,227,0.7218025030752873,0,0,0.07973196431081599,0.07973196431081599
343,227,0.8872297004771956,0,0,0.0842380162160768,0.0842380162160768
356,227,0.9478655472493939,0,0,-0.0690347228535578,-0.0690347228535578
360,227,1.2974244256787915,0,0,-0.10914155184422811,-0.10914155184422811
361,227,1.3302683134656752,0,0,-0.06524983688464658,-0.06524983688464658
368,227,0.7262902518400481,0,0,-0.03968560722268413,-0.03968560722268413
378,227,0.7405915292896351,0,0,-0.043876618702741094,-0.043876618702741094
395,227,1.514500681691186,0,0,0.18315541818390113,0.18315541818390113
234,228,0.7194050134137687,0,0,-0.06152250244151991,-0.06152250244151991
245,228,1.5538617976755813,0,0,0.19531829471040385,0.19531829471040385
263,228,1.5139628145892303,0,0,0.030707858828928625,0.030707858828928625
266,228,1.4413823836064659,0,0,0.277647370560397,0.277647370560397
293,228,1.55927269668548,0,0,0.21190029277074104,0.21190029277074104
294,228,1.4211422466724897,0,0,0.2128755615217058,0.2128755615217058
311,228,0.7283054399360094,0,0,0.014292950981211805,0.014292950981211805
240,229,1.2688104920955883,0,0,-0.04779729328079309,-0.04779729328079309
242,229,1.3609039714034743,0,0,-0.08096506974321391,-0.08096506974321391
246,229,0.20109795670662267,0,0,-0.00928076776998591,-0.00928076776998591
267,229,1.440098370355389,0,0,-0.21499861420026245,-0.21499861420026245
273,229,1.137301629304512,0,0,-0.0717296375230903,-0.0717296375230903
282,229,0.9639795207126484,0,0,0.08029351307624137,0.08029351307624137
298,229,0.8596677862147111,0,0,0.05501992184424685,0.05501992184424685
309,229,0.6325307670967495,0,0,-0.050247533142838086,-0.050247533142838086
326,229,1.3259266005265962,0,0,-0.10894486453141908,-0.10894486453141908
343,229,1.4098836273903435,0,0,-0.09332002110111413,-0.09332002110111413
353,229,0.9151175903001624,0,0,0.04335335892215553,0.04335335892215553
358,229,1.4370727496351565,0,0,0.08558139198583249,0.08558139198583249
374,229,1.5353549055469775,0,0,-0.025280725803142917,-0.025280725803142917
388,229,0.7480000235154438,0,0,0.06500556992353122,0.06500556992353122
395,229,1.405644851642046,0,0,0.005597380866710196,0.005597380866710196
269,230,0.3733104047085273,0,0,-0.020621583160864543,-0.020621583160864543
281,230,1.1508496908878005,0,0,-0.23102291213400572,-0.23102291213400572
283,230,0.02866878065421104,0,0,5.551115123125783e-17,5.551115123125783e-17
284,230,1.0271050579461916,0,0,0.09367492896491186,0.09367492896491186
285,230,0.9753965381808413,0,0,0.1655582756478019,0.1655582756478019
300,230,1.333134857349491,0,0,0.19151279559707263,0.19151279559707263
308,230,1.4467064093396609,0,0,-0.2254829615656111,-0.2254829615656111
329,230,0.8900323529429043,0,0,-0.1825944099103275,-0.1825944099103275
362,230,0.8518368712187637,0,0,0.07993917046695187,0.07993917046695187
366,230,0.5184652357712913,0,0,-0.11633275152529565,-0.11633275152529565
394,230,1.5651106858584902,0,0,0.04486728657579092,0.04486728657579092
255,231,1.4390264881351091,46,-1,-0.44218184051429843,0.5578181594857016
258,231,1.279155548352794,46,-1,-0.3191804348907179,0.6808195651092821
259,231,1.3998806513446365,0,0,0.2438373229694476,0.2438373229694476
265,231,1.0718935821116693,0,0,0.07177446533268561,0.07177446533268561
306,231,1.5579750141877937,0,0,-0.40532363075877514,-0.40532363075877514
316,231,0.7528425672756314,0,0,0.01966821681423475,0.01966821681423475
327,231,1.2737238002574398,46,-1,-0.2520912270073967,0.7479087729926033
340,231,1.584904448978155,46,-1,-0.46615593483540785,0.5338440651645922
356,231,0.8405922817104974,0,0,0.15476446643390818,0.15476446643390818
360,231,1.240771679194042,0,0,0.11465763744323787,0.11465763744323787
361,231,1.3926643683532778,0,0,0.1585493524028194,0.1585493524028194
368,231,0.706929448024583,0,0,0.18411358206478184,0.18411358206478184
378,231,1.192368046073324,0,0,0.17992257058472488,0.17992257058472488
255,232,0.5515829001244744,0,0,0.017479635641095975,0.017479635641095975
258,232,0.5446371503912509,0,0,0.1404810412646765,0.1404810412646765
268,232,0.6989564983438532,0,0,-0.03669490869028208,-0.03669490869028208
277,232,1.0111471816264763,0,0,0.03609370854930585,0.03609370854930585
282,232,0.9727053867903929,0,0,-0.05868778416370732,-0.05868778416370732
287,232,1.3578883134625814,0,0,0.055549057603012986,0.055549057603012986
298,232,1.480499708715061,0,0,-0.08396137539570184,-0.08396137539570184
306,232,1.5008258905805807,1,1,0.05433784539661923,-0.9456621546033808
316,232,1.5492152590669606,1,1,0.47932969296962913,-0.5206703070303709
327,232,0.790455459394141,0,0,0.20757024914799774,0.20757024914799774
340,232,1.0862847106362339,0,0,-0.0064944586800133874,-0.0064944586800133874
348,232,1.4119045845126565,1,1,0.37191423108292954,-0.6280857689170705
388,232,1.3124662115664159,0,0,-0.07397572731641747,-0.07397572731641747
392,232,0.6528013997363227,0,0,-0.03394031745472964,-0.03394031745472964
395,232,1.4895970941521077,0,0,-0.1333839163732385,-0.1333839163732385
397,232,0.8581265005042675,0,0,-0.021820013984545084,-0.021820013984545084
235,233,1.2618695079066269,0,0,0.0900397085498329,0.0900397085498329
239,233,0.7185841934803922,0,0,0.13577970071772527,0.13577970071772527
247,233,0.7572236904903229,0,0,0.04850194500703908,0.04850194500703908
250,233,1.249480318436774,46,-1,-0.19717828085403633,0.8028217191459637
264,233,1.541326761886884,46,-1,-0.13253679105933713,0.8674632089406629
281,233,1.3970624118225448,0,0,0.23198627613777756,0.23198627613777756
288,233,1.4201417094877495,0,0,0.08824243262158304,0.08824243262158304
295,233,1.2767206644256124,46,-1,-0.21480981624256734,0.7851901837574327
313,233,0.8999286988376458,0,0,0.10073356846950332,0.10073356846950332
315,233,1.3177942504366558,0,0,0.22538373612510887,0.22538373612510887
319,233,1.3853612642643949,46,-1,-0.244874094102018,0.755125905897982
323,233,1.4320745871209106,46,-1,-0.1603734459495222,0.8396265540504778
352,233,0.7942206755352349,46,-1,-0.15541012368407636,0.8445898763159236
260,234,1.0109776634627412,0,0,-0.014447805853861295,-0.014447805853861295
262,234,1.5498860353625004,46,-1,-0.21731938900603787,0.7826806109939621
263,234,0.8441043616382259,0,0,0.09223036127044854,0.09223036127044854
293,234,1.3357850329823322,0,0,0.273422795212261,0.273422795212261
311,234,0.49508415195236255,0,0,0.07581545342273172,0.07581545342273172
330,234,1.3495497988180243,0,0,-0.02444913560200579,-0.02444913560200579
239,235,0.9897200968761364,0,0,0.045739992167892374,0.045739992167892374
247,235,0.5433639343869952,0,0,-0.041537763542793815,-0.041537763542793815
261,235,1.0499633514013704,46,-1,-0.08616339873176948,0.9138366012682305
268,235,1.4963679600935869,46,-1,-0.01882330894603068,0.9811766910539693
274,235,1.2262265016386564,0,0,0.11445478891146099,0.11445478891146099
281,235,1.4846892109357528,0,0,0.14194656758794466,0.14194656758794466
288,235,0.18767057366766163,0,0,-0.001797275928249853,-0.001797275928249853
306,235,1.193221746770584,0,0,0.07220944514087069,0.07220944514087069
308,235,1.2664268429357308,0,0,0.14748651815633929,0.14748651815633929
313,235,0.4567788755709834,0,0,0.010693859919670423,0.010693859919670423
340,235,1.1510574952701245,46,-1,0.011377141064238039,1.011377141064238
344,235,0.47980361488723844,0,0,0.010111881299063152,0.010111881299063152
371,235,0.992252370768405,0,0,0.06181445791310025,0.06181445791310025
376,235,1.1757408402329734,0,0,0.0972793412477424,0.0972793412477424
387,235,0.8932413751607248,46,-1,-0.05116302583455845,0.9488369741654415
392,235,1.5465114861295801,46,-1,-0.016068717710478242,0.9839312822895218
395,235,1.5422540908813076,46,-1,-0.11551231662898709,0.8844876833710129
397,235,1.2735027243642945,46,-1,-0.003948414240293685,0.9960515857597063
245,236,1.2570539522404256,0,0,-0.1293934712463023,-0.1293934712463023
264,236,0.605567685904264,0,0,-0.04259206594831891,-0.04259206594831891
266,236,0.44046585482579703,0,0,-0.04706439539630915,-0.04706439539630915
293,236,1.281940004884903,0,0,-0.11281147318596509,-0.11281147318596509
294,236,1.1129914657201223,0,0,-0.11183620443500032,-0.11183620443500032
299,236,1.0447882681827125,0,0,-0.09708513237196169,-0.09708513237196169
323,236,1.0444172669955119,0,0,-0.07042872083850402,-0.07042872083850402
324,236,0.8976730072043909,0,0,0.14136134457518715,0.14136134457518715
325,236,0.630285320338141,0,0,0.10423052122177882,0.10423052122177882
342,236,0.709461254126248,0,0,-0.0714662051185546,-0.0714662051185546
251,237,0.311529228794606,0,0,-0.09581325055079537,-0.09581325055079537
307,237,1.3497058903601356,46,-1,-0.3252525015087201,0.6747474984912799
328,237,1.461344952350072,0,0,0.22385009712804582,0.22385009712804582
330,237,1.594832156820233,0,0,-0.17702181877298678,-0.17702181877298678
339,237,0.6376907339759561,0,0,0.1270775928738351,0.1270775928738351
347,237,1.0013256199593061,0,0,0.010793684087288119,0.010793684087288119
367,237,0.6338564712492274,0,0,-0.02467639790760523,-0.02467639790760523
391,237,1.4267396746119319,46,-1,-0.32701399510083795,0.672986004899162
240,238,1.4239721564087915,0,0,-0.10474409922608587,-0.10474409922608587
243,238,1.5155044234787545,0,0,-0.1095828019140865,-0.1095828019140865
252,238,1.1629763768444332,0,0,-0.05105981349480611,-0.05105981349480611
256,238,1.1606423499226153,0,0,0.08060256125980512,0.08060256125980512
275,238,1.5761262155232008,0,0,0.008044400628569051,0.008044400628569051
286,238,1.5288431317542484,0,0,0.01708783307620261,0.01708783307620261
298,238,1.2148354990369414,0,0,-0.0019268841010459253,-0.0019268841010459253
302,238,1.029355880277141,0,0,0.02377038055212459,0.02377038055212459
303,238,1.2925756286678587,0,0,-0.11505087577393809,-0.11505087577393809
322,238,0.967815625214104,0,0,-0.0527224069006369,-0.0527224069006369
334,238,1.5603868032616701,0,0,-0.019425472367668464,-0.019425472367668464
335,238,1.0104300331836744,0,0,0.021463504270423914,0.021463504270423914
353,238,1.0640116398243598,0,0,-0.01359344702313725,-0.01359344702313725
358,238,0.7272347109241363,0,0,0.028634586040539714,0.028634586040539714
370,238,0.761119711614657,0,0,-0.06634260690635221,-0.06634260690635221
374,238,1.0503967286108418,0,0,-0.0822275317484357,-0.0822275317484357
384,238,1.3583099079524719,0,0,-0.01292806390015222,-0.01292806390015222
385,238,0.522392045056096,0,0,-0.021826568510016506,-0.021826568510016506
388,238,1.4686230410120684,0,0,0.008058763978238445,0.008058763978238445
390,238,1.3403024455411248,0,0,-0.0481353296104889,-0.0481353296104889
247,239,0.636874704656735,0,0,-0.08727775571068619,-0.08727775571068619
274,239,1.2943391058400149,0,0,0.06871479674356862,0.06871479674356862
281,239,0.765667630719746,0,0,0.09620657542005229,0.09620657542005229
288,239,1.1252320199516928,0,0,-0.04753726809614223,-0.04753726809614223
308,239,1.0579195773133927,0,0,0.10174652598844691,0.10174652598844691
313,239,0.5786502720828989,0,0,-0.03504613224822195,-0.03504613224822195
315,239,1.2556845713955103,0,0,0.0896040354073836,0.0896040354073836
329,239,1.3311233573069077,0,0,0.14463507764373051,0.14463507764373051
344,239,1.3785297474221099,0,0,-0.03562811086882922,-0.03562811086882922
352,239,1.4057538691338778,46,-1,-0.29118982440180163,0.7088101755981984
366,239,1.3693355968061547,0,0,0.21089673602876235,0.21089673602876235
371,239,1.5027014644860925,0,0,0.016074465745207878,0.016074465745207878
243,240,1.545614491149135,0,0,-0.004838702688000629,-0.004838702688000629
244,240,0.9883301098333613,0,0,-0.13895836295621247,-0.13895836295621247
246,240,1.4164900622046586,0,0,0.038516525510807184,0.038516525510807184
290,240,1.0540086104815443,0,0,-0.14432314936694104,-0.14432314936694104
298,240,1.1946345304531025,0,0,0.10281721512503994,0.10281721512503994
303,240,1.183922565581181,0,0,-0.010306776547852226,-0.010306776547852226
312,240,0.8691867881105846,0,0,-0.13928820689184016,-0.13928820689184016
322,240,1.530392546119767,0,0,0.05202169232544897,0.05202169232544897
326,240,0.46535361585969004,0,0,-0.06114757125062599,-0.06114757125062599
353,240,0.8810460796055756,0,0,0.09115065220294861,0.09115065220294861
358,240,1.327124314892292,0,0,0.13337868526662558,0.13337868526662558
370,240,1.141617074270725,0,0,0.038401492319733666,0.038401492319733666
374,240,0.4555347791245455,0,0,0.022516567477650178,0.022516567477650178
388,240,1.4082947729288307,0,0,0.11280286320432431,0.11280286320432431
249,241,1.0820491826325762,0,0,-0.10145413397383604,-0.10145413397383604
262,241,1.2263495613720936,0,0,0.06830599210561522,0.06830599210561522
271,241,0.30533474157545076,0,0,0.03646740989895075,0.03646740989895075
278,241,1.492305657921089,0,0,-0.08882768029038865,-0.08882768029038865
279,241,0.5374757441954047,0,0,-0.027373805644294813,-0.027373805644294813
307,241,0.843582389158711,0,0,0.11294556277391404,0.11294556277391404
317,241,0.7826163119583208,0,0,0.01934197550414246,0.01934197550414246
318,241,0.2518876835174647,0,0,-0.0034848023457265676,-0.0034848023457265676
359,241,1.485226727848384,0,0,-0.18370704514149772,-0.18370704514149772
372,241,0.698718014092826,0,0,-0.049854210275157185,-0.049854210275157185
379,241,0.2842438382237364,0,0,0.026585659257565952,0.026585659257565952
380,241,0.6273359221881983,0,0,0.007282892105527128,0.007282892105527128
383,241,0.8374958694729582,0,0,0.09571233764086307,0.09571233764086307
386,241,0.7860743023562456,0,0,-0.06369667086226502,-0.06369667086226502
389,241,0.4960113979172306,0,0,-0.009241583099513173,-0.009241583099513173
391,241,1.1409020479036651,0,0,0.11118406918179624,0.11118406918179624
393,241,1.1840612349427153,0,0,0.02834609353852202,0.02834609353852202
246,242,1.1843962525744829,0,0,0.071684301973228,0.071684301973228
259,242,0.9779389401486503,0,0,-0.07655483389199538,-0.07655483389199538
261,242,1.5685738669532838,0,0,0.11591136850714168,0.11591136850714168
267,242,1.5560181377295088,0,0,-0.13403354445704854,-0.13403354445704854
273,242,0.29500457479042824,0,0,0.009235432220123602,0.009235432220123602
309,242,0.9124084978865686,0,0,0.03071753660037583,0.03071753660037583
331,242,0.9693530774773871,0,0,-0.016861003263161027,-0.016861003263161027
343,242,0.07946401352812393,0,0,-0.01235495135790022,-0.01235495135790022
360,242,1.4834960593212643,0,0,-0.20573451941820511,-0.20573451941820511
368,242,1.5942961906970434,0,0,-0.13627857479666114,-0.13627857479666114
378,242,1.0879417956607673,0,0,-0.1404695862767181,-0.1404695862767181
395,242,1.1054657932842544,0,0,0.08656245060992411,0.08656245060992411
244,243,1.5313767285338686,0,0,-0.13411966026821184,-0.13411966026821184
252,243,0.9965795028832646,0,0,0.058522988419280386,0.058522988419280386
270,243,0.2488350772886019,0,0,-0.014371731961988553,-0.014371731961988553
289,243,1.1361285087925417,0,0,-0.138417050670989,-0.138417050670989
297,243,0.8487888286260691,0,0,-0.024281108379321344,-0.024281108379321344
303,243,0.3900174672497496,0,0,-0.0054680738598515966,-0.0054680738598515966
322,243,0.6650401922349412,0,0,0.0568603950134496,0.0568603950134496
333,243,0.9721189446741081,0,0,-0.10699593325287,-0.10699593325287
350,243,1.5540703618653327,0,0,-0.08229540923620701,-0.08229540923620701
364,243,1.481375748774732,0,0,-0.000698184699654613,-0.000698184699654613
370,243,0.7996665386991746,0,0,0.043240195007734294,0.043240195007734294
374,243,1.1843309999837055,0,0,0.027355270165650807,0.027355270165650807
375,243,0.7791817444054291,0,0,-0.04397609993145726,-0.04397609993145726
385,243,1.2986905324445144,0,0,0.08775623340406999,0.08775623340406999
390,243,1.2019589717244654,0,0,0.061447472303597594,0.061447472303597594
399,243,0.9487735594685431,0,0,0.008398495325104161,0.008398495325104161
276,244,1.4214929717313844,0,0,-0.21951648409937372,-0.21951648409937372
290,244,0.10553261353761677,0,0,-0.0053647864107285725,-0.0053647864107285725
303,244,1.2015729832058268,0,0,0.12865158640836025,0.12865158640836025
304,244,1.35170276941591,0,0,-0.21951648409937422,-0.21951648409937422
312,244,0.3403011788575699,0,0,-0.00032984393562768277,-0.00032984393562768277
326,244,0.8760471804205436,0,0,0.07781079170558648,0.07781079170558648
370,244,1.490180594966366,0,0,0.17735985527594614,0.17735985527594614
374,244,1.0564293928799893,0,0,0.16147493043386266,0.16147493043386266
396,244,1.4246412862880355,0,0,-0.260103672781561,-0.260103672781561
250,245,1.5679564466756906,0,0,0.022159915503284167,0.022159915503284167
264,245,1.0183348474309912,0,0,0.08680140529798337,0.08680140529798337
266,245,1.0922862003367289,0,0,0.08232907584999313,0.08232907584999313
294,245,0.20646658661285686,0,0,0.017557266811301958,0.017557266811301958
299,245,0.29562436621275406,0,0,0.03230833887434059,0.03230833887434059
323,245,1.0077877120868333,0,0,0.058964750407798264,0.058964750407798264
342,245,0.5778457642005216,0,0,0.05792726612774768,0.05792726612774768
267,246,1.371017736721514,0,0,-0.20571784643027655,-0.20571784643027655
273,246,0.9592993664225582,0,0,-0.0624488697531044,-0.0624488697531044
282,246,1.085505596991802,0,0,0.08957428084622729,0.08957428084622729
298,246,1.0511970204364627,0,0,0.06430068961423277,0.06430068961423277
309,246,0.45499661290721644,0,0,-0.040966765372852175,-0.040966765372852175
326,246,1.4372034430797889,0,0,-0.09966409676143317,-0.09966409676143317
343,246,1.2325765162925635,0,0,-0.08403925333112822,-0.08403925333112822
353,246,1.11609713076037,0,0,0.05263412669214144,0.05263412669214144
388,246,0.9137600068096925,0,0,0.07428633769351714,0.07428633769351714
395,246,1.3466247780775022,0,0,0.014878148636696106,0.014878148636696106
261,247,1.4253583792383882,46,-1,-0.044625635188975665,0.9553743648110243
274,247,1.3876852583083226,0,0,0.1559925524542548,0.1559925524542548
281,247,1.261648508926577,0,0,0.18348433113073848,0.18348433113073848
288,247,0.6768731268915767,0,0,0.03974048761454396,0.03974048761454396
308,247,1.2834435846191388,0,0,0.1890242816991331,0.1890242816991331
313,247,0.2147077310615282,0,0,0.05223162346246424,0.05223162346246424
319,247,1.5579176046558054,46,-1,-0.29337603910905696,0.706623960890943
344,247,1.0196784214625458,0,0,0.05164964484185697,0.05164964484185697
352,247,1.3458095517832784,46,-1,-0.20391206869111544,0.7960879313088846
371,247,1.4030798171939787,0,0,0.10335222145589407,0.10335222145589407
376,247,1.5412249057046594,0,0,0.13881710479053622,0.13881710479053622
387,247,1.3248912559466164,46,-1,-0.009625262291764636,0.9903747377082354
276,248,1.0036514211942855,1,1,0.25550311588765706,-0.7444968841123429
277,248,1.1968488611705996,0,0,-0.16314973798670906,-0.16314973798670906
287,248,0.7325878955112728,0,0,-0.14369438893300193,-0.14369438893300193
304,248,1.0851406780630433,1,1,0.2555031158876566,-0.7444968841123434
332,248,0.5768907783784527,0,0,-0.11226811202609954,-0.11226811202609954
355,248,1.000573293732511,0,0,0.15162036766741072,0.15162036766741072
357,248,1.0936480243475788,0,0,0.07034960238082028,0.07034960238082028
396,248,1.5801991716511818,1,1,0.21491592720546993,-0.7850840727945301
257,249,1.1230034179202457,0,0,-0.15512027673527587,-0.15512027673527587
271,249,1.1211884370880163,0,0,0.1379215438727868,0.1379215438727868
275,249,1.5732328986234834,0,0,-0.1028202737772691,-0.1028202737772691
278,249,1.3439236575190667,0,0,0.012626453683447392,0.012626453683447392
279,249,0.6192669961573699,0,0,0.07408032832954123,0.07408032832954123
305,249,0.7495442440797196,0,0,-0.08122983299834254,-0.08122983299834254
307,249,1.5373238439655212,0,0,0.21439969674775008,0.21439969674775008
317,249,1.5924410074891622,0,0,0.1207961094779785,0.1207961094779785
318,249,0.9103678874083699,0,0,0.09796933162810947,0.09796933162810947
321,249,1.1191191741987054,0,0,-0.1614985577025448,-0.1614985577025448
328,249,1.4512327446249722,0,0,-0.23649770461548397,-0.23649770461548397
354,249,0.8718780944195761,0,0,-0.12387084144179296,-0.12387084144179296
359,249,0.6147076330397254,0,0,-0.08225291116766167,-0.08225291116766167
372,249,0.6679095091949545,0,0,0.05159992369867886,0.05159992369867886
373,249,1.121459604791236,0,0,-0.15201261847969624,-0.15201261847969624
379,249,1.040730173437119,0,0,0.128039793231402,0.128039793231402
380,249,0.9739895546593225,0,0,0.10873702607936317,0.10873702607936317
386,249,0.3043570810368481,0,0,0.03775746311157102,0.03775746311157102
389,249,1.0456606307360297,0,0,0.09221255087432287,0.09221255087432287
264,250,1.1008685778813523,0,0,0.0646414897946992,0.0646414897946992
285,250,1.565832666668311,0,0,-0.1742542552263785,-0.1742542552263785
295,250,0.5430009884081204,0,0,-0.017631535388531072,-0.017631535388531072
299,250,1.3429762075292364,0,0,0.010148423371056425,0.010148423371056425
319,250,1.0432531370688805,0,0,-0.04769581324798161,-0.04769581324798161
323,250,0.702229537538991,0,0,0.0368048349045141,0.0368048349045141
342,250,1.4028894582266649,0,0,0.03576735062446351,0.03576735062446351
352,250,0.5025852342692481,0,0,0.04176815716995995,0.04176815716995995
271,251,1.5037437462679375,46,-1,-0.305917403832888,0.694082596167112
307,251,1.0979696057420814,46,-1,-0.22943925095792472,0.7705607490420753
330,251,1.5808699119799623,0,0,-0.08120856822219141,-0.08120856822219141
339,251,0.8284648687171995,0,0,0.22289084342463047,0.22289084342463047
347,251,1.1723701403749638,0,0,0.10660693463808349,0.10660693463808349
367,251,0.5777478954507758,0,0,0.07113685264319014,0.07113685264319014
379,251,1.5478141101102805,46,-1,-0.31579915447427287,0.6842008455257271
380,251,1.5852470713323834,46,-1,-0.3351019216263116,0.6648980783736884
391,251,1.1578380414222311,46,-1,-0.23120074455004258,0.7687992554499574
256,252,1.434695730069658,0,0,0.13166237475461123,0.13166237475461123
270,252,1.088853258335892,0,0,-0.07289472038126894,-0.07289472038126894
275,252,1.0860801833469191,0,0,0.05910421412337516,0.05910421412337516
286,252,1.1872855302480196,0,0,0.06814764657100872,0.06814764657100872
297,252,1.1013348130359073,0,0,-0.08280409679860173,-0.08280409679860173
302,252,1.0274749092402025,0,0,0.0748301940469307,0.0748301940469307
303,252,1.1186820566490527,0,0,-0.06399106227913198,-0.06399106227913198
322,252,0.47124610362448727,0,0,-0.0016625934058307895,-0.0016625934058307895
333,252,1.5292137885647552,0,0,-0.16551892167215038,-0.16551892167215038
334,252,0.7364006602359224,0,0,0.031634341127137644,0.031634341127137644
335,252,0.9157187001130664,0,0,0.07252331776523002,0.07252331776523002
350,252,1.3897732575211785,0,0,-0.1408183976554874,-0.1408183976554874
364,252,1.1921335175646852,0,0,-0.059221173118935,-0.059221173118935
370,252,0.8356465182048878,0,0,-0.015282793411546099,-0.015282793411546099
374,252,1.5106662926378216,0,0,-0.031167718253629587,-0.031167718253629587
375,252,1.2085892431073835,0,0,-0.10249908835073765,-0.10249908835073765
384,252,0.6849164112429048,0,0,0.03813174959465389,0.03813174959465389
385,252,0.6964809535675164,0,0,0.029233244984789603,0.029233244984789603
390,252,0.2729100511715939,0,0,0.0029244838843172083,0.0029244838843172083
399,252,0.8027420678489329,0,0,-0.05012449309417623,-0.05012449309417623
254,253,0.20264043452470187,0,0,0.01054644499392704,0.01054644499392704
262,253,1.0572155096743103,0,0,0.0805387184734066,0.0805387184734066
272,253,0.38493688950467025,0,0,-0.020335504643863578,-0.020335504643863578
278,253,0.7183698008279865,0,0,-0.07659495392259727,-0.07659495392259727
279,253,1.5975634696592345,0,0,-0.015141079276503433,-0.015141079276503433
317,253,1.0903882301245513,0,0,0.03157470187193384,0.03157470187193384
324,253,1.1110531547086535,0,0,-0.1745462795471423,-0.1745462795471423
325,253,1.3273622226228832,0,0,-0.2116771029005506,-0.2116771029005506
338,253,0.3321221232820135,0,0,0.023311459599257234,0.023311459599257234
363,253,0.8694636734635449,1,1,0.046084617097275515,-0.9539153829027245
369,253,0.19913356143401836,0,0,-0.014810292529911284,-0.014810292529911284
372,253,1.3492670655413168,0,0,-0.037621483907365805,-0.037621483907365805
383,253,1.582235627282141,0,0,0.10794506400865445,0.10794506400865445
389,253,1.204666558554365,0,0,0.002991143268278207,0.002991143268278207
393,253,0.7938932717470172,0,0,0.0405788199063134,0.0405788199063134
262,254,1.1989795111076802,0,0,0.06999227347947956,0.06999227347947956
272,254,0.24216364767645732,0,0,-0.030881949637790618,-0.030881949637790618
278,254,0.8494318040379847,0,0,-0.08714139891652431,-0.08714139891652431
317,254,1.229594079545818,0,0,0.0210282568780068,0.0210282568780068
324,254,1.1866220003245376,0,0,-0.18509272454106934,-0.18509272454106934
325,254,1.3799689517881464,0,0,-0.22222354789447765,-0.22222354789447765
338,254,0.40061037351172557,0,0,0.012765014605330194,0.012765014605330194
363,254,0.7202432754651108,1,1,0.03553817210334853,-0.9644618278966515
369,254,0.2248561334924214,0,0,-0.025356737523838324,-0.025356737523838324
372,254,1.4921451975574986,0,0,-0.048167928901292845,-0.048167928901292845
389,254,1.363118292394818,0,0,-0.007555301725648833,-0.007555301725648833
393,254,0.9207208403457264,0,0,0.03003237491238636,0.03003237491238636
258,255,0.6188510959087817,0,0,0.12300140562358053,0.12300140562358053
261,255,1.5445253899465474,0,0,-0.12151463411711691,-0.12151463411711691
268,255,0.5600114205541968,0,0,-0.054174544331378055,-0.054174544331378055
277,255,1.5412778652740113,0,0,0.018614072908209878,0.018614072908209878
282,255,1.3105500638685568,0,0,-0.0761674198048033,-0.0761674198048033
306,255,0.9515142310566808,1,1,0.03685820975552323,-0.9631417902444768
316,255,1.5579839088847123,1,1,0.4618500573285331,-0.5381499426714669
327,255,0.9681967427920156,0,0,0.19009061350690176,0.19009061350690176
340,255,0.6153175027069642,0,0,-0.023974094321109363,-0.023974094321109363
344,255,1.2583116388464144,1,1,-0.025239354086284305,-1.0252393540862843
371,255,1.3316914163538058,1,1,0.026463222527752794,-0.9735367774722472
376,255,1.5017390947562743,1,1,0.061928105862395055,-0.938071894137605
387,255,1.3494796006521819,0,0,-0.08651426121990588,-0.08651426121990588
392,255,0.5874163200668401,0,0,-0.051419953095825616,-0.051419953095825616
395,255,1.372766316075504,0,0,-0.15086355201433446,-0.15086355201433446
397,255,0.5203442812903168,0,0,-0.03929964962564106,-0.03929964962564106
275,256,1.1703282410745746,0,0,-0.07255816063123607,-0.07255816063123607
286,256,0.9880849716547908,0,0,-0.06351472818360251,-0.06351472818360251
292,256,1.3652902597226306,0,0,0.31872610564515375,0.31872610564515375
302,256,0.46780185811841757,0,0,-0.056832180707680535,-0.056832180707680535
314,256,1.5129469958131563,0,0,0.1393654501640028,0.1393654501640028
322,256,1.4528831789389371,0,0,-0.13332496816044204,-0.13332496816044204
334,256,1.398079813858373,0,0,-0.10002803362747359,-0.10002803362747359
335,256,0.6262772287282904,0,0,-0.05913905698938121,-0.05913905698938121
370,256,1.5393178781517927,0,0,-0.14694516816615733,-0.14694516816615733
384,256,1.2207054792087293,0,0,-0.09353062515995735,-0.09353062515995735
385,256,0.9889866109034322,0,0,-0.10242912976982163,-0.10242912976982163
390,256,1.424662784359176,0,0,-0.12873789087029403,-0.12873789087029403
305,257,0.9878341486670164,0,0,0.07389044373693333,0.07389044373693333
321,257,0.12602166169553977,0,0,-0.006378280967268911,-0.006378280967268911
328,257,0.3986442145285753,0,0,-0.08137742788020812,-0.08137742788020812
334,257,1.5089563029453181,0,0,0.024830129961769254,0.024830129961769254
339,257,1.22737590769361,0,0,-0.17814993213441885,-0.17814993213441885
354,257,0.5661258662542535,0,0,0.03124943529348291,0.03124943529348291
359,257,0.5459531950250525,0,0,0.0728673655676142,0.0728673655676142
372,257,1.5749376390757253,0,0,0.20672020043395473,0.20672020043395473
373,257,0.19293288903083025,0,0,0.0031076582555796192,0.0031076582555796192
386,257,1.329138015988636,0,0,0.1928777398468469,0.1928777398468469
265,258,1.3370236576707875,1,1,0.3909549002234035,-0.6090450997765965
268,258,1.0526938549060036,0,0,-0.17717594995495858,-0.17717594995495858
277,258,1.397259519873082,0,0,-0.10438733271537065,-0.10438733271537065
282,258,1.486554469512521,0,0,-0.19916882542838382,-0.19916882542838382
296,258,1.5199851500825692,1,1,0.36681539151035536,-0.6331846084896446
306,258,1.4369605277978839,1,1,-0.08614319586805719,-1.0861431958680572
316,258,1.1681623373122405,1,1,0.3388486517049527,-0.6611513482950473
327,258,0.3551510982289844,0,0,0.06708920788332123,0.06708920788332123
340,258,1.2027631397988956,0,0,-0.1469754999446899,-0.1469754999446899
348,258,1.2049220657440098,1,1,0.231433189818253,-0.768566810181747
360,258,1.4463464724931905,1,1,0.43383807233395577,-0.5661619276660442
392,258,1.0578928017991416,0,0,-0.17442135871940614,-0.17442135871940614
397,258,1.1212733396187868,0,0,-0.1623010552492216,-0.1623010552492216
273,259,1.2177288745544252,0,0,0.08579026611211898,0.08579026611211898
316,259,1.5443073199729,0,0,-0.22416910615521285,-0.22416910615521285
331,259,0.548368820248701,0,0,0.05969383062883435,0.05969383062883435
343,259,0.9401827649534763,0,0,0.06419988253409516,0.06419988253409516
356,259,0.9665721596412418,0,0,-0.08907285653553944,-0.08907285653553944
360,259,1.5106058859111322,0,0,-0.12917968552620973,-0.12917968552620973
361,259,1.2309731159805406,0,0,-0.08528797056662822,-0.08528797056662822
368,259,0.8086649487463299,0,0,-0.05972374090466577,-0.05972374090466577
378,259,0.9532879796360503,0,0,-0.06391475238472273,-0.06391475238472273
395,259,1.4991271494369007,0,0,0.16311728450191948,0.16311728450191948
262,260,1.065707781125526,46,-1,-0.20287158315217657,0.7971284168478234
263,260,0.46300507122761386,0,0,0.10667816712430983,0.10667816712430983
293,260,1.5292097493592887,0,0,0.2878706010661223,0.2878706010661223
311,260,1.2442913725371065,0,0,0.09026325927659301,0.09026325927659301
317,260,1.470839276074168,46,-1,-0.25183559975364944,0.7481644002463506
330,260,0.344597612704412,0,0,-0.010001329748144494,-0.010001329748144494
347,260,1.033633458823047,0,0,0.1778141731121304,0.1778141731121304
383,260,1.1375841544468357,46,-1,-0.17546523761692878,0.8245347623830712
393,260,1.3705191065113114,46,-1,-0.24283148171926983,0.7571685182807302
268,261,1.1792480657353233,0,0,0.06734008978573885,0.06734008978573885
288,261,0.9337107480241402,1,1,0.08436612280351963,-0.9156338771964804
306,261,1.3874599368468905,1,1,0.15837284387264017,-0.8416271561273598
313,261,1.4304959904377845,1,1,0.0968572586514399,-0.9031427413485601
331,261,1.2388579112528204,0,0,-0.1327723717703027,-0.1327723717703027
340,261,1.0252817602183606,0,0,0.09754053979600755,0.09754053979600755
344,261,0.9299645167959173,1,1,0.09627528003083263,-0.9037247199691674
371,261,1.5162157033144326,1,1,0.14797785664486973,-0.8520221433551303
387,261,0.352093664684727,0,0,0.03500037289721103,0.03500037289721103
392,261,1.2754257835375369,0,0,0.0700946810212913,0.0700946810212913
395,261,0.6369480560370983,0,0,-0.02934891789721756,-0.02934891789721756
397,261,1.1568774821913863,0,0,0.08221498449147585,0.08221498449147585
263,262,1.420703605620208,1,1,0.30954975027648646,-0.6904502497235135
271,262,1.4394191647604284,0,0,-0.03183858220666447,-0.03183858220666447
272,262,1.4302471964373695,0,0,-0.10087422311727018,-0.10087422311727018
278,262,1.379764164018606,0,0,-0.15713367239600387,-0.15713367239600387
279,262,1.4957593035786665,0,0,-0.09567979774991003,-0.09567979774991003
317,262,0.52669941942797,0,0,-0.04896401660147276,-0.04896401660147276
318,262,1.4634329830719481,0,0,-0.07179079445134179,-0.07179079445134179
330,262,1.1150192894585822,1,1,0.19287025340403208,-0.8071297465959679
338,262,0.8189789717030549,0,0,-0.05722725887414937,-0.05722725887414937
363,262,1.5770827500455311,1,1,-0.03445410137613103,-1.034454101376131
369,262,1.2237657654511809,0,0,-0.09534901100331789,-0.09534901100331789
372,262,1.388782525336128,0,0,-0.1181602023807724,-0.1181602023807724
379,262,1.4641492643980094,0,0,-0.04172033284804927,-0.04172033284804927
383,262,0.6671187140915082,0,0,0.027406345535247845,0.027406345535247845
389,262,0.9784791198346822,0,0,-0.0775475752051284,-0.0775475752051284
393,262,0.35398879253127974,0,0,-0.0399598985670932,-0.0399598985670932
293,263,1.1640273515281396,0,0,0.18119243394181242,0.18119243394181242
311,263,0.9021284797633468,0,0,-0.01641490784771682,-0.01641490784771682
330,263,0.7228430427566095,0,0,-0.11667949687245432,-0.11667949687245432
347,263,0.9213560391170554,0,0,0.07113600598782058,0.07113600598782058
383,263,1.532758394214636,46,-1,-0.28214340474123856,0.7178565952587614
266,264,0.8488397334296295,0,0,-0.004472329447990239,-0.004472329447990239
294,264,0.9626936635225403,0,0,-0.06924413848668141,-0.06924413848668141
299,264,0.7351552572507466,0,0,-0.05449306642364278,-0.05449306642364278
323,264,0.4433085933450863,0,0,-0.02783665489018511,-0.02783665489018511
324,264,1.452029687084664,0,0,0.18395341052350606,0.18395341052350606
325,264,1.1778242909203351,0,0,0.14682258717009772,0.14682258717009772
342,264,0.5143212213782095,0,0,-0.028874139170235694,-0.028874139170235694
352,264,1.2386682366913602,0,0,-0.022873332624739257,-0.022873332624739257
267,265,1.48197151134059,0,0,0.11458414707170883,0.11458414707170883
296,265,0.6607636145263592,0,0,-0.024139508713048097,-0.024139508713048097
316,265,0.3345176967261564,0,0,-0.05210624851845086,-0.05210624851845086
327,265,1.1118390791132424,46,-1,-0.3238656923400822,0.6761343076599178
348,265,0.9532702979692667,0,0,-0.1595217104051505,-0.1595217104051505
356,265,1.5739198309698759,0,0,0.08299000110122257,0.08299000110122257
360,265,0.2822877545827639,0,0,0.04288317211055226,0.04288317211055226
368,265,1.276587636708716,0,0,0.11233911673209623,0.11233911673209623
378,265,0.7498862834802208,0,0,0.10814810525203927,0.10814810525203927
293,266,1.016960109159811,0,0,-0.06574707778965594,-0.06574707778965594
294,266,0.9045002928893603,0,0,-0.06477180903869117,-0.06477180903869117
299,266,0.955674791985136,0,0,-0.05002073697565254,-0.05002073697565254
311,266,1.3296188800145705,0,0,-0.26335441957918515,-0.26335441957918515
323,266,1.2439248067345783,0,0,-0.02336432544219487,-0.02336432544219487
324,266,1.0462547763551806,0,0,0.1884257399714963,0.1884257399714963
325,266,0.8384576725653824,0,0,0.15129491661808797,0.15129491661808797
342,266,0.6455511357924082,0,0,-0.024401809722245454,-0.024401809722245454
273,267,1.2898125296269185,0,0,0.14326897667717214,0.14326897667717214
296,267,0.889927528781267,0,0,-0.13872365578475693,-0.13872365578475693
309,267,1.0658172445342038,0,0,0.16475108105742436,0.16475108105742436
343,267,1.52811303393459,0,0,0.12167859309914833,0.12167859309914833
348,267,1.396555578879612,0,0,-0.27410585747685934,-0.27410585747685934
355,267,1.2285462739552986,46,-1,-0.29515627435636316,0.7048437256436368
360,267,1.2407934456857905,0,0,-0.07170097496115657,-0.07170097496115657
378,267,1.4520847558444923,0,0,-0.006436041819669558,-0.006436041819669558
277,268,1.4851689591394306,0,0,0.07278861723958793,0.07278861723958793
282,268,0.9185478213879695,0,0,-0.02199287547342524,-0.02199287547342524
288,268,1.428159589054798,1,1,0.01702603301778083,-0.9829739669822192
298,268,1.5169332012288441,0,0,-0.04726646670541976,-0.04726646670541976
306,268,1.1619384048198491,1,1,0.09103275408690137,-0.9089672459130986
327,268,1.358866216375727,0,0,0.24426515783827982,0.24426515783827982
340,268,0.5830004384522742,0,0,0.030200450010268692,0.030200450010268692
344,268,1.1030512951624492,1,1,0.028935190245093834,-0.9710648097549062
371,268,1.4668781832023927,1,1,0.08063776685913093,-0.9193622331408691
387,268,0.9392774520842462,0,0,-0.032339716888527825,-0.032339716888527825
388,268,1.26065463756589,0,0,-0.03728081862613539,-0.03728081862613539
392,268,0.1268014492166913,0,0,0.0027545912355524393,0.0027545912355524393
395,268,0.9229250003124364,0,0,-0.09668900768295641,-0.09668900768295641
397,268,0.31223682170375516,0,0,0.014874894705736996,0.014874894705736996
281,269,1.1462281364710474,0,0,-0.21040132897314118,-0.21040132897314118
283,269,0.37869419587889985,0,0,0.0206215831608646,0.0206215831608646
284,269,0.7668973353874188,0,0,0.1142965121257764,0.1142965121257764
285,269,0.8809278617574223,0,0,0.18617985880866644,0.18617985880866644
300,269,1.5747192932972744,0,0,0.21213437875793717,0.21213437875793717
308,269,1.5941143121679051,0,0,-0.20486137840474655,-0.20486137840474655
329,269,1.0552470221460384,0,0,-0.16197282674946295,-0.16197282674946295
362,269,0.5854261210429,0,0,0.10056075362781641,0.10056075362781641
366,269,0.5851617070748969,0,0,-0.09571116836443111,-0.09571116836443111
394,269,1.2057738417012818,0,0,0.06548886973665546,0.06548886973665546
289,270,0.9147800508783202,0,0,-0.12404531870900044,-0.12404531870900044
297,270,0.6635525937914388,0,0,-0.00990937641733279,-0.00990937641733279
303,270,0.5996093688347753,0,0,0.008903658102136957,0.008903658102136957
322,270,0.8264460272423435,0,0,0.07123212697543815,0.07123212697543815
333,270,0.7624515574063458,0,0,-0.09262420129088145,-0.09262420129088145
345,270,1.4720118344614002,46,-1,-0.2719012905617245,0.7280987094382755
350,270,1.3952656990896508,0,0,-0.06792367727421846,-0.06792367727421846
364,270,1.3766890173168564,0,0,0.01367354726233394,0.01367354726233394
370,270,1.0166638769803087,0,0,0.057611926969722844,0.057611926969722844
374,270,1.4157301004489018,0,0,0.04172700212763936,0.04172700212763936
375,270,0.5530883827663656,0,0,-0.029604367969468706,-0.029604367969468706
377,270,1.5704795657375867,46,-1,-0.2673285847984215,0.7326714152015785
385,270,1.439398457465437,0,0,0.10212796536605855,0.10212796536605855
390,270,1.2523293698609965,0,0,0.07581920426558615,0.07581920426558615
399,270,0.8607848113999309,0,0,0.022770227287092715,0.022770227287092715
279,271,0.6995419528162786,0,0,-0.06384121554324557,-0.06384121554324557
307,271,0.5720624385257591,0,0,0.07647815287496329,0.07647815287496329
317,271,1.0458643309766444,0,0,-0.017125434394808292,-0.017125434394808292
318,271,0.2619634656871379,0,0,-0.03995221224467732,-0.03995221224467732
359,271,1.4976235143737875,0,0,-0.22017445504044847,-0.22017445504044847
372,271,0.9112876100720837,0,0,-0.08632162017410794,-0.08632162017410794
379,271,0.08824880264317658,0,0,-0.009881750641384801,-0.009881750641384801
380,271,0.41683574637125614,0,0,-0.029184517793423626,-0.029184517793423626
383,271,0.9336095310194634,0,0,0.05924492774191231,0.05924492774191231
386,271,0.8577028614910109,0,0,-0.10016408076121577,-0.10016408076121577
389,271,0.7733293192954486,0,0,-0.045708992998463926,-0.045708992998463926
391,271,0.8367103731464347,0,0,0.07471665928284549,0.07471665928284549
393,271,1.447571343696377,0,0,-0.008121316360428732,-0.008121316360428732
278,272,0.8350168869769599,0,0,-0.05625944927873369,-0.05625944927873369
317,272,1.429610795201552,0,0,0.05191020651579742,0.05191020651579742
324,272,1.0927138366849247,0,0,-0.15421077490327872,-0.15421077490327872
325,272,1.266964426470922,0,0,-0.19134159825668703,-0.19134159825668703
338,272,0.6421698331728518,0,0,0.04364696424312081,0.04364696424312081
363,272,0.7541642288715882,1,1,0.0664201217411391,-0.9335798782588609
369,272,0.27046159271037634,0,0,0.005525212113952294,0.005525212113952294
372,272,1.5643698877538308,0,0,-0.017285979263502227,-0.017285979263502227
381,272,1.4912745783566888,1,1,0.02642721559239547,-0.9735727844076045
389,272,1.4984696063006355,0,0,0.023326647912141785,0.023326647912141785
393,272,1.1481970447506977,0,0,0.06091432455017698,0.06091432455017698
296,273,1.5009191854891164,0,0,-0.28199263246192907,-0.28199263246192907
309,273,0.6409660358748456,0,0,0.021482104380252227,0.021482104380252227
331,273,1.2559557237206411,0,0,-0.02609643548328463,-0.02609643548328463
343,273,0.3060977117997013,0,0,-0.02159038357802382,-0.02159038357802382
360,273,1.3963686588806394,0,0,-0.21496995163832872,-0.21496995163832872
378,273,1.1024430787044466,0,0,-0.1497050184968417,-0.1497050184968417
395,273,1.1920406042312177,0,0,0.07732701838980051,0.07732701838980051
280,274,1.4515687056259894,0,0,0.34337099182783987,0.34337099182783987
281,274,1.0221759909119688,0,0,0.02749177867648367,0.02749177867648367
288,274,1.1691831296124737,0,0,-0.11625206483971084,-0.11625206483971084
306,274,1.1089945290558492,0,0,-0.042245343770590305,-0.042245343770590305
308,274,0.3627099912086898,0,0,0.033031729244878294,0.033031729244878294
313,274,1.181876145047108,0,0,-0.10376092899179057,-0.10376092899179057
329,274,0.967274264820695,0,0,0.0759202809001619,0.0759202809001619
340,274,1.5976014202040165,46,-1,-0.10307764784722295,0.896922352152777
344,274,1.1960288925348284,0,0,-0.10434290761239784,-0.10434290761239784
366,274,1.3968064984517214,0,0,0.14218193928519374,0.14218193928519374
371,274,0.7091812356128451,0,0,-0.05264033099836074,-0.05264033099836074
376,274,0.5815211333785665,0,0,-0.01717544766371859,-0.01717544766371859
286,275,0.22530725676599478,0,0,0.00904343244763356,0.00904343244763356
302,275,0.7740455468409151,0,0,0.01572597992355554,0.01572597992355554
305,275,0.8707887427322671,0,0,0.021590440778926565,0.021590440778926565
314,275,1.0460308150202529,0,0,0.2119236107952389,0.2119236107952389
321,275,1.5169221324440378,0,0,-0.05867828392527568,-0.05867828392527568
322,275,1.4603394399928848,0,0,-0.06076680752920595,-0.06076680752920595
334,275,0.4719188222271619,0,0,-0.027469872996237515,-0.027469872996237515
335,275,0.6654293463833622,0,0,0.013419103641854863,0.013419103641854863
354,275,1.110723326954335,0,0,-0.02105056766452386,-0.02105056766452386
359,275,1.5465377186042308,0,0,0.020567362609607426,0.020567362609607426
373,275,1.5345170480321173,0,0,-0.04919234470242715,-0.04919234470242715
384,275,0.41010557812157394,0,0,-0.02097246452872127,-0.02097246452872127
385,275,1.1240410811655612,0,0,-0.029870969138585557,-0.029870969138585557
390,275,0.8825302565774799,0,0,-0.05617973023905795,-0.05617973023905795
399,275,1.520993726991058,0,0,-0.10922870721755139,-0.10922870721755139
290,276,1.3550321502864004,0,0,0.21415169768864514,0.21415169768864514
304,276,0.09878105423447381,0,0,-4.996003610813204e-16,-4.996003610813204e-16
312,276,1.4229997317988334,0,0,0.21918664016374603,0.21918664016374603
326,276,1.5438904034827774,0,0,0.2973272758049602,0.2973272758049602
332,276,1.4375177861919213,46,-1,-0.3677712279137566,0.6322287720862434
355,276,1.3635178426978536,46,-1,-0.10388274822024646,0.8961172517797535
357,276,1.2336587506924022,46,-1,-0.18515351350683684,0.8148464864931632
396,276,1.1804551069506048,0,0,-0.04058718868218725,-0.04058718868218725
282,277,0.9700319693401968,0,0,-0.09478149271301317,-0.09478149271301317
287,277,0.48082729634782995,0,0,0.019455349053707133,0.019455349053707133
298,277,1.0211682098525303,0,0,-0.12005508394500769,-0.12005508394500769
327,277,1.4384177568982313,0,0,0.17147654059869188,0.17147654059869188
332,277,0.6587580937408344,0,0,0.05088162596060952,0.05088162596060952
348,277,1.5466842955933582,1,1,0.3358205225336237,-0.6641794774663763
353,277,1.2570167286370881,0,0,-0.13172164686709903,-0.13172164686709903
355,277,1.5320829985825555,0,0,0.3147701056541198,0.3147701056541198
358,277,0.9481676777293142,0,0,-0.08949361380342205,-0.08949361380342205
388,277,1.0845280472930547,0,0,-0.11006943586572332,-0.11006943586572332
392,277,1.3863527686352235,0,0,-0.0700340260040355,-0.0700340260040355
279,278,1.218618259373031,0,0,0.06145387464609384,0.06145387464609384
317,278,1.237692842630494,0,0,0.10816965579453111,0.10816965579453111
318,278,1.565487720945097,0,0,0.08534287794466208,0.08534287794466208
324,278,0.8275327659734383,0,0,-0.09795132562454502,-0.09795132562454502
325,278,1.0973950858720742,0,0,-0.13508214897795334,-0.13508214897795334
338,278,0.9871996464815291,0,0,0.0999064135218545,0.0999064135218545
359,278,1.3873564975481825,0,0,-0.09487936485110907,-0.09487936485110907
363,278,1.5262666383373784,1,1,0.12267957101987281,-0.8773204289801272
369,278,0.6314777003926683,0,0,0.061784661392685986,0.061784661392685986
372,278,0.9365566659363127,0,0,0.038973470015231465,0.038973470015231465
386,278,1.2748480825580628,0,0,0.02513100942812363,0.02513100942812363
389,278,1.0128192132619296,0,0,0.07958609719087548,0.07958609719087548
393,278,1.1587837129540794,0,0,0.11717377382891067,0.11717377382891067
305,279,1.3494877007393669,0,0,-0.15531016132788378,-0.15531016132788378
307,279,1.2434049290327975,0,0,0.14031936841820886,0.14031936841820886
317,279,1.0371742832773077,0,0,0.046715781148437274,0.046715781148437274
318,279,0.4477422037935888,0,0,0.023889003298568245,0.023889003298568245
354,279,1.4714757166286352,0,0,-0.1979511697713342,-0.1979511697713342
359,279,1.1153386955395321,0,0,-0.1563332394972029,-0.1563332394972029
369,279,1.5753813588480852,0,0,0.0003307867465921488,0.0003307867465921488
372,279,0.28297435054038117,0,0,-0.02248040463086237,-0.02248040463086237
379,279,0.619903601018596,0,0,0.053959464901860765,0.053959464901860765
380,279,0.7352375021739036,0,0,0.03465669774982194,0.03465669774982194
383,279,1.2727873035624115,0,0,0.12308614328515788,0.12308614328515788
386,279,0.3208590131422694,0,0,-0.03632286521797021,-0.03632286521797021
389,279,0.5207975867865753,0,0,0.01813222254478164,0.01813222254478164
391,279,1.4407062100574637,0,0,0.13855787482609105,0.13855787482609105
393,279,1.3571343121964754,0,0,0.055719899182816834,0.055719899182816834
300,280,1.3243607073455101,0,0,0.10665649457972215,0.10665649457972215
308,280,1.5976540974592939,0,0,-0.3103392625829616,-0.3103392625829616
341,280,1.3171037119852023,0,0,0.20235939582743315,0.20235939582743315
351,280,1.2939785320384294,0,0,0.20704386773823338,0.20704386773823338
361,280,1.3363053277019554,0,0,0.17825664756316437,0.17825664756316437
376,280,1.5249599037872046,0,0,-0.36054643949155846,-0.36054643949155846
382,280,1.0830789769657356,0,0,0.16525269513229912,0.16525269513229912
398,280,0.4218214286988658,0,0,0.10694861179587667,0.10694861179587667
283,281,1.1785497454914864,0,0,0.23102291213400578,0.23102291213400578
288,281,1.5479082068655625,0,0,-0.1437438435161945,-0.1437438435161945
308,281,0.6650147837776131,0,0,0.005539950568394625,0.005539950568394625
313,281,1.1294775478139796,0,0,-0.13125270766827424,-0.13125270766827424
315,281,1.3541073617863841,0,0,-0.0066025400126686895,-0.0066025400126686895
329,281,0.6132916722105118,0,0,0.04842850222367823,0.04842850222367823
366,281,0.6972280749736283,0,0,0.11469016060871007,0.11469016060871007
371,281,1.546381557744938,0,0,-0.08013210967484441,-0.08013210967484441
376,281,1.5534356075414688,0,0,-0.04466722634020226,-0.04466722634020226
287,282,1.390659529701085,0,0,0.1142368417667203,0.1142368417667203
298,282,0.6008035079038042,0,0,-0.02527359123199452,-0.02527359123199452
309,282,1.3973721846738167,0,0,-0.13054104621907947,-0.13054104621907947
332,282,1.5449753675833817,0,0,0.1456631186736227,0.1456631186736227
340,282,1.497920266623349,0,0,0.05219332548369393,0.05219332548369393
353,282,0.9315752822755042,0,0,-0.036940154154085844,-0.036940154154085844
358,282,1.010661201743897,0,0,0.0052878789095911205,0.0052878789095911205
387,282,1.5217776651413477,0,0,-0.010346841415102587,-0.010346841415102587
388,282,0.36155331531538526,0,0,-0.015287943152710148,-0.015287943152710148
392,282,0.8443570005206772,0,0,0.024747466708977678,0.024747466708977678
395,282,1.231317261034818,0,0,-0.07469613220953117,-0.07469613220953117
397,282,1.197674979505233,0,0,0.036867770179162235,0.036867770179162235
284,283,1.015339869508608,0,0,0.09367492896491181,0.09367492896491181
285,283,0.9624947339881514,0,0,0.16555827564780184,0.16555827564780184
300,283,1.3269624624911944,0,0,0.19151279559707257,0.19151279559707257
308,283,1.4716120880105286,0,0,-0.22548296156561115,-0.22548296156561115
329,283,0.916137681291655,0,0,-0.18259440991032755,-0.18259440991032755
362,283,0.8403602887059699,0,0,0.07993917046695181,0.07993917046695181
366,283,0.5469323856571916,0,0,-0.11633275152529571,-0.11633275152529571
394,283,1.5633563605875123,0,0,0.044867286575790866,0.044867286575790866
285,284,0.5803022364755598,0,0,0.07188334668289004,0.07188334668289004
295,284,1.4966681214563387,0,0,0.22850606652073746,0.22850606652073746
319,284,1.4051121700369589,0,0,0.19844178866128692,0.19844178866128692
362,284,0.2024240103520219,0,0,-0.013735758497959993,-0.013735758497959993
366,284,1.3364503969468697,0,0,-0.21000768049020752,-0.21000768049020752
394,284,0.7542613482837708,0,0,-0.04880764238912094,-0.04880764238912094
295,285,1.1691737888404043,0,0,0.15662271983784742,0.15662271983784742
300,285,1.2771816945921524,0,0,0.025954519949270727,0.025954519949270727
319,285,0.9213735515176998,0,0,0.12655844197839689,0.12655844197839689
352,285,1.5536005750090698,0,0,0.21602241239633846,0.21602241239633846
362,285,0.6311508824414499,0,0,-0.08561910518085003,-0.08561910518085003
366,285,1.3271938448990295,0,0,-0.28189102717309755,-0.28189102717309755
394,285,1.2483490585115666,0,0,-0.12069098907201098,-0.12069098907201098
302,286,0.6423429363232003,0,0,0.006682547475921979,0.006682547475921979
305,286,1.0098397432356991,0,0,0.012547008331293005,0.012547008331293005
314,286,0.9633194091024946,0,0,0.20288017834760533,0.20288017834760533
322,286,1.5104199852932194,0,0,-0.06981023997683951,-0.06981023997683951
334,286,0.6618883705083161,0,0,-0.036513305443871075,-0.036513305443871075
335,286,0.5684412768259944,0,0,0.004375671194221303,0.004375671194221303
354,286,1.2996856440684645,0,0,-0.030094000112157418,-0.030094000112157418
384,286,0.5569973394655862,0,0,-0.03001589697635483,-0.03001589697635483
385,286,1.1106335898132458,0,0,-0.038914401586219116,-0.038914401586219116
390,286,1.0115269699800038,0,0,-0.06522316268669151,-0.06522316268669151
298,287,1.3306919241725759,0,0,-0.13951043299871482,-0.13951043299871482
327,287,1.5587985550981815,0,0,0.15202119154498475,0.15202119154498475
332,287,0.2562935075802067,0,0,0.03142627690690239,0.03142627690690239
348,287,1.427830855254562,1,1,0.31636517347991655,-0.6836348265200834
353,287,1.4906023648895435,0,0,-0.15117699592080613,-0.15117699592080613
355,287,1.2033973271068221,0,0,0.2953147566004126,0.2953147566004126
357,287,1.4917125627428547,0,0,0.2140439913138222,0.2140439913138222
358,287,1.2013910645223236,0,0,-0.10894896285712918,-0.10894896285712918
388,287,1.4467345175460242,0,0,-0.12952478491943045,-0.12952478491943045
306,288,1.0697651780220911,0,0,0.07400672106912054,0.07400672106912054
308,288,1.2542203187911218,0,0,0.14928379408458914,0.14928379408458914
313,288,0.5797456295482066,0,0,0.012491135847920276,0.012491135847920276
340,288,1.0403838691407952,46,-1,0.013174416992487892,1.013174416992488
344,288,0.3814745826630124,0,0,0.011909157227313005,0.011909157227313005
371,288,0.9033473038749087,0,0,0.0636117338413501,0.0636117338413501
376,288,1.063490599319391,0,0,0.09907661717599225,0.09907661717599225
387,288,0.811660539162662,46,-1,-0.0493657499063086,0.9506342500936914
392,288,1.491506180874653,46,-1,-0.014271441782228389,0.9857285582177716
395,288,1.4475676747386828,46,-1,-0.11371504070073724,0.8862849592992628
397,288,1.2060700592589868,46,-1,-0.002151138312043832,0.9978488616879562
297,289,0.9197356153690174,0,0,0.11413594229166765,0.11413594229166765
303,289,1.3522667396577748,0,0,0.1329489768111374,0.1329489768111374
310,289,1.3405964027863504,46,-1,-0.21500341450955052,0.7849965854904495
320,289,1.2540506204201278,46,-1,-0.02456707629268784,0.9754329237073122
322,289,1.5463691637745098,0,0,0.1952774456844386,0.1952774456844386
333,289,0.20296543400501652,0,0,0.031421117418118996,0.031421117418118996
345,289,0.8229670459256003,46,-1,-0.14785597185272414,0.8521440281472759
349,289,1.4334158771470535,46,-1,-0.18221272736893335,0.8177872726310667
350,289,1.4154753196250132,0,0,0.05612164143478199,0.05612164143478199
375,289,0.6700110254149358,0,0,0.09444095073953174,0.09444095073953174
377,289,0.8118872299803529,46,-1,-0.1432832660894211,0.8567167339105789
399,289,1.2941981654268715,0,0,0.14681554599609314,0.14681554599609314
303,290,1.3050977319863362,0,0,0.13401637281908882,0.13401637281908882
304,290,1.2826545034576224,0,0,-0.21415169768864564,-0.21415169768864564
312,290,0.32716505486105607,0,0,0.00503494247510089,0.00503494247510089
326,290,0.8977862090107419,0,0,0.08317557811631505,0.08317557811631505
370,290,1.5897682811439884,0,0,0.1827246416866747,0.1827246416866747
374,290,1.1460495008091875,0,0,0.16683971684459123,0.16683971684459123
396,290,1.4042719320574568,0,0,-0.2547388863708324,-0.2547388863708324
297,291,1.5320879613456508,1,1,0.19394670990496743,-0.8060532900950326
301,291,0.9661217129042357,0,0,-0.1908676789644641,-0.1908676789644641
310,291,1.158546191958014,0,0,-0.13519264689625066,-0.13519264689625066
320,291,0.6543587850709497,0,0,0.05524369132061202,0.05524369132061202
337,291,1.256520165269848,0,0,-0.25344696829302604,-0.25344696829302604
346,291,1.0903978304749737,1,1,0.1297622761662538,-0.8702377238337462
349,291,0.742221167830843,0,0,-0.10240195975563349,-0.10240195975563349
350,291,0.9536699276956628,1,1,0.1359324090480818,-0.8640675909519182
364,291,1.3207554279021099,1,1,0.21752963358463417,-0.7824703664153658
365,291,1.4315152808530687,0,0,-0.2430805286816814,-0.2430805286816814
377,291,1.3665976317822748,0,0,-0.06347249847612124,-0.06347249847612124
399,291,1.553986059116696,1,1,0.226626313609393,-0.773373686390607
400,291,0.479705069311822,0,0,-0.13883735243202022,-0.13883735243202022
345,292,1.2473314494083634,0,0,0.20481550865724152,0.20481550865724152
357,292,0.8686140922597717,0,0,-0.047701126693467766,-0.047701126693467766
396,292,0.7283002522017432,1,1,0.09686519813118188,-0.9031348018688181
311,293,0.9733459622736551,0,0,-0.19760734178952924,-0.19760734178952924
324,293,1.2277779664548798,0,0,0.25417281776115225,0.25417281776115225
325,293,1.2262896203120766,0,0,0.2170419944077439,0.2170419944077439
347,293,1.4503099572125695,0,0,-0.11005642795399184,-0.11005642795399184
299,294,0.31277594857853047,0,0,0.014751072063038634,0.014751072063038634
323,294,1.041454477184984,0,0,0.041407483596496306,0.041407483596496306
342,294,0.46903896070752515,0,0,0.04036999931644572,0.04036999931644572
319,295,0.5082329932164369,0,0,-0.03006427785945054,-0.03006427785945054
323,295,1.239510550733816,0,0,0.05443637029304517,0.05443637029304517
352,295,0.5855775725581083,0,0,0.05939969255849102,0.05939969255849102
309,296,1.5836069276209166,0,0,0.3034747368421813,0.3034747368421813
316,296,0.9562598496159024,0,0,-0.027966739805402763,-0.027966739805402763
327,296,1.2747288299441593,46,-1,-0.2997261836270342,0.7002738163729658
348,296,0.7086249980471919,0,0,-0.1353822016921024,-0.1353822016921024
355,296,1.1904626293874414,46,-1,-0.15643261857160629,0.8435673814283937
360,296,0.5170608598405443,0,0,0.06702268082360036,0.06702268082360036
378,296,1.0246497466646838,0,0,0.13228761396508737,0.13228761396508737
303,297,1.2211518045982601,0,0,0.018813034519469748,0.018813034519469748
320,297,1.0499507581127465,46,-1,-0.1387030185843554,0.8612969814156446
322,297,1.1196145328059688,0,0,0.08114150339277094,0.08114150339277094
333,297,0.8176373672400039,0,0,-0.08271482487354866,-0.08271482487354866
334,297,1.4693028985878391,0,0,0.11443843792573938,0.11443843792573938
346,297,1.426965955572466,0,0,-0.06418443373871374,-0.06418443373871374
349,297,1.5553776707807052,46,-1,-0.296348669660601,0.703651330339399
350,297,0.7408503918107868,0,0,-0.058014300856885664,-0.058014300856885664
364,297,0.7965852890156169,0,0,0.02358292367966673,0.02358292367966673
370,297,1.464334711360002,0,0,0.06752130338705564,0.06752130338705564
375,297,0.26078743080922817,0,0,-0.019694991552135915,-0.019694991552135915
377,297,1.3609316478360662,46,-1,-0.25741920838108867,0.7425807916189113
384,297,1.5362113407413933,0,0,0.12093584639325562,0.12093584639325562
390,297,1.1195753340132384,0,0,0.08572858068291894,0.08572858068291894
399,297,0.4192761484959516,0,0,0.032679603704425506,0.032679603704425506
309,298,1.4387727419596716,0,0,-0.10526745498708494,-0.10526745498708494
326,298,1.408617366566144,0,0,-0.16396478637566592,-0.16396478637566592
332,298,1.3914265549848692,0,0,0.1709367099056172,0.1709367099056172
353,298,0.3388283849179879,0,0,-0.011666562922091325,-0.011666562922091325
358,298,0.5932241172645528,0,0,0.03056147014158564,0.03056147014158564
370,298,1.5427396693042905,0,0,-0.06441572280530627,-0.06441572280530627
374,298,1.2147401195040053,0,0,-0.08030064764738977,-0.08030064764738977
388,298,0.30080608237775447,0,0,0.00998564807928437,0.00998564807928437
392,298,1.4371039952426725,0,0,0.0500210579409722,0.0500210579409722
323,299,0.7395782527151286,0,0,0.026656411533457672,0.026656411533457672
342,299,0.34211117184144485,0,0,0.025618927253407087,0.025618927253407087
319,300,1.2644779684250826,0,0,0.10060392202912616,0.10060392202912616
341,300,0.7383928217757173,0,0,0.095702901247711,0.095702901247711
351,300,0.9979130524449746,0,0,0.10038737315851123,0.10038737315851123
366,300,1.5828287857706527,0,0,-0.3078455471223683,-0.3078455471223683
382,300,0.5923064302353277,0,0,0.05859620055257697,0.05859620055257697
398,300,1.152765314330495,0,0,0.00029211721615451935,0.00029211721615451935
310,301,0.7838869065445188,0,0,0.05567503206821345,0.05567503206821345
314,301,1.1766174452591482,0,0,-0.26135368941335263,-0.26135368941335263
320,301,1.388181444120692,0,0,0.24611137028507613,0.24611137028507613
337,301,0.7894943857691878,0,0,-0.06257928932856194,-0.06257928932856194
349,301,0.6061090276506039,0,0,0.08846571920883062,0.08846571920883062
365,301,1.0807888544743596,0,0,-0.05221284971721729,-0.05221284971721729
377,301,1.277840870286654,0,0,0.12739518048834286,0.12739518048834286
400,301,0.5457913428788004,0,0,0.05203032653244388,0.05203032653244388
314,302,1.4010350806437764,0,0,0.19619763087168335,0.19619763087168335
322,302,1.1510426024909497,0,0,-0.07649278745276149,-0.07649278745276149
334,302,0.9477481828410742,0,0,-0.043195852919793054,-0.043195852919793054
335,302,0.16189106463269037,0,0,-0.002306876281700676,-0.002306876281700676
370,302,1.3125781398628837,0,0,-0.09011298745847679,-0.09011298745847679
384,302,0.7590715486189207,0,0,-0.03669844445227681,-0.03669844445227681
385,302,0.678715365603076,0,0,-0.045596949062141096,-0.045596949062141096
390,302,0.9894846308662903,0,0,-0.07190571016261349,-0.07190571016261349
399,302,1.5720009279059866,0,0,-0.12495468714110693,-0.12495468714110693
312,303,1.3926672637371886,0,0,-0.12898143034398793,-0.12898143034398793
322,303,0.6731309848749473,0,0,0.06232846887330119,0.06232846887330119
326,303,1.517809225155774,0,0,-0.050840794702773764,-0.050840794702773764
333,303,1.183554764458288,0,0,-0.10152785939301841,-0.10152785939301841
370,303,0.5856673302946395,0,0,0.04870826886758589,0.04870826886758589
374,303,0.8216020743268374,0,0,0.0328233440255024,0.0328233440255024
375,303,1.128079459668651,0,0,-0.03850802607160567,-0.03850802607160567
385,303,1.2100864740248922,0,0,0.09322430726392159,0.09322430726392159
390,303,1.3633066544151782,0,0,0.06691554616344919,0.06691554616344919
399,303,1.2904474253825828,0,0,0.013866569184955758,0.013866569184955758
312,304,1.364594690270889,0,0,0.21918664016374653,0.21918664016374653
326,304,1.5231547107243604,0,0,0.2973272758049607,0.2973272758049607
332,304,1.5048577447955536,46,-1,-0.36777122791375616,0.6322287720862438
355,304,1.4578654157779467,46,-1,-0.1038827482202459,0.8961172517797541
357,304,1.2345891591840357,46,-1,-0.1851535135068363,0.8148464864931637
396,304,1.1243858946105525,0,0,-0.04058718868218675,-0.04058718868218675
314,305,1.1990719144359911,0,0,0.19033317001631234,0.19033317001631234
318,305,1.5549907337057687,0,0,0.17919916462645202,0.17919916462645202
321,305,0.9015139435992924,0,0,-0.08026872470420224,-0.08026872470420224
328,305,1.2378081275573334,0,0,-0.15526787161714145,-0.15526787161714145
334,305,1.0297383661030277,0,0,-0.04906031377516408,-0.04906031377516408
335,305,1.527616114413367,0,0,-0.008171337137071702,-0.008171337137071702
354,305,0.4633447278461595,0,0,-0.04264100844345042,-0.04264100844345042
359,305,0.7495714131998047,0,0,-0.0010230781693191388,-0.0010230781693191388
372,305,1.414293776683979,0,0,0.1328297566970214,0.1328297566970214
373,305,0.9357811827062202,0,0,-0.07078278548135372,-0.07078278548135372
380,305,1.4539659202084685,0,0,0.18996685907770572,0.18996685907770572
384,305,1.1202430784448203,0,0,-0.042562905307647836,-0.042562905307647836
386,305,1.0340985052868839,0,0,0.11898729610991356,0.11898729610991356
390,305,1.5044613737804426,0,0,-0.07777017101798452,-0.07777017101798452
308,306,1.4236002152707943,0,0,0.0752770730154686,0.0752770730154686
313,306,1.5169992193794952,0,0,-0.061515585221200264,-0.061515585221200264
340,306,0.6052901792466452,46,-1,-0.06083230407663265,0.9391676959233674
344,306,0.7626541252285808,0,0,-0.062097563841807535,-0.062097563841807535
371,306,0.44887352560687166,0,0,-0.010394987227770436,-0.010394987227770436
376,306,0.5536660189799228,0,0,0.025069896106871714,0.025069896106871714
387,306,1.2692861880209843,46,-1,-0.12337247097542914,0.8766275290245709
392,306,1.2368929333050094,46,-1,-0.08827816285134893,0.9117218371486511
397,306,0.8942632104532374,46,-1,-0.07615785938116437,0.9238421406188356
317,307,1.424639842608641,0,0,-0.09360358726977158,-0.09360358726977158
318,307,0.8210963692233788,0,0,-0.11643036511964061,-0.11643036511964061
367,307,1.3917891762841303,1,1,0.30057610360111486,-0.6994238963988851
372,307,1.4403978664176786,0,0,-0.16279977304907123,-0.16279977304907123
379,307,0.6444641698770448,0,0,-0.08635990351634809,-0.08635990351634809
380,307,0.7290902401245274,0,0,-0.10566267066838692,-0.10566267066838692
383,307,1.043155453160361,0,0,-0.017233225133050978,-0.017233225133050978
386,307,1.3302252737004656,0,0,-0.17664223363617906,-0.17664223363617906
389,307,1.2657121711313102,0,0,-0.12218714587342722,-0.12218714587342722
391,307,0.4374131344096333,0,0,-0.001761493592117802,-0.001761493592117802
313,308,1.0893769130604098,0,0,-0.13679265823666886,-0.13679265823666886
329,308,0.6691934623194209,0,0,0.0428885516552836,0.0428885516552836
344,308,1.3626289943524603,0,0,-0.13737463685727613,-0.13737463685727613
366,308,1.0644248874208107,0,0,0.10915021004031544,0.10915021004031544
371,308,0.9943779568512775,0,0,-0.08567206024323903,-0.08567206024323903
376,308,0.9273371903098914,0,0,-0.050207176908596884,-0.050207176908596884
343,309,0.9386706084798732,0,0,-0.04307248795827605,-0.04307248795827605
353,309,1.518792254256364,0,0,0.09360089206499361,0.09360089206499361
378,309,1.580625695878147,0,0,-0.17118712287709392,-0.17118712287709392
388,309,1.296848427750252,0,0,0.11525310306636931,0.11525310306636931
395,309,1.4530820069253727,0,0,0.05584491400954828,0.05584491400954828
320,310,1.1949696459459054,0,0,0.19043633821686268,0.19043633821686268
333,310,1.3592730668355548,1,1,0.24642453192766944,-0.7535754680723306
337,310,1.5679257531616764,0,0,-0.11825432139677539,-0.11825432139677539
345,310,1.2438290746145828,0,0,0.06714744265682637,0.06714744265682637
349,310,0.4196537256134284,0,0,0.03279068714061717,0.03279068714061717
350,310,1.5970022012695615,1,1,0.27112505594433245,-0.7288749440556676
375,310,1.5873486926937492,1,1,0.30944436524908225,-0.6905556347509177
377,310,0.5532663779350029,0,0,0.07172014842012941,0.07172014842012941
400,310,0.7778412873120224,0,0,-0.0036447055357695657,-0.0036447055357695657
330,311,1.5735745074385192,0,0,-0.1002645890247375,-0.1002645890247375
326,312,0.6292023900327476,0,0,0.07814063564121417,0.07814063564121417
374,312,1.0829137839432905,0,0,0.16180477436949034,0.16180477436949034
329,313,1.5475070132514162,0,0,0.17968120989195246,0.17968120989195246
340,313,1.5825996191066938,46,-1,0.0006832811445676157,1.0006832811445676
344,313,0.9003024174962746,0,0,-0.0005819786206072708,-0.0005819786206072708
352,313,1.5201965980593428,46,-1,-0.2561436921535797,0.7438563078464203
371,313,1.2080674589837537,0,0,0.05112059799342983,0.05112059799342983
376,313,1.3439692187689762,0,0,0.08658548132807198,0.08658548132807198
387,313,1.3193452620246464,46,-1,-0.061856885754228874,0.9381431142457711
334,314,1.3731080499776034,0,0,-0.2393934837914764,-0.2393934837914764
335,314,1.4119457980037442,0,0,-0.19850450715338402,-0.19850450715338402
337,314,0.7834808809061165,0,0,0.1987744000847907,0.1987744000847907
365,314,0.821237867541728,0,0,0.20914083969613534,0.20914083969613534
384,314,1.3960366944148124,0,0,-0.23289607532396017,-0.23289607532396017
400,314,1.540669238797884,0,0,0.3133840159457965,0.3133840159457965
336,315,0.6939000932273303,0,0,0.0550930407094099,0.0550930407094099
381,315,0.8820680244579394,0,0,0.006670873834734192,0.006670873834734192
394,315,1.4780186893311407,0,0,0.28249273872246533,0.28249273872246533
327,316,0.9853360429921997,46,-1,-0.2717594438216314,0.7282405561783686
348,316,1.0986823818681775,0,0,-0.10741546188669965,-0.10741546188669965
356,316,1.3562172192963504,0,0,0.13509624961967343,0.13509624961967343
360,316,0.5626332488534522,0,0,0.09498942062900312,0.09498942062900312
368,316,1.0826191452790817,0,0,0.1644453652505471,0.1644453652505471
378,316,0.8379739345847574,0,0,0.16025435377049013,0.16025435377049013
318,317,1.0201463188256548,0,0,-0.02282677784986903,-0.02282677784986903
330,317,1.4505724696446454,1,1,0.24183427000550495,-0.758165729994495
338,317,0.93779451536249,0,0,-0.008263242272676607,-0.008263242272676607
369,317,1.190663914334691,0,0,-0.046384994401845125,-0.046384994401845125
372,317,0.9669019636567425,0,0,-0.06919618577929965,-0.06919618577929965
379,317,1.0537098160033644,0,0,0.007243683753423491,0.007243683753423491
380,317,1.4098528768200818,0,0,-0.012059083398615333,-0.012059083398615333
383,317,0.6333811496907504,0,0,0.0763703621367206,0.0763703621367206
386,317,1.317649855207998,0,0,-0.08303864636640748,-0.08303864636640748
389,317,0.547061125858174,0,0,-0.028583558603655634,-0.028583558603655634
393,317,0.4167828484876773,0,0,0.00900411803437956,0.00900411803437956
359,318,1.3502800770366952,0,0,-0.18022224279577115,-0.18022224279577115
372,318,0.6848272289488339,0,0,-0.04636940792943062,-0.04636940792943062
379,318,0.17882394567142523,0,0,0.03007046160329252,0.03007046160329252
380,318,0.4049655111370666,0,0,0.010767694451253695,0.010767694451253695
383,318,1.0579594994131587,0,0,0.09919713998658963,0.09919713998658963
386,318,0.6284239060689766,0,0,-0.06021186851653845,-0.06021186851653845
389,318,0.6416318631381112,0,0,-0.005756780753786606,-0.005756780753786606
391,318,1.0342640933328915,0,0,0.11466887152752281,0.11466887152752281
393,318,1.411263946053101,0,0,0.03183089588424859,0.03183089588424859
341,319,1.4742466145145288,0,0,-0.004901020781415161,-0.004901020781415161
352,319,0.9211394758530279,0,0,0.08946397041794156,0.08946397041794156
362,319,1.4891872342316348,0,0,-0.21217754715924692,-0.21217754715924692
382,319,1.5918369941842665,0,0,-0.04200772147654919,-0.04200772147654919
333,320,1.2859959485729213,1,1,0.055988193710806766,-0.9440118062891932
346,320,1.1692278285006228,1,1,0.07451858484564178,-0.9254814151543582
349,320,0.8993225668682333,0,0,-0.1576456510762455,-0.1576456510762455
350,320,0.6631544602113725,1,1,0.08068871772746977,-0.9193112822725302
364,320,1.0857994714788277,1,1,0.16228594226402215,-0.8377140577359778
375,320,1.0950437960986759,1,1,0.11900802703221958,-0.8809919729677804
377,320,1.1118153521175518,0,0,-0.11871618979673326,-0.11871618979673326
399,320,1.2141148812377376,1,1,0.17138262228878098,-0.828617377711219
400,320,0.912128486637245,0,0,-0.19408104375263224,-0.19408104375263224
328,321,0.4124772271381335,0,0,-0.07499914691293921,-0.07499914691293921
334,321,1.384093008875972,0,0,0.031208410929038165,0.031208410929038165
339,321,1.2729919998356665,0,0,-0.17177165116714993,-0.17177165116714993
354,321,0.4738211350329685,0,0,0.03762771626075182,0.03762771626075182
359,321,0.5626094858038067,0,0,0.07924564653488311,0.07924564653488311
373,321,0.1771251520610986,0,0,0.00948593922284853,0.00948593922284853
384,321,1.5414493496010127,0,0,0.03770581939655441,0.03770581939655441
386,321,1.3443900481277553,0,0,0.1992560208141158,0.1992560208141158
333,322,1.348213024254534,0,0,-0.1638563282663196,-0.1638563282663196
334,322,1.1802245808848337,0,0,0.033296934532968434,0.033296934532968434
335,322,1.0863918765660414,0,0,0.07418591117106081,0.07418591117106081
358,322,1.5992392793808494,0,0,0.08135699294117661,0.08135699294117661
364,322,1.47962660210804,0,0,-0.05755857971310421,-0.05755857971310421
370,322,0.411682473297779,0,0,-0.01362020000571531,-0.01362020000571531
374,322,1.084928428734905,0,0,-0.029505124847798797,-0.029505124847798797
375,322,1.1377818297384077,0,0,-0.10083649494490686,-0.10083649494490686
384,322,1.088494219172988,0,0,0.03979434300048468,0.03979434300048468
385,322,0.6609278327554802,0,0,0.030895838390620392,0.030895838390620392
390,322,0.7299171662265217,0,0,0.004587077290147998,0.004587077290147998
399,322,0.9760367957982926,0,0,-0.04846189968834544,-0.04846189968834544
325,323,1.5917523896199512,0,0,0.17465924206028283,0.17465924206028283
342,323,0.721595041826034,0,0,-0.0010374842800505851,-0.0010374842800505851
352,323,0.957273009155679,0,0,0.004963322265445852,0.004963322265445852
325,324,0.2751280239842943,0,0,-0.037130823353408324,-0.037130823353408324
338,324,1.393953822601456,0,0,0.19785773914639954,0.19785773914639954
342,324,1.53841052438944,0,0,-0.21282754969374174,-0.21282754969374174
363,324,1.5730301688015627,1,1,0.22063089664441782,-0.7793691033555822
369,324,1.0549506444909382,0,0,0.15973598701723102,0.15973598701723102
342,325,1.2871202714883023,0,0,-0.17569672634033343,-0.17569672634033343
369,325,1.2723675970238537,0,0,0.19686681037063933,0.19686681037063933
353,326,1.1550220973832226,0,0,0.1522982234535746,0.1522982234535746
358,326,1.5869838658563908,0,0,0.19452625651725158,0.19452625651725158
370,326,1.557064098130661,0,0,0.09954906357035964,0.09954906357035964
374,326,0.87585260497469,0,0,0.08366413872827616,0.08366413872827616
340,327,1.5339577038357601,0,0,-0.21406470782801112,-0.21406470782801112
348,327,0.8853758199268503,1,1,0.16434398193493172,-0.8356560180650683
360,327,1.2475168982273745,1,1,0.3667488644506345,-0.6332511355493655
392,327,1.3630966248528318,0,0,-0.24151056660272738,-0.24151056660272738
397,327,1.460557525573977,0,0,-0.22939026313254282,-0.22939026313254282
334,328,1.5830803823601782,0,0,0.10620755784197737,0.10620755784197737
339,328,0.9632529354167628,0,0,-0.09677250425421073,-0.09677250425421073
346,328,1.4400688503679222,0,0,-0.07241531382247575,-0.07241531382247575
354,328,0.8535064504969266,0,0,0.11262686317369103,0.11262686317369103
359,328,0.9227788978744756,0,0,0.15424479344782233,0.15424479344782233
367,328,1.52628884706518,0,0,-0.24852649503565105,-0.24852649503565105
373,328,0.5351629812382327,0,0,0.08448508613578773,0.08448508613578773
366,329,0.4805774577888137,0,0,0.06626165838503184,0.06626165838503184
376,329,1.5468464182811479,0,0,-0.09309572856388049,-0.09309572856388049
347,330,0.9533250763456758,0,0,0.1878155028602749,0.1878155028602749
383,330,0.9863410037335013,46,-1,-0.1654639078687843,0.8345360921312157
393,330,1.4421780462967044,46,-1,-0.23283015197112533,0.7671698480288747
343,331,0.9724775569440778,0,0,0.004506051905260808,0.004506051905260808
356,331,1.3306146682348448,0,0,-0.1487666871643738,-0.1487666871643738
361,331,1.315627556450935,0,0,-0.14498180119546256,-0.14498180119546256
368,331,1.2399618707244957,0,0,-0.11941757153350012,-0.11941757153350012
378,331,1.4063636022317723,0,0,-0.12360858301355708,-0.12360858301355708
387,331,1.5313861530047381,0,0,0.16777274466751374,0.16777274466751374
395,331,1.210189904277585,0,0,0.10342345387308513,0.10342345387308513
353,332,1.4987499019838157,0,0,-0.18260327282770855,-0.18260327282770855
355,332,1.2647794589673107,0,0,0.26388847969351026,0.26388847969351026
357,332,1.2356840084446454,0,0,0.18261771440691982,0.18261771440691982
358,332,1.1794804450660734,0,0,-0.14037523976403157,-0.14037523976403157
388,332,1.5527026078753319,0,0,-0.16095106182633284,-0.16095106182633284
345,333,0.835128627753036,46,-1,-0.17927708927084307,0.8207229107291569
349,333,1.4419332242345864,46,-1,-0.21363384478705227,0.7863661552129477
350,333,1.361129429210144,0,0,0.024700524016662992,0.024700524016662992
364,333,1.562539186843555,0,0,0.10629774855321539,0.10629774855321539
370,333,1.5546216107657296,0,0,0.15023612826060428,0.15023612826060428
375,333,0.5643698176869096,0,0,0.06301983332141274,0.06301983332141274
377,333,0.8616027815315715,46,-1,-0.17470438350754003,0.82529561649246
399,333,1.1622891667887008,0,0,0.11539442857797416,0.11539442857797416
335,334,0.8130151256508028,0,0,0.04088897663809238,0.04088897663809238
346,334,1.4577061053857088,0,0,-0.17862287166445312,-0.17862287166445312
350,334,1.3737283290489484,0,0,-0.17245273878262504,-0.17245273878262504
354,334,1.0907470851577377,0,0,0.006419305331713657,0.006419305331713657
359,334,1.5820088178755896,0,0,0.04803723560584494,0.04803723560584494
364,334,1.2015682344195493,0,0,-0.09085551424607265,-0.09085551424607265
370,334,1.5145694914801189,0,0,-0.04691713453868374,-0.04691713453868374
373,334,1.410641065173108,0,0,-0.021722471706189635,-0.021722471706189635
384,334,0.2228356897341248,0,0,0.006497408467516244,0.006497408467516244
385,334,1.0531339030269269,0,0,-0.0024010961423480415,-0.0024010961423480415
390,334,0.4857298227398978,0,0,-0.028709857242820436,-0.028709857242820436
399,334,1.10952806667607,0,0,-0.08175883422131387,-0.08175883422131387
370,335,1.2671039735637442,0,0,-0.08780611117677611,-0.08780611117677611
384,335,0.613101144936189,0,0,-0.034391568170576134,-0.034391568170576134
385,335,0.6092285025835644,0,0,-0.04329007278044042,-0.04329007278044042
390,335,0.8667970389911057,0,0,-0.06959883388091281,-0.06959883388091281
399,335,1.4997656658134153,0,0,-0.12264781085940625,-0.12264781085940625
381,336,0.30051058375785183,0,0,-0.04842216687467571,-0.04842216687467571
394,336,1.5828210002431031,0,0,0.22739969801305543,0.22739969801305543
349,337,1.3149545354926513,0,0,0.15104500853739256,0.15104500853739256
365,337,0.2935897641403311,0,0,0.010366439611344647,0.010366439611344647
400,337,1.0736969616605303,0,0,0.11460961586100582,0.11460961586100582
363,338,0.8451578916722402,1,1,0.022773157498018337,-0.9772268425019817
369,338,0.5110053753909369,0,0,-0.03812175212916852,-0.03812175212916852
372,338,1.4423306587878142,0,0,-0.06093294350662304,-0.06093294350662304
383,338,1.413897158320585,0,0,0.08463360440939721,0.08463360440939721
389,338,1.201659512521762,0,0,-0.020320316330979027,-0.020320316330979027
393,338,0.5664488304787562,0,0,0.017267360307056168,0.017267360307056168
346,339,1.5965729872647074,0,0,0.024357190431734982,0.024357190431734982
347,339,1.3986302868868614,0,0,-0.11628390878654699,-0.11628390878654699
359,339,1.554840310512498,0,0,0.25101729770203307,0.25101729770203307
367,339,0.6453490965126077,0,0,-0.15175399078144033,-0.15175399078144033
373,339,1.4158827491596784,0,0,0.18125759038999847,0.18125759038999847
344,340,0.6823422540294041,1,1,-0.0012652597651747755,-1.0012652597651748
371,340,0.923348589603957,1,1,0.05043731684886221,-0.9495626831511378
376,340,1.1043432660054353,1,1,0.08590220018350436,-0.9140977998164956
387,340,0.839777077307508,0,0,-0.06254016689879652,-0.06254016689879652
392,340,0.6754757923952979,0,0,-0.027445858774716253,-0.027445858774716253
395,340,1.083995780583404,0,0,-0.1268894576932251,-0.1268894576932251
397,340,0.35666879408635954,0,0,-0.015325555304531696,-0.015325555304531696
351,341,0.2910457563066247,0,0,0.004684471910800236,0.004684471910800236
382,341,0.2925483118409477,0,0,-0.037106700695134026,-0.037106700695134026
398,341,0.9954924611951985,0,0,-0.09541078403155648,-0.09541078403155648
360,343,1.4323339386018852,0,0,-0.1933795680603049,-0.1933795680603049
368,343,1.5519972276227485,0,0,-0.12392362343876093,-0.12392362343876093
378,343,1.0247105699436223,0,0,-0.1281146349188179,-0.1281146349188179
395,343,1.1697857320414202,0,0,0.09891740196782434,0.09891740196782434
371,344,0.703751380331409,0,0,0.0517025766140371,0.0517025766140371
376,344,0.9219382092848913,0,0,0.08716745994867925,0.08716745994867925
387,344,0.7344735162575662,46,-1,-0.0612749071336216,0.9387250928663784
392,344,1.1661145382479832,46,-1,-0.026180599009541394,0.9738194009904586
395,344,1.3132188908664202,46,-1,-0.12562419792805024,0.8743758020719498
397,344,0.8516932585144361,46,-1,-0.014060295539356837,0.9859397044606432
349,345,1.546606708957281,0,0,-0.0343567555162092,-0.0343567555162092
375,345,1.3817532189114163,1,1,0.24229692259225588,-0.7577030774077441
377,345,0.8121387644846313,0,0,0.004572705763303042,0.004572705763303042
396,345,1.5493523778580935,1,1,-0.10795031052605975,-1.1079503105260597
350,346,0.7368538177924195,0,0,0.006170132881828078,0.006170132881828078
364,346,0.7039944118509928,0,0,0.08776735741838047,0.08776735741838047
390,346,1.5347395991902335,0,0,0.14991301442163268,0.14991301442163268
399,346,1.2231127004622313,0,0,0.09686403744313925,0.09686403744313925
400,346,1.511983813050863,46,-1,-0.2685996285982739,0.7314003714017261
383,347,1.5862046983412545,46,-1,-0.3532794107290592,0.6467205892709408
355,348,0.9673304522288855,46,-1,-0.02105041687950382,0.9789495831204962
360,348,1.0103035469397017,0,0,0.20240488251570277,0.20240488251570277
378,348,1.5653060992720256,0,0,0.2676698156571898,0.2676698156571898
350,349,1.2985815673247638,1,1,0.23833436880371528,-0.7616656311962847
365,349,1.5853577504984149,0,0,-0.1406785689260479,-0.1406785689260479
375,349,1.5186714546645927,1,1,0.2766536781084651,-0.7233463218915349
377,349,0.7746403993696211,0,0,0.038929461279512245,0.038929461279512245
400,349,0.38195497828142144,0,0,-0.036435392676386735,-0.036435392676386735
364,350,0.42606773777660395,0,0,0.0815972245365524,0.0815972245365524
375,350,0.931637216509163,0,0,0.03831930930474975,0.03831930930474975
377,350,1.4909983188302947,46,-1,-0.19940490752420303,0.800595092475797
384,350,1.5257154917358862,0,0,0.1789501472501413,0.1789501472501413
390,350,1.2538698281023726,0,0,0.1437428815398046,0.1437428815398046
399,350,0.6881517095160656,0,0,0.09069390456131117,0.09069390456131117
400,350,1.2790923174230635,46,-1,-0.274769761480102,0.725230238519898
382,351,0.4438578548727455,0,0,-0.04179117260593426,-0.04179117260593426
398,351,0.9309144937807965,0,0,-0.10009525594235671,-0.10009525594235671
358,353,0.6125396296329545,0,0,0.042228033063676965,0.042228033063676965
370,353,1.2566701031581018,0,0,-0.052749159883214956,-0.052749159883214956
374,353,0.878873872239055,0,0,-0.06863408472529844,-0.06863408472529844
385,353,1.4970923199900015,0,0,-0.008233121486879255,-0.008233121486879255
388,353,0.5954666137081734,0,0,0.021652211001375696,0.021652211001375696
359,354,0.49648665385550256,0,0,0.041617930274131285,0.041617930274131285
372,354,1.474357208432895,0,0,0.17547076514047183,0.17547076514047183
373,354,0.4807463742204346,0,0,-0.02814177703790329,-0.02814177703790329
384,354,1.2135927501078512,0,0,7.810313580258743e-5,7.810313580258743e-5
386,354,1.1560558372346077,0,0,0.16162830455336397,0.16162830455336397
390,354,1.4967266823699883,0,0,-0.03512916257453409,-0.03512916257453409
361,356,0.7297612584637962,0,0,0.003784885968911217,0.003784885968911217
368,356,0.32832534613133596,0,0,0.029349115630873668,0.029349115630873668
378,356,1.2799705931939442,0,0,0.025158104150816707,0.025158104150816707
396,357,0.7283972702285375,1,1,0.1445663248246496,-0.8554336751753504
370,358,1.280356513446748,0,0,-0.09497719294689191,-0.09497719294689191
374,358,1.1642271257763683,0,0,-0.11086211778897541,-0.11086211778897541
385,358,1.2306726597440232,0,0,-0.05046115455055622,-0.05046115455055622
388,358,0.842872110117812,0,0,-0.02057582206230127,-0.02057582206230127
372,359,1.0713761054616977,0,0,0.13385283486634053,0.13385283486634053
373,359,0.5284044926549951,0,0,-0.06975970731203457,-0.06975970731203457
379,359,1.4364622136375598,0,0,0.21029270439906367,0.21029270439906367
380,359,1.405425292642545,0,0,0.19098993724702484,0.19098993724702484
386,359,0.8350857868345767,0,0,0.1200103742792327,0.1200103742792327
389,359,1.3729232982095778,0,0,0.17446546204198454,0.17446546204198454
368,360,1.3218481565134104,0,0,0.06945594462154397,0.06945594462154397
378,360,0.5855578998353228,0,0,0.06526493314148701,0.06526493314148701
368,361,0.9944975821852505,0,0,0.02556422966196245,0.02556422966196245
398,361,1.2745556092489227,0,0,-0.0713080357672877,-0.0713080357672877
366,362,1.1660803546414182,0,0,-0.19627192199224752,-0.19627192199224752
394,362,0.8295571719523869,0,0,-0.03507188389116095,-0.03507188389116095
369,363,0.9290151740031988,46,-1,-0.06089490962718691,0.9391050903728131
381,363,1.3747195311078175,0,0,-0.039992906148743734,-0.039992906148743734
393,363,1.379456235314286,46,-1,-0.005505797190962225,0.9944942028090378
375,364,1.0472334109098518,0,0,-0.04327791523180265,-0.04327791523180265
384,364,1.370064843522093,0,0,0.09735292271358889,0.09735292271358889
390,364,1.0561926128844756,0,0,0.06214565700325221,0.06214565700325221
399,364,0.5483337184262859,0,0,0.009096680024758774,0.009096680024758774
400,365,1.3183594950065498,0,0,0.10424317624966117,0.10424317624966117
391,367,1.2659599682321963,46,-1,-0.3023375971932327,0.6976624028067673
378,368,0.9588324469690421,0,0,-0.004191011480056961,-0.004191011480056961
372,369,1.316211540501004,0,0,-0.02281119137745452,-0.02281119137745452
389,369,1.2348670677801525,0,0,0.01780143579818949,0.01780143579818949
393,369,0.9395879580353674,0,0,0.055389112436224686,0.055389112436224686
374,370,0.689110149518688,0,0,-0.015884924842083488,-0.015884924842083488
375,370,1.4405105459962195,0,0,-0.08721629493919156,-0.08721629493919156
384,370,1.3868061868099528,0,0,0.05341454300619999,0.05341454300619999
385,370,0.7098969203179285,0,0,0.0445160383963357,0.0445160383963357
390,370,1.0996693378999334,0,0,0.018207277295863307,0.018207277295863307
399,370,1.369209805707166,0,0,-0.03484169968263013,-0.03484169968263013
376,371,0.3050896828174932,0,0,0.03546488333464215,0.03546488333464215
387,371,1.3870873159493986,46,-1,-0.1129774837476587,0.8870225162523413
392,371,1.5274519833463027,46,-1,-0.0778831756235785,0.9221168243764215
397,371,1.168039359797618,46,-1,-0.06576287215339394,0.9342371278466061
373,372,1.5907434443498447,0,0,-0.2036125421783751,-0.2036125421783751
379,372,0.8425066621812474,0,0,0.07643986953272314,0.07643986953272314
380,372,1.004631777586999,0,0,0.05713710238068431,0.05713710238068431
383,372,1.2860734227236141,0,0,0.14556654791602025,0.14556654791602025
386,372,0.4374671069273715,0,0,-0.013842460587107835,-0.013842460587107835
389,372,0.43867911590114594,0,0,0.04061262717564401,0.04061262717564401
393,372,1.2170097475849748,0,0,0.0782003038136792,0.0782003038136792
384,373,1.549888989102672,0,0,0.02821988017370588,0.02821988017370588
386,373,1.3537450634875288,0,0,0.18977008159126726,0.18977008159126726
385,374,1.287817288599497,0,0,0.06040096323841919,0.06040096323841919
388,374,1.467454598806534,0,0,0.09028629572667414,0.09028629572667414
377,375,1.1993140159496996,46,-1,-0.23772421682895284,0.7622757831710472
390,375,1.2577101282632606,0,0,0.10542357223505486,0.10542357223505486
399,375,0.6481755894760723,0,0,0.05237459525656142,0.05237459525656142
387,376,1.5553678204447188,46,-1,-0.14844236708230085,0.8515576329176991
397,376,1.3934886090355734,46,-1,-0.10122775548803609,0.8987722445119639
400,377,1.1440399379733521,0,0,-0.07536485395589898,-0.07536485395589898
380,379,0.37198753066455115,0,0,-0.019302767152038824,-0.019302767152038824
383,379,0.9872759312857082,0,0,0.06912667838329711,0.06912667838329711
386,379,0.7749772169788773,0,0,-0.09028233011983097,-0.09028233011983097
389,379,0.7402450936146726,0,0,-0.035827242357079125,-0.035827242357079125
391,379,0.8809887754885903,0,0,0.08459840992423029,0.08459840992423029
393,379,1.4532806254341406,0,0,0.0017604342809560691,0.0017604342809560691
383,380,1.3480940483626846,0,0,0.08842944553533594,0.08842944553533594
386,380,0.7734630884101179,0,0,-0.07097956296779215,-0.07097956296779215
389,380,1.040759261279542,0,0,-0.0165244752050403,-0.0165244752050403
391,380,0.7611927134626146,0,0,0.10390117707626911,0.10390117707626911
398,382,0.7720016239189592,0,0,-0.05830408333642245,-0.05830408333642245
386,383,1.4939691496064949,0,0,-0.15940900850312809,-0.15940900850312809
389,383,0.8723567616326534,0,0,-0.10495392074037624,-0.10495392074037624
391,383,1.4784873284722668,0,0,0.015471731540933176,0.015471731540933176
393,383,0.8760062482393135,0,0,-0.06736624410234104,-0.06736624410234104
385,384,0.8602986147307616,0,0,-0.008898504609864286,-0.008898504609864286
390,384,0.48868169221912117,0,0,-0.03520726571033668,-0.03520726571033668
399,384,1.1998629260032698,0,0,-0.08825624268883012,-0.08825624268883012
390,385,0.8343695773146209,0,0,-0.026308761100472394,-0.026308761100472394
399,385,1.4351853176800522,0,0,-0.07935773807896583,-0.07935773807896583
389,386,0.7767738796571915,0,0,0.05445508776275185,0.05445508776275185
391,386,1.4640180570693804,0,0,0.17488074004406126,0.17488074004406126
392,387,1.0170929939123328,0,0,0.035094308124080265,0.035094308124080265
395,387,0.6506925814982253,0,0,-0.06434929079442858,-0.06434929079442858
397,387,0.8959643301052963,0,0,0.04721461159426482,0.04721461159426482
392,388,1.1925669693872771,0,0,0.040035409861687826,0.040035409861687826
395,388,1.4008753178306357,0,0,-0.05940818905682103,-0.05940818905682103
397,388,1.5385054629286663,0,0,0.05215571333187238,0.05215571333187238
391,389,1.5920207885086377,0,0,0.12042565228130941,0.12042565228130941
393,389,0.8482544282564697,0,0,0.037587676638035195,0.037587676638035195
399,390,0.7714840643242631,0,0,-0.05304897697849344,-0.05304897697849344
395,392,1.0053171642182452,0,0,-0.09944359891850885,-0.09944359891850885
397,392,0.35966844717954455,0,0,0.012120303470184557,0.012120303470184557
397,395,1.0737338289646456,0,0,0.1115639023886934,0.1115639023886934
