tail,head,length,field_residue,integer_lift,harmonic,df
4,1,0.8734886283822558,0,0,-0.047830506801475624,-0.047830506801475624
6,1,1.1275804517066443,0,0,-0.08567910516076303,-0.08567910516076303
23,1,0.3833960381376984,0,0,0.023422339426987484,0.023422339426987484
37,1,0.8313036216029337,0,0,-0.03065743496439968,-0.03065743496439968
44,1,0.23817816446143578,0,0,0.019838424529021577,0.019838424529021577
55,1,1.4489838855893764,0,0,-0.05815594457466075,-0.05815594457466075
56,1,0.43586392965061255,0,0,0.0004911442929423979,0.0004911442929423979
59,1,0.8875731476888733,0,0,-0.058392375724071466,-0.058392375724071466
73,1,1.4276735042852433,0,0,0.006972434915798777,0.006972434915798777
74,1,1.5928875439522006,0,0,0.12527662649701446,0.12527662649701446
77,1,1.371553515893567,0,0,0.09385477730089435,0.09385477730089435
89,1,1.0884292259561024,0,0,-0.019038777075698277,-0.019038777075698277
97,1,0.6703675970153604,0,0,-0.04586925682459369,-0.04586925682459369
106,1,1.0203695626181317,0,0,-0.055670000661281145,-0.055670000661281145
116,1,1.557028600355614,0,0,0.15669294937874617,0.15669294937874617
118,1,1.5010377897543883,0,0,-0.09602223341409996,-0.09602223341409996
122,1,1.1774988561089899,0,0,-0.0913522081417752,-0.0913522081417752
129,1,0.6151023165968701,0,0,0.04006485241816472,0.04006485241816472
162,1,0.8173827173519105,0,0,-0.06578780659079762,-0.06578780659079762
164,1,1.5176628405306445,0,0,0.05346652707925454,0.05346652707925454
176,1,0.4096336401732771,0,0,-0.027367935197741965,-0.027367935197741965
178,1,1.020270526911541,0,0,0.07760270072770883,0.07760270072770883
179,1,0.8398382577227561,0,0,-0.018181169599792525,-0.018181169599792525
186,1,1.2795178239105631,0,0,0.10678985795613913,0.10678985795613913
192,1,0.13125809705853844,0,0,-0.00659575532685114,-0.00659575532685114
200,1,0.9769861876711464,0,0,0.03853197574922358,0.03853197574922358
202,1,0.5552705967655381,0,0,-0.04406831664592543,-0.04406831664592543
211,1,0.8612794018430228,0,0,-0.029189842832213257,-0.029189842832213257
215,1,0.08074163681415646,0,0,0.0029890054692525564,0.0029890054692525564
224,1,1.3670798801976964,0,0,0.1171533327018087,0.1171533327018087
238,1,1.3316980077124374,0,0,-0.07478472535478936,-0.07478472535478936
240,1,1.4845703924053892,0,0,-0.09947574236461014,-0.09947574236461014
243,1,0.7003047939504958,0,0,-0.04181687986929612,-0.04181687986929612
252,1,0.5798500645836382,0,0,-0.02260484525591818,-0.02260484525591818
257,1,1.2404271217019813,0,0,0.11187670851821879,0.11187670851821879
270,1,0.7119009969218952,0,0,-0.03545689751926659,-0.03545689751926659
275,1,1.2911618571000798,0,0,0.016986230552324344,0.016986230552324344
286,1,1.436632165091073,0,0,0.008719640637463244,0.008719640637463244
289,1,1.321044909920024,0,0,-0.026985956528387173,-0.026985956528387173
291,1,1.4953046415488938,0,0,0.012816579359990941,0.012816579359990941
297,1,0.5850760213207582,0,0,-0.023196514378639215,-0.023196514378639215
302,1,1.3683592572702603,0,0,-0.030159486516264804,-0.030159486516264804
303,1,0.8701317804607812,0,0,-0.05726460375814622,-0.05726460375814622
305,1,1.4354455967482003,0,0,0.07461146276820828,0.07461146276820828
320,1,1.2998412226358225,0,0,0.004349428082901586,0.004349428082901586
321,1,1.1813323819632477,0,0,0.09640887258612721,0.09640887258612721
322,1,0.5807824677382974,0,0,-0.03536059765218728,-0.03536059765218728
328,1,1.147864907349175,0,0,0.0965633579158515,0.0965633579158515
333,1,1.165127145149774,0,0,-0.03107534198337778,-0.03107534198337778
334,1,0.8458255619993016,0,0,0.0023781522360054623,0.0023781522360054623
335,1,1.2971429491438227,0,0,-0.024378067497214502,-0.024378067497214502
346,1,0.9219114709609563,0,0,0.03605321845480629,0.03605321845480629
350,1,0.7063190248637266,0,0,0.004045387301327316,0.004045387301327316
353,1,1.5506234592434505,0,0,-0.1293978345727424,-0.1293978345727424
354,1,1.2763219847202245,0,0,0.09018262778977591,0.09018262778977591
359,1,1.4877354006594223,0,0,0.13120215406709224,0.13120215406709224
364,1,0.44897099711134975,0,0,0.007062600754575472,0.007062600754575472
370,1,0.8191253657476851,0,0,-0.0590550841649192,-0.0590550841649192
373,1,1.2341023107758213,0,0,0.10310138457785718,0.10310138457785718
374,1,1.2317311658781853,0,0,-0.08635605960328452,-0.08635605960328452
375,1,0.7344102346611487,0,0,-0.026683598459384613,-0.026683598459384613
384,1,0.9885492677537131,0,0,-0.0012977085727209463,-0.0012977085727209463
385,1,1.0996113566227808,0,0,-0.051432972288979216,-0.051432972288979216
390,1,0.5803829811834585,0,0,-0.016200906003937345,-0.016200906003937345
399,1,0.21837302802890446,0,0,-0.006662262165320601,-0.006662262165320601
4,2,1.1160481749691644,0,0,0.02087676961673459,0.02087676961673459
6,2,1.4980213396725712,0,0,-0.01697182874255282,-0.01697182874255282
9,2,0.22716752354731037,0,0,-0.006788669910218564,-0.006788669910218564
29,2,1.256491878312753,0,0,0.024980014204188293,0.024980014204188293
45,2,1.0978601954003784,0,0,-0.043665449257060215,-0.043665449257060215
76,2,0.259051837809416,0,0,0.0027880105030485824,0.0027880105030485824
82,2,1.553878504957329,0,0,-0.026256382817695753,-0.026256382817695753
107,2,0.961812021390849,0,0,-0.017984961545150585,-0.017984961545150585
110,2,0.2420716169900271,0,0,-0.0017245175986956296,-0.0017245175986956296
119,2,0.7470009451634742,0,0,-0.027781881957099935,-0.027781881957099935
132,2,1.3232230169850399,0,0,-0.048529959962847966,-0.048529959962847966
133,2,1.1379843404248695,0,0,0.039749983331751365,0.039749983331751365
138,2,1.5616382775637698,0,0,0.026426912847266504,0.026426912847266504
161,2,0.7764691446698513,0,0,0.012476906073544881,0.012476906073544881
162,2,1.5175661297450909,0,0,0.0029194698274125908,0.0029194698274125908
171,2,0.6838734349959648,0,0,-0.00844601497351001,-0.00844601497351001
176,2,1.5512604811334612,0,0,0.04133934122046825,0.04133934122046825
181,2,1.3477160156496255,0,0,-0.0451432401729176,-0.0451432401729176
202,2,1.4729734683062514,0,0,0.024638959772284787,0.024638959772284787
240,2,1.4047405491345526,0,0,-0.030768465946399925,-0.030768465946399925
243,2,1.3727949445950716,0,0,0.02689039654891409,0.02689039654891409
244,2,0.6495540440766677,0,0,-0.006645649057065051,-0.006645649057065051
270,2,1.3535997171302665,0,0,0.033250378898943625,0.033250378898943625
276,2,1.188130887670477,0,0,-0.039237331849573606,-0.039237331849573606
289,2,1.2147126536383401,0,0,0.04172131988982304,0.04172131988982304
290,2,0.6352455451678095,0,0,-0.010240863323267332,-0.010240863323267332
292,2,1.2576478841573182,0,0,0.0036063746338660385,0.0036063746338660385
303,2,1.2265312059338245,0,0,0.011442672660063997,0.011442672660063997
304,2,1.1374512131711085,0,0,-0.03692425756243671,-0.03692425756243671
312,2,0.8936138882803809,0,0,-0.018607241343666023,-0.018607241343666023
326,2,1.2706199886811829,0,0,-0.04680367062858229,-0.04680367062858229
333,2,1.121941867382665,0,0,0.03763193443483243,0.03763193443483243
345,2,1.0189048654447064,0,0,0.0345306718504125,0.0345306718504125
357,2,1.4725258088208013,0,0,-0.02420106659063337,-0.02420106659063337
370,2,1.57508425954541,0,0,0.009652192253291017,0.009652192253291017
374,2,1.4158480385199117,0,0,-0.017648783185074304,-0.017648783185074304
375,2,1.497677244340758,0,0,0.0420236779588256,0.0420236779588256
377,2,1.5251325407852272,0,0,0.050007938675320024,0.050007938675320024
396,2,0.9197932882530252,0,0,-0.012583688776548363,-0.012583688776548363
17,3,0.7469971137959652,1,1,-0.01039096647004567,-1.0103909664700457
31,3,1.1019553147031278,1,1,-0.07009856239631063,-1.0700985623963106
34,3,0.8820762467877103,0,0,-0.09226440881251297,-0.09226440881251297
40,3,1.2585983554432079,0,0,-0.1633853572644705,-0.1633853572644705
49,3,1.3111429995328445,1,1,0.13388222293792207,-0.8661177770620779
50,3,1.4368101108057483,0,0,-0.1194752624857088,-0.1194752624857088
53,3,1.2750266714383829,1,1,-0.12223965782382606,-1.122239657823826
57,3,1.5783260698720047,1,1,0.21149343895275785,-0.7885065610472421
60,3,1.2918562196602104,1,1,0.060683445380510626,-0.9393165546194894
71,3,1.585883165047951,1,1,0.17725957184157282,-0.8227404281584272
74,3,1.371116781670449,0,0,-0.2208511176560419,-0.2208511176560419
78,3,1.4706884622192975,1,1,-0.08538779482399539,-1.0853877948239954
80,3,1.3343700622260963,1,1,-0.014728232410575748,-1.0147282324105757
86,3,1.4052750666297347,1,1,0.23833348058049753,-0.7616665194195025
100,3,1.3233773449076827,1,1,0.1704901624669818,-0.8295098375330182
101,3,1.3438061628313092,0,0,-0.17305353687774572,-0.17305353687774572
108,3,0.4911093310948208,1,1,0.06884833091924902,-0.931151669080751
111,3,1.165108242330788,1,1,0.07924859624332758,-0.9207514037566724
121,3,1.1369058245335122,1,1,0.2007344824910865,-0.7992655175089135
125,3,1.0154025204542099,1,1,0.13978020811776004,-0.86021979188224
136,3,1.3264793397710444,1,1,0.1527567640980746,-0.8472432359019254
146,3,1.594287055559759,1,1,0.211507899839258,-0.788492100160742
148,3,1.5625054462676857,1,1,0.2410143290735911,-0.7589856709264089
152,3,1.5929814287112245,0,0,-0.04005183250277522,-0.04005183250277522
155,3,1.4858199709155,0,0,0.007399302503433625,0.007399302503433625
163,3,1.2988308094507297,1,1,0.23715603336965885,-0.7628439666303412
165,3,0.8594685081106304,0,0,-0.08912016758169106,-0.08912016758169106
174,3,0.8427528484495629,0,0,-0.07875046646473643,-0.07875046646473643
175,3,0.925338557710128,1,1,0.022579160263845766,-0.9774208397361542
187,3,0.49555977608282303,1,1,0.06644155217715786,-0.9335584478228421
195,3,0.29005719104385236,0,0,-0.03465735051896163,-0.03465735051896163
203,3,1.5592689277855467,1,1,0.289700597903245,-0.710299402096755
204,3,0.8096477229836112,0,0,-0.07061307989953314,-0.07061307989953314
206,3,0.9336493942397525,1,1,0.12163117887055375,-0.8783688211294463
214,3,0.7109443903955543,0,0,-0.11478777980647506,-0.11478777980647506
221,3,0.9969014948070172,0,0,-0.13629713845613298,-0.13629713845613298
224,3,1.5689306823386622,0,0,-0.22897441145124767,-0.22897441145124767
225,3,0.812585793407098,1,1,0.04625468019537349,-0.9537453198046265
233,3,1.359500023230065,1,1,0.21512016683128254,-0.7848798331687175
236,3,1.2953085079457236,1,1,0.016991433065010053,-0.98300856693499
239,3,1.3260877648820435,1,1,0.23788950223959704,-0.762110497760403
249,3,1.3195338311534135,0,0,-0.19926691827765972,-0.19926691827765972
253,3,0.703350879619265,0,0,-0.08454927137435314,-0.08454927137435314
254,3,0.6581234695925794,0,0,-0.06425985941429463,-0.06425985941429463
262,3,1.5618447348947166,0,0,-0.10785485552892196,-0.10785485552892196
264,3,1.5330358568167992,1,1,0.08711929622891579,-0.9128807037710842
266,3,1.4933739351782571,1,1,0.006512488679018991,-0.993487511320981
272,3,0.5258038648610172,0,0,-0.060211062208643196,-0.060211062208643196
278,3,0.5580336523814493,0,0,-0.09305406501934038,-0.09305406501934038
279,3,1.353769943156556,0,0,-0.16074064325474297,-0.16074064325474297
313,3,1.5729093057854195,1,1,0.27728224422016257,-0.7227177557798374
315,3,1.023674455191478,1,1,0.15683471716411468,-0.8431652828358853
317,3,1.4612264339968914,0,0,-0.11740636748223171,-0.11740636748223171
324,3,0.7250295858249997,1,1,-0.020644684303758654,-1.0206446843037587
325,3,0.8563482115598112,1,1,-0.015350736821865052,-1.015350736821865
336,3,0.9972765426780992,1,1,0.08338321459651543,-0.9166167854034846
338,3,0.9941822860358558,0,0,-0.0833516587363271,-0.0833516587363271
354,3,1.5689917845528802,0,0,-0.25594511636328043,-0.25594511636328043
359,3,1.4047712627077058,0,0,-0.21492559008596412,-0.21492559008596412
363,3,1.0232405793372155,1,1,-0.03676917758629794,-1.036769177586298
369,3,0.5394103795396492,0,0,-0.08020494596509026,-0.08020494596509026
372,3,1.1246415978018514,0,0,-0.14367418407475854,-0.14367418407475854
381,3,0.8383004703074646,1,1,0.06282370767146284,-0.9371762923285372
386,3,1.3295891032140283,0,0,-0.17803405227272023,-0.17803405227272023
389,3,1.2641091117084033,0,0,-0.13173073390096152,-0.13173073390096152
393,3,1.3298963517602571,0,0,-0.10805116254792413,-0.10805116254792413
6,4,0.8047234455911645,0,0,-0.03784859835928741,-0.03784859835928741
9,4,1.201775060464354,0,0,-0.027665439526953155,-0.027665439526953155
23,4,1.2422193312324168,0,0,0.0712528462284631,0.0712528462284631
37,4,1.154687212417503,0,0,0.017173071837075945,0.017173071837075945
44,4,1.1034147211833993,0,0,0.0676689313304972,0.0676689313304972
55,4,1.5915805571381514,0,0,-0.010325437773185127,-0.010325437773185127
56,4,1.1294039986483544,0,0,0.04832165109441802,0.04832165109441802
59,4,0.9167433886760051,0,0,-0.010561868922595842,-0.010561868922595842
76,4,1.1450301906412268,0,0,-0.018088759113686008,-0.018088759113686008
89,4,1.4655049862543206,0,0,0.028791729725777346,0.028791729725777346
97,4,0.7809922675693152,0,0,0.0019612499768819347,0.0019612499768819347
105,4,1.5694327037747429,0,0,-0.10061101297825437,-0.10061101297825437
106,4,1.19298865177478,0,0,-0.007839493859805521,-0.007839493859805521
107,4,0.8232952968868806,0,0,-0.038861731161885175,-0.038861731161885175
110,4,1.3425721140834457,0,0,-0.02260128721543022,-0.02260128721543022
118,4,1.4771158386895304,0,0,-0.04819172661262434,-0.04819172661262434
119,4,1.4095817502577774,0,0,-0.048658651573834526,-0.048658651573834526
122,4,0.9238252853760615,0,0,-0.04352170134029958,-0.04352170134029958
129,4,1.4748094966096608,0,0,0.08789535921964034,0.08789535921964034
132,4,1.305345965355829,0,0,-0.06940672957958255,-0.06940672957958255
133,4,1.3459930168525625,0,0,0.01887321371501677,0.01887321371501677
151,4,1.5676600694199925,0,0,-0.07077307205531039,-0.07077307205531039
161,4,1.5133431964561457,0,0,-0.008399863543189709,-0.008399863543189709
162,4,0.6654978994690671,0,0,-0.017957299789322,-0.017957299789322
176,4,0.5084374588989315,0,0,0.02046257160373366,0.02046257160373366
179,4,1.2553556724813477,0,0,0.0296493372016831,0.0296493372016831
192,4,0.7774347217222971,0,0,0.041234751474624486,0.041234751474624486
202,4,0.37877444863325516,0,0,0.0037621901555501963,0.0037621901555501963
211,4,1.1936083090619023,0,0,0.018640663969262367,0.018640663969262367
215,4,0.9286763794034459,0,0,0.05081951227072818,0.05081951227072818
219,4,1.571169466217851,0,0,-0.09757933887121958,-0.09757933887121958
238,4,1.390386569963699,0,0,-0.026954218553313737,-0.026954218553313737
240,4,0.9082196159365171,0,0,-0.051645235563134516,-0.051645235563134516
243,4,0.259326223532873,0,0,0.006013626932179501,0.006013626932179501
244,4,0.9842909128005425,0,0,-0.02752241867379964,-0.02752241867379964
252,4,1.0141036773043113,0,0,0.025225661545557443,0.025225661545557443
270,4,0.33458829164371584,0,0,0.012373609282209035,0.012373609282209035
289,4,1.0052306821264418,0,0,0.02084455027308845,0.02084455027308845
290,4,1.0764153896142885,0,0,-0.031117632940001923,-0.031117632940001923
297,4,0.7116699639569648,0,0,0.02463399242283641,0.02463399242283641
303,4,0.21990077690746854,0,0,-0.009434096956670593,-0.009434096956670593
312,4,1.1062983243007525,0,0,-0.03948401096040061,-0.03948401096040061
320,4,1.5772167922449263,0,0,0.05217993488437721,0.05217993488437721
322,4,0.7429774423417861,0,0,0.012469909149288347,0.012469909149288347
326,4,1.1378763095381366,0,0,-0.06768044024531689,-0.06768044024531689
333,4,0.8242741218030025,0,0,0.016755164818097842,0.016755164818097842
334,4,1.3888673185385025,0,0,0.05020865903748108,0.05020865903748108
335,4,1.5925400647687624,0,0,0.023452439304261122,0.023452439304261122
345,4,1.422351322838298,0,0,0.013653902233677913,0.013653902233677913
350,4,1.2437430751922036,0,0,0.05187589410280294,0.05187589410280294
353,4,1.374377890104974,0,0,-0.08156732777126677,-0.08156732777126677
364,4,1.145140673516236,0,0,0.0548931075560511,0.0548931075560511
370,4,0.7455543199038476,0,0,-0.011224577363443573,-0.011224577363443573
374,4,0.7800078628177297,0,0,-0.038525552801808895,-0.038525552801808895
375,4,0.6997997093546318,0,0,0.02114690834209101,0.02114690834209101
377,4,1.5620932519104134,0,0,0.02913116905858543,0.02913116905858543
384,4,1.468545050868469,0,0,0.046532798228754675,0.046532798228754675
385,4,1.2987617492026458,0,0,-0.003602465487503592,-0.003602465487503592
390,4,1.0722187113129307,0,0,0.03162960079753828,0.03162960079753828
399,4,0.7646692296418179,0,0,0.041168244636155024,0.041168244636155024
12,5,0.500989295631242,0,0,-0.026008240047608433,-0.026008240047608433
13,5,0.32595555839963447,0,0,0.009722484694646455,0.009722484694646455
16,5,1.544197516206397,0,0,-0.0870404175129921,-0.0870404175129921
24,5,0.8776888806259552,0,0,8.519830402402284e-5,8.519830402402284e-5
29,5,1.4039289126314682,0,0,0.055920484539337074,0.055920484539337074
35,5,0.7204653473424085,0,0,-0.043956722271727866,-0.043956722271727866
38,5,1.1411154919945463,0,0,-0.08122638112226396,-0.08122638112226396
41,5,1.2428696071249814,0,0,0.06519567199500692,0.06519567199500692
54,5,0.977482304175272,0,0,-0.06881326637732918,-0.06881326637732918
55,5,1.1645618880036697,0,0,0.041491802178698245,0.041491802178698245
66,5,1.5990024488560277,0,0,0.09440630254126539,0.09440630254126539
70,5,0.8617200189914258,0,0,-0.030483254236842616,-0.030483254236842616
82,5,0.3815709145184584,0,0,0.004684087517453028,0.004684087517453028
106,5,1.5646961328418445,0,0,0.04397774609207785,0.04397774609207785
113,5,0.5899202053556769,0,0,0.01485170845020474,0.01485170845020474
118,5,1.1995370964233256,0,0,0.0036255133392590344,0.0036255133392590344
120,5,0.651006665974492,0,0,-0.015339289741382336,-0.015339289741382336
127,5,1.3544851735120453,0,0,0.08227157192319719,0.08227157192319719
138,5,1.2177134337567141,0,0,0.057367383182415285,0.057367383182415285
142,5,1.0572762123959378,0,0,0.054526431230423805,0.054526431230423805
145,5,1.0029205539406305,0,0,-0.048566317839459444,-0.048566317839459444
151,5,1.2778514831822192,0,0,-0.01895583210342701,-0.01895583210342701
171,5,1.42746340141922,0,0,0.02249445536163877,0.02249445536163877
193,5,1.4920258708668956,0,0,-0.05000099777682643,-0.05000099777682643
201,5,1.5765816868614857,0,0,0.07253584042618932,0.07253584042618932
232,5,1.419865148815535,0,0,-0.11030475629222691,-0.11030475629222691
238,5,1.3117875314299998,0,0,0.024863021398569635,0.024863021398569635
248,5,0.7249337983487137,0,0,-0.0375002284945741,-0.0375002284945741
256,5,1.0790299051910255,0,0,0.06115804067309993,0.06115804067309993
276,5,1.4216328014013566,0,0,-0.008296861514424825,-0.008296861514424825
277,5,0.8236394778483971,0,0,-0.04909659767023586,-0.04909659767023586
282,5,1.5495476815335258,0,0,-0.07012630270910011,-0.07012630270910011
287,5,0.6332145796665807,0,0,-0.05103075216187303,-0.05103075216187303
292,5,1.0787842164351202,0,0,0.03454684496901482,0.03454684496901482
298,5,1.550768339423672,0,0,-0.041855351789605005,-0.041855351789605005
302,5,1.3438761485838404,0,0,0.06948826023709419,0.06948826023709419
304,5,1.4652479369994171,0,0,-0.005983787227287929,-0.005983787227287929
332,5,0.45598391462009125,0,0,-0.04036685873369575,-0.04036685873369575
335,5,1.435218303125371,0,0,0.0752696792561445,0.0752696792561445
355,5,1.485002869772725,0,0,-0.05562750435729763,-0.05562750435729763
357,5,0.6325561523539496,0,0,0.006739403744515413,0.006739403744515413
358,5,1.225392546849328,0,0,-0.021213768097070776,-0.021213768097070776
385,5,1.513881532390212,0,0,0.04821477446437978,0.04821477446437978
396,5,1.2243740921196233,0,0,0.01835678155860042,0.01835678155860042
9,6,1.5193616305234652,0,0,0.010183158832334255,0.010183158832334255
16,6,1.3793289369765067,0,0,-0.10100905910558806,-0.10100905910558806
23,6,1.3867519451734889,0,0,0.10910144458775052,0.10910144458775052
24,6,1.1730508046451544,0,0,-0.01388344328857194,-0.01388344328857194
30,6,1.4164653014871407,0,0,-0.14054007872770918,-0.14054007872770918
35,6,1.5987494585904558,0,0,-0.05792536386432383,-0.05792536386432383
37,6,0.8258056553643497,0,0,0.05502167019636335,0.05502167019636335
44,6,1.3014791260267813,0,0,0.10551752968978462,0.10551752968978462
55,6,1.2564168869681587,0,0,0.027523160586102283,0.027523160586102283
56,6,1.060096945733468,0,0,0.08617024945370542,0.08617024945370542
59,6,0.3915883152980619,0,0,0.027286729436691567,0.027286729436691567
70,6,1.3578285696933068,0,0,-0.04445189582943858,-0.04445189582943858
79,6,1.2206588960851084,0,0,-0.1181138676768713,-0.1181138676768713
89,6,1.1247573449965882,0,0,0.06664032808506476,0.06664032808506476
92,6,1.2418852177061361,0,0,-0.10911040412432162,-0.10911040412432162
97,6,0.5027250127683445,0,0,0.039809848336169344,0.039809848336169344
105,6,1.0029164336094947,0,0,-0.06276241461896696,-0.06276241461896696
106,6,0.7549957375047678,0,0,0.030009104499481888,0.030009104499481888
107,6,0.8465607858742625,0,0,-0.001013132802597766,-0.001013132802597766
113,6,1.3660359834324234,0,0,0.0008830668576087775,0.0008830668576087775
115,6,1.2372174835606706,0,0,-0.10826347177342811,-0.10826347177342811
118,6,0.8868626072989463,0,0,-0.010343128253336928,-0.010343128253336928
119,6,1.4723165082761054,0,0,-0.010810053214547116,-0.010810053214547116
120,6,1.475077347469794,0,0,-0.0293079313339783,-0.0293079313339783
122,6,0.16425347196532522,0,0,-0.005673102981012174,-0.005673102981012174
129,6,1.5259612057972156,0,0,0.12574395757892776,0.12574395757892776
131,6,1.2306550540114605,0,0,-0.1025104843723232,-0.1025104843723232
132,6,1.048516764581925,0,0,-0.031558131220295146,-0.031558131220295146
134,6,1.3966993391866562,0,0,-0.11604090851270198,-0.11604090851270198
143,6,1.3663234996433484,0,0,-0.12160326169442624,-0.12160326169442624
151,6,0.8898146306793263,0,0,-0.03292447369602297,-0.03292447369602297
154,6,1.5969516387574219,0,0,-0.15361477638990328,-0.15361477638990328
162,6,0.3192835981961628,0,0,0.01989129856996541,0.01989129856996541
176,6,1.018029134276773,0,0,0.05831116996302107,0.05831116996302107
179,6,1.0020042646505258,0,0,0.0674979355609705,0.0674979355609705
192,6,1.0538541548859224,0,0,0.0790833498339119,0.0790833498339119
193,6,0.9732764111222841,0,0,-0.06396963936942239,-0.06396963936942239
194,6,1.109570697903705,0,0,-0.0951673635635037,-0.0951673635635037
200,6,1.4235975278391324,0,0,0.12421108090998662,0.12421108090998662
202,6,0.7357279230697431,0,0,0.041610788514837606,0.041610788514837606
205,6,1.1590809678063785,0,0,-0.09841476750146776,-0.09841476750146776
211,6,0.9224941923835225,0,0,0.056489262328549776,0.056489262328549776
215,6,1.1894352919926614,0,0,0.08866811063001559,0.08866811063001559
219,6,0.7711707647292992,0,0,-0.05973074051193218,-0.05973074051193218
229,6,0.9544143484210506,0,0,-0.07536298965372414,-0.07536298965372414
238,6,0.8568128948290753,0,0,0.010894379805973672,0.010894379805973672
240,6,0.4935173172165081,0,0,-0.013796637203847106,-0.013796637203847106
243,6,0.8316112266732255,0,0,0.04386222529146691,0.04386222529146691
244,6,1.1992817279847987,0,0,0.010326179685487769,0.010326179685487769
246,6,1.080343787482484,0,0,-0.0832659306243307,-0.0832659306243307
252,6,0.801569904197079,0,0,0.06307425990484486,0.06307425990484486
270,6,1.045970496989048,0,0,0.050222207641496444,0.050222207641496444
275,6,1.5179149247640762,0,0,0.10266533571308738,0.10266533571308738
277,6,1.5975242000768473,0,0,-0.06306523926283182,-0.06306523926283182
282,6,1.1166609766782665,0,0,-0.08409494430169608,-0.08409494430169608
290,6,1.2884157675057206,0,0,0.006730965419285487,0.006730965419285487
297,6,1.3501690246126377,0,0,0.062482590782123815,0.062482590782123815
298,6,0.829155900315349,0,0,-0.05582399338220097,-0.05582399338220097
302,6,1.3869143665606247,0,0,0.055519618644498225,0.055519618644498225
303,6,0.6038490246137609,0,0,0.028414501402616817,0.028414501402616817
309,6,1.4119013044608157,0,0,-0.10666239661657172,-0.10666239661657172
312,6,1.2247203839959795,0,0,-0.0016354126011132036,-0.0016354126011132036
322,6,0.5905976938044776,0,0,0.050318507508575756,0.050318507508575756
326,6,0.8949283852968297,0,0,-0.02983184188602947,-0.02983184188602947
333,6,1.564183670664835,0,0,0.05460376317738525,0.05460376317738525
334,6,1.1795920709601457,0,0,0.08805725739676849,0.08805725739676849
335,6,1.3185511322658992,0,0,0.06130103766354853,0.06130103766354853
353,6,0.5794307161684117,0,0,-0.043718729411979365,-0.043718729411979365
358,6,0.9834510283342737,0,0,-0.03518240968966674,-0.03518240968966674
364,6,1.540352921604926,0,0,0.09274170591533851,0.09274170591533851
370,6,0.35097074529816386,0,0,0.026624020995843836,0.026624020995843836
374,6,0.18057898819539242,0,0,-0.0006769544425214852,-0.0006769544425214852
375,6,1.406722019033585,0,0,0.05899550670137842,0.05899550670137842
384,6,1.1890368703891063,0,0,0.08438139658804208,0.08438139658804208
385,6,0.8667458995588561,0,0,0.03424613287178382,0.03424613287178382
388,6,0.877817686986465,0,0,-0.06655835873313061,-0.06655835873313061
390,6,0.896366704963637,0,0,0.06947819915682568,0.06947819915682568
395,6,1.5056080693361986,0,0,-0.14569167973932245,-0.14569167973932245
399,6,1.1666955265194667,0,0,0.07901684299544243,0.07901684299544243
19,7,1.3391412982519382,0,0,0.08472876116577283,0.08472876116577283
25,7,0.9279423231299628,0,0,-0.07581868341488307,-0.07581868341488307
27,7,1.362629998754238,0,0,0.01239245106886977,0.01239245106886977
32,7,1.554014166404881,0,0,-0.03139377935215315,-0.03139377935215315
49,7,1.180853024860591,0,0,0.019176288611294057,0.019176288611294057
51,7,0.9496646370915294,0,0,0.0654877215664702,0.0654877215664702
60,7,1.0234840528861782,0,0,-0.054022488946117386,-0.054022488946117386
61,7,1.3007839160268808,0,0,0.02300633027971266,0.02300633027971266
63,7,1.587713155094738,46,-1,-0.12727182797392778,0.8727281720260722
68,7,1.3326932913623832,0,0,-0.08615451177463418,-0.08615451177463418
71,7,1.2711971128293933,0,0,0.06255363751494486,0.06255363751494486
95,7,0.605115585854547,0,0,-0.013360492260772294,-0.013360492260772294
96,7,1.4476338768089356,0,0,0.07720322634445947,0.07720322634445947
100,7,1.3578703557861826,0,0,0.055784228140353775,0.055784228140353775
117,7,1.5357057939245446,46,-1,-0.13083282565139398,0.869167174348606
126,7,0.7774109528080191,0,0,-0.05188285008490412,-0.05188285008490412
130,7,1.4036880482135379,0,0,0.05837427691504632,0.05837427691504632
144,7,0.9914532273735759,0,0,0.06548772156646981,0.06548772156646981
149,7,0.8460436598833821,0,0,0.027993702424752076,0.027993702424752076
150,7,0.7100257040110307,0,0,-0.04805256852965778,-0.04805256852965778
153,7,1.4130676677548373,0,0,0.06980234871032814,0.06980234871032814
155,7,1.2029608082451897,46,-1,-0.10730663182319433,0.8926933681768057
166,7,1.2074620615579439,0,0,-0.06665711102503369,-0.06665711102503369
168,7,1.2818146283597727,0,0,0.07906511889235818,0.07906511889235818
172,7,1.5501276773294448,0,0,-0.04066582780387462,-0.04066582780387462
175,7,1.5027127537927691,0,0,-0.09212677406278225,-0.09212677406278225
206,7,1.5825379773726407,0,0,0.006925244543925735,0.006925244543925735
226,7,1.1714450138340993,0,0,0.031221160387007063,0.031221160387007063
245,7,1.4034954651209985,0,0,-0.040348166571714694,-0.040348166571714694
269,7,1.5057363912010453,0,0,0.08782707135949702,0.08782707135949702
284,7,1.162992890740849,0,0,0.07644880752175087,0.07644880752175087
285,7,1.4824830472036399,0,0,0.07925234242143042,0.07925234242143042
294,7,1.518786551604179,0,0,-0.05868755539869608,-0.05868755539869608
299,7,1.496023237431606,0,0,-0.043551037269851656,-0.043551037269851656
315,7,1.500429993091825,0,0,0.04212878283748661,0.04212878283748661
336,7,1.2831842254816161,0,0,-0.03132271973011258,-0.03132271973011258
362,7,1.26588500068598,0,0,0.07942000354393258,0.07942000354393258
381,7,1.4284340064780319,0,0,-0.051882226655165176,-0.051882226655165176
394,7,0.6417894238349697,0,0,0.047058852513005955,0.047058852513005955
22,8,1.2769141060625104,0,0,-0.028243881892737382,-0.028243881892737382
28,8,1.1518928732681155,0,0,-0.04165273805246658,-0.04165273805246658
46,8,1.2211308446156577,1,1,0.07270518160305506,-0.9272948183969449
48,8,1.3756804987319644,0,0,0.01134213464947939,0.01134213464947939
64,8,1.4731470021689503,0,0,-0.03634091364754455,-0.03634091364754455
67,8,0.6229184293695306,0,0,0.0006952986287798446,0.0006952986287798446
78,8,1.3757698042401945,1,1,0.04331962461666361,-0.9566803753833364
84,8,1.304361330220814,0,0,0.028744383541725538,0.028744383541725538
85,8,1.3306061099599282,0,0,0.05251761101735486,0.05251761101735486
102,8,1.2151631875331295,0,0,-0.020527460285803045,-0.020527460285803045
116,8,1.4885605073291157,0,0,-0.06072737533365108,-0.06072737533365108
123,8,0.640038175311913,0,0,-0.018934020350660163,-0.018934020350660163
128,8,0.9100415386037609,0,0,-0.014225962189260893,-0.014225962189260893
158,8,1.2124086478321943,0,0,-0.061693520290118764,-0.061693520290118764
182,8,0.5534253690100044,0,0,0.02193075743815534,0.02193075743815534
188,8,0.8157818121669055,0,0,-0.04214815789814089,-0.04214815789814089
189,8,1.1921261141473338,0,0,-0.04182134664344414,-0.04182134664344414
218,8,0.5684358889322751,0,0,-0.006935602820732439,-0.006935602820732439
220,8,1.3776311032838113,0,0,0.054290982902495566,0.054290982902495566
228,8,1.4071635557181283,0,0,0.11030583382129588,0.11030583382129588
234,8,0.9706331890175195,0,0,0.0631431085781129,0.0631431085781129
237,8,1.089032820272991,0,0,-0.048088702817797285,-0.048088702817797285
251,8,1.2444472090112306,0,0,-0.04269829278435258,-0.04269829278435258
260,8,0.6317288216136088,0,0,0.012024220519532558,0.012024220519532558
262,8,1.5977483546469784,0,0,0.02085256391173715,0.02085256391173715
263,8,0.29799812406404375,0,0,0.014548095767606989,0.014548095767606989
293,8,1.0829954296301223,1,1,0.055060699320702566,-0.9449393006792974
311,8,0.9059337974477065,0,0,0.07973805597502748,0.07973805597502748
330,8,0.7277265113433692,0,0,0.004559920842551746,0.004559920842551746
339,8,1.379418223601529,0,0,-0.08421544290241892,-0.08421544290241892
347,8,0.38639778211410203,0,0,-0.022915766242579905,-0.022915766242579905
367,8,1.594684028868709,0,0,-0.07383534283786397,-0.07383534283786397
383,8,1.5194210362452236,0,0,-0.0007739461447054674,-0.0007739461447054674
29,9,1.4464255353510902,0,0,0.03176868411440686,0.03176868411440686
45,9,0.9233856029020343,0,0,-0.03687677934684165,-0.03687677934684165
76,9,0.43772713479112935,0,0,0.009576680413267147,0.009576680413267147
82,9,1.5920711968452903,0,0,-0.01946771290747719,-0.01946771290747719
107,9,0.8813070697470745,0,0,-0.01119629163493202,-0.01119629163493202
110,9,0.3382375113010824,0,0,0.005064152311522935,0.005064152311522935
119,9,0.5421074646105354,0,0,-0.02099321204688137,-0.02099321204688137
132,9,1.1833243250823626,0,0,-0.0417412900526294,-0.0417412900526294
133,9,1.3621334264497114,0,0,0.04653865324196993,0.04653865324196993
147,9,1.5027923558146774,0,0,-0.06815338390247537,-0.06815338390247537
161,9,0.9755968618941211,0,0,0.019265575983763446,0.019265575983763446
162,9,1.5823609542838746,0,0,0.009708139737631155,0.009708139737631155
171,9,0.7630456220578739,0,0,-0.001657345063291446,-0.001657345063291446
181,9,1.1598307067187656,0,0,-0.038354570262699034,-0.038354570262699034
202,9,1.562630988193708,0,0,0.03142762968250335,0.03142762968250335
240,9,1.3552651367965631,0,0,-0.02397979603618136,-0.02397979603618136
243,9,1.4550670733661573,0,0,0.033679066459132656,0.033679066459132656
244,9,0.5171340172412627,0,0,0.00014302085315351376,0.00014302085315351376
270,9,1.458241662632928,0,0,0.04003904880916219,0.04003904880916219
276,9,1.0806741896091985,0,0,-0.03244866193935504,-0.03244866193935504
289,9,1.3972259952942128,0,0,0.048509989800041606,0.048509989800041606
290,9,0.47428505868233783,0,0,-0.003452193413048768,-0.003452193413048768
292,9,1.410302649248878,0,0,0.010395044544084603,0.010395044544084603
303,9,1.2872148412779842,0,0,0.018231342570282562,0.018231342570282562
304,9,1.024668214491401,0,0,-0.030135587652218146,-0.030135587652218146
312,9,0.7379047877169453,0,0,-0.011818571433447458,-0.011818571433447458
326,9,1.1546976645880054,0,0,-0.040015000718363725,-0.040015000718363725
333,9,1.3056622950260166,0,0,0.044420604345051,0.044420604345051
345,9,1.2391425364014643,0,0,0.04131934176063107,0.04131934176063107
357,9,1.5452051897223604,0,0,-0.017412396680414804,-0.017412396680414804
374,9,1.4151947161839835,0,0,-0.01086011327485574,-0.01086011327485574
396,9,0.9924196601571414,0,0,-0.005795018866329799,-0.005795018866329799
11,10,0.8608937679018174,0,0,-0.014629751517383383,-0.014629751517383383
19,10,1.4328521752117882,0,0,0.02233706063484392,0.02233706063484392
26,10,0.4182371260409724,0,0,0.03429859685604236,0.03429859685604236
27,10,0.8869387086479639,0,0,-0.04999924946205914,-0.04999924946205914
32,10,1.3414477896715722,0,0,-0.09378547988308206,-0.09378547988308206
33,10,1.479236774236558,0,0,-0.09846844978477742,-0.09846844978477742
36,10,0.9935091562975819,0,0,0.06558147274944864,0.06558147274944864
39,10,1.260857125115429,0,0,0.052740775943916685,0.052740775943916685
42,10,1.4281426589108723,0,0,0.06503144644274572,0.06503144644274572
43,10,1.270925541294657,0,0,0.052503749093810725,0.052503749093810725
51,10,1.578592601993415,0,0,0.0030960210355412965,0.0030960210355412965
61,10,0.6751138478058488,0,0,-0.039385370251216245,-0.039385370251216245
62,10,1.5463944601553457,0,0,0.04761414860739266,0.04761414860739266
72,10,1.3572656748929015,0,0,-0.07618506618773568,-0.07618506618773568
95,10,1.5405816592595734,0,0,-0.0757521927917012,-0.0757521927917012
96,10,0.643202928940079,0,0,0.014811525813530568,0.014811525813530568
98,10,0.8185185262441227,0,0,0.043621984736031794,0.043621984736031794
99,10,0.1418334487719077,0,0,-0.005229206076621529,-0.005229206076621529
103,10,0.2940599536061417,0,0,0.024126098053022293,0.024126098053022293
104,10,0.6192522851563552,0,0,0.045275388820725626,0.045275388820725626
111,10,1.5971778300085313,0,0,-0.09784903861422933,-0.09784903861422933
130,10,0.3719482624272554,0,0,-0.004017423615882587,-0.004017423615882587
136,10,1.427839971249422,0,0,-0.024340870759482325,-0.024340870759482325
137,10,0.39964257939018294,0,0,0.03125420105642751,0.03125420105642751
144,10,1.5868812924128994,0,0,0.003096021035540908,0.003096021035540908
149,10,0.8887176918952742,0,0,-0.03439799810617683,-0.03439799810617683
170,10,0.30299584834602855,0,0,0.020253840334478523,0.020253840334478523
172,10,1.5168941636104603,0,0,-0.10305752833480353,-0.10305752833480353
184,10,0.5601637524500928,0,0,0.04177070646306541,0.04177070646306541
191,10,0.783876154662731,0,0,0.058096640823276036,0.058096640823276036
226,10,0.645567782849401,0,0,-0.031170540143921843,-0.031170540143921843
230,10,1.5682190165847725,0,0,0.04189859979515903,0.04189859979515903
233,10,1.5066830529344644,0,0,0.03802253197372568,0.03802253197372568
250,10,0.7340701223335939,0,0,-0.03494336442832435,-0.03494336442832435
264,10,1.4223621640104536,0,0,-0.08997833862864113,-0.08997833862864113
269,10,1.497536915214711,0,0,0.025435370828568116,0.025435370828568116
283,10,1.5655830437830824,0,0,0.041898599795158975,0.041898599795158975
284,10,1.142368434342321,0,0,0.014057106990821966,0.014057106990821966
285,10,0.7382420258846342,0,0,0.016860641890501515,0.016860641890501515
295,10,0.4268076520049972,0,0,-0.010915485699327487,-0.010915485699327487
299,10,1.4833112692609118,0,0,-0.10594273780078056,-0.10594273780078056
300,10,1.1361524175061937,0,0,0.05999533511475391,0.05999533511475391
319,10,0.3092939236800392,0,0,0.020382713899527338,0.020382713899527338
323,10,1.1943936160890376,0,0,-0.06804014380508971,-0.06804014380508971
341,10,1.2491125171092183,0,0,0.08910988405243891,0.08910988405243891
342,10,1.5628828740924412,0,0,-0.10307028290210052,-0.10307028290210052
351,10,1.4424360332577684,0,0,0.11253300440205266,0.11253300440205266
352,10,0.9396933054124489,0,0,-0.014629751517383327,-0.014629751517383327
362,10,1.2670107652351037,0,0,0.017028303013003676,0.017028303013003676
382,10,1.3546984247744192,0,0,0.08838934807309295,0.08838934807309295
394,10,1.4169409292023858,0,0,-0.015332848017922951,-0.015332848017922951
26,11,0.9806527303704192,0,0,0.048928348373425745,0.048928348373425745
27,11,0.7219898518316755,0,0,-0.035369497944675754,-0.035369497944675754
31,11,1.5901498662106088,0,0,-0.23256644573648427,-0.23256644573648427
32,11,0.8576370516727944,0,0,-0.07915572836569867,-0.07915572836569867
33,11,1.0007643951608913,0,0,-0.08383869826739404,-0.08383869826739404
36,11,1.4751540520126007,0,0,0.08021122426683203,0.08021122426683203
39,11,0.6918081411808246,0,0,0.06737052746130007,0.06737052746130007
43,11,0.6879976560593707,0,0,0.06713350061119411,0.06713350061119411
61,11,0.8354125755534652,0,0,-0.024755618733832863,-0.024755618733832863
72,11,0.6701967919260692,0,0,-0.0615553146703523,-0.0615553146703523
80,11,1.3288009262153258,0,0,-0.17719611575074928,-0.17719611575074928
81,11,1.1191761317904414,0,0,0.15516779073183934,0.15516779073183934
96,11,1.4464870734930597,0,0,0.02944127733091395,0.02944127733091395
98,11,0.5745905599983333,0,0,0.058251736253415176,0.058251736253415176
99,11,0.7458793976525747,0,0,0.009400545440761854,0.009400545440761854
103,11,0.9951188250330822,0,0,0.038755849570405676,0.038755849570405676
104,11,1.1089776616490656,0,0,0.05990514033810901,0.05990514033810901
111,11,0.8612277498935089,0,0,-0.08321928709684595,-0.08321928709684595
121,11,1.5696430972936135,0,0,0.03826659915091296,0.03826659915091296
125,11,1.0261725060634914,0,0,-0.022687675222413495,-0.022687675222413495
130,11,1.133601087428112,0,0,0.010612327901500795,0.010612327901500795
136,11,0.7224136493846351,0,0,-0.009711119242098942,-0.009711119242098942
137,11,1.04942738994777,0,0,0.04588395257381089,0.04588395257381089
139,11,1.4732511813541767,0,0,0.20244917357882763,0.20244917357882763
149,11,1.3219673591494931,0,0,-0.019768246588793448,-0.019768246588793448
157,11,1.363749825280037,0,0,-0.1510683539593179,-0.1510683539593179
163,11,1.2032210503650875,0,0,0.07468815002948531,0.07468815002948531
170,11,1.1377818054699715,0,0,0.034883591851861906,0.034883591851861906
172,11,1.0429463070802882,0,0,-0.08842777681742015,-0.08842777681742015
184,11,1.1097879097644765,0,0,0.05640045798044879,0.05640045798044879
187,11,1.5542112644633708,0,0,-0.09602633116301568,-0.09602633116301568
191,11,1.0348954908715202,0,0,0.07272639234065942,0.07272639234065942
203,11,1.4794522806214485,0,0,0.12723271456307145,0.12723271456307145
223,11,1.0518271084500173,0,0,-0.11493711349353614,-0.11493711349353614
225,11,1.2120574718304007,0,0,-0.11621320314480005,-0.11621320314480005
226,11,1.1107183286216873,0,0,-0.01654078862653846,-0.01654078862653846
233,11,0.9428043466155925,0,0,0.052652283491109064,0.052652283491109064
235,11,1.4837246145689924,0,0,0.15937632179771083,0.15937632179771083
236,11,1.0420481700883766,0,0,-0.14547645027516348,-0.14547645027516348
239,11,1.4496519371274914,0,0,0.07542161889942356,0.07542161889942356
245,11,1.3657650230106162,0,0,-0.08811011558526022,-0.08811011558526022
247,11,1.2115321625215738,0,0,0.1197409339872863,0.1197409339872863
250,11,0.2885664596043784,0,0,-0.02031361291094097,-0.02031361291094097
261,11,1.567694631914191,0,0,0.21755672274599702,0.21755672274599702
264,11,0.6846090739028766,0,0,-0.07534858711125775,-0.07534858711125775
266,11,1.240442651959277,0,0,-0.15595539466115454,-0.15595539466115454
285,11,1.4854781720124646,0,0,0.0314903934078849,0.0314903934078849
288,11,1.5229634746780043,0,0,0.1746328319942025,0.1746328319942025
294,11,1.3691135833380224,0,0,-0.1064495044122416,-0.1064495044122416
295,11,0.46440184591888234,0,0,0.003714265818055895,0.003714265818055895
299,11,1.1037597122406169,0,0,-0.09131298628339718,-0.09131298628339718
313,11,1.329131656700204,0,0,0.11481436087998909,0.11481436087998909
319,11,0.7538087365426844,0,0,0.03501246541691072,0.03501246541691072
323,11,0.5780847618601749,0,0,-0.05341039228770633,-0.05341039228770633
324,11,1.59336105831622,0,0,-0.1831125676439322,-0.1831125676439322
325,11,1.4209084504452403,0,0,-0.1778186201620387,-0.1778186201620387
341,11,1.5437701452357455,0,0,0.1037396355698223,0.1037396355698223
342,11,1.0086810896744096,0,0,-0.08844053138471714,-0.08844053138471714
352,11,0.16192868735948962,0,0,5.551115123125783e-17,5.551115123125783e-17
387,11,1.5738718495392787,0,0,0.21829519166721556,0.21829519166721556
13,12,0.6443230304466321,0,0,0.03573072474225489,0.03573072474225489
16,12,1.5893371693266987,0,0,-0.06103217746538367,-0.06103217746538367
24,12,1.1827152895985933,0,0,0.026093438351632456,0.026093438351632456
35,12,0.7983354860979888,0,0,-0.017948482224119433,-0.017948482224119433
38,12,1.1392099952853338,0,0,-0.05521814107465553,-0.05521814107465553
45,12,1.4807723539160145,0,0,0.013283261125696999,0.013283261125696999
54,12,0.7808093503380149,0,0,-0.04280502632972075,-0.04280502632972075
55,12,1.5870350919178675,0,0,0.06750004222630668,0.06750004222630668
70,12,0.9966823115487166,0,0,-0.004475014189234183,-0.004475014189234183
82,12,0.4577380133514513,0,0,0.03069232756506146,0.03069232756506146
113,12,1.0173960845984502,0,0,0.04085994849781317,0.04085994849781317
118,12,1.4733599380409164,0,0,0.029633753386867467,0.029633753386867467
120,12,0.8913740248055785,0,0,0.010668950306226097,0.010668950306226097
140,12,1.5342837285330733,0,0,-0.057856083696067734,-0.057856083696067734
142,12,1.5562021863294933,0,0,0.08053467127803224,0.08053467127803224
145,12,0.5252488674398379,0,0,-0.02255807779185101,-0.02255807779185101
151,12,1.4864744709594646,0,0,0.007052407944181424,0.007052407944181424
171,12,1.5205393408292784,0,0,0.048502695409247204,0.048502695409247204
232,12,1.3592716524993604,0,0,-0.08429651624461848,-0.08429651624461848
248,12,0.2874549156115956,0,0,-0.011491988446965667,-0.011491988446965667
256,12,1.5705142938701788,0,0,0.08716628072070837,0.08716628072070837
258,12,1.4149946750776405,0,0,-0.08759520407203603,-0.08759520407203603
276,12,1.2085085021279747,0,0,0.017711378533183608,0.017711378533183608
277,12,0.8786874067625844,0,0,-0.023088357622627426,-0.023088357622627426
287,12,0.4660274849954243,0,0,-0.025022512114264595,-0.025022512114264595
292,12,1.3869164355422077,0,0,0.06055508501662325,0.06055508501662325
304,12,1.2674017890781384,0,0,0.020024452820320504,0.020024452820320504
327,12,1.3290182992264639,0,0,-0.08212683718456223,-0.08212683718456223
332,12,0.3240856945704683,0,0,-0.014358618686087316,-0.014358618686087316
348,12,1.2287780996333124,0,0,-0.06443249386875169,-0.06443249386875169
355,12,1.0207644675689322,0,0,-0.029619264309689197,-0.029619264309689197
357,12,0.8016228228429673,0,0,0.032747643792123846,0.032747643792123846
358,12,1.4358711640581294,0,0,0.004794471950537657,0.004794471950537657
396,12,1.3157989794455454,0,0,0.04436502160620885,0.04436502160620885
24,13,1.0937591274996643,0,0,-0.009637286390622432,-0.009637286390622432
29,13,1.1273458184998326,0,0,0.04619799984469062,0.04619799984469062
35,13,1.03339720068566,0,0,-0.05367920696637432,-0.05367920696637432
38,13,1.4538926152714855,0,0,-0.09094886581691042,-0.09094886581691042
41,13,1.076758973610155,0,0,0.05547318730036046,0.05547318730036046
45,13,1.5918025090270755,0,0,-0.02244746361655789,-0.02244746361655789
54,13,1.2736221605077491,0,0,-0.07853575107197563,-0.07853575107197563
55,13,1.288175073573775,0,0,0.03176931748405179,0.03176931748405179
66,13,1.5386276965723409,0,0,0.08468381784661894,0.08468381784661894
70,13,1.144947267432366,0,0,-0.04020573893148907,-0.04020573893148907
82,13,0.26639880465614163,0,0,-0.005038397177193427,-0.005038397177193427
113,13,0.7331911642877539,0,0,0.005129223755558285,0.005129223755558285
118,13,1.3821417834783352,0,0,-0.0060969713553874205,-0.0060969713553874205
120,13,0.9410690883748242,0,0,-0.02506177443602879,-0.02506177443602879
127,13,1.3364455935491233,0,0,0.07254908722855073,0.07254908722855073
138,13,0.9824885219456871,0,0,0.04764489848776883,0.04764489848776883
142,13,1.035482526328381,0,0,0.04480394653577735,0.04480394653577735
145,13,1.1037014573066621,0,0,-0.0582888025341059,-0.0582888025341059
151,13,1.485906112241237,0,0,-0.028678316798073464,-0.028678316798073464
161,13,1.44133820815376,0,0,0.03369489171404721,0.03369489171404721
171,13,1.162916992057902,0,0,0.012771970666992316,0.012771970666992316
177,13,1.5784640645367813,0,0,0.09107168477478376,0.09107168477478376
201,13,1.369944579693924,0,0,0.06281335573154287,0.06281335573154287
238,13,1.4679014775895036,0,0,0.01514053670392318,0.01514053670392318
248,13,0.7658651190037051,0,0,-0.047222713189220555,-0.047222713189220555
256,13,1.1220734115160012,0,0,0.05143555597845347,0.05143555597845347
276,13,1.2833491608722598,0,0,-0.01801934620907128,-0.01801934620907128
277,13,1.135809232908208,0,0,-0.058819082364882314,-0.058819082364882314
287,13,0.9179738686886126,0,0,-0.06075323685651948,-0.06075323685651948
292,13,0.7827735400568941,0,0,0.024824360274368365,0.024824360274368365
302,13,1.4300761274226204,0,0,0.05976577554244773,0.05976577554244773
304,13,1.3201886925723918,0,0,-0.015706271921934384,-0.015706271921934384
332,13,0.7247286819584423,0,0,-0.0500893434283422,-0.0500893434283422
335,13,1.5389642389439409,0,0,0.06554719456149805,0.06554719456149805
355,13,1.5523858917987159,0,0,-0.06534998905194409,-0.06534998905194409
357,13,0.3187287220386281,0,0,-0.0029830809501310424,-0.0029830809501310424
358,13,1.4478505551961534,0,0,-0.03093625279171723,-0.03093625279171723
396,13,0.9413200009103881,0,0,0.008634296863953964,0.008634296863953964
16,14,1.0867668741784133,0,0,0.06362520883717182,0.06362520883717182
30,14,0.33607683029166263,0,0,0.024094189215050688,0.024094189215050688
38,14,1.5893513570280946,0,0,0.06943924522789996,0.06943924522789996
39,14,1.3536688808876418,0,0,-0.17372047194194712,-0.17372047194194712
43,14,1.33602664002856,0,0,-0.17395749879205308,-0.17395749879205308
47,14,0.9932485156309036,0,0,0.023381113571013995,0.023381113571013995
52,14,1.4758310100969596,0,0,-0.013253633471750181,-0.013253633471750181
65,14,0.8611493577422324,0,0,-0.06228631877427959,-0.06228631877427959
79,14,0.5229090839686173,0,0,0.04652040026588858,0.04652040026588858
81,14,0.7598291927662311,0,0,-0.08592320867140785,-0.08592320867140785
92,14,0.6435563548278684,0,0,0.05552386381843827,0.05552386381843827
94,14,1.5053568545156546,0,0,-0.08245865881458875,-0.08245865881458875
98,14,1.4555558832808955,0,0,-0.182839263149832,-0.182839263149832
105,14,1.3462579288422194,0,0,0.10187185332379292,0.10187185332379292
114,14,1.4583878646399064,0,0,0.04625359181305058,0.04625359181305058
115,14,0.5216773652877713,0,0,0.05637079616933177,0.05637079616933177
122,14,1.5990155866451246,0,0,0.15896116496174773,0.15896116496174773
131,14,0.8652991141845492,0,0,0.062123783570436686,0.062123783570436686
134,14,0.627796494870075,0,0,0.04859335943005791,0.04859335943005791
139,14,0.3984808175875594,0,0,-0.03864182582441955,-0.03864182582441955
143,14,0.7623987186918327,0,0,0.04303100624833364,0.04303100624833364
151,14,1.5117349242751845,0,0,0.1317097942467369,0.1317097942467369
154,14,0.6276814307150075,0,0,0.011019491552856586,0.011019491552856586
163,14,1.4782667478775258,0,0,-0.16640284937376187,-0.16640284937376187
169,14,0.9863450510402736,0,0,0.008198343517313883,0.008198343517313883
180,14,1.0132413360204848,0,0,-0.02215271097326993,-0.02215271097326993
183,14,1.361120408601878,0,0,-0.08930023255882563,-0.08930023255882563
190,14,1.1949063855694904,0,0,-0.02758226612482051,-0.02758226612482051
193,14,1.217234067523502,0,0,0.1006646285733375,0.1006646285733375
194,14,0.9343634380465818,0,0,0.06946690437925618,0.06946690437925618
196,14,1.3496989101182317,0,0,0.010305526651173513,0.010305526651173513
197,14,0.9921778420490052,0,0,0.017945417727441126,0.017945417727441126
203,14,1.3871177096847382,0,0,-0.11385828484017574,-0.11385828484017574
205,14,0.7639753263554854,0,0,0.06621950044129213,0.06621950044129213
213,14,1.2859562300614313,0,0,-0.057996621255220204,-0.057996621255220204
217,14,0.47680861248530115,0,0,-0.006751887833900627,-0.006751887833900627
219,14,1.0440769084209793,0,0,0.1049035274308277,0.1049035274308277
227,14,1.3247506676458285,0,0,0.009499817048592069,0.009499817048592069
229,14,0.9271573680440294,0,0,0.08927127828903575,0.08927127828903575
232,14,1.5238242173334495,0,0,0.04036087005793701,0.04036087005793701
233,14,1.480303025679266,0,0,-0.18843871591213812,-0.18843871591213812
235,14,1.13371585678835,0,0,-0.08171467760553636,-0.08171467760553636
242,14,0.8792272844970774,0,0,0.027446837190222007,0.027446837190222007
246,14,0.9163841165281212,0,0,0.08136833731842918,0.08136833731842918
247,14,1.1805665154532148,0,0,-0.12135006541596088,-0.12135006541596088
255,14,1.4954745595795713,0,0,0.006348901395041934,0.006348901395041934
259,14,1.283469997781509,0,0,0.004240495661979593,0.004240495661979593
261,14,0.3434845733007927,0,0,-0.023534276657250164,-0.023534276657250164
268,14,1.092203266926232,0,0,0.008865404704616053,0.008865404704616053
273,14,0.9647127950990749,0,0,0.04189242113362346,0.04189242113362346
282,14,1.0983279036778792,0,0,0.08053932364106381,0.08053932364106381
288,14,1.0489208836092463,0,0,-0.0664581674090447,-0.0664581674090447
298,14,1.1634091971130252,0,0,0.10881027456055892,0.10881027456055892
306,14,1.5471503060049379,0,0,-0.042197663526737816,-0.042197663526737816
309,14,1.0817930674909912,0,0,0.05797187132618817,0.05797187132618817
313,14,1.3046914229690139,0,0,-0.1262766385232581,-0.1262766385232581
331,14,0.9334265743164143,0,0,-0.0032457743076976797,-0.0032457743076976797
340,14,1.1570754084101988,0,0,-0.012440272651309536,-0.012440272651309536
341,14,1.5597849608526986,0,0,-0.1373513638334249,-0.1373513638334249
343,14,0.9534015975496127,0,0,0.023992461976818785,0.023992461976818785
344,14,1.1554886005211866,0,0,-0.0533541907244236,-0.0533541907244236
351,14,1.477128699460801,0,0,-0.11392824348381114,-0.11392824348381114
353,14,1.2630760304869122,0,0,0.12091553853078052,0.12091553853078052
358,14,1.534992957305836,0,0,0.12945185825309313,0.12945185825309313
387,14,0.6240187513215496,0,0,-0.022795807736031626,-0.022795807736031626
388,14,1.0785809040748922,0,0,0.09807590920962928,0.09807590920962928
392,14,1.1764637081248401,0,0,0.020112878529644218,0.020112878529644218
395,14,0.2739022070945242,0,0,0.018942588203437444,0.018942588203437444
397,14,1.242220645753403,0,0,0.0018818121837325397,0.0018818121837325397
20,15,0.5886806116491153,0,0,0.031301697871110326,0.031301697871110326
69,15,0.7800837585793094,0,0,0.0014518907202772519,0.0014518907202772519
73,15,0.814042694920555,0,0,-0.0360564451435099,-0.0360564451435099
77,15,1.2243529854100368,0,0,0.05082589724158568,0.05082589724158568
88,15,1.4551182989925489,0,0,0.07579369490525735,0.07579369490525735
93,15,1.2571583328723734,0,0,0.10140082024912782,0.10140082024912782
112,15,0.9528150999949195,0,0,-0.027480528156992735,-0.027480528156992735
124,15,1.16906806005813,0,0,-0.04025291681447508,-0.04025291681447508
185,15,1.300580807321546,0,0,-0.04868465548484018,-0.04868465548484018
207,15,0.7136852924256103,0,0,0.028153899200963034,0.028153899200963034
216,15,0.5746410634171912,0,0,0.008894454013193803,0.008894454013193803
291,15,0.5477742892027877,0,0,-0.030212300699317733,-0.030212300699317733
301,15,1.2025228160717738,0,0,-0.03952608468965282,-0.03952608468965282
310,15,1.4050715725243692,0,0,-0.0452427957407859,-0.0452427957407859
320,15,0.9796571812706758,0,0,-0.03867945197640709,-0.03867945197640709
337,15,1.2551323481074141,0,0,-0.0069208840615634995,-0.0069208840615634995
339,15,1.5767493774260715,0,0,0.09017600175066966,0.09017600175066966
346,15,1.049677599535241,0,0,-0.006975661604502387,-0.006975661604502387
349,15,1.0874260146423989,0,0,-0.039158894650299744,-0.039158894650299744
350,15,1.2001993600703782,0,0,-0.03898349275798136,-0.03898349275798136
364,15,1.5230442426714437,0,0,-0.0359662793047332,-0.0359662793047332
365,15,1.2965089314200502,0,0,0.03973435869070158,0.03973435869070158
367,15,1.3516851065143523,0,0,0.1005561018152246,0.1005561018152246
377,15,1.5958864089013125,0,0,-0.061728217802198865,-0.061728217802198865
400,15,0.8308385259254422,0,0,-0.032420207570850505,-0.032420207570850505
24,16,0.9141146977294905,0,0,0.08712561581701612,0.08712561581701612
30,16,1.026133943508412,0,0,-0.03953101962212113,-0.03953101962212113
35,16,0.8710209314760341,0,0,0.043083695241264236,0.043083695241264236
37,16,1.449654941001291,0,0,0.15603072930195142,0.15603072930195142
38,16,0.5704667985293047,0,0,0.005814036390728139,0.005814036390728139
54,16,1.0250588882704617,0,0,0.018227151135662922,0.018227151135662922
55,16,1.335250483895386,0,0,0.12853221969169035,0.12853221969169035
59,16,1.3784071817696828,0,0,0.12829578854227963,0.12829578854227963
70,16,0.6874583127321632,0,0,0.056557163276149486,0.056557163276149486
79,16,0.7864443405910193,0,0,-0.017104808571283242,-0.017104808571283242
81,16,1.3109973923818095,0,0,-0.14954841750857967,-0.14954841750857967
89,16,1.4198650525273606,0,0,0.1676493871906528,0.1676493871906528
92,16,1.0232473011932122,0,0,-0.008101345018733552,-0.008101345018733552
94,16,1.1444891069046115,0,0,-0.14608386765176057,-0.14608386765176057
105,16,1.4560992764838534,0,0,0.0382466444866211,0.0382466444866211
106,16,1.2590124208259055,0,0,0.13101816360506996,0.13101816360506996
113,16,1.3081704540696344,0,0,0.10189212596319684,0.10189212596319684
115,16,0.8434520050069104,0,0,-0.007254412667840049,-0.007254412667840049
118,16,0.8568644683999282,0,0,0.09066593085225114,0.09066593085225114
120,16,0.9394967033124093,0,0,0.07170112777160977,0.07170112777160977
122,16,1.3281913182169596,0,0,0.09533595612457589,0.09533595612457589
131,16,1.2267903380501624,0,0,-0.0015014252667351347,-0.0015014252667351347
134,16,1.24545309236277,0,0,-0.015031849407113912,-0.015031849407113912
139,16,1.3386749727360812,0,0,-0.10226703466159137,-0.10226703466159137
143,16,0.4036765880245507,0,0,-0.02059420258883818,-0.02059420258883818
151,16,0.659630701384809,0,0,0.0680845854095651,0.0680845854095651
154,16,0.6222641545206172,0,0,-0.052605717284315234,-0.052605717284315234
162,16,1.5493403373668384,0,0,0.12090035767555347,0.12090035767555347
163,16,1.403648489029522,0,0,-0.2300280582109337,-0.2300280582109337
167,16,1.2635967652380817,0,0,-0.09413190405215804,-0.09413190405215804
179,16,1.5540640303379136,0,0,0.16850699466655858,0.16850699466655858
193,16,0.43986072734432535,0,0,0.037039419736165674,0.037039419736165674
194,16,0.3641659571386914,0,0,0.0058416955420843575,0.0058416955420843575
197,16,0.318999530677873,0,0,-0.045679791109730694,-0.045679791109730694
203,16,1.2633027974343833,0,0,-0.17748349367734756,-0.17748349367734756
205,16,0.4587428065683296,0,0,0.002594291604120308,0.002594291604120308
211,16,1.4985416506519822,0,0,0.15749832143413783,0.15749832143413783
212,16,1.3378396934085082,0,0,-0.1370595242434679,-0.1370595242434679
217,16,1.5374736136655693,0,0,-0.07037709667107245,-0.07037709667107245
219,16,0.715315451409504,0,0,0.04127831859365588,0.04127831859365588
229,16,1.0999521222843633,0,0,0.02564606945186393,0.02564606945186393
232,16,0.646183419601844,0,0,-0.02326433877923481,-0.02326433877923481
233,16,1.5624331955664257,0,0,-0.25206392474930994,-0.25206392474930994
235,16,1.0168499794856416,0,0,-0.14533988644270818,-0.14533988644270818
238,16,1.0106065186062179,0,0,0.11190343891156174,0.11190343891156174
239,16,1.5561998175921026,0,0,-0.22929458934099545,-0.22929458934099545
240,16,1.594066825062759,0,0,0.08721242190174096,0.08721242190174096
246,16,1.2167493927676605,0,0,0.017743128481257364,0.017743128481257364
247,16,1.252684542906959,0,0,-0.1849752742531327,-0.1849752742531327
255,16,0.7534622716348695,0,0,-0.05727630744212989,-0.05727630744212989
258,16,1.118871814971491,0,0,-0.026563026606652357,-0.026563026606652357
261,16,1.0258492715485332,0,0,-0.08715948549442198,-0.08715948549442198
268,16,0.33449321739546783,0,0,-0.05475980413255577,-0.05475980413255577
273,16,1.5343252152141604,0,0,-0.021732787703548362,-0.021732787703548362
277,16,0.7816122214703128,0,0,0.03794381984275624,0.03794381984275624
282,16,0.2813382433748866,0,0,0.01691411480389199,0.01691411480389199
287,16,1.1594058509418579,0,0,0.036009665351119075,0.036009665351119075
288,16,1.0123790843813145,0,0,-0.13008337624621652,-0.13008337624621652
298,16,0.5545490154246583,0,0,0.0451850657233871,0.0451850657233871
302,16,1.5694226436413656,0,0,0.1565286777500863,0.1565286777500863
306,16,1.1593269770910561,0,0,-0.10582287236390964,-0.10582287236390964
309,16,1.4714927760431784,0,0,-0.0056533375109836526,-0.0056533375109836526
313,16,1.283151542440635,0,0,-0.18990184736042992,-0.18990184736042992
327,16,1.3489092250885049,0,0,-0.021094659719178566,-0.021094659719178566
332,16,1.2817013465553722,0,0,0.046673558779296354,0.046673558779296354
335,16,1.5020128264837478,0,0,0.1623100967691366,0.1623100967691366
340,16,0.6892437688363805,0,0,-0.07606548148848136,-0.07606548148848136
344,16,0.8743987600788964,0,0,-0.11697939956159542,-0.11697939956159542
353,16,0.8119886059705431,0,0,0.0572903296936087,0.0572903296936087
358,16,0.6217967761415587,0,0,0.06582664941592133,0.06582664941592133
370,16,1.4912390872560344,0,0,0.1276330801014319,0.1276330801014319
371,16,1.3227259618474958,0,0,-0.13970865048486958,-0.13970865048486958
374,16,1.46253149191204,0,0,0.10033210466306658,0.10033210466306658
376,16,1.5361917904719935,0,0,-0.13914235292106003,-0.13914235292106003
384,16,1.565603555718534,0,0,0.18539045569363016,0.18539045569363016
385,16,1.235157938306651,0,0,0.13525519197737187,0.13525519197737187
387,16,0.801216136016076,0,0,-0.08642101657320345,-0.08642101657320345
388,16,0.5383928050376561,0,0,0.034450700372457455,0.034450700372457455
392,16,0.3217069814455712,0,0,-0.0435123303075276,-0.0435123303075276
395,16,0.8602955785581234,0,0,-0.04468262063373438,-0.04468262063373438
397,16,0.5042038895714709,0,0,-0.06174339665343928,-0.06174339665343928
25,17,1.5122349890887736,0,0,0.04927821738179061,0.04927821738179061
34,17,0.8572936461612201,46,-1,-0.0818734423424673,0.9181265576575327
49,17,1.0457205171462192,0,0,0.14427318940796774,0.14427318940796774
50,17,1.403150063988557,46,-1,-0.10908429601566316,0.8909157039843368
60,17,0.8270081107094681,0,0,0.0710744118505563,0.0710744118505563
63,17,1.3529959869733788,46,-1,-0.0021749271772540935,0.9978250728227459
71,17,1.4532352126211223,0,0,0.18765053831161854,0.18765053831161854
91,17,1.3247699020386727,46,-1,-0.04251074378584141,0.9574892562141586
100,17,1.2239880160819119,0,0,0.18088112893702746,0.18088112893702746
108,17,0.6272981820395802,0,0,0.0792392973892947,0.0792392973892947
117,17,1.2461202441140087,46,-1,-0.005735924854720187,0.9942640751452798
121,17,1.4935665506920366,0,0,0.21112544896113217,0.21112544896113217
125,17,1.5980194415396882,0,0,0.1501711745878057,0.1501711745878057
152,17,1.1543652756095015,46,-1,-0.02966086603272955,0.9703391339672705
155,17,0.9570435117724023,46,-1,0.01779026897347924,1.0177902689734792
165,17,0.8346415095377954,46,-1,-0.07872920111164539,0.9212707988883546
174,17,0.7485551357133645,46,-1,-0.06835949999469082,0.9316405000053092
175,17,0.2860625885156661,0,0,0.032970126733891436,0.032970126733891436
187,17,1.1189108362351494,0,0,0.07683251864720353,0.07683251864720353
195,17,0.6351072649666601,46,-1,-0.0242663840489159,0.9757336159510841
204,17,0.6715137499392214,46,-1,-0.06022211342948747,0.9397778865705125
206,17,0.9564564193727241,0,0,0.13202214534059942,0.13202214534059942
214,17,1.3528888576478255,46,-1,-0.10439681333642936,0.8956031866635706
221,17,1.3524624553486249,46,-1,-0.12590617198608733,0.8740938280139127
225,17,1.4605238998931074,0,0,0.05664564666541916,0.05664564666541916
253,17,0.7679968047719568,46,-1,-0.07415830490430753,0.9258416950956925
254,17,0.5771550598562295,46,-1,-0.053868892944249014,0.946131107055751
262,17,1.4428116350709888,46,-1,-0.09746388905887626,0.9025361109411237
272,17,0.6076739472750008,46,-1,-0.04982009573859747,0.9501799042614025
278,17,1.1471643429048661,46,-1,-0.08266309854929466,0.9173369014507053
315,17,1.1217119210151065,0,0,0.1672256836341603,0.1672256836341603
317,17,1.4230194766681823,46,-1,-0.10701540101218598,0.892984598987814
324,17,1.3875244650099714,0,0,-0.010253717833712983,-0.010253717833712983
325,17,1.4981652657702702,0,0,-0.0049597703518194924,-0.0049597703518194924
336,17,0.7376037805360016,0,0,0.0937741810665611,0.0937741810665611
338,17,0.8363640607335335,46,-1,-0.07296069226628144,0.9270393077337186
363,17,0.4323322867601188,0,0,-0.02637821111625227,-0.02637821111625227
369,17,0.698860388284304,46,-1,-0.06981397949504453,0.9301860205049555
372,17,1.4924332683725143,46,-1,-0.13328321760471284,0.8667167823952872
381,17,0.5788770562329509,0,0,0.0732146741415085,0.0732146741415085
389,17,1.468314046130342,46,-1,-0.12133976743091579,0.8786602325690842
393,17,1.2045749928866463,46,-1,-0.09766019607787846,0.9023398039221215
21,18,1.4526765888750242,0,0,-0.0007244758451797062,-0.0007244758451797062
36,18,1.0856242074986895,0,0,-0.06099497256940206,-0.06099497256940206
42,18,0.6836127381338972,0,0,-0.061544998876104984,-0.061544998876104984
52,18,1.4091528708158443,0,0,0.08663116909526292,0.08663116909526292
62,18,1.480582286650314,0,0,-0.07896229671145805,-0.07896229671145805
65,18,1.3643911566692368,0,0,0.037598483792733506,0.037598483792733506
104,18,1.4441893438653521,0,0,-0.08130105649812508,-0.08130105649812508
109,18,1.5770414226160316,0,0,-0.014784742744305357,-0.014784742744305357
160,18,0.7934860005241038,0,0,0.051318498608480756,0.051318498608480756
173,18,0.8845575765398298,0,0,0.015570339273916545,0.015570339273916545
180,18,1.3373816674595955,0,0,0.07773209159374317,0.07773209159374317
183,18,0.7887779568569528,0,0,0.010584570008187466,0.010584570008187466
184,18,1.5066018577303593,0,0,-0.0848057388557853,-0.0848057388557853
190,18,1.1863909413056635,0,0,0.07230253644219259,0.07230253644219259
191,18,1.4989733469063138,0,0,-0.06847980449557467,-0.06847980449557467
213,18,0.8828521803289258,0,0,0.041888181311792894,0.041888181311792894
280,18,0.44823964068445854,0,0,-0.014658989291008562,-0.014658989291008562
300,18,0.9352436618355109,0,0,-0.0665811102040968,-0.0665811102040968
331,18,1.5967806641606168,0,0,0.09663902825931542,0.09663902825931542
341,18,0.9576684165737791,0,0,-0.03746656126641179,-0.03746656126641179
351,18,0.9216642664030182,0,0,-0.014043440916798045,-0.014043440916798045
356,18,1.4537227576510054,0,0,0.08368677982422601,0.08368677982422601
361,18,0.9217142897743422,0,0,0.05324172341048389,0.05324172341048389
382,18,0.7230100765101052,0,0,-0.03818709724575775,-0.03818709724575775
398,18,0.03990514775777328,0,0,-0.0046581161003272364,-0.0046581161003272364
26,19,1.5063782148899871,0,0,0.011961536221198443,0.011961536221198443
42,19,1.5204447753203916,0,0,0.0426943858079018,0.0426943858079018
49,19,1.37981733880415,0,0,-0.06555247255447877,-0.06555247255447877
51,19,0.48725461325072833,0,0,-0.019241039599302623,-0.019241039599302623
57,19,1.183994634952228,0,0,0.012058743460356958,0.012058743460356958
62,19,0.6416146983522865,0,0,0.02527708797254874,0.02527708797254874
71,19,1.0194743784081801,0,0,-0.022175123650827966,-0.022175123650827966
86,19,1.534845353290619,0,0,0.03889878508809674,0.03889878508809674
96,19,0.984346226839681,0,0,-0.007525534821313351,-0.007525534821313351
99,19,1.5336058972018625,0,0,-0.027566266711465448,-0.027566266711465448
100,19,1.2614312187474859,0,0,-0.02894453302541905,-0.02894453302541905
103,19,1.4489966203193014,0,0,0.0017890374181783741,0.0017890374181783741
104,19,1.5510345168444393,0,0,0.022938328185881707,0.022938328185881707
121,19,1.5983647480185896,0,0,0.0012997869986856592,0.0012997869986856592
130,19,1.269520126927821,0,0,-0.026354484250726506,-0.026354484250726506
137,19,1.5575898216485153,0,0,0.008917140421583591,0.008917140421583591
144,19,0.47069353681369497,0,0,-0.01924103959930301,-0.01924103959930301
146,19,1.127071868536251,0,0,0.012073204346857158,0.012073204346857158
148,19,1.4983206787088423,0,0,0.04157963358119021,0.04157963358119021
149,19,1.270304431866368,0,0,-0.05673505874102075,-0.05673505874102075
153,19,0.8973583123020958,0,0,-0.014926412455444682,-0.014926412455444682
156,19,1.1691772462710859,0,0,0.043141269038493746,0.043141269038493746
159,19,1.123110012258668,0,0,0.03134166485631307,0.03134166485631307
168,19,0.5312518678882221,0,0,-0.0056636422734146485,-0.0056636422734146485
170,19,1.294511353731977,0,0,-0.002083220300365396,-0.002083220300365396
184,19,1.5450768287559253,0,0,0.01943364582822149,0.01943364582822149
226,19,1.4553033392759762,0,0,-0.05350760077876576,-0.05350760077876576
230,19,0.4469904506596345,0,0,0.01956153916031511,0.01956153916031511
269,19,0.21824133303751667,0,0,0.0030983101937241964,0.0030983101937241964
281,19,1.2638140369519835,0,0,0.03333262637253659,0.03333262637253659
283,19,0.45554667063997206,0,0,0.019561539160315056,0.019561539160315056
284,19,0.5132730841853045,0,0,-0.008279953644021953,-0.008279953644021953
285,19,0.7923856226702417,0,0,-0.005476418744342404,-0.005476418744342404
300,19,1.4170952458082715,0,0,0.03765827447990999,0.03765827447990999
308,19,1.5407538072539113,0,0,0.06722232057959532,0.06722232057959532
315,19,1.474342585822222,0,0,-0.042599978328286214,-0.042599978328286214
319,19,1.5817117887483152,0,0,-0.001954346735316581,-0.001954346735316581
329,19,1.127772466223553,0,0,0.03829685051494397,0.03829685051494397
362,19,0.33205182253892057,0,0,-0.005308757621840243,-0.005308757621840243
366,19,0.7286419934648565,0,0,0.025735904602183335,0.025735904602183335
394,19,0.7256341984990591,0,0,-0.03766990865276687,-0.03766990865276687
23,20,1.4608142828887032,0,0,-0.05090823850343151,-0.05090823850343151
44,20,1.4993337369501305,0,0,-0.054492153401397424,-0.054492153401397424
64,20,1.4501519417146398,0,0,0.1067488331344337,0.1067488331344337
69,20,1.1441922054747884,0,0,-0.029849807150833074,-0.029849807150833074
73,20,1.222103004590073,0,0,-0.06735814301462023,-0.06735814301462023
77,20,0.6879728731241703,0,0,0.01952419937047535,0.01952419937047535
88,20,0.8795892924886577,0,0,0.044491997034147024,0.044491997034147024
93,20,1.0749424984594533,0,0,0.07009912237801749,0.07009912237801749
112,20,1.3877182816917797,0,0,-0.05878222602810306,-0.05878222602810306
129,20,1.3990958907947533,0,0,-0.03426572551225428,-0.03426572551225428
158,20,1.1014929794324986,0,0,0.08139622649185949,0.08139622649185949
178,20,1.3429170920383133,0,0,0.0032721227972898337,0.0032721227972898337
186,20,1.1446807641175711,0,0,0.03245928002572013,0.03245928002572013
188,20,1.5325128544865367,0,0,0.10094158888383736,0.10094158888383736
207,20,0.9427185841656475,0,0,-0.003147798670147292,-0.003147798670147292
215,20,1.599740530036234,0,0,-0.07134157246116644,-0.07134157246116644
216,20,0.8965825142498675,0,0,-0.022407243857916523,-0.022407243857916523
237,20,1.2549634888348973,0,0,0.09500104396418096,0.09500104396418096
251,20,1.2202000446233463,0,0,0.10039145399762567,0.10039145399762567
291,20,0.9859544402334878,0,0,-0.06151399857042806,-0.06151399857042806
320,20,1.2550035383103966,0,0,-0.06998114984751741,-0.06998114984751741
328,20,1.498049566818082,0,0,0.022232779985432494,0.022232779985432494
337,20,1.528964792366226,0,0,-0.038222581932673826,-0.038222581932673826
339,20,0.9955361110799472,0,0,0.05887430387955933,0.05887430387955933
346,20,0.78906532658386,0,0,-0.03827735947561271,-0.03827735947561271
349,20,1.5551636791925552,0,0,-0.07046059252141007,-0.07046059252141007
350,20,1.1759265903153784,0,0,-0.07028519062909168,-0.07028519062909168
364,20,1.3588375664761196,0,0,-0.06726797717584353,-0.06726797717584353
365,20,1.5037126281712747,0,0,0.00843266081959125,0.00843266081959125
367,20,0.8266971412526305,0,0,0.06925440394411428,0.06925440394411428
391,20,1.5308520873819431,0,0,0.09046534535922138,0.09046534535922138
400,20,1.327599149671303,0,0,-0.06372190544196082,-0.06372190544196082
57,21,1.4737260342103942,0,0,-0.09145616537847012,-0.09145616537847012
62,21,1.5285417577990852,0,0,-0.07823782086627834,-0.07823782086627834
86,21,1.2744764850164403,0,0,-0.06461612375073034,-0.06461612375073034
94,21,1.0314954373934875,0,0,0.018150619597604056,0.018150619597604056
109,21,0.21701240486935153,0,0,-0.01406026689912565,-0.01406026689912565
121,21,1.5581478388566345,0,0,-0.10221512184014142,-0.10221512184014142
141,21,1.0739007203285513,0,0,0.07806110729606791,0.07806110729606791
146,21,1.4376900769293277,0,0,-0.09144170449196992,-0.09144170449196992
148,21,1.1225397428904198,0,0,-0.06193527525763687,-0.06193527525763687
156,21,0.970040409705873,0,0,-0.060373639800333334,-0.060373639800333334
159,21,1.0764169888160957,0,0,-0.07217324398251401,-0.07217324398251401
167,21,0.8765498054333588,0,0,0.07010258319720658,0.07010258319720658
173,21,0.7907864792528133,0,0,0.01629481511909625,0.01629481511909625
203,21,1.3284856811883954,0,0,-0.013249006427982934,-0.013249006427982934
209,21,0.8893438067998164,0,0,-0.03964000778175858,-0.03964000778175858
212,21,0.6567512794183553,0,0,0.027174963005896724,0.027174963005896724
222,21,0.37141029748534155,0,0,-0.0237475145040128,-0.0237475145040128
231,21,1.4602787003115798,0,0,0.10007211369746477,0.10007211369746477
235,21,1.4769405889249363,0,0,0.018894600806656447,0.018894600806656447
239,21,1.4205950031935424,0,0,-0.06506010209163082,-0.06506010209163082
247,21,1.5845764415767298,0,0,-0.02074078700376808,-0.02074078700376808
255,21,1.361239891771795,0,0,0.10695817980723474,0.10695817980723474
258,21,1.5139839209877488,0,0,0.13767146064271227,0.13767146064271227
268,21,1.5999817622843633,0,0,0.10947468311680886,0.10947468311680886
274,21,0.461998356537689,0,0,-0.025687455239124857,-0.025687455239124857
280,21,1.170147898762322,0,0,-0.013934513445828856,-0.013934513445828856
281,21,1.0809815033502677,0,0,-0.07018228246629049,-0.07018228246629049
288,21,1.3694151046215242,0,0,0.034151111003148105,0.034151111003148105
306,21,0.7965781618052967,0,0,0.05841161488545499,0.05841161488545499
308,21,0.6361517221304741,0,0,-0.03629258825923176,-0.03629258825923176
313,21,1.4376902410664971,0,0,-0.025667360111065296,-0.025667360111065296
329,21,0.9484428461705785,0,0,-0.06521805832388311,-0.06521805832388311
340,21,1.2301652617390861,0,0,0.08816900576088327,0.08816900576088327
344,21,1.2878049715547468,0,0,0.047255087687769204,0.047255087687769204
361,21,1.541356261301277,0,0,0.053966199255663594,0.053966199255663594
366,21,1.31319667823349,0,0,-0.07777900423664375,-0.07777900423664375
371,21,0.7284035286456821,0,0,0.024525836764495046,0.024525836764495046
376,21,0.4282566625288838,0,0,0.025092134328304594,0.025092134328304594
397,21,1.486687266681968,0,0,0.10249109059592534,0.10249109059592534
398,21,1.4395062485954453,0,0,-0.00393364025514753,-0.00393364025514753
23,22,1.3774103390514143,0,0,-0.16575410339267238,-0.16575410339267238
28,22,0.2521082086301441,0,0,-0.013408856159729199,-0.013408856159729199
31,22,0.7790337322245973,1,1,0.08685273893708578,-0.9131472610629142
40,22,1.5213330173357311,0,0,-0.0064340559310740175,-0.0064340559310740175
44,22,1.5226248074797688,0,0,-0.1693380182906383,-0.1693380182906383
46,22,0.8130539460284081,1,1,0.10094906349579247,-0.8990509365042075
53,22,0.5830316088643903,1,1,0.034711643509570345,-0.9652883564904297
56,22,1.4229397282521712,0,0,-0.18868529852671748,-0.18868529852671748
67,22,0.7926204358892004,0,0,0.028939180521517227,0.028939180521517227
74,22,1.2389976684254362,0,0,-0.06389981632264541,-0.06389981632264541
77,22,1.289284575759136,0,0,-0.09532166551876552,-0.09532166551876552
78,22,0.4718459986451798,1,1,0.07156350650940102,-0.928436493490599
80,22,0.9110600621927263,1,1,0.14222306892282077,-0.8577769310771792
88,22,1.1982984244127948,0,0,-0.07035386785509384,-0.07035386785509384
102,22,0.13777073710070056,0,0,0.007716421606934337,0.007716421606934337
111,22,1.5219937512964894,1,1,0.2361998975767241,-0.7638001024232759
116,22,0.22176288339394037,0,0,-0.0324834934409137,-0.0324834934409137
123,22,1.425440724787842,0,0,0.009309861542077219,0.009309861542077219
128,22,0.5272627220191008,0,0,0.014017919703476489,0.014017919703476489
129,22,1.1364891746725998,0,0,-0.14911159040149513,-0.14911159040149513
157,22,1.4547530614389268,1,1,0.16835083071425216,-0.8316491692857478
158,22,1.2419902579899031,0,0,-0.03344963839738138,-0.03344963839738138
178,22,0.8052287725036471,0,0,-0.11157374209195103,-0.11157374209195103
186,22,0.8867882307850242,0,0,-0.08238658486352074,-0.08238658486352074
188,22,1.2723150122418605,0,0,-0.013904276005403504,-0.013904276005403504
189,22,0.3159687743689564,0,0,-0.013577464750706758,-0.013577464750706758
200,22,1.2822942901418164,0,0,-0.15064446707043627,-0.15064446707043627
214,22,1.308484274968797,0,0,0.04216352152692143,0.04216352152692143
218,22,1.5711072602439726,0,0,0.021308279072004943,0.021308279072004943
221,22,1.5503200983044856,0,0,0.020654162877263516,0.020654162877263516
223,22,1.516223177342127,1,1,0.20448207118003392,-0.7955179288199661
224,22,0.6809506370142812,0,0,-0.07202311011785117,-0.07202311011785117
225,22,1.4911120442694425,1,1,0.20320598152877,-0.79679401847123
236,22,1.2063239056042119,1,1,0.17394273439840657,-0.8260572656015934
237,22,1.3320889597102514,0,0,-0.019844820925059903,-0.019844820925059903
249,22,1.4577624115185346,0,0,-0.042315616944263224,-0.042315616944263224
251,22,1.5333347880139903,0,0,-0.0144544108916152,-0.0144544108916152
257,22,0.6066280702095095,0,0,-0.07729973430144108,-0.07729973430144108
263,22,1.3898349647204606,0,0,0.04279197766034437,0.04279197766034437
264,22,1.5719602717240313,1,1,0.2440705975623123,-0.7559294024376877
266,22,1.2140704721372377,1,1,0.1634637900124155,-0.8365362099875845
278,22,1.4385028740256083,0,0,0.06389723631405611,0.06389723631405611
293,22,0.741860639149742,1,1,0.08330458121343998,-0.91669541878656
305,22,1.3940674277113998,0,0,-0.11456498005145159,-0.11456498005145159
311,22,1.5595041172786501,0,0,0.10798193786776486,0.10798193786776486
321,22,0.6840482604350819,0,0,-0.09276757023353266,-0.09276757023353266
324,22,1.1186441119185606,1,1,0.13630661702963787,-0.8636933829703621
325,22,1.1080487938512937,1,1,0.14160056451153136,-0.8583994354884686
328,22,0.6038252929304299,0,0,-0.09261308490380837,-0.09261308490380837
334,22,1.513578071375586,0,0,-0.1867982905836544,-0.1867982905836544
339,22,1.0847611288041736,0,0,-0.055971561009681536,-0.055971561009681536
347,22,1.1276961446726461,0,0,0.005328115650157478,0.005328115650157478
354,22,1.026405986534868,0,0,-0.09899381502988396,-0.09899381502988396
359,22,0.9542331289016179,0,0,-0.05797428875256763,-0.05797428875256763
373,22,0.714189117351187,0,0,-0.08607505824180268,-0.08607505824180268
384,22,1.5715612531187855,0,0,-0.1904741513923808,-0.1904741513923808
386,22,1.5645706516685158,0,0,-0.02108275093932374,-0.02108275093932374
28,23,1.413975002352909,0,0,0.15234524723294318,0.15234524723294318
37,23,0.9564321362250265,0,0,-0.05407977439138716,-0.05407977439138716
44,23,0.1502144159335884,0,0,-0.003583914897965907,-0.003583914897965907
53,23,1.562365568379999,1,1,0.20046574690224273,-0.7995342530977573
55,23,1.598964168008008,0,0,-0.08157828400164824,-0.08157828400164824
56,23,0.4023824529125622,0,0,-0.022931195134045085,-0.022931195134045085
59,23,1.0831481090724413,0,0,-0.08181471515105895,-0.08181471515105895
73,23,1.5503472105115672,0,0,-0.016449904511188707,-0.016449904511188707
74,23,1.4374779961750914,0,0,0.10185428707002697,0.10185428707002697
77,23,1.065020927226913,0,0,0.07043243787390686,0.07043243787390686
88,23,1.2790158274270242,0,0,0.09540023553757854,0.09540023553757854
89,23,1.1522175225596978,0,0,-0.04246111650268576,-0.04246111650268576
97,23,0.892983247719933,0,0,-0.06929159625158117,-0.06929159625158117
102,23,1.4263829164389799,0,0,0.17347052499960672,0.17347052499960672
106,23,1.1756780471590176,0,0,-0.07909234008826863,-0.07909234008826863
116,23,1.2187080273281188,0,0,0.13327060995175868,0.13327060995175868
122,23,1.4015865227859003,0,0,-0.1147745475687627,-0.1147745475687627
129,23,0.26901974871735385,0,0,0.01664251299117724,0.01664251299117724
162,23,1.0900053954786355,0,0,-0.08921014601778511,-0.08921014601778511
164,23,1.4847555921741142,0,0,0.030044187652267056,0.030044187652267056
176,23,0.7699142057010038,0,0,-0.050790274624729445,-0.050790274624729445
178,23,0.6395659093155894,0,0,0.05418036130072135,0.05418036130072135
179,23,0.930982525258629,0,0,-0.041603509026780006,-0.041603509026780006
186,23,0.9076820377904817,0,0,0.08336751852915164,0.08336751852915164
189,23,1.3886118624037482,0,0,0.15217663864196562,0.15217663864196562
192,23,0.46541878655471075,0,0,-0.030018094753838626,-0.030018094753838626
200,23,0.8800002653731175,0,0,0.015109636322236098,0.015109636322236098
202,23,0.8969596218062629,0,0,-0.06749065607291291,-0.06749065607291291
211,23,0.9925131101981236,0,0,-0.05261218225920074,-0.05261218225920074
215,23,0.3253548829892022,0,0,-0.020433333957734928,-0.020433333957734928
224,23,1.098035724216898,0,0,0.0937309932748212,0.0937309932748212
238,23,1.4930657122460835,0,0,-0.09820706478177685,-0.09820706478177685
243,23,1.0439665953291122,0,0,-0.06523921929628361,-0.06523921929628361
252,23,0.7031999138370599,0,0,-0.04602718468290566,-0.04602718468290566
257,23,0.9400201712350129,0,0,0.0884543690912313,0.0884543690912313
270,23,1.0611792013457402,0,0,-0.05887923694625408,-0.05887923694625408
275,23,1.2910476687287817,0,0,-0.00643610887466314,-0.00643610887466314
286,23,1.4674020949318753,0,0,-0.01470269878952424,-0.01470269878952424
291,23,1.552804947499409,0,0,-0.010605760066996543,-0.010605760066996543
297,23,0.8749150872371442,0,0,-0.0466188538056267,-0.0466188538056267
302,23,1.4916634682538572,0,0,-0.05358182594325229,-0.05358182594325229
303,23,1.2160710143907698,0,0,-0.0806869431851337,-0.0806869431851337
305,23,1.3294069897033178,0,0,0.05118912334122079,0.05118912334122079
320,23,1.4254653245989763,0,0,-0.019072911344085897,-0.019072911344085897
321,23,0.8940886314359308,0,0,0.07298653315913972,0.07298653315913972
322,23,0.8343116117918625,0,0,-0.05878293707917476,-0.05878293707917476
328,23,0.7827427382019556,0,0,0.073141018488864,0.073141018488864
333,23,1.5047750909795976,0,0,-0.05449768141036526,-0.05449768141036526
334,23,0.8592265634754509,0,0,-0.02104418719098202,-0.02104418719098202
335,23,1.398970502534313,0,0,-0.04780040692420198,-0.04780040692420198
339,23,1.408597665555182,0,0,0.10978254238299084,0.10978254238299084
346,23,0.7570846835307216,0,0,0.012630879027818804,0.012630879027818804
350,23,0.7815002652148729,0,0,-0.01937695212566017,-0.01937695212566017
354,23,1.0949247233070158,0,0,0.06676028836278843,0.06676028836278843
359,23,1.2773242988688178,0,0,0.10777981464010475,0.10777981464010475
364,23,0.4439517064640048,0,0,-0.016359738672412014,-0.016359738672412014
370,23,1.0729973633695993,0,0,-0.08247742359190668,-0.08247742359190668
373,23,0.9712180090600226,0,0,0.0796790451508697,0.0796790451508697
374,23,1.5075355450684422,0,0,-0.109778399030272,-0.109778399030272
375,23,1.0417906903040917,0,0,-0.0501059378863721,-0.0501059378863721
384,23,1.0110749506664272,0,0,-0.02472004799970843,-0.02472004799970843
385,23,1.2368884402482907,0,0,-0.0748553117159667,-0.0748553117159667
390,23,0.6861436414097152,0,0,-0.039623245430924825,-0.039623245430924825
399,23,0.5313790505763822,0,0,-0.030084601592308087,-0.030084601592308087
35,24,0.6064800742087602,0,0,-0.04404192057575189,-0.04404192057575189
37,24,1.0040037383036706,0,0,0.06890511348493529,0.06890511348493529
38,24,0.8219921013987727,0,0,-0.08131157942628799,-0.08131157942628799
41,24,1.4303903850149295,0,0,0.06511047369098288,0.06511047369098288
54,24,1.084870016108012,0,0,-0.0688984646813532,-0.0688984646813532
55,24,0.5414060246606367,0,0,0.04140660387467422,0.04140660387467422
56,24,1.5955171025320192,0,0,0.10005369274227736,0.10005369274227736
59,24,1.1224037258777297,0,0,0.04117017272526351,0.04117017272526351
66,24,1.5486328631778352,0,0,0.09432110423724137,0.09432110423724137
70,24,0.41527141305023335,0,0,-0.03056845254086664,-0.03056845254086664
79,24,1.465590938395336,0,0,-0.10423042438829937,-0.10423042438829937
82,24,1.138736161025735,0,0,0.0045988892134290055,0.0045988892134290055
89,24,0.9069521823213335,0,0,0.0805237713736367,0.0805237713736367
97,24,1.2831484852616555,0,0,0.053693291624741284,0.053693291624741284
106,24,0.7902551183033865,0,0,0.04389254778805383,0.04389254778805383
113,24,0.42182471957531925,0,0,0.014766510146180717,0.014766510146180717
115,24,1.5162907890580632,0,0,-0.09438002848485617,-0.09438002848485617
118,24,0.3549351300664601,0,0,0.0035403150352350116,0.0035403150352350116
120,24,0.37694916277977886,0,0,-0.01542448804540636,-0.01542448804540636
122,24,1.228771772474696,0,0,0.008210340307559766,0.008210340307559766
127,24,1.1973012232629685,0,0,0.08218637361917316,0.08218637361917316
138,24,1.5595604537560193,0,0,0.05728218487839126,0.05728218487839126
142,24,1.0159409812770308,0,0,0.05444123292639978,0.05444123292639978
143,24,1.2032397086853521,0,0,-0.1077198184058543,-0.1077198184058543
145,24,1.5116939267053737,0,0,-0.04865151614348347,-0.04865151614348347
151,24,0.45756358243901496,0,0,-0.01904103040745103,-0.01904103040745103
154,24,1.4581594662572257,0,0,-0.13973133310133135,-0.13973133310133135
162,24,1.2098075467669642,0,0,0.03377474185853735,0.03377474185853735
164,24,1.3685368874623012,0,0,0.15302907552858952,0.15302907552858952
177,24,1.5664649008480978,0,0,0.1007089711654062,0.1007089711654062
179,24,1.047888552147775,0,0,0.08138137884954244,0.08138137884954244
193,24,0.7165812216960429,0,0,-0.05008619608085045,-0.05008619608085045
194,24,0.9854741435027718,0,0,-0.08128392027493177,-0.08128392027493177
197,24,1.1899751411572475,0,0,-0.1328054069267468,-0.1328054069267468
200,24,1.3974174347277755,0,0,0.13809452419855855,0.13809452419855855
205,24,1.1527746796481502,0,0,-0.08453132421289582,-0.08453132421289582
211,24,0.9666809325362682,0,0,0.07037270561712172,0.07037270561712172
219,24,1.0497419909927683,0,0,-0.04584729722336024,-0.04584729722336024
229,24,1.5275504088775567,0,0,-0.061479546365152196,-0.061479546365152196
232,24,1.128893689196231,0,0,-0.11038995459625094,-0.11038995459625094
238,24,0.484361958818815,0,0,0.024777823094545612,0.024777823094545612
240,24,1.5158174515980887,0,0,8.680608472483309e-5,8.680608472483309e-5
248,24,1.3930930378099078,0,0,-0.03758542679859812,-0.03758542679859812
252,24,1.28626394981164,0,0,0.0769577031934168,0.0769577031934168
255,24,1.3422824470034886,0,0,-0.14440192325914603,-0.14440192325914603
256,24,0.8630096663385728,0,0,0.061072842369075904,0.061072842369075904
258,24,1.5617411135190382,0,0,-0.11368864242366848,-0.11368864242366848
268,24,1.1491056285360206,0,0,-0.14188541994957188,-0.14188541994957188
275,24,1.1122472971470474,0,0,0.11654877900165932,0.11654877900165932
277,24,0.6318426907121487,0,0,-0.04918179597425988,-0.04918179597425988
282,24,0.8191011422930511,0,0,-0.07021150101312414,-0.07021150101312414
286,24,1.0453545020234345,0,0,0.10828218908679822,0.10828218908679822
287,24,0.9268669013913228,0,0,-0.05111595046589705,-0.05111595046589705
292,24,1.5489033449230292,0,0,0.0344616466649908,0.0344616466649908
298,24,0.8170865761167585,0,0,-0.04194055009362903,-0.04194055009362903
302,24,0.7989846353982045,0,0,0.06940306193307016,0.06940306193307016
303,24,1.5874617361635353,0,0,0.042297944691188756,0.042297944691188756
305,24,1.47035178237325,0,0,0.17417401121754325,0.17417401121754325
322,24,1.269671654872145,0,0,0.06420195079714769,0.06420195079714769
332,24,0.904686157834485,0,0,-0.04045205703771977,-0.04045205703771977
334,24,1.2006040308149175,0,0,0.10194070068534043,0.10194070068534043
335,24,0.8011261651386561,0,0,0.07518448095212046,0.07518448095212046
340,24,1.483862494408115,0,0,-0.16319109730549747,-0.16319109730549747
353,24,0.9146907722006885,0,0,-0.029835286123407426,-0.029835286123407426
354,24,1.59819766049887,0,0,0.18974517623911089,0.18974517623911089
357,24,1.3728204973945553,0,0,0.00665420544049139,0.00665420544049139
358,24,0.4005653607468765,0,0,-0.0212989664010948,-0.0212989664010948
370,24,1.145862344106633,0,0,0.040507464284415776,0.040507464284415776
374,24,1.287245783328305,0,0,0.013206488846050454,0.013206488846050454
384,24,1.080863912294821,0,0,0.09826483987661402,0.09826483987661402
385,24,0.7270014022319395,0,0,0.04812957616035576,0.04812957616035576
387,24,1.5956080423288759,0,0,-0.17354663239021956,-0.17354663239021956
388,24,0.8968339886389249,0,0,-0.05267491544455867,-0.05267491544455867
390,24,1.270478545360186,0,0,0.08336164244539762,0.08336164244539762
392,24,1.063229152394575,0,0,-0.1306379461245437,-0.1306379461245437
397,24,1.209063321187944,0,0,-0.14886901247045542,-0.14886901247045542
32,25,1.5925292908786355,0,0,0.04442490406272992,0.04442490406272992
33,25,1.5994468207529045,0,0,0.03974193416103455,0.03974193416103455
49,25,1.5459910982154987,0,0,0.09499497202617713,0.09499497202617713
60,25,1.0839282955148075,0,0,0.021796194468765684,0.021796194468765684
63,25,0.7089334649145174,46,-1,-0.051453144559044706,0.9485468554409553
68,25,0.599528013277822,0,0,-0.01033582835975111,-0.01033582835975111
85,25,1.4520984275243334,46,-1,-0.11507705933504919,0.8849229406649508
91,25,1.1051773254117792,46,-1,-0.09178896116763202,0.908211038832368
95,25,0.9070127498254033,0,0,0.062458191154110776,0.062458191154110776
117,25,0.6885426638431177,46,-1,-0.05501414223651091,0.9449858577634891
126,25,0.4822928119852894,0,0,0.02393583332997895,0.02393583332997895
149,25,1.540737852024552,0,0,0.10381238583963515,0.10381238583963515
150,25,0.5982891373504585,0,0,0.02776611488522529,0.02776611488522529
152,25,1.0123802830212303,46,-1,-0.07893908341452016,0.9210609165854798
155,25,0.6528964092680987,46,-1,-0.03148794840831126,0.9685120515916887
166,25,0.8968105183593686,0,0,0.009161572389849382,0.009161572389849382
172,25,1.4785464106260258,0,0,0.03515285561100845,0.03515285561100845
175,25,1.28346251144958,0,0,-0.016308090647899176,-0.016308090647899176
220,25,1.4133847772443808,46,-1,-0.11330368744990849,0.8866963125500915
228,25,1.1501255897047888,46,-1,-0.05728883653110817,0.9427111634688918
234,25,1.5534299974878187,46,-1,-0.10445156177429116,0.8955484382257088
245,25,1.2583513584619461,0,0,0.035470516843168376,0.035470516843168376
294,25,1.3082641866966038,0,0,0.01713112801618699,0.01713112801618699
299,25,1.4417869034920494,0,0,0.032267646145031414,0.032267646145031414
336,25,1.4602889688624516,0,0,0.04449596368477049,0.04449596368477049
342,25,1.5826806751123959,0,0,0.03514010104371146,0.03514010104371146
363,25,1.4568771181805626,0,0,-0.07565642849804288,-0.07565642849804288
381,25,1.51086097039882,0,0,0.023936456759717895,0.023936456759717895
394,25,1.564821220357723,0,0,0.12287753592788903,0.12287753592788903
27,26,1.244744325364746,0,0,-0.0842978463181015,-0.0842978463181015
36,26,0.5908541435957143,0,0,0.03128287589340628,0.03128287589340628
39,26,1.204833454503913,0,0,0.018442179087874322,0.018442179087874322
42,26,1.0879525133885828,0,0,0.03073284958670336,0.03073284958670336
43,26,1.2124670031835911,0,0,0.018205152237768363,0.018205152237768363
61,26,1.0746551912459734,0,0,-0.07368396710725861,-0.07368396710725861
62,26,1.439877750833636,0,0,0.013315551751350296,0.013315551751350296
65,26,1.4011978550222695,0,0,0.12987633225554185,0.12987633225554185
72,26,1.593342073098746,0,0,-0.11048366304377805,-0.11048366304377805
81,26,1.4215556041316595,0,0,0.1062394423584136,0.1062394423584136
96,26,0.8244420712889796,0,0,-0.019487071042511794,-0.019487071042511794
98,26,0.6647988107718042,0,0,0.009323387879989431,0.009323387879989431
99,26,0.4965308572473976,0,0,-0.03952780293266389,-0.03952780293266389
103,26,0.1551931885170526,0,0,-0.01017249880302007,-0.01017249880302007
104,26,0.2028676662464877,0,0,0.010976791964683263,0.010976791964683263
130,26,0.7266447130530099,0,0,-0.03831602047192495,-0.03831602047192495
136,26,1.4892676356123793,0,0,-0.05863946761552469,-0.05863946761552469
137,26,0.15360600256044304,0,0,-0.003044395799614852,-0.003044395799614852
139,26,1.580001286832631,0,0,0.1535208252054019,0.1535208252054019
149,26,1.2758344366394652,0,0,-0.06869659496221919,-0.06869659496221919
170,26,0.38326158942933614,0,0,-0.01404475652156384,-0.01404475652156384
183,26,1.3104474997901152,0,0,0.10286241847099581,0.10286241847099581
184,26,0.1543979252375703,0,0,0.0074721096070230475,0.0074721096070230475
191,26,0.41238335581644564,0,0,0.023798043967233673,0.023798043967233673
226,26,1.0600405820846424,0,0,-0.0654691369999642,-0.0654691369999642
230,26,1.519443588163405,0,0,0.007600002939116668,0.007600002939116668
233,26,1.4848332806413311,0,0,0.003723935117683319,0.003723935117683319
247,26,1.544865528635945,0,0,0.07081258561386056,0.07081258561386056
250,26,0.9674849319444558,0,0,-0.06924196128436672,-0.06924196128436672
269,26,1.5177169062613542,0,0,-0.008863226027474247,-0.008863226027474247
283,26,1.5143383475562233,0,0,0.007600002939116612,0.007600002939116612
284,26,1.3131299526722082,0,0,-0.020241489865220397,-0.020241489865220397
285,26,0.8264448287555582,0,0,-0.017437954965540847,-0.017437954965540847
295,26,0.6227152423563966,0,0,-0.04521408255536985,-0.04521408255536985
300,26,0.7984754001027912,0,0,0.02569673825871155,0.02569673825871155
313,26,1.5970906198270112,0,0,0.06588601250656334,0.06588601250656334
319,26,0.24289131021536509,0,0,-0.013915882956515024,-0.013915882956515024
323,26,1.4500223004104518,0,0,-0.10233874066113208,-0.10233874066113208
341,26,0.8312993289261825,0,0,0.05481128719639655,0.05481128719639655
351,26,1.0255662360147166,0,0,0.0782344075460103,0.0782344075460103
352,26,1.034757781150325,0,0,-0.04892834837342569,-0.04892834837342569
362,26,1.3874106628193605,0,0,-0.017270293843038687,-0.017270293843038687
382,26,0.9492906750244979,0,0,0.05409075121705059,0.05409075121705059
32,27,0.49433269416003517,0,0,-0.04378623042102292,-0.04378623042102292
33,27,0.6164613673050264,0,0,-0.04846920032271829,-0.04846920032271829
39,27,1.307587896575012,0,0,0.10274002540597582,0.10274002540597582
43,27,1.3142178613377333,0,0,0.10250299855586986,0.10250299855586986
61,27,0.3007829347460134,0,0,0.010613879210842891,0.010613879210842891
68,27,1.5751497855788554,0,0,-0.09854696284350395,-0.09854696284350395
72,27,0.6715319271727714,0,0,-0.026185816725676547,-0.026185816725676547
80,27,1.4241204036257151,0,0,-0.14182661780607353,-0.14182661780607353
95,27,1.0367337488390187,0,0,-0.025752943329642064,-0.025752943329642064
96,27,1.2826386693822602,0,0,0.0648107752755897,0.0648107752755897
98,27,1.1915006787448954,0,0,0.09362123419809093,0.09362123419809093
99,27,0.7716391251347763,0,0,0.04477004338543761,0.04477004338543761
103,27,1.1639663344521003,0,0,0.07412534751508143,0.07412534751508143
104,27,1.436306333299305,0,0,0.09527463828278476,0.09527463828278476
111,27,1.1686681501653606,0,0,-0.0478497891521702,-0.0478497891521702
125,27,1.363226406466481,0,0,0.01268182272226226,0.01268182272226226
126,27,1.3097835383603313,0,0,-0.06427530115377389,-0.06427530115377389
130,27,0.9150067963210942,0,0,0.04598182584617655,0.04598182584617655
136,27,1.1815602726790941,0,0,0.025658378702576812,0.025658378702576812
137,27,1.2528941894351058,0,0,0.08125345051848665,0.08125345051848665
149,27,0.8082253274993481,0,0,0.015601251355882306,0.015601251355882306
150,27,1.1393844653073424,0,0,-0.06044501959852755,-0.06044501959852755
157,27,1.0934799297803193,0,0,-0.11569885601464214,-0.11569885601464214
166,27,1.0574678607980987,0,0,-0.07904956209390346,-0.07904956209390346
170,27,1.166487162291137,0,0,0.07025308979653766,0.07025308979653766
172,27,0.6488921799603856,0,0,-0.05305827887274439,-0.05305827887274439
184,27,1.398083869312902,0,0,0.09176995592512455,0.09176995592512455
191,27,1.4871633180103876,0,0,0.10809589028533517,0.10809589028533517
223,27,0.8449980886741344,0,0,-0.07956761554886038,-0.07956761554886038
225,27,1.462110317584765,0,0,-0.0808437052001243,-0.0808437052001243
226,27,0.6332063940348616,0,0,0.018828709318137293,0.018828709318137293
233,27,1.4503743708073724,0,0,0.08802178143578482,0.08802178143578482
236,27,1.1638720412036345,0,0,-0.11010695233048773,-0.11010695233048773
245,27,0.7645340322005917,0,0,-0.052740617640584464,-0.052740617640584464
250,27,0.465430482496743,0,0,0.015055885033734784,0.015055885033734784
264,27,0.7916328173778976,0,0,-0.039979089166581994,-0.039979089166581994
266,27,1.1411593306099335,0,0,-0.12058589671647879,-0.12058589671647879
284,27,1.5642297559959766,0,0,0.0640563564528811,0.0640563564528811
285,27,1.4036369981895993,0,0,0.06685989135256065,0.06685989135256065
294,27,0.8405913444706052,0,0,-0.07108000646756585,-0.07108000646756585
295,27,0.6885706903422496,0,0,0.03908376376273165,0.03908376376273165
299,27,0.5969698414043176,0,0,-0.055943488338721425,-0.055943488338721425
319,27,1.0253350483599188,0,0,0.07038196336158647,0.07038196336158647
323,27,0.5075328922700516,0,0,-0.018040894343030578,-0.018040894343030578
325,27,1.5917616157676775,0,0,-0.14244912221736294,-0.14244912221736294
342,27,0.7235656733041246,0,0,-0.05307103344004138,-0.05307103344004138
352,27,0.801696819360832,0,0,0.03536949794467581,0.03536949794467581
394,27,1.5046208742662859,0,0,0.034666401444136186,0.034666401444136186
31,28,1.0138634218878821,1,1,0.10026159509681498,-0.899738404903185
44,28,1.5633937351353773,0,0,-0.1559291621309091,-0.1559291621309091
46,28,0.8822258362084396,1,1,0.11435791965552167,-0.8856420803444783
53,28,0.8296238116293749,1,1,0.048120499669299543,-0.9518795003307005
56,28,1.5226335238776467,0,0,-0.17527644236698828,-0.17527644236698828
67,28,0.6518496637328396,0,0,0.042348036681246426,0.042348036681246426
74,28,1.4442146313200686,0,0,-0.05049096016291621,-0.05049096016291621
77,28,1.1753566271129625,0,0,-0.08191280935903632,-0.08191280935903632
78,28,0.653711136321776,1,1,0.08497236266913022,-0.9150276373308698
80,28,1.082627882540774,1,1,0.15563192508254997,-0.84436807491745
88,28,1.0373286332068914,0,0,-0.056945011695364645,-0.056945011695364645
102,28,0.15626517241397955,0,0,0.021125277766663536,0.021125277766663536
116,28,0.4360959349933947,0,0,-0.019074637281184498,-0.019074637281184498
123,28,1.3100528034802632,0,0,0.022718717701806418,0.022718717701806418
128,28,0.3253501995309564,0,0,0.027426775863205688,0.027426775863205688
129,28,1.187164055247613,0,0,-0.13570273424176593,-0.13570273424176593
157,28,1.516032442954024,1,1,0.18175968687398136,-0.8182403131260186
158,28,1.073507850573476,0,0,-0.020040782237652183,-0.020040782237652183
178,28,0.7956186781650161,0,0,-0.09816488593222183,-0.09816488593222183
186,28,0.7754563157830949,0,0,-0.06897772870379154,-0.06897772870379154
188,28,1.0929176922481125,0,0,-0.0004954198456743053,-0.0004954198456743053
189,28,0.09282415706480643,0,0,-0.0001686085909775592,-0.0001686085909775592
200,28,1.4491086992559565,0,0,-0.13723561091070707,-0.13723561091070707
214,28,1.5395337578813435,0,0,0.05557237768665063,0.05557237768665063
218,28,1.4772354446101537,0,0,0.03471713523173414,0.03471713523173414
224,28,0.8829145643877644,0,0,-0.058614253958121976,-0.058614253958121976
236,28,1.3837114690013557,1,1,0.18735159055813577,-0.8126484094418642
237,28,1.1665794606330646,0,0,-0.006435964765330704,-0.006435964765330704
251,28,1.4017398997201604,0,0,-0.0010455547318860003,-0.0010455547318860003
257,28,0.7780725246107713,0,0,-0.06389087814171188,-0.06389087814171188
260,28,1.559357467896432,0,0,0.05367695857199914,0.05367695857199914
263,28,1.3111811749788573,0,0,0.05620083382007357,0.05620083382007357
266,28,1.3335163736191005,1,1,0.1768726461721447,-0.8231273538278553
293,28,0.7505752511612321,1,1,0.09671343737316918,-0.9032865626268308
305,28,1.582172661871979,0,0,-0.10115612389172239,-0.10115612389172239
311,28,1.532157607745529,0,0,0.12139079402749406,0.12139079402749406
321,28,0.8525637986260683,0,0,-0.07935871407380346,-0.07935871407380346
324,28,1.3538607405745475,1,1,0.14971547318936707,-0.8502845268106329
325,28,1.3377862957977056,1,1,0.15500942067126056,-0.8449905793287394
328,28,0.6483839722539538,0,0,-0.07920422874407917,-0.07920422874407917
339,28,0.9195812503575578,0,0,-0.04256270484995234,-0.04256270484995234
346,28,1.5989514466164987,0,0,-0.1397143682051244,-0.1397143682051244
347,28,0.956138105630965,0,0,0.018736971809886677,0.018736971809886677
354,28,1.2275840239504119,0,0,-0.08558495887015476,-0.08558495887015476
359,28,1.163269234546301,0,0,-0.04456543259283843,-0.04456543259283843
367,28,1.4985232822610497,0,0,-0.03218260478539739,-0.03218260478539739
373,28,0.9101277944215906,0,0,-0.07266620208207349,-0.07266620208207349
41,29,0.6625424190784307,0,0,0.00927518745566984,0.00927518745566984
66,29,1.2756401833709046,0,0,0.03848581800192832,0.03848581800192832
76,29,1.2267985286881633,0,0,-0.02219200370113971,-0.02219200370113971
82,29,1.2849604584401533,0,0,-0.051236397021884046,-0.051236397021884046
110,29,1.2096842385898747,0,0,-0.026704531802883923,-0.026704531802883923
113,29,1.371236681475026,0,0,-0.041068776089132335,-0.041068776089132335
124,29,1.455922195856115,0,0,0.04650322545885552,0.04650322545885552
127,29,1.2500105807849557,0,0,0.02635108738386011,0.02635108738386011
133,29,0.9129469174789112,0,0,0.014769969127563069,0.014769969127563069
138,29,0.4097877626989534,0,0,0.0014468986430782108,0.0014468986430782108
142,29,1.1103306311741967,0,0,-0.0013940533089132692,-0.0013940533089132692
161,29,0.6007824518645858,0,0,-0.012503108130643412,-0.012503108130643412
171,29,0.8956138771660872,0,0,-0.0334260291776983,-0.0334260291776983
177,29,1.2296577132271995,0,0,0.044873684930093145,0.044873684930093145
185,29,1.417528665364313,0,0,0.03807148678849041,0.03807148678849041
201,29,0.5672746591000937,0,0,0.016615355886852243,0.016615355886852243
256,29,1.3117255966108592,0,0,0.005237556133762852,0.005237556133762852
289,29,1.5148089949164796,0,0,0.01674130568563475,0.01674130568563475
292,29,0.36257545805027674,0,0,-0.021373639570322255,-0.021373639570322255
301,29,1.5104833752872275,0,0,0.04723005758367778,0.04723005758367778
302,29,1.5872906521448624,0,0,0.013567775697757117,0.013567775697757117
310,29,1.2077988471156555,0,0,0.041513346532544695,0.041513346532544695
333,29,1.4394439110987225,0,0,0.01265192023064414,0.01265192023064414
345,29,0.8415993756500013,0,0,0.00955065764622421,0.00955065764622421
349,29,1.4450572391482215,0,0,0.04759724762303085,0.04759724762303085
357,29,0.9866161595030251,0,0,-0.04918108079482166,-0.04918108079482166
377,29,1.1488321183979733,0,0,0.025027924471131727,0.025027924471131727
396,29,0.8420195685110422,0,0,-0.037563702980736656,-0.037563702980736656
38,30,1.552161529148538,0,0,0.04534505601284927,0.04534505601284927
39,30,1.4845603102810119,0,0,-0.1978146611569978,-0.1978146611569978
43,30,1.4632261769154402,0,0,-0.19805168800710377,-0.19805168800710377
47,30,1.057556826007642,0,0,-0.0007130756440366925,-0.0007130756440366925
59,30,1.4925124969718646,0,0,0.16782680816440076,0.16782680816440076
65,30,1.144166079648536,0,0,-0.08638050798933028,-0.08638050798933028
79,30,0.27675050967999604,0,0,0.02242621105083789,0.02242621105083789
81,30,0.9123674139082277,0,0,-0.11001739788645853,-0.11001739788645853
92,30,0.39032487315259606,0,0,0.03142967460338758,0.03142967460338758
105,30,1.0647735818245083,0,0,0.07777766410874223,0.07777766410874223
114,30,1.3752590089728736,0,0,0.022159402597999894,0.022159402597999894
115,30,0.26395314676972154,0,0,0.032276606954281084,0.032276606954281084
118,30,1.5148503414147931,0,0,0.13019695047437227,0.13019695047437227
122,30,1.2793548909084496,0,0,0.13486697574669704,0.13486697574669704
131,30,0.6191007832281097,0,0,0.038029594355386,0.038029594355386
134,30,0.40918669412727504,0,0,0.02449917021500722,0.02449917021500722
139,30,0.641445713559964,0,0,-0.06273601503947024,-0.06273601503947024
143,30,0.7051716291233535,0,0,0.018936817033282954,0.018936817033282954
151,30,1.3160720516203932,0,0,0.10761560503168623,0.10761560503168623
154,30,0.681082716146731,0,0,-0.013074697662194101,-0.013074697662194101
163,30,1.5857282934234116,0,0,-0.19049703858881256,-0.19049703858881256
169,30,1.1710868910974623,0,0,-0.015895845697736805,-0.015895845697736805
180,30,1.2787523092754383,0,0,-0.04624690018832062,-0.04624690018832062
190,30,1.4731142022503805,0,0,-0.0516764553398712,-0.0516764553398712
193,30,1.0399910869860596,0,0,0.07657043935828681,0.07657043935828681
194,30,0.7821015357851427,0,0,0.04537271516420549,0.04537271516420549
196,30,1.5161318843431746,0,0,-0.013788662563877174,-0.013788662563877174
197,30,1.0304033906016399,0,0,-0.006148771487609561,-0.006148771487609561
203,30,1.5493821939510106,0,0,-0.13795247405522643,-0.13795247405522643
205,30,0.6066733810101065,0,0,0.04212531122624144,0.04212531122624144
213,30,1.5970424369946006,0,0,-0.08209081047027089,-0.08209081047027089
217,30,0.6838697505839808,0,0,-0.030846077048951315,-0.030846077048951315
219,30,0.7792674404836479,0,0,0.08080933821577702,0.08080933821577702
227,30,1.4964230656341078,0,0,-0.014594372166458619,-0.014594372166458619
229,30,0.6200041215538652,0,0,0.06517708907398506,0.06517708907398506
232,30,1.55573211553033,0,0,0.016266680842886322,0.016266680842886322
233,30,1.5845451311255998,0,0,-0.2125329051271888,-0.2125329051271888
235,30,1.2654718305910486,0,0,-0.10580886682058704,-0.10580886682058704
238,30,1.5993152420722732,0,0,0.15143445853368287,0.15143445853368287
240,30,1.4290394045302086,0,0,0.12674344152386208,0.12674344152386208
242,30,0.8914006706176152,0,0,0.003352647975171319,0.003352647975171319
246,30,0.6250734317941036,0,0,0.0572741481033785,0.0572741481033785
247,30,1.3250456261884787,0,0,-0.14544425463101157,-0.14544425463101157
255,30,1.5809319120705199,0,0,-0.017745287820008754,-0.017745287820008754
259,30,1.4783730718775936,0,0,-0.019853693553071095,-0.019853693553071095
261,30,0.5493171348050708,0,0,-0.04762846587230085,-0.04762846587230085
268,30,1.1279713397559925,0,0,-0.015228784510434634,-0.015228784510434634
273,30,0.8987471937468137,0,0,0.01779823191857277,0.01779823191857277
282,30,0.9581040168683844,0,0,0.05644513442601312,0.05644513442601312
288,30,1.2148729149286404,0,0,-0.09055235662409539,-0.09055235662409539
298,30,0.9440171170926005,0,0,0.08471608534550823,0.08471608534550823
309,30,0.883801581063655,0,0,0.03387768211113748,0.03387768211113748
313,30,1.4644639354448539,0,0,-0.1503708277383088,-0.1503708277383088
331,30,1.1484143426399527,0,0,-0.027339963522748367,-0.027339963522748367
340,30,1.2908431508565588,0,0,-0.036534461866360224,-0.036534461866360224
343,30,0.9658568399815755,0,0,-0.00010172723823190233,-0.00010172723823190233
344,30,1.2993871196885178,0,0,-0.07744837993947429,-0.07744837993947429
353,30,0.9912634528906261,0,0,0.09682134931572983,0.09682134931572983
358,30,1.3568692625956509,0,0,0.10535766903804246,0.10535766903804246
374,30,1.4336902017984112,0,0,0.1398631242851877,0.1398631242851877
387,30,0.6993700600183493,0,0,-0.04688999695108231,-0.04688999695108231
388,30,0.8631602264192233,0,0,0.07398171999457859,0.07398171999457859
392,30,1.1917316523516364,0,0,-0.0039813106854064695,-0.0039813106854064695
395,30,0.2575671212438724,0,0,-0.005151601011613244,-0.005151601011613244
397,30,1.3026167642290318,0,0,-0.022212377031318148,-0.022212377031318148
32,31,1.3808782295143962,0,0,0.1534107173707856,0.1534107173707856
33,31,1.408216981249014,0,0,0.14872774746909023,0.14872774746909023
34,31,1.5053782976210617,46,-1,-0.02216584641620223,0.9778341535837978
39,31,1.488439633810959,0,0,0.29993697319778434,0.29993697319778434
40,31,1.3901090676169139,46,-1,-0.09328679486815972,0.9067132051318403
43,31,1.483592909056087,0,0,0.2996999463476784,0.2996999463476784
46,31,0.7722392749607156,0,0,0.014096324558706685,0.014096324558706685
53,31,0.23570434128643739,0,0,-0.05214109542751544,-0.05214109542751544
67,31,1.2849538408448309,46,-1,-0.057913558415568556,0.9420864415844314
72,31,1.1396569454145904,0,0,0.17101113106613197,0.17101113106613197
74,31,1.1048047076283352,46,-1,-0.1507525552597312,0.8492474447402688
78,31,0.4346677095741378,0,0,-0.015289232427684762,-0.015289232427684762
80,31,0.4462732573067117,0,0,0.05537032998573499,0.05537032998573499
101,31,1.5406258383851166,46,-1,-0.10295497448143498,0.897045025518565
102,31,0.8649451340377698,46,-1,-0.07913631733015136,0.9208636826698486
108,31,1.4939698104809354,0,0,0.13894689331555976,0.13894689331555976
111,31,0.8092083824361054,0,0,0.14934715863963832,0.14934715863963832
116,31,0.72350685439688,46,-1,-0.1193362323779994,0.8806637676220006
125,31,1.0552404375404418,0,0,0.20987877051407078,0.20987877051407078
128,31,1.1820799855669888,46,-1,-0.07283481923360924,0.9271651807663908
129,31,1.5541867013813706,46,-1,-0.2359643293385809,0.7640356706614191
136,31,1.0785771128553479,0,0,0.22285532649438533,0.22285532649438533
157,31,1.2131203931580352,0,0,0.08149809177716638,0.08149809177716638
163,31,1.4017049258452243,0,0,0.3072545957659696,0.3072545957659696
165,31,1.5645901723973608,46,-1,-0.01902160518538032,0.9809783948146197
172,31,1.342199308443983,0,0,0.14413866891906413,0.14413866891906413
174,31,1.573938796155705,46,-1,-0.008651904068425642,0.9913480959315744
178,31,1.3957722267882942,46,-1,-0.19842648102903682,0.8015735189709632
186,31,1.599757934980292,46,-1,-0.16923932380060647,0.8307606761993935
187,31,1.0688623062897025,0,0,0.1365401145734686,0.1365401145734686
189,31,1.0708174719344636,46,-1,-0.10043020368779254,0.8995697963122075
195,31,1.2591731001215463,46,-1,0.035441211877349055,1.035441211877349
200,31,1.340964308027337,46,-1,-0.237497206007522,0.762502793992478
204,31,1.5083600773829522,46,-1,-0.0005145175032224003,0.9994854824967776
214,31,0.8419198205865314,46,-1,-0.044689217410164295,0.9553107825898357
221,31,1.299900505089784,46,-1,-0.06619857605982227,0.9338014239401777
223,31,1.1070893277039184,0,0,0.11762933224294814,0.11762933224294814
224,31,0.8117663496363702,46,-1,-0.1588758490549369,0.8411241509450631
225,31,0.715066367627849,0,0,0.11635324259168423,0.11635324259168423
233,31,1.3149713722211132,0,0,0.28521872922759334,0.28521872922759334
236,31,0.6219071905189721,0,0,0.08708999546132079,0.08708999546132079
249,31,1.31022417992321,46,-1,-0.129168355881349,0.870831644118651
253,31,1.3729428879191317,46,-1,-0.014450708978042348,0.9855492910219577
254,31,1.490070661573822,46,-1,0.005838702982016164,1.0058387029820162
257,31,0.8936710810051635,46,-1,-0.16415247323852689,0.8358475267614731
264,31,1.019002491866053,0,0,0.15721785862522653,0.15721785862522653
266,31,0.8305465872194968,0,0,0.07661105107532973,0.07661105107532973
272,31,1.4210002012784475,46,-1,0.009887500187667486,1.0098875001876675
275,31,1.5814941925395116,46,-1,-0.2590429512044212,0.7409570487955788
278,31,0.945275969820596,46,-1,-0.0229555026230297,0.9770444973769703
293,31,0.9081227210686794,0,0,-0.003548157723645806,-0.003548157723645806
294,31,1.5801355427662396,0,0,0.12611694132424267,0.12611694132424267
299,31,1.5221823942492632,0,0,0.1412534594530871,0.1412534594530871
305,31,1.329206627773671,46,-1,-0.20141771898853733,0.7985822810114627
321,31,0.9365130224991913,46,-1,-0.17962030917061844,0.8203796908293816
323,31,1.2896552862064639,0,0,0.17915605344877794,0.17915605344877794
324,31,0.38233530603972254,0,0,0.049453878092552084,0.049453878092552084
325,31,0.3332605342461213,0,0,0.054747825574445574,0.054747825574445574
328,31,1.1631153804988974,46,-1,-0.17946582384089416,0.8205341761591058
334,31,1.553288302822773,46,-1,-0.27365102952074016,0.7263489704792598
342,31,1.2196270759492953,0,0,0.14412591435176714,0.14412591435176714
352,31,1.4930688971277404,0,0,0.23256644573648433,0.23256644573648433
354,31,0.9999405436344212,46,-1,-0.1858465539669697,0.8141534460330303
359,31,0.8985587817993006,46,-1,-0.1448270276896534,0.8551729723103466
369,31,1.3507484331070398,46,-1,-0.010106383568779576,0.9898936164312204
372,31,1.4247225280374265,46,-1,-0.07357562167844778,0.9264243783215522
373,31,0.833257749345606,46,-1,-0.1729277971788884,0.8270722028211116
384,31,1.5357421443184196,46,-1,-0.27732689032946656,0.7226731096705334
386,31,1.4378156399853912,46,-1,-0.10793548987640955,0.8920645101235904
389,31,1.5600582978983681,46,-1,-0.061632171504650834,0.9383678284953492
33,32,0.17567360399693435,0,0,-0.004682969901695366,-0.004682969901695366
39,32,1.3612639379656744,0,0,0.14652625582699874,0.14652625582699874
43,32,1.3631371323269785,0,0,0.14628922897689278,0.14628922897689278
46,32,1.1419146356712682,0,0,-0.1393143928120789,-0.1393143928120789
53,32,1.558194787712415,0,0,-0.20555181279830104,-0.20555181279830104
61,32,0.7927854896151999,0,0,0.05440010963186581,0.05440010963186581
68,32,1.380881278367574,0,0,-0.05476073242248103,-0.05476073242248103
72,32,0.3534117198925796,0,0,0.017600413695346373,0.017600413695346373
78,32,1.4010501408506122,0,0,-0.16869994979847036,-0.16869994979847036
80,32,0.9884920379212534,0,0,-0.09804038738505061,-0.09804038738505061
95,32,1.205696936899239,0,0,0.018033287091380856,0.018033287091380856
98,32,1.4230089123260712,0,0,0.13740746461911385,0.13740746461911385
99,32,1.2173670107366052,0,0,0.08855627380646053,0.08855627380646053
103,32,1.5969055681660127,0,0,0.11791157793610435,0.11791157793610435
111,32,0.9580548165904077,0,0,-0.0040635587311472765,-0.0040635587311472765
125,32,1.26449757734925,0,0,0.05646805314328518,0.05646805314328518
126,32,1.3039165574091622,0,0,-0.02048907073275097,-0.02048907073275097
130,32,1.404280559911694,0,0,0.08976805626719947,0.08976805626719947
136,32,1.092526812572644,0,0,0.06944460912359973,0.06944460912359973
149,32,1.222439622044178,0,0,0.05938748177690523,0.05938748177690523
150,32,1.1568642789894656,0,0,-0.01665878917750463,-0.01665878917750463
157,32,0.6135160725536805,0,0,-0.07191262559361922,-0.07191262559361922
166,32,0.9164726250069593,0,0,-0.03526333167288054,-0.03526333167288054
172,32,0.1936265401771528,0,0,-0.00927204845172147,-0.00927204845172147
187,32,1.587197503528162,0,0,-0.016870602797317003,-0.016870602797317003
223,32,0.3533369984546725,0,0,-0.03578138512783746,-0.03578138512783746
225,32,1.2385995537690053,0,0,-0.037057474779101374,-0.037057474779101374
226,32,1.110994076718641,0,0,0.06261493973916021,0.06261493973916021
233,32,1.4358254972677553,0,0,0.13180801185680774,0.13180801185680774
236,32,0.7784629884483673,0,0,-0.06632072190946481,-0.06632072190946481
245,32,0.5505547364466006,0,0,-0.008954387219561544,-0.008954387219561544
250,32,0.7162727173950656,0,0,0.058842115454757704,0.058842115454757704
264,32,0.4865598508256127,0,0,0.0038071412544409267,0.0038071412544409267
266,32,0.660547861659583,0,0,-0.07679966629545587,-0.07679966629545587
293,32,1.317758959982375,0,0,-0.1569588750944314,-0.1569588750944314
294,32,0.5169512150049093,0,0,-0.027293776046542928,-0.027293776046542928
295,32,1.0522836100787574,0,0,0.08286999418375457,0.08286999418375457
299,32,0.2652188909881937,0,0,-0.012157257917698505,-0.012157257917698505
311,32,1.563942286015911,46,-1,-0.1322815184401065,0.8677184815598935
319,32,1.418014876369701,0,0,0.1141681937826094,0.1141681937826094
323,32,0.312634673771847,0,0,0.025745336077992342,0.025745336077992342
324,32,1.4128638065431576,0,0,-0.10395683927823351,-0.10395683927823351
325,32,1.2502769935530982,0,0,-0.09866289179634002,-0.09866289179634002
342,32,0.2301343792457955,0,0,-0.009284803019018462,-0.009284803019018462
352,32,0.896152043822842,0,0,0.07915572836569873,0.07915572836569873
39,33,1.5153769922174374,0,0,0.1512092257286941,0.1512092257286941
43,33,1.5155368402942044,0,0,0.15097219887858815,0.15097219887858815
46,33,1.0690758969808314,0,0,-0.13463142291038355,-0.13463142291038355
53,33,1.5710680095915168,0,0,-0.20086884289660567,-0.20086884289660567
61,33,0.904184263395361,0,0,0.05908307953356118,0.05908307953356118
68,33,1.3230494922188551,0,0,-0.05007776252078566,-0.05007776252078566
72,33,0.46356934337442357,0,0,0.02228338359704174,0.02228338359704174
78,33,1.3750912096405643,0,0,-0.164016979896775,-0.164016979896775
80,33,0.991667623078847,0,0,-0.09335741748335524,-0.09335741748335524
95,33,1.2464770139850108,0,0,0.022716256993076223,0.022716256993076223
98,33,1.5708199223581838,0,0,0.14209043452080922,0.14209043452080922
99,33,1.3524560738691704,0,0,0.0932392437081559,0.0932392437081559
111,33,1.0776524812658232,0,0,0.0006194111705480898,0.0006194111705480898
125,33,1.4072892321929995,0,0,0.061151023044980546,0.061151023044980546
126,33,1.3076086897409975,0,0,-0.015806100831055603,-0.015806100831055603
130,33,1.5307859640579347,0,0,0.09445102616889484,0.09445102616889484
136,33,1.234850967420453,0,0,0.0741275790252951,0.0741275790252951
149,33,1.3294935530820073,0,0,0.06407045167860059,0.06407045167860059
150,33,1.175325170700174,0,0,-0.011975819275809263,-0.011975819275809263
157,33,0.47896309950571736,0,0,-0.06722965569192385,-0.06722965569192385
166,33,0.8603713969411635,0,0,-0.03058036177118517,-0.03058036177118517
172,33,0.14830070270312073,0,0,-0.004589078550026104,-0.004589078550026104
223,33,0.3092590833599023,0,0,-0.031098415226142095,-0.031098415226142095
225,33,1.3489532922131813,0,0,-0.03237450487740601,-0.03237450487740601
226,33,1.2166983009478953,0,0,0.06729790964085558,0.06729790964085558
228,33,1.5198940795564,46,-1,-0.09703077069214272,0.9029692293078573
233,33,1.5879588514169876,0,0,0.1364909817585031,0.1364909817585031
236,33,0.8286414513959228,0,0,-0.06163775200776944,-0.06163775200776944
245,33,0.4666678269266411,0,0,-0.004271417317866177,-0.004271417317866177
250,33,0.8546516684770575,0,0,0.06352508535645307,0.06352508535645307
264,33,0.5901781836298693,0,0,0.008490111156136293,0.008490111156136293
266,33,0.6248703753330046,0,0,-0.0721166963937605,-0.0721166963937605
293,33,1.2286016786327711,0,0,-0.15227590519273604,-0.15227590519273604
294,33,0.40171957193286156,0,0,-0.02261080614484756,-0.02261080614484756
295,33,1.1883707763458016,0,0,0.08755296408544994,0.08755296408544994
299,33,0.18687436709655353,0,0,-0.007474288016003139,-0.007474288016003139
311,33,1.4422043870000119,46,-1,-0.12759854853841113,0.8724014514615889
319,33,1.5606164175639126,0,0,0.11885116368430476,0.11885116368430476
323,33,0.466435406994703,0,0,0.03042830597968771,0.03042830597968771
324,33,1.4722582873098835,0,0,-0.09927386937653815,-0.09927386937653815
325,33,1.312153334032483,0,0,-0.09397992189464466,-0.09397992189464466
342,33,0.19393856341156288,0,0,-0.004601833117323095,-0.004601833117323095
352,33,1.0479370116949889,0,0,0.0838386982673941,0.0838386982673941
40,34,0.937153296857644,0,0,-0.07112094845195754,-0.07112094845195754
48,34,1.1207295142045512,0,0,-0.025100875978666753,-0.025100875978666753
50,34,0.5867347487964051,0,0,-0.02721085367319584,-0.02721085367319584
53,34,1.5920645224219523,1,1,-0.02997524901131321,-1.0299752490113132
58,34,1.1616294888866308,0,0,-0.05849143954868802,-0.05849143954868802
74,34,1.480879997457354,0,0,-0.12858670884352894,-0.12858670884352894
75,34,1.3831110018452821,0,0,-0.05242395611581774,-0.05242395611581774
84,34,1.177731216866327,0,0,-0.007698627086420606,-0.007698627086420606
85,34,1.4900686197176236,0,0,0.016074600389208715,0.016074600389208715
87,34,1.5542473657208915,0,0,-0.1489512323392942,-0.1489512323392942
91,34,1.329792518705058,0,0,0.039362698556625886,0.039362698556625886
101,34,1.0096080724802101,0,0,-0.08078912806523275,-0.08078912806523275
108,34,1.1943085271972,1,1,0.161112739731762,-0.838887260268238
117,34,1.5261039971508383,0,0,0.07613751748774705,0.07613751748774705
135,34,1.4923708879436723,0,0,-0.06393087686670099,-0.06393087686670099
152,34,1.2925066131387475,0,0,0.052212576309737746,0.052212576309737746
155,34,1.534303110626797,0,0,0.09966371131594659,0.09966371131594659
165,34,0.15370585894377314,0,0,0.003144241230821909,0.003144241230821909
174,34,0.14402277050721665,0,0,0.01351394234777653,0.01351394234777653
175,34,1.1043966136716383,1,1,0.11484356907635873,-0.8851564309236413
187,34,1.3725588502903574,1,1,0.15870596098967082,-0.8412940390103292
195,34,0.6211699774061834,0,0,0.05760705829355134,0.05760705829355134
199,34,1.5279368413905046,0,0,-0.12318780282909789,-0.12318780282909789
204,34,0.21805180878728353,0,0,0.021651328912979828,0.021651328912979828
214,34,0.9645937708696665,0,0,-0.022523370993962094,-0.022523370993962094
220,34,1.4521518687353059,0,0,0.017847972274349422,0.017847972274349422
221,34,0.6444293224163447,0,0,-0.04403272964362001,-0.04403272964362001
225,34,1.582623543135029,1,1,0.13851908900788645,-0.8614809109921135
241,34,1.0070065905134857,0,0,-0.05371678171358152,-0.05371678171358152
249,34,1.247073749557291,0,0,-0.10700250946514675,-0.10700250946514675
253,34,0.1801135003627977,0,0,0.007715137438159825,0.007715137438159825
254,34,0.30887427067113266,0,0,0.028004549398218337,0.028004549398218337
260,34,1.5869580378397223,0,0,-0.024418790108613586,-0.024418790108613586
262,34,0.7438951730646173,0,0,-0.015590446716408995,-0.015590446716408995
271,34,1.206600052353746,0,0,-0.058189183026692015,-0.058189183026692015
272,34,0.429318902523326,0,0,0.03205334660386977,0.03205334660386977
278,34,0.7737208317631823,0,0,-0.000789656206827416,-0.000789656206827416
279,34,0.9400690190594266,0,0,-0.06847623444223,-0.06847623444223
317,34,0.6088959089040212,0,0,-0.025141958669718745,-0.025141958669718745
318,34,1.1075215830553045,0,0,-0.061140919552466144,-0.061140919552466144
324,34,1.2546288487666117,1,1,0.07161972450875431,-0.9283802754912457
325,34,1.4226478173936594,1,1,0.0769136719906478,-0.9230863280093522
336,34,1.5432401764566728,1,1,0.1756476234090284,-0.8243523765909716
338,34,0.18971845626690467,0,0,0.00891275007618586,0.00891275007618586
359,34,1.5438748189495581,0,0,-0.12266118127345116,-0.12266118127345116
363,34,0.7338227774704378,1,1,0.055495231226215025,-0.944504768773785
369,34,0.3722214845077145,0,0,0.012059462847422708,0.012059462847422708
372,34,0.8075221048105179,0,0,-0.05140977526224558,-0.05140977526224558
379,34,1.1943361019546876,0,0,-0.05849143954868802,-0.05849143954868802
380,34,1.4050228406305454,0,0,-0.0809179629875823,-0.0809179629875823
381,34,1.3662541173277007,1,1,0.1550881164839758,-0.8449118835160242
383,34,1.0951981341742494,0,0,-0.03721695677285161,-0.03721695677285161
386,34,1.0794603420743691,0,0,-0.08576964346020727,-0.08576964346020727
389,34,0.6419654017453091,0,0,-0.03946632508844855,-0.03946632508844855
393,34,0.45584586025094986,0,0,-0.015786753735411163,-0.015786753735411163
37,35,1.595007736732184,0,0,0.11294703406068718,0.11294703406068718
38,35,0.42263020292264597,0,0,-0.0372696588505361,-0.0372696588505361
54,35,0.48972587152410035,0,0,-0.024856544105601314,-0.024856544105601314
55,35,1.1055472176679098,0,0,0.08544852445042611,0.08544852445042611
70,35,0.27277849808015586,0,0,0.01347346803488525,0.01347346803488525
79,35,1.5644735406472194,0,0,-0.06018850381254748,-0.06018850381254748
82,35,0.9922868235443983,0,0,0.048640809789180894,0.048640809789180894
89,35,1.4956268641244725,0,0,0.12456569194938859,0.12456569194938859
106,35,1.374809017451965,0,0,0.08793446836380572,0.08793446836380572
113,35,0.7358565470681474,0,0,0.058808430721932606,0.058808430721932606
115,35,1.5849120689646155,0,0,-0.050338107909104285,-0.050338107909104285
118,35,0.8870101556468786,0,0,0.0475822356109869,0.0475822356109869
120,35,0.2704180761845212,0,0,0.02861743253034553,0.02861743253034553
142,35,1.3882382051596507,0,0,0.09848315350215167,0.09848315350215167
143,35,1.267091086137908,0,0,-0.06367789783010241,-0.06367789783010241
145,35,1.0842667509984514,0,0,-0.004609595567731578,-0.004609595567731578
151,35,0.853730412888972,0,0,0.025000890168300857,0.025000890168300857
154,35,1.490387661235339,0,0,-0.09568941252557947,-0.09568941252557947
167,35,1.5009143512023988,0,0,-0.13721559929342228,-0.13721559929342228
193,35,0.9566238303922734,0,0,-0.006044275505098562,-0.006044275505098562
194,35,1.1174248840657774,0,0,-0.03724199969917988,-0.03724199969917988
197,35,1.0859157792669474,0,0,-0.08876348635099493,-0.08876348635099493
205,35,1.2382944377199798,0,0,-0.04048940363714393,-0.04048940363714393
211,35,1.5693297307368237,0,0,0.1144146261928736,0.1144146261928736
219,35,1.249312217237884,0,0,-0.0018053766476083533,-0.0018053766476083533
232,35,0.7198077993695874,0,0,-0.06634803402049905,-0.06634803402049905
238,35,1.0597723456611852,0,0,0.0688197436702975,0.0688197436702975
248,35,1.0385825753411422,0,0,0.006456493777153766,0.006456493777153766
255,35,0.97274076342625,0,0,-0.10036000268339412,-0.10036000268339412
256,35,1.2822523709680926,0,0,0.1051147629448278,0.1051147629448278
258,35,1.0308470273178874,0,0,-0.06964672184791659,-0.06964672184791659
268,35,1.0356106936196674,0,0,-0.09784349937382,-0.09784349937382
277,35,0.10333508257407992,0,0,-0.005139875398507993,-0.005139875398507993
282,35,0.9532208042532455,0,0,-0.026169580437372247,-0.026169580437372247
286,35,1.5688849079969174,0,0,0.1523241096625501,0.1523241096625501
287,35,0.39232121889076926,0,0,-0.0070740298901451615,-0.0070740298901451615
298,35,1.0570802411431164,0,0,0.0021013704821228607,0.0021013704821228607
302,35,1.3495968749615794,0,0,0.11344498250882205,0.11344498250882205
306,35,1.5450249735993447,0,0,-0.14890656760517387,-0.14890656760517387
327,35,1.1446505344934639,0,0,-0.0641783549604428,-0.0641783549604428
332,35,0.47493018726137853,0,0,0.0035898635380321176,0.0035898635380321176
335,35,1.3713307945314523,0,0,0.11922640152787237,0.11922640152787237
340,35,1.278637029779884,0,0,-0.11914917672974559,-0.11914917672974559
344,35,1.5569395724876394,0,0,-0.16006309480285966,-0.16006309480285966
348,35,1.4401077987529312,0,0,-0.046484011644632256,-0.046484011644632256
353,35,1.2244418972078288,0,0,0.014206634452344463,0.014206634452344463
355,35,1.5059547478891897,0,0,-0.011670782085569764,-0.011670782085569764
357,35,1.3250210336473303,0,0,0.05069612601624328,0.05069612601624328
358,35,0.7747628110153718,0,0,0.02274295417465709,0.02274295417465709
385,35,1.3194642091783337,0,0,0.09217149673610764,0.09217149673610764
388,35,1.1292134106997647,0,0,-0.008632994868806781,-0.008632994868806781
392,35,0.9726251294416062,0,0,-0.08659602554879184,-0.08659602554879184
397,35,1.0701245071592504,0,0,-0.10482709189470352,-0.10482709189470352
39,36,1.4945517554956016,0,0,-0.01284069680553196,-0.01284069680553196
42,36,0.6022297516468199,0,0,-0.0005500263067029221,-0.0005500263067029221
43,36,1.500906465432429,0,0,-0.013077723655637918,-0.013077723655637918
62,36,1.3506660647338782,0,0,-0.017967324142055985,-0.017967324142055985
65,36,1.1417824190640526,0,0,0.09859345636213557,0.09859345636213557
81,36,1.5114283821932992,0,0,0.07495656646500731,0.07495656646500731
96,36,1.1652836198552896,0,0,-0.050769946935918076,-0.050769946935918076
98,36,0.9886366716317019,0,0,-0.02195948801341685,-0.02195948801341685
99,36,1.0857592999987637,0,0,-0.07081067882607017,-0.07081067882607017
103,36,0.7020019749421573,0,0,-0.04145537469642635,-0.04145537469642635
104,36,0.3964588238346701,0,0,-0.020306083928723018,-0.020306083928723018
130,36,1.230255128528943,0,0,-0.06959889636533123,-0.06959889636533123
137,36,0.6321689729050989,0,0,-0.03432727169302113,-0.03432727169302113
139,36,1.5154613573465887,0,0,0.12223794931199561,0.12223794931199561
160,36,1.514584887462315,0,0,0.11231347117788282,0.11231347117788282
170,36,0.8307590897480258,0,0,-0.04532763241497012,-0.04532763241497012
180,36,1.4494865077511072,0,0,0.13872706416314523,0.13872706416314523
183,36,0.8326366792777548,0,0,0.07157954257758953,0.07157954257758953
184,36,0.4426737736486128,0,0,-0.023810766286383234,-0.023810766286383234
190,36,1.5976437292483072,0,0,0.13329750901159465,0.13329750901159465
191,36,0.51311683437083,0,0,-0.007484831926172608,-0.007484831926172608
213,36,1.2013304001450824,0,0,0.10288315388119496,0.10288315388119496
230,36,1.5082992138908125,0,0,-0.023682872954289613,-0.023682872954289613
250,36,1.523705170657226,0,0,-0.100524837177773,-0.100524837177773
280,36,1.3479663201545502,0,0,0.0463359832783935,0.0463359832783935
283,36,1.4975092108117198,0,0,-0.02368287295428967,-0.02368287295428967
284,36,1.5759829616636898,0,0,-0.05152436575862668,-0.05152436575862668
285,36,1.0851300743909675,0,0,-0.04872083085894713,-0.04872083085894713
295,36,1.1900628395762118,0,0,-0.07649695844877613,-0.07649695844877613
300,36,0.37548973477599,0,0,-0.005586137634694732,-0.005586137634694732
319,36,0.8152443591022263,0,0,-0.045198758849921306,-0.045198758849921306
341,36,0.3607253433550196,0,0,0.02352841130299027,0.02352841130299027
351,36,0.5577094901340817,0,0,0.04695153165260402,0.04695153165260402
352,36,1.5012483527979916,0,0,-0.08021122426683197,-0.08021122426683197
362,36,1.5872450968984553,0,0,-0.04855316973644497,-0.04855316973644497
382,36,0.37982362287237115,0,0,0.02280787532364431,0.02280787532364431
398,36,1.0732487425720159,0,0,0.056336856469074825,0.056336856469074825
44,37,0.9151107234299634,0,0,0.05049585949342125,0.05049585949342125
53,37,1.5889460315514128,1,1,0.25454552129362984,-0.7454544787063702
55,37,0.741331912312396,0,0,-0.02749850961026107,-0.02749850961026107
56,37,0.5933292091211594,0,0,0.031148579257342077,0.031148579257342077
59,37,0.47749379806711895,0,0,-0.027734940759671787,-0.027734940759671787
70,37,1.3530703045900356,0,0,-0.09947356602580193,-0.09947356602580193
74,37,1.161264278441244,0,0,0.15593406146141414,0.15593406146141414
79,37,1.5599800038322762,0,0,-0.17313553787323466,-0.17313553787323466
87,37,1.5381009160410755,0,0,0.13556953796564886,0.13556953796564886
89,37,0.3509770988522318,0,0,0.011618657888701402,0.011618657888701402
97,37,0.49608784004586076,0,0,-0.01521182186019401,-0.01521182186019401
106,37,0.22527106832685334,0,0,-0.025012565696881466,-0.025012565696881466
107,37,1.5869267790936648,0,0,-0.05603480299896112,-0.05603480299896112
113,37,1.185898029503335,0,0,-0.05413860333875457,-0.05413860333875457
116,37,1.528750094402534,0,0,0.18735038434314585,0.18735038434314585
118,37,0.7220368118433879,0,0,-0.06536479844970028,-0.06536479844970028
120,37,1.3808088112560164,0,0,-0.08432960153034165,-0.08432960153034165
122,37,0.8585236581317852,0,0,-0.060694773177375524,-0.060694773177375524
127,37,1.2881594916192587,0,0,0.013281260134237867,0.013281260134237867
129,37,0.9723424084651814,0,0,0.0707222873825644,0.0707222873825644
142,37,1.3124356280368488,0,0,-0.014463880558535511,-0.014463880558535511
143,37,1.4650096556486214,0,0,-0.1766249318907896,-0.1766249318907896
151,37,0.8525933367411356,0,0,-0.08794614389238632,-0.08794614389238632
162,37,0.6114916743396801,0,0,-0.03513037162639794,-0.03513037162639794
164,37,1.067216098551341,0,0,0.08412396204365422,0.08412396204365422
176,37,1.0183793763497069,0,0,0.0032894997666577143,0.0032894997666577143
177,37,1.5411360094251505,0,0,0.0318038576804709,0.0318038576804709
178,37,1.3455830043893913,0,0,0.10826013569210852,0.10826013569210852
179,37,0.185017299258973,0,0,0.012476265364607154,0.012476265364607154
192,37,0.861839176096146,0,0,0.024061679637548537,0.024061679637548537
193,37,1.0322636554407871,0,0,-0.11899130956578574,-0.11899130956578574
194,37,1.2538486383539058,0,0,-0.15018903375986706,-0.15018903375986706
200,37,0.6156913994463467,0,0,0.06918941071362326,0.06918941071362326
202,37,0.9115489284361771,0,0,-0.013410881681525749,-0.013410881681525749
205,37,1.3960531914089649,0,0,-0.1534364376978311,-0.1534364376978311
211,37,0.14756525481141947,0,0,0.0014675921321864217,0.0014675921321864217
215,37,0.8902912948973197,0,0,0.03364644043365224,0.03364644043365224
219,37,1.1776923827554246,0,0,-0.11475241070829553,-0.11475241070829553
224,37,1.1745906389633347,0,0,0.14781076766620838,0.14781076766620838
229,37,1.5612380515582414,0,0,-0.1303846598500875,-0.1303846598500875
238,37,0.5375182101140622,0,0,-0.04412729039038968,-0.04412729039038968
240,37,1.318287658689681,0,0,-0.06881830740021046,-0.06881830740021046
243,37,1.1082898980382108,0,0,-0.011159444904896444,-0.011159444904896444
249,37,1.4853915134026439,0,0,0.17751826083979633,0.17751826083979633
252,37,0.3067659422785558,0,0,0.008052589708481498,0.008052589708481498
256,37,1.1522295614033051,0,0,-0.00783227111585939,-0.00783227111585939
257,37,1.161079891717352,0,0,0.14253414348261847,0.14253414348261847
270,37,1.2396995057037057,0,0,-0.00479946255486691,-0.00479946255486691
275,37,0.7224661461566826,0,0,0.047643665516724026,0.047643665516724026
277,37,1.5997560983820998,0,0,-0.11808690945919517,-0.11808690945919517
282,37,1.1978416645328236,0,0,-0.13911661449805943,-0.13911661449805943
286,37,0.8506167660719625,0,0,0.039377075601862925,0.039377075601862925
297,37,1.311474785361609,0,0,0.007460920585760464,0.007460920585760464
298,37,1.0417109873778485,0,0,-0.11084566357856432,-0.11084566357856432
302,37,0.7545617876306067,0,0,0.0004979484481348745,0.0004979484481348745
303,37,1.0457036501076382,0,0,-0.026607168793746538,-0.026607168793746538
305,37,0.9985266834807758,0,0,0.10526889773260796,0.10526889773260796
314,37,1.5964401687645076,0,0,0.08466404229605291,0.08466404229605291
321,37,1.0852299635812757,0,0,0.1270663075505269,0.1270663075505269
322,37,0.44947323587638055,0,0,-0.004703162687787598,-0.004703162687787598
328,37,1.3255817899108582,0,0,0.12722079288025118,0.12722079288025118
334,37,0.36195935879176544,0,0,0.03303558720040514,0.03303558720040514
335,37,0.6384701548170021,0,0,0.006279367467185177,0.006279367467185177
346,37,1.5933425539864674,0,0,0.06671065341920597,0.06671065341920597
350,37,1.4595442972669073,0,0,0.034702822265727,0.034702822265727
353,37,0.9476777820935426,0,0,-0.09874039960834272,-0.09874039960834272
354,37,0.9151223377988574,0,0,0.1208400627541756,0.1208400627541756
358,37,0.9122756331008104,0,0,-0.09020407988603009,-0.09020407988603009
359,37,1.1516338419928838,0,0,0.16185958903149192,0.16185958903149192
364,37,1.2595040530813124,0,0,0.03772003571897515,0.03772003571897515
370,37,0.5251399934107489,0,0,-0.028397649200519518,-0.028397649200519518
373,37,1.0484250288914652,0,0,0.13375881954225685,0.13375881954225685
374,37,1.0015660044974424,0,0,-0.055698624638884836,-0.055698624638884836
375,37,1.398041030323492,0,0,0.003973836505015066,0.003973836505015066
384,37,0.3671847947800528,0,0,0.029359726391678734,0.029359726391678734
385,37,0.2849236320351253,0,0,-0.020775537324579537,-0.020775537324579537
388,37,1.068787717214395,0,0,-0.12158002892949396,-0.12158002892949396
390,37,0.2723714757265683,0,0,0.014456528960462334,0.014456528960462334
399,37,1.0061729648846296,0,0,0.023995172799079076,0.023995172799079076
54,38,0.5060434296063956,0,0,0.012413114744934783,0.012413114744934783
55,38,1.317045973557183,0,0,0.12271818330096221,0.12271818330096221
70,38,0.4353760781075344,0,0,0.05074312688542135,0.05074312688542135
79,38,1.3194904942687202,0,0,-0.02291884496201138,-0.02291884496201138
82,38,1.3936149540361584,0,0,0.08591046863971699,0.08591046863971699
89,38,1.5975490296004935,0,0,0.16183535079992467,0.16183535079992467
92,38,1.4729410515090782,0,0,-0.013915381409461691,-0.013915381409461691
94,38,1.287147753709434,0,0,-0.1518979040424887,-0.1518979040424887
106,38,1.4774511667403534,0,0,0.12520412721434182,0.12520412721434182
113,38,1.0913352102450071,0,0,0.0960780895724687,0.0960780895724687
115,38,1.3462453020937386,0,0,-0.013068449058568188,-0.013068449058568188
118,38,0.9872619911024194,0,0,0.084851894461523,0.084851894461523
120,38,0.6119157860625193,0,0,0.06588709138088163,0.06588709138088163
143,38,0.9697362207113688,0,0,-0.026408238979566317,-0.026408238979566317
145,38,1.2951250483503036,0,0,0.03266006328280452,0.03266006328280452
151,38,0.8714565004922905,0,0,0.062270549018836954,0.062270549018836954
154,38,1.1519682297580567,0,0,-0.05841975367504337,-0.05841975367504337
167,38,1.1259220833865042,0,0,-0.09994594044288618,-0.09994594044288618
193,38,0.8376511352185025,0,0,0.031225383345437535,0.031225383345437535
194,38,0.900448402069325,0,0,2.7659151356218548e-5,2.7659151356218548e-5
197,38,0.7073378471380137,0,0,-0.05149382750045883,-0.05149382750045883
203,38,1.570703293296866,0,0,-0.1832975300680757,-0.1832975300680757
205,38,0.9973830592777618,0,0,-0.003219744786607831,-0.003219744786607831
212,38,1.3848613270623504,0,0,-0.14287356063419604,-0.14287356063419604
219,38,1.1400461567499116,0,0,0.035464282202927744,0.035464282202927744
229,38,1.5259865100316614,0,0,0.01983203306113579,0.01983203306113579
232,38,0.3222070124269845,0,0,-0.02907837516996295,-0.02907837516996295
235,38,1.3995750459965668,0,0,-0.15115392283343632,-0.15115392283343632
238,38,1.167081453640389,0,0,0.1060894025208336,0.1060894025208336
248,38,1.3502351197275602,0,0,0.04372615262768986,0.04372615262768986
255,38,0.5742772795752953,0,0,-0.06309034383285803,-0.06309034383285803
256,38,1.5838137550246512,0,0,0.1423844217953639,0.1423844217953639
258,38,0.7528677307266178,0,0,-0.032377062997380496,-0.032377062997380496
261,38,1.5460082543796205,0,0,-0.09297352188515012,-0.09297352188515012
268,38,0.654937670734564,0,0,-0.060573840523283906,-0.060573840523283906
277,38,0.319916526415387,0,0,0.032129783452028104,0.032129783452028104
282,38,0.7598671643025094,0,0,0.01110007841316385,0.01110007841316385
287,38,0.6765874209733089,0,0,0.030195628960390936,0.030195628960390936
288,38,1.3921534782583282,0,0,-0.13589741263694466,-0.13589741263694466
298,38,0.9587234230132049,0,0,0.03937102933265896,0.03937102933265896
302,38,1.5628456735953116,0,0,0.15071464135935816,0.15071464135935816
306,38,1.145757854253449,0,0,-0.11163690875463778,-0.11163690875463778
327,38,0.9557142701066148,0,0,-0.026908696109906705,-0.026908696109906705
332,38,0.8308566014657773,0,0,0.040859522388568215,0.040859522388568215
335,38,1.5474039258362289,0,0,0.15649606037840846,0.15649606037840846
340,38,0.8635939059226103,0,0,-0.0818795178792095,-0.0818795178792095
344,38,1.175645951814835,0,0,-0.12279343595232356,-0.12279343595232356
348,38,1.4076813052401853,0,0,-0.009214352794096159,-0.009214352794096159
353,38,1.184423794404493,0,0,0.05147629330288056,0.05147629330288056
358,38,0.7915036422362196,0,0,0.06001261302519319,0.06001261302519319
371,38,1.3454532267234531,0,0,-0.14552268687559772,-0.14552268687559772
376,38,1.5565022462563,0,0,-0.14495638931178817,-0.14495638931178817
385,38,1.4264680466616093,0,0,0.12944115558664374,0.12944115558664374
387,38,1.3319958066718802,0,0,-0.09223505296393159,-0.09223505296393159
388,38,0.9967962076170922,0,0,0.028636663981729316,0.028636663981729316
392,38,0.6103408723978486,0,0,-0.04932636669825574,-0.04932636669825574
395,38,1.3951444610571035,0,0,-0.050496657024462516,-0.050496657024462516
397,38,0.6865271375414845,0,0,-0.06755743304416742,-0.06755743304416742
43,39,0.030659392690182426,0,0,-0.00023702685010595914,-0.00023702685010595914
61,39,1.4065150237717379,0,0,-0.09212614619513293,-0.09212614619513293
65,39,1.4114495173345816,0,0,0.11143415316766753,0.11143415316766753
72,39,1.0794560114743168,0,0,-0.12892584213165237,-0.12892584213165237
79,39,1.5170644426305044,0,0,0.2202408722078357,0.2202408722078357
80,39,1.4235628069796131,0,0,-0.24456664321204935,-0.24456664321204935
81,39,0.5957408238287764,0,0,0.08779726327053927,0.08779726327053927
86,39,1.2700529569686418,0,0,0.008495069779023978,0.008495069779023978
94,39,1.2916848466490827,0,0,0.09126181312735837,0.09126181312735837
98,39,0.6279843962674678,0,0,-0.009118791207884891,-0.009118791207884891
99,39,1.2063149224846863,0,0,-0.05796998202053821,-0.05796998202053821
103,39,1.2817774963456539,0,0,-0.02861467789089439,-0.02861467789089439
104,39,1.2387717067455453,0,0,-0.0074653871231910585,-0.0074653871231910585
111,39,0.7480649891645227,0,0,-0.15058981455814602,-0.15058981455814602
121,39,1.0953832807493116,0,0,-0.029103928310387106,-0.029103928310387106
125,39,0.654479274091025,0,0,-0.09005820268371356,-0.09005820268371356
130,39,1.5444322819568366,0,0,-0.05675819955979927,-0.05675819955979927
136,39,0.44077452293473296,0,0,-0.07708164670339901,-0.07708164670339901
137,39,1.3364126012479818,0,0,-0.021486574887489174,-0.021486574887489174
139,39,1.0565114579022319,0,0,0.13507864611752757,0.13507864611752757
143,39,1.3560762419760852,0,0,0.21675147819028076,0.21675147819028076
146,39,1.5715842558915523,0,0,-0.018330510962215607,-0.018330510962215607
148,39,1.3079473661129004,0,0,0.011175918272117447,0.011175918272117447
154,39,1.139504808026567,0,0,0.1847399634948037,0.1847399634948037
163,39,0.5730068868434545,0,0,0.007317622568185245,0.007317622568185245
170,39,1.444090030100317,0,0,-0.03248693560943816,-0.03248693560943816
172,39,1.5078925715064526,0,0,-0.1557983042787202,-0.1557983042787202
184,39,1.2864677626135312,0,0,-0.010970069480851274,-0.010970069480851274
187,39,1.1949350090099822,0,0,-0.16339685862431574,-0.16339685862431574
191,39,1.1500032899063712,0,0,0.005355864879359351,0.005355864879359351
194,39,1.5837932027416317,0,0,0.2431873763212033,0.2431873763212033
197,39,1.481782904381011,0,0,0.19166588966938825,0.19166588966938825
203,39,0.8166277463498267,0,0,0.05986218710177138,0.05986218710177138
205,39,1.569579424123219,0,0,0.23993997238323925,0.23993997238323925
209,39,1.4382216451113592,0,0,0.033471185747995735,0.033471185747995735
212,39,1.5837418554836837,0,0,0.10028615653565104,0.10028615653565104
217,39,1.597672155037757,0,0,0.1669685841080465,0.1669685841080465
223,39,1.4504795679375957,0,0,-0.1823076409548362,-0.1823076409548362
225,39,0.9528918914204009,0,0,-0.18358373060610012,-0.18358373060610012
233,39,0.34686575995899965,0,0,-0.014718243970191003,-0.014718243970191003
235,39,0.7919704180889411,0,0,0.09200579433641076,0.09200579433641076
236,39,1.1595169067506055,0,0,-0.21284697773646355,-0.21284697773646355
239,39,0.8694247500600059,0,0,0.008051091438123492,0.008051091438123492
247,39,0.5212018596542953,0,0,0.052370406525986235,0.052370406525986235
250,39,0.9528854370085822,0,0,-0.08768414037224104,-0.08768414037224104
261,39,1.0320034374549816,0,0,0.15018619528469696,0.15018619528469696
264,39,1.000310919192667,0,0,-0.14271911457255781,-0.14271911457255781
266,39,1.5123512417404696,0,0,-0.2233259221224546,-0.2233259221224546
268,39,1.5089313672096056,0,0,0.18258587664656317,0.18258587664656317
281,39,1.4700854969345207,0,0,0.002928911063463824,0.002928911063463824
288,39,0.837754975936991,0,0,0.10726230453290242,0.10726230453290242
295,39,1.0042179954312214,0,0,-0.06365626164324417,-0.06365626164324417
308,39,1.5980514020555237,0,0,0.03681860527052255,0.03681860527052255
313,39,0.6566411131542457,0,0,0.04744383341868902,0.04744383341868902
315,39,1.454619576421489,0,0,-0.07300369363735898,-0.07300369363735898
319,39,1.0767680316702974,0,0,-0.032358062044389346,-0.032358062044389346
323,39,1.051594419637614,0,0,-0.1207809197490064,-0.1207809197490064
324,39,1.4099292734226443,0,0,-0.25048309510523226,-0.25048309510523226
325,39,1.2814709533786313,0,0,-0.24518914762333877,-0.24518914762333877
340,39,1.4761803110600198,0,0,0.16128019929063758,0.16128019929063758
341,39,1.4538657436359061,0,0,0.03636910810852223,0.03636910810852223
342,39,1.4464773448644197,0,0,-0.1558110588460172,-0.1558110588460172
344,39,1.0816200590814378,0,0,0.12036628121752352,0.12036628121752352
351,39,1.5586379226238616,0,0,0.059792228458135976,0.059792228458135976
352,39,0.5482484392926477,0,0,-0.06737052746130001,-0.06737052746130001
387,39,0.9584971987517366,0,0,0.1509246642059155,0.1509246642059155
392,39,1.5377943828671112,0,0,0.19383335047159134,0.19383335047159134
395,39,1.3226144759580056,0,0,0.19266306014538456,0.19266306014538456
397,39,1.5056570962903282,0,0,0.17560228412567966,0.17560228412567966
48,40,1.506134035404898,0,0,0.04602007247329079,0.04602007247329079
50,40,0.9008550350251914,0,0,0.043910094778761705,0.043910094778761705
53,40,1.3471006712080715,1,1,0.04114569944064428,-0.9588543005593557
58,40,0.7099700462919278,0,0,0.012629508903269526,0.012629508903269526
64,40,1.5962695552445625,0,0,-0.0016629758237331482,-0.0016629758237331482
74,40,0.7261682955366151,0,0,-0.05746576039157139,-0.05746576039157139
75,40,1.142542470713192,0,0,0.018696992336139806,0.018696992336139806
78,40,1.58508592113523,1,1,0.07799756244047495,-0.922002437559525
87,40,0.6343820145207607,0,0,-0.07783028388733666,-0.07783028388733666
89,40,1.5814641130560299,0,0,-0.20178116396428414,-0.20178116396428414
101,40,0.17160495732385264,0,0,-0.009668179613275207,-0.009668179613275207
116,40,1.4559864822655333,0,0,-0.02604943750983968,-0.02604943750983968
135,40,1.112725133326184,0,0,0.007190071585256558,0.007190071585256558
164,40,0.9948526423503713,0,0,-0.12927585980933132,-0.12927585980933132
165,40,0.9192132215888672,0,0,0.07426518968277945,0.07426518968277945
174,40,1.0178320894031174,0,0,0.08463489079973407,0.08463489079973407
187,40,1.5816741545666493,1,1,0.2298269094416283,-0.7701730905583717
195,40,1.1096700996100044,0,0,0.12872800674550888,0.12872800674550888
199,40,0.6562881623427272,0,0,-0.05206685437714034,-0.05206685437714034
200,40,1.3185872051864878,0,0,-0.14421041113936228,-0.14421041113936228
204,40,1.1300856991599955,0,0,0.09277227736493737,0.09277227736493737
214,40,0.7116158033569019,0,0,0.04859757745799545,0.04859757745799545
221,40,0.31036818775050645,0,0,0.027088218808337533,0.027088218808337533
224,40,1.127272823220214,0,0,-0.06558905418677716,-0.06558905418677716
241,40,0.642681913482402,0,0,0.017404166738376026,0.017404166738376026
249,40,0.39658066409325704,0,0,-0.035881561013189206,-0.035881561013189206
253,40,0.9398470957238467,0,0,0.07883608589011737,0.07883608589011737
254,40,1.1052049341711359,0,0,0.09912549785017588,0.09912549785017588
257,40,1.3255386837653065,0,0,-0.07086567837036706,-0.07086567837036706
262,40,1.2468271182300241,0,0,0.05553050173554855,0.05553050173554855
271,40,0.7741767093708022,0,0,0.012931765425265529,0.012931765425265529
272,40,1.0560856654542279,0,0,0.10317429505582731,0.10317429505582731
275,40,1.23210192708896,0,0,-0.1657561563362615,-0.1657561563362615
278,40,0.730654136315308,0,0,0.07033129224513013,0.07033129224513013
279,40,0.22811397842280964,0,0,0.0026447140097275446,0.0026447140097275446
286,40,1.2612551950848818,0,0,-0.1740227462511226,-0.1740227462511226
305,40,0.878422641122434,0,0,-0.10813092412037757,-0.10813092412037757
307,40,1.2607473379354786,0,0,0.002093831037578514,0.002093831037578514
314,40,1.329068766174395,0,0,-0.1287357795569326,-0.1287357795569326
317,40,0.9197309019580634,0,0,0.0459789897822388,0.0459789897822388
318,40,0.5568210660861178,0,0,0.0099800288994914,0.0099800288994914
321,40,1.3268567432597362,0,0,-0.08633351430245864,-0.08633351430245864
324,40,1.2777810208502023,1,1,0.1427406729607119,-0.8572593270392881
325,40,1.4565857593418714,1,1,0.1480346204426053,-0.8519653795573947
334,40,1.5490021332230488,0,0,-0.1803642346525804,-0.1803642346525804
335,40,1.5623687456267148,0,0,-0.20712045438580035,-0.20712045438580035
338,40,1.1016269376527712,0,0,0.0800336985281434,0.0800336985281434
354,40,1.0826200622240891,0,0,-0.09255975909880994,-0.09255975909880994
359,40,0.875576152118501,0,0,-0.051540232821493615,-0.051540232821493615
369,40,0.961452370477797,0,0,0.08318041129938025,0.08318041129938025
372,40,0.21015015532501846,0,0,0.019711173189711967,0.019711173189711967
373,40,1.354373216960896,0,0,-0.07964100231072867,-0.07964100231072867
379,40,0.7004494362406151,0,0,0.012629508903269526,0.012629508903269526
380,40,0.7484000186798913,0,0,-0.00979701453562476,-0.00979701453562476
383,40,1.2092675656210508,0,0,0.03390399167910593,0.03390399167910593
384,40,1.5059847874604244,0,0,-0.18404009546130679,-0.18404009546130679
386,40,0.16525326965550086,0,0,-0.014648695008249724,-0.014648695008249724
389,40,0.4334216467595028,0,0,0.031654623363508994,0.031654623363508994
391,40,1.4101869605672843,0,0,-0.017946463598945472,-0.017946463598945472
393,40,1.0694887520618974,0,0,0.05533419471654638,0.05533419471654638
55,41,1.1608783722093785,0,0,-0.02370386981630867,-0.02370386981630867
66,41,0.6382865955690487,0,0,0.029210630546258474,0.029210630546258474
82,41,1.3149211643872105,0,0,-0.060511584477553886,-0.060511584477553886
89,41,1.539862929630566,0,0,0.015413297682653804,0.015413297682653804
106,41,1.5855269699142682,0,0,-0.021217925902929063,-0.021217925902929063
112,41,1.4351528311948831,0,0,0.05000042666066802,0.05000042666066802
113,41,1.0580804236797918,0,0,-0.050343963544802174,-0.050343963544802174
118,41,1.594042641084553,0,0,-0.06157015865574788,-0.06157015865574788
120,41,1.5224033487882047,0,0,-0.08053496173638924,-0.08053496173638924
124,41,1.2631476339072825,0,0,0.03722803800318568,0.03722803800318568
127,41,0.6225340942990762,0,0,0.01707589992819027,0.01707589992819027
133,41,1.2566286073158697,0,0,0.005494781671893229,0.005494781671893229
138,41,0.31048857148174297,0,0,-0.007828288812591629,-0.007828288812591629
142,41,0.5237656140163177,0,0,-0.010669240764583109,-0.010669240764583109
161,41,1.197889465843311,0,0,-0.02177829558631325,-0.02177829558631325
164,41,1.4702055961931202,0,0,0.08791860183760662,0.08791860183760662
171,41,1.425156936041703,0,0,-0.04270121663336814,-0.04270121663336814
177,41,0.6250053903364887,0,0,0.035598497474423306,0.035598497474423306
179,41,1.5660702596061518,0,0,0.016270905158559557,0.016270905158559557
185,41,1.5319662632802844,0,0,0.028796299332820574,0.028796299332820574
201,41,0.37763221627703314,0,0,0.007340168431182403,0.007340168431182403
211,41,1.5130749531212035,0,0,0.0052622319261388245,0.0052622319261388245
238,41,1.5433991558185929,0,0,-0.04033265059643728,-0.04033265059643728
256,41,0.7490377915110342,0,0,-0.004037631321906987,-0.004037631321906987
275,41,1.4825859592141128,0,0,0.051438305310676426,0.051438305310676426
286,41,1.3388257236822483,0,0,0.043171715395815324,0.043171715395815324
292,41,0.7085462386186427,0,0,-0.030648827025992094,-0.030648827025992094
301,41,1.227638080790532,0,0,0.03795487012800794,0.03795487012800794
302,41,1.0878435600857144,0,0,0.004292588242087277,0.004292588242087277
310,41,1.2386767902909175,0,0,0.032238159076874856,0.032238159076874856
314,41,1.1733959173983453,0,0,0.08845868209000532,0.08845868209000532
335,41,1.233824055442756,0,0,0.01007400726113758,0.01007400726113758
337,41,1.4746221586725643,0,0,0.07056007075609726,0.07056007075609726
345,41,1.296759695214499,0,0,0.0002754701905543708,0.0002754701905543708
349,41,1.3853934215226993,0,0,0.03832206016736101,0.03832206016736101
357,41,1.115737085665338,0,0,-0.0584562682504915,-0.0584562682504915
377,41,1.3660978093388099,0,0,0.015752737015461888,0.015752737015461888
385,41,1.5373375632038984,0,0,-0.016980897530627134,-0.016980897530627134
396,41,1.318835085141229,0,0,-0.046838890436406495,-0.046838890436406495
400,41,1.56609974151508,0,0,0.04506074724681025,0.04506074724681025
62,42,1.0227297998424487,0,0,-0.017417297835353063,-0.017417297835353063
65,42,1.4530523068764016,0,0,0.09914348266883849,0.09914348266883849
96,42,1.3515481860911158,0,0,-0.05021992062921515,-0.05021992062921515
98,42,1.478712729611193,0,0,-0.021409461706713928,-0.021409461706713928
99,42,1.545591291601269,0,0,-0.07026065251936725,-0.07026065251936725
103,42,1.1635077851926539,0,0,-0.04090534838972343,-0.04090534838972343
104,42,0.9226599722337531,0,0,-0.019756057622020096,-0.019756057622020096
130,42,1.5646200298630217,0,0,-0.06904887005862831,-0.06904887005862831
137,42,1.1356839824332565,0,0,-0.03377724538631821,-0.03377724538631821
160,42,1.3727010099621946,0,0,0.11286349748458574,0.11286349748458574
170,42,1.1989057172639717,0,0,-0.0447776061082672,-0.0447776061082672
173,42,1.3541661955550757,0,0,0.07711533815002153,0.07711533815002153
183,42,0.947679094061484,0,0,0.07212956888429245,0.07212956888429245
184,42,0.963644379711378,0,0,-0.02326073997968031,-0.02326073997968031
191,42,1.0944739735141904,0,0,-0.006934805619469686,-0.006934805619469686
213,42,1.244565499830796,0,0,0.10343318018789788,0.10343318018789788
230,42,1.232911701026665,0,0,-0.02313284664758669,-0.02313284664758669
269,42,1.4233974799765106,0,0,-0.039596075614177606,-0.039596075614177606
280,42,0.8335981738952462,0,0,0.04688600958509642,0.04688600958509642
283,42,1.2171713117584564,0,0,-0.023132846647586747,-0.023132846647586747
284,42,1.5778013749398836,0,0,-0.050974339451923756,-0.050974339451923756
285,42,1.1887434784736726,0,0,-0.048170804552244206,-0.048170804552244206
300,42,0.2947799903675716,0,0,-0.00503611132799181,-0.00503611132799181
319,42,1.3194104472498158,0,0,-0.044648732543218383,-0.044648732543218383
329,42,1.558020055778789,0,0,-0.004397535292957833,-0.004397535292957833
341,42,0.7250688042436589,0,0,0.024078437609693193,0.024078437609693193
351,42,0.840991009986672,0,0,0.04750155795930694,0.04750155795930694
361,42,1.577811438552513,0,0,0.11478672228658887,0.11478672228658887
362,42,1.5167957848777311,0,0,-0.048003143429742046,-0.048003143429742046
366,42,1.4997818324436574,0,0,-0.016958481205718468,-0.016958481205718468
382,42,0.4534139861138955,0,0,0.023357901630347233,0.023357901630347233
398,42,0.6547759507662098,0,0,0.05688688277577775,0.05688688277577775
61,43,1.415743781318057,0,0,-0.09188911934502697,-0.09188911934502697
65,43,1.399564292714666,0,0,0.11167118001777349,0.11167118001777349
72,43,1.0774401807571492,0,0,-0.1286888152815464,-0.1286888152815464
79,43,1.4974020793641298,0,0,0.22047789905794166,0.22047789905794166
80,43,1.4175107753232992,0,0,-0.2443296163619434,-0.2443296163619434
81,43,0.5772838543176305,0,0,0.08803429012064523,0.08803429012064523
86,43,1.2968555572686449,0,0,0.008732096629129937,0.008732096629129937
94,43,1.305856038612715,0,0,0.09149883997746433,0.09149883997746433
98,43,0.6243925211998649,0,0,-0.008881764357778932,-0.008881764357778932
99,43,1.2144718778601142,0,0,-0.057732955170432254,-0.057732955170432254
103,43,1.2907411104485218,0,0,-0.028377651040788432,-0.028377651040788432
104,43,1.2456323006835468,0,0,-0.007228360273085099,-0.007228360273085099
111,43,0.7495631884455651,0,0,-0.15035278770804006,-0.15035278770804006
121,43,1.1220894686482572,0,0,-0.028866901460281147,-0.028866901460281147
125,43,0.6691676254867578,0,0,-0.0898211758336076,-0.0898211758336076
130,43,1.5584264311898568,0,0,-0.05652117270969331,-0.05652117270969331
136,43,0.4440491556276107,0,0,-0.07684461985329305,-0.07684461985329305
137,43,1.3429286134979013,0,0,-0.021249548037383215,-0.021249548037383215
139,43,1.0383910205599634,0,0,0.13531567296763353,0.13531567296763353
143,43,1.3439572530453177,0,0,0.21698850504038672,0.21698850504038672
148,43,1.3344927068291215,0,0,0.011412945122223406,0.011412945122223406
154,43,1.128465746948873,0,0,0.18497699034490966,0.18497699034490966
163,43,0.5880779541559629,0,0,0.007554649418291204,0.007554649418291204
170,43,1.4563390925654476,0,0,-0.0322499087593322,-0.0322499087593322
172,43,1.5102889707575593,0,0,-0.15556127742861425,-0.15556127742861425
184,43,1.2933474209913383,0,0,-0.010733042630745315,-0.010733042630745315
187,43,1.211349283518876,0,0,-0.16315983177420978,-0.16315983177420978
191,43,1.1493571761425307,0,0,0.00559289172946531,0.00559289172946531
194,43,1.5698834202689693,0,0,0.24342440317130926,0.24342440317130926
197,43,1.4776459940008713,0,0,0.1919029165194942,0.1919029165194942
203,43,0.832823191827936,0,0,0.06009921395187734,0.06009921395187734
205,43,1.5542202670800846,0,0,0.2401769992333452,0.2401769992333452
209,43,1.4615720660850806,0,0,0.033708212598101694,0.033708212598101694
212,43,1.5987622110706228,0,0,0.100523183385757,0.100523183385757
217,43,1.579885979095608,0,0,0.16720561095815245,0.16720561095815245
223,43,1.4489779374762015,0,0,-0.18207061410473024,-0.18207061410473024
225,43,0.9601018630992374,0,0,-0.18334670375599416,-0.18334670375599416
233,43,0.36182815540334723,0,0,-0.014481217120085044,-0.014481217120085044
235,43,0.7975407974385605,0,0,0.09224282118651672,0.09224282118651672
236,43,1.1557604691633148,0,0,-0.2126099508863576,-0.2126099508863576
239,43,0.8932102058600873,0,0,0.008288118288229451,0.008288118288229451
247,43,0.5294197019471781,0,0,0.052607433376092194,0.052607433376092194
250,43,0.9535269357135189,0,0,-0.08744711352213508,-0.08744711352213508
261,43,1.0164621041633806,0,0,0.15042322213480291,0.15042322213480291
264,43,0.9974740959032399,0,0,-0.14248208772245186,-0.14248208772245186
266,43,1.509492108150697,0,0,-0.22308889527234865,-0.22308889527234865
268,43,1.5062897225583092,0,0,0.18282290349666913,0.18282290349666913
281,43,1.4982523213180121,0,0,0.003165937913569783,0.003165937913569783
288,43,0.8430152444399328,0,0,0.10749933138300838,0.10749933138300838
295,43,1.0070718857574112,0,0,-0.06341923479313821,-0.06341923479313821
313,43,0.6714753428779966,0,0,0.04768086026879498,0.04768086026879498
315,43,1.4826235561441665,0,0,-0.07276666678725302,-0.07276666678725302
319,43,1.0827131075052163,0,0,-0.03212103519428339,-0.03212103519428339
323,43,1.052535067187439,0,0,-0.12054389289890044,-0.12054389289890044
324,43,1.4125991815283303,0,0,-0.2502460682551263,-0.2502460682551263
325,43,1.2824641341237517,0,0,-0.2449521207732328,-0.2449521207732328
340,43,1.4793892356574416,0,0,0.16151722614074354,0.16151722614074354
341,43,1.455531771870373,0,0,0.03660613495862819,0.03660613495862819
342,43,1.446752036066195,0,0,-0.15557403199591124,-0.15557403199591124
344,43,1.0878846877575679,0,0,0.12060330806762948,0.12060330806762948
351,43,1.557419045016261,0,0,0.060029255308241936,0.060029255308241936
352,43,0.5464087218089446,0,0,-0.06713350061119405,-0.06713350061119405
387,43,0.9456938515529283,0,0,0.15116169105602145,0.15116169105602145
392,43,1.535397066023672,0,0,0.1940703773216973,0.1940703773216973
395,43,1.3045667811233321,0,0,0.19290008699549052,0.19290008699549052
397,43,1.5068815233753934,0,0,0.17583931097578562,0.17583931097578562
55,44,1.5490363003106877,0,0,-0.07799436910368232,-0.07799436910368232
56,44,0.4010258357145828,0,0,-0.01934728023607918,-0.01934728023607918
59,44,1.0206169368189437,0,0,-0.07823080025309304,-0.07823080025309304
73,44,1.4686297194162332,0,0,-0.0128659896132228,-0.0128659896132228
74,44,1.5025367238646614,0,0,0.10543820196799289,0.10543820196799289
77,44,1.1602306561719062,0,0,0.07401635277187277,0.07401635277187277
88,44,1.3915526066710697,0,0,0.09898415043554445,0.09898415043554445
89,44,1.1339790169093564,0,0,-0.03887720160471986,-0.03887720160471986
97,44,0.8168599867393012,0,0,-0.06570768135361527,-0.06570768135361527
102,44,1.5742614752660744,0,0,0.17705443989757264,0.17705443989757264
106,44,1.1265464356709753,0,0,-0.07550842519030272,-0.07550842519030272
116,44,1.3590246313769005,0,0,0.1368545248497246,0.1368545248497246
122,44,1.3303851611698516,0,0,-0.11119063267079679,-0.11119063267079679
129,44,0.4008207976280279,0,0,0.020226427889143146,0.020226427889143146
162,44,0.9971638983712623,0,0,-0.08562623111981921,-0.08562623111981921
164,44,1.4962941141727883,0,0,0.03362810255023296,0.03362810255023296
176,44,0.625859253409546,0,0,-0.04720635972676354,-0.04720635972676354
178,44,0.7872263709683732,0,0,0.05776427619868726,0.05776427619868726
179,44,0.8988238980886887,0,0,-0.0380195941288141,-0.0380195941288141
186,44,1.0425174653412028,0,0,0.08695143342711756,0.08695143342711756
189,44,1.5386862029375012,0,0,0.15576055353993154,0.15576055353993154
192,44,0.32893406921462,0,0,-0.026434179855872715,-0.026434179855872715
200,44,0.9173571673807348,0,0,0.018693551220202005,0.018693551220202005
202,44,0.7698545466917549,0,0,-0.063906741174947,-0.063906741174947
211,44,0.9467628546908392,0,0,-0.049028267361234834,-0.049028267361234834
215,44,0.17806258702179997,0,0,-0.01684941905976902,-0.01684941905976902
224,44,1.20961226297019,0,0,0.09731490817278712,0.09731490817278712
238,44,1.4442925545626502,0,0,-0.09462314988381093,-0.09462314988381093
243,44,0.9123782141776333,0,0,-0.0616553043983177,-0.0616553043983177
252,44,0.6581468573884014,0,0,-0.04244326978493976,-0.04244326978493976
257,44,1.0640864776461252,0,0,0.09203828398919722,0.09203828398919722
270,44,0.9204651750033153,0,0,-0.055295322048288166,-0.055295322048288166
275,44,1.2933555260100698,0,0,-0.002852193976697233,-0.002852193976697233
286,44,1.4579960380335644,0,0,-0.011118783891558333,-0.011118783891558333
289,44,1.4991341088351644,0,0,-0.04682438105740875,-0.04682438105740875
291,44,1.4945745005141835,0,0,-0.0070218451690306355,-0.0070218451690306355
297,44,0.7378763025906633,0,0,-0.04303493890766079,-0.04303493890766079
302,44,1.447614780795012,0,0,-0.04999791104528638,-0.04999791104528638
303,44,1.0899093702327742,0,0,-0.0771030282871678,-0.0771030282871678
305,44,1.3721438820419507,0,0,0.0547730382391867,0.0547730382391867
320,44,1.33845764730767,0,0,-0.015488996446119991,-0.015488996446119991
321,44,1.0126565794663036,0,0,0.07657044805710564,0.07657044805710564
322,44,0.7450618636815552,0,0,-0.055199022181208854,-0.055199022181208854
328,44,0.9290593270577887,0,0,0.07672493338682992,0.07672493338682992
333,44,1.3585834174903635,0,0,-0.05091376651239936,-0.05091376651239936
334,44,0.8534814700648874,0,0,-0.017460272293016114,-0.017460272293016114
335,44,1.3641943139511228,0,0,-0.04421649202623608,-0.04421649202623608
339,44,1.530243721884803,0,0,0.11336645728095676,0.11336645728095676
346,44,0.7757669463993468,0,0,0.01621479392578471,0.01621479392578471
350,44,0.7010867705598708,0,0,-0.015793037227694262,-0.015793037227694262
354,44,1.171186601170346,0,0,0.07034420326075433,0.07034420326075433
359,44,1.364972052983266,0,0,0.11136372953807067,0.11136372953807067
364,44,0.3771724810425142,0,0,-0.012775823774446105,-0.012775823774446105
370,44,0.9874398026185403,0,0,-0.07889350869394077,-0.07889350869394077
373,44,1.0829638721814745,0,0,0.0832629600488356,0.0832629600488356
374,44,1.4154980333119012,0,0,-0.10619448413230609,-0.10619448413230609
375,44,0.9011329769085944,0,0,-0.046522022988406186,-0.046522022988406186
384,44,1.0057109996535591,0,0,-0.021136133101742522,-0.021136133101742522
385,44,1.1943076605306788,0,0,-0.07127139681800079,-0.07127139681800079
390,44,0.6448563655143574,0,0,-0.03603933053295892,-0.03603933053295892
399,44,0.3882881487021053,0,0,-0.026500686694342176,-0.026500686694342176
76,45,1.3427584031117181,0,0,0.0464534597601088,0.0464534597601088
82,45,1.3802694154065758,0,0,0.017409066439364462,0.017409066439364462
83,45,1.416931635702269,0,0,-0.06344486412746009,-0.06344486412746009
90,45,1.1345391244138787,0,0,-0.056263689806138134,-0.056263689806138134
105,45,1.443545954471038,0,0,-0.03606879410445957,-0.03606879410445957
107,45,1.1062012871802545,0,0,0.02568048771190963,0.02568048771190963
110,45,1.1451568716650775,0,0,0.041940931658364586,0.041940931658364586
119,45,0.48402822828766,0,0,0.01588356729996028,0.01588356729996028
132,45,0.9683699361348783,0,0,-0.00486451070578775,-0.00486451070578775
140,45,1.5279091435559968,0,0,-0.07113934482176473,-0.07113934482176473
145,45,1.258724330670084,0,0,-0.03584133891754801,-0.03584133891754801
147,45,0.651591177285895,0,0,-0.03127660455563372,-0.03127660455563372
171,45,1.1439974793722811,0,0,0.035219434283550205,0.035219434283550205
181,45,0.29876657979777027,0,0,-0.0014777909158573826,-0.0014777909158573826
240,45,1.4127939655161488,0,0,0.01289698331066029,0.01289698331066029
244,45,0.9319715075867078,0,0,0.037019800199995165,0.037019800199995165
248,45,1.2850000303510747,0,0,-0.024775249572662666,-0.024775249572662666
267,45,1.2413172024851635,0,0,-0.06959025978089256,-0.06959025978089256
276,45,0.547623688524669,0,0,0.004428117407486609,0.004428117407486609
290,45,0.8736111676164895,0,0,0.03342458593379288,0.03342458593379288
304,45,0.5206028568690649,0,0,0.006741191694623505,0.006741191694623505
312,45,0.9343788608657019,0,0,0.025058207913394193,0.025058207913394193
326,45,1.0685547902015793,0,0,-0.0031382213715220736,-0.0031382213715220736
332,45,1.5753944024897655,0,0,-0.027641879811784315,-0.027641879811784315
355,45,1.1608162347094004,0,0,-0.042902525435386196,-0.042902525435386196
357,45,1.5041242945935842,0,0,0.019464382666426847,0.019464382666426847
374,45,1.5546667968161725,0,0,0.02601666607198591,0.02601666607198591
396,45,1.2059473161967043,0,0,0.031081760480511852,0.031081760480511852
53,46,0.8095143593724939,0,0,-0.06623741998622212,-0.06623741998622212
67,46,0.7513821229122896,46,-1,-0.07200988297427524,0.9279901170257248
72,46,1.0599692942112524,0,0,0.1569148065074253,0.1569148065074253
78,46,0.4649140565544463,0,0,-0.029385556986391448,-0.029385556986391448
80,46,0.4900015717681936,0,0,0.041274005427028304,0.041274005427028304
102,46,0.7759679072471526,46,-1,-0.09323264188885805,0.906767358111142
111,46,1.1933881325816158,0,0,0.13525083408093164,0.13525083408093164
116,46,0.9438499071382128,46,-1,-0.13343255693670608,0.8665674430632939
125,46,1.5607401732458088,0,0,0.1957824459553641,0.1957824459553641
128,46,0.8139739561096723,46,-1,-0.08693114379231592,0.9130688562076841
136,46,1.4832971931120735,0,0,0.20875900193567865,0.20875900193567865
157,46,0.6608269021862078,0,0,0.0674017672184597,0.0674017672184597
166,46,1.5226743880547768,0,0,0.10405106113919838,0.10405106113919838
172,46,1.029169205930625,0,0,0.13004234436035744,0.13004234436035744
178,46,1.5876836747312595,46,-1,-0.2125228055877435,0.7874771944122565
182,46,1.441496131721516,46,-1,-0.050774424164899745,0.9492255758351003
189,46,0.9157266856967403,46,-1,-0.11452652824649923,0.8854734717535008
214,46,1.5069680077957825,46,-1,-0.05878554196887098,0.941214458031129
223,46,0.7887074878758215,0,0,0.10353300768424145,0.10353300768424145
224,46,1.3271633952407258,46,-1,-0.1729721736136436,0.8270278263863564
225,46,1.273728618803811,0,0,0.10225691803297754,0.10225691803297754
228,46,1.397926648866568,46,-1,0.037600652218240826,1.0376006522182408
234,46,1.327883965198084,46,-1,-0.009562073024942164,0.9904379269750578
236,46,0.7405231718183001,0,0,0.0729936709026141,0.0729936709026141
245,46,1.3050613064259209,0,0,0.13036000559251737,0.13036000559251737
257,46,1.317930242495919,46,-1,-0.17824879779723357,0.8217512022027664
260,46,1.5162747666032752,46,-1,-0.0606809610835225,0.9393190389164775
263,46,1.2068839716210773,46,-1,-0.0581570858354481,0.9418429141645519
264,46,1.0216180107057562,0,0,0.14312153406651984,0.14312153406651984
266,46,0.502201845898592,0,0,0.06251472651662304,0.06251472651662304
278,46,1.552641234730041,46,-1,-0.037051827181736385,0.9629481728182636
293,46,0.21869731844758836,0,0,-0.01764448228235249,-0.01764448228235249
294,46,1.1331704587599891,0,0,0.11202061676553599,0.11202061676553599
299,46,1.1701694220757721,0,0,0.1271571348943804,0.1271571348943804
311,46,0.974974125521307,46,-1,0.007032874371972309,1.0070328743719723
321,46,1.3876161740537867,46,-1,-0.19371663372932513,0.8062833662706749
323,46,1.2199680208778358,0,0,0.16505972889007126,0.16505972889007126
324,46,1.0268856683866034,0,0,0.0353575535338454,0.0353575535338454
325,46,0.9346798909723188,0,0,0.04065150101573889,0.04065150101573889
328,46,1.3886189077988602,46,-1,-0.19356214839960084,0.8064378516003992
342,46,0.9171473507669997,0,0,0.13002958979306045,0.13002958979306045
347,46,1.3045804275382311,46,-1,-0.09562094784563491,0.9043790521543651
359,46,1.5160021960891112,46,-1,-0.15892335224836007,0.8410766477516399
373,46,1.3409895855935474,46,-1,-0.18702412173759508,0.8129758782624049
52,47,0.9536444983721997,0,0,-0.036634747042764176,-0.036634747042764176
65,47,1.281988796355997,0,0,-0.08566743234529359,-0.08566743234529359
79,47,1.2037527625721496,0,0,0.023139286694874583,0.023139286694874583
92,47,0.932491357551082,0,0,0.03214275024742427,0.03214275024742427
105,47,1.2739541291152623,0,0,0.07849073975277893,0.07849073975277893
114,47,0.7096704131872775,0,0,0.022872478242036587,0.022872478242036587
115,47,1.0816401358709777,0,0,0.03298968259831778,0.03298968259831778
131,47,0.9022337186316033,0,0,0.03874266999942269,0.03874266999942269
134,47,0.8265509234047835,0,0,0.025212245859043914,0.025212245859043914
139,47,1.282017536391016,0,0,-0.062022939395433546,-0.062022939395433546
140,47,1.5937026819189803,0,0,0.04342018903547376,0.04342018903547376
143,47,1.5182073887289038,0,0,0.019649892677319647,0.019649892677319647
154,47,1.4886637426840643,0,0,-0.012361622018157409,-0.012361622018157409
160,47,1.446168988104863,0,0,-0.07194741752954634,-0.07194741752954634
169,47,0.439300015328668,0,0,-0.015182770053700112,-0.015182770053700112
180,47,0.9847870334190467,0,0,-0.045533824544283924,-0.045533824544283924
190,47,0.9721757545093508,0,0,-0.050963379695834504,-0.050963379695834504
194,47,1.578653911658611,0,0,0.04608579080824218,0.04608579080824218
196,47,0.5733447182877363,0,0,-0.013075586919840482,-0.013075586919840482
198,47,1.0549104297380458,0,0,0.010501102325793349,0.010501102325793349
205,47,1.395932484322077,0,0,0.04283838687027813,0.04283838687027813
208,47,1.5136389150868954,0,0,0.01947224919751525,0.01947224919751525
210,47,0.8634734429709104,0,0,0.010190678834962219,0.010190678834962219
213,47,1.325880738243396,0,0,-0.0813777348262342,-0.0813777348262342
217,47,0.8081862142229305,0,0,-0.030133001404914622,-0.030133001404914622
219,47,1.5110477581981583,0,0,0.08152241385981371,0.08152241385981371
227,47,0.5803155153193404,0,0,-0.013881296522421926,-0.013881296522421926
229,47,1.1794713323007953,0,0,0.06589016471802175,0.06589016471802175
242,47,0.2607221107171839,0,0,0.0040657236192080115,0.0040657236192080115
246,47,1.0685035002349055,0,0,0.05798722374741519,0.05798722374741519
259,47,0.6176157863561609,0,0,-0.019140617909034402,-0.019140617909034402
261,47,1.3151998354386967,0,0,-0.04691539022826416,-0.04691539022826416
265,47,1.467007996798984,0,0,0.013844763418371903,0.013844763418371903
267,47,1.2328494939689298,0,0,0.04496927407634593,0.04496927407634593
273,47,0.3906717578945043,0,0,0.018511307562609464,0.018511307562609464
296,47,1.4151099717918194,0,0,0.02552802047826158,0.02552802047826158
309,47,0.8042425944338041,0,0,0.03459075775517417,0.03459075775517417
316,47,1.534986815524836,0,0,0.0059667975345849,0.0059667975345849
331,47,0.6291611623445358,0,0,-0.026626887878711675,-0.026626887878711675
343,47,0.21020489061573946,0,0,0.0006113484058047902,0.0006113484058047902
356,47,1.4363811218394407,0,0,-0.03957913631380108,-0.03957913631380108
360,47,1.251424289882823,0,0,0.01451339134999824,0.01451339134999824
361,47,1.5580230507413233,0,0,-0.0700241927275432,-0.0700241927275432
368,47,1.2263490693036447,0,0,-0.019623951577642157,-0.019623951577642157
378,47,0.8356727490381933,0,0,0.00022608386593950258,0.00022608386593950258
387,47,1.5636616901170404,0,0,-0.04617692130704562,-0.04617692130704562
395,47,1.1525094398650029,0,0,-0.004438525367576551,-0.004438525367576551
50,48,0.8247745643029349,0,0,-0.002109977694529086,-0.002109977694529086
58,48,1.1886726311931726,0,0,-0.033390563570021264,-0.033390563570021264
64,48,1.3444992214263296,0,0,-0.04768304829702394,-0.04768304829702394
75,48,0.951547475513785,0,0,-0.027323080137150985,-0.027323080137150985
84,48,0.3814547551352632,0,0,0.017402248892246147,0.017402248892246147
85,48,1.0202840597002656,0,0,0.04117547636787547,0.04117547636787547
91,48,1.2146888482700642,0,0,0.06446357453529264,0.06446357453529264
101,48,1.5980778077566724,0,0,-0.055688252086566,-0.055688252086566
123,48,1.1748193224187775,0,0,-0.030276155000139554,-0.030276155000139554
135,48,1.1303894497918565,0,0,-0.03883000088803423,-0.03883000088803423
152,48,1.3461247567523391,0,0,0.0773134522884045,0.0773134522884045
165,48,1.2460792287062956,0,0,0.028245117209488663,0.028245117209488663
174,48,1.2321792954607733,0,0,0.038614818326443284,0.038614818326443284
182,48,1.0835978907261572,0,0,0.01058862278867595,0.01058862278867595
204,48,1.1842839916514387,0,0,0.04675220489164658,0.04675220489164658
218,48,0.9878895900348474,0,0,-0.01827773747021183,-0.01827773747021183
220,48,1.0212397825228967,0,0,0.042948848253016175,0.042948848253016175
221,48,1.3837639947595926,0,0,-0.018931853664953258,-0.018931853664953258
234,48,1.2722227862950908,0,0,0.051800973928633504,0.051800973928633504
241,48,1.1532293418835915,0,0,-0.028615905734914765,-0.028615905734914765
253,48,1.2534972969242077,0,0,0.03281601341682658,0.03281601341682658
254,48,1.3902553771796662,0,0,0.05310542537688509,0.05310542537688509
260,48,0.7882155650982104,0,0,0.0006820858700531673,0.0006820858700531673
262,48,0.3947909230541367,0,0,0.009510429262257758,0.009510429262257758
263,48,1.1992903920121996,0,0,0.003205961118127598,0.003205961118127598
271,48,1.1685200163499057,0,0,-0.03308830704802526,-0.03308830704802526
272,48,1.5363587588630845,0,0,0.057154222582536524,0.057154222582536524
279,48,1.514197897715454,0,0,-0.043375358463563246,-0.043375358463563246
307,48,1.211837609153058,0,0,-0.04392624143571228,-0.04392624143571228
317,48,0.8004508662574018,0,0,-4.108269105199125e-5,-4.108269105199125e-5
318,48,1.313723316563589,0,0,-0.03604004357379939,-0.03604004357379939
330,48,0.774772934596608,0,0,-0.006782213806927645,-0.006782213806927645
338,48,1.0229555255138039,0,0,0.034013626054852614,0.034013626054852614
347,48,1.5481877074287427,0,0,-0.034257900892059295,-0.034257900892059295
363,48,1.4346400138942343,1,1,0.08059610720488175,-0.9194038927951182
369,48,1.4707740997565701,0,0,0.03716033882608946,0.03716033882608946
372,48,1.5246896266502743,0,0,-0.026308899283578824,-0.026308899283578824
379,48,1.23706007469568,0,0,-0.033390563570021264,-0.033390563570021264
380,48,1.4977749887428355,0,0,-0.05581708700891555,-0.05581708700891555
383,48,0.450863837793364,0,0,-0.012116080794184858,-0.012116080794184858
389,48,1.1433319335740515,0,0,-0.014365449109781797,-0.014365449109781797
391,48,1.5378058695530787,0,0,-0.06396653607223626,-0.06396653607223626
393,48,0.7407275755601739,0,0,0.00931412224325559,0.00931412224325559
51,49,0.9843080779406528,0,0,0.046311432955176146,0.046311432955176146
57,49,0.8009464345759414,0,0,0.07761121601483573,0.07761121601483573
60,49,0.5397733374942062,0,0,-0.07319877755741144,-0.07319877755741144
71,49,0.43874390356931836,0,0,0.0433773489036508,0.0433773489036508
86,49,1.1624904190354266,0,0,0.10445125764257551,0.10445125764257551
100,49,0.3313939750519199,0,0,0.03660793952905972,0.03660793952905972
108,49,0.8330360330663737,0,0,-0.06503389201867305,-0.06503389201867305
121,49,1.0779758802162729,0,0,0.06685225955316443,0.06685225955316443
125,49,1.510268883409291,0,0,0.005897985179837972,0.005897985179837972
144,49,0.9688368362243676,0,0,0.04631143295517576,0.04631143295517576
146,49,0.8399491410332736,0,0,0.07762567690133593,0.07762567690133593
148,49,1.259708610315844,0,0,0.10713210613566898,0.10713210613566898
153,49,0.6718215815081863,0,0,0.05062606009903409,0.05062606009903409
155,49,1.2287066909290951,46,-1,-0.1264829204344884,0.8735170795655116
156,49,1.359267477592477,0,0,0.10869374159297251,0.10869374159297251
159,49,1.305895683255782,0,0,0.09689413741079184,0.09689413741079184
168,49,0.9320200989644787,0,0,0.05988883028106412,0.05988883028106412
175,49,0.8745369886014277,0,0,-0.1113030626740763,-0.1113030626740763
187,49,1.2717181980430003,0,0,-0.06744067076076421,-0.06744067076076421
195,49,1.417397026970522,46,-1,-0.16853957345688375,0.8314604265431162
206,49,0.5533924091992345,0,0,-0.012251044067368322,-0.012251044067368322
209,49,1.525343410668672,0,0,0.12942737361154727,0.12942737361154727
239,49,1.414458523708791,0,0,0.10400727930167503,0.10400727930167503
254,49,1.5700710371600421,46,-1,-0.19814208235221664,0.8018579176477834
269,49,1.38804272323276,0,0,0.06865078274820297,0.06865078274820297
272,49,1.5234526580891172,46,-1,-0.19409328514656532,0.8059067148534347
281,49,1.202224728311773,0,0,0.09888509892701536,0.09888509892701536
315,49,0.5812243578641388,0,0,0.022952494226192555,0.022952494226192555
329,49,1.53311298392062,0,0,0.10384932306942274,0.10384932306942274
336,49,0.33391030343590267,0,0,-0.05049900834140664,-0.05049900834140664
362,49,1.5767610159640992,0,0,0.060243714932638526,0.060243714932638526
363,49,1.4017554237670655,0,0,-0.17065140052422,-0.17065140052422
366,49,1.3354706926129496,0,0,0.0912883771566621,0.0912883771566621
381,49,0.5116257910696531,0,0,-0.07105851526645923,-0.07105851526645923
394,49,1.2132769205507132,0,0,0.0278825639017119,0.0278825639017119
58,50,0.7217440842858648,0,0,-0.03128058587549218,-0.03128058587549218
64,50,1.559832812482901,0,0,-0.04557307060249485,-0.04557307060249485
74,50,1.59600639598879,0,0,-0.1013758551703331,-0.1013758551703331
75,50,0.8590964303641541,0,0,-0.0252131024426219,-0.0252131024426219
84,50,1.0603308153691686,0,0,0.019512226586775233,0.019512226586775233
85,50,1.5861268380265647,0,0,0.043285454062404555,0.043285454062404555
87,50,1.4537732694801462,0,0,-0.12174037866609837,-0.12174037866609837
91,50,1.561190028110164,0,0,0.06657355222982173,0.06657355222982173
101,50,0.9364458298585092,0,0,-0.05357827439203691,-0.05357827439203691
135,50,0.997062904947127,0,0,-0.03672002319350515,-0.03672002319350515
152,50,1.5762421063461336,0,0,0.07942342998293359,0.07942342998293359
165,50,0.6284814360784108,0,0,0.03035509490401775,0.03035509490401775
174,50,0.6763776068284095,0,0,0.04072479602097237,0.04072479602097237
195,50,1.179186020122736,0,0,0.08481791196674718,0.08481791196674718
199,50,1.3091588287832951,0,0,-0.09597694915590205,-0.09597694915590205
204,50,0.7662634818013466,0,0,0.04886218258617567,0.04886218258617567
214,50,1.2948908959566614,0,0,0.004687482679233745,0.004687482679233745
220,50,1.5615518001611894,0,0,0.04505882594754526,0.04505882594754526
221,50,0.7565095803678958,0,0,-0.01682187597042417,-0.01682187597042417
241,50,0.5763238096788615,0,0,-0.02650592804038568,-0.02650592804038568
249,50,1.2942518318443708,0,0,-0.07979165579195091,-0.07979165579195091
253,50,0.7511386482667244,0,0,0.034925991111355664,0.034925991111355664
254,50,0.8821000495512725,0,0,0.055215403071414176,0.055215403071414176
260,50,1.4671970433257264,0,0,0.0027920635645822534,0.0027920635645822534
262,50,0.48721928516280133,0,0,0.011620406956786844,0.011620406956786844
271,50,0.7472957506916864,0,0,-0.030978329353496176,-0.030978329353496176
272,50,0.9845542532629419,0,0,0.05926420027706561,0.05926420027706561
278,50,1.1638240220683365,0,0,0.026421197466368423,0.026421197466368423
279,50,0.8262065676831443,0,0,-0.04126538076903416,-0.04126538076903416
307,50,1.1646846868406204,0,0,-0.04181626374118319,-0.04181626374118319
317,50,0.029790124740566158,0,0,0.0020688950034770948,0.0020688950034770948
318,50,0.7403080797350651,0,0,-0.033930065879270305,-0.033930065879270305
330,50,1.470840125405158,0,0,-0.004672236112398559,-0.004672236112398559
338,50,0.5910338255990522,0,0,0.0361236037493817,0.0361236037493817
363,50,1.1810243049193925,1,1,0.08270608489941089,-0.9172939151005891
369,50,0.9205078111634952,0,0,0.03927031652061855,0.03927031652061855
372,50,0.846063399101135,0,0,-0.024198921589049738,-0.024198921589049738
379,50,0.7658825296513002,0,0,-0.03128058587549218,-0.03128058587549218
380,50,1.0149072330690885,0,0,-0.053707109314386464,-0.053707109314386464
383,50,0.6309086440480555,0,0,-0.010006103099655772,-0.010006103099655772
386,50,1.047090589413539,0,0,-0.05855878978701143,-0.05855878978701143
389,50,0.4675323885906371,0,0,-0.012255471415252711,-0.012255471415252711
391,50,1.441726400954061,0,0,-0.06185655837770718,-0.06185655837770718
393,50,0.2856506351191745,0,0,0.011424099937784676,0.011424099937784676
57,51,1.0689182487841307,0,0,0.03129978305965958,0.03129978305965958
60,51,1.2659196605968814,0,0,-0.11951021051258759,-0.11951021051258759
62,51,1.095518822658746,0,0,0.04451812757185136,0.04451812757185136
71,51,0.7207890087594455,0,0,-0.002934084051525343,-0.002934084051525343
86,51,1.4879156074150008,0,0,0.058139824687399366,0.058139824687399366
95,51,1.4503597054781356,0,0,-0.0788482138272425,-0.0788482138272425
96,51,1.2053888953777965,0,0,0.011715504777989272,0.011715504777989272
100,51,0.9625142717057835,0,0,-0.009703493426116427,-0.009703493426116427
121,51,1.4901659733984212,0,0,0.020540826597988282,0.020540826597988282
130,51,1.3853528597097602,0,0,-0.007113444651423884,-0.007113444651423884
144,51,0.05180997045454288,0,0,-3.885780586188048e-16,-3.885780586188048e-16
146,51,1.0365326887531354,0,0,0.03131424394615978,0.03131424394615978
148,51,1.4984511745646676,0,0,0.060820673180492835,0.060820673180492835
149,51,1.1686282760787043,0,0,-0.03749401914171813,-0.03749401914171813
153,51,0.6924212606488885,0,0,0.004314627143857941,0.004314627143857941
156,51,1.2870379592900287,0,0,0.06238230863779637,0.06238230863779637
159,51,1.222681444086177,0,0,0.05058270445561569,0.05058270445561569
168,51,0.37884972351234925,0,0,0.013577397325887974,0.013577397325887974
170,51,1.5235169072472106,0,0,0.017157819298937227,0.017157819298937227
206,51,1.353794714427767,0,0,-0.05856247702254447,-0.05856247702254447
226,51,1.4329485729452482,0,0,-0.03426656117946314,-0.03426656117946314
230,51,0.8857222769125532,0,0,0.038802578759617734,0.038802578759617734
269,51,0.6135006811358333,0,0,0.02233934979302682,0.02233934979302682
281,51,1.2994606494540477,0,0,0.05257366597183921,0.05257366597183921
283,51,0.902678081661586,0,0,0.03880257875961768,0.03880257875961768
284,51,0.698550257091931,0,0,0.01096108595528067,0.01096108595528067
285,51,1.078069025364243,0,0,0.013764620854960219,0.013764620854960219
315,51,1.2240844224542549,0,0,-0.02335893872898359,-0.02335893872898359
329,51,1.3211493471574727,0,0,0.05753789011424659,0.05753789011424659
336,51,1.2647653058245718,0,0,-0.09681044129658278,-0.09681044129658278
362,51,0.6276703423916012,0,0,0.01393228197746238,0.01393228197746238
366,51,0.9347730750884455,0,0,0.04497694420148596,0.04497694420148596
381,51,1.447933182751049,0,0,-0.11736994822163538,-0.11736994822163538
394,51,0.4457831668750305,0,0,-0.018428869053464247,-0.018428869053464247
65,52,1.290574302432971,0,0,-0.04903268530252941,-0.04903268530252941
114,52,1.5173910074554198,0,0,0.05950722528480076,0.05950722528480076
139,52,1.5964562762238423,0,0,-0.02538819235266937,-0.02538819235266937
141,52,1.3827911513271518,0,0,-0.009294537644374712,-0.009294537644374712
160,52,0.6505233953128157,0,0,-0.03531267048678216,-0.03531267048678216
169,52,0.6424688066373735,0,0,0.021451976989064064,0.021451976989064064
173,52,1.4582800685192374,0,0,-0.07106082982134637,-0.07106082982134637
180,52,0.8688380407173605,0,0,-0.008899077501519748,-0.008899077501519748
183,52,1.2182483643257884,0,0,-0.07604659908707545,-0.07604659908707545
190,52,0.5019231501758172,0,0,-0.014328632653070328,-0.014328632653070328
196,52,0.44593457346857723,0,0,0.023559160122923695,0.023559160122923695
198,52,1.2378436412849765,0,0,0.047135849368557525,0.047135849368557525
210,52,1.1579996496864875,0,0,0.046825425877726395,0.046825425877726395
213,52,0.8553347347263478,0,0,-0.04474298778347002,-0.04474298778347002
217,52,1.2220275890799424,0,0,0.006501745637849554,0.006501745637849554
227,52,0.42785185125160274,0,0,0.02275345052034225,0.02275345052034225
231,52,1.215556124029373,0,0,0.012716468757022148,0.012716468757022148
242,52,1.1612473841095823,0,0,0.04070047066197219,0.04070047066197219
259,52,0.3597363579933492,0,0,0.017494129133729774,0.017494129133729774
265,52,1.4241113172221005,0,0,0.05047951046113608,0.05047951046113608
273,52,1.3410787996841116,0,0,0.05514605460537364,0.05514605460537364
316,52,1.3870454769010254,0,0,0.042601544577349076,0.042601544577349076
331,52,0.740980315536362,0,0,0.010007859164052502,0.010007859164052502
343,52,1.1376594211188669,0,0,0.03724609544856897,0.03724609544856897
351,52,1.527335808544687,0,0,-0.10067461001206096,-0.10067461001206096
356,52,0.6239698755617746,0,0,-0.002944389271036907,-0.002944389271036907
360,52,1.352065792733536,0,0,0.051148138392762416,0.051148138392762416
361,52,0.6604729530399851,0,0,-0.03338944568477903,-0.03338944568477903
368,52,0.5838796157133578,0,0,0.01701079546512202,0.01701079546512202
378,52,0.8737930553104335,0,0,0.03686083090870368,0.03686083090870368
398,52,1.4452484261318157,0,0,-0.09128928519559015,-0.09128928519559015
56,53,1.4514912269994578,46,-1,-0.2233969420362878,0.7766030579637122
67,53,1.2006460242851509,46,-1,-0.0057724629880531175,0.9942275370119469
72,53,1.312529764422392,0,0,0.2231522264936474,0.2231522264936474
74,53,1.0016099148094637,46,-1,-0.09861145983221575,0.9013885401677842
78,53,0.37089076471292903,0,0,0.036851862999830676,0.036851862999830676
80,53,0.5801095205452218,0,0,0.10751142541325043,0.10751142541325043
89,53,1.5007501167844093,46,-1,-0.24292686340492842,0.7570731365950716
101,53,1.4980685035985815,46,-1,-0.05081387905391954,0.9491861209460805
102,53,0.6843566115967544,46,-1,-0.026995221902635924,0.9730047780973641
111,53,1.004667265591565,0,0,0.20148825406715376,0.20148825406715376
116,53,0.49594277824818006,46,-1,-0.06719513695048396,0.932804863049516
125,53,1.2512617760470022,0,0,0.2620198659415862,0.2620198659415862
128,53,1.0421327158861482,46,-1,-0.0206937238060938,0.9793062761939062
129,53,1.3294391250877915,46,-1,-0.18382323391106548,0.8161767660889345
136,53,1.254725937401575,0,0,0.27499642192190077,0.27499642192190077
157,53,1.3335529401967663,0,0,0.13363918720468182,0.13363918720468182
163,53,1.5565916117112073,0,0,0.359395691193485,0.359395691193485
164,53,1.5642684313199091,46,-1,-0.1704215592499756,0.8295784407500244
172,53,1.5170556328366493,0,0,0.19627976434657957,0.19627976434657957
178,53,1.1607285584225238,46,-1,-0.14628538560152138,0.8537146143984786
179,53,1.5366303896797047,46,-1,-0.24206925592902273,0.7579307440709773
186,53,1.369377632353798,46,-1,-0.11709822837309103,0.882901771626909
187,53,1.2625883214886489,0,0,0.18868121000098403,0.18868121000098403
189,53,0.8849566545681657,46,-1,-0.0482891082602771,0.9517108917397229
195,53,1.404264891526628,46,-1,0.08758230730486449,1.0875823073048645
200,53,1.1727083202091022,46,-1,-0.18535611058000656,0.8146438894199934
214,53,0.8873626874724089,46,-1,0.007451878017351143,1.0074518780173511
221,53,1.3080047674714719,46,-1,-0.014057480632306829,0.9859425193676932
223,53,1.2656806018980449,0,0,0.16977042767046358,0.16977042767046358
224,53,0.6077692038250693,46,-1,-0.10673475362742146,0.8932652463725785
225,53,0.9224702091145903,0,0,0.16849433801919966,0.16849433801919966
233,53,1.4782702071408493,0,0,0.3373598246551088,0.3373598246551088
236,53,0.8024421532482912,0,0,0.13923109088883623,0.13923109088883623
249,53,1.2403788287882787,46,-1,-0.07702726045383357,0.9229727395461664
252,53,1.5715908829061662,46,-1,-0.2464929315851484,0.7535070684148516
253,53,1.4754589946814831,46,-1,0.03769038644947309,1.037690386449473
257,53,0.6671866351201279,46,-1,-0.11201137781101145,0.8879886221889886
264,53,1.1937805971547668,0,0,0.20935895405274196,0.20935895405274196
266,53,0.9766792832781707,0,0,0.12875214650284517,0.12875214650284517
272,53,1.5474407326299053,46,-1,0.062028595615182924,1.062028595615183
275,53,1.4620178492935263,46,-1,-0.20690185577690579,0.7930981442230942
278,53,1.0239405166524629,46,-1,0.029185592804485738,1.0291855928044857
279,53,1.5712600276492361,46,-1,-0.038500985430916845,0.9614990145690832
293,53,0.8931105717351064,0,0,0.04859293770386963,0.04859293770386963
305,53,1.206987417100401,46,-1,-0.1492766235610219,0.8507233764389781
321,53,0.7155366859869862,46,-1,-0.127479213743103,0.872520786256897
323,53,1.4714629692342904,0,0,0.23129714887629338,0.23129714887629338
324,53,0.5783197299807062,0,0,0.10159497352006752,0.10159497352006752
325,53,0.5610861249871079,0,0,0.10688892100196101,0.10688892100196101
328,53,0.9278149732595156,46,-1,-0.12732472841337872,0.8726752715866213
334,53,1.3935262242265087,46,-1,-0.22150993409322473,0.7784900659067753
342,53,1.3875883012299008,0,0,0.19626700977928258,0.19626700977928258
347,53,1.5927502296501732,46,-1,-0.029383527859412784,0.9706164721405872
354,53,0.8417912775614567,46,-1,-0.13370545853945426,0.8662945414605457
359,53,0.7551664591413195,46,-1,-0.09268593226213795,0.907314067737862
369,53,1.4667971173035446,46,-1,0.04203471185873586,1.0420347118587359
372,53,1.4149540153310998,46,-1,-0.02143452625093234,0.9785654737490677
373,53,0.6250750435289252,46,-1,-0.12078670175137296,0.879213298248627
384,53,1.3948923131775508,46,-1,-0.22518579490195112,0.7748142050980489
386,53,1.3828536846372084,46,-1,-0.055794394448894113,0.9442056055511059
389,53,1.5534798517095834,46,-1,-0.009491076077135396,0.9905089239228646
390,53,1.5425748484685258,46,-1,-0.2400889923331675,0.7599110076668325
55,54,1.5949760543888165,0,0,0.11030506855602742,0.11030506855602742
70,54,0.6952318031523129,0,0,0.03833001214048656,0.03833001214048656
82,54,1.1564738071961636,0,0,0.07349735389478221,0.07349735389478221
83,54,1.561728267721313,0,0,-0.007356576672042342,-0.007356576672042342
113,54,1.192998098954153,0,0,0.08366497482753392,0.08366497482753392
118,54,1.3246139235219836,0,0,0.07243877971658821,0.07243877971658821
120,54,0.7576191792365576,0,0,0.05347397663594684,0.05347397663594684
140,54,1.3876969159048478,0,0,-0.015051057366346987,-0.015051057366346987
143,54,1.4143916624816677,0,0,-0.0388213537245011,-0.0388213537245011
145,54,0.872419399876142,0,0,0.020246948537869736,0.020246948537869736
151,54,1.2423351098854405,0,0,0.04985743427390217,0.04985743427390217
154,54,1.5924598149919498,0,0,-0.07083286841997816,-0.07083286841997816
167,54,1.2556567694082434,0,0,-0.11235905518782097,-0.11235905518782097
193,54,1.2566101051343554,0,0,0.018812268600502752,0.018812268600502752
194,54,1.3248774917348076,0,0,-0.012385455593578565,-0.012385455593578565
197,54,1.1551495226675272,0,0,-0.06390694224539362,-0.06390694224539362
205,54,1.390284224887646,0,0,-0.015632859531542614,-0.015632859531542614
208,54,1.4387077663087369,0,0,-0.0389989972043055,-0.0389989972043055
219,54,1.4669750467538551,0,0,0.02305116745799296,0.02305116745799296
232,54,0.6120077878323652,0,0,-0.04149148991489773,-0.04149148991489773
238,54,1.50988117315069,0,0,0.09367628777589881,0.09367628777589881
248,54,0.9667125594811854,0,0,0.03131303788275508,0.03131303788275508
255,54,0.8477397721422341,0,0,-0.07550345857779281,-0.07550345857779281
258,54,0.6624719775525292,0,0,-0.04479017774231528,-0.04479017774231528
265,54,1.5412641309882684,0,0,-0.044626482983448845,-0.044626482983448845
268,54,1.1168995500936474,0,0,-0.07298695526821869,-0.07298695526821869
277,54,0.4669927243319102,0,0,0.01971666870709332,0.01971666870709332
282,54,1.1963088154789865,0,0,-0.0013130363317709337,-0.0013130363317709337
287,54,0.35986338923084055,0,0,0.017782514215456152,0.017782514215456152
296,54,1.4235498223099723,0,0,-0.032943225923559166,-0.032943225923559166
298,54,1.3318643814278832,0,0,0.026957914587724174,0.026957914587724174
306,54,1.4012601307155643,0,0,-0.12405002349957256,-0.12405002349957256
316,54,1.474592015172547,0,0,-0.05250444886723585,-0.05250444886723585
327,54,0.6817345183428399,0,0,-0.03932181085484149,-0.03932181085484149
332,54,0.556415161057003,0,0,0.02844640764363343,0.02844640764363343
340,54,1.2472768031033314,0,0,-0.09429263262414428,-0.09429263262414428
348,54,0.9945223419740101,0,0,-0.021627467539030942,-0.021627467539030942
353,54,1.5137207904578578,0,0,0.03906317855794578,0.03906317855794578
355,54,1.2362753118094265,0,0,0.01318576202003155,0.01318576202003155
357,54,1.5207835264055498,0,0,0.07555267012184459,0.07555267012184459
358,54,1.1710548338410909,0,0,0.047599498280258404,0.047599498280258404
360,54,1.5738768203992997,0,0,-0.04395785505182251,-0.04395785505182251
388,54,1.3908851110734488,0,0,0.016223549236794532,0.016223549236794532
392,54,1.0935462830816787,0,0,-0.061739481443190525,-0.061739481443190525
397,54,1.1434063946095376,0,0,-0.0799705477891022,-0.0799705477891022
56,55,1.2979504244477988,0,0,0.05864708886760315,0.05864708886760315
59,55,1.0691743919491672,0,0,-0.0002364311494107152,-0.0002364311494107152
66,55,1.1215610328422378,0,0,0.052914500362567146,0.052914500362567146
70,55,0.9468704525184184,0,0,-0.07197505641554086,-0.07197505641554086
74,55,1.2190714907235027,0,0,0.1834325710716752,0.1834325710716752
82,55,1.4218182115328952,0,0,-0.03680771466124522,-0.03680771466124522
87,55,1.350055556687257,0,0,0.16306804757590992,0.16306804757590992
89,55,0.5332044975911012,0,0,0.03911716749896248,0.03911716749896248
97,55,1.153100033331253,0,0,0.012286687750067062,0.012286687750067062
106,55,0.6136917102647301,0,0,0.0024859439133796055,0.0024859439133796055
113,55,0.583200837133728,0,0,-0.026640093728493505,-0.026640093728493505
118,55,0.571520884831956,0,0,-0.03786628883943921,-0.03786628883943921
120,55,0.8430788829760681,0,0,-0.05683109192008058,-0.05683109192008058
122,55,1.327858324820251,0,0,-0.033196263567114456,-0.033196263567114456
127,55,0.7640825667448432,0,0,0.04077976974449894,0.04077976974449894
129,55,1.5773411847688454,0,0,0.09822079699282547,0.09822079699282547
138,55,1.3764370339857652,0,0,0.01587558100371704,0.01587558100371704
142,55,0.6993101581924874,0,0,0.01303462905172556,0.01303462905172556
143,55,1.536752548551414,0,0,-0.14912642228052853,-0.14912642228052853
151,55,0.7750415472551395,0,0,-0.060447634282125254,-0.060447634282125254
162,55,1.1498333392702267,0,0,-0.007631862016136873,-0.007631862016136873
164,55,0.8648932380614093,0,0,0.11162247165391528,0.11162247165391528
176,55,1.5750301830306852,0,0,0.030788009376918786,0.030788009376918786
177,55,1.1203279954310872,0,0,0.059302367290731975,0.059302367290731975
179,55,0.6916797075820927,0,0,0.039974774974868225,0.039974774974868225
192,55,1.4966920829717416,0,0,0.05156018924780961,0.05156018924780961
193,55,1.0503621285061335,0,0,-0.09149279995552467,-0.09149279995552467
194,55,1.3302909642621803,0,0,-0.12269052414960599,-0.12269052414960599
197,55,1.5798542329320764,0,0,-0.17421201080142104,-0.17421201080142104
200,55,0.976724360411266,0,0,0.09668792032388433,0.09668792032388433
201,55,1.4628515254597843,0,0,0.031044038247491072,0.031044038247491072
202,55,1.4878255891605685,0,0,0.014087627928735323,0.014087627928735323
205,55,1.511244222779581,0,0,-0.12593792808757004,-0.12593792808757004
211,55,0.6365517925730517,0,0,0.028966101742447493,0.028966101742447493
215,55,1.5162433256223877,0,0,0.06114495004391331,0.06114495004391331
219,55,1.3756385189057647,0,0,-0.08725390109803446,-0.08725390109803446
224,55,1.5568458194764239,0,0,0.17530927727646944,0.17530927727646944
232,55,1.5998046139033204,0,0,-0.15179655847092516,-0.15179655847092516
238,55,0.48539492126947004,0,0,-0.01662878078012861,-0.01662878078012861
249,55,1.398249697733254,0,0,0.2050167704500574,0.2050167704500574
252,55,1.0376216975836159,0,0,0.03555109931874257,0.03555109931874257
256,55,0.4952714876088688,0,0,0.019666238494401682,0.019666238494401682
268,55,1.5334012154627337,0,0,-0.18329202382424611,-0.18329202382424611
275,55,0.6309397005208914,0,0,0.0751421751269851,0.0751421751269851
277,55,1.1391483642313711,0,0,-0.0905883998489341,-0.0905883998489341
282,55,1.187274158211251,0,0,-0.11161810488779836,-0.11161810488779836
286,55,0.544960478427258,0,0,0.066875585212124,0.066875585212124
287,55,1.411536303173622,0,0,-0.09252255434057127,-0.09252255434057127
292,55,1.5053634326035314,0,0,-0.006944957209683425,-0.006944957209683425
298,55,1.147367037556003,0,0,-0.08334715396830325,-0.08334715396830325
302,55,0.258250640786561,0,0,0.027996458058395946,0.027996458058395946
303,55,1.5252892550957253,0,0,0.000891340816514534,0.000891340816514534
305,55,1.0135947381553834,0,0,0.13276740734286901,0.13276740734286901
314,55,1.2400461071382018,0,0,0.112162551906314,0.112162551906314
321,55,1.5608954134138833,0,0,0.15456481716078796,0.15456481716078796
322,55,1.0890340039363542,0,0,0.022795346922473474,0.022795346922473474
332,55,1.353345837602271,0,0,-0.081858660912394,-0.081858660912394
334,55,0.7986854158533857,0,0,0.06053409681066621,0.06053409681066621
335,55,0.2816418535169612,0,0,0.03377787707744625,0.03377787707744625
353,55,1.179011779990451,0,0,-0.07124188999808165,-0.07124188999808165
354,55,1.2143100195600656,0,0,0.14833857236443665,0.14833857236443665
357,55,1.5358948076845753,0,0,-0.03475239843418283,-0.03475239843418283
358,55,0.7579819730764066,0,0,-0.06270557027576902,-0.06270557027576902
359,55,1.377306391736544,0,0,0.189358098641753,0.189358098641753
370,55,1.0747395805497757,0,0,-0.0008991395902584465,-0.0008991395902584465
373,55,1.5264444326745605,0,0,0.16125732915251795,0.16125732915251795
374,55,1.4048967042294511,0,0,-0.028200115028623768,-0.028200115028623768
384,55,0.6835834841674688,0,0,0.0568582360019398,0.0568582360019398
385,55,0.5108636304085749,0,0,0.006722972285681535,0.006722972285681535
388,55,1.2076345082275604,0,0,-0.09408151931923289,-0.09408151931923289
390,55,0.9737056473778739,0,0,0.041955038570723406,0.041955038570723406
392,55,1.4362604844273794,0,0,-0.17204454999921795,-0.17204454999921795
397,55,1.5676979970636014,0,0,-0.19027561634512963,-0.19027561634512963
59,56,0.7149462746830223,0,0,-0.058883520017013864,-0.058883520017013864
74,56,1.2855495931986676,0,0,0.12478548220407207,0.12478548220407207
77,56,1.4121413124714262,0,0,0.09336363300795196,0.09336363300795196
89,56,0.8326570546202048,0,0,-0.019529921368640676,-0.019529921368640676
97,56,0.5606818735160517,0,0,-0.04636040111753609,-0.04636040111753609
102,56,1.4934203608844814,0,0,0.1964017201336518,0.1964017201336518
106,56,0.8070281815792335,0,0,-0.056161144954223544,-0.056161144954223544
116,56,1.2257931091570458,0,0,0.15620180508580378,0.15620180508580378
118,56,1.297785346511627,0,0,-0.09651337770704235,-0.09651337770704235
122,56,1.0627934927000746,0,0,-0.0918433524347176,-0.0918433524347176
129,56,0.4682894686178906,0,0,0.039573708125222325,0.039573708125222325
151,56,1.3958582169967708,0,0,-0.1190947231497284,-0.1190947231497284
162,56,0.7799838831014125,0,0,-0.06627895088374001,-0.06627895088374001
164,56,1.332122924091291,0,0,0.05297538278631214,0.05297538278631214
176,56,0.7741806861794277,0,0,-0.027859079490684363,-0.027859079490684363
178,56,0.8541726310196114,0,0,0.07711155643476644,0.07711155643476644
179,56,0.6112607657369373,0,0,-0.018672313892734924,-0.018672313892734924
186,56,1.1957016427785137,0,0,0.10629871366319674,0.10629871366319674
189,56,1.508637089579536,0,0,0.17510783377601072,0.17510783377601072
192,56,0.48042556143382864,0,0,-0.0070868996197935375,-0.0070868996197935375
193,56,1.5146790208406509,0,0,-0.15013988882312782,-0.15013988882312782
200,56,0.6794267983147991,0,0,0.038040831456281184,0.038040831456281184
202,56,0.7697957821150182,0,0,-0.044559460938867826,-0.044559460938867826
211,56,0.6645836796524617,0,0,-0.029680987125155656,-0.029680987125155656
215,56,0.4469747866121807,0,0,0.0024978611763101584,0.0024978611763101584
219,56,1.551444196803169,0,0,-0.1459009899656376,-0.1459009899656376
224,56,1.0206782993773316,0,0,0.1166621884088663,0.1166621884088663
238,56,1.122710855040668,0,0,-0.07527586964773175,-0.07527586964773175
240,56,1.4838025869714095,0,0,-0.09996688665755253,-0.09996688665755253
243,56,0.9620677645297315,0,0,-0.04230802416223852,-0.04230802416223852
252,56,0.3248076392458776,0,0,-0.02309598954886058,-0.02309598954886058
257,56,0.9020467065068056,0,0,0.1113855642252764,0.1113855642252764
270,56,1.0563862505715627,0,0,-0.03594804181220899,-0.03594804181220899
275,56,1.0624912641558508,0,0,0.016495086259381946,0.016495086259381946
286,56,1.2418966615091227,0,0,0.008228496344520846,0.008228496344520846
297,56,1.013025750846815,0,0,-0.023687658671581614,-0.023687658671581614
298,56,1.487652579407812,0,0,-0.1419942428359064,-0.1419942428359064
302,56,1.238132809117054,0,0,-0.030650630809207203,-0.030650630809207203
303,56,1.0457167682040764,0,0,-0.057755748051088615,-0.057755748051088615
305,56,1.171474578811362,0,0,0.07412031847526589,0.07412031847526589
321,56,0.8386626487319826,0,0,0.09591772829318482,0.09591772829318482
322,56,0.5241445421049359,0,0,-0.035851741945129675,-0.035851741945129675
328,56,0.898968909019325,0,0,0.0960722136229091,0.0960722136229091
333,56,1.5588446358618584,0,0,-0.03156648627632018,-0.03156648627632018
334,56,0.5861348618460924,0,0,0.0018870079430630643,0.0018870079430630643
335,56,1.1271488896085984,0,0,-0.0248692117901569,-0.0248692117901569
346,56,1.136783122466782,0,0,0.03556207416186389,0.03556207416186389
350,56,1.0815546488827752,0,0,0.0035542430083849177,0.0035542430083849177
353,56,1.3419770372093298,0,0,-0.1298889788656848,-0.1298889788656848
354,56,0.9277642938934479,0,0,0.08969148349683352,0.08969148349683352
358,56,1.4667079514754948,0,0,-0.12135265914337216,-0.12135265914337216
359,56,1.1520319096625864,0,0,0.13071100977414984,0.13071100977414984
364,56,0.772275102742476,0,0,0.0065714564616330745,0.0065714564616330745
370,56,0.7417816902867878,0,0,-0.059546228457861596,-0.059546228457861596
373,56,0.8527998110214036,0,0,0.10261024028491479,0.10261024028491479
374,56,1.2034686751938513,0,0,-0.08684720389622691,-0.08684720389622691
375,56,1.161810378208125,0,0,-0.02717474275232701,-0.02717474275232701
384,56,0.717383949590166,0,0,-0.001788852865663344,-0.001788852865663344
385,56,0.8765543102353837,0,0,-0.051924116581921614,-0.051924116581921614
388,56,1.4914240978712943,0,0,-0.15272860818683603,-0.15272860818683603
390,56,0.33305513874862,0,0,-0.016692050296879743,-0.016692050296879743
399,56,0.6344326769701785,0,0,-0.007153406458262999,-0.007153406458262999
60,57,1.332371629487729,0,0,-0.15080999357224717,-0.15080999357224717
62,57,1.3214490456818395,0,0,0.013218344512191782,0.013218344512191782
71,57,0.4912350091117818,0,0,-0.034233867111184924,-0.034233867111184924
86,57,0.5554992327101935,0,0,0.026840041627739786,0.026840041627739786
94,57,1.2981164410080948,0,0,0.10960678497607418,0.10960678497607418
100,57,0.47716634126228885,0,0,-0.04100327648577601,-0.04100327648577601
108,57,1.1448486158310764,0,0,-0.14264510803350877,-0.14264510803350877
109,57,1.3095693444277752,0,0,0.07739589847934447,0.07739589847934447
121,57,0.6999183885688489,0,0,-0.010758956461671298,-0.010758956461671298
125,57,1.4242863641619306,0,0,-0.07171323083499775,-0.07171323083499775
144,57,1.0235967543113775,0,0,-0.03129978305965997,-0.03129978305965997
146,57,0.09887285466172163,0,0,1.4460886500200498e-5,1.4460886500200498e-5
148,57,0.5718062723345564,0,0,0.029520890120833254,0.029520890120833254
153,57,0.451956725327644,0,0,-0.02698515591580164,-0.02698515591580164
156,57,0.5806757587000827,0,0,0.031082525578136788,0.031082525578136788
159,57,0.5564874862164726,0,0,0.01928292139595611,0.01928292139595611
163,57,1.3479321066023289,0,0,0.025662594416901052,0.025662594416901052
168,57,0.7963499286697029,0,0,-0.017722385733771606,-0.017722385733771606
175,57,1.5518504064765346,0,0,-0.18891427868891203,-0.18891427868891203
187,57,1.3217392809895208,0,0,-0.14505188677559994,-0.14505188677559994
203,57,1.2338219206717902,0,0,0.07820715895048719,0.07820715895048719
206,57,0.6879561353796063,0,0,-0.08986226008220405,-0.08986226008220405
209,57,0.7988618558839264,0,0,0.05181615759671154,0.05181615759671154
212,57,1.3714442480214937,0,0,0.11863112838436685,0.11863112838436685
222,57,1.106597622391158,0,0,0.06770865087445732,0.06770865087445732
230,57,1.1980432612228746,0,0,0.0075027956999581535,0.0075027956999581535
233,57,1.4663588367466713,0,0,0.0036267278785248047,0.0036267278785248047
235,57,1.5353224868224873,0,0,0.11035076618512657,0.11035076618512657
239,57,0.9532222625444857,0,0,0.0263960632868393,0.0263960632868393
247,57,1.489297852640788,0,0,0.07071537837470204,0.07071537837470204
269,57,1.066500628356381,0,0,-0.008960433266632761,-0.008960433266632761
274,57,1.0393279345035533,0,0,0.06576871013934527,0.06576871013934527
281,57,0.4258321021537618,0,0,0.02127388291217963,0.02127388291217963
283,57,1.2279286341343394,0,0,0.007502795699958098,0.007502795699958098
284,57,1.5781244717887255,0,0,-0.02033869710437891,-0.02033869710437891
288,57,1.5611057082413344,0,0,0.12560727638161823,0.12560727638161823
308,57,0.850506285180889,0,0,0.05516357711923836,0.05516357711923836
313,57,1.320434111519882,0,0,0.06578880526740483,0.06578880526740483
315,57,0.5811702291165427,0,0,-0.05465872178864317,-0.05465872178864317
329,57,0.79519272436415,0,0,0.026238107054587012,0.026238107054587012
336,57,0.9686258569967976,0,0,-0.12811022435624236,-0.12811022435624236
344,57,1.5706278030032084,0,0,0.13871125306623933,0.13871125306623933
362,57,1.4704476869465777,0,0,-0.0173675010821972,-0.0173675010821972
366,57,0.7465166728660558,0,0,0.013677161141826377,0.013677161141826377
371,57,1.3510042650878413,0,0,0.11598200214296517,0.11598200214296517
376,57,1.387322808182912,0,0,0.11654829970677472,0.11654829970677472
381,57,1.0652105465473338,0,0,-0.14866973128129496,-0.14866973128129496
394,57,1.4433681641682896,0,0,-0.04972865211312383,-0.04972865211312383
64,58,1.1190817430306172,0,0,-0.014292484727002674,-0.014292484727002674
74,58,1.3440382800038237,0,0,-0.07009526929484092,-0.07009526929484092
75,58,0.48752006769809897,0,0,0.00606748343287028,0.00606748343287028
84,58,1.5192311249149546,0,0,0.05079281246226741,0.05079281246226741
87,58,0.9952163396364233,0,0,-0.09045979279060619,-0.09045979279060619
93,58,1.260837295667255,0,0,-0.050942195483418884,-0.050942195483418884
101,58,0.7005403294998861,0,0,-0.022297688516544734,-0.022297688516544734
123,58,1.5559786847043502,0,0,0.0031144085698817103,0.0031144085698817103
135,58,0.46491489271303665,0,0,-0.0054394373180129685,-0.0054394373180129685
164,58,1.478119812663711,0,0,-0.14190536871260084,-0.14190536871260084
165,58,1.1781869980533997,0,0,0.06163568077950993,0.06163568077950993
174,58,1.2637566369428024,0,0,0.07200538189646455,0.07200538189646455
199,58,0.7575156596555921,0,0,-0.06469636328040987,-0.06469636328040987
204,58,1.3724275114118578,0,0,0.08014276846166785,0.08014276846166785
214,58,1.3782472663928595,0,0,0.035968068554725924,0.035968068554725924
221,58,0.8430908970342201,0,0,0.014458709905068007,0.014458709905068007
241,58,0.17907657889066217,0,0,0.0047746578351064994,0.0047746578351064994
249,58,1.0360186878083386,0,0,-0.04851106991645873,-0.04851106991645873
251,58,1.5411724386142305,0,0,-0.020649863863810708,-0.020649863863810708
253,58,1.266513935830017,0,0,0.06620657698684784,0.06620657698684784
254,58,1.4373038645332472,0,0,0.08649598894690635,0.08649598894690635
262,58,1.0390747951279007,0,0,0.04290099283227902,0.04290099283227902
271,58,0.07034885343879442,0,0,0.0003022565219960027,0.0003022565219960027
272,58,1.470835985027419,0,0,0.09054478615255779,0.09054478615255779
278,58,1.3537101973845975,0,0,0.0577017833418606,0.0577017833418606
279,58,0.6242380106017063,0,0,-0.009984794893541982,-0.009984794893541982
305,58,1.4374907836286899,0,0,-0.1207604330236471,-0.1207604330236471
307,58,0.6348015923932142,0,0,-0.010535677865691012,-0.010535677865691012
314,58,1.5162137016911275,0,0,-0.14136528846020213,-0.14136528846020213
317,58,0.7194036522043644,0,0,0.03334948087896927,0.03334948087896927
318,58,0.19611698842033565,0,0,-0.0026494800037781263,-0.0026494800037781263
330,58,1.563012076539925,0,0,0.02660834976309362,0.02660834976309362
338,58,1.2419573354320228,0,0,0.06740418962487388,0.06740418962487388
359,58,1.4423064378471355,0,0,-0.06416974172476314,-0.06416974172476314
365,58,1.4856587767142453,0,0,-0.11260865704184513,-0.11260865704184513
369,58,1.3826257276617961,0,0,0.07055090239611073,0.07055090239611073
372,58,0.805061010757616,0,0,0.007081664286442441,0.007081664286442441
379,58,0.05071712345097269,0,0,0.0,0.0
380,58,0.31867813472547657,0,0,-0.022426523438894286,-0.022426523438894286
383,58,0.7624112468223279,0,0,0.021274482775836406,0.021274482775836406
386,58,0.7883722596224841,0,0,-0.02727820391151925,-0.02727820391151925
389,58,0.5626258958694841,0,0,0.019025114460239467,0.019025114460239467
391,58,0.8174372637523633,0,0,-0.030575972502215,-0.030575972502215
393,58,0.9864575584701982,0,0,0.042704685813276855,0.042704685813276855
70,59,1.3806491055869057,0,0,-0.07173862526613015,-0.07173862526613015
74,59,1.594541911409976,0,0,0.18366900222108593,0.18366900222108593
79,59,1.2856350537015842,0,0,-0.14540059711356287,-0.14540059711356287
89,59,0.801079012638912,0,0,0.03935359864837319,0.03935359864837319
92,59,1.4136995954139093,0,0,-0.13639713356101318,-0.13639713356101318
97,59,0.22619154190751575,0,0,0.012523118899477777,0.012523118899477777
105,59,1.3323473259074807,0,0,-0.09004914405565853,-0.09004914405565853
106,59,0.4740611801406338,0,0,0.0027223750627903207,0.0027223750627903207
107,59,1.209139065967542,0,0,-0.028299862239289333,-0.028299862239289333
113,59,1.343639738563389,0,0,-0.02640366257908279,-0.02640366257908279
115,59,1.3429844851346395,0,0,-0.13555020121011968,-0.13555020121011968
118,59,0.7919648150109044,0,0,-0.037629857690028495,-0.037629857690028495
120,59,1.4756950419680341,0,0,-0.056594660770669866,-0.056594660770669866
122,59,0.394811821041665,0,0,-0.03295983241770374,-0.03295983241770374
129,59,1.1814495352463033,0,0,0.09845722814223619,0.09845722814223619
131,59,1.4628588963453693,0,0,-0.12979721380901477,-0.12979721380901477
132,59,1.4397180810943289,0,0,-0.058844860656986714,-0.058844860656986714
134,59,1.5718911766876063,0,0,-0.14332763794939354,-0.14332763794939354
143,59,1.338725737212765,0,0,-0.1488899911311178,-0.1488899911311178
151,59,0.835538725507063,0,0,-0.06021120313271454,-0.06021120313271454
154,59,1.5546427054711593,0,0,-0.18090150582659487,-0.18090150582659487
162,59,0.2558627598307052,0,0,-0.007395430866726158,-0.007395430866726158
164,59,1.5427959459974696,0,0,0.111858902803326,0.111858902803326
176,59,0.9236753704839282,0,0,0.0310244405263295,0.0310244405263295
178,59,1.549271454369449,0,0,0.1359950764517803,0.1359950764517803
179,59,0.658848588912524,0,0,0.04021120612427894,0.04021120612427894
192,59,0.8453733471965704,0,0,0.05179662039722033,0.05179662039722033
193,59,0.9404385573219661,0,0,-0.09125636880611396,-0.09125636880611396
194,59,1.1054067703892587,0,0,-0.12245409300019527,-0.12245409300019527
200,59,1.0453757443311578,0,0,0.09692435147329505,0.09692435147329505
202,59,0.6960032753440435,0,0,0.014324059078146038,0.014324059078146038
205,59,1.195579293170774,0,0,-0.12570149693815932,-0.12570149693815932
211,59,0.6017959637897856,0,0,0.02920253289185821,0.02920253289185821
215,59,0.945933236451079,0,0,0.06138138119332402,0.06138138119332402
219,59,0.8871694720388414,0,0,-0.08701746994862375,-0.08701746994862375
224,59,1.5061481664592982,0,0,0.17554570842588016,0.17554570842588016
229,59,1.1695827456063836,0,0,-0.1026497190904157,-0.1026497190904157
238,59,0.6878103803329685,0,0,-0.016392349630717895,-0.016392349630717895
240,59,0.8710228853792046,0,0,-0.041083366640538674,-0.041083366640538674
243,59,0.8677746472493166,0,0,0.016575495854775343,0.016575495854775343
244,59,1.5374411325868513,0,0,-0.0169605497512038,-0.0169605497512038
246,59,1.3084802769166286,0,0,-0.11055266006102227,-0.11055266006102227
252,59,0.4365302405713268,0,0,0.035787530468153285,0.035787530468153285
256,59,1.494225430119116,0,0,0.019902669643812397,0.019902669643812397
257,59,1.44865357982268,0,0,0.17026908424229026,0.17026908424229026
270,59,1.0635099631443994,0,0,0.022935478204804877,0.022935478204804877
275,59,1.192858088113205,0,0,0.07537860627639581,0.07537860627639581
282,59,1.1002559977384159,0,0,-0.11138167373838764,-0.11138167373838764
286,59,1.3084710532818427,0,0,0.06711201636153472,0.06711201636153472
297,59,1.2642946916370716,0,0,0.03519586134543225,0.03519586134543225
298,59,0.8576109029018137,0,0,-0.08311072281889254,-0.08311072281889254
302,59,1.1564051467083636,0,0,0.02823288920780666,0.02823288920780666
303,59,0.7401009464946577,0,0,0.0011277719659252491,0.0011277719659252491
305,59,1.4594788733736974,0,0,0.13300383849227976,0.13300383849227976
312,59,1.5889688617203448,0,0,-0.02892214203780477,-0.02892214203780477
321,59,1.3806524930272754,0,0,0.15480124831019867,0.15480124831019867
322,59,0.32964979020550766,0,0,0.02303177807188419,0.02303177807188419
326,59,1.2852925280582324,0,0,-0.05711857132272104,-0.05711857132272104
328,59,1.5517011388439137,0,0,0.15495573363992296,0.15495573363992296
333,59,1.5919119762948954,0,0,0.027317033740693684,0.027317033740693684
334,59,0.8174851550368871,0,0,0.060770527960076925,0.060770527960076925
335,59,1.059608941733048,0,0,0.034014308226856964,0.034014308226856964
350,59,1.5743775527855979,0,0,0.06243776302539878,0.06243776302539878
353,59,0.6640114888982802,0,0,-0.07100545884867093,-0.07100545884867093
354,59,1.3036579183146613,0,0,0.1485750035138474,0.1485750035138474
358,59,0.9261817440367481,0,0,-0.062469139126358306,-0.062469139126358306
359,59,1.5438979758238864,0,0,0.1895945297911637,0.1895945297911637
364,59,1.3207734530060475,0,0,0.06545497647864694,0.06545497647864694
370,59,0.18493715981301645,0,0,-0.0006627084408477313,-0.0006627084408477313
373,59,1.3241814081648349,0,0,0.16149376030192863,0.16149376030192863
374,59,0.5653411736370545,0,0,-0.027963683879213053,-0.027963683879213053
375,59,1.354284781007193,0,0,0.03170877726468685,0.03170877726468685
384,59,0.8366315822542266,0,0,0.05709466715135052,0.05709466715135052
385,59,0.5946101948834572,0,0,0.00695940343509225,0.00695940343509225
388,59,0.8840055417499637,0,0,-0.09384508816982218,-0.09384508816982218
390,59,0.5348628230892842,0,0,0.04219146972013412,0.04219146972013412
395,59,1.540488731530697,0,0,-0.172978409176014,-0.172978409176014
399,59,0.9914355697908346,0,0,0.051730113558750866,0.051730113558750866
63,60,1.3061015058569827,46,-1,-0.07324933902781039,0.9267506609721896
68,60,1.5906740010060005,0,0,-0.03213202282851679,-0.03213202282851679
71,60,0.9472475682066253,0,0,0.11657612646106225,0.11657612646106225
91,60,1.5358374379348603,46,-1,-0.1135851556363977,0.8864148443636023
95,60,1.463229200779687,0,0,0.04066199668534509,0.04066199668534509
100,60,0.8556072404116343,0,0,0.10980671708647116,0.10980671708647116
108,60,0.9207124312742351,0,0,0.008164885538738398,0.008164885538738398
117,60,1.212590672476528,46,-1,-0.0768103367052766,0.9231896632947234
121,60,1.467174860969034,0,0,0.14005103711057587,0.14005103711057587
126,60,1.3364178745120445,0,0,0.0021396388612132666,0.0021396388612132666
144,60,1.2714683969375233,0,0,0.1195102105125872,0.1195102105125872
146,60,1.3637942739474327,0,0,0.15082445445874737,0.15082445445874737
150,60,1.3120144899335784,0,0,0.0059699204164596065,0.0059699204164596065
152,60,1.3270377930943398,46,-1,-0.10073527788328585,0.8992647221167142
153,60,1.1764618339133992,0,0,0.12382483765644553,0.12382483765644553
155,60,0.6928980159557002,46,-1,-0.053284142877076945,0.946715857122923
168,60,1.34445804135609,0,0,0.13308760783847556,0.13308760783847556
174,60,1.5588698247770945,46,-1,-0.139433911845247,0.860566088154753
175,60,0.5577825544392121,0,0,-0.03810428511666486,-0.03810428511666486
187,60,1.403737040297819,0,0,0.005758106796647233,0.005758106796647233
195,60,1.3410991480220325,46,-1,-0.09534079589947231,0.9046592041005277
204,60,1.4436391433996887,46,-1,-0.13129652528004376,0.8687034747199562
206,60,0.9121416441229804,0,0,0.06094773349004312,0.06094773349004312
253,60,1.5502589455108595,46,-1,-0.1452327167548637,0.8547672832451363
254,60,1.3844667231439935,46,-1,-0.1249433047948052,0.8750566952051948
272,60,1.3995117422079686,46,-1,-0.12089450758915388,0.8791054924108461
315,60,0.9779501049486028,0,0,0.096151271783604,0.096151271783604
336,60,0.47313344825278636,0,0,0.022699769216004806,0.022699769216004806
363,60,1.0502257645541766,0,0,-0.09745262296680857,-0.09745262296680857
369,60,1.4818600635654553,46,-1,-0.14088839134560094,0.8591116086543991
381,60,0.5681521112363302,0,0,0.0021402622909522107,0.0021402622909522107
394,60,1.3293545663387365,0,0,0.10108134145912334,0.10108134145912334
72,61,0.957334927732133,0,0,-0.03679969593651944,-0.03679969593651944
95,61,1.0016511113319235,0,0,-0.036366822540484955,-0.036366822540484955
96,61,1.010021230415499,0,0,0.05419689606474681,0.05419689606474681
98,61,1.1834562861819558,0,0,0.08300735498724804,0.08300735498724804
99,61,0.5823305943063816,0,0,0.034156164174594716,0.034156164174594716
103,61,0.9674154451437718,0,0,0.06351146830423854,0.06351146830423854
104,61,1.2751805825909115,0,0,0.08466075907194187,0.08466075907194187
111,61,1.3956196849125517,0,0,-0.05846366836301309,-0.05846366836301309
125,61,1.5303268948156799,0,0,0.002067943511419368,0.002067943511419368
126,61,1.364816517293421,0,0,-0.07488918036461678,-0.07488918036461678
130,61,0.6339616196170407,0,0,0.03536794663533366,0.03536794663533366
136,61,1.359386055975725,0,0,0.01504449949173392,0.01504449949173392
137,61,1.06041109034867,0,0,0.07063957130764376,0.07063957130764376
149,61,0.5936594503653618,0,0,0.004987372145039415,0.004987372145039415
150,61,1.194656173970911,0,0,-0.07105889880937044,-0.07105889880937044
157,61,1.3823390239942648,0,0,-0.12631273522548503,-0.12631273522548503
166,61,1.2000946911430068,0,0,-0.08966344130474635,-0.08966344130474635
170,61,0.9269776391668183,0,0,0.05963921058569477,0.05963921058569477
172,61,0.9365044491721946,0,0,-0.06367215808358728,-0.06367215808358728
184,61,1.2244687412979058,0,0,0.08115607671428166,0.08115607671428166
191,61,1.373631890648074,0,0,0.09748201107449228,0.09748201107449228
223,61,1.1447921887233246,0,0,-0.09018149475970327,-0.09018149475970327
226,61,0.3465614831322245,0,0,0.008214830107294402,0.008214830107294402
233,61,1.5758762304264116,0,0,0.07740790222494193,0.07740790222494193
236,61,1.4461307868958386,0,0,-0.12072083154133062,-0.12072083154133062
245,61,0.969005341729652,0,0,-0.06335449685142736,-0.06335449685142736
250,61,0.5642492084295958,0,0,0.004442005822891892,0.004442005822891892
264,61,1.068190205340133,0,0,-0.050592968377424885,-0.050592968377424885
266,61,1.4404472153397891,0,0,-0.13119977592732168,-0.13119977592732168
284,61,1.3331215162149164,0,0,0.05344247724203821,0.05344247724203821
285,61,1.1575276242181092,0,0,0.05624601214171776,0.05624601214171776
294,61,1.0782909395062439,0,0,-0.08169388567840874,-0.08169388567840874
295,61,0.6188354165146336,0,0,0.028469884551888758,0.028469884551888758
299,61,0.8607434343253738,0,0,-0.06655736754956432,-0.06655736754956432
319,61,0.8835299504595384,0,0,0.05976808415074358,0.05976808415074358
323,61,0.7866947726474502,0,0,-0.02865477355387347,-0.02865477355387347
342,61,1.0211130989592687,0,0,-0.06368491265088427,-0.06368491265088427
352,61,0.9266218410683901,0,0,0.024755618733832918,0.024755618733832918
362,61,1.5003455873284102,0,0,0.05641367326421992,0.05641367326421992
394,61,1.3456265120376703,0,0,0.024052522233293294,0.024052522233293294
71,62,1.389308511793445,0,0,-0.047452211623376706,-0.047452211623376706
86,62,1.5412385155301915,0,0,0.013621697115548004,0.013621697115548004
96,62,1.1854133769050434,0,0,-0.03280262279386209,-0.03280262279386209
100,62,1.5945564953692937,0,0,-0.05422162099796779,-0.05422162099796779
103,62,1.4375630589138375,0,0,-0.023488050554370365,-0.023488050554370365
104,62,1.397604000645366,0,0,-0.002338759786667033,-0.002338759786667033
109,62,1.4445872772221326,0,0,0.06417755396715269,0.06417755396715269
130,62,1.5020667955275355,0,0,-0.051631572223275246,-0.051631572223275246
137,62,1.5075037827021098,0,0,-0.016359947550965148,-0.016359947550965148
144,62,1.0649239121346026,0,0,-0.04451812757185175,-0.04451812757185175
146,62,1.2517241158568286,0,0,-0.013203883625691581,-0.013203883625691581
148,62,1.4456524065799872,0,0,0.016302545608641472,0.016302545608641472
153,62,1.2081026906071497,0,0,-0.04020350042799342,-0.04020350042799342
156,62,1.0051399564966903,0,0,0.017864181065945006,0.017864181065945006
159,62,0.9997552216208256,0,0,0.006064576883764328,0.006064576883764328
168,62,0.9652975916378227,0,0,-0.030940730245963388,-0.030940730245963388
170,62,1.3441517983589604,0,0,-0.027360308272914136,-0.027360308272914136
184,62,1.41677478996483,0,0,-0.005843442144327249,-0.005843442144327249
209,62,1.5479761662535043,0,0,0.03859781308451976,0.03859781308451976
222,62,1.3625666010993707,0,0,0.05449030636226554,0.05449030636226554
230,62,0.22762228005095894,0,0,-0.005715548812233628,-0.005715548812233628
269,62,0.4847681587183442,0,0,-0.022178777778824543,-0.022178777778824543
274,62,1.4011920449012472,0,0,0.052550365627153484,0.052550365627153484
280,62,1.2865914797945603,0,0,0.06430330742044948,0.06430330742044948
281,62,1.1988119725108286,0,0,0.00805553839998785,0.00805553839998785
283,62,0.2120253003275294,0,0,-0.005715548812233684,-0.005715548812233684
284,62,0.9742822851820486,0,0,-0.03355704161657069,-0.03355704161657069
285,62,0.9395327266059935,0,0,-0.030753506716891144,-0.030753506716891144
300,62,1.0272401139320748,0,0,0.012381186507361253,0.012381186507361253
308,62,1.2831728456155869,0,0,0.04194523260704658,0.04194523260704658
319,62,1.591527958623933,0,0,-0.02723143470786532,-0.02723143470786532
329,62,0.8641490149136989,0,0,0.01301976254239523,0.01301976254239523
341,62,1.561731505064308,0,0,0.041495735445046256,0.041495735445046256
362,62,0.8058878854907793,0,0,-0.030585845594388983,-0.030585845594388983
366,62,0.6232167829868523,0,0,0.00045881662963459524,0.00045881662963459524
382,62,1.3806243775872378,0,0,0.040775199465700296,0.040775199465700296
394,62,1.3499997569299182,0,0,-0.06294699662531561,-0.06294699662531561
398,62,1.442138204744937,0,0,0.07430418061113081,0.07430418061113081
68,63,0.8452809666746806,1,1,0.041117316199293596,-0.9588826838007064
84,63,1.314501114050135,0,0,-0.08739714225163381,-0.08739714225163381
85,63,0.8408521922243348,0,0,-0.06362391477600449,-0.06362391477600449
91,63,0.44975565835960934,0,0,-0.040335816608587316,-0.040335816608587316
95,63,1.587087620239816,1,1,0.11391133571315548,-0.8860886642868445
117,63,0.11332199728304587,0,0,-0.003560997677466149,-0.003560997677466149
126,63,1.1360813005176706,1,1,0.07538897788902366,-0.9246110221109763
150,63,1.24124801795684,1,1,0.07921925944427,-0.92078074055573
152,63,0.3657529963139633,0,0,-0.027485938855475456,-0.027485938855475456
155,63,0.6263049771627663,0,0,0.01996519615073339,0.01996519615073339
166,63,1.3344843238414617,1,1,0.06061471694889409,-0.9393852830511059
175,63,1.209795369849454,1,1,0.03514505391114553,-0.9648549460888545
204,63,1.426050430550101,0,0,-0.058047186252233374,-0.058047186252233374
220,63,0.7915375565954379,0,0,-0.06185054289086378,-0.06185054289086378
228,63,0.9202460599211608,0,0,-0.0058356919720634615,-0.0058356919720634615
234,63,1.1285654043791546,0,0,-0.05299841721524645,-0.05299841721524645
254,63,1.5597546700820613,0,0,-0.051693965766994865,-0.051693965766994865
262,63,1.5889243365072132,0,0,-0.0952889618816222,-0.0952889618816222
311,63,1.4125693374540593,0,0,-0.03640346981833187,-0.03640346981833187
338,63,1.4696284590161053,0,0,-0.07078576508902734,-0.07078576508902734
363,63,1.1022277365939694,1,1,-0.024203283938998066,-1.024203283938998
75,64,0.7977188260755365,0,0,0.020359968159872954,0.020359968159872954
77,64,1.5049068822923402,0,0,-0.08722463376395835,-0.08722463376395835
88,64,1.4090651732383999,0,0,-0.06225683610028668,-0.06225683610028668
93,64,0.7209977403783857,0,0,-0.03664971075641621,-0.03664971075641621
123,64,0.8499252309194647,0,0,0.017406893296884385,0.017406893296884385
135,64,0.7087758538010193,0,0,0.008853047408989706,0.008853047408989706
158,64,0.9755952268466832,0,0,-0.025352606642574216,-0.025352606642574216
188,64,0.9837977201670812,0,0,-0.005807244250596338,-0.005807244250596338
199,64,1.5718619020426172,0,0,-0.050403878553407194,-0.050403878553407194
207,64,1.5104584714291744,0,0,-0.109896631804581,-0.109896631804581
218,64,1.0630428493706576,0,0,0.02940531082681211,0.02940531082681211
237,64,0.8518182640073302,0,0,-0.011747789170252737,-0.011747789170252737
241,64,1.2695827017793788,0,0,0.019067142562109174,0.019067142562109174
251,64,0.5648598880485,0,0,-0.0063573791368080335,-0.0063573791368080335
260,64,1.361696183369668,0,0,0.048365134167077106,0.048365134167077106
262,64,1.5202770355939805,0,0,0.0571934775592817,0.0571934775592817
263,64,1.5754009181869912,0,0,0.05088900941515154,0.05088900941515154
271,64,1.0621473016094256,0,0,0.014594741248998677,0.014594741248998677
307,64,0.5685862093454199,0,0,0.0037568068613116623,0.0037568068613116623
317,64,1.5420810196952137,0,0,0.04764196560597195,0.04764196560597195
318,64,1.282206064803132,0,0,0.011643004723224548,0.011643004723224548
330,64,1.1227409582343175,0,0,0.040900834490096294,0.040900834490096294
339,64,1.227586316457367,0,0,-0.04787452925487437,-0.04787452925487437
347,64,1.293363377946565,0,0,0.013425147404964644,0.013425147404964644
367,64,0.8513225607445584,0,0,-0.03749442919031942,-0.03749442919031942
379,64,1.1233920968780968,0,0,0.014292484727002674,0.014292484727002674
380,64,1.179711462124306,0,0,-0.008134038711891611,-0.008134038711891611
383,64,1.053503634723402,0,0,0.03556696750283908,0.03556696750283908
389,64,1.51974121751361,0,0,0.03331759918724214,0.03331759918724214
391,64,0.6428323816418207,0,0,-0.016283487775212324,-0.016283487775212324
79,65,1.3749200465873879,0,0,0.10880671904016817,0.10880671904016817
81,65,0.9801616800474262,0,0,-0.023636889897128255,-0.023636889897128255
92,65,1.4346731408533215,0,0,0.11781018259271786,0.11781018259271786
98,65,1.1365632384800948,0,0,-0.12055294437555242,-0.12055294437555242
103,65,1.5549122745758948,0,0,-0.14004883105856192,-0.14004883105856192
104,65,1.251826083472183,0,0,-0.11889954029085859,-0.11889954029085859
115,65,1.3713098730307747,0,0,0.11865711494361136,0.11865711494361136
131,65,1.5887767803622574,0,0,0.12441010234471628,0.12441010234471628
134,65,1.3136680641875786,0,0,0.1108796782043375,0.1108796782043375
137,65,1.48705961768314,0,0,-0.1329207280551567,-0.1329207280551567
139,65,0.6276570997543487,0,0,0.02364449294986004,0.02364449294986004
143,65,1.5422349816396594,0,0,0.10531732502261323,0.10531732502261323
154,65,1.3171748396543062,0,0,0.07330581032713618,0.07330581032713618
160,65,1.1180150846822594,0,0,0.01372001481574725,0.01372001481574725
169,65,0.9693437189630448,0,0,0.07048466229159348,0.07048466229159348
180,65,0.48802441376823624,0,0,0.04013360780100966,0.04013360780100966
183,65,0.6021130799869775,0,0,-0.02701391378454604,-0.02701391378454604
184,65,1.3253843669276062,0,0,-0.1224042226485188,-0.1224042226485188
190,65,0.8064193703538076,0,0,0.03470405264945908,0.03470405264945908
191,65,1.0126071428982908,0,0,-0.10607828828830818,-0.10607828828830818
196,65,1.365301436059461,0,0,0.0725918454254531,0.0725918454254531
213,65,0.6502200424055412,0,0,0.004289697519059388,0.004289697519059388
217,65,0.5821267856315959,0,0,0.055534430940378965,0.055534430940378965
227,65,1.3590148214271356,0,0,0.07178613582287166,0.07178613582287166
235,65,1.5103429728749247,0,0,-0.019428358831256765,-0.019428358831256765
242,65,1.2245843284915148,0,0,0.0897331559645016,0.0897331559645016
247,65,1.435380923502666,0,0,-0.05906374664168129,-0.05906374664168129
259,65,1.2059188616881595,0,0,0.06652681443625919,0.06652681443625919
261,65,0.901882984846623,0,0,0.03875204211702943,0.03875204211702943
273,65,1.4487165278300738,0,0,0.10417873990790305,0.10417873990790305
288,65,1.3953065276509853,0,0,-0.004171848634765107,-0.004171848634765107
300,65,1.3998862188480157,0,0,-0.1041795939968303,-0.1041795939968303
313,65,1.5391327989450019,0,0,-0.06399031974897851,-0.06399031974897851
319,65,1.466696996935099,0,0,-0.14379221521205687,-0.14379221521205687
331,65,0.7520049810791496,0,0,0.05904054446658191,0.05904054446658191
341,65,0.8027774102838019,0,0,-0.0750650450591453,-0.0750650450591453
343,65,1.286370560273995,0,0,0.08627878075109838,0.08627878075109838
344,65,1.5793822201869459,0,0,0.008932128049855992,0.008932128049855992
351,65,0.6711736697568821,0,0,-0.05164192470953155,-0.05164192470953155
361,65,1.4632254833469982,0,0,0.015643239617750382,0.015643239617750382
382,65,1.0225262301238593,0,0,-0.07578558103849126,-0.07578558103849126
387,65,1.2325514244791174,0,0,0.039490511038247966,0.039490511038247966
395,65,1.1125668758059597,0,0,0.08122890697771704,0.08122890697771704
398,65,1.38263753924781,0,0,-0.04225659989306074,-0.04225659989306074
69,66,1.4016861478775393,0,0,0.04972221499167953,0.04972221499167953
87,66,1.2067434341874568,0,0,0.11015354721334279,0.11015354721334279
89,66,1.3992730521505168,0,0,-0.01379733286360467,-0.01379733286360467
106,66,1.5930231774320778,0,0,-0.05042855644918754,-0.05042855644918754
112,66,1.1884858284431983,0,0,0.020789796114409544,0.020789796114409544
113,66,1.2798079446379278,0,0,-0.07955459409106065,-0.07955459409106065
124,66,1.1442927789521204,0,0,0.008017407456927202,0.008017407456927202
127,66,0.36057052613506924,0,0,-0.012134730618068204,-0.012134730618068204
138,66,0.9349119902491118,0,0,-0.037038919358850106,-0.037038919358850106
142,66,0.577556300631172,0,0,-0.039879871310841586,-0.039879871310841586
164,66,1.0269392318714394,0,0,0.058707971291348145,0.058707971291348145
177,66,0.1513749275311335,0,0,0.006387866928164829,0.006387866928164829
179,66,1.467167389956592,0,0,-0.012939725387698917,-0.012939725387698917
199,66,1.3209112649770636,0,0,0.1359169767235391,0.1359169767235391
200,66,1.5364152431530365,0,0,0.043773419961317186,0.043773419961317186
201,66,0.7924092691931962,0,0,-0.02187046211507607,-0.02187046211507607
211,66,1.4563048394414477,0,0,-0.02394839862011965,-0.02394839862011965
238,66,1.584631201717314,0,0,-0.06954328114269576,-0.06954328114269576
249,66,1.569755007784271,0,0,0.15210227008749025,0.15210227008749025
256,66,0.6868777676764707,0,0,-0.033248261868165464,-0.033248261868165464
275,66,1.1816918798860703,0,0,0.022227674764417952,0.022227674764417952
286,66,1.021906367855564,0,0,0.01396108484955685,0.01396108484955685
292,66,1.3436838670275764,0,0,-0.05985945757225057,-0.05985945757225057
301,66,1.0134188244215543,0,0,0.008744239581749465,0.008744239581749465
302,66,0.941791615426377,0,0,-0.024918042304171197,-0.024918042304171197
305,66,1.3757513350479091,0,0,0.07985290698030188,0.07985290698030188
310,66,1.351258177033659,0,0,0.003027528530616382,0.003027528530616382
314,66,0.5527969212805205,0,0,0.05924805154374684,0.05924805154374684
334,66,1.4641704661482644,0,0,0.007619596448099069,0.007619596448099069
335,66,1.0756083207733973,0,0,-0.019136623285120894,-0.019136623285120894
337,66,0.9969673035735657,0,0,0.04134944020983878,0.04134944020983878
349,66,1.384568881593367,0,0,0.00911142962110254,0.00911142962110254
365,66,1.1118724521142644,0,0,0.08800468296210386,0.08800468296210386
384,66,1.42905070719864,0,0,0.003943735639372661,0.003943735639372661
385,66,1.5165982346511915,0,0,-0.04619152807688561,-0.04619152807688561
400,66,1.4514204178403116,0,0,0.015850116700551777,0.015850116700551777
78,67,0.8836941229571953,1,1,0.04262432598788379,-0.9573756740121162
80,67,1.1876869940771235,1,1,0.11328388840130355,-0.8867161115986965
88,67,1.3996514049399946,0,0,-0.09929304837661107,-0.09929304837661107
102,67,0.694186445228532,0,0,-0.02122275891458289,-0.02122275891458289
116,67,1.0137926971491311,0,0,-0.061422673962430924,-0.061422673962430924
123,67,1.0637853316231565,0,0,-0.019629318979440008,-0.019629318979440008
128,67,0.3595187419297687,0,0,-0.014921260818040738,-0.014921260818040738
157,67,1.2774239585146074,1,1,0.13941165019273494,-0.8605883498072651
158,67,1.2141475579967316,0,0,-0.06238881891889861,-0.06238881891889861
178,67,1.427520199719833,0,0,-0.14051292261346826,-0.14051292261346826
182,67,1.0743295689692343,0,0,0.021235458809375496,0.021235458809375496
186,67,1.3126486327439815,0,0,-0.11132576538503797,-0.11132576538503797
188,67,0.9820716366863379,0,0,-0.04284345652692073,-0.04284345652692073
189,67,0.6728052500733008,0,0,-0.042516645272223985,-0.042516645272223985
218,67,1.1181684948666666,0,0,-0.007630901449512284,-0.007630901449512284
223,67,1.5025488641867828,1,1,0.1755428906585167,-0.8244571093414833
224,67,1.44388093752564,0,0,-0.1009622906393684,-0.1009622906393684
228,67,1.5471837198075353,0,0,0.10961053519251604,0.10961053519251604
234,67,1.261210156999222,0,0,0.06244780994933305,0.06244780994933305
236,67,1.4744159092068776,1,1,0.14500355387688935,-0.8549964461231107
237,67,1.1997792306075237,0,0,-0.04878400144657713,-0.04878400144657713
251,67,1.4410499215854513,0,0,-0.043393591413132426,-0.043393591413132426
257,67,1.3897879832551019,0,0,-0.1062389148229583,-0.1062389148229583
260,67,1.1452770690787835,0,0,0.011328921890752713,0.011328921890752713
263,67,0.7784579206589731,0,0,0.013852797138827144,0.013852797138827144
266,67,1.2444822438752303,1,1,0.13452460949089828,-0.8654753905091017
293,67,0.5583857086684716,1,1,0.05436540069192275,-0.9456345993080773
311,67,0.9709983157460936,0,0,0.07904275734624763,0.07904275734624763
321,67,1.4672707863550796,0,0,-0.12170675075504989,-0.12170675075504989
324,67,1.5637507671097703,1,1,0.10736743650812064,-0.8926325634918794
325,67,1.5362264392013385,1,1,0.11266138399001413,-0.8873386160099859
328,67,1.298115863619393,0,0,-0.1215522654253256,-0.1215522654253256
330,67,1.273675755832341,0,0,0.003864622213771901,0.003864622213771901
339,67,1.2231236506792387,0,0,-0.08491074153119876,-0.08491074153119876
347,67,0.594224815897697,0,0,-0.02361106487135975,-0.02361106487135975
373,67,1.506015379633073,0,0,-0.11501423876331991,-0.11501423876331991
85,68,1.2595360519161805,46,-1,-0.10474123097529808,0.8952587690247019
91,68,1.093916497390189,46,-1,-0.08145313280788091,0.9185468671921191
95,68,1.0188014321202452,0,0,0.07279401951386189,0.07279401951386189
117,68,0.8592452455495899,46,-1,-0.04467831387675969,0.9553216861232403
126,68,0.5890600029926263,0,0,0.03427166168973006,0.03427166168973006
150,68,0.687325989574259,0,0,0.0381019432449764,0.0381019432449764
152,68,1.143255882267929,46,-1,-0.06860325505476905,0.931396744945231
155,68,1.1200064478606166,46,-1,-0.021152120048560263,0.9788478799514397
157,68,1.2998548360518631,0,0,-0.01715189317113819,-0.01715189317113819
166,68,0.5582435032525843,0,0,0.01949740074960049,0.01949740074960049
172,68,1.2238607698802084,0,0,0.04548868397075956,0.04548868397075956
220,68,1.2446958959101937,46,-1,-0.10296785909015738,0.8970321409098426
223,68,1.3821553289391337,0,0,0.018979347294643567,0.018979347294643567
228,68,0.6802761797577588,46,-1,-0.04695300817135706,0.9530469918286429
234,68,1.1754141503395377,46,-1,-0.09411573341454005,0.90588426658546
245,68,0.9322004214378082,0,0,0.045806345202919485,0.045806345202919485
266,68,1.4621508203814304,0,0,-0.022038933872974842,-0.022038933872974842
294,68,0.949798872402182,0,0,0.0274669563759381,0.0274669563759381
299,68,1.167376614386794,0,0,0.042603474504782524,0.042603474504782524
311,68,1.161039838137495,46,-1,-0.07752078601762546,0.9224792139823745
342,68,1.3246828074300387,0,0,0.04547592940346257,0.04547592940346257
73,69,1.027583647605443,0,0,-0.03750833586378715,-0.03750833586378715
87,69,1.5503009032580335,0,0,0.06043133222166326,0.06043133222166326
93,69,1.1813519719334686,0,0,0.09994892952885057,0.09994892952885057
112,69,0.43779624382846366,0,0,-0.028932418877269987,-0.028932418877269987
124,69,0.7347220050790348,0,0,-0.04170480753475233,-0.04170480753475233
177,69,1.3000998308478147,0,0,-0.0433343480635147,-0.0433343480635147
185,69,1.3407845428456213,0,0,-0.050136546205117434,-0.050136546205117434
199,69,1.4595715461351237,0,0,0.08619476173185958,0.08619476173185958
207,69,0.37148694242095054,0,0,0.026702008480685782,0.026702008480685782
216,69,0.2701253269786715,0,0,0.007442563292916551,0.007442563292916551
291,69,0.8495469484392016,0,0,-0.031664191419594985,-0.031664191419594985
301,69,0.6412669712944657,0,0,-0.04097797540993007,-0.04097797540993007
310,69,1.1659580102342597,0,0,-0.04669468646106315,-0.04669468646106315
314,69,1.2069943353208108,0,0,0.009525836552067311,0.009525836552067311
320,69,1.412609381520048,0,0,-0.04013134269668434,-0.04013134269668434
337,69,0.504402783802781,0,0,-0.008372774781840751,-0.008372774781840751
346,69,1.5252028016072445,0,0,-0.008427552324779639,-0.008427552324779639
349,69,0.9396863594146293,0,0,-0.040610785370576996,-0.040610785370576996
350,69,1.597960411010719,0,0,-0.04043538347825861,-0.04043538347825861
365,69,0.5712950784996443,0,0,0.038282467970424325,0.038282467970424325
377,69,1.5602529507338891,0,0,-0.06318010852247612,-0.06318010852247612
380,69,1.5778316245586244,0,0,0.12846460157337516,0.12846460157337516
391,69,1.477401836595521,0,0,0.12031515251005445,0.12031515251005445
400,69,0.6948938450701827,0,0,-0.03387209829112776,-0.03387209829112776
79,70,1.3472272837562393,0,0,-0.07366197184743273,-0.07366197184743273
82,70,1.1147438851822387,0,0,0.035167341754295645,0.035167341754295645
89,70,1.2759736492757663,0,0,0.11109222391450334,0.11109222391450334
92,70,1.4874677363477742,0,0,-0.06465850829488304,-0.06465850829488304
97,70,1.5719067301060428,0,0,0.08426174416560792,0.08426174416560792
106,70,1.1310198462925063,0,0,0.07446100032892047,0.07446100032892047
113,70,0.6852318146316125,0,0,0.045334962687047356,0.045334962687047356
115,70,1.3781868006092495,0,0,-0.06381157594398953,-0.06381157594398953
118,70,0.6341906990187562,0,0,0.03410876757610165,0.03410876757610165
120,70,0.26968216109803395,0,0,0.01514396449546028,0.01514396449546028
122,70,1.3891521080104416,0,0,0.038778792848426405,0.038778792848426405
127,70,1.5632306648136691,0,0,0.1127548261600398,0.1127548261600398
142,70,1.352207381436151,0,0,0.08500968546726642,0.08500968546726642
143,70,1.0600295145142453,0,0,-0.07715136586498766,-0.07715136586498766
145,70,1.2483368900278202,0,0,-0.018083063602616828,-0.018083063602616828
151,70,0.5821447176474951,0,0,0.011527422133415607,0.011527422133415607
154,70,1.3024025933188315,0,0,-0.10916288056046472,-0.10916288056046472
162,70,1.4765608057223394,0,0,0.06434319439940399,0.06434319439940399
167,70,1.5582770591451889,0,0,-0.15068906732830753,-0.15068906732830753
179,70,1.4207151295279223,0,0,0.1119498313904091,0.1119498313904091
193,70,0.6943179567419541,0,0,-0.01951774353998381,-0.01951774353998381
194,70,0.881920736086901,0,0,-0.05071546773406513,-0.05071546773406513
197,70,0.9479512101942602,0,0,-0.10223695438588018,-0.10223695438588018
205,70,1.0180606450285454,0,0,-0.05396287167202918,-0.05396287167202918
211,70,1.3410091564399775,0,0,0.10094115815798835,0.10094115815798835
219,70,1.0070757421392849,0,0,-0.015278844682493603,-0.015278844682493603
229,70,1.4474784313685414,0,0,-0.030911093824285557,-0.030911093824285557
232,70,0.7559695996172666,0,0,-0.0798215020553843,-0.0798215020553843
238,70,0.8160718860874098,0,0,0.05534627563541225,0.05534627563541225
246,70,1.5800021371593063,0,0,-0.03881403479489212,-0.03881403479489212
248,70,1.2105650017443246,0,0,-0.007016974257731484,-0.007016974257731484
255,70,0.9967903822698433,0,0,-0.11383347071827937,-0.11383347071827937
256,70,1.2187915382302157,0,0,0.09164129490994255,0.09164129490994255
258,70,1.1613594928835254,0,0,-0.08312018988280184,-0.08312018988280184
268,70,0.9072930046562344,0,0,-0.11131696740870525,-0.11131696740870525
275,70,1.484206330623827,0,0,0.14711723154252596,0.14711723154252596
277,70,0.2539414277133293,0,0,-0.018613343433393242,-0.018613343433393242
282,70,0.7124761443460547,0,0,-0.0396430484722575,-0.0396430484722575
286,70,1.4172116704229285,0,0,0.13885064162766486,0.13885064162766486
287,70,0.6222564102911672,0,0,-0.02054749792503041,-0.02054749792503041
298,70,0.7982005072670658,0,0,-0.011372097552762389,-0.011372097552762389
302,70,1.2020112163670076,0,0,0.0999715144739368,0.0999715144739368
306,70,1.551065078083657,0,0,-0.16238003564005912,-0.16238003564005912
322,70,1.586234970147477,0,0,0.09477040333801434,0.09477040333801434
327,70,1.3091685051412958,0,0,-0.07765182299532805,-0.07765182299532805
332,70,0.6791051178836139,0,0,-0.009883604496853132,-0.009883604496853132
334,70,1.5739454160272461,0,0,0.13250915322620707,0.13250915322620707
335,70,1.200003086685557,0,0,0.10575293349298712,0.10575293349298712
340,70,1.2079432150720602,0,0,-0.13262264476463084,-0.13262264476463084
344,70,1.4395933960996405,0,0,-0.1735365628377449,-0.1735365628377449
353,70,0.9663825942104337,0,0,0.0007331664174592134,0.0007331664174592134
357,70,1.4305534521272476,0,0,0.03722265798135803,0.03722265798135803
358,70,0.5040658159531141,0,0,0.00926948613977184,0.00926948613977184
370,70,1.4212654999363745,0,0,0.07107591682528241,0.07107591682528241
374,70,1.4405871654432496,0,0,0.04377494138691709,0.04377494138691709
384,70,1.4495128131890909,0,0,0.12883329241748068,0.12883329241748068
385,70,1.0823693077225396,0,0,0.07869802870122239,0.07869802870122239
387,70,1.4702744152372433,0,0,-0.14297817984935293,-0.14297817984935293
388,70,0.8719693881000141,0,0,-0.02210646290369203,-0.02210646290369203
392,70,0.8385267037965071,0,0,-0.10006949358367709,-0.10006949358367709
395,70,1.5008536907351182,0,0,-0.10123978390988386,-0.10123978390988386
397,70,0.9722717954686461,0,0,-0.11830055992958877,-0.11830055992958877
86,71,0.9709576339451084,0,0,0.06107390873892471,0.06107390873892471
100,71,0.2763225143721293,0,0,-0.006769409374591084,-0.006769409374591084
108,71,1.110423694545777,0,0,-0.10841124092232385,-0.10841124092232385
121,71,0.9836524647588943,0,0,0.023474910649513625,0.023474910649513625
125,71,1.5401186183595816,0,0,-0.03747936372381283,-0.03747936372381283
144,71,0.686610739061689,0,0,0.0029340840515249544,0.0029340840515249544
146,71,0.5123695306531688,0,0,0.034248327997685124,0.034248327997685124
148,71,1.0206739837104282,0,0,0.06375475723201818,0.06375475723201818
153,71,0.2446084824630296,0,0,0.007248711195383284,0.007248711195383284
156,71,0.9737940804682176,0,0,0.06531639268932171,0.06531639268932171
159,71,0.9095822898454539,0,0,0.05351678850714103,0.05351678850714103
168,71,0.5484107913638919,0,0,0.016511481377413317,0.016511481377413317
175,71,1.3050863444967011,0,0,-0.1546804115777271,-0.1546804115777271
187,71,1.4181640821880535,0,0,-0.11081801966441501,-0.11081801966441501
203,71,1.5946284146723573,0,0,0.11244102606167211,0.11244102606167211
206,71,0.6997877362631938,0,0,-0.055628392971019125,-0.055628392971019125
209,71,1.2775337361759884,0,0,0.08605002470789647,0.08605002470789647
222,71,1.5657385059378295,0,0,0.10194251798564224,0.10194251798564224
230,71,1.207332434095514,0,0,0.04173666281114308,0.04173666281114308
239,71,1.2810653774931386,0,0,0.06062993039802422,0.06062993039802422
269,71,0.9885642509867067,0,0,0.025273433844552162,0.025273433844552162
274,71,1.5084628704713061,0,0,0.10000257725053019,0.10000257725053019
281,71,0.8791603940385956,0,0,0.055507750023364555,0.055507750023364555
283,71,1.2356538859078434,0,0,0.04173666281114302,0.04173666281114302
284,71,1.3515180936329751,0,0,0.013895170006806012,0.013895170006806012
285,71,1.5825645478737236,0,0,0.016698704906485562,0.016698704906485562
308,71,1.3140883563697887,0,0,0.08939744423042328,0.08939744423042328
315,71,0.6189870307860282,0,0,-0.02042485467745825,-0.02042485467745825
329,71,1.1206535830252458,0,0,0.060471974165771936,0.060471974165771936
336,71,0.7244251894632477,0,0,-0.09387635724505744,-0.09387635724505744
362,71,1.2682077858499736,0,0,0.016866366028987723,0.016866366028987723
366,71,0.8982836312321567,0,0,0.0479110282530113,0.0479110282530113
381,71,0.8852749564218485,0,0,-0.11443586417011004,-0.11443586417011004
394,71,1.0705597841286434,0,0,-0.015494785001938904,-0.015494785001938904
78,72,1.2097313091712558,0,0,-0.18630036349381673,-0.18630036349381673
80,72,0.7773417436132765,0,0,-0.11564080108039698,-0.11564080108039698
81,72,1.5693876399498405,0,0,0.21672310540219164,0.21672310540219164
95,72,1.4917280682207845,0,0,0.00043287339603448327,0.00043287339603448327
98,72,1.231860888264196,0,0,0.11980705092376748,0.11980705092376748
99,72,1.2319170090227174,0,0,0.07095586011111416,0.07095586011111416
103,72,1.5711866937175352,0,0,0.10031116424075798,0.10031116424075798
111,72,0.652842504646172,0,0,-0.02166397242649365,-0.02166397242649365
125,72,1.0029031248964886,0,0,0.03886763944793881,0.03886763944793881
126,72,1.5887038406381366,0,0,-0.03808948442809734,-0.03808948442809734
130,72,1.5002946792620178,0,0,0.0721676425718531,0.0721676425718531
136,72,0.7864131678128186,0,0,0.05184419542825336,0.05184419542825336
149,72,1.4159973294326444,0,0,0.041787068081558854,0.041787068081558854
150,72,1.4374872207005736,0,0,-0.034259202872851,-0.034259202872851
157,72,0.7203402405194923,0,0,-0.08951303928896559,-0.08951303928896559
163,72,1.389194467529501,0,0,0.1362434646998376,0.1362434646998376
166,72,1.2384937613780846,0,0,-0.05286374536822691,-0.05286374536822691
172,72,0.47000475361036265,0,0,-0.026872462147067844,-0.026872462147067844
187,72,1.3849597290636664,0,0,-0.034471016492663376,-0.034471016492663376
223,72,0.3918637475883235,0,0,-0.053381798823183835,-0.053381798823183835
225,72,0.9789284836591562,0,0,-0.05465788847444775,-0.05465788847444775
226,72,1.287034267670305,0,0,0.04501452604381384,0.04501452604381384
233,72,1.1491438110923455,0,0,0.11420759816146137,0.11420759816146137
236,72,0.5180080006467822,0,0,-0.08392113560481118,-0.08392113560481118
245,72,0.8919458449576564,0,0,-0.026554800914907917,-0.026554800914907917
247,72,1.5313986309971062,0,0,0.1812962486576386,0.1812962486576386
250,72,0.6551836477941019,0,0,0.04124170175941133,0.04124170175941133
264,72,0.14418048158902158,0,0,-0.013793272440905446,-0.013793272440905446
266,72,0.5824944757002557,0,0,-0.09440007999080224,-0.09440007999080224
293,72,1.2448404545531297,0,0,-0.17455928878977778,-0.17455928878977778
294,72,0.827670701994403,0,0,-0.0448941897418893,-0.0448941897418893
295,72,1.0068198216877726,0,0,0.0652695804884082,0.0652695804884082
299,72,0.6067762591370672,0,0,-0.029757671613044878,-0.029757671613044878
319,72,1.3588713955027576,0,0,0.09656778008726302,0.09656778008726302
323,72,0.17528549186014286,0,0,0.00814492238264597,0.00814492238264597
324,72,1.190737557582861,0,0,-0.12155725297357989,-0.12155725297357989
325,72,1.0117330476883855,0,0,-0.1162633054916864,-0.1162633054916864
342,72,0.38106761108262854,0,0,-0.026885216714364835,-0.026885216714364835
352,72,0.6691716747087041,0,0,0.06155531467035236,0.06155531467035236
112,73,0.8063973997924758,0,0,0.00857591698651716,0.00857591698651716
124,73,0.8045419041917605,0,0,-0.004196471670965182,-0.004196471670965182
133,73,1.1251785960598983,0,0,-0.03592972800225763,-0.03592972800225763
176,73,1.4459637813414241,0,0,-0.03434037011354074,-0.03434037011354074
177,73,1.5350597634840848,0,0,-0.005826012199727555,-0.005826012199727555
185,73,0.5205226185199788,0,0,-0.012628210341330286,-0.012628210341330286
192,73,1.499318943165059,0,0,-0.013568190242649917,-0.013568190242649917
201,73,1.4881825453753819,0,0,-0.034084341242968455,-0.034084341242968455
207,73,1.235190509832849,0,0,0.06421034434447292,0.06421034434447292
215,73,1.4305465180224606,0,0,-0.00398342944654622,-0.00398342944654622
216,73,1.0308711838891536,0,0,0.0449508991567037,0.0449508991567037
270,73,1.5440723146594075,0,0,-0.042429332435065366,-0.042429332435065366
289,73,1.0867239918303249,0,0,-0.03395839144418595,-0.03395839144418595
291,73,0.26865704795013223,0,0,0.005844144444192165,0.005844144444192165
297,73,1.2221887812406766,0,0,-0.030168949294437992,-0.030168949294437992
301,73,0.9454235051691876,0,0,-0.003469639546142918,-0.003469639546142918
310,73,0.7775539814325472,0,0,-0.009186350597276002,-0.009186350597276002
320,73,0.44483142228967654,0,0,-0.002623006832897191,-0.002623006832897191
333,73,1.1205340966786361,0,0,-0.03804777689917656,-0.03804777689917656
337,73,1.3288769254697843,0,0,0.0291355610819464,0.0291355610819464
345,73,1.3430367146149058,0,0,-0.04114903948359649,-0.04114903948359649
346,73,1.1203964563705504,0,0,0.02908078353900751,0.02908078353900751
349,73,0.48215674487079113,0,0,-0.003102449506789844,-0.003102449506789844
350,73,0.8875987359315061,0,0,-0.002927047614471461,-0.002927047614471461
364,73,1.2880461161222398,0,0,9.016583877669536e-5,9.016583877669536e-5
365,73,1.4793613847323366,0,0,0.07579080383421147,0.07579080383421147
375,73,1.1460814811215838,0,0,-0.033656033375183386,-0.033656033375183386
377,73,0.8011932410331017,0,0,-0.02567177265868897,-0.02567177265868897
399,73,1.382011932946508,0,0,-0.013634697081119378,-0.013634697081119378
400,73,0.4571243301125074,0,0,0.0036362375726593926,0.0036362375726593926
78,74,1.330803702344751,1,1,0.13546332283204643,-0.8645366771679536
80,74,1.5473362221621227,1,1,0.20612288524546618,-0.7938771147545338
87,74,0.6831070989799768,0,0,-0.02036452349576527,-0.02036452349576527
89,74,0.8959517761655212,0,0,-0.14431540357271275,-0.14431540357271275
101,74,0.7876486914497194,0,0,0.047797580778296184,0.047797580778296184
102,74,1.3759682333511067,0,0,0.07161623792957975,0.07161623792957975
106,74,1.2557071403972335,0,0,-0.1809466271582956,-0.1809466271582956
116,74,1.0803844294506775,0,0,0.03141632288173171,0.03141632288173171
118,74,1.5018171295857219,0,0,-0.22129885991111442,-0.22129885991111442
127,74,1.4356689841085977,0,0,-0.14265280132717628,-0.14265280132717628
129,74,1.2224968742573854,0,0,-0.08521177407884974,-0.08521177407884974
164,74,0.5870603065449199,0,0,-0.07181009941775993,-0.07181009941775993
165,74,1.467141593265593,0,0,0.13173095007435084,0.13173095007435084
174,74,1.5478088242133958,0,0,0.14210065119130547,0.14210065119130547
177,74,1.5998625527062276,0,0,-0.12413020378094324,-0.12413020378094324
178,74,1.2977776342849536,0,0,-0.047673925769305625,-0.047673925769305625
179,74,1.0189892663597282,0,0,-0.14345779609680698,-0.14345779609680698
186,74,1.5397437321662664,0,0,-0.01848676854087533,-0.01848676854087533
187,74,1.4685559984484102,1,1,0.2872926698331998,-0.7127073301668002
189,74,1.506533676444727,0,0,0.05032235157193865,0.05032235157193865
195,74,1.373821741514292,0,0,0.18619376713708027,0.18619376713708027
199,74,0.9531930159412696,0,0,0.0053989060144310486,0.0053989060144310486
200,74,0.6297665162901164,0,0,-0.08674465074779088,-0.08674465074779088
211,74,1.1097188522808232,0,0,-0.15446646932922772,-0.15446646932922772
214,74,0.6703553892619663,0,0,0.10606333784956684,0.10606333784956684
221,74,0.883363469211895,0,0,0.08455397919990892,0.08455397919990892
224,74,0.6114526220487743,0,0,-0.008123293795205766,-0.008123293795205766
225,74,1.4246075507656863,1,1,0.2671057978514154,-0.7328942021485846
238,74,1.3543752455961335,0,0,-0.20006135185180382,-0.20006135185180382
241,74,1.3307454775821033,0,0,0.07486992712994742,0.07486992712994742
249,74,0.37810804850724555,0,0,0.021584199378382185,0.021584199378382185
252,74,1.2905753594328502,0,0,-0.14788147175293265,-0.14788147175293265
253,74,1.4066501135511276,0,0,0.13630184628168876,0.13630184628168876
254,74,1.5506885454028891,0,0,0.15659125824174727,0.15659125824174727
256,74,1.4235339899185728,0,0,-0.16376633257727352,-0.16376633257727352
257,74,0.805833674929064,0,0,-0.013399917978795667,-0.013399917978795667
271,74,1.3965495723012602,0,0,0.07039752581683692,0.07039752581683692
272,74,1.4439660785509718,0,0,0.1606400554473987,0.1606400554473987
275,74,0.62221632608423,0,0,-0.10829039594469012,-0.10829039594469012
278,74,0.8620818339797937,0,0,0.12779705263670152,0.12779705263670152
279,74,0.9074750254579491,0,0,0.060110474401298936,0.060110474401298936
286,74,0.7409800537580031,0,0,-0.11655698585955121,-0.11655698585955121
302,74,1.07687897423322,0,0,-0.15543611301327925,-0.15543611301327925
305,74,0.26372865878089374,0,0,-0.05066516372880618,-0.05066516372880618
314,74,1.2402479281257235,0,0,-0.07127001916536121,-0.07127001916536121
318,74,1.207440562962363,0,0,0.06744578929106279,0.06744578929106279
321,74,0.7741966264869108,0,0,-0.02886775391088725,-0.02886775391088725
322,74,1.553068824746772,0,0,-0.16063722414920173,-0.16063722414920173
324,74,1.1012269191245068,1,1,0.20020643335228328,-0.7997935666477167
325,74,1.2307677842223461,1,1,0.20550038083417677,-0.7944996191658232
328,74,1.1482242979602713,0,0,-0.028713268581162965,-0.028713268581162965
334,74,0.857557337423567,0,0,-0.122898474261009,-0.122898474261009
335,74,0.9766745815060259,0,0,-0.14965469399422895,-0.14965469399422895
354,74,0.40006522219617974,0,0,-0.03509399870723855,-0.03509399870723855
359,74,0.2944094172422542,0,0,0.0059255275700777765,0.0059255275700777765
369,74,1.358141543490549,0,0,0.14064617169095164,0.14064617169095164
372,74,0.8252909071692384,0,0,0.07717693358128336,0.07717693358128336
373,74,0.7682018238777376,0,0,-0.022175241919157276,-0.022175241919157276
379,74,1.3219835126409414,0,0,0.07009526929484092,0.07009526929484092
380,74,1.2763146005794097,0,0,0.04766874585594663,0.04766874585594663
384,74,0.809000646372638,0,0,-0.1265743350697354,-0.1265743350697354
385,74,1.178341480037931,0,0,-0.17670959878599368,-0.17670959878599368
386,74,0.6385887969992181,0,0,0.04281706538332167,0.04281706538332167
389,74,1.138201947781406,0,0,0.08912038375508038,0.08912038375508038
390,74,1.1968998849284018,0,0,-0.1414775325009518,-0.1414775325009518
84,75,1.3229162891441184,0,0,0.04472532902939713,0.04472532902939713
87,75,1.4404673684033729,0,0,-0.09652727622347647,-0.09652727622347647
93,75,1.1212439174847753,0,0,-0.057009678916289164,-0.057009678916289164
101,75,1.1677518275420615,0,0,-0.028365171949415013,-0.028365171949415013
123,75,1.277362704838648,0,0,-0.0029530748629885695,-0.0029530748629885695
135,75,0.20605344042315185,0,0,-0.011506920750883248,-0.011506920750883248
165,75,1.4394743373015322,0,0,0.05556819734663965,0.05556819734663965
174,75,1.4993122581406526,0,0,0.06593789846359427,0.06593789846359427
188,75,1.5875108135000469,0,0,-0.026167212410469293,-0.026167212410469293
199,75,1.1952988580370008,0,0,-0.07076384671328015,-0.07076384671328015
204,75,1.5662168007193566,0,0,0.07407528502879757,0.07407528502879757
218,75,1.3314104483180433,0,0,0.009045342666939155,0.009045342666939155
221,75,1.2250294278782123,0,0,0.008391226472197727,0.008391226472197727
237,75,1.5241175993051146,0,0,-0.03210775733012569,-0.03210775733012569
241,75,0.5921374159794364,0,0,-0.0012928255977637804,-0.0012928255977637804
249,75,1.4707411322794877,0,0,-0.05457855334932901,-0.05457855334932901
251,75,1.3029154139063228,0,0,-0.026717347296680988,-0.026717347296680988
253,75,1.5133221237315142,0,0,0.06013909355397756,0.06013909355397756
260,75,1.411236193504504,0,0,0.028005166007204152,0.028005166007204152
262,75,0.9665394985323772,0,0,0.03683350939940874,0.03683350939940874
271,75,0.4229785673020407,0,0,-0.005765226910874277,-0.005765226910874277
279,75,1.0922661836638006,0,0,-0.01605227832641226,-0.01605227832641226
307,75,0.3287822219381285,0,0,-0.016603161298561292,-0.016603161298561292
317,75,0.8402698996183556,0,0,0.027281997446098993,0.027281997446098993
318,75,0.6832918484304946,0,0,-0.008716963436648406,-0.008716963436648406
330,75,1.249964057036198,0,0,0.02054086633022334,0.02054086633022334
338,75,1.4041720341404833,0,0,0.0613367061920036,0.0613367061920036
367,75,1.583528554718311,0,0,-0.05785439735019238,-0.05785439735019238
372,75,1.2409993417709964,0,0,0.0010141808535721608,0.0010141808535721608
379,75,0.5162695049260273,0,0,-0.00606748343287028,-0.00606748343287028
380,75,0.6958183106092163,0,0,-0.028494006871764566,-0.028494006871764566
383,75,0.5094766691282954,0,0,0.015206999342966127,0.015206999342966127
386,75,1.2409475329296207,0,0,-0.03334568734438953,-0.03334568734438953
389,75,0.9171840697819709,0,0,0.012957631027369187,0.012957631027369187
391,75,0.6324711210661671,0,0,-0.03664345593508528,-0.03664345593508528
393,75,1.069854161032254,0,0,0.036637202380406575,0.036637202380406575
107,76,1.1361617643074469,0,0,-0.020772972048199168,-0.020772972048199168
110,76,0.2816163836590363,0,0,-0.004512528101744212,-0.004512528101744212
119,76,0.9780024287984148,0,0,-0.030569892460148518,-0.030569892460148518
132,76,1.5376491835557764,0,0,-0.05131797046589655,-0.05131797046589655
133,76,0.9607229573887622,0,0,0.03696197282870278,0.03696197282870278
138,76,1.5666634308203022,0,0,0.02363890234421792,0.02363890234421792
161,76,0.679720189740543,0,0,0.009688895570496299,0.009688895570496299
171,76,0.7772730922795927,0,0,-0.011234025476558593,-0.011234025476558593
176,76,1.5354935887398573,0,0,0.03855133071741967,0.03855133071741967
181,76,1.5795837528389307,0,0,-0.04793125067596618,-0.04793125067596618
202,76,1.505143178596607,0,0,0.021850949269236204,0.021850949269236204
240,76,1.577907229757663,0,0,-0.03355647644944851,-0.03355647644944851
243,76,1.3905359816816012,0,0,0.02410238604586551,0.02410238604586551
244,76,0.8283072133760618,0,0,-0.009433659560113633,-0.009433659560113633
270,76,1.3281049075972522,0,0,0.030462368395895043,0.030462368395895043
276,76,1.4041040492536903,0,0,-0.04202534235262219,-0.04202534235262219
289,76,1.0314792183943673,0,0,0.03893330938677446,0.03893330938677446
290,76,0.8190094267852915,0,0,-0.013028873826315915,-0.013028873826315915
292,76,1.299683879643157,0,0,0.0008183641308174561,0.0008183641308174561
297,76,1.556405421672845,0,0,0.04272275153652241,0.04272275153652241
303,76,1.2932940369376795,0,0,0.008654662157015415,0.008654662157015415
304,76,1.3516177418989312,0,0,-0.03971226806548529,-0.03971226806548529
312,76,1.0701334326266818,0,0,-0.021395251846714605,-0.021395251846714605
326,76,1.4728709818195822,0,0,-0.04959168113163087,-0.04959168113163087
333,76,0.9736201411832154,0,0,0.03484392393178385,0.03484392393178385
345,76,0.830529569850996,0,0,0.03174266134736392,0.03174266134736392
374,76,1.5723974603414668,0,0,-0.020436793688122887,-0.020436793688122887
375,76,1.4064441486181378,0,0,0.039235667455777015,0.039235667455777015
377,76,1.3403109665191189,0,0,0.04721992817227144,0.04721992817227144
396,76,1.0270827523827215,0,0,-0.015371699279596945,-0.015371699279596945
88,77,0.3048126129785606,0,0,0.024967797663671673,0.024967797663671673
93,77,1.4370276107840383,0,0,0.05057492300754214,0.05057492300754214
102,77,1.2919827013467788,0,0,0.10303808712569985,0.10303808712569985
116,77,1.2836343206310858,0,0,0.06283817207785182,0.06283817207785182
128,77,1.3411074979494184,0,0,0.109339585222242,0.109339585222242
129,77,0.9542559275124899,0,0,-0.05378992488272963,-0.05378992488272963
158,77,0.7735328920934893,0,0,0.061872027121384135,0.061872027121384135
178,77,0.7441382700246878,0,0,-0.016252076573185517,-0.016252076573185517
186,77,0.4701415529898305,0,0,0.012935080655244777,0.012935080655244777
188,77,1.1921802011130147,0,0,0.08141738951336201,0.08141738951336201
189,77,1.1570259595175312,0,0,0.08174420076805876,0.08174420076805876
192,77,1.4682001422149438,0,0,-0.10045053262774549,-0.10045053262774549
200,77,1.483469447180563,0,0,-0.05532280155167077,-0.05532280155167077
207,77,1.5025027683700753,0,0,-0.022671998040622643,-0.022671998040622643
215,77,1.3086749850474377,0,0,-0.0908657718316418,-0.0908657718316418
216,77,1.4668030653354331,0,0,-0.041931443228391874,-0.041931443228391874
224,77,1.3413777792390467,0,0,0.023298555400914342,0.023298555400914342
237,77,0.9886438195717068,0,0,0.07547684459370561,0.07547684459370561
251,77,1.1213660792771603,0,0,0.08086725462715032,0.08086725462715032
257,77,1.210074917307133,0,0,0.01802193121732444,0.01802193121732444
291,77,1.4454004729930892,0,0,-0.08103819794090342,-0.08103819794090342
320,77,1.5298805496635381,0,0,-0.08950534921799276,-0.08950534921799276
321,77,1.2224390604233446,0,0,0.0025540952852328574,0.0025540952852328574
328,77,0.9099525108471528,0,0,0.002708580614957143,0.002708580614957143
339,77,0.4905236580797357,0,0,0.03935010450908398,0.03935010450908398
346,77,0.624017922747266,0,0,-0.057801558846088064,-0.057801558846088064
347,77,1.492115817494007,0,0,0.100649781168923,0.100649781168923
350,77,1.1363751070677088,0,0,-0.08980938999956703,-0.08980938999956703
354,77,1.5166155785335043,0,0,-0.003672149511118439,-0.003672149511118439
359,77,1.5380041880520132,0,0,0.037347376766197884,0.037347376766197884
364,77,1.0896115136663052,0,0,-0.08679217654631888,-0.08679217654631888
367,77,0.8397996359732363,0,0,0.04973020457363893,0.04973020457363893
373,77,1.3801647660613674,0,0,0.009246607276962832,0.009246607276962832
399,77,1.4463366325339473,0,0,-0.10051703946621496,-0.10051703946621496
80,78,0.44413120664783273,0,0,0.07065956241341975,0.07065956241341975
102,78,0.5044851898173072,46,-1,-0.0638470849024666,0.9361529150975334
111,78,1.0994470573508517,0,0,0.16463639106732308,0.16463639106732308
116,78,0.5267280271374967,46,-1,-0.10404699995031463,0.8959530000496854
125,78,1.4246683865669942,0,0,0.22516800294175554,0.22516800294175554
128,78,0.7699885168406461,46,-1,-0.057545586805924476,0.9424544131940755
129,78,1.4821108901808537,46,-1,-0.22067509691089615,0.7793249030891038
136,78,1.377020160040557,0,0,0.2381445589220701,0.2381445589220701
157,78,1.0568955164927867,0,0,0.09678732420485114,0.09678732420485114
172,78,1.3316921557959411,0,0,0.1594279013467489,0.1594279013467489
178,78,1.2175428811505948,46,-1,-0.18313724860135205,0.816862751398648
186,78,1.3483022110941263,46,-1,-0.1539500913729217,0.8460499086270783
187,78,1.482433549237731,0,0,0.15182934700115336,0.15182934700115336
189,78,0.7023356040890364,46,-1,-0.08514097126010778,0.9148590287398922
195,78,1.5933178310182394,46,-1,0.05073044430503382,1.0507304443050338
200,78,1.4751315307370572,46,-1,-0.22220797357983724,0.7777920264201628
214,78,1.1812924920938208,46,-1,-0.029399984982479532,0.9706000150175205
221,78,1.5268887847631214,46,-1,-0.050909343632137505,0.9490906563678625
223,78,1.0693484116824432,0,0,0.1329185646706329,0.1329185646706329
224,78,0.8697689200858266,46,-1,-0.14358661662725214,0.8564133833727479
225,78,1.1050250163185635,0,0,0.131642475019369,0.131642475019369
236,78,0.746064985042343,0,0,0.10237922788900555,0.10237922788900555
249,78,1.5395217486150299,46,-1,-0.11387912345366424,0.8861208765463358
257,78,0.8673393982629202,46,-1,-0.14886324081084212,0.8511367591891579
263,78,1.4025425583923012,46,-1,-0.02877152884905665,0.9712284711509434
264,78,1.119843751502996,0,0,0.1725070910529113,0.1725070910529113
266,78,0.762577140221659,0,0,0.09190028350301449,0.09190028350301449
278,78,1.2790849902760373,46,-1,-0.0076662701953449375,0.9923337298046551
293,78,0.5237064906759114,0,0,0.011741074704038956,0.011741074704038956
294,78,1.5136998831300685,0,0,0.14140617375192743,0.14140617375192743
299,78,1.4979143797509176,0,0,0.15654269188077186,0.15654269188077186
305,78,1.5343982076103149,46,-1,-0.18612848656085257,0.8138715134391474
311,78,1.3602720636971877,46,-1,0.03641843135836398,1.036418431358364
321,78,0.9337227893759645,46,-1,-0.16433107674293368,0.8356689232570663
323,78,1.379539081846114,0,0,0.1944452858764627,0.1944452858764627
324,78,0.7860077408595337,0,0,0.06474311052023685,0.06474311052023685
325,78,0.7242357842224112,0,0,0.07003705800213034,0.07003705800213034
328,78,0.997782885166541,46,-1,-0.1641765914132094,0.8358234085867906
339,78,1.5418477938105468,46,-1,-0.1275350675190825,0.8724649324809175
342,78,1.2018369470064731,0,0,0.1594151467794519,0.1594151467794519
347,78,1.3549035413937633,46,-1,-0.06623539085924346,0.9337646091407565
354,78,1.162877305685194,46,-1,-0.17055732153928493,0.8294426784607151
359,78,1.0705306401900554,46,-1,-0.12953779526196862,0.8704622047380314
373,78,0.8796780765052982,46,-1,-0.15763856475120364,0.8423614352487964
81,79,0.9865738103633103,0,0,-0.13244360893729643,-0.13244360893729643
92,79,0.386627585461307,0,0,0.00900346355254969,0.00900346355254969
94,79,1.5729990515763193,0,0,-0.12897905908047733,-0.12897905908047733
97,79,1.4922300117375664,0,0,0.15792371601304064,0.15792371601304064
105,79,1.0085531482741925,0,0,0.05535145305790434,0.05535145305790434
106,79,1.432066552189799,0,0,0.1481229721763532,0.1481229721763532
114,79,1.414047790072198,0,0,-0.0002668084528379966,-0.0002668084528379966
115,79,0.14094531730945467,0,0,0.009850395903443193,0.009850395903443193
118,79,1.241163463111147,0,0,0.10777073942353438,0.10777073942353438
122,79,1.095426846698949,0,0,0.11244076469585913,0.11244076469585913
131,79,0.636059278035007,0,0,0.015603383304548107,0.015603383304548107
132,79,1.5660975443659122,0,0,0.08655573645657616,0.08655573645657616
134,79,0.5433456162871636,0,0,0.00207295916416933,0.00207295916416933
139,79,0.8279113376315869,0,0,-0.08516222609030813,-0.08516222609030813
143,79,0.4939919800850442,0,0,-0.0034893940175549365,-0.0034893940175549365
151,79,1.040338185686392,0,0,0.08518939398084834,0.08518939398084834
154,79,0.5690824956417213,0,0,-0.03550090871303199,-0.03550090871303199
162,79,1.450573020273028,0,0,0.13800516624683673,0.13800516624683673
163,79,1.5233923837471601,0,0,-0.21292324963965045,-0.21292324963965045
169,79,1.3607572958660294,0,0,-0.038322056748574695,-0.038322056748574695
180,79,1.5117237440448974,0,0,-0.06867311123915851,-0.06867311123915851
193,79,0.7646560191773359,0,0,0.054144228307448916,0.054144228307448916
194,79,0.5134081662475568,0,0,0.0229465041133676,0.0229465041133676
197,79,0.8482687804171666,0,0,-0.028574982538447452,-0.028574982538447452
203,79,1.4860668708133067,0,0,-0.16037868510606432,-0.16037868510606432
205,79,0.341506116044962,0,0,0.01969910017540355,0.01969910017540355
217,79,0.9374225437402747,0,0,-0.053272288099789206,-0.053272288099789206
219,79,0.5282952943066204,0,0,0.058383127164939125,0.058383127164939125
229,79,0.53689584144944,0,0,0.04275087802314717,0.04275087802314717
232,79,1.359674888949797,0,0,-0.006159530207951569,-0.006159530207951569
233,79,1.556522894573,0,0,-0.2349591161780267,-0.2349591161780267
235,79,1.1892664879016481,0,0,-0.12823507787142494,-0.12823507787142494
238,79,1.3324492515545858,0,0,0.12900824748284498,0.12900824748284498
240,79,1.2923839078190908,0,0,0.1043172304730242,0.1043172304730242
242,79,1.0635668035544836,0,0,-0.019073563075666572,-0.019073563075666572
246,79,0.6085932525811893,0,0,0.034847937052540606,0.034847937052540606
247,79,1.292043842780343,0,0,-0.16787046568184946,-0.16787046568184946
255,79,1.4140798695158439,0,0,-0.040171498870846645,-0.040171498870846645
261,79,0.6330074718616123,0,0,-0.07005467692313874,-0.07005467692313874
268,79,0.9389420081178077,0,0,-0.037654995561272525,-0.037654995561272525
273,79,1.0153163824091984,0,0,-0.00462797913226512,-0.00462797913226512
277,79,1.490493906004217,0,0,0.055048628414039485,0.055048628414039485
282,79,0.688687633938553,0,0,0.03401892337517523,0.03401892337517523
288,79,1.1585760448288411,0,0,-0.11297856767493328,-0.11297856767493328
298,79,0.669865795656506,0,0,0.06228987429467034,0.06228987429467034
309,79,0.9311061569599068,0,0,0.01145147106029959,0.01145147106029959
313,79,1.4185277589766794,0,0,-0.17279703878914668,-0.17279703878914668
326,79,1.526213116324291,0,0,0.08828202579084184,0.08828202579084184
331,79,1.3678468766318959,0,0,-0.04976617457358626,-0.04976617457358626
340,79,1.1649136098098274,0,0,-0.058960672917198115,-0.058960672917198115
343,79,1.1275679367887588,0,0,-0.022527938289069793,-0.022527938289069793
344,79,1.1990602665418422,0,0,-0.09987459099031218,-0.09987459099031218
353,79,0.7414789363572685,0,0,0.07439513826489194,0.07439513826489194
358,79,1.0804501171612195,0,0,0.08293145798720457,0.08293145798720457
370,79,1.4203407125052472,0,0,0.14473788867271514,0.14473788867271514
374,79,1.255850352438369,0,0,0.11743691323434982,0.11743691323434982
385,79,1.4710731386216762,0,0,0.15236000054865512,0.15236000054865512
387,79,0.6396953819702897,0,0,-0.0693162080019202,-0.0693162080019202
388,79,0.5889595630757939,0,0,0.0515555089437407,0.0515555089437407
392,79,0.987384070008532,0,0,-0.02640752173624436,-0.02640752173624436
395,79,0.2930983648717653,0,0,-0.027577812062451135,-0.027577812062451135
397,79,1.1232672977653613,0,0,-0.04463858808215604,-0.04463858808215604
102,80,0.9341929106679804,46,-1,-0.13450664731588646,0.8654933526841135
111,80,0.7216365747994428,0,0,0.09397682865390333,0.09397682865390333
116,80,0.9295702606326738,46,-1,-0.1747065623637345,0.8252934376362655
125,80,1.0920729723272278,0,0,0.1545084405283358,0.1545084405283358
128,80,1.149483777594828,46,-1,-0.12820514921934423,0.8717948507806558
136,80,1.0106707971793731,0,0,0.16748499650865034,0.16748499650865034
157,80,0.7854618299036842,0,0,0.026127761791431392,0.026127761791431392
163,80,1.4972566397001246,0,0,0.2518842657802346,0.2518842657802346
166,80,1.584156223871538,0,0,0.06277705571217007,0.06277705571217007
172,80,0.9429610585706798,0,0,0.08876833893332914,0.08876833893332914
187,80,1.2495114433406072,0,0,0.0811697845877336,0.0811697845877336
189,80,1.1196180095458783,46,-1,-0.15580053367352753,0.8441994663264725
195,80,1.5187660788996764,46,-1,-0.019929118108385824,0.9800708818916142
214,80,1.2513931885040086,46,-1,-0.10005954739589928,0.8999404526041007
223,80,0.6860913030179602,0,0,0.06225900225721315,0.06225900225721315
224,80,1.1828566426938656,46,-1,-0.2142461790406719,0.7857538209593281
225,80,0.8186370373537305,0,0,0.060982912605949235,0.060982912605949235
233,80,1.338059387186924,0,0,0.22984839924185835,0.22984839924185835
236,80,0.3078491908077249,0,0,0.0317196654755858,0.0317196654755858
245,80,1.3287920618807794,0,0,0.08908600016548907,0.08908600016548907
250,80,1.4069576496891623,0,0,0.1568825028398083,0.1568825028398083
257,80,1.206984666142058,46,-1,-0.21952280322426176,0.7804771967757382
264,80,0.6838002073985062,0,0,0.10184752863949154,0.10184752863949154
266,80,0.40906249883210566,0,0,0.02124072108959474,0.02124072108959474
278,80,1.3157818829494166,46,-1,-0.07832583260876458,0.9216741673912354
293,80,0.6750972118405866,0,0,-0.058918487709380796,-0.058918487709380796
294,80,1.183172769978318,0,0,0.07074661133850768,0.07074661133850768
299,80,1.1193473866482126,0,0,0.0858831294673521,0.0858831294673521
311,80,1.3801844877934857,46,-1,-0.034241131055055885,0.9657588689449441
321,80,1.2595490019390336,46,-1,-0.23499063915635343,0.7650093608436466
323,80,0.943007239548503,0,0,0.12378572346304295,0.12378572346304295
324,80,0.6768540200749099,0,0,-0.005916451893182906,-0.005916451893182906
325,80,0.5283057530162609,0,0,-0.0006225044112894151,-0.0006225044112894151
328,80,1.38389362915576,46,-1,-0.23483615382662915,0.7651638461733709
342,80,0.8100507595817514,0,0,0.08875558436603215,0.08875558436603215
352,80,1.2677050437611244,0,0,0.17719611575074934,0.17719611575074934
354,80,1.406529899265168,46,-1,-0.24121688395270469,0.7587831160472953
359,80,1.3251508841559068,46,-1,-0.20019735767538838,0.7998026423246116
373,80,1.160497458202896,46,-1,-0.2282981271646234,0.7717018728353766
86,81,1.5533660164817742,0,0,-0.0793021934915153,-0.0793021934915153
92,81,1.291196627939881,0,0,0.14144707248984612,0.14144707248984612
94,81,1.2511167189998673,0,0,0.003464549856819099,0.003464549856819099
98,81,0.8174297926836267,0,0,-0.09691605447842416,-0.09691605447842416
99,81,1.5788405066670739,0,0,-0.14576724529107749,-0.14576724529107749
103,81,1.5442480414440187,0,0,-0.11641194116143366,-0.11641194116143366
104,81,1.3782091943320518,0,0,-0.09526265039373033,-0.09526265039373033
111,81,1.2310655048848893,0,0,-0.2383870778286853,-0.2383870778286853
115,81,1.0843011554401634,0,0,0.14229400484073962,0.14229400484073962
121,81,1.4626977483751948,0,0,-0.11690119158092638,-0.11690119158092638
125,81,1.1426383044120105,0,0,-0.17785546595425283,-0.17785546595425283
131,81,1.5312371218326715,0,0,0.14804699224184453,0.14804699224184453
134,81,1.3036582495509654,0,0,0.13451656810146576,0.13451656810146576
136,81,0.9534553490163806,0,0,-0.16487890997393828,-0.16487890997393828
137,81,1.5516110571820525,0,0,-0.10928383815802845,-0.10928383815802845
139,81,0.4821932646189065,0,0,0.047281382846988296,0.047281382846988296
143,81,0.9369233360028246,0,0,0.1289542149197415,0.1289542149197415
148,81,1.5501605343646823,0,0,-0.07662134499842183,-0.07662134499842183
154,81,0.6962522753236349,0,0,0.09694270022426443,0.09694270022426443
163,81,0.8565192200250791,0,0,-0.08047964070235403,-0.08047964070235403
180,81,1.3879978477825774,0,0,0.06377049769813792,0.06377049769813792
183,81,1.3826565644080555,0,0,-0.003377023887417785,-0.003377023887417785
184,81,1.446557718769407,0,0,-0.09876733275139055,-0.09876733275139055
191,81,1.1911537524904234,0,0,-0.08244139839117992,-0.08244139839117992
193,81,1.4118563924612382,0,0,0.18658783724474534,0.18658783724474534
194,81,1.176776804614286,0,0,0.15539011305066402,0.15539011305066402
197,81,1.131401353865632,0,0,0.10386862639884897,0.10386862639884897
203,81,0.9080161142497661,0,0,-0.02793507616876789,-0.02793507616876789
205,81,1.1062143127197155,0,0,0.15214270911269998,0.15214270911269998
209,81,1.5703376449143203,0,0,-0.05432607752254354,-0.05432607752254354
212,81,1.4897632811072046,0,0,0.012488893265111767,0.012488893265111767
213,81,1.5040545114317065,0,0,0.027926587416187643,0.027926587416187643
217,81,1.028413552413736,0,0,0.07917132083750722,0.07917132083750722
219,81,1.427215440731721,0,0,0.19082673610223555,0.19082673610223555
225,81,1.3968252269314347,0,0,-0.2713809938766394,-0.2713809938766394
229,81,1.4860734418785908,0,0,0.1751944869604436,0.1751944869604436
233,81,0.7756052692391567,0,0,-0.10251550724073027,-0.10251550724073027
235,81,0.7164888722896473,0,0,0.00420853106587149,0.00420853106587149
239,81,1.1440172706819607,0,0,-0.07974617183241578,-0.07974617183241578
246,81,1.5223218135013827,0,0,0.16729154598983703,0.16729154598983703
247,81,0.5887125303018689,0,0,-0.03542685674455304,-0.03542685674455304
250,81,1.3985918934657655,0,0,-0.1754814036427803,-0.1754814036427803
261,81,0.454295255220202,0,0,0.06238893201415768,0.06238893201415768
264,81,1.4850180999594245,0,0,-0.2305163778430971,-0.2305163778430971
268,81,1.1931070741436187,0,0,0.0947886133760239,0.0947886133760239
282,81,1.3108581573079778,0,0,0.16646253231247166,0.16646253231247166
288,81,0.6874683355650999,0,0,0.019465041262363147,0.019465041262363147
295,81,1.3762509958094302,0,0,-0.15145352491378344,-0.15145352491378344
298,81,1.4385647789136855,0,0,0.19473348323196676,0.19473348323196676
306,81,1.5428003130594494,0,0,0.04372554514467003,0.04372554514467003
313,81,0.7637554842236081,0,0,-0.04035342985185025,-0.04035342985185025
319,81,1.3543199772928205,0,0,-0.12015532531492862,-0.12015532531492862
323,81,1.5627358873115103,0,0,-0.20857818301954567,-0.20857818301954567
331,81,1.4895239482291773,0,0,0.08267743436371017,0.08267743436371017
340,81,1.199085071503978,0,0,0.07348293602009831,0.07348293602009831
341,81,1.3305869338452392,0,0,-0.05142815516201704,-0.05142815516201704
344,81,0.9250290990024469,0,0,0.03256901794698425,0.03256901794698425
351,81,1.354547271957801,0,0,-0.028005034812403296,-0.028005034812403296
352,81,1.0229898924795082,0,0,-0.15516779073183928,-0.15516779073183928
353,81,1.5660335891894275,0,0,0.20683874720218837,0.20683874720218837
371,81,1.531514402222264,0,0,0.009839767023710089,0.009839767023710089
382,81,1.545524026686605,0,0,-0.052148691141363,-0.052148691141363
387,81,0.5101513983369633,0,0,0.06312740093537622,0.06312740093537622
388,81,1.332185045977903,0,0,0.18399911788103712,0.18399911788103712
392,81,1.2492887036738372,0,0,0.10603608720105206,0.10603608720105206
395,81,0.7575959192662062,0,0,0.10486579687484529,0.10486579687484529
397,81,1.2574572315098924,0,0,0.08780502085514039,0.08780502085514039
110,82,1.5770571995533564,0,0,0.024531865219000124,0.024531865219000124
113,82,0.8460759068073538,0,0,0.010167620932751711,0.010167620932751711
118,82,1.4110405014535643,0,0,-0.001058574178193994,-0.001058574178193994
119,82,1.5868214490405164,0,0,-0.0015254991394041822,-0.0015254991394041822
120,82,0.9582965841723975,0,0,-0.020023377258835365,-0.020023377258835365
127,82,1.5667787154236419,0,0,0.07758748440574416,0.07758748440574416
138,82,1.2033682540716528,0,0,0.05268329566496226,0.05268329566496226
142,82,1.266287745647681,0,0,0.04984234371297078,0.04984234371297078
145,82,0.8561306028201431,0,0,-0.05325040535691247,-0.05325040535691247
151,82,1.4822298585255693,0,0,-0.023639919620880037,-0.023639919620880037
161,82,1.5039628275279706,0,0,0.038733288891240635,0.038733288891240635
171,82,1.1237554929737779,0,0,0.017810367844185743,0.017810367844185743
181,82,1.5566741992460267,0,0,-0.018886857355221845,-0.018886857355221845
201,82,1.5901142891255555,0,0,0.0678517529087363,0.0678517529087363
238,82,1.5208129373004062,0,0,0.020178933881116606,0.020178933881116606
248,82,0.5202176768188784,0,0,-0.04218431601202713,-0.04218431601202713
256,82,1.330591879600681,0,0,0.0564739531556469,0.0564739531556469
276,82,1.0680962767558535,0,0,-0.012980949031877853,-0.012980949031877853
277,82,1.0890902424475524,0,0,-0.05378068518768889,-0.05378068518768889
287,82,0.7996114811922512,0,0,-0.055714839679326056,-0.055714839679326056
292,82,0.9329172096971634,0,0,0.02986275745156179,0.02986275745156179
302,82,1.5922597822485343,0,0,0.06480417271964116,0.06480417271964116
304,82,1.111854180803739,0,0,-0.010667874744740957,-0.010667874744740957
332,82,0.6043302630909841,0,0,-0.04505094625114878,-0.04505094625114878
355,82,1.2903302388426245,0,0,-0.06031159187475066,-0.06031159187475066
357,82,0.37654442147379835,0,0,0.0020553162270623843,0.0020553162270623843
358,82,1.4478533489694039,0,0,-0.025897855614523804,-0.025897855614523804
396,82,0.908701145853057,0,0,0.01367269404114739,0.01367269404114739
90,83,0.4653714927417519,0,0,0.007181174321321954,0.007181174321321954
114,83,1.1810643760042785,0,0,-0.02824219148774182,-0.02824219148774182
140,83,0.23314389995677254,0,0,-0.007694480694304645,-0.007694480694304645
145,83,1.1068513665192894,0,0,0.027603525209912078,0.027603525209912078
147,83,0.9967582753936152,0,0,0.03216825957182637,0.03216825957182637
181,83,1.2804915351066888,0,0,0.061967073211602705,0.061967073211602705
198,83,0.8713841128525939,0,0,-0.04061356740398506,-0.04061356740398506
208,83,0.5211339351306642,0,0,-0.031642420532263155,-0.031642420532263155
210,83,1.0146877241493903,0,0,-0.04092399089481619,-0.04092399089481619
248,83,1.450723691527183,0,0,0.03866961455479742,0.03866961455479742
265,83,0.9131618008735792,0,0,-0.0372699063114065,-0.0372699063114065
267,83,0.7352290574427081,0,0,-0.006145395653432473,-0.006145395653432473
276,83,1.5203592828206642,0,0,0.0678729815349467,0.0678729815349467
296,83,0.41029535154209346,0,0,-0.025586649251516824,-0.025586649251516824
304,83,1.5624946650101579,0,0,0.07018605582208359,0.07018605582208359
316,83,1.1403337866921175,0,0,-0.045147872195193506,-0.045147872195193506
327,83,1.4968213833060102,0,0,-0.031965234182799146,-0.031965234182799146
348,83,0.8158581918093146,0,0,-0.0142708908669886,-0.0142708908669886
355,83,0.6783776521765759,0,0,0.02054233869207389,0.02054233869207389
360,83,0.7783191488223455,0,0,-0.03660127837978017,-0.03660127837978017
378,83,1.2034869404831237,0,0,-0.0508885858638389,-0.0508885858638389
85,84,0.6425172083501657,0,0,0.02377322747562932,0.02377322747562932
91,84,0.8670388299256117,0,0,0.04706132564304649,0.04706132564304649
117,84,1.30837512780277,0,0,0.08383614457416766,0.08383614457416766
123,84,1.2833583140652087,0,0,-0.0476784038923857,-0.0476784038923857
135,84,1.4930609022722494,0,0,-0.05623224978028038,-0.05623224978028038
152,84,1.030647355525635,0,0,0.05991120339615835,0.05991120339615835
165,84,1.3185935934736526,0,0,0.010842868317242516,0.010842868317242516
174,84,1.274568045082972,0,0,0.021212569434197137,0.021212569434197137
182,84,0.8981925665286011,0,0,-0.006813626103570197,-0.006813626103570197
204,84,1.1719023632586962,0,0,0.029349955999400434,0.029349955999400434
218,84,1.030032411035979,0,0,-0.03567998636245798,-0.03567998636245798
220,84,0.6427131501698424,0,0,0.025546599360770028,0.025546599360770028
221,84,1.5489184330239116,0,0,-0.036334102557199405,-0.036334102557199405
228,84,1.358965475056605,0,0,0.08156145027957035,0.08156145027957035
234,84,0.9566768019050536,0,0,0.034398725036387356,0.034398725036387356
241,84,1.4664845633361077,0,0,-0.04601815462716091,-0.04601815462716091
253,84,1.2821513856371385,0,0,0.015413764524580431,0.015413764524580431
254,84,1.3910041855361852,0,0,0.03570317648463894,0.03570317648463894
260,84,0.6975961595631707,0,0,-0.01672016302219298,-0.01672016302219298
262,84,0.5741863870682419,0,0,-0.00789181962998839,-0.00789181962998839
263,84,1.0651666566381357,0,0,-0.014196287774118549,-0.014196287774118549
271,84,1.507598467385019,0,0,-0.05049055594027141,-0.05049055594027141
272,84,1.5491611017554205,0,0,0.039751973690290376,0.039751973690290376
307,84,1.5727196495522944,0,0,-0.061328490327958424,-0.061328490327958424
311,84,1.3731295385469167,0,0,0.05099367243330194,0.05099367243330194
317,84,1.0418963472622333,0,0,-0.01744333158329814,-0.01744333158329814
330,84,0.8095088768992815,0,0,-0.024184462699173792,-0.024184462699173792
338,84,1.0481197795759098,0,0,0.016611377162606467,0.016611377162606467
347,84,1.5599620220349832,0,0,-0.05166014978430544,-0.05166014978430544
363,84,1.3092943868232465,1,1,0.06319385831263569,-0.9368061416873643
369,84,1.4963368652548332,0,0,0.019758089933843315,0.019758089933843315
379,84,1.567010712982141,0,0,-0.05079281246226741,-0.05079281246226741
383,84,0.819389769230956,0,0,-0.029518329686431005,-0.029518329686431005
389,84,1.369807596448387,0,0,-0.031767698002027944,-0.031767698002027944
393,84,0.8819826367960638,0,0,-0.008088126648990557,-0.008088126648990557
91,85,0.4610562733952423,0,0,0.02328809816741717,0.02328809816741717
117,85,0.8679684998081069,0,0,0.06006291709853834,0.06006291709853834
123,85,1.5878645868061554,0,0,-0.07145163136801502,-0.07145163136801502
152,85,0.7149250227013204,0,0,0.03613797592052903,0.03613797592052903
155,85,1.3712772453383766,0,0,0.08358911092673788,0.08358911092673788
174,85,1.5598570703519938,0,0,-0.0025606580414321845,-0.0025606580414321845
182,85,0.8344074675229635,0,0,-0.03058685357919952,-0.03058685357919952
204,85,1.3960648412961223,0,0,0.005576728523771113,0.005576728523771113
218,85,1.2977476930525083,0,0,-0.0594532138380873,-0.0594532138380873
220,85,0.06279644623738347,0,0,0.0017733718851407065,0.0017733718851407065
228,85,0.7708023780384631,0,0,0.057788222803941025,0.057788222803941025
234,85,0.5184473350937315,0,0,0.010625497560758035,0.010625497560758035
253,85,1.5339018186939921,0,0,-0.00835946295104889,-0.00835946295104889
254,85,1.5977108094612669,0,0,0.011929949009009622,0.011929949009009622
260,85,0.8870879763290536,0,0,-0.0404933904978223,-0.0404933904978223
262,85,1.1304695332968433,0,0,-0.03166504710561771,-0.03166504710561771
263,85,1.0337481154956498,0,0,-0.03796951524974787,-0.03796951524974787
311,85,0.9890334730696921,0,0,0.027220444957672618,0.027220444957672618
317,85,1.5749021444639257,0,0,-0.04121655905892746,-0.04121655905892746
330,85,1.130976678983183,0,0,-0.047957690174803114,-0.047957690174803114
338,85,1.3527585596628136,0,0,-0.007161850313022855,-0.007161850313022855
363,85,1.3561033046964133,1,1,0.03942063083700631,-0.9605793691629937
383,85,1.4409460221718595,0,0,-0.05329155716206033,-0.05329155716206033
393,85,1.3504850915133966,0,0,-0.03186135412461988,-0.03186135412461988
94,86,0.7797233767610262,0,0,0.08276674334833439,0.08276674334833439
100,86,0.8489775203750184,0,0,-0.0678433181135158,-0.0678433181135158
108,86,1.1050162265907997,0,0,-0.16948514966124856,-0.16948514966124856
109,86,1.1690717257915695,0,0,0.050555856851604686,0.050555856851604686
111,86,1.4916804366486232,0,0,-0.15908488433717,-0.15908488433717
121,86,0.3175837081204932,0,0,-0.037598998089411084,-0.037598998089411084
125,86,1.0773359551339459,0,0,-0.09855327246273754,-0.09855327246273754
136,86,1.332997253554135,0,0,-0.08557671648242299,-0.08557671648242299
144,86,1.4467133039747568,0,0,-0.058139824687399755,-0.058139824687399755
146,86,0.5239986920078481,0,0,-0.026825580741239585,-0.026825580741239585
148,86,0.1578931684154908,0,0,0.0026808484930934684,0.0026808484930934684
153,86,0.9854987682885291,0,0,-0.053825197543541425,-0.053825197543541425
156,86,0.7266604556648129,0,0,0.0042424839503970024,0.0042424839503970024
159,86,0.8132593004069667,0,0,-0.007557120231783676,-0.007557120231783676
163,86,0.869524851896306,0,0,-0.0011774472108387335,-0.0011774472108387335
167,86,1.5421152266075042,0,0,0.13471870694793692,0.13471870694793692
168,86,1.2730105934525697,0,0,-0.04456242736151139,-0.04456242736151139
187,86,1.0373974625366285,0,0,-0.17189192840333972,-0.17189192840333972
197,86,1.5865604611252573,0,0,0.18317081989036427,0.18317081989036427
203,86,0.7026869122437465,0,0,0.0513671173227474,0.0513671173227474
206,86,0.7802729222598436,0,0,-0.11670230170994383,-0.11670230170994383
209,86,0.4162802196798467,0,0,0.024976115968971757,0.024976115968971757
212,86,0.957209925880559,0,0,0.09179108675662706,0.09179108675662706
222,86,0.9191747827107994,0,0,0.040868609246717535,0.040868609246717535
225,86,1.3420623597441441,0,0,-0.1920788003851241,-0.1920788003851241
230,86,1.4872779466963306,0,0,-0.019337245927781632,-0.019337245927781632
233,86,1.0468084632519428,0,0,-0.02321331374921498,-0.02321331374921498
235,86,0.9993348792841633,0,0,0.08351072455738678,0.08351072455738678
239,86,0.44630377476068794,0,0,-0.00044397834090048605,-0.00044397834090048605
247,86,0.9956314764780579,0,0,0.04387533674696226,0.04387533674696226
268,86,1.5431602224409282,0,0,0.1740908068675392,0.1740908068675392
269,86,1.4043251242774626,0,0,-0.03580047489437255,-0.03580047489437255
274,86,0.8185528113876807,0,0,0.03892866851160548,0.03892866851160548
281,86,0.3999001918743901,0,0,-0.005566158715560154,-0.005566158715560154
283,86,1.5139556075955551,0,0,-0.019337245927781688,-0.019337245927781688
288,86,1.0351716476802448,0,0,0.09876723475387844,0.09876723475387844
306,86,1.2282667270136618,0,0,0.12302773863618532,0.12302773863618532
308,86,0.6719997711726213,0,0,0.028323535491498575,0.028323535491498575
313,86,0.8124615050056857,0,0,0.03894876363966504,0.03894876363966504
315,86,0.6552164790106911,0,0,-0.08149876341638296,-0.08149876341638296
329,86,0.9840118262062622,0,0,-0.0006019345731527737,-0.0006019345731527737
336,86,1.1870650101746145,0,0,-0.15495026598398215,-0.15495026598398215
340,86,1.33270959181779,0,0,0.1527851295116136,0.1527851295116136
344,86,1.0276530965870976,0,0,0.11187121143849954,0.11187121143849954
366,86,1.0674815289963582,0,0,-0.013162880485913409,-0.013162880485913409
371,86,0.9287048579240152,0,0,0.08914196051522538,0.08914196051522538
376,86,1.0504621560572382,0,0,0.08970825807903493,0.08970825807903493
381,86,1.2146545642053683,0,0,-0.17550977290903474,-0.17550977290903474
387,86,1.5633502552173844,0,0,0.14242959442689151,0.14242959442689151
392,86,1.545348610828479,0,0,0.18533828069256736,0.18533828069256736
397,86,1.3910362030523877,0,0,0.16710721434665568,0.16710721434665568
89,87,1.2425522378278295,0,0,-0.12395088007694746,-0.12395088007694746
101,87,0.5518499688617572,0,0,0.06816210427406146,0.06816210427406146
127,87,1.1780615345638867,0,0,-0.122288277831411,-0.122288277831411
129,87,1.5890349946073885,0,0,-0.06484725058308446,-0.06484725058308446
135,87,1.3286431167569406,0,0,0.08502035547259322,0.08502035547259322
142,87,1.4311062047517054,0,0,-0.1500334185241844,-0.1500334185241844
164,87,0.5028308853576225,0,0,-0.05144557592199465,-0.05144557592199465
165,87,1.512917226443424,0,0,0.1520954735701161,0.1520954735701161
177,87,1.2161254848973202,0,0,-0.10376568028517796,-0.10376568028517796
179,87,1.3612021836610864,0,0,-0.12309327260104172,-0.12309327260104172
199,87,0.3230434858396675,0,0,0.02576342951019632,0.02576342951019632
200,87,1.0573358790228922,0,0,-0.0663801272520256,-0.0663801272520256
207,87,1.5596156342164351,0,0,-0.03372932374097748,-0.03372932374097748
211,87,1.4314859313732498,0,0,-0.13410194583346244,-0.13410194583346244
214,87,1.1076451579278563,0,0,0.12642786134533213,0.12642786134533213
221,87,0.9244905585545541,0,0,0.1049185026956742,0.1049185026956742
224,87,1.187331516060842,0,0,0.012241229700559506,0.012241229700559506
241,87,1.0092634754816836,0,0,0.09523445062571269,0.09523445062571269
249,87,0.4501371098171892,0,0,0.04194872287414746,0.04194872287414746
253,87,1.5496649238906877,0,0,0.15666636977745402,0.15666636977745402
256,87,1.3022905368141928,0,0,-0.14340180908150826,-0.14340180908150826
257,87,1.3511794138758038,0,0,0.006964605516969605,0.006964605516969605
271,87,1.046336103475366,0,0,0.09076204931260219,0.09076204931260219
275,87,0.8451573164927737,0,0,-0.08792587244892484,-0.08792587244892484
278,87,1.209762334505392,0,0,0.14816157613246678,0.14816157613246678
279,87,0.6506601097357463,0,0,0.08047499789706421,0.08047499789706421
286,87,0.816924442330553,0,0,-0.09619246236378594,-0.09619246236378594
302,87,1.135059200897759,0,0,-0.135071589517514,-0.135071589517514
305,87,0.6138679620366216,0,0,-0.03030064023304091,-0.03030064023304091
307,87,1.4332532346331532,0,0,0.07992411492491518,0.07992411492491518
314,87,0.7049737141982345,0,0,-0.05090549566959595,-0.05090549566959595
317,87,1.469700165648901,0,0,0.12380927366957546,0.12380927366957546
318,87,0.8356777727250486,0,0,0.08781031278682806,0.08781031278682806
321,87,1.3200522260958822,0,0,-0.008503230415121979,-0.008503230415121979
334,87,1.2182974823685138,0,0,-0.10253395076524373,-0.10253395076524373
335,87,1.122930067374345,0,0,-0.1292901704984637,-0.1292901704984637
337,87,1.2487061275706701,0,0,-0.068804107003504,-0.068804107003504
354,87,1.0070855806715036,0,0,-0.014729475211473275,-0.014729475211473275
359,87,0.9179843395949312,0,0,0.026290051065843048,0.026290051065843048
365,87,1.1468334504347,0,0,-0.022148864251238937,-0.022148864251238937
369,87,1.5312207154820148,0,0,0.1610106951867169,0.1610106951867169
372,87,0.752039908865874,0,0,0.09754145707704863,0.09754145707704863
373,87,1.3719155001125707,0,0,-0.0018107184233920048,-0.0018107184233920048
379,87,0.9556767651226248,0,0,0.09045979279060619,0.09045979279060619
380,87,0.8013699105082507,0,0,0.0680332693517119,0.0680332693517119
384,87,1.1800584003359047,0,0,-0.10620981157397014,-0.10620981157397014
385,87,1.521795745865428,0,0,-0.1563450752902284,-0.1563450752902284
386,87,0.48164068966148615,0,0,0.06318158887908694,0.06318158887908694
389,87,1.012874822196639,0,0,0.10948490725084566,0.10948490725084566
390,87,1.5769237680689892,0,0,-0.12111300900518654,-0.12111300900518654
391,87,1.4391293654060127,0,0,0.05988382028839119,0.05988382028839119
93,88,1.477434420782783,0,0,0.025607125343870468,0.025607125343870468
102,88,1.175156016377004,0,0,0.07807028946202818,0.07807028946202818
116,88,1.2447083146982383,0,0,0.03787037441418015,0.03787037441418015
123,88,1.382312411200682,0,0,0.07966372939717106,0.07966372939717106
128,88,1.1393544181377682,0,0,0.08437178755857033,0.08437178755857033
129,88,1.142537666773015,0,0,-0.0787577225464013,-0.0787577225464013
158,88,0.5367485432137448,0,0,0.03690422945771246,0.03690422945771246
178,88,0.8301681683453194,0,0,-0.04121987423685719,-0.04121987423685719
186,88,0.47271012648779737,0,0,-0.012032717008426896,-0.012032717008426896
188,88,0.9291609474177822,0,0,0.05644959184969034,0.05644959184969034
189,88,1.0154134052142578,0,0,0.056776403104387085,0.056776403104387085
215,88,1.549852803068448,0,0,-0.11583356949531347,-0.11583356949531347
224,88,1.398758642288871,0,0,-0.0016692422627573311,-0.0016692422627573311
237,88,0.7547913791425619,0,0,0.05050904693003394,0.05050904693003394
251,88,0.9490684859182801,0,0,0.055899456963478644,0.055899456963478644
257,88,1.2675501413851737,0,0,-0.006945866446347232,-0.006945866446347232
321,88,1.2977150166060305,0,0,-0.022413702378438816,-0.022413702378438816
328,88,0.954347571878587,0,0,-0.02225921704871453,-0.02225921704871453
339,88,0.24162381241141745,0,0,0.014382306845412307,0.014382306845412307
346,88,0.9139707045097217,0,0,-0.08276935650975974,-0.08276935650975974
347,88,1.2264311349227066,0,0,0.07568198350525132,0.07568198350525132
350,88,1.4238487664328556,0,0,-0.1147771876632387,-0.1147771876632387
364,88,1.339631235376428,0,0,-0.11175997420999055,-0.11175997420999055
367,88,0.7261042171817454,0,0,0.024762406909967255,0.024762406909967255
373,88,1.4483652604420918,0,0,-0.01572119038670884,-0.01572119038670884
97,89,0.8467510292329898,0,0,-0.026830479748895412,-0.026830479748895412
101,89,1.5923226958804004,0,0,0.19211298435100893,0.19211298435100893
106,89,0.3773716846115494,0,0,-0.036631223585582864,-0.036631223585582864
113,89,1.0811093170229675,0,0,-0.06575726122745598,-0.06575726122745598
116,89,1.5028171488180366,0,0,0.17573172645444446,0.17573172645444446
118,89,0.7043395677564067,0,0,-0.07698345633840169,-0.07698345633840169
120,89,1.2640212219737215,0,0,-0.09594825941904306,-0.09594825941904306
122,89,1.1558088300185578,0,0,-0.07231343106607693,-0.07231343106607693
127,89,1.0830431740401798,0,0,0.0016626022455364653,0.0016626022455364653
129,89,1.0968705956990836,0,0,0.059103629493863,0.059103629493863
142,89,1.1341084808632746,0,0,-0.026082538447236913,-0.026082538447236913
143,89,1.4806996791624658,0,0,-0.188243589779491,-0.188243589779491
151,89,0.8601156453578592,0,0,-0.09956480178108773,-0.09956480178108773
162,89,0.9449431043504457,0,0,-0.04674902951509935,-0.04674902951509935
164,89,0.7603648291759072,0,0,0.07250530415495282,0.07250530415495282
176,89,1.3166811082435836,0,0,-0.008329158122043687,-0.008329158122043687
177,89,1.3603902073023855,0,0,0.020185199791769498,0.020185199791769498
178,89,1.4236409645143349,0,0,0.09664147780340711,0.09664147780340711
179,89,0.25064983197706103,0,0,0.0008576074759057521,0.0008576074759057521
192,89,1.147059525098786,0,0,0.012443021748847137,0.012443021748847137
193,89,1.058651007074171,0,0,-0.13060996745448714,-0.13060996745448714
194,89,1.2976065319408265,0,0,-0.16180769164856845,-0.16180769164856845
199,89,1.5555923360836141,0,0,0.1497143095871438,0.1497143095871438
200,89,0.4935191308419878,0,0,0.057570752824921856,0.057570752824921856
202,89,1.2436703901396344,0,0,-0.02502953957022715,-0.02502953957022715
205,89,1.4666177334183526,0,0,-0.1650550955865325,-0.1650550955865325
211,89,0.2741268216678781,0,0,-0.01015106575651498,-0.01015106575651498
214,89,1.4303410040504374,0,0,0.25037874142227956,0.25037874142227956
215,89,1.1413624646160618,0,0,0.022027782544950834,0.022027782544950834
219,89,1.3261374628376958,0,0,-0.12637106859699693,-0.12637106859699693
224,89,1.0744495127597016,0,0,0.13619210977750698,0.13619210977750698
238,89,0.520230269670132,0,0,-0.05574594827909109,-0.05574594827909109
243,89,1.4371793887729767,0,0,-0.022778102793597845,-0.022778102793597845
249,89,1.1879851983647702,0,0,0.16589960295109493,0.16589960295109493
252,89,0.6224718174469679,0,0,-0.0035660681802199036,-0.0035660681802199036
256,89,0.9401736449549148,0,0,-0.01945092900456079,-0.01945092900456079
257,89,1.1251396439159154,0,0,0.13091548559391708,0.13091548559391708
270,89,1.548440428126414,0,0,-0.016418120443568312,-0.016418120443568312
275,89,0.40083361128947603,0,0,0.03602500762802262,0.03602500762802262
277,89,1.5017187064905402,0,0,-0.12970556734789657,-0.12970556734789657
282,89,1.208879068274217,0,0,-0.15073527238676082,-0.15073527238676082
286,89,0.5215913853816806,0,0,0.027758417713161523,0.027758417713161523
297,89,1.5780571833088142,0,0,-0.004157737302940938,-0.004157737302940938
298,89,1.1312709413870154,0,0,-0.12246432146726573,-0.12246432146726573
302,89,0.5060849417075821,0,0,-0.011120709440566527,-0.011120709440566527
303,89,1.3735503055431784,0,0,-0.038225826682447936,-0.038225826682447936
305,89,0.718378238622557,0,0,0.09365023984390655,0.09365023984390655
314,89,1.3424673519330332,0,0,0.07304538440735152,0.07304538440735152
321,89,1.0503664199166398,0,0,0.11544764966182548,0.11544764966182548
322,89,0.7936789765197697,0,0,-0.016321820576489,-0.016321820576489
328,89,1.366158599032094,0,0,0.11560213499154977,0.11560213499154977
334,89,0.3123932782798629,0,0,0.02141692931170374,0.02141692931170374
335,89,0.3592783989368126,0,0,-0.005339290421516225,-0.005339290421516225
353,89,1.1146213574804753,0,0,-0.11035905749704412,-0.11035905749704412
354,89,0.7527403190847348,0,0,0.10922140486547419,0.10922140486547419
358,89,0.8856529375899207,0,0,-0.1018227377747315,-0.1018227377747315
359,89,0.959728670180399,0,0,0.15024093114279052,0.15024093114279052
364,89,1.4803596996349933,0,0,0.026101377830273748,0.026101377830273748
370,89,0.8569098411284594,0,0,-0.04001630708922092,-0.04001630708922092
373,89,1.011423405339642,0,0,0.12214016165355546,0.12214016165355546
374,89,1.3009481874708373,0,0,-0.06731728252758624,-0.06731728252758624
384,89,0.17459919766556392,0,0,0.017741068502977332,0.017741068502977332
385,89,0.294842855581143,0,0,-0.032394195213280935,-0.032394195213280935
386,89,1.4549092493826687,0,0,0.18713246895603441,0.18713246895603441
388,89,1.1559586199477032,0,0,-0.13319868681819536,-0.13319868681819536
390,89,0.5450007800399047,0,0,0.0028378710717609328,0.0028378710717609328
392,89,1.5176638805007163,0,0,-0.2111617174981804,-0.2111617174981804
399,89,1.2799057393762627,0,0,0.012376514910377676,0.012376514910377676
105,90,1.498955382764969,0,0,0.020194895701678567,0.020194895701678567
114,90,0.9659439459353423,0,0,-0.03542336580906377,-0.03542336580906377
119,90,1.5222894832456877,0,0,0.07214725710609841,0.07214725710609841
132,90,1.4273391016481598,0,0,0.051399179100350384,0.051399179100350384
140,90,0.6408537502088208,0,0,-0.014875655015626599,-0.014875655015626599
145,90,1.2859295476328598,0,0,0.020422350888590124,0.020422350888590124
147,90,0.5843250042168711,0,0,0.024987085250504415,0.024987085250504415
181,90,0.9818674936629357,0,0,0.05478589889028075,0.05478589889028075
198,90,1.0110685228237415,0,0,-0.04779474172530701,-0.04779474172530701
208,90,0.9116820415625877,0,0,-0.03882359485358511,-0.03882359485358511
210,90,1.049590217833853,0,0,-0.04810516521613814,-0.04810516521613814
248,90,1.5780835296377027,0,0,0.03148844023347547,0.03148844023347547
265,90,1.27281273513863,0,0,-0.04445108063272846,-0.04445108063272846
267,90,0.4132363711335166,0,0,-0.013326569974754426,-0.013326569974754426
273,90,1.489130191055864,0,0,-0.039784536488490896,-0.039784536488490896
276,90,1.3837213328971292,0,0,0.06069180721362474,0.06069180721362474
296,90,0.746259866189243,0,0,-0.03276782357283878,-0.03276782357283878
304,90,1.4077384477675334,0,0,0.06300488150076164,0.06300488150076164
309,90,1.4525382118180596,0,0,-0.023705086295926187,-0.023705086295926187
316,90,1.5060462639197751,0,0,-0.05232904651651546,-0.05232904651651546
326,90,1.5885580387171554,0,0,0.05312546843461606,0.05312546843461606
348,90,1.2241050836851137,0,0,-0.021452065188310554,-0.021452065188310554
355,90,0.8802216743793764,0,0,0.013361164370751938,0.013361164370751938
360,90,1.0633663236636373,0,0,-0.04378245270110212,-0.04378245270110212
378,90,1.328642078502944,0,0,-0.05806976018516086,-0.05806976018516086
117,91,0.4481539126147191,0,0,0.03677481893112117,0.03677481893112117
126,91,1.482038863388293,1,1,0.11572479449761097,-0.884275205502389
150,91,1.5608673757449514,1,1,0.11955507605285731,-0.8804449239471427
152,91,0.2602906264929038,0,0,0.01284987775311186,0.01284987775311186
155,91,0.9185731303178705,0,0,0.060301012759320705,0.060301012759320705
165,91,1.4551108944888513,0,0,-0.03621845732580398,-0.03621845732580398
166,91,1.549258552460389,1,1,0.1009505335574814,-0.8990494664425186
174,91,1.3607204781837605,0,0,-0.025848756208849355,-0.025848756208849355
175,91,1.275221322007415,1,1,0.07548087051973285,-0.9245191294802672
182,91,1.2549834564589928,0,0,-0.05387495174661669,-0.05387495174661669
195,91,1.5742062051536228,0,0,0.018244359736925453,0.018244359736925453
204,91,1.1811165837045785,0,0,-0.017711369643646058,-0.017711369643646058
220,91,0.40113200126846965,0,0,-0.021514726282276464,-0.021514726282276464
228,91,0.8698543822421348,0,0,0.034500124636523855,0.034500124636523855
234,91,0.8512309733643412,0,0,-0.012662600606659136,-0.012662600606659136
253,91,1.3514843953252056,0,0,-0.03164756111846606,-0.03164756111846606
254,91,1.3577120076890146,0,0,-0.011358149158407549,-0.011358149158407549
260,91,1.27251719240711,0,0,-0.06378148866523947,-0.06378148866523947
262,91,1.1768125003438283,0,0,-0.05495314527303488,-0.05495314527303488
263,91,1.4036528012130884,0,0,-0.06125761341716504,-0.06125761341716504
272,91,1.5081329295490844,0,0,-0.007309351952756116,-0.007309351952756116
311,91,1.2232352505774022,0,0,0.003932346790255448,0.003932346790255448
317,91,1.5567423576114054,0,0,-0.06450465722634463,-0.06450465722634463
330,91,1.51441574854037,0,0,-0.07124578834222028,-0.07124578834222028
338,91,1.1802855715245923,0,0,-0.030449948480440026,-0.030449948480440026
363,91,0.9967811915004315,1,1,0.01613253266958914,-0.9838674673304109
369,91,1.5014790275313334,0,0,-0.027303235709203177,-0.027303235709203177
383,91,1.5998313782880447,0,0,-0.0765796553294775,-0.0765796553294775
393,91,1.2873100780643514,0,0,-0.05514945229203705,-0.05514945229203705
105,92,0.709130634339456,0,0,0.04634798950535465,0.04634798950535465
107,92,1.5995332501042705,0,0,0.10809727132172385,0.10809727132172385
114,92,1.0572913064950158,0,0,-0.009270272005387686,-0.009270272005387686
115,92,0.2515222947878194,0,0,0.0008469323508935034,0.0008469323508935034
118,92,1.4292203515511026,0,0,0.09876727587098469,0.09876727587098469
122,92,1.1272884960428136,0,0,0.10343730114330944,0.10343730114330944
131,92,0.26108009469981164,0,0,0.006599919751998418,0.006599919751998418
132,92,1.3111848587455197,0,0,0.07755227290402647,0.07755227290402647
134,92,0.24378132746769274,0,0,-0.00693050438838036,-0.00693050438838036
139,92,1.0089013789724663,0,0,-0.09416568964285782,-0.09416568964285782
143,92,0.8314388353151235,0,0,-0.012492857570104626,-0.012492857570104626
151,92,1.23599038600844,0,0,0.07618593042829865,0.07618593042829865
154,92,0.9130175264665038,0,0,-0.04450437226558168,-0.04450437226558168
162,92,1.5223968054990458,0,0,0.129001702694287,0.129001702694287
169,92,1.1869891814629305,0,0,-0.047325520301124385,-0.047325520301124385
180,92,1.4567836220600021,0,0,-0.0776765747917082,-0.0776765747917082
190,92,1.5950772959053965,0,0,-0.08310612994325878,-0.08310612994325878
193,92,1.0009068933569458,0,0,0.045140764754899226,0.045140764754899226
194,92,0.7933559555647991,0,0,0.01394304056081791,0.01394304056081791
196,92,1.454288121222023,0,0,-0.045218337167264755,-0.045218337167264755
197,92,1.1174378360802768,0,0,-0.03757844609099714,-0.03757844609099714
205,92,0.6188092366316228,0,0,0.01069563662285386,0.01069563662285386
210,92,1.5448483078833826,0,0,-0.021952071412462054,-0.021952071412462054
217,92,0.8936902661221565,0,0,-0.062275751652338895,-0.062275751652338895
219,92,0.6283385082156264,0,0,0.049379663612389435,0.049379663612389435
227,92,1.4366946684275657,0,0,-0.0460240467698462,-0.0460240467698462
229,92,0.3194573594027197,0,0,0.03374741447059748,0.03374741447059748
232,92,1.5215843335133827,0,0,-0.015162993760501259,-0.015162993760501259
235,92,1.5440094892729896,0,0,-0.13723854142397462,-0.13723854142397462
238,92,1.5331523424279125,0,0,0.12000478393029529,0.12000478393029529
240,92,1.1614457929852882,0,0,0.09531376692047451,0.09531376692047451
242,92,0.771978679561284,0,0,-0.02807702662821626,-0.02807702662821626
246,92,0.30254028354778867,0,0,0.025844473499990916,0.025844473499990916
259,92,1.463576389843363,0,0,-0.051283368156458675,-0.051283368156458675
261,92,0.8980698041410817,0,0,-0.07905814047568843,-0.07905814047568843
267,92,1.4247164412809183,0,0,0.01282652382892166,0.01282652382892166
268,92,1.2108642397414404,0,0,-0.046658459113822215,-0.046658459113822215
273,92,0.6678798532356176,0,0,-0.01363144268481481,-0.01363144268481481
282,92,0.9411928034887204,0,0,0.02501545982262554,0.02501545982262554
288,92,1.493786568601345,0,0,-0.12198203122748297,-0.12198203122748297
298,92,0.8560471982057116,0,0,0.05328641074212065,0.05328641074212065
309,92,0.5456660210548396,0,0,0.0024480075077498997,0.0024480075077498997
326,92,1.3031173811642087,0,0,0.07927856223829215,0.07927856223829215
331,92,1.2362578003565574,0,0,-0.05876963812613595,-0.05876963812613595
340,92,1.4169766037506581,0,0,-0.0679641364697478,-0.0679641364697478
343,92,0.826055214767864,0,0,-0.03153140184161948,-0.03153140184161948
344,92,1.5229494156771621,0,0,-0.10887805454286187,-0.10887805454286187
353,92,0.8571450963627024,0,0,0.06539167471234225,0.06539167471234225
358,92,1.2828965125075944,0,0,0.07392799443465488,0.07392799443465488
370,92,1.5142064162910367,0,0,0.13573442512016545,0.13573442512016545
374,92,1.2207778297812932,0,0,0.10843344968180013,0.10843344968180013
378,92,1.5556608377976173,0,0,-0.03191666638148477,-0.03191666638148477
387,92,0.9952446886519527,0,0,-0.0783196715544699,-0.0783196715544699
388,92,0.8140987249185427,0,0,0.04255204539119101,0.04255204539119101
392,92,1.266438829279733,0,0,-0.03541098528879405,-0.03541098528879405
395,92,0.5586114961013805,0,0,-0.036581275615000824,-0.036581275615000824
397,92,1.4039894935948527,0,0,-0.05364205163470573,-0.05364205163470573
123,93,1.5226766449379263,0,0,0.054056604053300594,0.054056604053300594
135,93,0.9359785272302719,0,0,0.045502758165405915,0.045502758165405915
158,93,1.2609890938650679,0,0,0.011297104113841994,0.011297104113841994
188,93,1.4869325270590412,0,0,0.03084246650581987,0.03084246650581987
199,93,1.4057264700811658,0,0,-0.013754167796990985,-0.013754167796990985
207,93,0.8269021433600245,0,0,-0.07324692104816478,-0.07324692104816478
216,93,1.001798181184441,0,0,-0.09250636623593401,-0.09250636623593401
237,93,1.2472546060851581,0,0,0.024901921586163472,0.024901921586163472
241,93,1.4398930532814644,0,0,0.05571685331852538,0.05571685331852538
251,93,0.9818418666156877,0,0,0.030292331619608176,0.030292331619608176
271,93,1.212098703672483,0,0,0.05124445200541489,0.05124445200541489
307,93,0.7944493283430574,0,0,0.04040651761772787,0.04040651761772787
318,93,1.3730880410581057,0,0,0.04829271547964076,0.04829271547964076
337,93,1.3712165075046772,0,0,-0.10832170431069132,-0.10832170431069132
339,93,1.3961672743653264,0,0,-0.011224818498458161,-0.011224818498458161
365,93,1.206784138419728,0,0,-0.06166646155842624,-0.06166646155842624
367,93,0.9232235134268587,0,0,-0.0008447184339032132,-0.0008447184339032132
379,93,1.2372835292927566,0,0,0.050942195483418884,0.050942195483418884
380,93,1.1319183022344361,0,0,0.028515672044524598,0.028515672044524598
383,93,1.562879873978643,0,0,0.07221667825925529,0.07221667825925529
391,93,0.5288281329109339,0,0,0.020366222981203885,0.020366222981203885
109,94,1.0495657480740395,0,0,-0.03221088649672971,-0.03221088649672971
121,94,0.9114228118017038,0,0,-0.12036574143774548,-0.12036574143774548
125,94,1.3118963625791602,0,0,-0.18132001581107193,-0.18132001581107193
136,94,1.4755875617559187,0,0,-0.16834345983075738,-0.16834345983075738
139,94,1.4859550742960717,0,0,0.0438168329901692,0.0438168329901692
141,94,1.5749404116608843,0,0,0.059910487698463855,0.059910487698463855
143,94,1.1401511740133434,0,0,0.1254896650629224,0.1254896650629224
146,94,1.2644022697439465,0,0,-0.10959232408957398,-0.10959232408957398
148,94,0.733286957406641,0,0,-0.08008589485524092,-0.08008589485524092
154,94,1.016351311680799,0,0,0.09347815036744533,0.09347815036744533
156,94,1.1801370997934901,0,0,-0.07852425939793739,-0.07852425939793739
159,94,1.313094559409011,0,0,-0.09032386358011807,-0.09032386358011807
163,94,0.8684111048429465,0,0,-0.08394419055917313,-0.08394419055917313
167,94,0.8833305617846505,0,0,0.051951963599602524,0.051951963599602524
187,94,1.3868509474237432,0,0,-0.2546586717516741,-0.2546586717516741
193,94,1.4768934265668476,0,0,0.18312328738792624,0.18312328738792624
194,94,1.3578965099103417,0,0,0.15192556319384493,0.15192556319384493
197,94,0.8601742846859727,0,0,0.10040407654202987,0.10040407654202987
203,94,0.48661933351811804,0,0,-0.03139962602558699,-0.03139962602558699
205,94,1.3985174291579963,0,0,0.14867815925588088,0.14867815925588088
206,94,1.4799618151642946,0,0,-0.19946904505827823,-0.19946904505827823
209,94,0.55201577804282,0,0,-0.057790627379362636,-0.057790627379362636
212,94,0.4081811458649482,0,0,0.009024343408292668,0.009024343408292668
222,94,0.8532793255688325,0,0,-0.04189813410161686,-0.04189813410161686
225,94,1.5674596921137225,0,0,-0.2748455437334585,-0.2748455437334585
232,94,1.075001227787635,0,0,0.12281952887252576,0.12281952887252576
233,94,1.1057382834729477,0,0,-0.10598005709754937,-0.10598005709754937
235,94,0.5934060716018225,0,0,0.0007439812090523912,0.0007439812090523912
239,94,0.668942540129259,0,0,-0.08321072168923488,-0.08321072168923488
247,94,0.7940893533972473,0,0,-0.038891406601372136,-0.038891406601372136
255,94,0.8537361059519182,0,0,0.08880756020963068,0.08880756020963068
258,94,1.3145523996158845,0,0,0.11952084104510821,0.11952084104510821
261,94,1.244258426127967,0,0,0.058924382157338584,0.058924382157338584
268,94,0.8150564402206583,0,0,0.0913240635192048,0.0913240635192048
274,94,0.762331656409135,0,0,-0.04383807483672891,-0.04383807483672891
277,94,1.5698642385541781,0,0,0.1840276874945168,0.1840276874945168
281,94,0.9714435712138383,0,0,-0.08833290206389455,-0.08833290206389455
282,94,1.3414622137362728,0,0,0.16299798245565256,0.16299798245565256
288,94,0.5675807015146914,0,0,0.01600049140554405,0.01600049140554405
306,94,0.54813456139339,0,0,0.04026099528785093,0.04026099528785093
308,94,0.8028016349723565,0,0,-0.05444320785683582,-0.05444320785683582
313,94,0.6372891705366747,0,0,-0.04381797970866935,-0.04381797970866935
315,94,1.3854120031034016,0,0,-0.16426550676471735,-0.16426550676471735
329,94,1.3705915704679315,0,0,-0.08336867792148717,-0.08336867792148717
340,94,0.5593866629136013,0,0,0.07001838616327921,0.07001838616327921
344,94,0.38919075913122364,0,0,0.029104468090165148,0.029104468090165148
366,94,1.5999394903280058,0,0,-0.0959296238342478,-0.0959296238342478
371,94,0.3744320561256995,0,0,0.00637521716689099,0.00637521716689099
376,94,0.6320385923423903,0,0,0.006941514730700538,0.006941514730700538
387,94,1.0427735506803497,0,0,0.05966285107855712,0.05966285107855712
388,94,1.5703857392962248,0,0,0.18053456802421802,0.18053456802421802
392,94,0.835116520324898,0,0,0.10257153734423297,0.10257153734423297
395,94,1.4154709483947503,0,0,0.10140124701802619,0.10140124701802619
397,94,0.6595508585697305,0,0,0.08434047099832129,0.08434047099832129
96,95,1.4823313916790932,0,0,0.09056371860523177,0.09056371860523177
99,95,1.5037440636766406,0,0,0.07052298671507967,0.07052298671507967
117,95,1.555981945217656,46,-1,-0.11747233339062157,0.8825276666093784
126,95,0.47469999538824487,0,0,-0.038522357824131825,-0.038522357824131825
130,95,1.2994293584532148,0,0,0.07173476917581861,0.07173476917581861
144,95,1.491535371248952,0,0,0.07884821382724211,0.07884821382724211
149,95,0.7106016588104794,0,0,0.04135419468552437,0.04135419468552437
150,95,0.36277834469603115,0,0,-0.034692076268885486,-0.034692076268885486
155,95,1.4252447752871142,46,-1,-0.09394613956242215,0.9060538604375779
157,95,1.5618430427341154,0,0,-0.08994591268500007,-0.08994591268500007
166,95,0.7247242536728843,0,0,-0.053296618764261394,-0.053296618764261394
172,95,1.1844466289414348,0,0,-0.027305335543102327,-0.027305335543102327
223,95,1.4478647479305748,0,0,-0.05381467221921832,-0.05381467221921832
226,95,0.9343391031381277,0,0,0.04458165264777936,0.04458165264777936
245,95,0.9186987699525302,0,0,-0.0269876743109424,-0.0269876743109424
250,95,1.4731121118417019,0,0,0.04080882836337685,0.04080882836337685
264,95,1.5911917350311133,0,0,-0.01422614583693993,-0.01422614583693993
284,95,1.4231870368909572,0,0,0.08980929978252317,0.08980929978252317
294,95,1.0669796143025787,0,0,-0.045327063137923784,-0.045327063137923784
295,95,1.5919713797106376,0,0,0.06483670709237371,0.06483670709237371
299,95,1.0750626766719462,0,0,-0.03019054500907936,-0.03019054500907936
323,95,1.3734122035101997,0,0,0.007712048986611486,0.007712048986611486
342,95,1.3237963773515475,0,0,-0.027318090110399318,-0.027318090110399318
362,95,1.5849456212466744,0,0,0.09278049580470488,0.09278049580470488
394,95,1.0701505064086692,0,0,0.06041934477377825,0.06041934477377825
98,96,1.372824631669844,0,0,0.028810458922501225,0.028810458922501225
99,96,0.7629160928314207,0,0,-0.020040731890152097,-0.020040731890152097
103,96,0.6955451636217973,0,0,0.009314572239491725,0.009314572239491725
104,96,0.9444664110506268,0,0,0.030463863007195058,0.030463863007195058
130,96,0.39890238980573184,0,0,-0.018828949429413155,-0.018828949429413155
137,96,0.7885888796817493,0,0,0.016442675242896942,0.016442675242896942
144,96,1.2207964321780531,0,0,-0.01171550477798966,-0.01171550477798966
149,96,0.7819828939437624,0,0,-0.0492095239197074,-0.0492095239197074
168,96,1.4284780769630756,0,0,0.0018618925478987025,0.0018618925478987025
170,96,0.4593557789129177,0,0,0.005442314520947955,0.005442314520947955
184,96,0.8864239629125903,0,0,0.026959180649534842,0.026959180649534842
191,96,1.2306750960136847,0,0,0.04328511500974547,0.04328511500974547
226,96,0.7444303082113097,0,0,-0.04598206595745241,-0.04598206595745241
230,96,1.173929037832088,0,0,0.027087073981628462,0.027087073981628462
250,96,1.302112505560956,0,0,-0.04975489024185492,-0.04975489024185492
269,96,1.1016903654076056,0,0,0.010623845015037547,0.010623845015037547
283,96,1.1647157292237293,0,0,0.027087073981628407,0.027087073981628407
284,96,0.5881606895665813,0,0,-0.0007544188227086024,-0.0007544188227086024
285,96,0.25112383058483917,0,0,0.002049116076970947,0.002049116076970947
295,96,1.0543326741952483,0,0,-0.025727011512858056,-0.025727011512858056
300,96,1.1055194954064311,0,0,0.04518380930122334,0.04518380930122334
319,96,0.8845906522908334,0,0,0.00557118808599677,0.00557118808599677
341,96,1.503364912741171,0,0,0.07429835823890835,0.07429835823890835
352,96,1.494122292247488,0,0,-0.029441277330913895,-0.029441277330913895
362,96,0.7279693708757151,0,0,0.002216777199473108,0.002216777199473108
366,96,1.5331670097007237,0,0,0.033261439423496686,0.033261439423496686
382,96,1.4819082857539352,0,0,0.07357782225956239,0.07357782225956239
394,96,1.0250152427812862,0,0,-0.03014437383145352,-0.03014437383145352
105,97,1.4727127669742892,0,0,-0.1025722629551363,-0.1025722629551363
106,97,0.5745074491557934,0,0,-0.009800743836687456,-0.009800743836687456
107,97,1.2244462416970772,0,0,-0.04082298113876711,-0.04082298113876711
113,97,1.4577437966344549,0,0,-0.03892678147856057,-0.03892678147856057
115,97,1.5478769691255845,0,0,-0.14807332010959745,-0.14807332010959745
118,97,0.9698828515674085,0,0,-0.05015297658950627,-0.05015297658950627
122,97,0.5319756481208658,0,0,-0.04548295131718152,-0.04548295131718152
129,97,1.0243822721746407,0,0,0.0859341092427584,0.0859341092427584
132,97,1.5208062657826873,0,0,-0.07136797955646448,-0.07136797955646448
143,97,1.558028557687869,0,0,-0.16141311003059558,-0.16141311003059558
151,97,1.04066035993889,0,0,-0.07273432203219232,-0.07273432203219232
162,97,0.22796045936736392,0,0,-0.019918549766203934,-0.019918549766203934
164,97,1.5406452328951823,0,0,0.09933578390384823,0.09933578390384823
176,97,0.708548554195965,0,0,0.018501321626851724,0.018501321626851724
178,97,1.4094399181941775,0,0,0.12347195755230253,0.12347195755230253
179,97,0.648569689164198,0,0,0.027688087224801164,0.027688087224801164
192,97,0.6208320249012107,0,0,0.03927350149774255,0.03927350149774255
193,97,1.1627201555470386,0,0,-0.10377948770559173,-0.10377948770559173
194,97,1.3298585743223525,0,0,-0.13497721189967304,-0.13497721189967304
200,97,1.006690223690586,0,0,0.08440123257381726,0.08440123257381726
202,97,0.5029887384338045,0,0,0.0018009401786682616,0.0018009401786682616
205,97,1.418134307827997,0,0,-0.1382246158376371,-0.1382246158376371
211,97,0.6075342223048601,0,0,0.016679413992380432,0.016679413992380432
215,97,0.7286907880279719,0,0,0.048858262293846245,0.048858262293846245
219,97,1.1052154355610142,0,0,-0.09954058884810152,-0.09954058884810152
224,97,1.4674864929917686,0,0,0.1630225895264024,0.1630225895264024
229,97,1.3498686050691011,0,0,-0.11517283798989347,-0.11517283798989347
238,97,0.8419192288136382,0,0,-0.028915468530195672,-0.028915468530195672
240,97,0.9428979768161075,0,0,-0.05360648554001645,-0.05360648554001645
243,97,0.6927038236073394,0,0,0.004052376955297567,0.004052376955297567
244,97,1.5329805782143844,0,0,-0.029483668650681576,-0.029483668650681576
246,97,1.4799787137768554,0,0,-0.12307577896050004,-0.12307577896050004
252,97,0.3299738079092809,0,0,0.023264411568675508,0.023264411568675508
256,97,1.5388343772480537,0,0,0.00737955074433462,0.00737955074433462
257,97,1.3870037686547223,0,0,0.1577459653428125,0.1577459653428125
270,97,0.8747967482503402,0,0,0.0104123593053271,0.0104123593053271
275,97,1.2097216476583748,0,0,0.06285548737691804,0.06285548737691804
282,97,1.3240889422176512,0,0,-0.12390479263786541,-0.12390479263786541
286,97,1.3374854515262204,0,0,0.05458889746205693,0.05458889746205693
297,97,1.0474177634195394,0,0,0.022672742445954474,0.022672742445954474
298,97,1.0835365457119115,0,0,-0.0956338417183703,-0.0956338417183703
302,97,1.1961519491593666,0,0,0.015709770308328885,0.015709770308328885
303,97,0.626461907800696,0,0,-0.011395346933552528,-0.011395346933552528
305,97,1.4561018408449693,0,0,0.12048071959280196,0.12048071959280196
312,97,1.599842301786936,0,0,-0.04144526093728255,-0.04144526093728255
321,97,1.3192610410728443,0,0,0.1422781294107209,0.1422781294107209
322,97,0.14735595685193445,0,0,0.010508659172406412,0.010508659172406412
326,97,1.354800651965616,0,0,-0.06964169022219882,-0.06964169022219882
328,97,1.4413621394452207,0,0,0.1424326147404452,0.1424326147404452
333,97,1.4284436245837515,0,0,0.014793914841215908,0.014793914841215908
334,97,0.7830999533233811,0,0,0.04824740906059915,0.04824740906059915
335,97,1.1045077930950087,0,0,0.021491189327379187,0.021491189327379187
346,97,1.5774674361168384,0,0,0.08192247527939997,0.08192247527939997
350,97,1.356885441885889,0,0,0.049914644125921004,0.049914644125921004
353,97,0.885049698137292,0,0,-0.0835285777481487,-0.0835285777481487
354,97,1.2899873040689875,0,0,0.1360518846143696,0.1360518846143696
358,97,1.1277755181906581,0,0,-0.07499225802583609,-0.07499225802583609
359,97,1.5322284554810606,0,0,0.17707141089168593,0.17707141089168593
364,97,1.1000793864355352,0,0,0.05293185757916916,0.05293185757916916
370,97,0.19730393556595544,0,0,-0.013185827340325508,-0.013185827340325508
373,97,1.2868813052840795,0,0,0.14897064140245087,0.14897064140245087
374,97,0.6480891796848715,0,0,-0.04048680277869083,-0.04048680277869083
375,97,1.148006457119711,0,0,0.019185658365209076,0.019185658365209076
384,97,0.842992001997601,0,0,0.04457154825187274,0.04457154825187274
385,97,0.6937811031645501,0,0,-0.005563715464385527,-0.005563715464385527
388,97,1.1098008431377004,0,0,-0.10636820706929995,-0.10636820706929995
390,97,0.4381248517247225,0,0,0.029668350820656345,0.029668350820656345
399,97,0.7660427743570604,0,0,0.03920699465927309,0.03920699465927309
99,98,0.7765546530998019,0,0,-0.04885119081265332,-0.04885119081265332
103,98,0.7650824202355087,0,0,-0.0194958866830095,-0.0194958866830095
104,98,0.6957527732239402,0,0,0.0016534040846938325,0.0016534040846938325
111,98,1.2201252396873956,0,0,-0.14147102335026113,-0.14147102335026113
121,98,1.554947107081868,0,0,-0.019985137102502215,-0.019985137102502215
125,98,1.2202580979663737,0,0,-0.08093941147582867,-0.08093941147582867
130,98,1.1741592950133475,0,0,-0.04763940835191438,-0.04763940835191438
136,98,0.9598635917979355,0,0,-0.06796285549551412,-0.06796285549551412
137,98,0.77854979264979,0,0,-0.012367783679604283,-0.012367783679604283
139,98,1.066044548998961,0,0,0.14419743732541246,0.14419743732541246
149,98,1.5549898449940671,0,0,-0.07801998284220862,-0.07801998284220862
154,98,1.4991228740450289,0,0,0.1938587547026886,0.1938587547026886
163,98,1.1668982809358304,0,0,0.016436413776070136,0.016436413776070136
170,98,0.979568137069663,0,0,-0.02336814440155327,-0.02336814440155327
183,98,1.322984550542134,0,0,0.09353903059100638,0.09353903059100638
184,98,0.7345009189998356,0,0,-0.0018512782729663835,-0.0018512782729663835
191,98,0.5531171089635242,0,0,0.014474656087244242,0.014474656087244242
203,98,1.2920169922432523,0,0,0.06898097830965627,0.06898097830965627
217,98,1.5072810794969196,0,0,0.17608737531593138,0.17608737531593138
225,98,1.5070827280742687,0,0,-0.17446493939821522,-0.17446493939821522
226,98,1.3429016735141521,0,0,-0.07479252487995364,-0.07479252487995364
233,98,0.9627156216931576,0,0,-0.005599452762306112,-0.005599452762306112
235,98,1.2818331841024,0,0,0.10112458554429565,0.10112458554429565
236,98,1.523326313776753,0,0,-0.20372818652857866,-0.20372818652857866
239,98,1.3520809664097486,0,0,0.017169882646008383,0.017169882646008383
247,98,1.0312199548048058,0,0,0.061489197733871126,0.061489197733871126
250,98,0.7594084876508627,0,0,-0.07856534916435615,-0.07856534916435615
261,98,1.215083564541598,0,0,0.15930498649258185,0.15930498649258185
264,98,1.2209876268591426,0,0,-0.13360032336467292,-0.13360032336467292
285,98,1.3497258758086135,0,0,-0.026761342845530278,-0.026761342845530278
288,98,1.2612252113373477,0,0,0.11638109574078731,0.11638109574078731
295,98,0.5994584350097433,0,0,-0.05453747043535928,-0.05453747043535928
300,98,1.2440488715990492,0,0,0.016373350378722118,0.016373350378722118
313,98,1.1444898731599158,0,0,0.05656262462657391,0.05656262462657391
319,98,0.5470228420937776,0,0,-0.023239270836504455,-0.023239270836504455
323,98,1.1428574975315393,0,0,-0.11166212854112151,-0.11166212854112151
341,98,0.991166703099282,0,0,0.04548789931640712,0.04548789931640712
342,98,1.5792982581052597,0,0,-0.1466922676381323,-0.1466922676381323
344,98,1.5216183325237655,0,0,0.1294850724254084,0.1294850724254084
351,98,1.1172463376125188,0,0,0.06891101966602087,0.06891101966602087
352,98,0.5720649012157416,0,0,-0.05825173625341512,-0.05825173625341512
382,98,1.213148660836927,0,0,0.04476736333706116,0.04476736333706116
387,98,1.3167499784827186,0,0,0.16004345541380038,0.16004345541380038
395,98,1.5369632006710807,0,0,0.20178185135326945,0.20178185135326945
103,99,0.3975598347587669,0,0,0.029355304129643822,0.029355304129643822
104,99,0.6982509526045839,0,0,0.050504594897347155,0.050504594897347155
111,99,1.5038868517943025,0,0,-0.0926198325376078,-0.0926198325376078
125,99,1.5532546736896091,0,0,-0.03208822066317535,-0.03208822066317535
130,99,0.4419854761819471,0,0,0.0012117824607389416,0.0012117824607389416
136,99,1.3478227357772636,0,0,-0.019111664682860796,-0.019111664682860796
137,99,0.4844154938962928,0,0,0.03648340713304904,0.03648340713304904
149,99,0.890349031209499,0,0,-0.0291687920295553,-0.0291687920295553
170,99,0.44308233119519574,0,0,0.025483046411100052,0.025483046411100052
172,99,1.3962550583719848,0,0,-0.097828322258182,-0.097828322258182
184,99,0.6448415179398888,0,0,0.04699991253968694,0.04699991253968694
191,99,0.812866004689554,0,0,0.06332584689989756,0.06332584689989756
223,99,1.536503740838773,0,0,-0.12433765893429799,-0.12433765893429799
226,99,0.6212099510131608,0,0,-0.025941334067300315,-0.025941334067300315
233,99,1.4569713873533132,0,0,0.04325173805034721,0.04325173805034721
245,99,1.5252209105016385,0,0,-0.09751066102602207,-0.09751066102602207
250,99,0.6005540795563312,0,0,-0.029714158351702824,-0.029714158351702824
264,99,1.3012099204087162,0,0,-0.0847491325520196,-0.0847491325520196
269,99,1.599812499360252,0,0,0.030664576905189644,0.030664576905189644
284,99,1.2432334141688606,0,0,0.019286313067443495,0.019286313067443495
285,99,0.8657008893296066,0,0,0.022089847967123044,0.022089847967123044
295,99,0.3011609657316676,0,0,-0.005686279622705959,-0.005686279622705959
299,99,1.3645371858404738,0,0,-0.10071353172415903,-0.10071353172415903
300,99,1.2536952651403495,0,0,0.06522454119137544,0.06522454119137544
319,99,0.3198253360529807,0,0,0.025611919976148867,0.025611919976148867
323,99,1.0704630847278986,0,0,-0.06281093772846819,-0.06281093772846819
341,99,1.3154740588145422,0,0,0.09433909012906044,0.09433909012906044
342,99,1.4384293387456593,0,0,-0.09784107682547899,-0.09784107682547899
351,99,1.500960340050804,0,0,0.11776221047867419,0.11776221047867419
352,99,0.8381069942570045,0,0,-0.009400545440761798,-0.009400545440761798
362,99,1.3737171794417782,0,0,0.022257509089625205,0.022257509089625205
382,99,1.4443180578982928,0,0,0.09361855414971448,0.09361855414971448
394,99,1.472277970580986,0,0,-0.010103641941301422,-0.010103641941301422
108,100,0.8444643299454332,0,0,-0.10164183154773276,-0.10164183154773276
121,100,0.812206174035838,0,0,0.03024432002410471,0.03024432002410471
125,100,1.369537126715535,0,0,-0.030709954349221746,-0.030709954349221746
144,100,0.9326642330937893,0,0,0.009703493426116039,0.009703493426116039
146,100,0.5146375600570717,0,0,0.04101773737227621,0.04101773737227621
148,100,0.9354389275851296,0,0,0.07052416660660926,0.07052416660660926
153,100,0.48074767776585264,0,0,0.014018120569974368,0.014018120569974368
155,100,1.5302141384270362,46,-1,-0.1630908599635481,0.8369091400364519
156,100,1.0454470975376962,0,0,0.0720858020639128,0.0720858020639128
159,100,1.005931850075312,0,0,0.06028619788173212,0.06028619788173212
163,100,1.4535083652531384,0,0,0.06666587090267706,0.06666587090267706
168,100,0.818466096474357,0,0,0.0232808907520044,0.0232808907520044
175,100,1.110478443505584,0,0,-0.14791100220313602,-0.14791100220313602
187,100,1.1774967389226336,0,0,-0.10404861028982393,-0.10404861028982393
195,100,1.4682454689913822,46,-1,-0.20514751298594347,0.7948524870140565
203,100,1.4701063689699845,0,0,0.1192104354362632,0.1192104354362632
206,100,0.4245590680242655,0,0,-0.04885898359642804,-0.04885898359642804
209,100,1.1997279333220412,0,0,0.09281943408248755,0.09281943408248755
222,100,1.5738450573458922,0,0,0.10871192736023333,0.10871192736023333
225,100,1.5309073138111404,0,0,-0.1242354822716083,-0.1242354822716083
230,100,1.4308191034954463,0,0,0.04850607218573416,0.04850607218573416
233,100,1.528264418133997,0,0,0.04463000436430081,0.04463000436430081
239,100,1.14191817772294,0,0,0.06739933977261531,0.06739933977261531
269,100,1.223136175724783,0,0,0.03204284321914325,0.03204284321914325
274,100,1.5001375556736678,0,0,0.10677198662512127,0.10677198662512127
281,100,0.8721576285150653,0,0,0.06227715939795564,0.06227715939795564
283,100,1.4596471535348945,0,0,0.048506072185734106,0.048506072185734106
284,100,1.5623620844602697,0,0,0.020664579381397097,0.020664579381397097
308,100,1.3124108631605502,0,0,0.09616685360501437,0.09616685360501437
313,100,1.5280716139618886,0,0,0.10679208175318083,0.10679208175318083
315,100,0.3750794163452499,0,0,-0.013655445302867164,-0.013655445302867164
329,100,1.237783046573768,0,0,0.06724138354036302,0.06724138354036302
336,100,0.5165039840165707,0,0,-0.08710694787046636,-0.08710694787046636
362,100,1.496502585125149,0,0,0.023635775403578807,0.023635775403578807
366,100,1.0820619747692541,0,0,0.054680437627602385,0.054680437627602385
381,100,0.65009721380065,0,0,-0.10766645479551895,-0.10766645479551895
394,100,1.2621442071644715,0,0,-0.00872537562734782,-0.00872537562734782
135,101,1.1311133540526093,0,0,0.016858251198531765,0.016858251198531765
164,101,0.953044582026712,0,0,-0.11960768019605611,-0.11960768019605611
165,101,0.9698892362594207,0,0,0.08393336929605466,0.08393336929605466
174,101,1.075419342274847,0,0,0.09430307041300928,0.09430307041300928
195,101,1.1820119984360076,0,0,0.1383961863587841,0.1383961863587841
199,101,0.548679342728192,0,0,-0.042398674763865135,-0.042398674763865135
200,101,1.366215450103869,0,0,-0.13454223152608707,-0.13454223152608707
204,101,1.209263238279097,0,0,0.10244045697821258,0.10244045697821258
214,101,0.8207697323373766,0,0,0.05826575707127066,0.05826575707127066
221,101,0.41042159049184934,0,0,0.03675639842161274,0.03675639842161274
224,101,1.247788618728817,0,0,-0.05592087457350195,-0.05592087457350195
241,101,0.6281359834222326,0,0,0.027072346351651233,0.027072346351651233
249,101,0.41809095498475196,0,0,-0.026213381399914,-0.026213381399914
253,101,1.022572436565475,0,0,0.08850426550339258,0.08850426550339258
254,101,1.1698650248360378,0,0,0.10879367746345109,0.10879367746345109
257,101,1.4453828742543022,0,0,-0.06119749875709185,-0.06119749875709185
262,101,1.328428823439976,0,0,0.06519868134882376,0.06519868134882376
271,101,0.7684234226637429,0,0,0.022599945038540736,0.022599945038540736
272,101,1.1150589781595466,0,0,0.11284247466910252,0.11284247466910252
275,101,1.2235524928167825,0,0,-0.1560879767229863,-0.1560879767229863
278,101,0.8340602720360429,0,0,0.07999947185840534,0.07999947185840534
279,101,0.1252816267112851,0,0,0.012312893623002752,0.012312893623002752
286,101,1.2245704904537467,0,0,-0.1643545666378474,-0.1643545666378474
302,101,1.5733940018801678,0,0,-0.20323369379157544,-0.20323369379157544
305,101,0.8996962531721863,0,0,-0.09846274450710236,-0.09846274450710236
307,101,1.2820990115840387,0,0,0.011762010650853721,0.011762010650853721
314,101,1.2190216903877635,0,0,-0.1190675999436574,-0.1190675999436574
317,101,0.9561488453967746,0,0,0.05564716939551401,0.05564716939551401
318,101,0.5197701072778087,0,0,0.019648208512766607,0.019648208512766607
321,101,1.4398272824660456,0,0,-0.07666533468918343,-0.07666533468918343
324,101,1.4146689829884678,1,1,0.15240885257398706,-0.8475911474260129
325,101,1.5953999732718893,1,1,0.15770280005588055,-0.8422971999441194
334,101,1.578755372091285,0,0,-0.17069605503930518,-0.17069605503930518
335,101,1.5342131100007472,0,0,-0.19745227477252514,-0.19745227477252514
338,101,1.174140768395039,0,0,0.08970187814141861,0.08970187814141861
354,101,1.1652334949283918,0,0,-0.08289157948553473,-0.08289157948553473
359,101,0.9780605217900735,0,0,-0.04187205320821841,-0.04187205320821841
365,101,1.5546321499270006,0,0,-0.09031096852530039,-0.09031096852530039
369,101,1.029857461554729,0,0,0.09284859091265546,0.09284859091265546
372,101,0.23073726155210203,0,0,0.029379352802987174,0.029379352802987174
373,101,1.4686141996595052,0,0,-0.06997282269745346,-0.06997282269745346
379,101,0.6844559670492103,0,0,0.022297688516544734,0.022297688516544734
380,101,0.6945799719896097,0,0,-0.00012883492234955218,-0.00012883492234955218
383,101,1.2779773506926533,0,0,0.04357217129238114,0.04357217129238114
384,101,1.5285278517234404,0,0,-0.17437191584803158,-0.17437191584803158
386,101,0.1512348402784952,0,0,-0.004980515394974516,-0.004980515394974516
389,101,0.4842470245577671,0,0,0.0413228029767842,0.0413228029767842
391,101,1.407853418214522,0,0,-0.008278283985670265,-0.008278283985670265
393,101,1.1302924038634072,0,0,0.06500237432982159,0.06500237432982159
111,102,1.5768849365770357,1,1,0.2284834759697898,-0.7715165240302102
116,102,0.3362757268007911,0,0,-0.040199915047848034,-0.040199915047848034
123,102,1.4032232764071935,0,0,0.0015934399351428818,0.0015934399351428818
128,102,0.4066086829931489,0,0,0.006301498096542152,0.006301498096542152
129,102,1.1962283036525025,0,0,-0.1568280120084295,-0.1568280120084295
157,102,1.4114306398550027,1,1,0.16063440910731774,-0.8393655908926823
158,102,1.2162310793263909,0,0,-0.04116606000431572,-0.04116606000431572
178,102,0.8365229305112104,0,0,-0.11929016369888537,-0.11929016369888537
186,102,0.8787673808038048,0,0,-0.09010300647045508,-0.09010300647045508
188,102,1.2262494551061571,0,0,-0.02162069761233784,-0.02162069761233784
189,102,0.20726340462675863,0,0,-0.021293886357641095,-0.021293886357641095
200,102,1.3990393858088241,0,0,-0.15836088867737064,-0.15836088867737064
214,102,1.4353409817661757,0,0,0.034447099919987095,0.034447099919987095
218,102,1.5480720450555638,0,0,0.013591857465070606,0.013591857465070606
223,102,1.4988415293375537,1,1,0.1967656495730996,-0.8032343504269004
224,102,0.8117495095803084,0,0,-0.07973953172478551,-0.07973953172478551
225,102,1.5722264029219168,1,1,0.1954895599218356,-0.8045104400781644
236,102,1.2333677623608805,1,1,0.16622631279147226,-0.8337736872085277
237,102,1.304320599033978,0,0,-0.02756124253199424,-0.02756124253199424
249,102,1.5920957020565278,0,0,-0.05003203855119756,-0.05003203855119756
251,102,1.526897351506185,0,0,-0.022170832498549536,-0.022170832498549536
257,102,0.7199826211115833,0,0,-0.08501615590837541,-0.08501615590837541
260,102,1.5921431198315008,0,0,0.0325516808053356,0.0325516808053356
263,102,1.3446598713931157,0,0,0.035075556053410034,0.035075556053410034
264,102,1.5829336268681764,1,1,0.236354175955378,-0.763645824044622
266,102,1.2040028388676418,1,1,0.1557473684054811,-0.8442526315945189
278,102,1.5586459513581972,0,0,0.05618081470712177,0.05618081470712177
293,102,0.67256360964349,1,1,0.07558815960650556,-0.9244118403934944
305,102,1.5272505754929917,0,0,-0.12228140165838593,-0.12228140165838593
311,102,1.5051481153163098,0,0,0.10026551626083052,0.10026551626083052
321,102,0.7961972403277406,0,0,-0.100483991840467,-0.100483991840467
324,102,1.213591856770138,1,1,0.12859019542270356,-0.8714098045772964
325,102,1.1893726048623863,1,1,0.13388414290459694,-0.8661158570954031
328,102,0.6574201853003263,0,0,-0.10032950651074271,-0.10032950651074271
339,102,1.061981788113764,0,0,-0.06368798261661587,-0.06368798261661587
347,102,1.0601983654183282,0,0,-0.0023883059567768594,-0.0023883059567768594
354,102,1.1560952858379,0,0,-0.10671023663681829,-0.10671023663681829
359,102,1.090690695119761,0,0,-0.06569071035950197,-0.06569071035950197
373,102,0.8281194067237694,0,0,-0.09379147984873702,-0.09379147984873702
104,103,0.3409416305380669,0,0,0.021149290767703333,0.021149290767703333
130,103,0.5777265818673488,0,0,-0.02814352166890488,-0.02814352166890488
136,103,1.5301032579009104,0,0,-0.04846696881250462,-0.04846696881250462
137,103,0.1362437857020892,0,0,0.007128103003405217,0.007128103003405217
149,103,1.1430502712567254,0,0,-0.058524096159199124,-0.058524096159199124
170,103,0.2418966964489138,0,0,-0.00387225771854377,-0.00387225771854377
183,103,1.4556915865086912,0,0,0.11303491727401588,0.11303491727401588
184,103,0.2723335400444762,0,0,0.017644608410043117,0.017644608410043117
191,103,0.5571169743440251,0,0,0.03397054277025374,0.03397054277025374
226,103,0.9233908802139622,0,0,-0.05529663819694414,-0.05529663819694414
230,103,1.500847947124943,0,0,0.017772501742136737,0.017772501742136737
233,103,1.5498966644494365,0,0,0.013896433920703388,0.013896433920703388
250,103,0.9373264112388241,0,0,-0.059069462481346646,-0.059069462481346646
269,103,1.4818691068709113,0,0,0.0013092727755458222,0.0013092727755458222
283,103,1.495141836634623,0,0,0.01777250174213668,0.01777250174213668
284,103,1.2109947333878124,0,0,-0.010068991062200328,-0.010068991062200328
285,103,0.7317226831402619,0,0,-0.007265456162520778,-0.007265456162520778
295,103,0.5914564169678511,0,0,-0.03504158375234978,-0.03504158375234978
300,103,0.8693079143057115,0,0,0.03586923706173162,0.03586923706173162
319,103,0.2531764476242172,0,0,-0.0037433841534949552,-0.0037433841534949552
323,103,1.4186804773743855,0,0,-0.09216624185811201,-0.09216624185811201
341,103,0.9716108538984309,0,0,0.06498378599941662,0.06498378599941662
351,103,1.1677738568070009,0,0,0.08840690634903037,0.08840690634903037
352,103,1.0599633468856855,0,0,-0.03875584957040562,-0.03875584957040562
362,103,1.3026256696332013,0,0,-0.007097795040018617,-0.007097795040018617
382,103,1.0690102615770245,0,0,0.06426325002007066,0.06426325002007066
394,103,1.5697441933261962,0,0,-0.039458946070945244,-0.039458946070945244
130,104,0.907493660372719,0,0,-0.04929281243660821,-0.04929281243660821
136,104,1.567906697924924,0,0,-0.06961625958020795,-0.06961625958020795
137,104,0.2913315774773197,0,0,-0.014021187764298115,-0.014021187764298115
139,104,1.4871047983476422,0,0,0.14254403324071863,0.14254403324071863
149,104,1.458681127365205,0,0,-0.07967338692690246,-0.07967338692690246
170,104,0.5325047253635637,0,0,-0.025021548486247103,-0.025021548486247103
183,104,1.1150581395219383,0,0,0.09188562650631255,0.09188562650631255
184,104,0.08912107392185235,0,0,-0.003504682357660216,-0.003504682357660216
191,104,0.3144369402193855,0,0,0.01282125200255041,0.01282125200255041
213,104,1.4782401918586128,0,0,0.12318923780991797,0.12318923780991797
226,104,1.2567852387000589,0,0,-0.07644592896464747,-0.07644592896464747
230,104,1.5047065887834539,0,0,-0.0033767890255665955,-0.0033767890255665955
233,104,1.5212442774870167,0,0,-0.007252856846999944,-0.007252856846999944
247,104,1.5268314067894362,0,0,0.059835793649177293,0.059835793649177293
250,104,1.1334917898333245,0,0,-0.08021875324904998,-0.08021875324904998
269,104,1.5375079732369632,0,0,-0.01984001799215751,-0.01984001799215751
283,104,1.4983397071430562,0,0,-0.003376789025566651,-0.003376789025566651
284,104,1.4058203768995856,0,0,-0.03121828182990366,-0.03121828182990366
285,104,0.9083208200086221,0,0,-0.02841474693022411,-0.02841474693022411
295,104,0.7967040502600993,0,0,-0.05619087452005311,-0.05619087452005311
300,104,0.6429281110388975,0,0,0.014719946294028285,0.014719946294028285
313,104,1.5754244804681132,0,0,0.05490922054188008,0.05490922054188008
319,104,0.41964266527721356,0,0,-0.024892674921198288,-0.024892674921198288
341,104,0.6322432940017556,0,0,0.04383449523171329,0.04383449523171329
351,104,0.8307943139989329,0,0,0.06725761558132703,0.06725761558132703
352,104,1.1485643226723377,0,0,-0.05990514033810895,-0.05990514033810895
362,104,1.4558392619861298,0,0,-0.02824708580772195,-0.02824708580772195
382,104,0.7487366292228151,0,0,0.04311395925236733,0.04311395925236733
398,104,1.4298926632499525,0,0,0.07664294039779784,0.07664294039779784
107,105,0.9856994747184507,0,0,0.0617492818163692,0.0617492818163692
114,105,0.9712995796541761,0,0,-0.05561826151074234,-0.05561826151074234
115,105,0.908536535128449,0,0,-0.04550105715446115,-0.04550105715446115
118,105,1.5189622929170166,0,0,0.052419286365630036,0.052419286365630036
119,105,1.3934028480581202,0,0,0.05195236140441985,0.05195236140441985
122,105,0.9451982030699247,0,0,0.05708931163795479,0.05708931163795479
131,105,0.49638224010431525,0,0,-0.039748069753356235,-0.039748069753356235
132,105,0.6271031799066621,0,0,0.031204283398671817,0.031204283398671817
134,105,0.7650184781712075,0,0,-0.05327849389373501,-0.05327849389373501
143,105,1.3912257749765806,0,0,-0.05884084707545928,-0.05884084707545928
147,105,1.2995478485725243,0,0,0.004792189548825848,0.004792189548825848
151,105,1.3904568056485476,0,0,0.029837940922943992,0.029837940922943992
154,105,1.552173769155216,0,0,-0.09085236177093634,-0.09085236177093634
162,105,1.3162088538417749,0,0,0.08265371318893237,0.08265371318893237
181,105,1.5908312735181163,0,0,0.034591003188602185,0.034591003188602185
193,105,1.2894855641897585,0,0,-0.0012072247504554268,-0.0012072247504554268
194,105,1.2246347912538627,0,0,-0.03240494894453674,-0.03240494894453674
205,105,1.1223010926679513,0,0,-0.03565235288250079,-0.03565235288250079
217,105,1.5047579624469967,0,0,-0.10862374115769355,-0.10862374115769355
219,105,0.8439440398492275,0,0,0.003031674107034782,0.003031674107034782
229,105,0.47950333971311526,0,0,-0.012600575034757172,-0.012600575034757172
240,105,0.6616275126347892,0,0,0.04896577741511986,0.04896577741511986
242,105,1.117723479528795,0,0,-0.07442501613357091,-0.07442501613357091
244,105,1.31897174643714,0,0,0.07308859430445473,0.07308859430445473
246,105,0.4425743244801347,0,0,-0.020503516005363737,-0.020503516005363737
261,105,1.5962860897478364,0,0,-0.12540612998104309,-0.12540612998104309
267,105,1.1653138541187118,0,0,-0.03352146567643299,-0.03352146567643299
273,105,0.89115851146654,0,0,-0.05997943219016946,-0.05997943219016946
282,105,1.3112172479268724,0,0,-0.021332529682729112,-0.021332529682729112
290,105,1.3657561834435832,0,0,0.06949338003825245,0.06949338003825245
298,105,1.0941388432316992,0,0,0.006938421236765996,0.006938421236765996
303,105,1.3886125955292388,0,0,0.09117691602158379,0.09117691602158379
309,105,0.481608225083113,0,0,-0.04389998199760475,-0.04389998199760475
312,105,1.1661783553675469,0,0,0.06112700201785376,0.06112700201785376
322,105,1.5834802173708353,0,0,0.11308092212754273,0.11308092212754273
326,105,0.6377872972451816,0,0,0.032930572732937494,0.032930572732937494
343,105,1.13285841424537,0,0,-0.07787939134697414,-0.07787939134697414
353,105,0.9464723697291246,0,0,0.0190436852069876,0.0190436852069876
358,105,1.4580547976611455,0,0,0.027580004929300225,0.027580004929300225
370,105,1.3495107287941983,0,0,0.0893864356148108,0.0893864356148108
374,105,0.8832552572835155,0,0,0.06208546017644548,0.06208546017644548
388,105,1.114703716986481,0,0,-0.0037959441141636463,-0.0037959441141636463
395,105,1.2505678064554429,0,0,-0.08292926512035548,-0.08292926512035548
107,106,1.5137810838266585,0,0,-0.031022237302079654,-0.031022237302079654
113,106,1.0015180979341853,0,0,-0.02912603764187311,-0.02912603764187311
115,106,1.5089883400864303,0,0,-0.13827257627291,-0.13827257627291
118,106,0.4992352361300918,0,0,-0.040352232752818816,-0.040352232752818816
120,106,1.1667758208172532,0,0,-0.05931703583346019,-0.05931703583346019
122,106,0.7948877357795037,0,0,-0.03568220748049406,-0.03568220748049406
127,106,1.254302247040022,0,0,0.03829382583111933,0.03829382583111933
129,106,1.1973550468633503,0,0,0.09573485307944588,0.09573485307944588
142,106,1.230124661275908,0,0,0.010548685138345955,0.010548685138345955
143,106,1.3143068956668271,0,0,-0.15161236619390814,-0.15161236619390814
151,106,0.6381987482859378,0,0,-0.06293357819550485,-0.06293357819550485
154,106,1.543780385198131,0,0,-0.1836238808893852,-0.1836238808893852
162,106,0.6151747623312852,0,0,-0.010117805929516478,-0.010117805929516478
164,106,1.1229272534842905,0,0,0.10913652774053569,0.10913652774053569
176,106,1.148522909302888,0,0,0.02830206546353918,0.02830206546353918
177,106,1.5455123981769494,0,0,0.05681642337735237,0.05681642337735237
178,106,1.5653706856025258,0,0,0.13327270138898997,0.13327270138898997
179,106,0.3464902325656879,0,0,0.03748883106148862,0.03748883106148862
192,106,1.036951296336209,0,0,0.04907424533443001,0.04907424533443001
193,106,0.8442372146560638,0,0,-0.09397874386890429,-0.09397874386890429
194,106,1.086972575312336,0,0,-0.1251764680629856,-0.1251764680629856
197,106,1.5133150198330965,0,0,-0.17669795471480065,-0.17669795471480065
200,106,0.7818178316975917,0,0,0.09420197641050473,0.09420197641050473
202,106,1.0042024776562901,0,0,0.011601684015355718,0.011601684015355718
205,106,1.2371621945903757,0,0,-0.12842387200094965,-0.12842387200094965
211,106,0.26123088700032265,0,0,0.026480157829067888,0.026480157829067888
215,106,1.0850460012569034,0,0,0.0586590061305337,0.0586590061305337
219,106,1.0195310814533576,0,0,-0.08973984501141408,-0.08973984501141408
224,106,1.338008577068868,0,0,0.17282333336308983,0.17282333336308983
229,106,1.4376747526900182,0,0,-0.10537209415320603,-0.10537209415320603
238,106,0.31901419689058436,0,0,-0.019114724693508216,-0.019114724693508216
240,106,1.2414564466290257,0,0,-0.043805741703328994,-0.043805741703328994
243,106,1.1872478134474638,0,0,0.013853120791985023,0.013853120791985023
246,106,1.5920051535356028,0,0,-0.1132750351238126,-0.1132750351238126
249,106,1.5616334758684856,0,0,0.20253082653667778,0.20253082653667778
252,106,0.4984498693152895,0,0,0.033065155405362964,0.033065155405362964
256,106,1.0640886469177264,0,0,0.017180294581022076,0.017180294581022076
257,106,1.3447043254537987,0,0,0.16754670917949993,0.16754670917949993
268,106,1.5033852253090736,0,0,-0.18577796773762573,-0.18577796773762573
270,106,1.3330247765927887,0,0,0.020213103142014556,0.020213103142014556
275,106,0.7708850511279602,0,0,0.07265623121360548,0.07265623121360548
277,106,1.3792969176062402,0,0,-0.09307434376231372,-0.09307434376231372
282,106,1.0136055517651883,0,0,-0.11410404880117797,-0.11410404880117797
286,106,0.856772077572232,0,0,0.06438964129874439,0.06438964129874439
297,106,1.4531148747648346,0,0,0.032473486282641933,0.032473486282641933
298,106,0.861008434213892,0,0,-0.08583309788168286,-0.08583309788168286
302,106,0.700997372277859,0,0,0.02551051414501634,0.02551051414501634
303,106,1.0721794172841794,0,0,-0.0015946030968650715,-0.0015946030968650715
305,106,1.0919005518352656,0,0,0.13028146342948943,0.13028146342948943
321,106,1.269882980473816,0,0,0.15207887324740835,0.15207887324740835
322,106,0.5510518745122202,0,0,0.020309403009093868,0.020309403009093868
328,106,1.5347983073717983,0,0,0.15223335857713263,0.15223335857713263
334,106,0.5355039075809231,0,0,0.058048152897286605,0.058048152897286605
335,106,0.5965606985993624,0,0,0.03129193316406664,0.03129193316406664
353,106,0.7881978810219711,0,0,-0.07372783391146126,-0.07372783391146126
354,106,1.0546133127333992,0,0,0.14585262845105706,0.14585262845105706
358,106,0.6969389821519525,0,0,-0.06519151418914862,-0.06519151418914862
359,106,1.2811743430928257,0,0,0.18687215472837337,0.18687215472837337
364,106,1.459513915341826,0,0,0.06273260141585661,0.06273260141585661
370,106,0.5256137961587473,0,0,-0.003385083503638052,-0.003385083503638052
373,106,1.2171662238397118,0,0,0.15877138523913834,0.15877138523913834
374,106,0.9295982535103349,0,0,-0.030686058942003373,-0.030686058942003373
375,106,1.5218760473714994,0,0,0.028986402201896532,0.028986402201896532
384,106,0.4821867438643277,0,0,0.054372292088560197,0.054372292088560197
385,106,0.12287831044216492,0,0,0.004237028372301929,0.004237028372301929
388,106,0.9010658467903561,0,0,-0.0965674632326125,-0.0965674632326125
390,106,0.48959797139760647,0,0,0.0394690946573438,0.0394690946573438
392,106,1.4302588986971814,0,0,-0.17453049391259756,-0.17453049391259756
397,106,1.5946478087597338,0,0,-0.19276156025850924,-0.19276156025850924
399,106,1.1760975602908907,0,0,0.049007738495960546,0.049007738495960546
110,107,1.1855444537525754,0,0,0.016260443946454955,0.016260443946454955
118,107,1.549373988632572,0,0,-0.009329995450739162,-0.009329995450739162
119,107,0.7534224920769265,0,0,-0.00979692041194935,-0.00979692041194935
122,107,0.9387771276881854,0,0,-0.004659970178414408,-0.004659970178414408
131,107,1.4516667055477783,0,0,-0.10149735156972543,-0.10149735156972543
132,107,0.5147878322350362,0,0,-0.03054499841769738,-0.03054499841769738
147,107,1.3879384994426327,0,0,-0.05695709226754335,-0.05695709226754335
151,107,1.5546530346273675,0,0,-0.031911340893425205,-0.031911340893425205
162,107,1.0132965990941232,0,0,0.020904431372563176,0.020904431372563176
171,107,1.4920214277373296,0,0,0.009538946571640575,0.009538946571640575
176,107,1.3098593213230136,0,0,0.059324302765618835,0.059324302765618835
181,107,1.3536401517555479,0,0,-0.027158278627767013,-0.027158278627767013
192,107,1.5233006721951978,0,0,0.08009648263650966,0.08009648263650966
202,107,1.0798085534947397,0,0,0.04262392131743537,0.04262392131743537
219,107,1.3469317104021241,0,0,-0.058717607709334416,-0.058717607709334416
229,107,1.2970835163415688,0,0,-0.07434985685112637,-0.07434985685112637
238,107,1.5649921304929737,0,0,0.011907512608571438,0.011907512608571438
240,107,0.5131185898632701,0,0,-0.01278350440124934,-0.01278350440124934
243,107,0.9953322169826071,0,0,0.04487535809406468,0.04487535809406468
244,107,0.40911318725202384,0,0,0.011339312488085534,0.011339312488085534
246,107,1.3471068473555916,0,0,-0.08225279782173293,-0.08225279782173293
252,107,1.5380620631070299,0,0,0.06408739270744263,0.06408739270744263
270,107,1.1255797164566037,0,0,0.05123534044409421,0.05123534044409421
276,107,1.5176769732398643,0,0,-0.02125237030442302,-0.02125237030442302
290,107,0.49387639181836135,0,0,0.007744098221883253,0.007744098221883253
297,107,1.5250652615440712,0,0,0.06349572358472158,0.06349572358472158
298,107,1.476402792202764,0,0,-0.0548108605796032,-0.0548108605796032
303,107,0.7579862448214452,0,0,0.029427634205214583,0.029427634205214583
304,107,1.4843474529179503,0,0,-0.018939296017286125,-0.018939296017286125
309,107,1.4597320190218104,0,0,-0.10564926381397395,-0.10564926381397395
312,107,0.38141757214871347,0,0,-0.0006222797985154377,-0.0006222797985154377
322,107,1.2603790856490782,0,0,0.05133164031117352,0.05133164031117352
326,107,0.3809303736974014,0,0,-0.028818709083431704,-0.028818709083431704
333,107,1.4557261087603364,0,0,0.05561689597998302,0.05561689597998302
353,107,1.2499470622387192,0,0,-0.0427055966093816,-0.0427055966093816
370,107,1.089630654264002,0,0,0.027637153798441602,0.027637153798441602
374,107,0.6844306310687045,0,0,0.00033617836007628077,0.00033617836007628077
375,107,1.497755586124979,0,0,0.06000863950397618,0.06000863950397618
388,107,1.5449820023513703,0,0,-0.06554522593053284,-0.06554522593053284
399,107,1.5524175502305508,0,0,0.08002997579804019,0.08002997579804019
111,108,1.303007886800436,0,0,0.010400265324078561,0.010400265324078561
121,108,0.8748206743922844,0,0,0.13188615157183747,0.13188615157183747
125,108,1.051969727974566,0,0,0.07093187719851102,0.07093187719851102
136,108,1.388618222809292,0,0,0.08390843317882557,0.08390843317882557
146,108,1.1715728001643044,0,0,0.14265956892000897,0.14265956892000897
148,108,1.25963061645671,0,0,0.17216599815434203,0.17216599815434203
153,108,1.3225170707040004,0,0,0.11565995211770713,0.11565995211770713
155,108,1.318233076615979,46,-1,-0.06144902841581534,0.9385509715841847
163,108,1.28160020385457,0,0,0.16830770245040982,0.16830770245040982
165,108,1.152427159163563,46,-1,-0.15796849850094008,0.8420315014990599
174,108,1.1090703940825122,46,-1,-0.1475987973839854,0.8524012026160146
175,108,0.6984012650579492,0,0,-0.04626917065540326,-0.04626917065540326
187,108,0.5813629551793623,0,0,-0.0024067787420911646,-0.0024067787420911646
195,108,0.6300102880831946,46,-1,-0.1035056814382107,0.8964943185617893
203,108,1.4625842720423214,0,0,0.22085226698399596,0.22085226698399596
204,108,1.0641036251636287,46,-1,-0.13946141081878216,0.8605385891812178
206,108,0.4665490702118381,0,0,0.05278284795130472,0.05278284795130472
209,108,1.487662728914499,0,0,0.19446126563022031,0.19446126563022031
214,108,1.1844112333892816,46,-1,-0.18363611072572406,0.816363889274276
221,108,1.4365160985642815,46,-1,-0.20514546937538203,0.794854530624618
225,108,1.0076039969076362,0,0,-0.022593650723875536,-0.022593650723875536
233,108,1.3592720152181732,0,0,0.14627183591203358,0.14627183591203358
236,108,1.5195136797489857,0,0,-0.05185689785423897,-0.05185689785423897
239,108,1.1626018377960712,0,0,0.16904117132034807,0.16904117132034807
247,108,1.5931035279742598,0,0,0.21336048640821081,0.21336048640821081
253,108,1.0361769464853812,46,-1,-0.1533976022936021,0.8466023977063979
254,108,0.8999773668071963,46,-1,-0.1331081903335436,0.8668918096664564
272,108,0.7965543368980532,46,-1,-0.12905939312789227,0.8709406068721077
278,108,1.0358771357861978,46,-1,-0.16190239593858946,0.8380976040614105
281,108,1.3913714752674105,0,0,0.1639189909456884,0.1639189909456884
313,108,1.4993564291695638,0,0,0.2084339133009136,0.2084339133009136
315,108,0.5903546871617292,0,0,0.0879863862448656,0.0879863862448656
324,108,1.1169924117777994,0,0,-0.08949301522300768,-0.08949301522300768
325,108,1.1948308329457829,0,0,-0.08419906774111419,-0.08419906774111419
336,108,0.5359464921187986,0,0,0.014534883677266408,0.014534883677266408
338,108,1.2591706829331415,46,-1,-0.15219998965557613,0.8478000103444239
363,108,1.0358265755911984,0,0,-0.10561750850554696,-0.10561750850554696
369,108,0.8682520008819828,46,-1,-0.14905327688433934,0.8509467231156607
372,108,1.5491408904039947,46,-1,-0.21252251499400754,0.7874774850059925
381,108,0.38889603389753424,0,0,-0.006024623247786187,-0.006024623247786187
121,109,1.4696876758695983,0,0,-0.08815485494101577,-0.08815485494101577
141,109,1.2642705774830705,0,0,0.09212137419519356,0.09212137419519356
146,109,1.28160636466887,0,0,-0.07738143759284427,-0.07738143759284427
148,109,1.0161869288642655,0,0,-0.04787500835851122,-0.04787500835851122
156,109,0.8014094276737755,0,0,-0.04631337290120768,-0.04631337290120768
159,109,0.8940904808668056,0,0,-0.05811297708338836,-0.05811297708338836
167,109,0.9978081347454137,0,0,0.08416285009633223,0.08416285009633223
173,109,0.9486661957960069,0,0,0.0303550820182219,0.0303550820182219
203,109,1.3377022478369824,0,0,0.0008112604711427163,0.0008112604711427163
209,109,0.7964577645054243,0,0,-0.02557974088263293,-0.02557974088263293
212,109,0.7034797296732817,0,0,0.041235229905022375,0.041235229905022375
222,109,0.2622526639610915,0,0,-0.00968724760488715,-0.00968724760488715
230,109,1.5157923781660463,0,0,-0.06989310277938632,-0.06989310277938632
235,109,1.5226933989644869,0,0,0.0329548677057821,0.0329548677057821
239,109,1.3788646921375756,0,0,-0.05099983519250517,-0.05099983519250517
255,109,1.4606722805825114,0,0,0.12101844670636039,0.12101844670636039
274,109,0.360251944185392,0,0,-0.011627188339999206,-0.011627188339999206
280,109,1.2672854152116892,0,0,0.00012575345329679521,0.00012575345329679521
281,109,0.9415290971904856,0,0,-0.05612201556716484,-0.05612201556716484
283,109,1.5311707548845512,0,0,-0.06989310277938637,-0.06989310277938637
288,109,1.4317758677797061,0,0,0.048211377902273755,0.048211377902273755
306,109,0.8923682261912176,0,0,0.07247188178458064,0.07247188178458064
308,109,0.5100605750352568,0,0,-0.02223232136010611,-0.02223232136010611
313,109,1.4566216843001267,0,0,-0.011607093211939645,-0.011607093211939645
329,109,0.777143773240759,0,0,-0.05115779142475746,-0.05115779142475746
340,109,1.3335171736592597,0,0,0.10222927266000892,0.10222927266000892
344,109,1.3491847357633362,0,0,0.061315354586894855,0.061315354586894855
366,109,1.1622952126110957,0,0,-0.0637187373375181,-0.0637187373375181
371,109,0.7537382167880454,0,0,0.0385861036636207,0.0385861036636207
376,109,0.4879022588926734,0,0,0.039152401227430245,0.039152401227430245
397,109,1.5666057174766213,0,0,0.116551357495051,0.116551357495051
398,109,1.5594867140948867,0,0,0.01012662664397812,0.01012662664397812
119,110,0.8450360438086644,0,0,-0.026057364358404306,-0.026057364358404306
132,110,1.5119216636962074,0,0,-0.046805442364152336,-0.046805442364152336
133,110,1.1456117792555889,0,0,0.041474500930446995,0.041474500930446995
138,110,1.5504892295611952,0,0,0.028151430445962133,0.028151430445962133
161,110,0.6848070969399365,0,0,0.014201423672240511,0.014201423672240511
171,110,0.5651025075713326,0,0,-0.006721497374814381,-0.006721497374814381
181,110,1.364781570734742,0,0,-0.04341872257422197,-0.04341872257422197
243,110,1.5973568597580707,0,0,0.02861491414760972,0.02861491414760972
244,110,0.8426990262959365,0,0,-0.004921131458369421,-0.004921131458369421
270,110,1.5615314647899166,0,0,0.034974896497639255,0.034974896497639255
276,110,1.1507080762514257,0,0,-0.03751281425087798,-0.03751281425087798
289,110,1.3039535674575489,0,0,0.04344583748851867,0.04344583748851867
290,110,0.8078755913107027,0,0,-0.008516345724571703,-0.008516345724571703
292,110,1.2190287833690225,0,0,0.005330892232561668,0.005330892232561668
303,110,1.4627476756032505,0,0,0.013167190258759627,0.013167190258759627
304,110,1.0961852395168348,0,0,-0.03519973996374108,-0.03519973996374108
312,110,1.071981340356507,0,0,-0.016882723744970393,-0.016882723744970393
326,110,1.4766246669929601,0,0,-0.04507915302988666,-0.04507915302988666
333,110,1.2405179767750083,0,0,0.03935645203352806,0.03935645203352806
345,110,0.9866469387890832,0,0,0.03625518944910813,0.03625518944910813
357,110,1.4508442037981253,0,0,-0.02247654899193774,-0.02247654899193774
377,110,1.5363543768498737,0,0,0.051732456274015653,0.051732456274015653
396,110,0.8265896525378549,0,0,-0.010859171177852733,-0.010859171177852733
116,111,1.4588481854174338,46,-1,-0.26868339101763783,0.7313166089823622
121,111,1.1992525127075688,0,0,0.12148588624775891,0.12148588624775891
125,111,0.42070972293769177,0,0,0.060531611874432456,0.060531611874432456
136,111,0.3089288711041483,0,0,0.07350816785474701,0.07350816785474701
148,111,1.5986489050514925,0,0,0.16176573283026346,0.16176573283026346
157,111,1.1907421235986357,0,0,-0.06784906686247194,-0.06784906686247194
163,111,0.8253113340047622,0,0,0.15790743712633126,0.15790743712633126
172,111,1.0257765654779851,0,0,-0.005208489720574194,-0.005208489720574194
187,111,0.82869063757659,0,0,-0.012807044066169726,-0.012807044066169726
195,111,1.4372346596731158,46,-1,-0.11390594676228916,0.8860940532377108
203,111,1.2334383417222687,0,0,0.2104520016599174,0.2104520016599174
206,111,1.480407829559044,0,0,0.04238258262722616,0.04238258262722616
214,111,1.304717267484382,46,-1,-0.19403637604980262,0.8059636239501974
223,111,0.8931170708866517,0,0,-0.031717826396690185,-0.031717826396690185
224,111,1.518225072719601,46,-1,-0.3082230076945752,0.6917769923054248
225,111,0.37874029602684073,0,0,-0.0329939160479541,-0.0329939160479541
233,111,0.637315909382477,0,0,0.13587157058795502,0.13587157058795502
235,111,1.2351900315938784,0,0,0.24259560889455678,0.24259560889455678
236,111,0.46536742269160614,0,0,-0.06225716317831753,-0.06225716317831753
239,111,1.1419808272284333,0,0,0.1586409059962695,0.1586409059962695
245,111,1.4375226747392358,0,0,-0.004890828488414267,-0.004890828488414267
247,111,1.0328251420139816,0,0,0.20296022108413225,0.20296022108413225
250,111,1.0209376909416161,0,0,0.06290567418590498,0.06290567418590498
257,111,1.5862468008481743,46,-1,-0.3134996318781651,0.6865003681218349
264,111,0.5198478185476471,0,0,0.007870699985588203,0.007870699985588203
266,111,0.8478620309659285,0,0,-0.0727361075643086,-0.0727361075643086
278,111,1.3508416973321578,46,-1,-0.1723026612626679,0.8276973387373321
288,111,1.354718108088094,0,0,0.25785211909104844,0.25785211909104844
293,111,1.3904716061085702,0,0,-0.15289531636328413,-0.15289531636328413
294,111,1.3625804790062788,0,0,-0.02323021731539565,-0.02323021731539565
295,111,1.2815474260538477,0,0,0.08693355291490185,0.08693355291490185
299,111,1.1873258471348525,0,0,-0.008093699186551229,-0.008093699186551229
313,111,1.120488173470597,0,0,0.19803364797683504,0.19803364797683504
315,111,1.3749815959945424,0,0,0.07758612092078704,0.07758612092078704
319,111,1.5263608762956145,0,0,0.11823175251375667,0.11823175251375667
323,111,0.7239028952474754,0,0,0.02980889480913962,0.02980889480913962
324,111,0.7417881078025856,0,0,-0.09989328054708624,-0.09989328054708624
325,111,0.581569982703396,0,0,-0.09459933306519275,-0.09459933306519275
336,111,1.5965441632379151,0,0,0.004134618353187847,0.004134618353187847
342,111,0.9331540135522105,0,0,-0.005221244287871185,-0.005221244287871185
344,111,1.5251469609590063,0,0,0.27095609577566954,0.27095609577566954
352,111,0.7347796122451247,0,0,0.083219287096846,0.083219287096846
354,111,1.594168326692404,46,-1,-0.335193712606608,0.664806287393392
359,111,1.5532965757117059,46,-1,-0.2941741863292917,0.7058258136707083
373,111,1.4627708128770158,46,-1,-0.3222749558185267,0.6777250441814733
381,111,1.5609279636654074,0,0,-0.01642488857186475,-0.01642488857186475
387,111,1.449079345499865,0,0,0.3015144787640615,0.3015144787640615
124,112,0.3004723465615397,0,0,-0.012772388657482342,-0.012772388657482342
127,112,1.394311913197922,0,0,-0.03292452673247775,-0.03292452673247775
133,112,1.458416883766496,0,0,-0.04450564498877479,-0.04450564498877479
177,112,1.068624973753789,0,0,-0.014401929186244715,-0.014401929186244715
185,112,0.9814201265448893,0,0,-0.021204127327847447,-0.021204127327847447
201,112,1.2187161926662202,0,0,-0.04266025822948562,-0.04266025822948562
207,112,0.8014097732178486,0,0,0.05563442735795577,0.05563442735795577
216,112,0.6492483258523649,0,0,0.03637498217018654,0.03637498217018654
291,112,0.7408914451459673,0,0,-0.002731772542324996,-0.002731772542324996
301,112,0.2525699325721075,0,0,-0.012045556532660078,-0.012045556532660078
310,112,0.7394705218258301,0,0,-0.01776226758379316,-0.01776226758379316
314,112,1.1738957584857717,0,0,0.0384582554293373,0.0384582554293373
320,112,1.243609937868854,0,0,-0.011198923819414352,-0.011198923819414352
337,112,0.5821323859823269,0,0,0.020559644095429236,0.020559644095429236
346,112,1.5702559221907009,0,0,0.02050486655249035,0.02050486655249035
349,112,0.554957305235918,0,0,-0.011678366493307005,-0.011678366493307005
350,112,1.4987387898787632,0,0,-0.011502964600988621,-0.011502964600988621
365,112,0.7691736856002007,0,0,0.06721488684769432,0.06721488684769432
377,112,1.1624124258348643,0,0,-0.03424768964520613,-0.03424768964520613
400,112,0.3943929884064996,0,0,-0.004939679413857768,-0.004939679413857768
118,113,0.7049827230912813,0,0,-0.011226195110945705,-0.011226195110945705
120,113,0.48815001093351124,0,0,-0.030190998191587076,-0.030190998191587076
122,113,1.462307790323746,0,0,-0.006556169838620951,-0.006556169838620951
127,113,0.9563779034698667,0,0,0.06741986347299245,0.06741986347299245
138,113,1.1595775640370056,0,0,0.042515674732210545,0.042515674732210545
142,113,0.7062017238847244,0,0,0.039674722780219066,0.039674722780219066
145,113,1.4363593189128037,0,0,-0.06341802628966418,-0.06341802628966418
151,113,0.850680059769914,0,0,-0.03380754055363175,-0.03380754055363175
162,113,1.3635659825262036,0,0,0.019008231712356632,0.019008231712356632
164,113,1.3945634002568794,0,0,0.1382625653824088,0.1382625653824088
171,113,1.54449361188827,0,0,0.007642746911434031,0.007642746911434031
177,113,1.3047443165204653,0,0,0.08594246101922548,0.08594246101922548
179,113,1.1942569529000788,0,0,0.06661486870336172,0.06661486870336172
193,113,1.1240767067932858,0,0,-0.06485270622703117,-0.06485270622703117
194,113,1.3921783892473532,0,0,-0.09605043042111248,-0.09605043042111248
197,113,1.5815913485035347,0,0,-0.14757191707292755,-0.14757191707292755
200,113,1.5477252846684881,0,0,0.12332801405237784,0.12332801405237784
201,113,1.4024564917293454,0,0,0.05768413197598458,0.05768413197598458
205,113,1.5493846559694124,0,0,-0.09929783435907653,-0.09929783435907653
211,113,1.1085074046172099,0,0,0.055606195470941,0.055606195470941
219,113,1.3993515739062015,0,0,-0.06061380736954096,-0.06061380736954096
232,113,1.405793688097014,0,0,-0.12515646474243164,-0.12515646474243164
238,113,0.7687559702166314,0,0,0.010011312948364895,0.010011312948364895
248,113,1.2238009511301022,0,0,-0.05235193694477884,-0.05235193694477884
252,113,1.4579916464637637,0,0,0.062191193047236075,0.062191193047236075
256,113,0.634048706008161,0,0,0.04630633222289519,0.04630633222289519
268,113,1.535619276739926,0,0,-0.15665193009575262,-0.15665193009575262
275,113,1.2092297770440628,0,0,0.1017822688554786,0.1017822688554786
277,113,0.8114323409276116,0,0,-0.0639483061204406,-0.0639483061204406
282,113,1.2289017744106483,0,0,-0.08497801115930485,-0.08497801115930485
286,113,1.0923785678121025,0,0,0.0935156789406175,0.0935156789406175
287,113,0.9265497605546852,0,0,-0.06588246061207777,-0.06588246061207777
292,113,1.1535130618396365,0,0,0.01969513651881008,0.01969513651881008
298,113,1.196391175213036,0,0,-0.056707060239809745,-0.056707060239809745
302,113,0.7796681995570237,0,0,0.05463655178688945,0.05463655178688945
305,113,1.585770568862793,0,0,0.15940750107136253,0.15940750107136253
314,113,1.5887543007952334,0,0,0.1388026456348075,0.1388026456348075
322,113,1.4080096151886712,0,0,0.04943544065096698,0.04943544065096698
332,113,0.8222491209413682,0,0,-0.05521856718390049,-0.05521856718390049
334,113,1.3405149034602695,0,0,0.08717419053915972,0.08717419053915972
335,113,0.8569630224106528,0,0,0.060417970805939754,0.060417970805939754
353,113,1.2464796047010367,0,0,-0.04460179626958814,-0.04460179626958814
357,113,1.0068873409862644,0,0,-0.008112304705689327,-0.008112304705689327
358,113,0.8106585708463873,0,0,-0.036065476547275516,-0.036065476547275516
370,113,1.3130300150147296,0,0,0.02574095413823506,0.02574095413823506
374,113,1.46108108404182,0,0,-0.0015600213001302626,-0.0015600213001302626
384,113,1.239724082109306,0,0,0.08349832973043331,0.08349832973043331
385,113,0.9403842206977386,0,0,0.03336306601417504,0.03336306601417504
388,113,1.2868024407423864,0,0,-0.06744142559073939,-0.06744142559073939
390,113,1.4235251974013243,0,0,0.0685951322992169,0.0685951322992169
392,113,1.4497267917677619,0,0,-0.14540445627072446,-0.14540445627072446
396,113,1.4153363723697547,0,0,0.0035050731083956788,0.0035050731083956788
397,113,1.5806531200950067,0,0,-0.1636355226166361,-0.1636355226166361
115,114,1.2746370240162148,0,0,0.01011720435628119,0.01011720435628119
131,114,0.8929274116203448,0,0,0.015870191757386104,0.015870191757386104
132,114,1.293527088625962,0,0,0.08682254490941416,0.08682254490941416
134,114,1.0337840554592737,0,0,0.0023397676170073267,0.0023397676170073267
140,114,1.1763270451742627,0,0,0.020547710793437174,0.020547710793437174
147,114,1.155786281988465,0,0,0.06041045105956819,0.06041045105956819
169,114,1.1394541620940168,0,0,-0.0380552482957367,-0.0380552482957367
196,114,1.086353068511652,0,0,-0.03594806516187707,-0.03594806516187707
198,114,0.879751025143993,0,0,-0.012371375916243238,-0.012371375916243238
205,114,1.5277755266859692,0,0,0.019965908628241547,0.019965908628241547
208,114,1.2345295992677594,0,0,-0.0034002290445213357,-0.0034002290445213357
210,114,0.7042141894364402,0,0,-0.012681799407074368,-0.012681799407074368
217,114,1.4211581238764388,0,0,-0.05300547964695121,-0.05300547964695121
219,114,1.4753597456352963,0,0,0.05864993561777712,0.05864993561777712
227,114,1.0909017230713791,0,0,-0.03675377476445851,-0.03675377476445851
229,114,1.1402272562718978,0,0,0.04301768647598517,0.04301768647598517
242,114,0.758074348769992,0,0,-0.018806754622828575,-0.018806754622828575
246,114,1.0381432978975944,0,0,0.0351147455053786,0.0351147455053786
259,114,1.2157763714933978,0,0,-0.04201309615107099,-0.04201309615107099
265,114,1.376352794705791,0,0,-0.009027714823664684,-0.009027714823664684
267,114,0.5623558549193509,0,0,0.022096795834309346,0.022096795834309346
273,114,0.5554992074069574,0,0,-0.004361170679427123,-0.004361170679427123
296,114,1.0732589263114145,0,0,0.0026555422362249947,0.0026555422362249947
309,114,0.6506815007912699,0,0,0.011718279513137586,0.011718279513137586
316,114,1.541670199749861,0,0,-0.016905680707451687,-0.016905680707451687
326,114,1.4174509569483462,0,0,0.08854883424367983,0.08854883424367983
331,114,1.3373375174250968,0,0,-0.04949936612074826,-0.04949936612074826
343,114,0.6963742615226861,0,0,-0.022261129836231797,-0.022261129836231797
360,114,1.1017863060842121,0,0,-0.008359086892038348,-0.008359086892038348
368,114,1.590022110020825,0,0,-0.042496429819678744,-0.042496429819678744
378,114,0.9343699083913773,0,0,-0.022646394376097084,-0.022646394376097084
395,114,1.5035669646828826,0,0,-0.027311003609613138,-0.027311003609613138
118,115,1.3042909211792262,0,0,0.09792034352009119,0.09792034352009119
122,115,1.1162388962369774,0,0,0.10259036879241594,0.10259036879241594
131,115,0.5078218353504984,0,0,0.005752987401104914,0.005752987401104914
132,115,1.4825442715444408,0,0,0.07670534055313297,0.07670534055313297
134,115,0.425678808021739,0,0,-0.007777436739273863,-0.007777436739273863
139,115,0.8683351053758833,0,0,-0.09501262199375132,-0.09501262199375132
143,115,0.5955806828851774,0,0,-0.01333978992099813,-0.01333978992099813
151,115,1.1025904768755708,0,0,0.07533899807740514,0.07533899807740514
154,115,0.6712443330631771,0,0,-0.045351304616475185,-0.045351304616475185
162,115,1.4885269437446775,0,0,0.1281547703433935,0.1281547703433935
169,115,1.2679919819000018,0,0,-0.04817245265201789,-0.04817245265201789
180,115,1.4638829850349113,0,0,-0.0785235071426017,-0.0785235071426017
193,115,0.8373031864795057,0,0,0.04429383240400572,0.04429383240400572
194,115,0.5958955512222269,0,0,0.013096108209924406,0.013096108209924406
196,115,1.5560646909326077,0,0,-0.04606526951815826,-0.04606526951815826
197,115,0.9141632726411727,0,0,-0.038425378441890645,-0.038425378441890645
203,115,1.5934400065629688,0,0,-0.1702290810095075,-0.1702290810095075
205,115,0.4132278561954308,0,0,0.009848704271960357,0.009848704271960357
217,115,0.8913452278189301,0,0,-0.0631226840032324,-0.0631226840032324
219,115,0.5466303933412524,0,0,0.04853273126149593,0.04853273126149593
227,115,1.5308081347946452,0,0,-0.0468709791207397,-0.0468709791207397
229,115,0.45325372266430314,0,0,0.03290048211970398,0.03290048211970398
232,115,1.384640593821754,0,0,-0.016009926111394762,-0.016009926111394762
235,115,1.3007624128171213,0,0,-0.13808547377486813,-0.13808547377486813
238,115,1.4045929283792133,0,0,0.11915785157940179,0.11915785157940179
240,115,1.2561691122789527,0,0,0.094466834569581,0.094466834569581
242,115,0.9402229870599906,0,0,-0.028923958979109765,-0.028923958979109765
246,115,0.5035588281296823,0,0,0.024997541149097413,0.024997541149097413
247,115,1.407595116447713,0,0,-0.17772086158529266,-0.17772086158529266
255,115,1.4478148336505166,0,0,-0.05002189477428984,-0.05002189477428984
259,115,1.5475010970053789,0,0,-0.05213030050735218,-0.05213030050735218
261,115,0.7015591761978796,0,0,-0.07990507282658194,-0.07990507282658194
268,115,1.0077915290831083,0,0,-0.04750539146471572,-0.04750539146471572
273,115,0.8784693404992221,0,0,-0.014478375035708313,-0.014478375035708313
277,115,1.5126657826715213,0,0,0.04519823251059629,0.04519823251059629
282,115,0.7611053436550946,0,0,0.024168527471732038,0.024168527471732038
288,115,1.2588803023997093,0,0,-0.12282896357837647,-0.12282896357837647
298,115,0.7237900533447854,0,0,0.052439478391227146,0.052439478391227146
309,115,0.7968545309968809,0,0,0.0016010751568563963,0.0016010751568563963
313,115,1.5296625922388956,0,0,-0.18264743469258987,-0.18264743469258987
326,115,1.4555581131863056,0,0,0.07843162988739864,0.07843162988739864
331,115,1.2913718188683143,0,0,-0.05961657047702945,-0.05961657047702945
340,115,1.2223980153955307,0,0,-0.06881106882064131,-0.06881106882064131
343,115,1.0012249269991937,0,0,-0.032378334192512986,-0.032378334192512986
344,115,1.2922319376311744,0,0,-0.10972498689375537,-0.10972498689375537
353,115,0.7773783828544502,0,0,0.06454474236144875,0.06454474236144875
358,115,1.1433866348835209,0,0,0.07308106208376138,0.07308106208376138
370,115,1.4655642372532216,0,0,0.13488749276927195,0.13488749276927195
374,115,1.2527340567828031,0,0,0.10758651733090663,0.10758651733090663
385,115,1.5525244541600847,0,0,0.14250960464521192,0.14250960464521192
387,115,0.7525133902192387,0,0,-0.0791666039053634,-0.0791666039053634
388,115,0.6582069516859573,0,0,0.0417051130402975,0.0417051130402975
392,115,1.0618074532043662,0,0,-0.036257917639687554,-0.036257917639687554
395,115,0.349022492914639,0,0,-0.03742820796589433,-0.03742820796589433
397,115,1.197120841514606,0,0,-0.05448898398559923,-0.05448898398559923
123,116,1.5949112011728457,0,0,0.041793354982990916,0.041793354982990916
128,116,0.738438543482258,0,0,0.046501413144390186,0.046501413144390186
129,116,0.9758378297379929,0,0,-0.11662809696058145,-0.11662809696058145
157,116,1.5596363539830005,1,1,0.20083432415516578,-0.7991656758448342
158,116,1.351401447949005,0,0,-0.0009661449564676849,-0.0009661449564676849
164,116,1.5637956255785408,0,0,-0.10322642229949164,-0.10322642229949164
178,116,0.7059461769718245,0,0,-0.07909024865103734,-0.07909024865103734
179,116,1.4649638617798542,0,0,-0.1748741189785387,-0.1748741189785387
186,116,0.8776419169876893,0,0,-0.04990309142260704,-0.04990309142260704
188,116,1.4356176489095374,0,0,0.018579217435510192,0.018579217435510192
189,116,0.4773954216129805,0,0,0.01890602869020694,0.01890602869020694
200,116,1.0765829525923942,0,0,-0.11816097362952259,-0.11816097362952259
211,116,1.5686736883122856,0,0,-0.18588279221095944,-0.18588279221095944
214,116,1.2146341794086393,0,0,0.07464701496783513,0.07464701496783513
215,116,1.5223491782413792,0,0,-0.1537039439094936,-0.1537039439094936
221,116,1.5043243474630266,0,0,0.05313765631817721,0.05313765631817721
223,116,1.576821504297283,1,1,0.23696556462094764,-0.7630344353790524
224,116,0.49219323204862403,0,0,-0.03953961667693748,-0.03953961667693748
225,116,1.4133990749940877,1,1,0.23568947496968362,-0.7643105250303164
236,116,1.2004621899988237,1,1,0.2064262278393203,-0.7935737721606797
237,116,1.4610593459953005,0,0,0.012638672515853794,0.012638672515853794
249,116,1.338772816361745,0,0,-0.009832123503349527,-0.009832123503349527
252,116,1.4349809109857956,0,0,-0.17929779463466436,-0.17929779463466436
257,116,0.4019396150927189,0,0,-0.04481624086052738,-0.04481624086052738
263,116,1.5927613743043751,0,0,0.07527547110125807,0.07527547110125807
264,116,1.5685917301283554,1,1,0.27655409100322603,-0.723445908996774
266,116,1.2807387513502198,1,1,0.19594728345332912,-0.8040527165466709
275,116,1.470861216204364,0,0,-0.13970671882642183,-0.13970671882642183
278,116,1.3694340812597552,0,0,0.09638072975496981,0.09638072975496981
293,116,0.9076880340941793,1,1,0.11578807465435359,-0.8842119253456464
305,116,1.2208014029703356,0,0,-0.0820814866105379,-0.0820814866105379
321,116,0.4775538996286104,0,0,-0.06028407679261896,-0.06028407679261896
324,116,1.0607786138368214,1,1,0.1687901104705516,-0.8312098895294484
325,116,1.0550311405318258,1,1,0.17408405795244497,-0.825915942047555
328,116,0.4789801203087331,0,0,-0.06012959146289468,-0.06012959146289468
334,116,1.3017466180328578,0,0,-0.1543147971427407,-0.1543147971427407
339,116,1.160227943540447,0,0,-0.02348806756876784,-0.02348806756876784
346,116,1.570784137445661,0,0,-0.12063973092393988,-0.12063973092393988
347,116,1.3314897982367928,0,0,0.037811609091071174,0.037811609091071174
354,116,0.8285568250704165,0,0,-0.06651032158897026,-0.06651032158897026
359,116,0.7876299603950161,0,0,-0.025490795311653935,-0.025490795311653935
372,116,1.5846052373166608,0,0,0.045760610699551646,0.045760610699551646
373,116,0.49437983801919266,0,0,-0.05359156480088899,-0.05359156480088899
384,116,1.3575820459192156,0,0,-0.1579906579514671,-0.1579906579514671
386,116,1.4784474210923866,0,0,0.011400742501589956,0.011400742501589956
390,116,1.4016940946190735,0,0,-0.1728938553826835,-0.1728938553826835
126,117,1.1182559312509397,1,1,0.07894997556648975,-0.9210500244335103
150,117,1.2103246214085674,1,1,0.0827802571217362,-0.9172197428782638
152,117,0.33133708122874006,0,0,-0.023924941178009307,-0.023924941178009307
155,117,0.5441952636577255,0,0,0.023526193828199538,0.023526193828199538
166,117,1.3171604851504926,1,1,0.06417571462636018,-0.9358242853736398
174,117,1.5217319458686924,0,0,-0.06262357513997052,-0.06262357513997052
175,117,1.1032582350982643,1,1,0.038706051588611734,-0.9612939484113883
204,117,1.3360105588744413,0,0,-0.054486188574767225,-0.054486188574767225
220,117,0.8159387378983474,0,0,-0.05828954521339763,-0.05828954521339763
228,117,0.9506255136743763,0,0,-0.0022746942945973125,-0.0022746942945973125
234,117,1.1476366562261144,0,0,-0.0494374195377803,-0.0494374195377803
253,117,1.5097139670385828,0,0,-0.06842238004958723,-0.06842238004958723
254,117,1.4623220574581415,0,0,-0.048132968089528716,-0.048132968089528716
262,117,1.5472356533261744,0,0,-0.09172796420415605,-0.09172796420415605
272,117,1.5899464704382416,0,0,-0.04408417088387728,-0.04408417088387728
294,117,1.599065751427048,1,1,0.0721452702526979,-0.9278547297473021
311,117,1.4154372213954018,0,0,-0.03284247214086572,-0.03284247214086572
336,117,1.5378504537870843,1,1,0.09951010592128129,-0.9004898940787187
338,117,1.3898007774069518,0,0,-0.06722476741156119,-0.06722476741156119
363,117,1.0097531941204196,1,1,-0.020642286261532083,-1.020642286261532
381,117,1.5083991035225994,1,1,0.0789505989962287,-0.9210494010037713
393,117,1.5855703912062142,0,0,-0.09192427122315822,-0.09192427122315822
120,118,0.7070372102375388,0,0,-0.01896480308064137,-0.01896480308064137
122,118,0.9209428034476775,0,0,0.004670025272324754,0.004670025272324754
127,118,1.316209011543361,0,0,0.07864605858393815,0.07864605858393815
131,118,1.5448772081371187,0,0,-0.09216735611898627,-0.09216735611898627
142,118,1.1927430139511983,0,0,0.05090091789116477,0.05090091789116477
143,118,1.0375399002577008,0,0,-0.11126013344108932,-0.11126013344108932
151,118,0.21570900851810984,0,0,-0.022581345442686043,-0.022581345442686043
154,118,1.2960719821690911,0,0,-0.14327164813656637,-0.14327164813656637
162,118,0.9172309757108642,0,0,0.030234426823302338,0.030234426823302338
164,118,1.3303814948535577,0,0,0.1494887604933545,0.1494887604933545
176,118,1.5651250884874048,0,0,0.06865429821635799,0.06865429821635799
179,118,0.808139088571809,0,0,0.07784106381430744,0.07784106381430744
192,118,1.504565209770052,0,0,0.08942647808724882,0.08942647808724882
193,118,0.509703487657561,0,0,-0.05362651111608546,-0.05362651111608546
194,118,0.7951945042966336,0,0,-0.08482423531016678,-0.08482423531016678
197,118,1.141414677573725,0,0,-0.13634572196198183,-0.13634572196198183
200,118,1.1849721670936235,0,0,0.13455420916332356,0.13455420916332356
202,118,1.3795897449610997,0,0,0.051953916768174534,0.051953916768174534
205,118,0.9638769980765298,0,0,-0.08807163924813083,-0.08807163924813083
211,118,0.7261862333440591,0,0,0.0668323905818867,0.0668323905818867
215,118,1.5695257364914734,0,0,0.09901123888335252,0.09901123888335252
219,118,0.8101963329651627,0,0,-0.049387612258595254,-0.049387612258595254
229,118,1.2954340580749433,0,0,-0.06501986140038721,-0.06501986140038721
232,118,1.2644947356972371,0,0,-0.11393026963148595,-0.11393026963148595
238,118,0.19350012799939878,0,0,0.0212375080593106,0.0212375080593106
240,118,1.2797559268787293,0,0,-0.0034535089505101785,-0.0034535089505101785
243,118,1.532548403752593,0,0,0.05420535354480384,0.05420535354480384
246,118,1.4514746845710682,0,0,-0.07292280237099377,-0.07292280237099377
252,118,0.9847226881337694,0,0,0.07341738815818177,0.07341738815818177
255,118,1.4515156004111744,0,0,-0.14794223829438102,-0.14794223829438102
256,118,1.0221317057298147,0,0,0.05753252733384089,0.05753252733384089
268,118,1.1220461705819327,0,0,-0.1454257349848069,-0.1454257349848069
275,118,1.0112635317663201,0,0,0.1130084639664243,0.1130084639664243
277,118,0.8846657929736419,0,0,-0.05272211100949489,-0.05272211100949489
282,118,0.663034056637063,0,0,-0.07375181604835915,-0.07375181604835915
286,118,1.0130039870266971,0,0,0.10474187405156321,0.10474187405156321
287,118,1.2073120716641654,0,0,-0.05465626550113206,-0.05465626550113206
298,118,0.5811803048772295,0,0,-0.04548086512886404,-0.04548086512886404
302,118,0.8021449723630432,0,0,0.06586274689783515,0.06586274689783515
303,118,1.3452941225765422,0,0,0.038757629655953744,0.038757629655953744
305,118,1.3560577580272128,0,0,0.17063369618230823,0.17063369618230823
322,118,0.9779359816300836,0,0,0.060661635761912684,0.060661635761912684
326,118,1.5595719230322016,0,0,-0.019488713632692542,-0.019488713632692542
332,118,1.1993245978095364,0,0,-0.04399237207295478,-0.04399237207295478
334,118,0.9753591573529117,0,0,0.09840038565010542,0.09840038565010542
335,118,0.7454403519284888,0,0,0.07164416591688547,0.07164416591688547
340,118,1.4856261631507424,0,0,-0.1667314123407325,-0.1667314123407325
344,118,1.5611421870384332,0,0,-0.20764533041384656,-0.20764533041384656
353,118,0.633358535498038,0,0,-0.03337560115864244,-0.03337560115864244
354,118,1.3917320498516301,0,0,0.18620486120387586,0.18620486120387586
358,118,0.23642290877257702,0,0,-0.02483928143632981,-0.02483928143632981
359,118,1.5863437862971215,0,0,0.2272243874811922,0.2272243874811922
370,118,0.8453942677525234,0,0,0.036967149249180764,0.036967149249180764
373,118,1.596254784796089,0,0,0.19912361799195716,0.19912361799195716
374,118,1.0241284537336066,0,0,0.009666173810815443,0.009666173810815443
384,118,0.8689637171685799,0,0,0.09472452484137901,0.09472452484137901
385,118,0.46356785741879225,0,0,0.044589261125120745,0.044589261125120745
387,118,1.409957596869245,0,0,-0.17708694742545458,-0.17708694742545458
388,118,0.6522068279182622,0,0,-0.05621523047979368,-0.05621523047979368
390,118,0.9881163105076317,0,0,0.07982132741016262,0.07982132741016262
392,118,1.0455969666222487,0,0,-0.13417826115977874,-0.13417826115977874
395,118,1.4509417357609784,0,0,-0.1353485514859855,-0.1353485514859855
397,118,1.2148901769382388,0,0,-0.15240932750569042,-0.15240932750569042
122,119,1.5819988784697874,0,0,0.005136950233534943,0.005136950233534943
132,119,0.7999617420726838,0,0,-0.02074807800574803,-0.02074807800574803
147,119,0.9730006306163237,0,0,-0.047160171855594,-0.047160171855594
161,119,1.456425247182429,0,0,0.04025878803064482,0.04025878803064482
171,119,1.07093197459675,0,0,0.019335866983589925,0.019335866983589925
181,119,0.7105967270111461,0,0,-0.017361358215817663,-0.017361358215817663
240,119,1.1837866101160137,0,0,-0.00298658398929999,-0.00298658398929999
244,119,0.47415357652319723,0,0,0.021136232900034885,0.021136232900034885
267,119,1.5352648554027848,0,0,-0.08547382708085284,-0.08547382708085284
276,119,0.885566744095278,0,0,-0.01145544989247367,-0.01145544989247367
290,119,0.40079309704819316,0,0,0.017541018633832603,0.017541018633832603
303,119,1.4145806932486815,0,0,0.03922455461716393,0.03922455461716393
304,119,0.8358003428830509,0,0,-0.009142375605336775,-0.009142375605336775
312,119,0.5154553205676446,0,0,0.009174640613433913,0.009174640613433913
326,119,0.8468513733340364,0,0,-0.019021788671482354,-0.019021788671482354
374,119,1.3356690733428662,0,0,0.010133098772025631,0.010133098772025631
396,119,1.224774674376346,0,0,0.015198193180551572,0.015198193180551572
122,120,1.5292846404755127,0,0,0.023634828352966125,0.023634828352966125
127,120,1.3626566265097058,0,0,0.09761086166457952,0.09761086166457952
142,120,1.133855105725418,0,0,0.06986572097180614,0.06986572097180614
143,120,1.3070291952558923,0,0,-0.09229533036044794,-0.09229533036044794
145,120,1.2469792003282683,0,0,-0.03322702809807711,-0.03322702809807711
151,120,0.7340571483528606,0,0,-0.0036165423620446724,-0.0036165423620446724
154,120,1.5459359503032892,0,0,-0.124306845055925,-0.124306845055925
162,120,1.551699153735149,0,0,0.04919922990394371,0.04919922990394371
179,120,1.4191629915261983,0,0,0.0968058668949488,0.0968058668949488
193,120,0.91139243388079,0,0,-0.03466170803544409,-0.03466170803544409
194,120,1.1275226299573922,0,0,-0.06585943222952541,-0.06585943222952541
197,120,1.1820266649002982,0,0,-0.11738091888134046,-0.11738091888134046
205,120,1.2747300962567842,0,0,-0.06910683616748946,-0.06910683616748946
211,120,1.3400181572847027,0,0,0.08579719366252808,0.08579719366252808
219,120,1.2367660652764028,0,0,-0.030422809177953883,-0.030422809177953883
232,120,0.9219803134102172,0,0,-0.09496546655084458,-0.09496546655084458
238,120,0.8573311802302036,0,0,0.04020231113995197,0.04020231113995197
248,120,1.1359161878130697,0,0,-0.022160938753191764,-0.022160938753191764
255,120,1.1578861356785415,0,0,-0.12897743521373967,-0.12897743521373967
256,120,1.0182294409935269,0,0,0.07649733041448226,0.07649733041448226
258,120,1.282197483381408,0,0,-0.09826415437826212,-0.09826415437826212
268,120,1.1287730065975397,0,0,-0.12646093190416552,-0.12646093190416552
275,120,1.4175752680487794,0,0,0.1319732670470657,0.1319732670470657
277,120,0.332003494512165,0,0,-0.03375730792885352,-0.03375730792885352
282,120,0.9529793682924653,0,0,-0.05478701296771778,-0.05478701296771778
286,120,1.3169604429801636,0,0,0.12370667713220458,0.12370667713220458
287,120,0.5900566569063689,0,0,-0.03569146242049069,-0.03569146242049069
292,120,1.560529502378637,0,0,0.049886134710397156,0.049886134710397156
298,120,1.019737911900999,0,0,-0.02651606204822267,-0.02651606204822267
302,120,1.083955522141937,0,0,0.08482754997847652,0.08482754997847652
327,120,1.4124631345122087,0,0,-0.09279578749078833,-0.09279578749078833
332,120,0.5894515187047312,0,0,-0.025027568992313412,-0.025027568992313412
334,120,1.5639949192969904,0,0,0.11736518873074679,0.11736518873074679
335,120,1.1136380648310815,0,0,0.09060896899752682,0.09060896899752682
340,120,1.4102932248179105,0,0,-0.1477666092600911,-0.1477666092600911
353,120,1.1604435913017055,0,0,-0.014410798078001066,-0.014410798078001066
357,120,1.2449673802668544,0,0,0.02207869348589775,0.02207869348589775
358,120,0.6562140420267815,0,0,-0.0058744783556884395,-0.0058744783556884395
370,120,1.4950948909538677,0,0,0.055931952329822135,0.055931952329822135
374,120,1.5639995142818242,0,0,0.028630976891456814,0.028630976891456814
384,120,1.4379271416547257,0,0,0.11368932792202038,0.11368932792202038
385,120,1.1024665270824578,0,0,0.06355406420576212,0.06355406420576212
388,120,1.0979504135391078,0,0,-0.03725042739915231,-0.03725042739915231
392,120,1.0490633037971142,0,0,-0.11521345807913737,-0.11521345807913737
397,120,1.1627411989562637,0,0,-0.13344452442504906,-0.13344452442504906
125,121,0.7873928063818807,0,0,-0.060954274373326456,-0.060954274373326456
136,121,1.0739558286272823,0,0,-0.0479777183930119,-0.0479777183930119
144,121,1.456626275380054,0,0,-0.02054082659798867,-0.02054082659798867
146,121,0.6669596695353459,0,0,0.010773417348171499,0.010773417348171499
148,121,0.46126635510993486,0,0,0.04027984658250455,0.04027984658250455
153,121,1.0683870246030145,0,0,-0.01622619945413034,-0.01622619945413034
154,121,1.5856103874353622,0,0,0.2138438918051908,0.2138438918051908
156,121,0.9985943192939254,0,0,0.04184148203980809,0.04184148203980809
159,121,1.07474470337336,0,0,0.030041877857627408,0.030041877857627408
163,121,0.6831858714988536,0,0,0.03642155087857235,0.03642155087857235
168,121,1.346151702426068,0,0,-0.006963429272100308,-0.006963429272100308
175,121,1.5075974066567397,0,0,-0.17815532222724073,-0.17815532222724073
187,121,0.7391184383626523,0,0,-0.13429293031392864,-0.13429293031392864
195,121,1.3710458942920292,46,-1,-0.23539183301004818,0.7646081669899518
203,121,0.6806223684443379,0,0,0.08896611541215849,0.08896611541215849
206,121,0.6477804096695836,0,0,-0.07910330362053275,-0.07910330362053275
209,121,0.7040603608494432,0,0,0.06257511405838284,0.06257511405838284
212,121,1.1803758487300815,0,0,0.12939008484603814,0.12939008484603814
214,121,1.5969416958097105,46,-1,-0.31552226229756153,0.6844777377024385
222,121,1.2136183245498444,0,0,0.07846760733612862,0.07846760733612862
225,121,1.0350770628877712,0,0,-0.154479802295713,-0.154479802295713
233,121,0.8341147657822887,0,0,0.014385684340196103,0.014385684340196103
235,121,0.9512733098786721,0,0,0.12110972264679787,0.12110972264679787
239,121,0.34818469904243504,0,0,0.0371550197485106,0.0371550197485106
247,121,0.8962401532339433,0,0,0.08147433483637334,0.08147433483637334
268,121,1.5721448194638676,0,0,0.21168980495695028,0.21168980495695028
269,121,1.5047051817902697,0,0,0.0017985231950385372,0.0017985231950385372
272,121,1.5779713310571533,46,-1,-0.26094554469972975,0.7390544553002703
274,121,1.1134792566122091,0,0,0.07652766660101656,0.07652766660101656
278,121,1.5533210033065523,46,-1,-0.29378854751042693,0.7062114524895731
281,121,0.6689877625285157,0,0,0.03203283937385093,0.03203283937385093
288,121,1.0268388129084658,0,0,0.13636623284328953,0.13636623284328953
306,121,1.42534796946592,0,0,0.1606267367255964,0.1606267367255964
308,121,0.9720385811050805,0,0,0.06592253358090966,0.06592253358090966
313,121,0.7459236748698855,0,0,0.07654776172907612,0.07654776172907612
315,121,0.5077698218561731,0,0,-0.043899765326971874,-0.043899765326971874
324,121,1.422880790960166,0,0,-0.22137916679484515,-0.22137916679484515
325,121,1.4201340219783152,0,0,-0.21608521931295166,-0.21608521931295166
329,121,1.251995609013994,0,0,0.03699706351625831,0.03699706351625831
336,121,1.031617048751178,0,0,-0.11735126789457107,-0.11735126789457107
340,121,1.4257859400826185,0,0,0.1903841276010247,0.1903841276010247
344,121,1.061215589102379,0,0,0.14947020952791062,0.14947020952791062
352,121,1.42268489078506,0,0,-0.038266599150912906,-0.038266599150912906
366,121,1.2606247611733041,0,0,0.024436117603497676,0.024436117603497676
371,121,1.149891454603401,0,0,0.12674095860463647,0.12674095860463647
376,121,1.307961264813206,0,0,0.12730725616844601,0.12730725616844601
381,121,1.0392276098045,0,0,-0.13791077481962366,-0.13791077481962366
387,121,1.5077213830956828,0,0,0.1800285925163026,0.1800285925163026
392,121,1.5643876896523528,0,0,0.22293727878197844,0.22293727878197844
397,121,1.436901552378108,0,0,0.20470621243606676,0.20470621243606676
129,122,1.529056430446687,0,0,0.13141706055993993,0.13141706055993993
131,122,1.1272341138505104,0,0,-0.09683738139131103,-0.09683738139131103
132,122,1.0835764548423361,0,0,-0.025885028239282973,-0.025885028239282973
134,122,1.2719356942568374,0,0,-0.1103678055316898,-0.1103678055316898
143,122,1.2713518317294983,0,0,-0.11593015871341407,-0.11593015871341407
151,122,0.8931452833124391,0,0,-0.027251370715010798,-0.027251370715010798
154,122,1.487752923079837,0,0,-0.14794167340889114,-0.14794167340889114
162,122,0.4064878669847817,0,0,0.025564401550977583,0.025564401550977583
176,122,1.0986617086543142,0,0,0.06398427294403325,0.06398427294403325
179,122,1.041644358388808,0,0,0.07317103854198267,0.07317103854198267
192,122,1.1021423143066957,0,0,0.08475645281492407,0.08475645281492407
193,122,0.9281232845438727,0,0,-0.05829653638841022,-0.05829653638841022
194,122,1.0301085901206466,0,0,-0.08949426058249153,-0.08949426058249153
197,122,1.5873988415380003,0,0,-0.1410157472343066,-0.1410157472343066
200,122,1.4353959985893425,0,0,0.1298841838909988,0.1298841838909988
202,122,0.8132255440220922,0,0,0.04728389149584978,0.04728389149584978
205,122,1.064871763394616,0,0,-0.09274166452045558,-0.09274166452045558
211,122,0.9724015964357757,0,0,0.06216236530956195,0.06216236530956195
215,122,1.2327251497253697,0,0,0.09434121361102776,0.09434121361102776
219,122,0.687844644185462,0,0,-0.05405763753092001,-0.05405763753092001
229,122,0.8438316832485113,0,0,-0.06968988667271196,-0.06968988667271196
238,122,0.8955384145544405,0,0,0.016567482786985846,0.016567482786985846
240,122,0.5108850246105788,0,0,-0.008123534222834933,-0.008123534222834933
243,122,0.9161170618462045,0,0,0.049535328272479084,0.049535328272479084
244,122,1.313710698178754,0,0,0.015999282666499942,0.015999282666499942
246,122,0.9698752354860778,0,0,-0.07759282764331853,-0.07759282764331853
252,122,0.8201549314993498,0,0,0.06874736288585703,0.06874736288585703
270,122,1.139911294183086,0,0,0.05589531062250862,0.05589531062250862
275,122,1.5550465231083064,0,0,0.10833843869409955,0.10833843869409955
282,122,1.0608143133346208,0,0,-0.0784218413206839,-0.0784218413206839
290,122,1.4023155836389363,0,0,0.01240406840029766,0.01240406840029766
297,122,1.4354190783601979,0,0,0.06815569376313599,0.06815569376313599
298,122,0.773898674954523,0,0,-0.050150890401188794,-0.050150890401188794
302,122,1.4622148054644282,0,0,0.0611927216255104,0.0611927216255104
303,122,0.7116485565436597,0,0,0.03408760438362899,0.03408760438362899
309,122,1.3260819788344054,0,0,-0.10098929363555954,-0.10098929363555954
312,122,1.3137250993430598,0,0,0.00403769037989897,0.00403769037989897
322,122,0.6486446312009863,0,0,0.05599161048958793,0.05599161048958793
326,122,0.9351255769125913,0,0,-0.024158738905017296,-0.024158738905017296
334,122,1.2086716921555098,0,0,0.09373036037778067,0.09373036037778067
335,122,1.3804452365267317,0,0,0.0669741406445607,0.0669741406445607
353,122,0.5182037721318978,0,0,-0.03804562643096719,-0.03804562643096719
358,122,0.9893212935223334,0,0,-0.029509306708654565,-0.029509306708654565
364,122,1.5830881768684641,0,0,0.09841480889635068,0.09841480889635068
370,122,0.4234436904229931,0,0,0.03229712397685601,0.03229712397685601
374,122,0.25737376948026797,0,0,0.004996148538490688,0.004996148538490688
375,122,1.5080980949515475,0,0,0.06466860968239059,0.06466860968239059
384,122,1.2151289230124036,0,0,0.09005449956905426,0.09005449956905426
385,122,0.9057200180188326,0,0,0.03991923585279599,0.03991923585279599
387,122,1.550075153826133,0,0,-0.18175697269777935,-0.18175697269777935
388,122,0.8047357605918886,0,0,-0.060885255752118436,-0.060885255752118436
390,122,0.9249143174628414,0,0,0.07515130213783786,0.07515130213783786
395,122,1.3769351969384243,0,0,-0.14001857675831025,-0.14001857675831025
399,122,1.2261520877274956,0,0,0.0846899459764546,0.0846899459764546
128,123,1.1873900052070103,0,0,0.00470805816139927,0.00470805816139927
135,123,1.2910602851433983,0,0,-0.008553845887894679,-0.008553845887894679
158,123,0.8763823617216631,0,0,-0.0427594999394586,-0.0427594999394586
182,123,0.8912186463745435,0,0,0.040864777788815504,0.040864777788815504
186,123,1.5795088977342133,0,0,-0.09169644640559796,-0.09169644640559796
188,123,0.5167137318941385,0,0,-0.023214137547480723,-0.023214137547480723
189,123,1.3605295811174216,0,0,-0.022887326292783977,-0.022887326292783977
218,123,0.32722830847543827,0,0,0.011998417529927724,0.011998417529927724
234,123,1.4075340360905135,0,0,0.08207712892877306,0.08207712892877306
237,123,0.6892322416107712,0,0,-0.029154682467137122,-0.029154682467137122
251,123,0.7019111148780404,0,0,-0.023764272433692418,-0.023764272433692418
260,123,0.7038345190804245,0,0,0.03095824087019272,0.03095824087019272
262,123,1.4336792776294642,0,0,0.03978658426239731,0.03978658426239731
263,123,0.7767758298589117,0,0,0.03348211611826715,0.03348211611826715
271,123,1.5201728244259303,0,0,-0.0028121520478857076,-0.0028121520478857076
293,123,1.5380311277385208,1,1,0.07399471967136273,-0.9260052803286373
307,123,1.2414061255482565,0,0,-0.013650086435572722,-0.013650086435572722
311,123,1.485926309403828,0,0,0.09867207632568764,0.09867207632568764
330,123,0.5322829116205327,0,0,0.02349394119321191,0.02349394119321191
339,123,1.145795825417697,0,0,-0.06528142255175876,-0.06528142255175876
347,123,0.5406730725011818,0,0,-0.003981745891919741,-0.003981745891919741
367,123,1.1200049784539328,0,0,-0.05490132248720381,-0.05490132248720381
379,123,1.57715425074198,0,0,-0.0031144085698817103,-0.0031144085698817103
383,123,1.1636857545128696,0,0,0.018160074205954696,0.018160074205954696
391,123,1.4418160685772619,0,0,-0.03369038107209671,-0.03369038107209671
127,124,1.3494146113539718,0,0,-0.020152138074995406,-0.020152138074995406
133,124,1.22492725247524,0,0,-0.031733256331292446,-0.031733256331292446
138,124,1.4018866775169523,0,0,-0.04505632681577731,-0.04505632681577731
142,124,1.5394628949324298,0,0,-0.04789727876776879,-0.04789727876776879
177,124,1.0219367121100114,0,0,-0.001629540528762373,-0.001629540528762373
185,124,0.8070068406300205,0,0,-0.008431738670365105,-0.008431738670365105
201,124,0.993747232785298,0,0,-0.029887869572003272,-0.029887869572003272
207,124,1.0996261504313796,0,0,0.06840681601543812,0.06840681601543812
216,124,0.9427163196915057,0,0,0.04914737082766888,0.04914737082766888
289,124,1.5689986649729644,0,0,-0.029761919773220766,-0.029761919773220766
291,124,0.8355535144306326,0,0,0.010040616115157348,0.010040616115157348
301,124,0.20571799080660497,0,0,0.0007268321248222642,0.0007268321248222642
310,124,0.4653044341021437,0,0,-0.004989878926310819,-0.004989878926310819
314,124,1.2677180900137173,0,0,0.05123064408681964,0.05123064408681964
320,124,1.2445169061466894,0,0,0.001573464838067991,0.001573464838067991
333,124,1.5649237009468864,0,0,-0.03385130522821138,-0.03385130522821138
337,124,0.7844963366055676,0,0,0.03333203275291158,0.03333203275291158
345,124,1.3945279476766783,0,0,-0.03695256781263131,-0.03695256781263131
349,124,0.393743946559761,0,0,0.0010940221641753379,0.0010940221641753379
350,124,1.553626046654639,0,0,0.001269424056493721,0.001269424056493721
365,124,0.996763708682639,0,0,0.07998727550517666,0.07998727550517666
377,124,0.937268532670326,0,0,-0.021475300987723787,-0.021475300987723787
400,124,0.4051530497871735,0,0,0.007832709243624576,0.007832709243624576
136,125,0.3572818214263486,0,0,0.012976555980314552,0.012976555980314552
143,125,1.5743213612230655,0,0,0.3068096808739943,0.3068096808739943
146,125,1.3762803008901545,0,0,0.07172769172149795,0.07172769172149795
148,125,1.1877350489241565,0,0,0.10123412095583101,0.10123412095583101
154,125,1.4331674223047777,0,0,0.27479816617851727,0.27479816617851727
157,125,1.565784197121889,0,0,-0.1283806787369044,-0.1283806787369044
163,125,0.4802116328481061,0,0,0.0973758252518988,0.0973758252518988
172,125,1.3397765306998453,0,0,-0.06574010159500665,-0.06574010159500665
187,125,0.5600881547895795,0,0,-0.07333865594060218,-0.07333865594060218
195,125,1.304197405293201,46,-1,-0.17443755863672172,0.8255624413632783
203,125,0.8709764300001486,0,0,0.14992038978548494,0.14992038978548494
206,125,1.1481971564108209,0,0,-0.018149029247206294,-0.018149029247206294
209,125,1.378737332542915,0,0,0.1235293884317093,0.1235293884317093
214,125,1.2706801318942496,46,-1,-0.2545679879242351,0.7454320120757649
223,125,1.258917447770752,0,0,-0.09224943827112264,-0.09224943827112264
225,125,0.36500672978404985,0,0,-0.09352552792238655,-0.09352552792238655
233,125,0.3839395155565971,0,0,0.07533995871352256,0.07533995871352256
235,125,0.9387685196803439,0,0,0.18206399702012432,0.18206399702012432
236,125,0.8637220172900418,0,0,-0.12278877505274999,-0.12278877505274999
239,125,0.7337010684409379,0,0,0.09810929412183705,0.09810929412183705
247,125,0.7592020729724683,0,0,0.1424286092096998,0.1424286092096998
250,125,1.2028848193092379,0,0,0.0023740623114725246,0.0023740623114725246
261,125,1.5056261395186916,0,0,0.24024439796841052,0.24024439796841052
264,125,0.8913056968350349,0,0,-0.05266091188884425,-0.05266091188884425
266,125,1.2263942759005195,0,0,-0.13326771943874105,-0.13326771943874105
272,125,1.5405507102683453,46,-1,-0.1999912703264033,0.8000087296735967
278,125,1.2927213849315944,46,-1,-0.23283427313710048,0.7671657268628995
281,125,1.390003851104372,0,0,0.09298711374717739,0.09298711374717739
288,125,1.0633129129946615,0,0,0.19732050721661598,0.19732050721661598
295,125,1.3795337410094544,0,0,0.02640194104046939,0.02640194104046939
299,125,1.484662701420191,0,0,-0.06862531106098368,-0.06862531106098368
313,125,0.787920919307162,0,0,0.13750203610240258,0.13750203610240258
315,125,1.032110408562165,0,0,0.017054509046354582,0.017054509046354582
319,125,1.535963679548542,0,0,0.057700140639324216,0.057700140639324216
323,125,1.0205404581180355,0,0,-0.030722717065292837,-0.030722717065292837
324,125,0.850737690254961,0,0,-0.1604248924215187,-0.1604248924215187
325,125,0.7665261729054961,0,0,-0.1551309449396252,-0.1551309449396252
336,125,1.3529452860732667,0,0,-0.05639699352124461,-0.05639699352124461
342,125,1.2755204431042866,0,0,-0.06575285616230364,-0.06575285616230364
344,125,1.2066373623122821,0,0,0.21042448390123708,0.21042448390123708
352,125,0.8705697499366877,0,0,0.02268767522241355,0.02268767522241355
369,125,1.5423717865602,46,-1,-0.21998515408285035,0.7800148459171496
381,125,1.3216324809175952,0,0,-0.0769565004462972,-0.0769565004462972
387,125,1.294900717216856,0,0,0.24098286688962905,0.24098286688962905
397,125,1.5681359806325639,0,0,0.26566048680939325,0.26566048680939325
149,126,1.1632009139334494,0,0,0.0798765525096562,0.0798765525096562
150,126,0.17888555523183813,0,0,0.00383028155524634,0.00383028155524634
152,126,1.4370299479293758,46,-1,-0.10287491674449911,0.8971250832555009
155,126,1.0886032832958674,46,-1,-0.05542378173829032,0.9445762182617097
157,126,1.484996846213665,0,0,-0.05142355486086825,-0.05142355486086825
166,126,0.5600038649099246,0,0,-0.014774260940129569,-0.014774260940129569
172,126,1.2138765688549997,0,0,0.011217022281029498,0.011217022281029498
223,126,1.4425292695479286,0,0,-0.015292314395086493,-0.015292314395086493
226,126,1.3712034603031136,0,0,0.08310401047191118,0.08310401047191118
228,126,1.2566086758099446,46,-1,-0.08122466986108712,0.9187753301389129
245,126,0.9187446900427716,0,0,0.011534683513189425,0.011534683513189425
294,126,1.020055591515696,0,0,-0.006804705313791959,-0.006804705313791959
299,126,1.1297229939873223,0,0,0.008331812815052464,0.008331812815052464
323,126,1.5149394232508968,0,0,0.04623440681074331,0.04623440681074331
342,126,1.3434575578309436,0,0,0.011204267713732508,0.011204267713732508
394,126,1.387436390237376,0,0,0.09894170259791008,0.09894170259791008
138,127,0.9253545623087411,0,0,-0.0249041887407819,-0.0249041887407819
142,127,0.3022534229762816,0,0,-0.02774514069277338,-0.02774514069277338
151,127,1.524560308168093,0,0,-0.1012274040266242,-0.1012274040266242
164,127,0.8600810128067848,0,0,0.07084270190941636,0.07084270190941636
177,127,0.3766866776927923,0,0,0.018522597546233033,0.018522597546233033
179,127,1.1659793288215257,0,0,-0.0008049947696307132,-0.0008049947696307132
199,127,1.3726802331281234,0,0,0.14805170734160733,0.14805170734160733
200,127,1.2990123646951812,0,0,0.05590815057938539,0.05590815057938539
201,127,0.8834620410692858,0,0,-0.009735731497007866,-0.009735731497007866
211,127,1.1431403375430944,0,0,-0.011813668002051445,-0.011813668002051445
238,127,1.2270050889728261,0,0,-0.05740855052462755,-0.05740855052462755
249,127,1.4606002290790603,0,0,0.16423700070555847,0.16423700070555847
252,127,1.510920641911057,0,0,-0.005228670425756369,-0.005228670425756369
256,127,0.34609086390851224,0,0,-0.021113531250097257,-0.021113531250097257
275,127,0.9200906888640276,0,0,0.03436240538248615,0.03436240538248615
286,127,0.7549679879648437,0,0,0.026095815467625058,0.026095815467625058
292,127,1.2571756885271643,0,0,-0.04772472695418237,-0.04772472695418237
301,127,1.247754158981085,0,0,0.02087897019981767,0.02087897019981767
302,127,0.601478600881043,0,0,-0.012783311686102992,-0.012783311686102992
305,127,1.1892782485067905,0,0,0.09198763759837009,0.09198763759837009
310,127,1.4943200607086473,0,0,0.015162259148684586,0.015162259148684586
314,127,0.6844586299656208,0,0,0.07138278216181505,0.07138278216181505
322,127,1.5520303730946696,0,0,-0.017984422822025465,-0.017984422822025465
334,127,1.1908117524056498,0,0,0.019754327066167275,0.019754327066167275
335,127,0.7453839297627796,0,0,-0.00700189266705269,-0.00700189266705269
337,127,1.2542856407449197,0,0,0.05348417082790699,0.05348417082790699
349,127,1.5107539892639712,0,0,0.021246160239170746,0.021246160239170746
354,127,1.5435364443175652,0,0,0.10755880261993772,0.10755880261993772
357,127,1.5024761479104696,0,0,-0.07553216817868177,-0.07553216817868177
358,127,1.504281304322126,0,0,-0.10348534002026796,-0.10348534002026796
365,127,1.3544683150282777,0,0,0.10013941358017206,0.10013941358017206
384,127,1.1383195303416858,0,0,0.016078466257440867,0.016078466257440867
385,127,1.174498501384455,0,0,-0.0340567974588174,-0.0340567974588174
390,127,1.41219408565911,0,0,0.0011752688262244675,0.0011752688262244675
129,128,1.4894446974858553,0,0,-0.16312951010497162,-0.16312951010497162
157,128,1.4071933589376506,1,1,0.15433291101077562,-0.8456670889892244
158,128,1.0782363899654717,0,0,-0.04746755810085787,-0.04746755810085787
178,128,1.0786748102569237,0,0,-0.12559166179542752,-0.12559166179542752
182,128,1.389823869791579,0,0,0.036156719627416234,0.036156719627416234
186,128,0.9802806603582953,0,0,-0.09640450456699723,-0.09640450456699723
188,128,0.9818600651691576,0,0,-0.027922195708879993,-0.027922195708879993
189,128,0.3239829578392114,0,0,-0.027595384454183247,-0.027595384454183247
218,128,1.3221227178279713,0,0,0.007290359368528454,0.007290359368528454
223,128,1.580821659194866,1,1,0.19046415147655738,-0.8095358485234426
224,128,1.1918863096742804,0,0,-0.08604102982132766,-0.08604102982132766
234,128,1.5895140111649477,0,0,0.07736907076737379,0.07736907076737379
236,128,1.4501836304262188,1,1,0.15992481469493003,-0.84007518530507
237,128,1.1284593052438465,0,0,-0.03386274062853639,-0.03386274062853639
251,128,1.3898743702845613,0,0,-0.02847233059509169,-0.02847233059509169
257,128,1.1006505470080223,0,0,-0.09131765400491756,-0.09131765400491756
260,128,1.4028360952620371,0,0,0.02625018270879345,0.02625018270879345
263,128,1.09147161037022,0,0,0.028774057956867882,0.028774057956867882
266,128,1.305932620393019,1,1,0.14944587030893897,-0.850554129691061
293,128,0.6264446549438292,1,1,0.06928666150996343,-0.9307133384900366
311,128,1.3035991732993208,0,0,0.09396401816428837,0.09396401816428837
321,128,1.1759878538127095,0,0,-0.10678548993700915,-0.10678548993700915
324,128,1.508977212087467,1,1,0.12228869732616132,-0.8777113026738387
325,128,1.4801767388283258,1,1,0.1275826448080548,-0.8724173551919452
328,128,0.9598167071231651,0,0,-0.10663100460728486,-0.10663100460728486
330,128,1.4909872437503566,0,0,0.01878588303181264,0.01878588303181264
339,128,0.9959932047914485,0,0,-0.06998948071315803,-0.06998948071315803
347,128,0.7411114340805517,0,0,-0.008689804053319011,-0.008689804053319011
354,128,1.5392955696702764,0,0,-0.11301173473336044,-0.11301173473336044
359,128,1.4556115935341973,0,0,-0.07199220845604412,-0.07199220845604412
367,128,1.5376748956381212,0,0,-0.05960938064860308,-0.05960938064860308
373,128,1.2263219938568872,0,0,-0.10009297794527917,-0.10009297794527917
158,129,1.5417581764193242,0,0,0.11566195200411376,0.11566195200411376
162,129,1.2369953268083531,0,0,-0.10585265900896235,-0.10585265900896235
164,129,1.3410550881255487,0,0,0.013401674661089817,0.013401674661089817
176,129,1.019548154806209,0,0,-0.06743278761590668,-0.06743278761590668
178,129,0.4320296286093765,0,0,0.03753784830954411,0.03753784830954411
179,129,0.9137396894563274,0,0,-0.05824602201795725,-0.05824602201795725
186,129,0.7447701861709707,0,0,0.0667250055379744,0.0667250055379744
189,129,1.1725329207680368,0,0,0.13553412565078837,0.13553412565078837
192,129,0.7099643496729755,0,0,-0.04666060774501586,-0.04666060774501586
200,129,0.7293835754593625,0,0,-0.001532876668941141,-0.001532876668941141
202,129,1.1254776590855837,0,0,-0.08413316906409016,-0.08413316906409016
211,129,0.9982393649278543,0,0,-0.06925469525037797,-0.06925469525037797
215,129,0.5729861068108794,0,0,-0.03707584694891217,-0.03707584694891217
224,129,0.8457912989869774,0,0,0.07708848028364397,0.07708848028364397
238,129,1.5023998369373275,0,0,-0.11484957777295408,-0.11484957777295408
243,129,1.2882919479027122,0,0,-0.08188173228746085,-0.08188173228746085
249,129,1.5309801258722486,0,0,0.10679597345723192,0.10679597345723192
252,129,0.7684979815986598,0,0,-0.0626696976740829,-0.0626696976740829
257,129,0.6867457591700902,0,0,0.07181185610005407,0.07181185610005407
270,129,1.3169244877568673,0,0,-0.07552174993743131,-0.07552174993743131
275,129,1.175516953827211,0,0,-0.02307862186584038,-0.02307862186584038
286,129,1.3644372392488457,0,0,-0.03134521178070148,-0.03134521178070148
297,129,1.1289767477195018,0,0,-0.06326136679680394,-0.06326136679680394
302,129,1.4518997807834697,0,0,-0.07022433893442953,-0.07022433893442953
303,129,1.4352009209089627,0,0,-0.09732945617631095,-0.09732945617631095
305,129,1.1443853441332792,0,0,0.034546610350043555,0.034546610350043555
320,129,1.5744726235080755,0,0,-0.03571542433526314,-0.03571542433526314
321,129,0.644364589912344,0,0,0.056344020167962486,0.056344020167962486
322,129,0.9703323283358042,0,0,-0.07542545007035201,-0.07542545007035201
328,129,0.5420318343437628,0,0,0.05649850549768677,0.05649850549768677
334,129,0.7912540375014488,0,0,-0.03768670018215926,-0.03768670018215926
335,129,1.3488621549797872,0,0,-0.06444291991537923,-0.06444291991537923
339,129,1.2349043234799544,0,0,0.09314002939181361,0.09314002939181361
346,129,0.8021668920729152,0,0,-0.004011633963358435,-0.004011633963358435
350,129,0.9558931349130918,0,0,-0.03601946511683741,-0.03601946511683741
354,129,0.8812302998556131,0,0,0.05011777537161119,0.05011777537161119
359,129,1.0406842803487348,0,0,0.09113730164892751,0.09113730164892751
364,129,0.6706244148440945,0,0,-0.03300225166358925,-0.03300225166358925
370,129,1.2023070074124576,0,0,-0.09911993658308392,-0.09911993658308392
373,129,0.7426216487992998,0,0,0.06303653215969246,0.06303653215969246
375,129,1.2871186015622218,0,0,-0.06674845087754934,-0.06674845087754934
384,129,0.935710523110494,0,0,-0.04136256099088567,-0.04136256099088567
385,129,1.2370193933943008,0,0,-0.09149782470714393,-0.09149782470714393
390,129,0.7265740820147824,0,0,-0.05626575842210207,-0.05626575842210207
399,129,0.7889397190369797,0,0,-0.04672711458348532,-0.04672711458348532
137,130,0.6805953401426974,0,0,0.0352716246723101,0.0352716246723101
144,130,1.4036980519907494,0,0,0.007113444651423495,0.007113444651423495
149,130,0.6037568114485524,0,0,-0.030380574490294243,-0.030380574490294243
150,130,1.5829474340558476,0,0,-0.1064268454447041,-0.1064268454447041
170,130,0.40126140028695967,0,0,0.02427126395036111,0.02427126395036111
172,130,1.554008717086944,0,0,-0.09904010471892094,-0.09904010471892094
184,130,0.8408132792338837,0,0,0.045788130078948,0.045788130078948
191,130,1.1258104741494974,0,0,0.06211406443915862,0.06211406443915862
226,130,0.4153509958511232,0,0,-0.027153116528039256,-0.027153116528039256
230,130,1.4860141595226033,0,0,0.04591602341104162,0.04591602341104162
245,130,1.5756584610720834,0,0,-0.09872244348676101,-0.09872244348676101
250,130,0.948026215506055,0,0,-0.030925940812441766,-0.030925940812441766
264,130,1.5824843306689984,0,0,-0.08596091501275854,-0.08596091501275854
269,130,1.3828823344618084,0,0,0.029452794444450703,0.029452794444450703
283,130,1.4818367042871263,0,0,0.04591602341104156,0.04591602341104156
284,130,0.8816634948666833,0,0,0.018074530606704553,0.018074530606704553
285,130,0.5845872047958816,0,0,0.020878065506384103,0.020878065506384103
295,130,0.7278659667095846,0,0,-0.0068980620834449,-0.0068980620834449
299,130,1.4888860805719468,0,0,-0.10192531418489797,-0.10192531418489797
300,130,1.2853544370744026,0,0,0.0640127587306365,0.0640127587306365
319,130,0.6776290659402613,0,0,0.024400137515409925,0.024400137515409925
323,130,1.3262726228303914,0,0,-0.06402272018920713,-0.06402272018920713
341,130,1.532740648309617,0,0,0.0931273076683215,0.0931273076683215
352,130,1.206631937237152,0,0,-0.01061232790150074,-0.01061232790150074
362,130,1.0438119317310577,0,0,0.021045726628886263,0.021045726628886263
382,130,1.5864960700211204,0,0,0.09240677168897554,0.09240677168897554
394,130,1.1501327832068085,0,0,-0.011315424402040364,-0.011315424402040364
132,131,1.1156155973779873,0,0,0.07095235315202805,0.07095235315202805
134,131,0.28671035813392154,0,0,-0.013530424140378777,-0.013530424140378777
139,131,1.2212068262547595,0,0,-0.10076560939485624,-0.10076560939485624
143,131,1.0761405063167404,0,0,-0.019092777322103044,-0.019092777322103044
151,131,1.3672360807865658,0,0,0.06958601067630023,0.06958601067630023
154,131,1.172887897957086,0,0,-0.0511042920175801,-0.0511042920175801
162,131,1.53079709570531,0,0,0.12240178294228861,0.12240178294228861
169,131,1.2260134868305979,0,0,-0.0539254400531228,-0.0539254400531228
180,131,1.555852236758261,0,0,-0.08427649454370661,-0.08427649454370661
193,131,1.1691703532139597,0,0,0.03854084500290081,0.03854084500290081
194,131,1.0006404955974204,0,0,0.007343120808819492,0.007343120808819492
196,131,1.4601651496244958,0,0,-0.05181825691926317,-0.05181825691926317
197,131,1.3496116380234464,0,0,-0.04417836584299556,-0.04417836584299556
205,131,0.8420404042343541,0,0,0.0040957168708554426,0.0040957168708554426
210,131,1.4672245486915112,0,0,-0.028551991164460472,-0.028551991164460472
217,131,1.0184884422467577,0,0,-0.06887567140433731,-0.06887567140433731
219,131,0.7464984357207138,0,0,0.04277974386039102,0.04277974386039102
227,131,1.4516626262151038,0,0,-0.05262396652184462,-0.05262396652184462
229,131,0.2942816856635588,0,0,0.027147494718599063,0.027147494718599063
240,131,1.0472122002646254,0,0,0.08871384716847609,0.08871384716847609
242,131,0.7251824555382846,0,0,-0.03467694638021468,-0.03467694638021468
246,131,0.1707822191299029,0,0,0.0192445537479925,0.0192445537479925
259,131,1.4900512845031304,0,0,-0.05788328790845709,-0.05788328790845709
261,131,1.1449921786585944,0,0,-0.08565806022768685,-0.08565806022768685
267,131,1.26362671304246,0,0,0.006226604076923242,0.006226604076923242
268,131,1.4399218676118355,0,0,-0.05325837886582063,-0.05325837886582063
273,131,0.5574665811497189,0,0,-0.020231362436813227,-0.020231362436813227
282,131,1.1319206388705314,0,0,0.018415540070627123,0.018415540070627123
298,131,1.0007707597939044,0,0,0.04668649099012223,0.04668649099012223
309,131,0.30416697350327077,0,0,-0.004151912244248518,-0.004151912244248518
326,131,1.1249593882437683,0,0,0.07267864248629373,0.07267864248629373
331,131,1.2983574879965072,0,0,-0.06536955787813437,-0.06536955787813437
343,131,0.7644790309370237,0,0,-0.0381313215936179,-0.0381313215936179
353,131,0.9481446028547545,0,0,0.058791754960343834,0.058791754960343834
358,131,1.4213016669258334,0,0,0.06732807468265646,0.06732807468265646
370,131,1.5381809545435396,0,0,0.12913450536816704,0.12913450536816704
374,131,1.1720689519080947,0,0,0.10183352992980171,0.10183352992980171
378,131,1.5351751792557544,0,0,-0.03851658613348319,-0.03851658613348319
387,131,1.2550947617355204,0,0,-0.08491959130646831,-0.08491959130646831
388,131,0.9794608543543087,0,0,0.03595212563919259,0.03595212563919259
392,131,1.4915445422351672,0,0,-0.04201090504079247,-0.04201090504079247
395,131,0.8142948900611717,0,0,-0.04318119536699924,-0.04318119536699924
134,132,1.3910842649169222,0,0,-0.08448277729240683,-0.08448277729240683
147,132,1.0034782767919819,0,0,-0.02641209384984597,-0.02641209384984597
151,132,1.5958436652626442,0,0,-0.0013663424757278247,-0.0013663424757278247
162,132,1.3141543948434917,0,0,0.051449429790260556,0.051449429790260556
181,132,1.1452930558103416,0,0,0.0033867197899303675,0.0033867197899303675
202,132,1.4976959068860443,0,0,0.07316891973513276,0.07316891973513276
205,132,1.5937672995055077,0,0,-0.06685663628117261,-0.06685663628117261
219,132,1.2390366807995559,0,0,-0.028172609291637035,-0.028172609291637035
229,132,1.0543167864469984,0,0,-0.04380485843342899,-0.04380485843342899
240,132,0.6027042061237701,0,0,0.01776149401644804,0.01776149401644804
243,132,1.4435369972750332,0,0,0.07542035651176206,0.07542035651176206
244,132,0.7361725693706734,0,0,0.041884310905782915,0.041884310905782915
246,132,1.0587950650525217,0,0,-0.051707799404035554,-0.051707799404035554
267,132,1.2225221914862472,0,0,-0.06472574907510481,-0.06472574907510481
273,132,1.4298612062071945,0,0,-0.09118371558884128,-0.09118371558884128
276,132,1.4703624477488266,0,0,0.00929262811327436,0.00929262811327436
290,132,0.7654488569353121,0,0,0.03828909663958063,0.03828909663958063
298,132,1.4242050035013671,0,0,-0.02426586216190582,-0.02426586216190582
303,132,1.193755180825963,0,0,0.05997263262291196,0.05997263262291196
304,132,1.447979351305051,0,0,0.011605702400411255,0.011605702400411255
309,132,1.0445176551783941,0,0,-0.07510426539627657,-0.07510426539627657
312,132,0.5606573382119858,0,0,0.029922718619181943,0.029922718619181943
322,132,1.5897232043109957,0,0,0.08187663872887091,0.08187663872887091
326,132,0.1786763193487585,0,0,0.0017262893342656765,0.0017262893342656765
353,132,1.2372156880868825,0,0,-0.012160598191684219,-0.012160598191684219
370,132,1.3737848003068032,0,0,0.05818215221613898,0.05818215221613898
374,132,0.8795145639575657,0,0,0.03088117677777366,0.03088117677777366
388,132,1.483242147787192,0,0,-0.03500022751283546,-0.03500022751283546
138,133,1.1924321258640462,0,0,-0.013323070484484858,-0.013323070484484858
161,133,0.6896013137020536,0,0,-0.02727307725820648,-0.02727307725820648
171,133,1.2736423138651984,0,0,-0.048195998305261376,-0.048195998305261376
176,133,1.4280962833611022,0,0,0.0015893578887168879,0.0015893578887168879
177,133,1.5246167782380797,0,0,0.030103715802530073,0.030103715802530073
185,133,0.6990327364120761,0,0,0.02330151766092734,0.02330151766092734
201,133,1.0189860096905126,0,0,0.0018453867592891741,0.0018453867592891741
202,133,1.5574233080177582,0,0,-0.015111023559466575,-0.015111023559466575
243,133,1.5053538284592372,0,0,-0.01285958678283727,-0.01285958678283727
270,133,1.3576972787390804,0,0,-0.006499604432807737,-0.006499604432807737
289,133,0.6631668981553483,0,0,0.0019713365580716798,0.0019713365580716798
291,133,1.3829377165577001,0,0,0.0417738724464498,0.0417738724464498
292,133,1.2128914446423633,0,0,-0.03614360869788533,-0.03614360869788533
297,133,1.3262280138691254,0,0,0.005760778707819637,0.005760778707819637
301,133,1.375943327558882,0,0,0.032460088456114713,0.032460088456114713
303,133,1.5351382484018594,0,0,-0.028307310671687364,-0.028307310671687364
310,133,0.8282300004909915,0,0,0.026743377404981627,0.026743377404981627
320,133,1.229091996363227,0,0,0.03330672116936044,0.03330672116936044
333,133,0.6691893080747822,0,0,-0.002118048896918929,-0.002118048896918929
345,133,0.2252762128243071,0,0,-0.0052193114813388584,-0.0052193114813388584
349,133,0.9690886384513695,0,0,0.032827278495467786,0.032827278495467786
350,133,1.4793084415007203,0,0,0.03300268038778617,0.03300268038778617
375,133,1.1559799478039847,0,0,0.0022736946270742395,0.0022736946270742395
377,133,0.3950208871881097,0,0,0.010257955343568659,0.010257955343568659
396,133,1.40738950217902,0,0,-0.05233367210829973,-0.05233367210829973
399,133,1.557712360032494,0,0,0.02229503092113825,0.02229503092113825
400,133,1.2471790392082736,0,0,0.039565965574917025,0.039565965574917025
139,134,0.9585552162659887,0,0,-0.08723518525447746,-0.08723518525447746
143,134,1.015432406742394,0,0,-0.005562353181724267,-0.005562353181724267
151,134,1.4677061443805064,0,0,0.083116434816679,0.083116434816679
154,134,1.0469478874311307,0,0,-0.03757386787720132,-0.03757386787720132
169,134,1.0646243020831696,0,0,-0.040395015912744026,-0.040395015912744026
180,134,1.3147306884577552,0,0,-0.07074607040332784,-0.07074607040332784
190,134,1.4889756867246065,0,0,-0.07617562555487842,-0.07617562555487842
193,134,1.2296502308243311,0,0,0.052071269143279586,0.052071269143279586
194,134,1.0120171700736238,0,0,0.02087354494919827,0.02087354494919827
196,134,1.3688019826416722,0,0,-0.038287832778884395,-0.038287832778884395
197,134,1.3061396381253363,0,0,-0.030647941702616782,-0.030647941702616782
205,134,0.8326266710173226,0,0,0.01762614101123422,0.01762614101123422
210,134,1.5321766270690313,0,0,-0.015021567024081695,-0.015021567024081695
217,134,0.7496056219464202,0,0,-0.055345247263958536,-0.055345247263958536
219,134,0.8511261508349511,0,0,0.056310168000769795,0.056310168000769795
227,134,1.361664052172612,0,0,-0.03909354238146584,-0.03909354238146584
229,134,0.4564095318924727,0,0,0.04067791885897784,0.04067791885897784
240,134,1.267866448612578,0,0,0.10224427130885487,0.10224427130885487
242,134,0.6185980749898107,0,0,-0.021146522239835902,-0.021146522239835902
246,134,0.3598837956960883,0,0,0.032774977888371276,0.032774977888371276
259,134,1.3642353704737868,0,0,-0.044352863768078316,-0.044352863768078316
261,134,0.9284206326308494,0,0,-0.07212763608730807,-0.07212763608730807
267,134,1.472852710601587,0,0,0.01975702821730202,0.01975702821730202
268,134,1.4038855318510686,0,0,-0.039727954725441855,-0.039727954725441855
273,134,0.5588354424561224,0,0,-0.00670093829643445,-0.00670093829643445
282,134,1.1692353667534698,0,0,0.0319459642110059,0.0319459642110059
288,134,1.5974342668402954,0,0,-0.11505152683910261,-0.11505152683910261
298,134,1.0850845053859013,0,0,0.06021691513050101,0.06021691513050101
309,134,0.49296373092050044,0,0,0.00937851189613026,0.00937851189613026
326,134,1.3905788280132005,0,0,0.0862090666266725,0.0862090666266725
331,134,1.0930426204409875,0,0,-0.05183913373775559,-0.05183913373775559
340,134,1.5761041342954947,0,0,-0.061033632081367445,-0.061033632081367445
343,134,0.6834603088995687,0,0,-0.024600897453239123,-0.024600897453239123
353,134,1.0674750469360361,0,0,0.07232217910072261,0.07232217910072261
358,134,1.5175879260407277,0,0,0.08085849882303524,0.08085849882303524
374,134,1.3616865687812783,0,0,0.11536395407018049,0.11536395407018049
378,134,1.5485853148746103,0,0,-0.02498616199310441,-0.02498616199310441
387,134,1.0964367571860827,0,0,-0.07138916716608953,-0.07138916716608953
388,134,1.0363517890892162,0,0,0.049482549779571366,0.049482549779571366
392,134,1.4672077908759191,0,0,-0.02848048090041369,-0.02848048090041369
395,134,0.635346847868468,0,0,-0.029650771226620465,-0.029650771226620465
397,134,1.5919119188354476,0,0,-0.04671154724632537,-0.04671154724632537
158,135,1.5213019649102404,0,0,-0.03420565405156392,-0.03420565405156392
165,135,1.5414828833304097,0,0,0.0670751180975229,0.0670751180975229
188,135,1.5386197659663483,0,0,-0.014660291659586044,-0.014660291659586044
199,135,1.0779138625078073,0,0,-0.0592569259623969,-0.0592569259623969
207,135,1.5527600240690669,0,0,-0.1187496792135707,-0.1187496792135707
218,135,1.3936888443827429,0,0,0.020552263417822403,0.020552263417822403
221,135,1.2450210880653272,0,0,0.019898147223080975,0.019898147223080975
237,135,1.4407910567358522,0,0,-0.020600836579242443,-0.020600836579242443
241,135,0.6165980333499129,0,0,0.010214095153119468,0.010214095153119468
249,135,1.402582791240306,0,0,-0.043071632598445764,-0.043071632598445764
251,135,1.2106508014419324,0,0,-0.01521042654579774,-0.01521042654579774
260,135,1.5149784018851882,0,0,0.0395120867580874,0.0395120867580874
262,135,1.1400492215322682,0,0,0.04834043015029199,0.04834043015029199
271,135,0.396729207236758,0,0,0.005741693840008971,0.005741693840008971
279,135,1.0719469965725652,0,0,-0.004545357575529013,-0.004545357575529013
307,135,0.17854888151695136,0,0,-0.005096240547678044,-0.005096240547678044
317,135,0.9822592667464772,0,0,0.03878891819698224,0.03878891819698224
318,135,0.6516436373333782,0,0,0.002789957314234842,0.002789957314234842
330,135,1.3454101459228798,0,0,0.03204778708110659,0.03204778708110659
338,135,1.5345607067921327,0,0,0.07284362694288685,0.07284362694288685
365,135,1.5303858030475788,0,0,-0.10716921972383216,-0.10716921972383216
367,135,1.447758985106304,0,0,-0.04634747659930913,-0.04634747659930913
372,135,1.2378244036172483,0,0,0.012521101604455409,0.012521101604455409
379,135,0.47457751819640587,0,0,0.0054394373180129685,0.0054394373180129685
380,135,0.5840606938272964,0,0,-0.016987086120881317,-0.016987086120881317
383,135,0.6913040239210044,0,0,0.026713920093849375,0.026713920093849375
386,135,1.1897092332797328,0,0,-0.02183876659350628,-0.02183876659350628
389,135,0.9647813194588716,0,0,0.024464551778252436,0.024464551778252436
391,135,0.45487482975318966,0,0,-0.02513653518420203,-0.02513653518420203
393,135,1.2222437296079998,0,0,0.04814412313128982,0.04814412313128982
139,136,1.4276300718704786,0,0,0.21216029282092658,0.21216029282092658
143,136,1.5422351358198156,0,0,0.29383312489367974,0.29383312489367974
148,136,1.4179115584773798,0,0,0.08825756497551646,0.08825756497551646
154,136,1.3811997635857027,0,0,0.2618216101982027,0.2618216101982027
157,136,1.4268191414412785,0,0,-0.14135723471721895,-0.14135723471721895
163,136,0.6133704710911037,0,0,0.08439926927158425,0.08439926927158425
172,136,1.2019511847996078,0,0,-0.0787166575753212,-0.0787166575753212
184,136,1.599089532869827,0,0,0.06611157722254773,0.06611157722254773
187,136,0.9039363445143231,0,0,-0.08631521192091673,-0.08631521192091673
191,136,1.5048067049006184,0,0,0.08243751158275836,0.08243751158275836
203,136,0.9992015807349015,0,0,0.1369438338051704,0.1369438338051704
206,136,1.4740363014452866,0,0,-0.031125585227520847,-0.031125585227520847
209,136,1.5925455800810917,0,0,0.11055283245139474,0.11055283245139474
214,136,1.494526562744634,46,-1,-0.2675445439045496,0.7324554560954504
223,136,1.1075820704056993,0,0,-0.1052259942514372,-0.1052259942514372
225,136,0.5542718852947037,0,0,-0.1065020839027011,-0.1065020839027011
233,136,0.3744239373472734,0,0,0.06236340273320801,0.06236340273320801
235,136,0.9967902663571595,0,0,0.16908744103980977,0.16908744103980977
236,136,0.7476282532457952,0,0,-0.13576533103306454,-0.13576533103306454
239,136,0.9492814401029753,0,0,0.0851327381415225,0.0851327381415225
247,136,0.7650374353456509,0,0,0.12945205322938524,0.12945205322938524
250,136,0.937559313832214,0,0,-0.010602493668842028,-0.010602493668842028
261,136,1.3655864412180199,0,0,0.22726784198809596,0.22726784198809596
264,136,0.6749493725871599,0,0,-0.0656374678691588,-0.0656374678691588
266,136,1.1185828140128622,0,0,-0.1462442754190556,-0.1462442754190556
278,136,1.545931617485496,46,-1,-0.24581082911741503,0.754189170882585
288,136,1.0985049180928637,0,0,0.18434395123630143,0.18434395123630143
294,136,1.5510933442924546,0,0,-0.09673838517014266,-0.09673838517014266
295,136,1.1281964513389917,0,0,0.013425385060154837,0.013425385060154837
299,136,1.3422628116570445,0,0,-0.08160186704129824,-0.08160186704129824
313,136,0.8676885951892532,0,0,0.12452548012208803,0.12452548012208803
315,136,1.3368759113921427,0,0,0.00407795306604003,0.00407795306604003
319,136,1.3167271623674894,0,0,0.04472358465900966,0.04472358465900966
323,136,0.806309322035828,0,0,-0.04369927304560739,-0.04369927304560739
324,136,0.9956126989083662,0,0,-0.17340144840183325,-0.17340144840183325
325,136,0.8553233333476293,0,0,-0.16810750091993976,-0.16810750091993976
342,136,1.124417787523051,0,0,-0.0787294121426182,-0.0787294121426182
344,136,1.2952858826618807,0,0,0.19744792792092253,0.19744792792092253
352,136,0.5686245889634979,0,0,0.009711119242098998,0.009711119242098998
387,136,1.2131305988479701,0,0,0.2280063109093145,0.2280063109093145
149,137,1.2601029475365544,0,0,-0.06565219916260434,-0.06565219916260434
170,137,0.3329150494128953,0,0,-0.011000360721948987,-0.011000360721948987
183,137,1.3837509399271588,0,0,0.10590681427061066,0.10590681427061066
184,137,0.20807085775590245,0,0,0.0105165054066379,0.0105165054066379
191,137,0.4798849615644728,0,0,0.026842439766848525,0.026842439766848525
226,137,1.0246542464055566,0,0,-0.062424741200349354,-0.062424741200349354
230,137,1.5862872564794348,0,0,0.01064439873873152,0.01064439873873152
250,137,1.0022454934567118,0,0,-0.06619756548475186,-0.06619756548475186
269,137,1.5846519158365981,0,0,-0.005818830227859395,-0.005818830227859395
283,137,1.579058561154785,0,0,0.010644398738731464,0.010644398738731464
284,137,1.3198305126203966,0,0,-0.017197094065605545,-0.017197094065605545
285,137,0.8293568023729061,0,0,-0.014393559165925995,-0.014393559165925995
295,137,0.6476443841455043,0,0,-0.042169686755755,-0.042169686755755
300,137,0.8431205203312958,0,0,0.0287411340583264,0.0287411340583264
319,137,0.29881686152794484,0,0,-0.010871487156900173,-0.010871487156900173
323,137,1.4981897518721945,0,0,-0.09929434486151723,-0.09929434486151723
341,137,0.8972511236827166,0,0,0.057855682996011404,0.057855682996011404
351,137,1.0856047900041346,0,0,0.08127880334562515,0.08127880334562515
352,137,1.1219630320728564,0,0,-0.04588395257381084,-0.04588395257381084
362,137,1.4082992222471662,0,0,-0.014225898043423835,-0.014225898043423835
382,137,1.0076759543438503,0,0,0.057135147016665444,0.057135147016665444
142,138,0.7763998149011249,0,0,-0.00284095195199148,-0.00284095195199148
161,138,0.9937093082457791,0,0,-0.013950006773721622,-0.013950006773721622
171,138,1.1930624133201295,0,0,-0.034872927820776514,-0.034872927820776514
177,138,0.9233333793479502,0,0,0.043426786287014935,0.043426786287014935
185,138,1.570718067449873,0,0,0.0366245881454122,0.0366245881454122
201,138,0.40987047324802234,0,0,0.015168457243774032,0.015168457243774032
256,138,0.9991509045982832,0,0,0.0037906574906846416,0.0037906574906846416
292,138,0.44403498301754507,0,0,-0.022820538213400465,-0.022820538213400465
301,138,1.3996362334051566,0,0,0.04578315894059957,0.04578315894059957
302,138,1.3418395114824462,0,0,0.012120877054678906,0.012120877054678906
310,138,1.284481253154241,0,0,0.040066447889466485,0.040066447889466485
314,138,1.477544437413614,0,0,0.09628697090259694,0.09628697090259694
335,138,1.4840778809476627,0,0,0.01790229607372921,0.01790229607372921
345,138,1.1791393308312665,0,0,0.008103759003146,0.008103759003146
349,138,1.4874947717992644,0,0,0.04615034897995264,0.04615034897995264
357,138,0.9355070084951012,0,0,-0.05062797943789987,-0.05062797943789987
377,138,1.3561658825374339,0,0,0.023581025828053517,0.023581025828053517
396,138,1.0739622278878447,0,0,-0.03901060162381487,-0.03901060162381487
143,139,0.9716638980321833,0,0,0.0816728320727532,0.0816728320727532
154,139,0.7552914325603766,0,0,0.04966131737727614,0.04966131737727614
160,139,1.5849556706717594,0,0,-0.00992447813411279,-0.00992447813411279
163,139,1.3062872768162017,0,0,-0.12776102354934232,-0.12776102354934232
169,139,1.157255679773909,0,0,0.046840169341733434,0.046840169341733434
180,139,0.961823180021275,0,0,0.016489114851149622,0.016489114851149622
183,139,1.145114846823602,0,0,-0.05065840673440608,-0.05065840673440608
184,139,1.5615270218986186,0,0,-0.14604871559837884,-0.14604871559837884
190,139,1.213276756037081,0,0,0.011059559699599042,0.011059559699599042
191,139,1.2499039714045534,0,0,-0.12972278123816822,-0.12972278123816822
193,139,1.4642681420630326,0,0,0.13930645439775705,0.13930645439775705
194,139,1.1889833177182985,0,0,0.10810873020367573,0.10810873020367573
196,139,1.5578513621038732,0,0,0.048947352475593064,0.048947352475593064
197,139,1.185834138617745,0,0,0.05658724355186068,0.05658724355186068
203,139,1.261570287216621,0,0,-0.07521645901575619,-0.07521645901575619
205,139,1.0508851317819758,0,0,0.10486132626571168,0.10486132626571168
213,139,1.1754509263344717,0,0,-0.019354795430800653,-0.019354795430800653
217,139,0.5465619541961859,0,0,0.031889937990518924,0.031889937990518924
219,139,1.3491292169691145,0,0,0.14354535325524725,0.14354535325524725
227,139,1.5369849038652394,0,0,0.04814164287301162,0.04814164287301162
229,139,1.2605775698757722,0,0,0.1279131041134553,0.1279131041134553
233,139,1.2532783207964373,0,0,-0.14979689008771857,-0.14979689008771857
235,139,1.0500677730545058,0,0,-0.043072851781116805,-0.043072851781116805
239,139,1.5409837526489816,0,0,-0.12702755467940408,-0.12702755467940408
242,139,1.1668121282037163,0,0,0.06608866301464156,0.06608866301464156
246,139,1.2516414619815726,0,0,0.12001016314284874,0.12001016314284874
247,139,1.0047599040830149,0,0,-0.08270823959154133,-0.08270823959154133
259,139,1.4509852704849417,0,0,0.042882321486399144,0.042882321486399144
261,139,0.32215169247766834,0,0,0.015107549167169387,0.015107549167169387
268,139,1.2739845670543701,0,0,0.047507230529035605,0.047507230529035605
273,139,1.3016793170697847,0,0,0.08053424695804301,0.08053424695804301
282,139,1.3497789194279777,0,0,0.11918114946548336,0.11918114946548336
288,139,0.968047578521961,0,0,-0.02781634158462515,-0.02781634158462515
298,139,1.4380479944545055,0,0,0.14745210038497847,0.14745210038497847
309,139,1.4341931661536003,0,0,0.09661369715060772,0.09661369715060772
313,139,1.1476869920381387,0,0,-0.08763481269883855,-0.08763481269883855
319,139,1.5622813343877309,0,0,-0.16743670816191691,-0.16743670816191691
331,139,1.0255418974778314,0,0,0.03539605151672187,0.03539605151672187
340,139,1.278488320350231,0,0,0.026201553173110015,0.026201553173110015
341,139,1.242011192579134,0,0,-0.09870953800900534,-0.09870953800900534
343,139,1.2445007769815608,0,0,0.06263428780123834,0.06263428780123834
344,139,1.1526505330241639,0,0,-0.014712364900004049,-0.014712364900004049
351,139,1.1891620437535007,0,0,-0.07528641765939159,-0.07528641765939159
352,139,1.41160047518463,0,0,-0.20244917357882758,-0.20244917357882758
353,139,1.540513189493092,0,0,0.15955736435520007,0.15955736435520007
382,139,1.4671419386339746,0,0,-0.0994300739883513,-0.0994300739883513
387,139,0.6487136458329827,0,0,0.015846018088387925,0.015846018088387925
388,139,1.339827873638525,0,0,0.13671773503404883,0.13671773503404883
392,139,1.3544761859001782,0,0,0.05875470435406377,0.05875470435406377
395,139,0.560320179553108,0,0,0.057584414027856995,0.057584414027856995
397,139,1.3849263709105597,0,0,0.04052363800815209,0.04052363800815209
145,140,1.046258312056054,0,0,0.03529800590421672,0.03529800590421672
147,140,1.1499821081565222,0,0,0.039862740266131014,0.039862740266131014
181,140,1.4283658361428033,0,0,0.06966155390590735,0.06966155390590735
198,140,0.793307978118647,0,0,-0.03291908670968041,-0.03291908670968041
208,140,0.33398853028461256,0,0,-0.02394793983795851,-0.02394793983795851
210,140,0.9617760964162742,0,0,-0.03322951020051154,-0.03322951020051154
231,140,1.4987421903152407,0,0,-0.06733846732121579,-0.06733846732121579
248,140,1.4048885055624898,0,0,0.046364095249102066,0.046364095249102066
258,140,1.5146731312354114,0,0,-0.029739120375968292,-0.029739120375968292
265,140,0.7284405508317452,0,0,-0.029575425617101858,-0.029575425617101858
267,140,0.8134169942326134,0,0,0.0015490850408721724,0.0015490850408721724
273,140,1.591163961353237,0,0,-0.024908881472864297,-0.024908881472864297
287,140,1.4816896115886953,0,0,0.03283357158180314,0.03283357158180314
296,140,0.2323814101092879,0,0,-0.01789216855721218,-0.01789216855721218
316,140,0.9346509940826965,0,0,-0.03745339150088886,-0.03745339150088886
327,140,1.274646219168478,0,0,-0.0242707534884945,-0.0242707534884945
332,140,1.5642344507259267,0,0,0.04349746500998042,0.04349746500998042
348,140,0.6292210759152218,0,0,-0.006576410172683955,-0.006576410172683955
355,140,0.6934453902062693,0,0,0.028236819386378537,0.028236819386378537
360,140,0.6187124082326819,0,0,-0.02890679768547552,-0.02890679768547552
378,140,1.0886488227615112,0,0,-0.04319410516953426,-0.04319410516953426
160,141,1.535476061010836,0,0,-0.02601813284240745,-0.02601813284240745
167,141,0.803511756254574,0,0,-0.00795852409886133,-0.00795852409886133
173,141,1.016198745819554,0,0,-0.06176629217697166,-0.06176629217697166
190,141,1.5989524054447286,0,0,-0.005034095008695616,-0.005034095008695616
196,141,1.5657281833253667,0,0,0.032853697767298407,0.032853697767298407
198,141,1.5976652657592227,0,0,0.05643038701293224,0.05643038701293224
208,141,1.5159585676485359,0,0,0.06540153388465414,0.06540153388465414
212,141,1.2351186867420882,0,0,-0.05088614429017119,-0.05088614429017119
222,141,1.403433781172452,0,0,-0.10180862180008071,-0.10180862180008071
227,141,1.4977824891576406,0,0,0.03204798816471696,0.03204798816471696
231,141,0.4028432710339808,0,0,0.02201100640139686,0.02201100640139686
232,141,1.3949031104970633,0,0,0.0629090411740619,0.0629090411740619
255,141,1.243455087673836,0,0,0.028897072511166827,0.028897072511166827
258,141,1.0431031318596542,0,0,0.05961035334664436,0.05961035334664436
259,141,1.583186356507164,0,0,0.026788666778104486,0.026788666778104486
265,141,1.1852440481336322,0,0,0.05977404810551079,0.05977404810551079
274,141,1.454606880869747,0,0,-0.10374856253519277,-0.10374856253519277
280,141,1.5987598731391495,0,0,-0.09199562074189677,-0.09199562074189677
306,141,1.052809926925986,0,0,-0.019649492410612923,-0.019649492410612923
316,141,0.9274401278192358,0,0,0.05189608222172379,0.05189608222172379
327,141,1.0607994465753892,0,0,0.06507872023411815,0.06507872023411815
340,141,1.3371205144103533,0,0,0.010107898464815357,0.010107898464815357
348,141,1.525357019434643,0,0,0.0827730635499287,0.0827730635499287
356,141,0.9822336347939539,0,0,0.006350148373337805,0.006350148373337805
360,141,1.357258381619417,0,0,0.06044267603713713,0.06044267603713713
361,141,1.1840011406455442,0,0,-0.024094908040404317,-0.024094908040404317
368,141,0.9626831243526599,0,0,0.02630533310949673,0.02630533310949673
371,141,1.294533045874582,0,0,-0.053535270531572865,-0.053535270531572865
376,141,1.1247246104397457,0,0,-0.05296897296776332,-0.05296897296776332
378,141,1.405591835145298,0,0,0.04615536855307839,0.04615536855307839
397,141,1.5860583515503826,0,0,0.024429983299857433,0.024429983299857433
151,142,1.392934989979956,0,0,-0.07348226333385081,-0.07348226333385081
161,142,1.5665971855707392,0,0,-0.011109054821730142,-0.011109054821730142
164,142,1.0716985207564567,0,0,0.09858784260218972,0.09858784260218972
177,142,0.612019236293759,0,0,0.046267738239006415,0.046267738239006415
179,142,1.226111234284535,0,0,0.026940145923142665,0.026940145923142665
200,142,1.4456843390781318,0,0,0.08365329127215877,0.08365329127215877
201,142,0.8705435122926194,0,0,0.018009409195765512,0.018009409195765512
211,142,1.1782492746745836,0,0,0.015931472690721933,0.015931472690721933
238,142,1.1425955041181726,0,0,-0.02966340983185417,-0.02966340983185417
252,142,1.555895681861568,0,0,0.02251647026701701,0.02251647026701701
256,142,0.23232674557326816,0,0,0.006631609442676122,0.006631609442676122
275,142,1.0571018074519327,0,0,0.062107546075259534,0.062107546075259534
277,142,1.4625815985833484,0,0,-0.10362302890065966,-0.10362302890065966
286,142,0.8889150569381219,0,0,0.05384095616039843,0.05384095616039843
287,142,1.5642606198647324,0,0,-0.10555718339229683,-0.10555718339229683
292,142,1.0421486397905702,0,0,-0.019979586261408985,-0.019979586261408985
301,142,1.4613250355779788,0,0,0.04862411089259105,0.04862411089259105
302,142,0.6398562458429118,0,0,0.014961829006670386,0.014961829006670386
305,142,1.377099851964832,0,0,0.11973277829114347,0.11973277829114347
314,142,0.9749956766374254,0,0,0.09912792285458843,0.09912792285458843
322,142,1.5568243590620634,0,0,0.009760717870747913,0.009760717870747913
332,142,1.4384562776819851,0,0,-0.09489328996411955,-0.09489328996411955
334,142,1.2956450487270763,0,0,0.04749946775894065,0.04749946775894065
335,142,0.7922501692377573,0,0,0.02074324802572069,0.02074324802572069
337,142,1.5324597018552881,0,0,0.08122931152068036,0.08122931152068036
357,142,1.214217570898066,0,0,-0.04778702748590839,-0.04778702748590839
358,142,1.3659081061511547,0,0,-0.07574019932749458,-0.07574019932749458
370,142,1.5731517129404913,0,0,-0.013933768641984007,-0.013933768641984007
384,142,1.2273832087277936,0,0,0.04382360695021424,0.04382360695021424
385,142,1.1536811245255054,0,0,-0.006311656766044026,-0.006311656766044026
390,142,1.473897200106193,0,0,0.028920409518997846,0.028920409518997846
396,142,1.5642775513058265,0,0,-0.03616964967182339,-0.03616964967182339
151,143,0.8335881098977433,0,0,0.08867878799840327,0.08867878799840327
154,143,0.27419741276575543,0,0,-0.032011514695477056,-0.032011514695477056
162,143,1.5388896368756597,0,0,0.14149456026439167,0.14149456026439167
163,143,1.1906970698300863,0,0,-0.20943385562209552,-0.20943385562209552
167,143,1.4285306374260307,0,0,-0.07353770146331987,-0.07353770146331987
179,143,1.5853333961661216,0,0,0.18910119725539676,0.18910119725539676
193,143,0.5390006520116647,0,0,0.05763362232500385,0.05763362232500385
194,143,0.28321311217283024,0,0,0.026435898130922536,0.026435898130922536
197,143,0.40717980770765844,0,0,-0.025085588520892516,-0.025085588520892516
203,143,1.109614693030721,0,0,-0.15688929108850938,-0.15688929108850938
205,143,0.27364994640378815,0,0,0.023188494192958486,0.023188494192958486
211,143,1.5461267260267342,0,0,0.178092524022976,0.178092524022976
212,143,1.3744693317352246,0,0,-0.11646532165462972,-0.11646532165462972
217,143,1.2366082993119998,0,0,-0.04978289408223427,-0.04978289408223427
219,143,0.6603288075363163,0,0,0.06187252118249406,0.06187252118249406
229,143,0.9516246985294265,0,0,0.04624027204070211,0.04624027204070211
232,143,0.9874923338553561,0,0,-0.0026701361903966325,-0.0026701361903966325
233,143,1.2958421982222648,0,0,-0.23146972216047176,-0.23146972216047176
235,143,0.8188742532922753,0,0,-0.12474568385387,-0.12474568385387
238,143,1.1448319013879373,0,0,0.13249764150039992,0.13249764150039992
239,143,1.4184526427906028,0,0,-0.20870038675215727,-0.20870038675215727
240,143,1.5677328892782703,0,0,0.10780662449057914,0.10780662449057914
242,143,1.440702913815428,0,0,-0.015584169058111635,-0.015584169058111635
246,143,1.0555023225254052,0,0,0.03833733107009554,0.03833733107009554
247,143,0.9968934515934317,0,0,-0.16438107166429453,-0.16438107166429453
255,143,1.0166983277574382,0,0,-0.03668210485329171,-0.03668210485329171
258,143,1.4227326502411286,0,0,-0.005968824017814178,-0.005968824017814178
261,143,0.6618292336798004,0,0,-0.0665652829055838,-0.0665652829055838
268,143,0.48127974944427787,0,0,-0.03416560154371759,-0.03416560154371759
273,143,1.4019169714596298,0,0,-0.0011385851147101833,-0.0011385851147101833
277,143,1.1813099633440338,0,0,0.05853802243159442,0.05853802243159442
282,143,0.3973892090087432,0,0,0.03750831739273017,0.03750831739273017
287,143,1.5528438489620142,0,0,0.05660386793995725,0.05660386793995725
288,143,0.810681119969651,0,0,-0.10948917365737834,-0.10948917365737834
298,143,0.5900819152396878,0,0,0.06577926831222528,0.06577926831222528
306,143,1.2578941453938977,0,0,-0.08522866977507146,-0.08522866977507146
309,143,1.3558500775290725,0,0,0.014940865077854526,0.014940865077854526
313,143,1.0794373493636114,0,0,-0.16930764477159174,-0.16930764477159174
340,143,0.7550609748190275,0,0,-0.05547127889964318,-0.05547127889964318
343,143,1.4968467910435326,0,0,-0.019038544271514857,-0.019038544271514857
344,143,0.7800588209193499,0,0,-0.09638519697275724,-0.09638519697275724
353,143,0.802026039487898,0,0,0.07788453228244688,0.07788453228244688
358,143,0.8344454388075592,0,0,0.0864208520047595,0.0864208520047595
370,143,1.483326821517355,0,0,0.14822728269027008,0.14822728269027008
371,143,1.3793925564808922,0,0,-0.1191144478960314,-0.1191144478960314
374,143,1.4497709961346499,0,0,0.12092630725190476,0.12092630725190476
376,143,1.5722294156441683,0,0,-0.11854815033222185,-0.11854815033222185
384,143,1.596392944432008,0,0,0.20598465828246834,0.20598465828246834
385,143,1.3116354212751637,0,0,0.15584939456621005,0.15584939456621005
387,143,0.43337007530844124,0,0,-0.06582681398436527,-0.06582681398436527
388,143,0.5057789889704104,0,0,0.05504490296129563,0.05504490296129563
392,143,0.5157405249101493,0,0,-0.022918127718689424,-0.022918127718689424
395,143,0.5133499775344226,0,0,-0.024088418044896198,-0.024088418044896198
397,143,0.6521458939342606,0,0,-0.0411491940646011,-0.0411491940646011
146,144,0.9910578196008968,0,0,0.03131424394616017,0.03131424394616017
148,144,1.4547655327172202,0,0,0.06082067318049322,0.06082067318049322
149,144,1.2023088618436781,0,0,-0.03749401914171774,-0.03749401914171774
153,144,0.6476552116311471,0,0,0.0043146271438583295,0.0043146271438583295
156,144,1.2363174239400783,0,0,0.06238230863779676,0.06238230863779676
159,144,1.1711011145227521,0,0,0.05058270445561608,0.05058270445561608
168,144,0.3293193639682661,0,0,0.013577397325888363,0.013577397325888363
170,144,1.529891874506027,0,0,0.017157819298937615,0.017157819298937615
206,144,1.3273171604171499,0,0,-0.05856247702254408,-0.05856247702254408
226,144,1.460128021963104,0,0,-0.03426656117946275,-0.03426656117946275
230,144,0.8539417785927998,0,0,0.03880257875961812,0.03880257875961812
269,144,0.5813565965465386,0,0,0.022339349793027208,0.022339349793027208
281,144,1.2520839842052527,0,0,0.0525736659718396,0.0525736659718396
283,144,0.8720395951048826,0,0,0.03880257875961807,0.03880257875961807
284,144,0.7198379658627665,0,0,0.010961085955281058,0.010961085955281058
285,144,1.0844142150391458,0,0,0.013764620854960607,0.013764620854960607
315,144,1.1962860805755995,0,0,-0.023358938728983203,-0.023358938728983203
329,144,1.2705953061606157,0,0,0.05753789011424698,0.05753789011424698
336,144,1.252722759978596,0,0,-0.0968104412965824,-0.0968104412965824
362,144,0.6380044753848501,0,0,0.013932281977462768,0.013932281977462768
366,144,0.8856714453792501,0,0,0.044976944201486346,0.044976944201486346
381,144,1.4350873833683178,0,0,-0.11736994822163499,-0.11736994822163499
394,144,0.4944990824587579,0,0,-0.01842886905346386,-0.01842886905346386
147,145,1.3823997424260992,0,0,0.004564734361914291,0.004564734361914291
181,145,1.2988939216637192,0,0,0.03436354800169063,0.03436354800169063
208,145,1.2675108832761164,0,0,-0.05924594574217523,-0.05924594574217523
232,145,1.4502689440179755,0,0,-0.06173843845276747,-0.06173843845276747
248,145,0.36419476001552437,0,0,0.011066089344885344,0.011066089344885344
258,145,1.3974369145148677,0,0,-0.06503712628018501,-0.06503712628018501
265,145,1.5605332205966866,0,0,-0.06487343152131858,-0.06487343152131858
267,145,1.4696375352530326,0,0,-0.03374892086334455,-0.03374892086334455
276,145,1.0461515291427879,0,0,0.04026945632503462,0.04026945632503462
277,145,1.1283509997619074,0,0,-0.0005302798307764145,-0.0005302798307764145
287,145,0.7168985859737104,0,0,-0.0024644343224135834,-0.0024644343224135834
296,145,1.2165717088634875,0,0,-0.0531901744614289,-0.0531901744614289
304,145,1.111886701369335,0,0,0.042582530612171515,0.042582530612171515
327,145,1.2172799116427941,0,0,-0.059568759392711224,-0.059568759392711224
332,145,0.692073891997127,0,0,0.008199459105763696,0.008199459105763696
348,145,0.832958244783431,0,0,-0.04187441607690068,-0.04187441607690068
355,145,0.4993527297395073,0,0,-0.007061186517838186,-0.007061186517838186
357,145,1.1713203825790621,0,0,0.05530572158397486,0.05530572158397486
360,145,1.543402262094593,0,0,-0.06420480358969224,-0.06420480358969224
396,145,1.494281400253883,0,0,0.06692309939805986,0.06692309939805986
148,146,0.5314460056926767,0,0,0.029506429234333054,0.029506429234333054
153,146,0.4673904023207098,0,0,-0.02699961680230184,-0.02699961680230184
156,146,0.542450328538788,0,0,0.031068064691636588,0.031068064691636588
159,146,0.5348601486994815,0,0,0.01926846050945591,0.01926846050945591
163,146,1.2931088805812154,0,0,0.025648133530400852,0.025648133530400852
168,146,0.77479239801143,0,0,-0.017736846620271807,-0.017736846620271807
175,146,1.5938048608028763,0,0,-0.18892873957541223,-0.18892873957541223
187,146,1.3122223980989116,0,0,-0.14506634766210014,-0.14506634766210014
203,146,1.1782948960733024,0,0,0.07819269806398699,0.07819269806398699
206,146,0.725794257220497,0,0,-0.08987672096870425,-0.08987672096870425
209,146,0.7719814892326307,0,0,0.05180169671021134,0.05180169671021134
212,146,1.339749405963938,0,0,0.11861666749786665,0.11861666749786665
222,146,1.0708755950788553,0,0,0.06769418998795712,0.06769418998795712
230,146,1.1352713927253149,0,0,0.007488334813457953,0.007488334813457953
233,146,1.402687001383907,0,0,0.0036122669920246042,0.0036122669920246042
235,146,1.4801835814984279,0,0,0.11033630529862637,0.11033630529862637
239,146,0.9016246336732305,0,0,0.0263816024003391,0.0263816024003391
247,146,1.4236981471151036,0,0,0.07070091748820184,0.07070091748820184
269,146,1.006785111720538,0,0,-0.008974894153132962,-0.008974894153132962
274,146,1.0052851206557953,0,0,0.06575424925284507,0.06575424925284507
281,146,0.3717366616491535,0,0,0.02125942202567943,0.02125942202567943
283,146,1.1648451845738852,0,0,0.0074883348134578975,0.0074883348134578975
284,146,1.5131606126577324,0,0,-0.02035315799087911,-0.02035315799087911
285,146,1.599501268716453,0,0,-0.017549623091199562,-0.017549623091199562
288,146,1.501717560384758,0,0,0.12559281549511803,0.12559281549511803
308,146,0.8120609241755962,0,0,0.05514911623273816,0.05514911623273816
313,146,1.2580897156269777,0,0,0.06577434438090463,0.06577434438090463
315,146,0.5926339726588237,0,0,-0.05467318267514337,-0.05467318267514337
329,146,0.760536892160419,0,0,0.02622364616808681,0.02622364616808681
336,146,1.0050994904581247,0,0,-0.12812468524274256,-0.12812468524274256
344,146,1.5239487741915365,0,0,0.13869679217973913,0.13869679217973913
362,146,1.4079914828770574,0,0,-0.0173819619686974,-0.0173819619686974
366,146,0.6967027364521664,0,0,0.013662700255326177,0.013662700255326177
371,146,1.3257224451320535,0,0,0.11596754125646497,0.11596754125646497
376,146,1.3558479006954876,0,0,0.11653383882027452,0.11653383882027452
381,146,1.105018673803375,0,0,-0.14868419216779516,-0.14868419216779516
394,146,1.402980575484742,0,0,-0.04974311299962403,-0.04974311299962403
181,147,0.5164116433510849,0,0,0.029798813639776336,0.029798813639776336
198,147,1.529800276515293,0,0,-0.07278182697581143,-0.07278182697581143
208,147,1.4498066333183812,0,0,-0.06381068010408952,-0.06381068010408952
210,147,1.5127843350916472,0,0,-0.07309225046664256,-0.07309225046664256
240,147,1.556134446019252,0,0,0.04417358786629401,0.04417358786629401
244,147,1.3392370564772338,0,0,0.06829640475562888,0.06829640475562888
248,147,1.5660235202407555,0,0,0.006501354982971053,0.006501354982971053
267,147,0.6777165826072464,0,0,-0.03831365522525884,-0.03831365522525884
276,147,1.0603265500269246,0,0,0.03570472196312033,0.03570472196312033
290,147,1.2923253974136764,0,0,0.0647011904894266,0.0647011904894266
296,147,1.2745724885676655,0,0,-0.05775490882334319,-0.05775490882334319
304,147,1.0582270604713315,0,0,0.038017796250257224,0.038017796250257224
309,147,1.4291545385387963,0,0,-0.0486921715464306,-0.0486921715464306
312,147,1.2198803563606797,0,0,0.05633481246902791,0.05633481246902791
326,147,1.1695875956932509,0,0,0.028138383184111646,0.028138383184111646
355,147,1.0869994070494386,0,0,-0.011625920879752477,-0.011625920879752477
360,147,1.596750099211126,0,0,-0.06876953795160654,-0.06876953795160654
153,148,0.9975722093639725,0,0,-0.056506046036634894,-0.056506046036634894
156,148,0.6063955566092584,0,0,0.001561635457303534,0.001561635457303534
159,148,0.710059634984645,0,0,-0.010237968724877144,-0.010237968724877144
163,148,0.9381185074810321,0,0,-0.003858295703932202,-0.003858295703932202
167,148,1.4441174269084256,0,0,0.13203785845484345,0.13203785845484345
168,148,1.2622725949077782,0,0,-0.04724327585460486,-0.04724327585460486
187,148,1.187272930366125,0,0,-0.1745727768964332,-0.1745727768964332
197,148,1.5664369266372413,0,0,0.1804899713972708,0.1804899713972708
203,148,0.709896093344575,0,0,0.048686268829653934,0.048686268829653934
206,148,0.9163758559961752,0,0,-0.1193831502030373,-0.1193831502030373
209,148,0.296192540156834,0,0,0.02229526747587829,0.02229526747587829
212,148,0.8515832433364937,0,0,0.08911023826353359,0.08911023826353359
222,148,0.7647610999004697,0,0,0.03818776075362407,0.03818776075362407
225,148,1.47069934791893,0,0,-0.19475964887821756,-0.19475964887821756
230,148,1.4070948020846143,0,0,-0.0220180944208751,-0.0220180944208751
233,148,1.1140152755765818,0,0,-0.02589416224230845,-0.02589416224230845
235,148,1.0072673332703073,0,0,0.08082987606429332,0.08082987606429332
239,148,0.5108202994814607,0,0,-0.0031248268339939544,-0.0031248268339939544
247,148,1.0151255408507411,0,0,0.04119448825386879,0.04119448825386879
255,148,1.560108280142398,0,0,0.1688934550648716,0.1688934550648716
268,148,1.5265451741978355,0,0,0.17140995837444573,0.17140995837444573
269,148,1.3507609280966053,0,0,-0.038481323387466015,-0.038481323387466015
274,148,0.6666960644713451,0,0,0.03624782001851201,0.03624782001851201
281,148,0.29474388862912054,0,0,-0.008247007208653623,-0.008247007208653623
283,148,1.433061063161113,0,0,-0.022018094420875156,-0.022018094420875156
288,148,1.0190533511799689,0,0,0.09608638626078497,0.09608638626078497
306,148,1.1362928625836852,0,0,0.12034689014309186,0.12034689014309186
308,148,0.5156905528064356,0,0,0.025642686998405106,0.025642686998405106
313,148,0.8265992067254471,0,0,0.03626791514657157,0.03626791514657157
315,148,0.7869267574376809,0,0,-0.08417961190947643,-0.08417961190947643
329,148,0.8580976653369925,0,0,-0.003282783066246242,-0.003282783066246242
336,148,1.3139668749171165,0,0,-0.15763111447707562,-0.15763111447707562
340,148,1.2843463818170575,0,0,0.15010428101852014,0.15010428101852014
344,148,1.0063503637726656,0,0,0.10919036294540607,0.10919036294540607
366,148,0.980717481743413,0,0,-0.015843728979006877,-0.015843728979006877
371,148,0.8334289405118862,0,0,0.08646111202213191,0.08646111202213191
376,148,0.9216252359124584,0,0,0.08702740958594146,0.08702740958594146
381,148,1.3525709896203206,0,0,-0.1781906214021282,-0.1781906214021282
387,148,1.5586460219587244,0,0,0.13974874593379805,0.13974874593379805
392,148,1.5378758360324076,0,0,0.1826574321994739,0.1826574321994739
397,148,1.3748446188638361,0,0,0.1644263658535622,0.1644263658535622
150,149,1.0125478070387595,0,0,-0.07604627095440986,-0.07604627095440986
166,149,1.2561994855266727,0,0,-0.09465081344978576,-0.09465081344978576
168,149,1.4961742153735746,0,0,0.0510714164676061,0.0510714164676061
170,149,0.9858776945652952,0,0,0.054651838440655354,0.054651838440655354
172,149,1.3104371272615047,0,0,-0.0686595302286267,-0.0686595302286267
184,149,1.4051985253639423,0,0,0.07616870456924224,0.07616870456924224
223,149,1.55282000702827,0,0,-0.09516886690474269,-0.09516886690474269
226,149,0.34189341656200706,0,0,0.003227457962254987,0.003227457962254987
245,149,1.2195409006503382,0,0,-0.06834186899646677,-0.06834186899646677
250,149,1.0978027761572822,0,0,-0.0005453663221475225,-0.0005453663221475225
264,149,1.5099105964215256,0,0,-0.0555803405224643,-0.0555803405224643
269,149,1.4328522110597357,0,0,0.059833368934744946,0.059833368934744946
284,149,0.8772902589121376,0,0,0.048455105096998796,0.048455105096998796
285,149,0.9214702031550248,0,0,0.051258639996678346,0.051258639996678346
294,149,1.3624438624387554,0,0,-0.08668125782344815,-0.08668125782344815
295,149,1.0682172850149665,0,0,0.023482512406849343,0.023482512406849343
299,149,1.2231182173542587,0,0,-0.07154473969460373,-0.07154473969460373
319,149,1.1744569112141208,0,0,0.05478071200570417,0.05478071200570417
323,149,1.2497142528210716,0,0,-0.033642145698912884,-0.033642145698912884
342,149,1.4227825811149841,0,0,-0.06867228479592369,-0.06867228479592369
352,149,1.3691923210705144,0,0,0.019768246588793503,0.019768246588793503
362,149,1.0623269696951936,0,0,0.051426301119180506,0.051426301119180506
394,149,0.8112335290453484,0,0,0.01906515008825388,0.01906515008825388
152,150,1.5163522908195417,46,-1,-0.10670519829974545,0.8932948017002545
155,150,1.1447035716323646,46,-1,-0.05925406329353655,0.9407459367064634
157,150,1.3941688325294144,0,0,-0.05525383641611459,-0.05525383641611459
166,150,0.5162928905872217,0,0,-0.01860454249537591,-0.01860454249537591
172,150,1.0828593378184466,0,0,0.0073867407257831585,0.0073867407257831585
175,150,1.593511405930879,0,0,-0.044074205533124466,-0.044074205533124466
223,150,1.319925844958669,0,0,-0.019122595950332832,-0.019122595950332832
226,150,1.211375132238063,0,0,0.07927372891666484,0.07927372891666484
228,150,1.3258523355355272,46,-1,-0.08505495141633346,0.9149450485836665
245,150,0.8149102999196308,0,0,0.007704401957943086,0.007704401957943086
250,150,1.5757334893502983,0,0,0.07550090463226233,0.07550090463226233
264,150,1.523298999158113,0,0,0.020465930431945556,0.020465930431945556
266,150,1.499052956776628,0,0,-0.06014087711795124,-0.06014087711795124
294,150,0.9246281972992734,0,0,-0.010634986869038299,-0.010634986869038299
299,150,1.0000324147888273,0,0,0.004501531259806124,0.004501531259806124
323,150,1.3547750688677438,0,0,0.04240412525549697,0.04240412525549697
336,150,1.578017896925938,0,0,0.0167298487995452,0.0167298487995452
342,150,1.2142753303802765,0,0,0.007373986158486168,0.007373986158486168
394,150,1.288975793402542,0,0,0.09511142104266374,0.09511142104266374
154,151,1.0981649174706027,0,0,-0.12069030269388033,-0.12069030269388033
162,151,0.9818114812383252,0,0,0.05281577226598838,0.05281577226598838
164,151,1.5003177379905759,0,0,0.17207010593604055,0.17207010593604055
179,151,0.9602604041739785,0,0,0.10042240925699347,0.10042240925699347
193,151,0.29957215020494576,0,0,-0.03104516567339942,-0.03104516567339942
194,151,0.5846503059341737,0,0,-0.062242889867480736,-0.062242889867480736
197,151,0.9518376962014883,0,0,-0.11376437651929579,-0.11376437651929579
200,151,1.3175757481661416,0,0,0.1571355546060096,0.1571355546060096
202,151,1.4682524457023083,0,0,0.07453526221086057,0.07453526221086057
205,151,0.7521463637487172,0,0,-0.06549029380544479,-0.06549029380544479
211,151,0.8851547631453267,0,0,0.08941373602457275,0.08941373602457275
219,151,0.6326401179717727,0,0,-0.02680626681590921,-0.02680626681590921
229,151,1.1296363112461152,0,0,-0.042438515957701164,-0.042438515957701164
232,151,1.1265400856174947,0,0,-0.0913489241887999,-0.0913489241887999
235,151,1.4569845864444229,0,0,-0.21342447185227326,-0.21342447185227326
238,151,0.37344528700570506,0,0,0.043818853501996644,0.043818853501996644
240,151,1.2394734444320783,0,0,0.019127836492175865,0.019127836492175865
246,151,1.2840439637726235,0,0,-0.05034145692830773,-0.05034145692830773
252,151,1.0872716855881606,0,0,0.09599873360086783,0.09599873360086783
255,151,1.3053235692661085,0,0,-0.125360892851695,-0.125360892851695
256,151,1.2217445096899766,0,0,0.08011387277652693,0.08011387277652693
261,151,1.472492653371215,0,0,-0.15524407090398706,-0.15524407090398706
268,151,0.9432968456003717,0,0,-0.12284438954212086,-0.12284438954212086
275,151,1.1756374052574092,0,0,0.13558980940911036,0.13558980940911036
277,151,0.8289307907783944,0,0,-0.03014076556680885,-0.03014076556680885
282,151,0.4519476052877316,0,0,-0.051170470605673105,-0.051170470605673105
286,151,1.1889265515212613,0,0,0.12732321949424924,0.12732321949424924
287,151,1.1754422062013756,0,0,-0.03207492005844602,-0.03207492005844602
288,151,1.5079955087930565,0,0,-0.1981679616557816,-0.1981679616557816
298,151,0.3839996186465498,0,0,-0.022899519686177996,-0.022899519686177996
302,151,1.0064085187499268,0,0,0.0884440923405212,0.0884440923405212
303,151,1.4146634449859237,0,0,0.06133897509863979,0.06133897509863979
305,151,1.4951583817577276,0,0,0.19321504162499428,0.19321504162499428
322,151,1.0770940636985407,0,0,0.08324298120459872,0.08324298120459872
326,151,1.5124255863054086,0,0,0.0030926318099935013,0.0030926318099935013
332,151,1.1985856343772998,0,0,-0.02141102663026874,-0.02141102663026874
334,151,1.1222131048923232,0,0,0.12098173109279146,0.12098173109279146
335,151,0.9405640320441392,0,0,0.0942255113595715,0.0942255113595715
340,151,1.311922690847408,0,0,-0.14415006689804644,-0.14415006689804644
344,151,1.4003809501453708,0,0,-0.1850639849711605,-0.1850639849711605
353,151,0.49852945610545657,0,0,-0.010794255715956394,-0.010794255715956394
354,151,1.4914159165270984,0,0,0.20878620664656192,0.20878620664656192
358,151,0.09682137483171044,0,0,-0.002257935993643767,-0.002257935993643767
370,151,0.9149980598576775,0,0,0.05954849469186681,0.05954849469186681
374,151,1.0138665208564421,0,0,0.032247519253501486,0.032247519253501486
384,151,1.0165496921934514,0,0,0.11730587028406506,0.11730587028406506
385,151,0.6209450778223655,0,0,0.0671706065678068,0.0671706065678068
387,151,1.2217649666640262,0,0,-0.15450560198276853,-0.15450560198276853
388,151,0.4546559503793122,0,0,-0.03363388503710764,-0.03363388503710764
390,151,1.1090618738978342,0,0,0.10240267285284865,0.10240267285284865
392,151,0.8774612261279564,0,0,-0.1115969157170927,-0.1115969157170927
395,151,1.2451160389846834,0,0,-0.11276720604329947,-0.11276720604329947
397,151,1.056882087547425,0,0,-0.1298279820630044,-0.1298279820630044
155,152,0.7028639068766932,0,0,0.047451135006208844,0.047451135006208844
165,152,1.399042934989791,0,0,-0.04906833507891584,-0.04906833507891584
166,152,1.5903751215912432,1,1,0.08810065580436954,-0.9118993441956305
174,152,1.2958280867700689,0,0,-0.038698633961961215,-0.038698633961961215
175,152,1.0773947950634886,1,1,0.06263099276662099,-0.937369007233379
182,152,1.5076502168301968,0,0,-0.06672482949972855,-0.06672482949972855
195,152,1.496146332723519,0,0,0.005394481983813593,0.005394481983813593
204,152,1.119219248823441,0,0,-0.030561247396757918,-0.030561247396757918
220,152,0.6534899653724132,0,0,-0.034364604035388324,-0.034364604035388324
228,152,1.063754620516103,0,0,0.021650246883411994,0.021650246883411994
234,152,1.10390899939933,0,0,-0.025512478359770996,-0.025512478359770996
253,152,1.30808983382328,0,0,-0.04449743887157792,-0.04449743887157792
254,152,1.2743388667651099,0,0,-0.02420802691151941,-0.02420802691151941
260,152,1.5034250460078882,0,0,-0.07663136641835133,-0.07663136641835133
262,152,1.2436209303280255,0,0,-0.06780302302614674,-0.06780302302614674
272,152,1.424614354595693,0,0,-0.020159229705867976,-0.020159229705867976
311,152,1.4464492154335853,0,0,-0.008917530962856413,-0.008917530962856413
317,152,1.5749962398312303,0,0,-0.07735453497945649,-0.07735453497945649
336,152,1.599148918602113,1,1,0.12343504709929065,-0.8765649529007093
338,152,1.1368382922868967,0,0,-0.043299826233551886,-0.043299826233551886
363,152,0.8270980147530079,1,1,0.003282654916477279,-0.9967173450835227
369,152,1.4365393003023572,0,0,-0.04015311346231504,-0.04015311346231504
381,152,1.533803626140123,1,1,0.10287554017423806,-0.8971244598257619
393,152,1.2921861833097672,0,0,-0.06799933004514891,-0.06799933004514891
156,153,0.8102327684842258,0,0,0.05806768149393843,0.05806768149393843
159,153,0.7234307567725348,0,0,0.04626807731175775,0.04626807731175775
168,153,0.4031892078580195,0,0,0.009262770182030033,0.009262770182030033
175,153,1.540366449109265,0,0,-0.1619291227731104,-0.1619291227731104
187,153,1.5950565078734675,0,0,-0.1180667308597983,-0.1180667308597983
206,153,0.8846215427386889,0,0,-0.06287710416640241,-0.06287710416640241
209,153,1.2248489607443187,0,0,0.07880131351251318,0.07880131351251318
222,153,1.432657078621791,0,0,0.09469380679025896,0.09469380679025896
230,153,1.0246831471352011,0,0,0.03448795161575979,0.03448795161575979
239,153,1.3320881149215145,0,0,0.05338121920264094,0.05338121920264094
269,153,0.8310621136332978,0,0,0.01802472264916888,0.01802472264916888
274,153,1.3891496907333782,0,0,0.0927538660551469,0.0927538660551469
281,153,0.7949750102305227,0,0,0.04825903882798127,0.04825903882798127
283,153,1.0536959867461113,0,0,0.03448795161575974,0.03448795161575974
284,153,1.3015114589561396,0,0,0.0066464588114227285,0.0066464588114227285
285,153,1.5321721214447335,0,0,0.009449993711102278,0.009449993711102278
308,153,1.1969540207698106,0,0,0.08214873303504,0.08214873303504
315,153,0.792565146023726,0,0,-0.027673565872841532,-0.027673565872841532
329,153,0.9197467597829235,0,0,0.05322326297038865,0.05322326297038865
336,153,0.9617956640198918,0,0,-0.10112506844044072,-0.10112506844044072
362,153,1.1853741966173978,0,0,0.009617654833604439,0.009617654833604439
366,153,0.6870318934659772,0,0,0.04066231705762802,0.04066231705762802
381,153,1.115862023833848,0,0,-0.12168457536549332,-0.12168457536549332
394,153,1.1041381298281712,0,0,-0.02274349619732219,-0.02274349619732219
163,154,1.0273208233408655,0,0,-0.17742234092661846,-0.17742234092661846
167,154,1.3806646942068983,0,0,-0.04152618676784281,-0.04152618676784281
169,154,1.5148612218627504,0,0,-0.002821148035542703,-0.002821148035542703
180,154,1.5428682905795243,0,0,-0.033172202526126515,-0.033172202526126515
193,154,0.8072842831381349,0,0,0.08964513702048091,0.08964513702048091
194,154,0.553474862261914,0,0,0.05844741282639959,0.05844741282639959
197,154,0.4751512103275849,0,0,0.00692592617458454,0.00692592617458454
203,154,0.9269338923414936,0,0,-0.12487777639303232,-0.12487777639303232
205,154,0.498508729778121,0,0,0.05520000888843554,0.05520000888843554
209,154,1.517169421230338,0,0,-0.15126877774680797,-0.15126877774680797
212,154,1.2455559854610847,0,0,-0.08445380695915267,-0.08445380695915267
217,154,1.091473970339341,0,0,-0.017771379386757213,-0.017771379386757213
219,154,0.8937458981623964,0,0,0.09388403587797112,0.09388403587797112
229,154,1.0933932370086434,0,0,0.07825178673617916,0.07825178673617916
232,154,1.1004019653336259,0,0,0.029341378505080423,0.029341378505080423
233,154,1.115401681333296,0,0,-0.1994582074649947,-0.1994582074649947
235,154,0.6358028617804701,0,0,-0.09273416915839294,-0.09273416915839294
238,154,1.391824287139178,0,0,0.16450915619587697,0.16450915619587697
239,154,1.24820444423492,0,0,-0.1766888720566802,-0.1766888720566802
242,154,1.4159031487759175,0,0,0.01642734563736542,0.01642734563736542
246,154,1.1707157149842495,0,0,0.0703488457655726,0.0703488457655726
247,154,0.7852477061359189,0,0,-0.13236955696881747,-0.13236955696881747
255,154,1.0638509137157284,0,0,-0.0046705901578146525,-0.0046705901578146525
258,154,1.492203424959108,0,0,0.026042690677662877,0.026042690677662877
261,154,0.4339336154970494,0,0,-0.03455376821010675,-0.03455376821010675
268,154,0.5550113491687874,0,0,-0.002154086848240533,-0.002154086848240533
273,154,1.4275682831109915,0,0,0.030872929580766872,0.030872929580766872
277,154,1.3983675758511278,0,0,0.09054953712707148,0.09054953712707148
282,154,0.6681916100492928,0,0,0.06951983208820722,0.06951983208820722
288,154,0.5988579345006504,0,0,-0.07747765896190129,-0.07747765896190129
298,154,0.855996118393633,0,0,0.09779078300770233,0.09779078300770233
306,154,1.1717139385001871,0,0,-0.0532171550795944,-0.0532171550795944
309,154,1.4459209887463187,0,0,0.04695237977333158,0.04695237977333158
313,154,0.878313498609843,0,0,-0.1372961300761147,-0.1372961300761147
331,154,1.493268675902381,0,0,-0.014265265860554266,-0.014265265860554266
340,154,0.6976719763127767,0,0,-0.023459764204166123,-0.023459764204166123
343,154,1.4779727155299232,0,0,0.012972970423962199,0.012972970423962199
344,154,0.6346397790736755,0,0,-0.06437368227728019,-0.06437368227728019
353,154,1.0493824912245124,0,0,0.10989604697792393,0.10989604697792393
358,154,1.0961669864030485,0,0,0.11843236670023656,0.11843236670023656
371,154,1.265543729818933,0,0,-0.08710293320055434,-0.08710293320055434
376,154,1.4329113879849087,0,0,-0.0865366356367448,-0.0865366356367448
385,154,1.5394356135941532,0,0,0.1878609092616871,0.1878609092616871
387,154,0.19428145793316395,0,0,-0.03381529928888821,-0.03381529928888821
388,154,0.7645340233940897,0,0,0.08705641765677269,0.08705641765677269
392,154,0.6176169115947753,0,0,0.009093386976787632,0.009093386976787632
395,154,0.4352632544438802,0,0,0.007923096650580858,0.007923096650580858
397,154,0.6854379061413973,0,0,-0.009137679369124047,-0.009137679369124047
165,155,1.5912041042000857,0,0,-0.09651947008512468,-0.09651947008512468
166,155,1.4340631086673126,1,1,0.040649520798160754,-0.9593504792018392
174,155,1.482437638321347,0,0,-0.08614976896817006,-0.08614976896817006
175,155,0.7237425922465639,1,1,0.015179857760412085,-0.9848201422395879
195,155,1.467231575436313,0,0,-0.04205665302239525,-0.04205665302239525
204,155,1.318294344534201,0,0,-0.07801238240296676,-0.07801238240296676
206,155,1.5011602804403783,1,1,0.11423187636712018,-0.8857681236328798
220,155,1.3145594974802521,0,0,-0.08181573904159717,-0.08181573904159717
228,155,1.4157907323710468,0,0,-0.02580088812279685,-0.02580088812279685
253,155,1.484449792549255,0,0,-0.09194857387778677,-0.09194857387778677
254,155,1.3691101800929493,0,0,-0.07165916191772825,-0.07165916191772825
272,155,1.4625885654604072,0,0,-0.06761036471207682,-0.06761036471207682
315,155,1.5751000095558794,1,1,0.149435414660681,-0.850564585339319
336,155,1.0788512497029734,1,1,0.07598391209308186,-0.9240160879069181
338,155,1.4236064316077386,0,0,-0.09075096123976073,-0.09075096123976073
363,155,0.8737819951673711,1,1,-0.04416848008973151,-1.0441684800897315
369,155,1.5155874557855418,0,0,-0.08760424846852388,-0.08760424846852388
381,155,1.0841881762312422,1,1,0.05542440516802927,-0.9445755948319707
159,156,0.1512370085733323,0,0,-0.011799604182180679,-0.011799604182180679
163,156,1.482014782230719,0,0,-0.005419931161235736,-0.005419931161235736
168,156,0.9665516149326511,0,0,-0.048804911311908394,-0.048804911311908394
173,156,1.550565413049756,0,0,0.07666845491942959,0.07666845491942959
203,156,1.2284038128371584,0,0,0.0471246333723504,0.0471246333723504
206,156,1.2418161502949554,0,0,-0.12094478566034084,-0.12094478566034084
209,156,0.657003207696229,0,0,0.020733632018574755,0.020733632018574755
212,156,1.0880857349434856,0,0,0.08754860280623006,0.08754860280623006
222,156,0.637120885392514,0,0,0.03662612529632053,0.03662612529632053
230,156,0.9642070937647796,0,0,-0.023579729878178635,-0.023579729878178635
235,156,1.5119106211224913,0,0,0.07926824060698978,0.07926824060698978
239,156,1.0751360057914956,0,0,-0.0046864622912974885,-0.0046864622912974885
247,156,1.499291827421389,0,0,0.039632852796565254,0.039632852796565254
269,156,0.9749050044561076,0,0,-0.04004295884476955,-0.04004295884476955
274,156,0.6165366004453976,0,0,0.03468618456120848,0.03468618456120848
280,156,1.5852516427718484,0,0,0.04643912635450448,0.04643912635450448
281,156,0.3311195674035409,0,0,-0.009808642665957157,-0.009808642665957157
283,156,0.9898943624144666,0,0,-0.02357972987817869,-0.02357972987817869
288,156,1.47834539429106,0,0,0.09452475080348144,0.09452475080348144
306,156,1.3828107309735715,0,0,0.11878525468578832,0.11878525468578832
308,156,0.4413449916150439,0,0,0.024081051541101572,0.024081051541101572
313,156,1.3251665395740833,0,0,0.03470627968926804,0.03470627968926804
315,156,1.1132002829088123,0,0,-0.08574124736677996,-0.08574124736677996
329,156,0.25998138540044347,0,0,-0.004844418523549776,-0.004844418523549776
336,156,1.5453323444482552,0,0,-0.15919274993437915,-0.15919274993437915
344,156,1.4772489391868882,0,0,0.10762872748810254,0.10762872748810254
362,156,1.470676804135873,0,0,-0.04845002666033399,-0.04845002666033399
366,156,0.47862923015361586,0,0,-0.01740536443631041,-0.01740536443631041
371,156,1.1030681624752288,0,0,0.08489947656482838,0.08489947656482838
376,156,1.0167673663002188,0,0,0.08546577412863793,0.08546577412863793
166,157,0.9887029108864375,0,0,0.03664929392073868,0.03664929392073868
172,157,0.4723418341372436,0,0,0.06264057714189775,0.06264057714189775
189,157,1.5334457173910132,46,-1,-0.18192829546495892,0.8180717045350411
223,157,0.3403683793340851,0,0,0.036131240465781755,0.036131240465781755
225,157,1.395900352000596,0,0,0.034855150814517843,0.034855150814517843
228,157,1.268133379496714,46,-1,-0.02980111500021887,0.9701988849997811
234,157,1.4466081709471166,46,-1,-0.07696384024340186,0.9230361597565981
236,157,0.7839278416018725,0,0,0.005591903684154409,0.005591903684154409
245,157,0.6870809674017568,0,0,0.06295823837405767,0.06295823837405767
250,157,1.2794480468462246,0,0,0.13075474104837692,0.13075474104837692
263,157,1.5853225836494338,46,-1,-0.1255588530539078,0.8744411469460922
264,157,0.7781798503080161,0,0,0.07571976684806014,0.07571976684806014
266,157,0.4010025773910043,0,0,-0.0048870407018366535,-0.0048870407018366535
293,157,0.78914066730749,0,0,-0.08504624950081219,-0.08504624950081219
294,157,0.5203566342274065,0,0,0.04461884954707629,0.04461884954707629
299,157,0.5589351280420761,0,0,0.05975536767592071,0.05975536767592071
311,157,1.0402814155897937,46,-1,-0.060368892846487276,0.9396311071535127
323,157,0.8231801848919476,0,0,0.09765796167161156,0.09765796167161156
324,157,1.3561295129865594,0,0,-0.0320442136846143,-0.0320442136846143
325,157,1.2159628280131114,0,0,-0.026750266202720807,-0.026750266202720807
342,157,0.40699361429185543,0,0,0.06262782257460076,0.06262782257460076
352,157,1.385235030792474,0,0,0.15106835395931795,0.15106835395931795
178,158,1.196811786942766,0,0,-0.07812410369456965,-0.07812410369456965
186,158,0.8795462016264574,0,0,-0.04893694646613936,-0.04893694646613936
188,158,0.4421101792668348,0,0,0.019545362391977877,0.019545362391977877
189,158,1.0837108980632828,0,0,0.019872173646674623,0.019872173646674623
218,158,1.197979950269707,0,0,0.054757917469386325,0.054757917469386325
224,158,1.5274545431206554,0,0,-0.03857347172046979,-0.03857347172046979
237,158,0.2189823447451526,0,0,0.013604817472321479,0.013604817472321479
251,158,0.4561931620542392,0,0,0.018995227505766182,0.018995227505766182
257,158,1.4542410565951651,0,0,-0.043850095904059694,-0.043850095904059694
260,158,1.5312522922047445,0,0,0.07371774080965132,0.07371774080965132
263,158,1.4578924247384357,0,0,0.07624161605772575,0.07624161605772575
307,158,1.4365909778371986,0,0,0.029109413503885878,0.029109413503885878
321,158,1.5001847693422627,0,0,-0.05931793183615128,-0.05931793183615128
328,158,1.23180558884954,0,0,-0.05916344650642699,-0.05916344650642699
330,158,1.4011586330851722,0,0,0.06625344113267051,0.06625344113267051
339,158,0.33463560658619346,0,0,-0.022521922612300155,-0.022521922612300155
346,158,1.3925198266002277,0,0,-0.1196735859674722,-0.1196735859674722
347,158,0.8440786118805644,0,0,0.03877775404753886,0.03877775404753886
367,158,0.4664521175090188,0,0,-0.012141822547745207,-0.012141822547745207
391,158,1.4672451889530709,0,0,0.009069118867361892,0.009069118867361892
163,159,1.59839789751199,0,0,0.006379673020944943,0.006379673020944943
168,159,0.8800353468276388,0,0,-0.037005307129727716,-0.037005307129727716
203,159,1.3614791993967819,0,0,0.05892423755453108,0.05892423755453108
206,159,1.2388147006214014,0,0,-0.10914518147816016,-0.10914518147816016
209,159,0.776600788648496,0,0,0.03253323620075543,0.03253323620075543
212,159,1.2200195210578018,0,0,0.09934820698841074,0.09934820698841074
222,159,0.7573544139390674,0,0,0.04842572947850121,0.04842572947850121
230,159,0.932776010755577,0,0,-0.011780125695997956,-0.011780125695997956
239,159,1.1875933558745058,0,0,0.00711314189088319,0.00711314189088319
269,159,0.9314343489387237,0,0,-0.02824335466258887,-0.02824335466258887
274,159,0.7423281062674978,0,0,0.046485788743389156,0.046485788743389156
281,159,0.42605443718742747,0,0,0.0019909615162235217,0.0019909615162235217
283,159,0.959519220323601,0,0,-0.011780125695998012,-0.011780125695998012
284,159,1.5936119354798446,0,0,-0.03962161850033502,-0.03962161850033502
306,159,1.5120705465745867,0,0,0.130584858867969,0.130584858867969
308,159,0.5763011708987473,0,0,0.03588065572328225,0.03588065572328225
313,159,1.4582077492317598,0,0,0.04650588387144872,0.04650588387144872
315,159,1.122863992306189,0,0,-0.07394164318459928,-0.07394164318459928
329,159,0.24953796263048394,0,0,0.0069551856586309024,0.0069551856586309024
336,159,1.5155139293643696,0,0,-0.14739314575219847,-0.14739314575219847
362,159,1.4383956536701965,0,0,-0.03665042247815331,-0.03665042247815331
366,159,0.4213411997309954,0,0,-0.0056057602541297324,-0.0056057602541297324
371,159,1.2297076437917729,0,0,0.09669908074700906,0.09669908074700906
376,159,1.1425611290689182,0,0,0.0972653783108186,0.0972653783108186
169,160,1.0299034954494495,0,0,0.056764647475846225,0.056764647475846225
173,160,1.1429239603918877,0,0,-0.03574815933456421,-0.03574815933456421
180,160,0.8185817336829622,0,0,0.026413592985262413,0.026413592985262413
183,160,0.7555916809531332,0,0,-0.04073392860029329,-0.04073392860029329
190,160,0.5134666195327582,0,0,0.020984037833711833,0.020984037833711833
196,160,1.055869626332238,0,0,0.058871830609705855,0.058871830609705855
213,160,0.47728210898363094,0,0,-0.009430317296687862,-0.009430317296687862
217,160,1.3500462163068307,0,0,0.041814416124631715,0.041814416124631715
227,160,1.0429024219985172,0,0,0.05806612100712441,0.05806612100712441
231,160,1.5187893897848979,0,0,0.04802913924380431,0.04802913924380431
242,160,1.5851887071660111,0,0,0.07601314114875435,0.07601314114875435
259,160,0.9047858715356529,0,0,0.052806799620511935,0.052806799620511935
280,160,1.1043106073802322,0,0,-0.06597748789948932,-0.06597748789948932
300,160,1.540910463093395,0,0,-0.11789960881257755,-0.11789960881257755
331,160,0.9646318271781307,0,0,0.04532052965083466,0.04532052965083466
341,160,1.219010375478464,0,0,-0.08878505987489255,-0.08878505987489255
343,160,1.5900103606460152,0,0,0.07255876593535113,0.07255876593535113
351,160,1.0545769589649296,0,0,-0.0653619395252788,-0.0653619395252788
356,160,0.900604876939589,0,0,0.032368281215745254,0.032368281215745254
361,160,0.4506416397732552,0,0,0.0019232248020031317,0.0019232248020031317
368,160,1.0367921892052983,0,0,0.05232346595190418,0.05232346595190418
378,160,1.5085373198995489,0,0,0.07217350139548584,0.07217350139548584
382,160,1.1546098306066068,0,0,-0.0895055958542385,-0.0895055958542385
398,160,0.8320950364428582,0,0,-0.05597661470880799,-0.05597661470880799
171,161,0.6147229374194714,0,0,-0.020922921047054892,-0.020922921047054892
185,161,1.3682510290182646,0,0,0.050574594919133825,0.050574594919133825
201,161,1.0692975139728702,0,0,0.029118464017495654,0.029118464017495654
244,161,1.4111114024911449,0,0,-0.019122555130609932,-0.019122555130609932
276,161,1.5056117706805274,0,0,-0.05171423792311849,-0.05171423792311849
289,161,1.1798179637967028,0,0,0.02924441381627816,0.02924441381627816
290,161,1.406952361823437,0,0,-0.022717769396812214,-0.022717769396812214
292,161,0.7676260469464674,0,0,-0.008870531439678843,-0.008870531439678843
304,161,1.4723952328279464,0,0,-0.04940116363598159,-0.04940116363598159
310,161,1.3514072763655518,0,0,0.05401645466318811,0.05401645466318811
333,161,1.1340482535935563,0,0,0.02515502836128755,0.02515502836128755
345,161,0.5089209707840067,0,0,0.022053765776867622,0.022053765776867622
349,161,1.5662091843388977,0,0,0.06010035575367426,0.06010035575367426
357,161,1.2568862712481614,0,0,-0.03667797266417825,-0.03667797266417825
377,161,1.0532879056423439,0,0,0.037531032601775136,0.037531032601775136
396,161,0.7533886607106494,0,0,-0.025060594850093244,-0.025060594850093244
176,162,0.7481657700509267,0,0,0.03841987139305566,0.03841987139305566
179,162,0.7713258146082592,0,0,0.0476066369910051,0.0476066369910051
192,162,0.7541072772244406,0,0,0.059192051263946485,0.059192051263946485
193,162,1.116173588394132,0,0,-0.0838609379393878,-0.0838609379393878
194,162,1.2891964776739744,0,0,-0.11505866213346912,-0.11505866213346912
200,162,1.1818736778286765,0,0,0.1043197823400212,0.1043197823400212
202,162,0.4960665961409962,0,0,0.021719489944872196,0.021719489944872196
205,162,1.368948173977541,0,0,-0.11830606607143317,-0.11830606607143317
211,162,0.7023404884550963,0,0,0.036597963758584366,0.036597963758584366
215,162,0.8829749250750307,0,0,0.06877681206005018,0.06877681206005018
219,162,1.0164500840905497,0,0,-0.07962203908189759,-0.07962203908189759
229,162,1.2468214279577525,0,0,-0.09525428822368955,-0.09525428822368955
238,162,0.8218340795208348,0,0,-0.008996918763991738,-0.008996918763991738
240,162,0.7573894601413814,0,0,-0.033687935773812516,-0.033687935773812516
243,162,0.6463508681881117,0,0,0.0239709267215015,0.0239709267215015
244,162,1.3203457494681186,0,0,-0.009565118884477641,-0.009565118884477641
246,162,1.3755190819461418,0,0,-0.10315722919429611,-0.10315722919429611
252,162,0.5305563555516722,0,0,0.04318296133487944,0.04318296133487944
256,162,1.520548316655795,0,0,0.027298100510538555,0.027298100510538555
270,162,0.8426902541786874,0,0,0.030330909071531034,0.030330909071531034
275,162,1.3189943612196935,0,0,0.08277403714312197,0.08277403714312197
282,162,1.2775965267855809,0,0,-0.10398624287166149,-0.10398624287166149
286,162,1.4195768219314757,0,0,0.07450744722826087,0.07450744722826087
289,162,1.5671208973364554,0,0,0.03880185006241045,0.03880185006241045
290,162,1.4138481958557896,0,0,-0.013160333150679923,-0.013160333150679923
297,162,1.0872309176679487,0,0,0.042591292212158405,0.042591292212158405
298,162,1.0146482791978664,0,0,-0.07571529195216638,-0.07571529195216638
302,162,1.225642964873673,0,0,0.035628320074532815,0.035628320074532815
303,162,0.492711369973122,0,0,0.008523202832651407,0.008523202832651407
312,162,1.3888130800711034,0,0,-0.021526711171078614,-0.021526711171078614
321,162,1.5370556367824308,0,0,0.16219667917692482,0.16219667917692482
322,162,0.2795666761099788,0,0,0.030427208938610346,0.030427208938610346
326,162,1.1499181060729162,0,0,-0.04972314045599488,-0.04972314045599488
333,162,1.365401135061573,0,0,0.03471246460741984,0.03471246460741984
334,162,0.9354995439294659,0,0,0.06816595882680308,0.06816595882680308
335,162,1.153476181888006,0,0,0.04140973909358312,0.04140973909358312
350,162,1.4618778545194626,0,0,0.06983319389212495,0.06983319389212495
353,162,0.7946187909470706,0,0,-0.06361002798194478,-0.06361002798194478
354,162,1.4773024066690181,0,0,0.15597043438057354,0.15597043438057354
358,162,1.0711703943572186,0,0,-0.05507370825963215,-0.05507370825963215
364,162,1.2425856771408479,0,0,0.0728504073453731,0.0728504073453731
370,162,0.09277531819756196,0,0,0.006732722425878426,0.006732722425878426
373,162,1.5017363139250357,0,0,0.1688891911686548,0.1688891911686548
374,162,0.45371482688219616,0,0,-0.020568253012486895,-0.020568253012486895
375,162,1.1571454165201138,0,0,0.03910420813141301,0.03910420813141301
384,162,0.9755072143591175,0,0,0.06449009801807667,0.06449009801807667
385,162,0.7360213313426409,0,0,0.014354834301818407,0.014354834301818407
388,162,1.058109805303727,0,0,-0.08644965730309602,-0.08644965730309602
390,162,0.6204516311606593,0,0,0.04958690058686028,0.04958690058686028
399,162,0.8725751529481512,0,0,0.059125544425477024,0.059125544425477024
187,163,0.8082444335991852,0,0,-0.170714481192501,-0.170714481192501
193,163,1.5221242229765743,0,0,0.2670674779470994,0.2670674779470994
194,163,1.403332118549995,0,0,0.23586975375301805,0.23586975375301805
195,163,1.5708645229184217,46,-1,-0.27181338388862053,0.7281866161113795
197,163,1.199302983375815,0,0,0.184348267101203,0.184348267101203
203,163,0.4127833950356709,0,0,0.052544564533586136,0.052544564533586136
205,163,1.4476215386024596,0,0,0.232622349815054,0.232622349815054
206,163,1.2543247769887957,0,0,-0.1155248544991051,-0.1155248544991051
209,163,1.0472149211405424,0,0,0.02615356317981049,0.02615356317981049
212,163,1.2339826477347986,0,0,0.0929685339674658,0.0929685339674658
214,163,1.486487867011958,46,-1,-0.3519438131761339,0.6480561868238661
222,163,1.4735466443795757,0,0,0.04204605645755627,0.04204605645755627
225,163,0.7742538799144072,0,0,-0.19090135317428536,-0.19090135317428536
233,163,0.26581700671224534,0,0,-0.022035866538376248,-0.022035866538376248
235,163,0.4657278187839242,0,0,0.08468817176822552,0.08468817176822552
236,163,1.2838232839680588,0,0,-0.2201646003046488,-0.2201646003046488
239,163,0.4282815752564432,0,0,0.0007334688699382474,0.0007334688699382474
247,163,0.3256050932747745,0,0,0.04505278395780099,0.04505278395780099
250,163,1.4309629116281761,0,0,-0.09500176294042628,-0.09500176294042628
255,163,1.549592183830665,0,0,0.1727517507688038,0.1727517507688038
261,163,1.138036725511667,0,0,0.1428685727165117,0.1428685727165117
264,163,1.28027884593006,0,0,-0.15003673714074306,-0.15003673714074306
268,163,1.1891121145577657,0,0,0.17526825407837793,0.17526825407837793
274,163,1.382876819566606,0,0,0.04010611572244421,0.04010611572244421
278,163,1.5334647846341578,46,-1,-0.3302100983889993,0.6697899016110007
281,163,1.179973312954698,0,0,-0.004388711504721421,-0.004388711504721421
282,163,1.4415791391436477,0,0,0.24694217301482568,0.24694217301482568
288,163,0.5894340999114982,0,0,0.09994468196471717,0.09994468196471717
295,163,1.5113993096477971,0,0,-0.07097388421142942,-0.07097388421142942
306,163,1.3849711797533202,0,0,0.12420518584702406,0.12420518584702406
308,163,1.3090531030427217,0,0,0.02950098270233731,0.02950098270233731
313,163,0.3243780411019424,0,0,0.040126210850503774,0.040126210850503774
315,163,1.1235900198951783,0,0,-0.08032131620554422,-0.08032131620554422
319,163,1.5630172161014302,0,0,-0.03967568461257459,-0.03967568461257459
323,163,1.3901391359885793,0,0,-0.12809854231719164,-0.12809854231719164
324,163,1.2134162799454875,0,0,-0.2578007176734175,-0.2578007176734175
325,163,1.1563451977205197,0,0,-0.252506770191524,-0.252506770191524
336,163,1.574360654846536,0,0,-0.15377281877314342,-0.15377281877314342
340,163,1.1548187837664603,0,0,0.15396257672245234,0.15396257672245234
344,163,0.7308126159649693,0,0,0.11304865864933827,0.11304865864933827
352,163,1.0433653109698466,0,0,-0.07468815002948526,-0.07468815002948526
371,163,1.2250525625433766,0,0,0.09031940772606412,0.09031940772606412
376,163,1.4190695387806576,0,0,0.09088570528987366,0.09088570528987366
381,163,1.5521795069920816,0,0,-0.174332325698196,-0.174332325698196
387,163,0.9102992676981851,0,0,0.14360704163773025,0.14360704163773025
388,163,1.5597338734042088,0,0,0.26447875858339115,0.26447875858339115
392,163,1.1899915910490146,0,0,0.1865157279034061,0.1865157279034061
395,163,1.3706651856305374,0,0,0.18534543757719932,0.18534543757719932
397,163,1.1277565240021736,0,0,0.1682846615574944,0.1682846615574944
177,164,1.0189773621929228,0,0,-0.052320104363183316,-0.052320104363183316
178,164,1.5523165590073198,0,0,0.024136173648454294,0.024136173648454294
179,164,0.8945651874326808,0,0,-0.07164769667904707,-0.07164769667904707
199,164,0.8119257198967053,0,0,0.07720900543219097,0.07720900543219097
200,164,0.7013347775299004,0,0,-0.014934551330030958,-0.014934551330030958
211,164,0.9518919728072621,0,0,-0.0826563699114678,-0.0826563699114678
214,164,1.1750579235268606,0,0,0.17787343726732677,0.17787343726732677
215,164,1.5521268286749696,0,0,-0.050477521610001984,-0.050477521610001984
221,164,1.236263873243946,0,0,0.15636407861766885,0.15636407861766885
224,164,1.0763449462910493,0,0,0.06368680562255416,0.06368680562255416
238,164,1.1847471585842704,0,0,-0.1282512524340439,-0.1282512524340439
241,164,1.4893176920304314,0,0,0.14668002654770734,0.14668002654770734
249,164,0.6342504034021028,0,0,0.09339429879614211,0.09339429879614211
252,164,1.259984640916301,0,0,-0.07607137233517272,-0.07607137233517272
256,164,0.9063549245349691,0,0,-0.09195623315951361,-0.09195623315951361
257,164,1.212781267326346,0,0,0.05841018143896425,0.05841018143896425
271,164,1.5283239188021749,0,0,0.14220762523459685,0.14220762523459685
275,164,0.3622392580140438,0,0,-0.036480296526930196,-0.036480296526930196
278,164,1.3349427565228622,0,0,0.19960715205446145,0.19960715205446145
279,164,1.0717562129827671,0,0,0.13192057381905886,0.13192057381905886
286,164,0.3252230641379339,0,0,-0.0447468864417913,-0.0447468864417913
302,164,0.6495603336000846,0,0,-0.08362601359551934,-0.08362601359551934
305,164,0.35829246463906866,0,0,0.021144935688953738,0.021144935688953738
314,164,0.7155808606370875,0,0,0.0005400802523986975,0.0005400802523986975
318,164,1.3226417959941403,0,0,0.13925588870882272,0.13925588870882272
321,164,1.1578109063078172,0,0,0.04294234550687267,0.04294234550687267
322,164,1.453245337420632,0,0,-0.08882712473144182,-0.08882712473144182
328,164,1.4784363074684848,0,0,0.043096830836596954,0.043096830836596954
334,164,0.7846987459081366,0,0,-0.05108837484324908,-0.05108837484324908
335,164,0.6227557153711368,0,0,-0.07784459457646904,-0.07784459457646904
337,164,1.3640171029123556,0,0,-0.017358531081509365,-0.017358531081509365
354,164,0.7850756060628217,0,0,0.03671610071052137,0.03671610071052137
358,164,1.489135699913531,0,0,-0.17432804192968432,-0.17432804192968432
359,164,0.8207459735918291,0,0,0.0777356269878377,0.0777356269878377
365,164,1.340507314983501,0,0,0.02929671167075571,0.02929671167075571
370,164,1.5717621085931979,0,0,-0.11252161124417373,-0.11252161124417373
372,164,1.0888692241632274,0,0,0.14898703299904328,0.14898703299904328
373,164,1.18277796177233,0,0,0.04963485749860264,0.04963485749860264
379,164,1.440531351811555,0,0,0.14190536871260084,0.14190536871260084
380,164,1.291227500165364,0,0,0.11947884527370656,0.11947884527370656
384,164,0.7232358123883699,0,0,-0.05476423565197549,-0.05476423565197549
385,164,1.0283972516013788,0,0,-0.10489949936823376,-0.10489949936823376
386,164,0.839092257422731,0,0,0.1146271648010816,0.1146271648010816
389,164,1.420542472331991,0,0,0.1609304831728403,0.1609304831728403
390,164,1.1450967178293312,0,0,-0.06966743308319188,-0.06966743308319188
174,165,0.11076679311638324,0,0,0.010369701116954622,0.010369701116954622
175,165,1.1008253372828536,1,1,0.11169932784553682,-0.8883006721544632
187,165,1.3477945704748941,1,1,0.15556171975884892,-0.8444382802411511
195,165,0.5790787419782217,0,0,0.05446281706272943,0.05446281706272943
199,165,1.491795389982042,0,0,-0.1263320440599198,-0.1263320440599198
204,165,0.29419549764292174,0,0,0.01850708768215792,0.01850708768215792
206,165,1.5776747457954192,1,1,0.2107513464522448,-0.7892486535477552
214,165,0.9543447547448205,0,0,-0.025667612224784003,-0.025667612224784003
220,165,1.594891400619367,0,0,0.014703731043527513,0.014703731043527513
221,165,0.627035262753481,0,0,-0.04717697087444192,-0.04717697087444192
225,165,1.597222054116879,1,1,0.13537484777706454,-0.8646251522229355
241,165,1.0138836647686278,0,0,-0.05686102294440343,-0.05686102294440343
249,165,1.2163804283546393,0,0,-0.11014675069596866,-0.11014675069596866
253,165,0.21996768424390592,0,0,0.004570896207337916,0.004570896207337916
254,165,0.27669845285813055,0,0,0.024860308167396428,0.024860308167396428
262,165,0.8605229256010195,0,0,-0.018734687947230905,-0.018734687947230905
271,165,1.2283724267509466,0,0,-0.061333424257513924,-0.061333424257513924
272,165,0.36198375877791683,0,0,0.02890910537304786,0.02890910537304786
278,165,0.7581819708953061,0,0,-0.003933897437649325,-0.003933897437649325
279,165,0.8990640616919583,0,0,-0.07162047567305191,-0.07162047567305191
317,165,0.6542778294088865,0,0,-0.028286199900540654,-0.028286199900540654
318,165,1.1034571297902298,0,0,-0.06428516078328805,-0.06428516078328805
324,165,1.2939306511099304,1,1,0.0684754832779324,-0.9315245167220676
325,165,1.4674205295883673,1,1,0.0737694307598259,-0.9262305692401741
336,165,1.5131593390700349,1,1,0.1725033821782065,-0.8274966178217935
338,165,0.2981361061502106,0,0,0.005768508845363951,0.005768508845363951
359,165,1.5573045146643987,0,0,-0.12580542250427307,-0.12580542250427307
363,165,0.7632867186110657,1,1,0.052350989995393116,-0.9476490100046069
369,165,0.3213278139518618,0,0,0.0089152216166008,0.0089152216166008
372,165,0.7629738991527517,0,0,-0.054554016493067486,-0.054554016493067486
379,165,1.2074248739297915,0,0,-0.06163568077950993,-0.06163568077950993
380,165,1.4018284313409488,0,0,-0.08406220421840421,-0.08406220421840421
381,165,1.3311057357129887,1,1,0.1519438752531539,-0.8480561247468461
383,165,1.189948279506614,0,0,-0.04036119800367352,-0.04036119800367352
386,165,1.0480590785486479,0,0,-0.08891388469102918,-0.08891388469102918
389,165,0.6466898151823296,0,0,-0.04261056631927046,-0.04261056631927046
393,165,0.5424400626368865,0,0,-0.018930994966233072,-0.018930994966233072
172,166,0.790253753358972,0,0,0.025991283221159067,0.025991283221159067
223,166,1.0142376451973993,0,0,-0.0005180534549569238,-0.0005180534549569238
226,166,1.3291837888926434,0,0,0.09787827141204075,0.09787827141204075
228,166,1.0451126707945124,46,-1,-0.06645040892095755,0.9335495910790425
234,166,1.5062086906958896,46,-1,-0.11361313416414054,0.8863868658358595
236,166,1.4754400810466104,0,0,-0.03105739023658427,-0.03105739023658427
245,166,0.4162876596353397,0,0,0.026308944453318994,0.026308944453318994
250,166,1.4950598929407872,0,0,0.09410544712763824,0.09410544712763824
264,166,1.34031082525645,0,0,0.039070472927321465,0.039070472927321465
266,166,1.1999834448461308,0,0,-0.04153633462257533,-0.04153633462257533
294,166,0.5041005686429583,0,0,0.00796955562633761,0.00796955562633761
299,166,0.6818415887924263,0,0,0.023106073755182033,0.023106073755182033
311,166,1.311751402804057,46,-1,-0.09701818676722596,0.902981813232774
323,166,1.1948063511913551,0,0,0.06100866775087288,0.06100866775087288
342,166,0.9203803389316877,0,0,0.025978528653862076,0.025978528653862076
173,167,1.3526861182352807,0,0,-0.05380776807811033,-0.05380776807811033
194,167,1.5829463766675844,0,0,0.0999735995942424,0.0999735995942424
197,167,1.0421391611651096,0,0,0.04845211294242735,0.04845211294242735
203,167,1.328800089475202,0,0,-0.08335158962518951,-0.08335158962518951
205,167,1.5856744344352582,0,0,0.09672619565627835,0.09672619565627835
209,167,1.1591318215845114,0,0,-0.10974259097896516,-0.10974259097896516
212,167,0.6035560029133552,0,0,-0.042927620191309857,-0.042927620191309857
222,167,1.0201629204118796,0,0,-0.09385009770121938,-0.09385009770121938
231,167,1.1105016874539102,0,0,0.02996953050025819,0.02996953050025819
232,167,0.8045672428245126,0,0,0.07086756527292323,0.07086756527292323
235,167,1.3310097085086567,0,0,-0.05120798239055013,-0.05120798239055013
239,167,1.5395976220226226,0,0,-0.1351626852888374,-0.1351626852888374
247,167,1.5602812602954095,0,0,-0.09084337020097466,-0.09084337020097466
255,167,0.5713772220115791,0,0,0.03685559661002816,0.03685559661002816
258,167,0.6429671560518269,0,0,0.06756887744550569,0.06756887744550569
261,167,1.595891511065232,0,0,0.00697241855773606,0.00697241855773606
268,167,1.0099696347859664,0,0,0.03937209991960228,0.03937209991960228
274,167,1.009222264053755,0,0,-0.09579003843633144,-0.09579003843633144
277,167,1.4113378548586797,0,0,0.1320757238949143,0.1320757238949143
281,167,1.573020576188927,0,0,-0.14028486566349707,-0.14028486566349707
282,167,1.5427769963991935,0,0,0.11104601885605003,0.11104601885605003
288,167,1.2400565737201026,0,0,-0.035951472194058476,-0.035951472194058476
306,167,0.34210151116124404,0,0,-0.011690968311751593,-0.011690968311751593
308,167,1.1869004890784585,0,0,-0.10639517145643834,-0.10639517145643834
313,167,1.4478474101023562,0,0,-0.09576994330827188,-0.09576994330827188
316,167,1.4052470238257848,0,0,0.05985460632058512,0.05985460632058512
327,167,0.9036378470761067,0,0,0.07303724433297948,0.07303724433297948
340,167,0.7129131666254233,0,0,0.018066422563676687,0.018066422563676687
344,167,1.0356078974176606,0,0,-0.022847495509437377,-0.022847495509437377
368,167,1.5926581501265562,0,0,0.03426385720835806,0.03426385720835806
371,167,0.6136328427150535,0,0,-0.045576746432711535,-0.045576746432711535
376,167,0.6132147617974656,0,0,-0.04501044886890199,-0.04501044886890199
387,167,1.5008432904334286,0,0,0.007710887478954598,0.007710887478954598
392,167,1.0579691987322832,0,0,0.05061957374463044,0.05061957374463044
397,167,0.9133609993160107,0,0,0.03238850739871876,0.03238850739871876
206,168,1.2314458359569447,0,0,-0.07213987434843244,-0.07213987434843244
209,168,1.4829928921675357,0,0,0.06953854333048315,0.06953854333048315
222,168,1.593274475295854,0,0,0.08543103660822893,0.08543103660822893
230,168,0.7501768239268193,0,0,0.02522518143372976,0.02522518143372976
239,168,1.5639122690330245,0,0,0.044118449020610906,0.044118449020610906
269,168,0.5151827042291159,0,0,0.008761952467138845,0.008761952467138845
274,168,1.571838278478258,0,0,0.08349109587311687,0.08349109587311687
281,168,1.0265654428592121,0,0,0.03899626864595124,0.03899626864595124
283,168,0.7749479833010581,0,0,0.025225181433729704,0.025225181433729704
284,168,0.9523473977394655,0,0,-0.002616311370607305,-0.002616311370607305
285,168,1.2496988631180301,0,0,0.0001872235290722446,0.0001872235290722446
308,168,1.3838448610554852,0,0,0.07288596285300997,0.07288596285300997
315,168,1.110126337702182,0,0,-0.036936336054871566,-0.036936336054871566
329,168,0.9906774593414459,0,0,0.04396049278835862,0.04396049278835862
336,168,1.2382209353049978,0,0,-0.11038783862247076,-0.11038783862247076
362,168,0.8179232224505366,0,0,0.0003548846515744053,0.0003548846515744053
366,168,0.6283474339722034,0,0,0.03139954687559798,0.03139954687559798
381,168,1.4120673258317666,0,0,-0.13094734554752335,-0.13094734554752335
394,168,0.8237590043198213,0,0,-0.03200626637935222,-0.03200626637935222
180,169,0.5871848487205485,0,0,-0.030351054490583812,-0.030351054490583812
183,169,1.2093678682726237,0,0,-0.09749857607613951,-0.09749857607613951
190,169,0.5400231092173873,0,0,-0.03578060964213439,-0.03578060964213439
196,169,0.4419376075295695,0,0,0.0021071831338596303,0.0021071831338596303
198,169,1.2768886563868784,0,0,0.02568387237949346,0.02568387237949346
205,169,1.5649843365428255,0,0,0.058021156923978245,0.058021156923978245
210,169,1.11277114427129,0,0,0.02537344888866233,0.02537344888866233
213,169,0.8991256314429287,0,0,-0.06619496477253409,-0.06619496477253409
217,169,0.672262362243329,0,0,-0.01495023135121451,-0.01495023135121451
227,169,0.4510654194388774,0,0,0.0013014735312781855,0.0013014735312781855
229,169,1.477030069165872,0,0,0.08107293477172187,0.08107293477172187
231,169,1.5808870218518547,0,0,-0.008735508232041916,-0.008735508232041916
242,169,0.5613258209833016,0,0,0.019248493672908124,0.019248493672908124
246,169,1.3774583938061733,0,0,0.0731699938011153,0.0731699938011153
259,169,0.3402070387581557,0,0,-0.00395784785533429,-0.00395784785533429
261,169,1.2577699327924157,0,0,-0.03173262017456405,-0.03173262017456405
273,169,0.7893025752256474,0,0,0.033694077616309576,0.033694077616309576
309,169,1.1902962174413219,0,0,0.049773527808874285,0.049773527808874285
331,169,0.24166091870534845,0,0,-0.011444117825011563,-0.011444117825011563
343,169,0.5610830286046602,0,0,0.015794118459504902,0.015794118459504902
351,169,1.4610976410397536,0,0,-0.12212658700112503,-0.12212658700112503
356,169,1.2148419157170292,0,0,-0.02439636626010097,-0.02439636626010097
360,169,1.4452695430594704,0,0,0.02969616140369835,0.02969616140369835
361,169,1.2099016014265875,0,0,-0.05484142267384309,-0.05484142267384309
368,169,1.077563466142173,0,0,-0.004441181523942045,-0.004441181523942045
378,169,0.9611838811498817,0,0,0.015408853919639615,0.015408853919639615
387,169,1.5547290902459374,0,0,-0.03099415125334551,-0.03099415125334551
395,169,1.2149673981626752,0,0,0.01074424468612356,0.01074424468612356
184,170,0.46225066311401686,0,0,0.021516866128586887,0.021516866128586887
191,170,0.7890875100111947,0,0,0.03784280048879751,0.03784280048879751
226,170,0.7987468026910485,0,0,-0.05142438047840037,-0.05142438047840037
230,170,1.3877408364650594,0,0,0.021644759460680507,0.021644759460680507
250,170,1.0342135743437666,0,0,-0.055197204762802876,-0.055197204762802876
269,170,1.3545228056922782,0,0,0.005181530494089592,0.005181530494089592
283,170,1.3802604574648647,0,0,0.02164475946068045,0.02164475946068045
284,170,1.0034583164827928,0,0,-0.0061967333436565575,-0.0061967333436565575
285,170,0.5327407275756723,0,0,-0.003393198443977008,-0.003393198443977008
295,170,0.715117513539043,0,0,-0.03116932603380601,-0.03116932603380601
300,170,0.9102952633217269,0,0,0.03974149478027539,0.03974149478027539
319,170,0.4582738710996272,0,0,0.00012887356504881486,0.00012887356504881486
323,170,1.4874055518052074,0,0,-0.08829398413956824,-0.08829398413956824
341,170,1.143098854825214,0,0,0.06885604371796039,0.06885604371796039
351,170,1.3460784831643702,0,0,0.09227916406757414,0.09227916406757414
352,170,1.2015801091313607,0,0,-0.03488359185186185,-0.03488359185186185
362,170,1.11054383227043,0,0,-0.0032255373214748473,-0.0032255373214748473
382,170,1.1911951506310376,0,0,0.06813550773861443,0.06813550773861443
394,170,1.3886495321893984,0,0,-0.035586688352401474,-0.035586688352401474
181,171,1.3484752200382788,0,0,-0.03669722519940759,-0.03669722519940759
201,171,1.441410431993093,0,0,0.050041385064550546,0.050041385064550546
244,171,1.220163022559089,0,0,0.0018003659164449598,0.0018003659164449598
248,171,1.4096750582775999,0,0,-0.05999468385621287,-0.05999468385621287
276,171,0.8984787689217717,0,0,-0.030791316876063596,-0.030791316876063596
290,171,1.188485793830765,0,0,-0.001794848349757322,-0.001794848349757322
292,171,0.7813051057265,0,0,0.012052389607376049,0.012052389607376049
304,171,0.867611866665456,0,0,-0.0284782425889267,-0.0284782425889267
312,171,1.4335302815620112,0,0,-0.010161226370156012,-0.010161226370156012
333,171,1.5603940301736747,0,0,0.04607794940834244,0.04607794940834244
345,171,1.1072567381486016,0,0,0.042976686823922514,0.042976686823922514
357,171,0.9337715514841973,0,0,-0.01575505161712336,-0.01575505161712336
396,171,0.266020776045304,0,0,-0.0041376738030383525,-0.0041376738030383525
223,172,0.27664295035328756,0,0,-0.02650933667611599,-0.02650933667611599
225,172,1.2667757117893133,0,0,-0.027785426327379903,-0.027785426327379903
226,172,1.2340063017666882,0,0,0.07188698819088168,0.07188698819088168
228,172,1.4272056115958347,46,-1,-0.09244169214211662,0.9075583078578834
233,172,1.5501289602511776,0,0,0.1410800603085292,0.1410800603085292
236,172,0.7786921443370556,0,0,-0.05704867345774334,-0.05704867345774334
245,172,0.4375956899310445,0,0,0.00031766123215992703,0.00031766123215992703
250,172,0.9092119671630976,0,0,0.06811416390647917,0.06811416390647917
264,172,0.5796283323531926,0,0,0.013079189706162397,0.013079189706162397
266,172,0.5700073074387944,0,0,-0.0675276178437344,-0.0675276178437344
293,172,1.202715474409927,0,0,-0.14768682664270993,-0.14768682664270993
294,172,0.3591118279685388,0,0,-0.018021727594821457,-0.018021727594821457
295,172,1.2425853678241672,0,0,0.09214204263547604,0.09214204263547604
299,172,0.18146014721732698,0,0,-0.0028852094659770344,-0.0028852094659770344
311,172,1.3756138534207807,46,-1,-0.12300946998838502,0.876990530011615
323,172,0.4773852015294881,0,0,0.03501738452971381,0.03501738452971381
324,172,1.3787846750124084,0,0,-0.09468479082651204,-0.09468479082651204
325,172,1.2276534645273824,0,0,-0.08939084334461855,-0.08939084334461855
342,172,0.14647471062608264,0,0,-1.275456729699087e-5,-1.275456729699087e-5
352,172,1.0704518656090531,0,0,0.0884277768174202,0.0884277768174202
183,173,1.3963133541691348,0,0,-0.004985769265729079,-0.004985769265729079
190,173,1.4598899692178986,0,0,0.056732197168276044,0.056732197168276044
212,173,1.3218147918567675,0,0,0.010880147886800473,0.010880147886800473
213,173,1.3546184883030314,0,0,0.02631784203787635,0.02631784203787635
222,173,1.094652533624186,0,0,-0.04004232962310905,-0.04004232962310905
231,173,1.272668764480758,0,0,0.08377729857836852,0.08377729857836852
274,173,1.194092192483026,0,0,-0.04198227035822111,-0.04198227035822111
280,173,0.6055355939173606,0,0,-0.030229328564925106,-0.030229328564925106
300,173,1.5789370746761335,0,0,-0.08215144947801334,-0.08215144947801334
306,173,1.3668909082714973,0,0,0.04211679976635874,0.04211679976635874
308,173,1.3227720664925073,0,0,-0.05258740337832801,-0.05258740337832801
329,173,1.437137883731803,0,0,-0.08151287344297936,-0.08151287344297936
351,173,1.5988625253673008,0,0,-0.02961378019071459,-0.02961378019071459
356,173,1.1802876337767152,0,0,0.06811644055030946,0.06811644055030946
361,173,0.8922845991368793,0,0,0.03767138413656734,0.03767138413656734
368,173,1.356994116362763,0,0,0.08807162528646839,0.08807162528646839
371,173,1.417499840144537,0,0,0.008231021645398795,0.008231021645398795
376,173,1.1320836283268707,0,0,0.008797319209208343,0.008797319209208343
382,173,1.445757647094077,0,0,-0.053757436519674295,-0.053757436519674295
398,173,0.8817560955917818,0,0,-0.02022845537424378,-0.02022845537424378
175,174,1.007019597823617,1,1,0.10132962672858215,-0.8986703732714179
187,174,1.3370740330918887,1,1,0.14519201864189424,-0.8548079813581058
195,174,0.5657684997639872,0,0,0.04409311594577481,0.04409311594577481
199,174,1.5986485867066673,0,0,-0.13670174517687442,-0.13670174517687442
204,174,0.1955831706711427,0,0,0.008137386565203297,0.008137386565203297
206,174,1.5351338842693003,1,1,0.20038164533529024,-0.7996183546647098
214,174,1.0082024508910359,0,0,-0.036037313341738625,-0.036037313341738625
220,174,1.5178536156471456,0,0,0.004334029926572891,0.004334029926572891
221,174,0.7207393417650589,0,0,-0.05754667199139654,-0.05754667199139654
225,174,1.5879227504591242,1,1,0.12500514666010987,-0.8749948533398901
241,174,1.1015096562817455,0,0,-0.06723072406135805,-0.06723072406135805
249,174,1.3109658326746028,0,0,-0.12051645181292328,-0.12051645181292328
253,174,0.20107137119363164,0,0,-0.005798804909616706,-0.005798804909616706
254,174,0.21064473182487,0,0,0.014490607050441806,0.014490607050441806
262,174,0.8487221666966661,0,0,-0.029104389064185526,-0.029104389064185526
271,174,1.311071245764851,0,0,-0.07170312537446855,-0.07170312537446855
272,174,0.3459793609099619,0,0,0.01853940425609324,0.01853940425609324
278,174,0.8052338957414091,0,0,-0.014303598554603947,-0.014303598554603947
279,174,1.005961618857709,0,0,-0.08199017679000653,-0.08199017679000653
317,174,0.6996887501058838,0,0,-0.038655901017495276,-0.038655901017495276
318,174,1.1987410818301854,0,0,-0.07465486190024267,-0.07465486190024267
324,174,1.296994806389779,1,1,0.05810578216097784,-0.9418942178390222
325,174,1.4638363370283913,1,1,0.06339972964287122,-0.9366002703571288
336,174,1.443401406667113,1,1,0.16213368106125192,-0.8378663189387481
338,174,0.2309253239426558,0,0,-0.004601192271590671,-0.004601192271590671
363,174,0.654409673268789,1,1,0.04198128887843855,-0.9580187111215615
369,174,0.3234540954063776,0,0,-0.0014544795003538225,-0.0014544795003538225
372,174,0.8665122532000268,0,0,-0.06492371761002211,-0.06492371761002211
379,174,1.2951366768701928,0,0,-0.07200538189646455,-0.07200538189646455
380,174,1.497666903099684,0,0,-0.09443190533535883,-0.09443190533535883
381,174,1.2644908014782992,1,1,0.14157417413619933,-0.8584258258638007
383,174,1.2166353692118923,0,0,-0.05073089912062814,-0.05073089912062814
386,174,1.1494356464401538,0,0,-0.0992835858079838,-0.0992835858079838
389,174,0.7393972685676161,0,0,-0.05298026743622508,-0.05298026743622508
393,174,0.5428003724472912,0,0,-0.029300696083187694,-0.029300696083187694
187,175,1.2169979204997874,0,0,0.04386239191331209,0.04386239191331209
195,175,0.8779537711737412,46,-1,-0.05723651078280745,0.9427634892171926
204,175,0.9010637923838352,46,-1,-0.0931922401633789,0.9068077598366211
206,175,0.9349101991801428,0,0,0.09905201860670798,0.09905201860670798
214,175,1.5762891279392468,46,-1,-0.1373669400703208,0.8626330599296792
225,175,1.5323297443866373,0,0,0.023675519931527722,0.023675519931527722
253,175,1.018417042556368,46,-1,-0.10712843163819885,0.8928715683618011
254,175,0.8427835510076273,46,-1,-0.08683901967814034,0.9131609803218597
272,175,0.8814735194988135,46,-1,-0.08279022247248902,0.917209777527511
278,175,1.3793033888640662,46,-1,-0.1156332252831862,0.8843667747168138
315,175,1.076944883878638,0,0,0.13425555690026886,0.13425555690026886
324,175,1.5152840865093655,0,0,-0.04322384456760442,-0.04322384456760442
325,175,1.597606884217563,0,0,-0.03792989708571093,-0.03792989708571093
336,175,0.598636569140399,0,0,0.060804054332669666,0.060804054332669666
338,175,1.0578589323968954,46,-1,-0.10593081900017287,0.8940691809998271
363,175,0.530219835305029,0,0,-0.059348337850143706,-0.059348337850143706
369,175,0.9656673639950317,46,-1,-0.10278410622893608,0.8972158937710639
381,175,0.4982328805897758,0,0,0.04024454740761707,0.04024454740761707
393,175,1.416757925850756,46,-1,-0.1306303228117699,0.8693696771882301
178,176,1.407717396466559,0,0,0.1049706359254508,0.1049706359254508
179,176,1.0714078091189398,0,0,0.00918676559794944,0.00918676559794944
185,176,1.545881748705583,0,0,0.021712159772210457,0.021712159772210457
192,176,0.3188537000053119,0,0,0.020772179870890826,0.020772179870890826
200,176,1.324390274143806,0,0,0.06589991094696554,0.06589991094696554
202,176,0.2961398579687503,0,0,-0.016700381448183463,-0.016700381448183463
211,176,1.052170283153132,0,0,-0.0018219076344712926,-0.0018219076344712926
215,176,0.4486962935715444,0,0,0.03035694066699452,0.03035694066699452
238,176,1.425568598787333,0,0,-0.047416790157047396,-0.047416790157047396
240,176,1.2693658205331164,0,0,-0.07210780716686818,-0.07210780716686818
243,176,0.34085101502709086,0,0,-0.014448944671554158,-0.014448944671554158
244,176,1.4923291126159914,0,0,-0.0479849902775333,-0.0479849902775333
252,176,0.7958454823178781,0,0,0.004763089941823784,0.004763089941823784
270,176,0.30311459227979143,0,0,-0.008088962321524625,-0.008088962321524625
275,176,1.5664618677211206,0,0,0.04435416575006631,0.04435416575006631
289,176,1.0307177942853374,0,0,0.0003819786693547919,0.0003819786693547919
290,176,1.583710185310489,0,0,-0.05158020454373558,-0.05158020454373558
291,176,1.5778863894124047,0,0,0.040184514557732906,0.040184514557732906
297,176,0.3431256042360055,0,0,0.0041714208191027495,0.0041714208191027495
302,176,1.5336701316400432,0,0,-0.00279155131852284,-0.00279155131852284
303,176,0.5668854629356376,0,0,-0.029896668560404252,-0.029896668560404252
320,176,1.2651592498064703,0,0,0.03171736328064355,0.03171736328064355
321,176,1.5785891580260767,0,0,0.12377680778386918,0.12377680778386918
322,176,0.631757913775144,0,0,-0.007992662454445312,-0.007992662454445312
326,176,1.5847989670034088,0,0,-0.08814301184905055,-0.08814301184905055
328,176,1.544355843491915,0,0,0.12393129311359347,0.12393129311359347
333,176,0.8676242656972679,0,0,-0.0037074067856358167,-0.0037074067856358167
334,176,1.1395130454304054,0,0,0.029746087433747428,0.029746087433747428
335,176,1.4860814903554334,0,0,0.0029898677005274626,0.0029898677005274626
345,176,1.571616448599083,0,0,-0.006808669370055746,-0.006808669370055746
346,176,1.171180043325379,0,0,0.06342115365254825,0.06342115365254825
350,176,0.7911636688451555,0,0,0.03141332249906928,0.03141332249906928
353,176,1.5418038173992368,0,0,-0.10202989937500043,-0.10202989937500043
364,176,0.6396924300580409,0,0,0.03443053595231744,0.03443053595231744
370,176,0.7931982807833187,0,0,-0.03168714896717723,-0.03168714896717723
374,176,1.0684104720581933,0,0,-0.058988124405542554,-0.058988124405542554
375,176,0.4553899586058201,0,0,0.0006843367383573516,0.0006843367383573516
377,176,1.5205833242771296,0,0,0.008668597454851771,0.008668597454851771
384,176,1.260139352466544,0,0,0.02607022662502102,0.02607022662502102
385,176,1.2457015440130748,0,0,-0.02406503709123725,-0.02406503709123725
390,176,0.830252376286912,0,0,0.01116702919380462,0.01116702919380462
399,176,0.2585331931511815,0,0,0.020705673032421365,0.020705673032421365
179,177,1.4038419266780047,0,0,-0.019327592315863746,-0.019327592315863746
185,177,1.5325373295116405,0,0,-0.006802198141602731,-0.006802198141602731
199,177,1.333451333496252,0,0,0.1295291097953743,0.1295291097953743
200,177,1.4771843839281638,0,0,0.03738555303315236,0.03738555303315236
201,177,0.731795751792436,0,0,-0.0282583290432409,-0.0282583290432409
207,177,1.5813353699911705,0,0,0.07003635654420048,0.07003635654420048
211,177,1.394358286948527,0,0,-0.030336265548284478,-0.030336265548284478
216,177,1.5046316279121277,0,0,0.050776911356431254,0.050776911356431254
238,177,1.5643646470074068,0,0,-0.07593114807086059,-0.07593114807086059
249,177,1.5800175442300028,0,0,0.14571440315932543,0.14571440315932543
256,177,0.719845991801466,0,0,-0.03963612879633029,-0.03963612879633029
275,177,1.1579644095187795,0,0,0.015839807836253123,0.015839807836253123
286,177,1.01760749504932,0,0,0.007573217921392023,0.007573217921392023
291,177,1.5771295859772025,0,0,0.01167015664391972,0.01167015664391972
292,177,1.3293174536717716,0,0,-0.0662473245004154,-0.0662473245004154
301,177,0.9008392839976739,0,0,0.002356372653584637,0.002356372653584637
302,177,0.9278850034948068,0,0,-0.031305909232336025,-0.031305909232336025
305,177,1.3547946935644848,0,0,0.07346504005213705,0.07346504005213705
310,177,1.2250344287180277,0,0,-0.003360338397548447,-0.003360338397548447
314,177,0.5653776801349357,0,0,0.052860184615582013,0.052860184615582013
334,177,1.398967242317113,0,0,0.0012317295199342406,0.0012317295199342406
335,177,1.0560647330854538,0,0,-0.025524490213285723,-0.025524490213285723
337,177,0.9309015000026946,0,0,0.03496157328167395,0.03496157328167395
349,177,1.2447924434754898,0,0,0.002723562692937711,0.002723562692937711
365,177,1.062004445149852,0,0,0.08161681603393903,0.08161681603393903
377,177,1.4917449347183653,0,0,-0.019845760458961414,-0.019845760458961414
384,177,1.3786042546662682,0,0,-0.0024441312887921677,-0.0024441312887921677
385,177,1.477628290180185,0,0,-0.05257939500505044,-0.05257939500505044
400,177,1.3145147054703468,0,0,0.009462249772386949,0.009462249772386949
179,178,1.2809010550626883,0,0,-0.09578387032750135,-0.09578387032750135
186,178,0.3723692507282765,0,0,0.029187157228430294,0.029187157228430294
188,178,1.47552065950031,0,0,0.09766946608654753,0.09766946608654753
189,178,0.7722038944504573,0,0,0.09799627734124428,0.09799627734124428
192,178,1.1018412955784715,0,0,-0.08419845605455997,-0.08419845605455997
200,178,0.9837830267367781,0,0,-0.03907072497848525,-0.03907072497848525
202,178,1.5179521625666088,0,0,-0.12167101737363425,-0.12167101737363425
211,178,1.3762706384267265,0,0,-0.1067925435599221,-0.1067925435599221
215,178,0.9644740849300717,0,0,-0.07461369525845628,-0.07461369525845628
224,178,0.782340135701941,0,0,0.03955063197409986,0.03955063197409986
237,178,1.3861246616223968,0,0,0.09172892116689113,0.09172892116689113
249,178,1.575440559670001,0,0,0.06925812514768781,0.06925812514768781
251,178,1.568406741099916,0,0,0.09711933120033583,0.09711933120033583
252,178,1.1566152806249692,0,0,-0.10020754598362702,-0.10020754598362702
257,178,0.5869566156554195,0,0,0.03427400779050996,0.03427400779050996
275,178,1.4415486288132382,0,0,-0.06061647017538449,-0.06061647017538449
293,178,1.4960791280592474,1,1,0.194878323305391,-0.805121676694609
297,178,1.4765240592207007,0,0,-0.10079921510634805,-0.10079921510634805
305,178,1.298413693696373,0,0,-0.002991237959500556,-0.002991237959500556
321,178,0.5958532441001693,0,0,0.018806171858418375,0.018806171858418375
322,178,1.3758527717931044,0,0,-0.1129632983798961,-0.1129632983798961
328,178,0.23369757095076943,0,0,0.01896065718814266,0.01896065718814266
334,178,1.1308486985793407,0,0,-0.07522454849170337,-0.07522454849170337
339,178,0.8877536930715925,0,0,0.0556021810822695,0.0556021810822695
346,178,0.888970271910745,0,0,-0.041549482272902546,-0.041549482272902546
347,178,1.5676658625276458,0,0,0.11690185774210851,0.11690185774210851
350,178,1.2175989345662948,0,0,-0.07355731342638151,-0.07355731342638151
354,178,0.9785928623972867,0,0,0.012579927062067078,0.012579927062067078
359,178,1.0556951768267961,0,0,0.0535994533393834,0.0535994533393834
364,178,0.9446845205875054,0,0,-0.07054009997313336,-0.07054009997313336
367,178,1.4503567661593484,0,0,0.06598228114682445,0.06598228114682445
370,178,1.59481483381027,0,0,-0.13665778489262803,-0.13665778489262803
373,178,0.7213259577666551,0,0,0.02549868385014835,0.02549868385014835
384,178,1.2550814136081554,0,0,-0.07890040930042978,-0.07890040930042978
385,178,1.5942888222924365,0,0,-0.12903567301668806,-0.12903567301668806
390,178,1.121430905496879,0,0,-0.09380360673164617,-0.09380360673164617
399,178,1.1635044254087166,0,0,-0.08426496289302944,-0.08426496289302944
192,179,0.8966444963086284,0,0,0.011585414272941385,0.011585414272941385
193,179,1.1549469120367613,0,0,-0.1314675749303929,-0.1314675749303929
194,179,1.385174616116377,0,0,-0.16266529912447422,-0.16266529912447422
200,179,0.4708407411995925,0,0,0.05671314534901611,0.05671314534901611
202,179,1.0118490407999101,0,0,-0.025887147046132902,-0.025887147046132902
205,179,1.5376074682387466,0,0,-0.16591270306243827,-0.16591270306243827
211,179,0.11021636728280387,0,0,-0.011008673232420732,-0.011008673232420732
214,179,1.5863829400076892,0,0,0.24952113394637382,0.24952113394637382
215,179,0.8947950259983044,0,0,0.02117017506904508,0.02117017506904508
219,179,1.3420458130763417,0,0,-0.1272286760729027,-0.1272286760729027
224,179,1.0762622152823274,0,0,0.1353345023016012,0.1353345023016012
238,179,0.6149301914699268,0,0,-0.056603555754996836,-0.056603555754996836
240,179,1.4926192398716829,0,0,-0.08129457276481761,-0.08129457276481761
243,179,1.2078498399567845,0,0,-0.023635710269503597,-0.023635710269503597
249,179,1.330145656411301,0,0,0.16504199547518916,0.16504199547518916
252,179,0.39791307794003733,0,0,-0.004423675656125656,-0.004423675656125656
256,179,1.0629056803445371,0,0,-0.020308536480466544,-0.020308536480466544
257,179,1.0797795462045663,0,0,0.1300578781180113,0.1300578781180113
270,179,1.3128265038846154,0,0,-0.017275727919474064,-0.017275727919474064
275,179,0.5623437954098897,0,0,0.03516740015211687,0.03516740015211687
282,179,1.3166820932493206,0,0,-0.1515928798626666,-0.1515928798626666
286,179,0.7008927335861709,0,0,0.026900810237255768,0.026900810237255768
297,179,1.3336244844009983,0,0,-0.00501534477884669,-0.00501534477884669
298,179,1.1869704661616456,0,0,-0.12332192894317148,-0.12332192894317148
302,179,0.6461425499143608,0,0,-0.01197831691647228,-0.01197831691647228
303,179,1.170953869169656,0,0,-0.03908343415835369,-0.03908343415835369
305,179,0.8370106958320769,0,0,0.09279263236800081,0.09279263236800081
314,179,1.4252061926391153,0,0,0.07218777693144576,0.07218777693144576
321,179,1.0022497509077555,0,0,0.11459004218591973,0.11459004218591973
322,179,0.5762103914264721,0,0,-0.017179428052394752,-0.017179428052394752
328,179,1.2578686632246692,0,0,0.11474452751564401,0.11474452751564401
334,179,0.20054158287405935,0,0,0.02055932183579799,0.02055932183579799
335,179,0.5264375202284727,0,0,-0.006196897897421977,-0.006196897897421977
346,179,1.5141750978799413,0,0,0.05423438805459881,0.05423438805459881
350,179,1.412124179877291,0,0,0.02222655690111984,0.02222655690111984
353,179,1.1145304821753463,0,0,-0.11121666497294988,-0.11121666497294988
354,179,0.7986679124787943,0,0,0.10836379738956844,0.10836379738956844
358,179,1.006486185587833,0,0,-0.10268034525063724,-0.10268034525063724
359,179,1.0281214381515082,0,0,0.14938332366688475,0.14938332366688475
364,179,1.241842868553792,0,0,0.025243770354368,0.025243770354368
370,179,0.6901672751257144,0,0,-0.04087391456512667,-0.04087391456512667
373,179,0.9830434705643998,0,0,0.12128255417764972,0.12128255417764972
374,179,1.1750851686018384,0,0,-0.068174890003492,-0.068174890003492
375,179,1.4170106458817615,0,0,-0.008502428859592088,-0.008502428859592088
384,179,0.21502670814594413,0,0,0.01688346102707158,0.01688346102707158
385,179,0.3448913071149551,0,0,-0.03325180268918669,-0.03325180268918669
386,179,1.592288138650036,0,0,0.18627486148012865,0.18627486148012865
388,179,1.2138470304668287,0,0,-0.13405629429410112,-0.13405629429410112
390,179,0.30636403393654194,0,0,0.0019802635958551806,0.0019802635958551806
399,179,1.029801764990238,0,0,0.011518907434471924,0.011518907434471924
183,180,0.683958068053502,0,0,-0.0671475215855557,-0.0671475215855557
190,180,0.396530949114574,0,0,-0.00542955515155058,-0.00542955515155058
191,180,1.4367771089632593,0,0,-0.14621189608931784,-0.14621189608931784
196,180,0.9417988843466859,0,0,0.03245823762444344,0.03245823762444344
213,180,0.4564919700612768,0,0,-0.035843910281950275,-0.035843910281950275
217,180,0.6093230506783289,0,0,0.015400823139369302,0.015400823139369302
227,180,0.9479622248246324,0,0,0.031652528021862,0.031652528021862
242,180,0.9970696893846787,0,0,0.049599548163491936,0.049599548163491936
259,180,0.7685285411400734,0,0,0.026393206635249522,0.026393206635249522
261,180,1.1760555560756283,0,0,-0.0013815656839802348,-0.0013815656839802348
273,180,1.250060091520929,0,0,0.06404513210689339,0.06404513210689339
309,180,1.594914556923692,0,0,0.0801245822994581,0.0801245822994581
331,180,0.36037569791981416,0,0,0.01890693666557225,0.01890693666557225
341,180,1.089913371520561,0,0,-0.11519865286015496,-0.11519865286015496
343,180,1.0337896929961272,0,0,0.046145172950088714,0.046145172950088714
351,180,0.8991308750550867,0,0,-0.09177553251054121,-0.09177553251054121
356,180,1.4219301741857904,0,0,0.005954688230482841,0.005954688230482841
361,180,1.173089009069734,0,0,-0.02449036818325928,-0.02449036818325928
368,180,1.3920041041429103,0,0,0.025909872966641767,0.025909872966641767
378,180,1.4992361781909087,0,0,0.04575990841022343,0.04575990841022343
382,180,1.2276261782193814,0,0,-0.11591918883950092,-0.11591918883950092
387,180,1.5131721783653498,0,0,-0.0006430967627616968,-0.0006430967627616968
395,180,1.2852227723088108,0,0,0.04109529917670737,0.04109529917670737
398,180,1.366881195123717,0,0,-0.0823902076940704,-0.0823902076940704
244,181,1.1726038049164482,0,0,0.03849759111585255,0.03849759111585255
248,181,1.3759634120116448,0,0,-0.023297458656805284,-0.023297458656805284
267,181,1.1628054122291573,0,0,-0.06811246886503518,-0.06811246886503518
276,181,0.6120739515613809,0,0,0.005905908323343992,0.005905908323343992
290,181,1.1043274408361723,0,0,0.034902376849650266,0.034902376849650266
304,181,0.59260851054493,0,0,0.008218982610480888,0.008218982610480888
312,181,1.1403796430916242,0,0,0.026535998829251575,0.026535998829251575
326,181,1.2732925236559034,0,0,-0.001660430455664691,-0.001660430455664691
355,181,1.0895160676520248,0,0,-0.041424734519528814,-0.041424734519528814
396,181,1.3979091900201952,0,0,0.032559551396369235,0.032559551396369235
188,182,1.270332500751061,0,0,-0.06407891533629623,-0.06407891533629623
218,182,0.6106590220568622,0,0,-0.02886636025888778,-0.02886636025888778
220,182,0.8889647699287667,0,0,0.032360225464340225,0.032360225464340225
228,182,1.072974298356495,0,0,0.08837507638314054,0.08837507638314054
234,182,0.5642522654440191,0,0,0.041212351139957554,0.041212351139957554
237,182,1.5204509456110513,0,0,-0.07001946025595263,-0.07001946025595263
251,182,1.590682387594186,0,0,-0.06462905022250792,-0.06462905022250792
260,182,0.3421171016113775,0,0,-0.009906536918622783,-0.009906536918622783
262,182,1.3428029614547319,0,0,-0.0010781935264181919,-0.0010781935264181919
263,182,0.29871612979839296,0,0,-0.007382661670548352,-0.007382661670548352
293,182,1.3720842500713912,1,1,0.033129941882547254,-0.9668700581174527
311,182,0.7828487263181809,0,0,0.05780729853687214,0.05780729853687214
330,182,0.5756536000095879,0,0,-0.017370836595603595,-0.017370836595603595
347,182,0.9160146070148988,0,0,-0.044846523680735245,-0.044846523680735245
383,182,1.3762651279976341,0,0,-0.022704703582860808,-0.022704703582860808
184,183,1.1884796311548658,0,0,-0.09539030886397276,-0.09539030886397276
190,183,0.7667171337912506,0,0,0.06171796643400512,0.06171796643400512
191,183,1.001804045417332,0,0,-0.07906437450376214,-0.07906437450376214
196,183,1.4768145711780518,0,0,0.09960575920999915,0.09960575920999915
213,183,0.36947344808111954,0,0,0.03130361130360543,0.03130361130360543
217,183,1.109837928851991,0,0,0.082548344724925,0.082548344724925
227,183,1.4657042809532101,0,0,0.0988000496074177,0.0988000496074177
259,183,1.2992531651460468,0,0,0.09354072822080522,0.09354072822080522
261,183,1.3510972919418522,0,0,0.06576595590157547,0.06576595590157547
280,183,1.169476100205489,0,0,-0.025243559299196028,-0.025243559299196028
300,183,0.9830926001685075,0,0,-0.07716568021228426,-0.07716568021228426
319,183,1.4666618264172184,0,0,-0.11677830142751083,-0.11677830142751083
331,183,1.0190165970217138,0,0,0.08605445825112795,0.08605445825112795
341,183,0.4909941065637346,0,0,-0.04805113127459926,-0.04805113127459926
351,183,0.31518120160015517,0,0,-0.02462801092498551,-0.02462801092498551
356,183,1.5727765002903908,0,0,0.07310220981603854,0.07310220981603854
361,183,1.125968567187591,0,0,0.04265715340229642,0.04265715340229642
382,183,0.551190939983009,0,0,-0.04877166725394522,-0.04877166725394522
398,183,0.8076915579434497,0,0,-0.015242686108514703,-0.015242686108514703
191,184,0.3584354227107585,0,0,0.016325934360210625,0.016325934360210625
213,184,1.5530074840019044,0,0,0.1266939201675782,0.1266939201675782
226,184,1.195315947709655,0,0,-0.07294124660698725,-0.07294124660698725
230,184,1.5178121656456354,0,0,0.00012789333209362042,0.00012789333209362042
233,184,1.5697072885945405,0,0,-0.0037481744893397284,-0.0037481744893397284
247,184,1.5931671831407224,0,0,0.06334047600683751,0.06334047600683751
250,184,1.1120767611478897,0,0,-0.07671407089138976,-0.07671407089138976
269,184,1.5437077883369021,0,0,-0.016335335634497294,-0.016335335634497294
283,184,1.5106576110031613,0,0,0.0001278933320935649,0.0001278933320935649
284,184,1.371238283922394,0,0,-0.027713599472243444,-0.027713599472243444
285,184,0.8701733950421736,0,0,-0.024910064572563895,-0.024910064572563895
295,184,0.7665959396649751,0,0,-0.0526861921623929,-0.0526861921623929
300,184,0.6769166693106299,0,0,0.0182246286516885,0.0182246286516885
319,184,0.3871449496278706,0,0,-0.021387992563538072,-0.021387992563538072
323,184,1.5964991467279188,0,0,-0.10981085026815512,-0.10981085026815512
341,184,0.7015470776728988,0,0,0.047339177589373505,0.047339177589373505
351,184,0.8976183776164693,0,0,0.07076229793898725,0.07076229793898725
352,184,1.1596080475111226,0,0,-0.05640045798044874,-0.05640045798044874
362,184,1.4315184729587598,0,0,-0.024742403450061734,-0.024742403450061734
382,184,0.8097760945928003,0,0,0.046618641610027545,0.046618641610027545
398,184,1.491660821022807,0,0,0.08014762275545806,0.08014762275545806
201,185,1.2376590912086793,0,0,-0.02145613090163817,-0.02145613090163817
216,185,1.4256031089762553,0,0,0.057579109498033985,0.057579109498033985
270,185,1.5610242153905893,0,0,-0.02980112209373508,-0.02980112209373508
289,185,0.8598176318169019,0,0,-0.021330181102855665,-0.021330181102855665
291,185,0.7682160999600025,0,0,0.01847235478552245,0.01847235478552245
297,185,1.3396362902005683,0,0,-0.017540738953107704,-0.017540738953107704
301,185,0.9993722901091202,0,0,0.009158570795187369,0.009158570795187369
310,185,0.4809148188313511,0,0,0.003441859744054284,0.003441859744054284
320,185,0.7391138274557417,0,0,0.010005203508433095,0.010005203508433095
333,185,0.9326685304192379,0,0,-0.025419566557846274,-0.025419566557846274
337,185,1.5329190174559857,0,0,0.04176377142327668,0.04176377142327668
345,185,0.8921249043907813,0,0,-0.028520829142266203,-0.028520829142266203
346,185,1.5683268730681705,0,0,0.041708993880337795,0.041708993880337795
349,185,0.42931250810559474,0,0,0.009525760834540441,0.009525760834540441
350,185,1.2151740549428975,0,0,0.009701162726858826,0.009701162726858826
364,185,1.590892924355598,0,0,0.012718376180106981,0.012718376180106981
375,185,1.2006087781027126,0,0,-0.021027823033853102,-0.021027823033853102
377,185,0.3175332299083282,0,0,-0.013043562317358684,-0.013043562317358684
399,185,1.5686576908976781,0,0,-0.001006486739789092,-0.001006486739789092
400,185,0.6528116330164141,0,0,0.016264447913989677,0.016264447913989677
188,186,1.18748033772667,0,0,0.06848230885811724,0.06848230885811724
189,186,0.7426546822223937,0,0,0.06880912011281398,0.06880912011281398
192,186,1.3625252810707502,0,0,-0.11338561328299027,-0.11338561328299027
200,186,1.3020196262221186,0,0,-0.06825788220691555,-0.06825788220691555
215,186,1.2144030261759,0,0,-0.10380085248688657,-0.10380085248688657
224,186,1.0413414888016057,0,0,0.010363474745669565,0.010363474745669565
237,186,1.08230288778463,0,0,0.06254176393846084,0.06254176393846084
251,186,1.289224397303832,0,0,0.06793217397190554,0.06793217397190554
252,186,1.5048031200103071,0,0,-0.12939470321205732,-0.12939470321205732
257,186,0.8714959212002881,0,0,0.0050868505620796645,0.0050868505620796645
293,186,1.5165615669141004,1,1,0.16569116607696066,-0.8343088339230393
305,186,1.5525153802067497,0,0,-0.03217839518793085,-0.03217839518793085
321,186,0.8984398859073685,0,0,-0.01038098537001192,-0.01038098537001192
328,186,0.5135190307922057,0,0,-0.010226500040287634,-0.010226500040287634
334,186,1.461784944411553,0,0,-0.10441170572013367,-0.10441170572013367
339,186,0.5521590400481271,0,0,0.026415023853839203,0.026415023853839203
346,186,0.8464585131733761,0,0,-0.07073663950133284,-0.07073663950133284
347,186,1.3425418910405964,0,0,0.08771470051367822,0.08771470051367822
350,186,1.2872490024691947,0,0,-0.1027444706548118,-0.1027444706548118
354,186,1.2750608949868802,0,0,-0.016607230166363215,-0.016607230166363215
359,186,1.3040447304566205,0,0,0.024412296110953108,0.024412296110953108
364,186,1.083226699365592,0,0,-0.09972725720156365,-0.09972725720156365
367,186,1.1447238529618315,0,0,0.03679512391839415,0.03679512391839415
373,186,1.0363433607384003,0,0,-0.003688473378281945,-0.003688473378281945
384,186,1.5881810096700468,0,0,-0.10808756652886008,-0.10808756652886008
390,186,1.464930676928773,0,0,-0.12299076396007647,-0.12299076396007647
399,186,1.3875404098685673,0,0,-0.11345212012145973,-0.11345212012145973
195,187,0.7763537822395994,46,-1,-0.10109890269611954,0.8989010973038805
203,187,1.0873223786553974,0,0,0.22325904572608712,0.22325904572608712
204,187,1.3018373891281814,46,-1,-0.137054632076691,0.862945367923309
206,187,0.8237568810542849,0,0,0.05518962669339589,0.05518962669339589
209,187,1.3813467676680495,0,0,0.19686804437231148,0.19686804437231148
214,187,0.910585975364307,46,-1,-0.1812293319836329,0.8187706680163671
221,187,1.3744665084445808,46,-1,-0.20273869063329086,0.7972613093667091
223,187,1.5231075558120073,0,0,-0.01891078233052046,-0.01891078233052046
225,187,0.49031936512464613,0,0,-0.02018687198178437,-0.02018687198178437
233,187,0.8754482784515571,0,0,0.14867861465412474,0.14867861465412474
235,187,1.2074508420267867,0,0,0.2554026529607265,0.2554026529607265
236,187,1.1186535161399191,0,0,-0.049450119112147806,-0.049450119112147806
239,187,0.8641820781413696,0,0,0.17144795006243924,0.17144795006243924
247,187,1.1335015554587513,0,0,0.21576726515030198,0.21576726515030198
249,187,1.5267878214387876,46,-1,-0.2657084704548176,0.7342915295451824
253,187,1.1930822422708516,46,-1,-0.15099082355151094,0.8490091764484891
254,187,1.1519374197620824,46,-1,-0.13070141159145243,0.8692985884085476
264,187,1.2773207747482764,0,0,0.02067774405175793,0.02067774405175793
266,187,1.4162970240231747,0,0,-0.05992906349813887,-0.05992906349813887
272,187,1.0119281018708501,46,-1,-0.1266526143858011,0.8733473856141989
278,187,0.8640508183986696,46,-1,-0.1594956171964983,0.8405043828035017
281,187,1.4019943010578746,0,0,0.16632576968777957,0.16632576968777957
288,187,1.3480445971526744,0,0,0.27065916315721816,0.27065916315721816
313,187,1.0866502627675905,0,0,0.21084069204300476,0.21084069204300476
315,187,0.8137803130753892,0,0,0.09039316498695676,0.09039316498695676
323,187,1.4193697560718082,0,0,0.042615938875309345,0.042615938875309345
324,187,0.7167720496228966,0,0,-0.08708623648091651,-0.08708623648091651
325,187,0.7628062225089887,0,0,-0.08179228899902302,-0.08179228899902302
336,187,1.032661215329614,0,0,0.016941662419357573,0.016941662419357573
338,187,1.4872027286904541,46,-1,-0.14979321091348496,0.850206789086515
342,187,1.550217801855002,0,0,0.007585799778298541,0.007585799778298541
344,187,1.3930473683515776,0,0,0.28376313984183926,0.28376313984183926
352,187,1.4063067130641391,0,0,0.09602633116301573,0.09602633116301573
354,187,1.5760683656719539,46,-1,-0.3223866685404383,0.6776133314595617
359,187,1.4759821606255767,46,-1,-0.281367142263122,0.718632857736878
363,187,1.4560452589875112,0,0,-0.1032107297634558,-0.1032107297634558
369,187,1.0266281407303595,46,-1,-0.14664649814224817,0.8533535018577518
372,187,1.4714503453753067,46,-1,-0.21011573625191637,0.7898842637480836
381,187,0.9365526816439368,0,0,-0.0036178445056950226,-0.0036178445056950226
189,188,1.11433038264514,0,0,0.0003268112546967461,0.0003268112546967461
218,188,0.8136947440621781,0,0,0.03521255507740845,0.03521255507740845
237,188,0.28879572992959446,0,0,-0.005940544919656399,-0.005940544919656399
251,188,0.5222710946473383,0,0,-0.000550134886211695,-0.000550134886211695
260,188,1.1620431567994587,0,0,0.054172378417673445,0.054172378417673445
263,188,1.0702500015320582,0,0,0.056696253665747876,0.056696253665747876
293,188,1.5018657617683118,1,1,0.09720885721884343,-0.9027911427811566
307,188,1.465049198247539,0,0,0.009564051111908,0.009564051111908
328,188,1.4555742642341165,0,0,-0.07870880889840487,-0.07870880889840487
330,188,1.0399317222393523,0,0,0.04670807874069263,0.04670807874069263
339,188,0.7101111065909281,0,0,-0.04206728500427803,-0.04206728500427803
347,188,0.46692018833982313,0,0,0.019232391655560982,0.019232391655560982
367,188,0.7957773901859451,0,0,-0.031687184939723084,-0.031687184939723084
383,188,1.584797973466728,0,0,0.04137421175343542,0.04137421175343542
391,188,1.5767304248238245,0,0,-0.010476243524615986,-0.010476243524615986
200,189,1.4771738448480174,0,0,-0.13706700231972951,-0.13706700231972951
218,189,1.533475444438747,0,0,0.0348857438227117,0.0348857438227117
224,189,0.931623652904542,0,0,-0.058445645367144416,-0.058445645367144416
236,189,1.4167400559721282,1,1,0.18752019914911333,-0.8124798008508867
237,189,1.1860814690823234,0,0,-0.006267356174353145,-0.006267356174353145
251,189,1.4334774677665405,0,0,-0.0008769461409084411,-0.0008769461409084411
257,189,0.8089245619848529,0,0,-0.06372226955073432,-0.06372226955073432
263,189,1.3631958025260364,0,0,0.05636944241105113,0.05636944241105113
266,189,1.36383032668709,1,1,0.17704125476312227,-0.8229587452368777
293,189,0.7739620525233443,1,1,0.09688204596414673,-0.9031179540358533
311,189,1.5732213726975133,0,0,0.12155940261847162,0.12155940261847162
321,189,0.8809462474823254,0,0,-0.0791901054828259,-0.0791901054828259
324,189,1.4203144882941885,1,1,0.14988408178034462,-0.8501159182196554
325,189,1.3958208507330674,1,1,0.15517802926223812,-0.8448219707377619
328,189,0.6419890300096053,0,0,-0.07903562015310162,-0.07903562015310162
339,189,0.9134894565748046,0,0,-0.04239409625897478,-0.04239409625897478
346,189,1.5736455524219353,0,0,-0.13954575961414684,-0.13954575961414684
347,189,0.9844353865582091,0,0,0.018905580400864236,0.018905580400864236
354,189,1.2719288695678383,0,0,-0.0854163502791772,-0.0854163502791772
359,189,1.2224513060920474,0,0,-0.044396824001860874,-0.044396824001860874
367,189,1.5113846553648065,0,0,-0.03201399619441983,-0.03201399619441983
373,189,0.9384814100454579,0,0,-0.07249759349109593,-0.07249759349109593
196,190,0.7148812422520174,0,0,0.03788779277599402,0.03788779277599402
210,190,1.4970342051375887,0,0,0.06115405853079672,0.06115405853079672
213,190,0.4071255810437422,0,0,-0.030414355130399695,-0.030414355130399695
217,190,0.8750292017620146,0,0,0.020830378290919882,0.020830378290919882
227,190,0.7086694862840841,0,0,0.03708208317341258,0.03708208317341258
231,190,1.538895766201354,0,0,0.027045101410092476,0.027045101410092476
242,190,1.0831408857451341,0,0,0.055029103315042516,0.055029103315042516
259,190,0.5359954406431316,0,0,0.0318227617868001,0.0318227617868001
261,190,1.3540454374324218,0,0,0.004047989467570345,0.004047989467570345
273,190,1.3157653184322742,0,0,0.06947468725844397,0.06947468725844397
280,190,1.5005672099122773,0,0,-0.08696152573320115,-0.08696152573320115
331,190,0.45297564142815805,0,0,0.02433649181712283,0.02433649181712283
341,190,1.2473295154244488,0,0,-0.10976909770860438,-0.10976909770860438
343,190,1.0948381935174596,0,0,0.051574728101639294,0.051574728101639294
351,190,1.060468586978533,0,0,-0.08634597735899063,-0.08634597735899063
356,190,1.0303672697317163,0,0,0.011384243382033421,0.011384243382033421
361,190,0.8026559582468245,0,0,-0.0190608130317087,-0.0190608130317087
368,190,1.0242416671982457,0,0,0.03133942811819235,0.03133942811819235
378,190,1.2512300282809137,0,0,0.05118946356177401,0.05118946356177401
382,190,1.301443590674448,0,0,-0.11048963368795034,-0.11048963368795034
395,190,1.4463104400812608,0,0,0.04652485432825795,0.04652485432825795
398,190,1.2205244843895713,0,0,-0.07696065254251983,-0.07696065254251983
213,191,1.3429145766588992,0,0,0.11036798580736756,0.11036798580736756
217,191,1.5329564238091082,0,0,0.16161271922868714,0.16161271922868714
226,191,1.4246754778444513,0,0,-0.08926718096719788,-0.08926718096719788
233,191,1.4677026937489228,0,0,-0.020074108849550354,-0.020074108849550354
247,191,1.4529813563724023,0,0,0.047014541646626884,0.047014541646626884
250,191,1.1110761714718524,0,0,-0.09304000525160039,-0.09304000525160039
261,191,1.4735971865646023,0,0,0.1448303304053376,0.1448303304053376
285,191,1.2118065908809066,0,0,-0.04123599893277452,-0.04123599893277452
295,191,0.8022143226746895,0,0,-0.06901212652260352,-0.06901212652260352
300,191,0.8516916190454557,0,0,0.001898694291477876,0.001898694291477876
313,191,1.5357677560244916,0,0,0.04208796853932967,0.04208796853932967
319,191,0.49937283076818995,0,0,-0.0377139269237487,-0.0377139269237487
323,191,1.5867652885000487,0,0,-0.12613678462836575,-0.12613678462836575
341,191,0.5678927671987405,0,0,0.03101324322916288,0.03101324322916288
351,191,0.7173517910747325,0,0,0.054436363578776625,0.054436363578776625
352,191,1.0797796810562552,0,0,-0.07272639234065936,-0.07272639234065936
382,191,0.7923268727378617,0,0,0.03029270724981692,0.03029270724981692
398,191,1.4925900348287413,0,0,0.06382168839524743,0.06382168839524743
200,192,1.0709004689980297,0,0,0.04512773107607472,0.04512773107607472
202,192,0.44503377073561984,0,0,-0.03747256131907429,-0.03747256131907429
211,192,0.906727160625345,0,0,-0.02259408750536212,-0.02259408750536212
215,192,0.16325424848811668,0,0,0.009584760796103696,0.009584760796103696
224,192,1.4573229181091893,0,0,0.12374908802865983,0.12374908802865983
238,192,1.344315100930179,0,0,-0.06818897002793822,-0.06818897002793822
240,192,1.384312936170045,0,0,-0.092879987037759,-0.092879987037759
243,192,0.5852177813541687,0,0,-0.035221124542444984,-0.035221124542444984
252,192,0.5958194775837373,0,0,-0.016009089929067043,-0.016009089929067043
257,192,1.3253541038322851,0,0,0.11847246384506993,0.11847246384506993
270,192,0.6128809143803973,0,0,-0.02886114219241545,-0.02886114219241545
275,192,1.3795158445497808,0,0,0.023581985879175482,0.023581985879175482
286,192,1.5231364888707852,0,0,0.015315395964314384,0.015315395964314384
289,192,1.296972199957335,0,0,-0.020390201201536035,-0.020390201201536035
291,192,1.5815933797179793,0,0,0.01941233468684208,0.01941233468684208
297,192,0.5398202442191509,0,0,-0.016600759051788073,-0.016600759051788073
302,192,1.4358056792111555,0,0,-0.023563731189413663,-0.023563731189413663
303,192,0.7663900920287906,0,0,-0.05066884843129508,-0.05066884843129508
305,192,1.538551713881601,0,0,0.08120721809505942,0.08120721809505942
320,192,1.3458660449298596,0,0,0.010945183409752725,0.010945183409752725
321,192,1.2671569911324894,0,0,0.10300462791297835,0.10300462791297835
322,192,0.5470731071787626,0,0,-0.02876484232533614,-0.02876484232533614
328,192,1.2287718124506066,0,0,0.10315911324270263,0.10315911324270263
333,192,1.1383932947508102,0,0,-0.024479586656526643,-0.024479586656526643
334,192,0.9244418604123973,0,0,0.008973907562856601,0.008973907562856601
335,192,1.3640621563031763,0,0,-0.017782312170363364,-0.017782312170363364
346,192,1.0103103492633259,0,0,0.042648973781657426,0.042648973781657426
350,192,0.7621721864472961,0,0,0.010641142628178456,0.010641142628178456
353,192,1.5054549274273106,0,0,-0.12280207924589126,-0.12280207924589126
354,192,1.367224837489343,0,0,0.09677838311662705,0.09677838311662705
359,192,1.5843382526412497,0,0,0.13779790939394337,0.13779790939394337
364,192,0.4885337470752193,0,0,0.013658356081426612,0.013658356081426612
370,192,0.7684923731588893,0,0,-0.05245932883806806,-0.05245932883806806
373,192,1.3090740070837454,0,0,0.10969713990470832,0.10969713990470832
374,192,1.1454803460107028,0,0,-0.07976030427643338,-0.07976030427643338
375,192,0.6959179180868242,0,0,-0.02008784313253347,-0.02008784313253347
384,192,1.0599204506322437,0,0,0.005298046754130194,0.005298046754130194
385,192,1.1269043711716615,0,0,-0.04483721696212808,-0.04483721696212808
390,192,0.6217748988145906,0,0,-0.009605150677086205,-0.009605150677086205
399,192,0.16835857023435585,0,0,-6.650683846946143e-5,-6.650683846946143e-5
194,193,0.28599611741301945,0,0,-0.031197724194081317,-0.031197724194081317
197,193,0.7149857912463805,0,0,-0.08271921084589637,-0.08271921084589637
200,193,1.468549669996139,0,0,0.18818072027940902,0.18818072027940902
203,193,1.496342030985672,0,0,-0.21452291341351323,-0.21452291341351323
205,193,0.46166481812554794,0,0,-0.034445128132045366,-0.034445128132045366
211,193,1.0939668671480487,0,0,0.12045890169797216,0.12045890169797216
219,193,0.46094965504441904,0,0,0.004238898857490209,0.004238898857490209
229,193,0.9516745932725347,0,0,-0.011393350284301745,-0.011393350284301745
232,193,1.0259366340757807,0,0,-0.060303758515400485,-0.060303758515400485
235,193,1.2264073491989127,0,0,-0.18237930617887385,-0.18237930617887385
238,193,0.6351397395475135,0,0,0.07486401917539606,0.07486401917539606
240,193,1.2646438427484947,0,0,0.050173002165575284,0.050173002165575284
246,193,1.0998762628497691,0,0,-0.01929629125490831,-0.01929629125490831
247,193,1.4157888485612646,0,0,-0.22201469398929838,-0.22201469398929838
252,193,1.2273938547958267,0,0,0.12704389927426724,0.12704389927426724
255,193,1.1686399610354101,0,0,-0.09431572717829556,-0.09431572717829556
256,193,1.5047115691981867,0,0,0.11115903844992636,0.11115903844992636
258,193,1.5081339829688651,0,0,-0.06360244634281803,-0.06360244634281803
261,193,1.1754128732503633,0,0,-0.12419890523058766,-0.12419890523058766
268,193,0.7294001332482645,0,0,-0.09179922386872144,-0.09179922386872144
275,193,1.3756833868267266,0,0,0.16663497508250977,0.16663497508250977
277,193,0.9021669241213351,0,0,0.0009044001065905694,0.0009044001065905694
282,193,0.17369790748531058,0,0,-0.020125304932273685,-0.020125304932273685
286,193,1.4093596562080684,0,0,0.15836838516764867,0.15836838516764867
287,193,1.2699533526167008,0,0,-0.0010297543850465996,-0.0010297543850465996
288,193,1.2617232739451045,0,0,-0.1671227959823822,-0.1671227959823822
298,193,0.2004287248557211,0,0,0.008145645987221423,0.008145645987221423
302,193,1.272205296132729,0,0,0.11948925801392062,0.11948925801392062
303,193,1.5522929129188656,0,0,0.09238414077203921,0.09238414077203921
306,193,1.5785918414374276,0,0,-0.1428622921000753,-0.1428622921000753
309,193,1.4340238736453614,0,0,-0.04269275724714933,-0.04269275724714933
313,193,1.4858308209103988,0,0,-0.2269412670965956,-0.2269412670965956
322,193,1.2307421369219385,0,0,0.11428814687799815,0.11428814687799815
326,193,1.537840533729987,0,0,0.03413779748339292,0.03413779748339292
332,193,1.3330057479134496,0,0,0.00963413904313068,0.00963413904313068
334,193,1.3009209038257965,0,0,0.15202689676619088,0.15202689676619088
335,193,1.1902480161002071,0,0,0.12527067703297093,0.12527067703297093
340,193,1.097185588699934,0,0,-0.11310490122464703,-0.11310490122464703
344,193,1.1754505689602746,0,0,-0.1540188192977611,-0.1540188192977611
353,193,0.4379945039853792,0,0,0.020250909957443025,0.020250909957443025
354,193,1.5914641926994582,0,0,0.23983137231996132,0.23983137231996132
358,193,0.3215901669560021,0,0,0.028787229679755652,0.028787229679755652
370,193,1.0546379711002716,0,0,0.09059366036526623,0.09059366036526623
374,193,1.0811373853534085,0,0,0.0632926849269009,0.0632926849269009
384,193,1.198200055935992,0,0,0.1483510359574645,0.1483510359574645
385,193,0.8406768428113921,0,0,0.0982157722412062,0.0982157722412062
387,193,0.936652504230944,0,0,-0.12346043630936912,-0.12346043630936912
388,193,0.21596863014113907,0,0,-0.0025887193637082195,-0.0025887193637082195
390,193,1.26731646130451,0,0,0.13344783852624809,0.13344783852624809
392,193,0.6864354239388906,0,0,-0.08055175004369328,-0.08055175004369328
395,193,0.9504854119161698,0,0,-0.08172204036990005,-0.08172204036990005
397,193,0.874281485325076,0,0,-0.09878281638960495,-0.09878281638960495
197,194,0.5612420771637441,0,0,-0.05152148665181505,-0.05152148665181505
203,194,1.3526156534171518,0,0,-0.18332518921943192,-0.18332518921943192
205,194,0.1911662781196717,0,0,-0.0032474039379640496,-0.0032474039379640496
211,194,1.332957547743817,0,0,0.15165662589205348,0.15165662589205348
212,194,1.5928964572328712,0,0,-0.14290121978555226,-0.14290121978555226
217,194,1.3943368664115676,0,0,-0.0762187922131568,-0.0762187922131568
219,194,0.4223878628721593,0,0,0.035436623051571525,0.035436623051571525
229,194,0.8224288649463259,0,0,0.01980437390977957,0.01980437390977957
232,194,1.007780170547534,0,0,-0.02910603432131917,-0.02910603432131917
233,194,1.5079156766670194,0,0,-0.2579056202913943,-0.2579056202913943
235,194,1.0658612584531222,0,0,-0.15118158198479253,-0.15118158198479253
238,194,0.9110719854133482,0,0,0.10606174336947738,0.10606174336947738
240,194,1.3288184378950447,0,0,0.0813707263596566,0.0813707263596566
242,194,1.4891491832462456,0,0,-0.04202006718903417,-0.04202006718903417
246,194,0.9531993992386182,0,0,0.011901432939173007,0.011901432939173007
247,194,1.245059282667714,0,0,-0.19081696979521706,-0.19081696979521706
252,194,1.4127647506302847,0,0,0.15824162346834855,0.15824162346834855
255,194,1.106091420593804,0,0,-0.06311800298421424,-0.06311800298421424
258,194,1.4645305393269652,0,0,-0.032404722148736714,-0.032404722148736714
261,194,0.9004952721561809,0,0,-0.09300118103650634,-0.09300118103650634
268,194,0.6122385242819967,0,0,-0.060601499674640125,-0.060601499674640125
273,194,1.401706328717916,0,0,-0.02757448324563272,-0.02757448324563272
277,194,1.0453440209452922,0,0,0.032102124300671886,0.032102124300671886
282,194,0.17935116238620505,0,0,0.011072419261807631,0.011072419261807631
287,194,1.4032167789674113,0,0,0.030167969809034717,0.030167969809034717
288,194,1.0759358630015496,0,0,-0.13592507178830088,-0.13592507178830088
298,194,0.30809758666734616,0,0,0.03934337018130274,0.03934337018130274
302,194,1.5467537622037701,0,0,0.15068698220800195,0.15068698220800195
306,194,1.4489130589995285,0,0,-0.111664567905994,-0.111664567905994
309,194,1.2790212704621784,0,0,-0.01149503305306801,-0.01149503305306801
313,194,1.3281007413654093,0,0,-0.19574354290251428,-0.19574354290251428
322,194,1.4194138657612239,0,0,0.14548587107207947,0.14548587107207947
326,194,1.586970328406987,0,0,0.06533552167747424,0.06533552167747424
332,194,1.494498642350945,0,0,0.040831863237211996,0.040831863237211996
334,194,1.5195208143956034,0,0,0.1832246209602722,0.1832246209602722
335,194,1.4571677934108973,0,0,0.15646840122705225,0.15646840122705225
340,194,0.9496895620687144,0,0,-0.08190717703056571,-0.08190717703056571
343,194,1.5395879267534254,0,0,-0.04547444240243739,-0.04547444240243739
344,194,1.020804435488004,0,0,-0.12282109510367978,-0.12282109510367978
353,194,0.5352824050751307,0,0,0.05144863415152434,0.05144863415152434
358,194,0.6015854050308628,0,0,0.05998495387383697,0.05998495387383697
370,194,1.2357226103115664,0,0,0.12179138455934754,0.12179138455934754
371,194,1.5874277792965605,0,0,-0.14555034602695394,-0.14555034602695394
374,194,1.19482521270102,0,0,0.09449040912098222,0.09449040912098222
384,194,1.4228481326279885,0,0,0.1795487601515458,0.1795487601515458
385,194,1.0934591744989253,0,0,0.12941349643528752,0.12941349643528752
387,194,0.6937065702796879,0,0,-0.0922627121152878,-0.0922627121152878
388,194,0.23409389749012474,0,0,0.028609004830373097,0.028609004830373097
390,194,1.4662074494447799,0,0,0.1646455627203294,0.1646455627203294
392,194,0.6107132494269931,0,0,-0.04935402584961196,-0.04935402584961196
395,194,0.6698253869744538,0,0,-0.050524316175818734,-0.050524316175818734
397,194,0.788616666791281,0,0,-0.06758509219552364,-0.06758509219552364
204,195,0.5655799735752498,0,0,-0.03595572938057151,-0.03595572938057151
206,195,1.0775685108222135,1,1,0.15628852938951532,-0.8437114706104847
214,195,0.724835130118014,0,0,-0.08013042928751343,-0.08013042928751343
221,195,0.820791633550092,0,0,-0.10163978793717135,-0.10163978793717135
225,195,1.0854009132526292,1,1,0.08091203071433517,-0.9190879692856648
236,195,1.5209411787905796,1,1,0.051648783583971625,-0.9483512164160284
239,195,1.5772904821667821,1,1,0.2725468527585587,-0.7274531472414413
241,195,1.4608197867161767,0,0,-0.11132384000713286,-0.11132384000713286
249,195,1.2442636697675027,0,0,-0.1646095677586981,-0.1646095677586981
253,195,0.45082691041369455,0,0,-0.049891920855391514,-0.049891920855391514
254,195,0.3864885595387897,0,0,-0.029602508895333002,-0.029602508895333002
262,195,1.3383137803866094,0,0,-0.07319750500996033,-0.07319750500996033
272,195,0.23696228806841085,0,0,-0.02555371168968157,-0.02555371168968157
278,195,0.5204483354142116,0,0,-0.058396714500378755,-0.058396714500378755
279,195,1.1692072910348843,0,0,-0.12608329273578134,-0.12608329273578134
315,195,1.208807183842329,1,1,0.19149206768307625,-0.8085079323169237
317,195,1.2045574608776661,0,0,-0.08274901696327008,-0.08274901696327008
318,195,1.4996129716837738,0,0,-0.11874797784601748,-0.11874797784601748
324,195,0.9079744136943442,1,1,0.014012666215202918,-0.9859873337847971
325,195,1.0642773361435405,1,1,0.01930661369709652,-0.9806933863029035
336,195,1.0914312536430932,1,1,0.118040565115477,-0.881959434884523
338,195,0.7412550677090379,0,0,-0.04869430821736548,-0.04869430821736548
359,195,1.4390161872331861,0,0,-0.1802682395670025,-0.1802682395670025
363,195,0.8466645386162236,1,1,-0.0021118270673363693,-1.0021118270673364
369,195,0.2610210316465344,0,0,-0.04554759544612863,-0.04554759544612863
372,195,0.9529599606838922,0,0,-0.10901683355579692,-0.10901683355579692
381,195,0.9114986426770965,1,1,0.09748105819042441,-0.9025189418095756
386,195,1.1974077803340581,0,0,-0.1433767017537586,-0.1433767017537586
389,195,1.0451885474760314,0,0,-0.09707338338199989,-0.09707338338199989
393,195,1.07634515049969,0,0,-0.0733938120289625,-0.0733938120289625
198,196,0.942416253008492,0,0,0.02357668924563383,0.02357668924563383
208,196,1.4677555177798982,0,0,0.03254783611735573,0.03254783611735573
210,196,0.7998525505587724,0,0,0.0232662657548027,0.0232662657548027
213,196,1.1216736585373448,0,0,-0.06830214790639372,-0.06830214790639372
217,196,1.1038301172881608,0,0,-0.01705741448507414,-0.01705741448507414
227,196,0.07082055030004396,0,0,-0.0008057096025814448,-0.0008057096025814448
231,196,1.3426281137527183,0,0,-0.010842691365901547,-0.010842691365901547
242,196,0.8103649764674289,0,0,0.017141310539048493,0.017141310539048493
259,196,0.18485655032979925,0,0,-0.00606503098919392,-0.00606503098919392
265,196,1.290662797806377,0,0,0.026920350338212384,0.026920350338212384
267,196,1.5057054096428022,0,0,0.058044860996186415,0.058044860996186415
273,196,0.9575463093538038,0,0,0.031586894482449945,0.031586894482449945
296,196,1.4338625334408912,0,0,0.03860360739810206,0.03860360739810206
309,196,1.3663873951836347,0,0,0.047666344675014655,0.047666344675014655
316,196,1.3280479568871488,0,0,0.019042384454425382,0.019042384454425382
331,196,0.6535666198592238,0,0,-0.013551300958871193,-0.013551300958871193
343,196,0.7656526199426223,0,0,0.013686935325645272,0.013686935325645272
356,196,0.9319530032787627,0,0,-0.0265035493939606,-0.0265035493939606
360,196,1.1370538470560958,0,0,0.02758897826983872,0.02758897826983872
361,196,1.0969836367272923,0,0,-0.056948605807702724,-0.056948605807702724
368,196,0.7580954229460242,0,0,-0.006548364657801675,-0.006548364657801675
378,196,0.6043572781883643,0,0,0.013301670785779984,0.013301670785779984
395,196,1.5440157473377767,0,0,0.00863706155226393,0.00863706155226393
203,197,0.9970094203504755,0,0,-0.13180370256761686,-0.13180370256761686
205,197,0.594901202401621,0,0,0.048274082713851,0.048274082713851
209,197,1.4109230230066248,0,0,-0.1581947039213925,-0.1581947039213925
212,197,1.0437490272800942,0,0,-0.0913797331337372,-0.0913797331337372
217,197,1.431820531660667,0,0,-0.024697305561341754,-0.024697305561341754
219,197,0.9540380247547756,0,0,0.08695810970338658,0.08695810970338658
222,197,1.5909132817070502,0,0,-0.14230221064364673,-0.14230221064364673
229,197,1.2664208784078572,0,0,0.07132586056159462,0.07132586056159462
232,197,0.6304595814585445,0,0,0.022415452330495883,0.022415452330495883
233,197,1.3707088246095596,0,0,-0.20638413363957925,-0.20638413363957925
235,197,0.769397154987774,0,0,-0.09966009533297748,-0.09966009533297748
238,197,1.2791113345964582,0,0,0.15758323002129243,0.15758323002129243
239,197,1.3052344592205298,0,0,-0.18361479823126475,-0.18361479823126475
246,197,1.3618511667776998,0,0,0.06342291959098806,0.06342291959098806
247,197,1.0193729432607574,0,0,-0.139295483143402,-0.139295483143402
255,197,0.615492243540377,0,0,-0.011596516332399193,-0.011596516332399193
258,197,1.0584155480394812,0,0,0.019116764503078337,0.019116764503078337
261,197,0.8694405254733104,0,0,-0.04147969438469129,-0.04147969438469129
268,197,0.10274595519742814,0,0,-0.009080013022825073,-0.009080013022825073
273,197,1.5801541083438284,0,0,0.023947003406182332,0.023947003406182332
274,197,1.5303123175696725,0,0,-0.1442421513787588,-0.1442421513787588
277,197,0.9867253551682326,0,0,0.08362361095248694,0.08362361095248694
282,197,0.5489659355286098,0,0,0.06259390591362268,0.06259390591362268
287,197,1.3597271436365113,0,0,0.08168945646084977,0.08168945646084977
288,197,0.7376563062626382,0,0,-0.08440358513648583,-0.08440358513648583
298,197,0.8282259124827791,0,0,0.09086485683311779,0.09086485683311779
306,197,0.8879363620911921,0,0,-0.06014308125417894,-0.06014308125417894
309,197,1.5933158254843267,0,0,0.04002645359874704,0.04002645359874704
313,197,1.0276427414767138,0,0,-0.14422205625069923,-0.14422205625069923
327,197,1.3290613447245467,0,0,0.02458513139055213,0.02458513139055213
332,197,1.5061014654282718,0,0,0.09235334988902705,0.09235334988902705
340,197,0.3914585044427474,0,0,-0.030385690378750663,-0.030385690378750663
344,197,0.5849574013547819,0,0,-0.07129960845186473,-0.07129960845186473
353,197,1.0802178669301852,0,0,0.1029701208033394,0.1029701208033394
358,197,0.9110847535888814,0,0,0.11150644052565202,0.11150644052565202
371,197,1.0389108663308306,0,0,-0.09402885937513888,-0.09402885937513888
376,197,1.2418207156799181,0,0,-0.09346256181132934,-0.09346256181132934
385,197,1.4829639493322517,0,0,0.18093498308710257,0.18093498308710257
387,197,0.6476291610410053,0,0,-0.04074122546347275,-0.04074122546347275
388,197,0.7832029628801943,0,0,0.08013049148218815,0.08013049148218815
392,197,0.19894234122918997,0,0,0.0021674608022030917,0.0021674608022030917
395,197,0.8092483242882429,0,0,0.0009971704759963174,0.0009971704759963174
397,197,0.28712644323287245,0,0,-0.016063605543708587,-0.016063605543708587
208,198,0.6229597710298428,0,0,0.008971146871721902,0.008971146871721902
210,198,0.24650488420725075,0,0,-0.00031042349083112986,-0.00031042349083112986
227,198,0.9218920793498524,0,0,-0.024382398848215275,-0.024382398848215275
231,198,1.24808738255497,0,0,-0.03441938061153538,-0.03441938061153538
242,198,1.2789295680912534,0,0,-0.006435378706585337,-0.006435378706585337
259,198,1.1224082519830418,0,0,-0.02964172023482775,-0.02964172023482775
265,198,0.6186180379928945,0,0,0.0033436610925785537,0.0033436610925785537
267,198,0.895894440435151,0,0,0.034468171750552584,0.034468171750552584
273,198,1.21215359634409,0,0,0.008010205236816115,0.008010205236816115
296,198,0.5840459694837825,0,0,0.015026918152468233,0.015026918152468233
309,198,1.4577523107334067,0,0,0.024089655429380824,0.024089655429380824
316,198,0.8307552882652703,0,0,-0.004534304791208449,-0.004534304791208449
327,198,1.582531674557608,0,0,0.008648333221185911,0.008648333221185911
331,198,1.5178584936537043,0,0,-0.037127990204505024,-0.037127990204505024
343,198,1.208910546301465,0,0,-0.009889753919988559,-0.009889753919988559
348,198,1.2230263291711037,0,0,0.026342676536996457,0.026342676536996457
355,198,1.4766572330016638,0,0,0.06115590609605895,0.06115590609605895
356,198,1.2861294584532577,0,0,-0.05008023863959443,-0.05008023863959443
360,198,0.3652434603813702,0,0,0.00401228902420489,0.00401228902420489
368,198,1.0117889044318389,0,0,-0.030125053903435506,-0.030125053903435506
378,198,0.36843001024193417,0,0,-0.010275018459853846,-0.010275018459853846
200,199,1.3387503362779327,0,0,-0.09214355676222193,-0.09214355676222193
207,199,1.4264849871526526,0,0,-0.0594927532511738,-0.0594927532511738
214,199,1.2836472334329676,0,0,0.10066443183513579,0.10066443183513579
216,199,1.5066345525824463,0,0,-0.07875219843894303,-0.07875219843894303
221,199,0.949707141587839,0,0,0.07915507318547788,0.07915507318547788
224,199,1.3980077005952591,0,0,-0.013522199809636815,-0.013522199809636815
241,199,0.7955028792624127,0,0,0.06947102111551637,0.06947102111551637
249,199,0.6642921522172489,0,0,0.016185293363951136,0.016185293363951136
253,199,1.5608085461673524,0,0,0.1309029402672577,0.1309029402672577
256,199,1.5446688587902249,0,0,-0.16916523859170457,-0.16916523859170457
257,199,1.55547869756769,0,0,-0.018798823993226715,-0.018798823993226715
271,199,0.8016146708074063,0,0,0.06499861980240587,0.06499861980240587
275,199,1.1601961137544299,0,0,-0.11368930195912116,-0.11368930195912116
278,199,1.3469046065385997,0,0,0.12239814662227047,0.12239814662227047
279,199,0.5937599031469957,0,0,0.05471156838686789,0.05471156838686789
286,199,1.126414707720134,0,0,-0.12195589187398226,-0.12195589187398226
302,199,1.4255277405382323,0,0,-0.1608350190277103,-0.1608350190277103
305,199,0.9171967262692334,0,0,-0.05606406974323723,-0.05606406974323723
307,199,1.1830310798230086,0,0,0.05416068541471886,0.05416068541471886
314,199,0.7741699188254795,0,0,-0.07666892517979226,-0.07666892517979226
317,199,1.3209878825622243,0,0,0.09804584415937914,0.09804584415937914
318,199,0.6127165913385345,0,0,0.06204688327663174,0.06204688327663174
321,199,1.5346221162512472,0,0,-0.0342666599253183,-0.0342666599253183
334,199,1.509321294155659,0,0,-0.12829738027544005,-0.12829738027544005
335,199,1.42692165245664,0,0,-0.15505360000866,-0.15505360000866
337,199,1.156831647257823,0,0,-0.09456753651370034,-0.09456753651370034
354,199,1.2730995387024744,0,0,-0.040492904721669595,-0.040492904721669595
359,199,1.1542734205775276,0,0,0.000526621555646728,0.000526621555646728
365,199,1.0082417746181414,0,0,-0.04791229376143526,-0.04791229376143526
369,199,1.5770433934930868,0,0,0.1352472656765206,0.1352472656765206
372,199,0.7791277254871477,0,0,0.07177802756685231,0.07177802756685231
379,199,0.7121715799635389,0,0,0.06469636328040987,0.06469636328040987
380,199,0.5147160517425884,0,0,0.04226983984151558,0.04226983984151558
383,199,1.4984114682349488,0,0,0.08597084605624628,0.08597084605624628
384,199,1.4850285578616789,0,0,-0.13197324108416644,-0.13197324108416644
386,199,0.5530198114448414,0,0,0.03741815936889062,0.03741815936889062
389,199,0.9223545345218325,0,0,0.08372147774064934,0.08372147774064934
391,199,1.1754405933572207,0,0,0.03412039077819487,0.03412039077819487
393,199,1.555385468178902,0,0,0.10740104909368672,0.10740104909368672
202,200,1.3322983006457711,0,0,-0.08260029239514902,-0.08260029239514902
211,200,0.5793800010093054,0,0,-0.06772181858143683,-0.06772181858143683
214,200,1.2322116545406914,0,0,0.1928079885973577,0.1928079885973577
215,200,0.9989209420904316,0,0,-0.035542970279971026,-0.035542970279971026
221,200,1.5049641990530123,0,0,0.1712986299476998,0.1712986299476998
224,200,0.6409767683220685,0,0,0.07862135695258511,0.07862135695258511
238,200,0.9998260560948726,0,0,-0.11331670110401294,-0.11331670110401294
243,200,1.530997987539827,0,0,-0.0803488556185197,-0.0803488556185197
249,200,0.9647478797903637,0,0,0.10832885012617306,0.10832885012617306
252,200,0.6829903821631478,0,0,-0.06113682100514176,-0.06113682100514176
256,200,1.2711050867849916,0,0,-0.07702168182948266,-0.07702168182948266
257,200,0.679437402170699,0,0,0.07334473276899521,0.07334473276899521
275,200,0.47453935487429005,0,0,-0.021545745196899238,-0.021545745196899238
278,200,1.4430307870062984,0,0,0.2145417033844924,0.2145417033844924
279,200,1.4885535194349646,0,0,0.14685512514908983,0.14685512514908983
286,200,0.6803493069402677,0,0,-0.02981233511176034,-0.02981233511176034
297,200,1.5276561530582382,0,0,-0.0617284901278628,-0.0617284901278628
298,200,1.531367870071409,0,0,-0.18003507429218757,-0.18003507429218757
302,200,0.8469794735580841,0,0,-0.06869146226548839,-0.06869146226548839
303,200,1.555147567787441,0,0,-0.0957965795073698,-0.0957965795073698
305,200,0.49290415504354684,0,0,0.036079487018984696,0.036079487018984696
314,200,1.3188097279954105,0,0,0.015474631582429656,0.015474631582429656
321,200,0.6044845839685573,0,0,0.05787689683690363,0.05787689683690363
322,200,0.9455627730956213,0,0,-0.07389257340141087,-0.07389257340141087
324,200,1.469622723024399,1,1,0.2869510841000741,-0.7130489158999259
325,200,1.5341599634616663,1,1,0.2922450315819676,-0.7077549684180324
328,200,0.9137509877898591,0,0,0.05803138216662791,0.05803138216662791
334,200,0.275401995924293,0,0,-0.03615382351321812,-0.03615382351321812
335,200,0.7218630234257039,0,0,-0.06291004324643809,-0.06291004324643809
346,200,1.375123172861713,0,0,-0.002478757294417294,-0.002478757294417294
350,200,1.438368078996361,0,0,-0.03448658844789627,-0.03448658844789627
353,200,1.4923880237537928,0,0,-0.16792981032196597,-0.16792981032196597
354,200,0.3691838115170972,0,0,0.05165065204055233,0.05165065204055233
358,200,1.3491106819855125,0,0,-0.15939349059965335,-0.15939349059965335
359,200,0.5874779474484466,0,0,0.09267017831786865,0.09267017831786865
364,200,1.2608212517589805,0,0,-0.03146937499464811,-0.03146937499464811
370,200,1.1051421423209733,0,0,-0.09758705991414278,-0.09758705991414278
372,200,1.4429189502635849,0,0,0.16392158432907422,0.16392158432907422
373,200,0.6170296020362376,0,0,0.0645694088286336,0.0645694088286336
374,200,1.5983578002362964,0,0,-0.1248880353525081,-0.1248880353525081
384,200,0.32548350007604526,0,0,-0.03982968432194453,-0.03982968432194453
385,200,0.7495587356231087,0,0,-0.08996494803820279,-0.08996494803820279
386,200,1.2173627404428176,0,0,0.12956171613111256,0.12956171613111256
388,200,1.534318899641893,0,0,-0.1907694396431172,-0.1907694396431172
390,200,0.581041164214167,0,0,-0.05473288175316093,-0.05473288175316093
399,200,1.1936756376504492,0,0,-0.04519423791454418,-0.04519423791454418
256,201,1.0814543503833138,0,0,-0.01137779975308939,-0.01137779975308939
286,201,1.586616996584795,0,0,0.03583154696463292,0.03583154696463292
289,201,1.5939754425171595,0,0,0.00012594979878250562,0.00012594979878250562
292,201,0.7937750133466523,0,0,-0.0379889954571745,-0.0379889954571745
301,201,1.0002238519731788,0,0,0.030614701696825536,0.030614701696825536
302,201,1.3588593842457346,0,0,-0.003047580189095126,-0.003047580189095126
310,201,0.9027436407569696,0,0,0.024897990645692453,0.024897990645692453
314,201,1.2902198132095526,0,0,0.08111851365882292,0.08111851365882292
333,201,1.5181705571874813,0,0,-0.003963435656208103,-0.003963435656208103
335,201,1.4944415420016144,0,0,0.0027338388299551764,0.0027338388299551764
337,201,1.3758696699814015,0,0,0.06321990232491485,0.06321990232491485
345,201,1.0664221478695162,0,0,-0.007064698240628033,-0.007064698240628033
349,201,1.1004328758427993,0,0,0.030981891736178612,0.030981891736178612
357,201,1.3385406782767602,0,0,-0.0657964366816739,-0.0657964366816739
365,201,1.5725958926929657,0,0,0.10987514507717994,0.10987514507717994
377,201,1.071834529161837,0,0,0.008412568584279485,0.008412568584279485
396,201,1.3807122230867193,0,0,-0.0541790588675889,-0.0541790588675889
400,201,1.3068696340803356,0,0,0.03772057881562785,0.03772057881562785
211,202,0.9736095037783277,0,0,0.01487847381371217,0.01487847381371217
215,202,0.6069541570470279,0,0,0.047057322115177984,0.047057322115177984
219,202,1.485653392954856,0,0,-0.1013415290267698,-0.1013415290267698
238,202,1.2604535035275428,0,0,-0.030716408708863933,-0.030716408708863933
240,202,0.9815304233659407,0,0,-0.05540742571868471,-0.05540742571868471
243,202,0.20521317477299594,0,0,0.002251436776629305,0.002251436776629305
244,202,1.3194555523138463,0,0,-0.03128460882934984,-0.03128460882934984
252,202,0.7022763180777783,0,0,0.021463471390007247,0.021463471390007247
270,202,0.37584560081125606,0,0,0.008611419126658838,0.008611419126658838
275,202,1.5525583312604787,0,0,0.06105454719824977,0.06105454719824977
289,202,1.206631831473595,0,0,0.017082360117538255,0.017082360117538255
290,202,1.4154697827448266,0,0,-0.03487982309555212,-0.03487982309555212
297,202,0.623369528634151,0,0,0.020871802267286212,0.020871802267286212
298,202,1.5072107564514576,0,0,-0.09743478189703858,-0.09743478189703858
302,202,1.494204620798858,0,0,0.013908830129660623,0.013908830129660623
303,202,0.32334047828353124,0,0,-0.01319628711222079,-0.01319628711222079
312,202,1.4101820922993347,0,0,-0.04324620111595081,-0.04324620111595081
320,202,1.552600234974314,0,0,0.04841774472882701,0.04841774472882701
322,202,0.4693832479464663,0,0,0.00870771899373815,0.00870771899373815
326,202,1.3207786181608876,0,0,-0.07144263040086707,-0.07144263040086707
333,202,1.0257565564582798,0,0,0.012992974662547646,0.012992974662547646
334,202,1.1191744249326945,0,0,0.04644646888193089,0.04644646888193089
335,202,1.4367850009102172,0,0,0.019690249148710925,0.019690249148710925
346,202,1.4246658354145458,0,0,0.08012153510073172,0.08012153510073172
350,202,1.0804292610593231,0,0,0.04811370394725274,0.04811370394725274
353,202,1.2780105633789873,0,0,-0.08532951792681698,-0.08532951792681698
358,202,1.5541989309540014,0,0,-0.07679319820450434,-0.07679319820450434
364,202,0.8794346649127409,0,0,0.0511309174005009,0.0511309174005009
370,202,0.559530764121228,0,0,-0.01498676751899377,-0.01498676751899377
374,202,0.7780628839988614,0,0,-0.04228774295735909,-0.04228774295735909
375,202,0.7087620264152614,0,0,0.017384718186540814,0.017384718186540814
384,202,1.2164241485340839,0,0,0.04277060807320448,0.04277060807320448
385,202,1.1156402662337084,0,0,-0.0073646556430537885,-0.0073646556430537885
388,202,1.5462082962711676,0,0,-0.10816914724796822,-0.10816914724796822
390,202,0.7718756664073874,0,0,0.027867410641988083,0.027867410641988083
399,202,0.4881695447601275,0,0,0.03740605448060483,0.03740605448060483
205,203,1.3818546432300431,0,0,0.18007778528146787,0.18007778528146787
206,203,1.3210513815411415,0,0,-0.16806941903269124,-0.16806941903269124
209,203,0.7216581927117922,0,0,-0.026391001353775645,-0.026391001353775645
212,203,0.8256508391622822,0,0,0.04042396943387966,0.04042396943387966
222,203,1.097002382637683,0,0,-0.010498508076029867,-0.010498508076029867
225,203,1.167996055921164,0,0,-0.2434459177078715,-0.2434459177078715
232,203,1.4178738039624306,0,0,0.15421915489811275,0.15421915489811275
233,203,0.626412644909458,0,0,-0.07458043107196238,-0.07458043107196238
235,203,0.3023869609570371,0,0,0.03214360723463938,0.03214360723463938
239,203,0.3365248388612091,0,0,-0.05181109566364789,-0.05181109566364789
247,203,0.3533125030797735,0,0,-0.007491780575785145,-0.007491780575785145
255,203,1.2389678356504958,0,0,0.12020718623521767,0.12020718623521767
261,203,1.0640962011909914,0,0,0.09032400818292557,0.09032400818292557
268,203,0.9812961070712201,0,0,0.12272368954479179,0.12272368954479179
274,203,1.0085270723054203,0,0,-0.012438448811141922,-0.012438448811141922
281,203,0.958745064847689,0,0,-0.056933276038307556,-0.056933276038307556
282,203,1.3794754645308844,0,0,0.19439760848123955,0.19439760848123955
288,203,0.3474670476636573,0,0,0.04740011743113104,0.04740011743113104
306,203,0.9897886834219777,0,0,0.07166062131343792,0.07166062131343792
308,203,0.9680895086478157,0,0,-0.023043581831248827,-0.023043581831248827
313,203,0.16574266082452654,0,0,-0.012418353683082362,-0.012418353683082362
315,203,1.1868938406335015,0,0,-0.13286588073913036,-0.13286588073913036
324,203,1.5882598056287252,0,0,-0.31034528220700364,-0.31034528220700364
325,203,1.5510032265741385,0,0,-0.30505133472511015,-0.30505133472511015
329,203,1.4383251377273385,0,0,-0.051969051895900176,-0.051969051895900176
340,203,0.8378135643075811,0,0,0.1014180121888662,0.1014180121888662
344,203,0.4269493167390202,0,0,0.06050409411575214,0.06050409411575214
352,203,1.32992255667921,0,0,-0.1272327145630714,-0.1272327145630714
366,203,1.5500171859422667,0,0,-0.06452999780866081,-0.06452999780866081
371,203,0.8254167889228977,0,0,0.03777484319247798,0.03777484319247798
376,203,1.0089264353032459,0,0,0.03834114075628753,0.03834114075628753
387,203,0.8611443841481745,0,0,0.09106247710414411,0.09106247710414411
388,203,1.5494237681947147,0,0,0.211934194049805,0.211934194049805
392,203,1.0018133143325967,0,0,0.13397116336981996,0.13397116336981996
395,203,1.304185506830271,0,0,0.13280087304361318,0.13280087304361318
397,203,0.8883110539465998,0,0,0.11574009702390828,0.11574009702390828
206,204,1.501042649719087,1,1,0.19224425877008688,-0.8077557412299131
214,204,1.0442562287574642,0,0,-0.04417469990694192,-0.04417469990694192
220,204,1.352492313697769,0,0,-0.0038033566386304063,-0.0038033566386304063
221,204,0.8274621833488486,0,0,-0.06568405855659984,-0.06568405855659984
225,204,1.5234018494701955,1,1,0.11686776009490663,-0.8831322399050934
241,204,1.2205015222411126,0,0,-0.07536811062656135,-0.07536811062656135
249,204,1.4143193758474086,0,0,-0.12865383837812658,-0.12865383837812658
253,204,0.21598361422812012,0,0,-0.013936191474820003,-0.013936191474820003
254,204,0.22005670016202,0,0,0.006353220485238509,0.006353220485238509
262,204,0.8228395877942634,0,0,-0.037241775629388824,-0.037241775629388824
271,204,1.4149897564533431,0,0,-0.07984051193967184,-0.07984051193967184
272,204,0.39119173113425554,0,0,0.010402017690889942,0.010402017690889942
278,204,0.8407095912015997,0,0,-0.022440985119807244,-0.022440985119807244
279,204,1.1470477107506392,0,0,-0.09012756335520983,-0.09012756335520983
317,204,0.7849202620931035,0,0,-0.04679328758269857,-0.04679328758269857
318,204,1.3238405820062171,0,0,-0.08279224846544597,-0.08279224846544597
324,204,1.2359266119227648,1,1,0.049968395595774484,-0.9500316044042255
325,204,1.3895371117536308,1,1,0.055262343077667975,-0.944737656922332
336,204,1.3673597654850946,1,1,0.15399629449604857,-0.8460037055039514
338,204,0.1986989731344096,0,0,-0.012738578836793968,-0.012738578836793968
363,204,0.5330365218614095,1,1,0.0338439023132352,-0.9661560976867648
369,204,0.3727373243596318,0,0,-0.00959186606555712,-0.00959186606555712
372,204,0.9976204399201489,0,0,-0.0730611041752254,-0.0730611041752254
379,204,1.4063639017170715,0,0,-0.08014276846166785,-0.08014276846166785
381,204,1.1971026878936233,1,1,0.13343678757099597,-0.866563212429004
383,204,1.233591454275474,0,0,-0.05886828568583144,-0.05886828568583144
386,204,1.269092348024015,0,0,-0.1074209723731871,-0.1074209723731871
389,204,0.8566618178159836,0,0,-0.06111765400142838,-0.06111765400142838
393,204,0.5732172253909881,0,0,-0.03743808264839099,-0.03743808264839099
211,205,1.4848896193304029,0,0,0.15490402983001753,0.15490402983001753
217,205,1.213848409182072,0,0,-0.07297138827519276,-0.07297138827519276
219,205,0.4096636483467732,0,0,0.038684026989535575,0.038684026989535575
229,205,0.6967882191147942,0,0,0.02305177784774362,0.02305177784774362
232,205,1.0689252556100033,0,0,-0.02585863038335512,-0.02585863038335512
233,205,1.5339720006100868,0,0,-0.2546582163534302,-0.2546582163534302
235,205,1.089043587177723,0,0,-0.14793417804682849,-0.14793417804682849
238,205,1.079542977620742,0,0,0.10930914730744143,0.10930914730744143
240,205,1.3136150485472824,0,0,0.08461813029762065,0.08461813029762065
242,205,1.3012297472446848,0,0,-0.03877266325107012,-0.03877266325107012
246,205,0.8110781767974538,0,0,0.015148836877137056,0.015148836877137056
247,205,1.252197723342891,0,0,-0.187569565857253,-0.187569565857253
252,205,1.5285511239995413,0,0,0.1614890274063126,0.1614890274063126
255,205,1.1515030654398217,0,0,-0.059870599046250195,-0.059870599046250195
258,205,1.4868557059907126,0,0,-0.029157318210772665,-0.029157318210772665
261,205,0.7788896004136164,0,0,-0.08975377709854229,-0.08975377709854229
268,205,0.6702483495421336,0,0,-0.057354095736676075,-0.057354095736676075
273,205,1.2227784686410523,0,0,-0.02432707930766867,-0.02432707930766867
277,205,1.1629495319463177,0,0,0.035349528238635936,0.035349528238635936
282,205,0.35551396461671836,0,0,0.01431982319977168,0.01431982319977168
287,205,1.4906151175007594,0,0,0.03341537374699877,0.03341537374699877
288,205,1.0758913575155653,0,0,-0.13267766785033683,-0.13267766785033683
298,205,0.41885160489635276,0,0,0.04259077411926679,0.04259077411926679
306,205,1.4591062331481037,0,0,-0.10841716396802994,-0.10841716396802994
309,205,1.1225538484387503,0,0,-0.00824762911510396,-0.00824762911510396
313,205,1.3462572714800325,0,0,-0.19249613896455023,-0.19249613896455023
322,205,1.5197030620398837,0,0,0.14873327501004352,0.14873327501004352
326,205,1.5500441642358893,0,0,0.06858292561543829,0.06858292561543829
331,205,1.5982606999561593,0,0,-0.06946527474898981,-0.06946527474898981
332,205,1.590214641473473,0,0,0.044079267175176046,0.044079267175176046
340,205,0.9642276056934532,0,0,-0.07865977309260166,-0.07865977309260166
343,205,1.353446970215419,0,0,-0.04222703846447334,-0.04222703846447334
344,205,1.0469735003487288,0,0,-0.11957369116571573,-0.11957369116571573
353,205,0.5949002300757973,0,0,0.05469603808948839,0.05469603808948839
358,205,0.7752053991852245,0,0,0.06323235781180102,0.06323235781180102
370,205,1.3248976313142884,0,0,0.1250387884973116,0.1250387884973116
374,205,1.2216074390134233,0,0,0.09773781305894627,0.09773781305894627
384,205,1.5853351703845804,0,0,0.18279616408950985,0.18279616408950985
385,205,1.2552001151872971,0,0,0.13266090037325157,0.13266090037325157
387,205,0.6403738928829832,0,0,-0.08901530817732375,-0.08901530817732375
388,205,0.34379642386686166,0,0,0.03185640876833715,0.03185640876833715
390,205,1.5927126046587914,0,0,0.16789296665829345,0.16789296665829345
392,205,0.698245585142102,0,0,-0.04610662191164791,-0.04610662191164791
395,205,0.5069382926890352,0,0,-0.047276912237854685,-0.047276912237854685
397,205,0.8598453654480869,0,0,-0.06433768825755959,-0.06433768825755959
209,206,1.1620960393086057,0,0,0.1416784176789156,0.1416784176789156
214,206,1.5830655252213996,46,-1,-0.23641895867702878,0.7635810413229712
225,206,1.2462782673998516,0,0,-0.07537649867518026,-0.07537649867518026
233,206,1.3592128160484829,0,0,0.09348898796072885,0.09348898796072885
235,206,1.5762240008926527,0,0,0.20021302626733062,0.20021302626733062
239,206,0.9930116162258397,0,0,0.11625832336904335,0.11625832336904335
247,206,1.518103247911896,0,0,0.1605776384569061,0.1605776384569061
253,206,1.4851388687054643,46,-1,-0.20618045024490694,0.7938195497550931
254,206,1.330747762933519,46,-1,-0.18589103828484843,0.8141089617151516
269,206,1.5901826536837136,0,0,0.08090182681557129,0.08090182681557129
272,206,1.2272487557994232,46,-1,-0.1818422410791969,0.8181577589208031
274,206,1.5485764416654122,0,0,0.15563097022154931,0.15563097022154931
278,206,1.4570314663536736,46,-1,-0.21468524388989407,0.7853147561101059
281,206,0.9846875040069223,0,0,0.11113614299438368,0.11113614299438368
308,206,1.383467914342672,0,0,0.1450258372014424,0.1450258372014424
313,206,1.3841587642082447,0,0,0.15565106534960887,0.15565106534960887
315,206,0.21521438127176462,0,0,0.035203538293560876,0.035203538293560876
324,206,1.4863351706911743,0,0,-0.1422758631743124,-0.1422758631743124
325,206,1.5311277376701622,0,0,-0.1369819156924189,-0.1369819156924189
329,206,1.4759623382171423,0,0,0.11610036713679106,0.11610036713679106
336,206,0.4416604787253598,0,0,-0.038247964274038315,-0.038247964274038315
363,206,1.3832813305463123,0,0,-0.1584003564568517,-0.1584003564568517
366,206,1.4015743849875433,0,0,0.10353942122403043,0.10353942122403043
369,206,1.308922261025642,46,-1,-0.20183612483564395,0.798163875164356
381,206,0.4414804247304642,0,0,-0.05880747119909091,-0.05880747119909091
394,206,1.5996828052238414,0,0,0.04013360796908022,0.04013360796908022
216,207,0.20522050730353716,0,0,-0.01925944518776923,-0.01925944518776923
291,207,1.0041397876366385,0,0,-0.05836619990028077,-0.05836619990028077
301,207,1.01106469843227,0,0,-0.06767998389061584,-0.06767998389061584
307,207,1.4713693399484702,0,0,0.11365343866589266,0.11365343866589266
310,207,1.5129664969117782,0,0,-0.07339669494174893,-0.07339669494174893
314,207,1.3763059578981192,0,0,-0.01717617192861847,-0.01717617192861847
320,207,1.5523610084668877,0,0,-0.06683335117737012,-0.06683335117737012
337,207,0.7427179795123394,0,0,-0.035074783262526534,-0.035074783262526534
346,207,1.486775351128913,0,0,-0.03512956080546542,-0.03512956080546542
349,207,1.2576264620353341,0,0,-0.06731279385126278,-0.06731279385126278
365,207,0.6947949317424268,0,0,0.011580459489738543,0.011580459489738543
367,207,1.3972297933910791,0,0,0.07240220261426157,0.07240220261426157
380,207,1.4298515791291708,0,0,0.10176259309268938,0.10176259309268938
391,207,1.1837554852097085,0,0,0.09361314402936867,0.09361314402936867
400,207,0.9901032946398391,0,0,-0.06057410677181354,-0.06057410677181354
210,208,0.842046717852933,0,0,-0.009281570362553032,-0.009281570362553032
227,208,1.4282354659622556,0,0,-0.03335354571993718,-0.03335354571993718
231,208,1.1952975509959216,0,0,-0.04339052748325728,-0.04339052748325728
258,208,1.4130777290036778,0,0,-0.0057911805380097825,-0.0057911805380097825
265,208,0.39722066933953215,0,0,-0.005627485779143349,-0.005627485779143349
267,208,1.0020912324387075,0,0,0.025497024878830682,0.025497024878830682
273,208,1.5915847616540904,0,0,-0.0009609416349057875,-0.0009609416349057875
296,208,0.1906652101102711,0,0,0.00605577128074633,0.00605577128074633
316,208,0.6204199305956699,0,0,-0.013505451662930351,-0.013505451662930351
327,208,1.1672217704644037,0,0,-0.0003228136505359913,-0.0003228136505359913
348,208,0.6253520474506021,0,0,0.017371529665274554,0.017371529665274554
355,208,0.9768056401832826,0,0,0.052184759224337046,0.052184759224337046
356,208,1.5749564178620332,0,0,-0.059051385511316334,-0.059051385511316334
360,208,0.34360080810947374,0,0,-0.004958857847517012,-0.004958857847517012
368,208,1.3120843237906008,0,0,-0.03909620077515741,-0.03909620077515741
378,208,0.8782465822250668,0,0,-0.01924616533157575,-0.01924616533157575
212,209,0.5787418096328445,0,0,0.0668149707876553,0.0668149707876553
222,209,0.5556670223671565,0,0,0.01589249327774578,0.01589249327774578
230,209,1.5406626413075686,0,0,-0.04431336189675339,-0.04431336189675339
232,209,1.5628227948684565,0,0,0.1806101562518884,0.1806101562518884
233,209,1.253305151525596,0,0,-0.04818942971818674,-0.04818942971818674
235,209,0.9826942723843005,0,0,0.05853460858841503,0.05853460858841503
239,209,0.6511291527067371,0,0,-0.025420094309872243,-0.025420094309872243
247,209,1.0608015265619062,0,0,0.0188992207779905,0.0188992207779905
255,209,1.3203111216167,0,0,0.14659818758899332,0.14659818758899332
268,209,1.3668020323156016,0,0,0.14911469089856744,0.14911469089856744
269,209,1.5299237073904848,0,0,-0.060776590863344304,-0.060776590863344304
274,209,0.4445094581845485,0,0,0.013952552542633723,0.013952552542633723
281,209,0.45715506923164584,0,0,-0.03054227468453191,-0.03054227468453191
283,209,1.564844986816933,0,0,-0.044313361896753445,-0.044313361896753445
288,209,0.9668058597618849,0,0,0.07379111878490668,0.07379111878490668
306,209,0.865760881082609,0,0,0.09805162266721357,0.09805162266721357
308,209,0.36535402835307057,0,0,0.0033474195225268177,0.0033474195225268177
313,209,0.8670035021006266,0,0,0.013972647670693283,0.013972647670693283
315,209,1.0588517870184644,0,0,-0.10647487938535471,-0.10647487938535471
329,209,0.8730546326167142,0,0,-0.02557805054212453,-0.02557805054212453
336,209,1.5773457221226348,0,0,-0.1799263819529539,-0.1799263819529539
340,209,1.0876509915292774,0,0,0.12780901354264185,0.12780901354264185
344,209,0.8938074809983286,0,0,0.08689509546952778,0.08689509546952778
366,209,1.1038171015733091,0,0,-0.038138996454885166,-0.038138996454885166
371,209,0.5552216900024652,0,0,0.06416584454625363,0.06416584454625363
376,209,0.6434929783577139,0,0,0.06473214211006317,0.06473214211006317
387,209,1.5038525316629021,0,0,0.11745347845791976,0.11745347845791976
392,209,1.3835445788496925,0,0,0.1603621647235956,0.1603621647235956
397,209,1.205662859066299,0,0,0.14213109837768392,0.14213109837768392
227,210,0.7929972888030627,0,0,-0.024071975357384146,-0.024071975357384146
231,210,1.392163509498792,0,0,-0.03410895712070425,-0.03410895712070425
242,210,1.081578679244879,0,0,-0.0061249552157542075,-0.0061249552157542075
259,210,0.9824697518648443,0,0,-0.02933129674399662,-0.02933129674399662
265,210,0.8478156582632446,0,0,0.0036540845834096836,0.0036540845834096836
267,210,0.8457913179586332,0,0,0.034778595241383714,0.034778595241383714
273,210,1.0225612825059378,0,0,0.008320628727647245,0.008320628727647245
296,210,0.7676205586311794,0,0,0.015337341643299363,0.015337341643299363
309,210,1.28986185010738,0,0,0.024400078920211954,0.024400078920211954
316,210,1.0361138839155746,0,0,-0.004223881300377319,-0.004223881300377319
331,210,1.3538711506453156,0,0,-0.036817566713673894,-0.036817566713673894
343,210,1.0061581402221578,0,0,-0.009579330429157429,-0.009579330429157429
348,210,1.4232012233917646,0,0,0.026653100027827586,0.026653100027827586
356,210,1.3248029533438537,0,0,-0.0497698151487633,-0.0497698151487633
360,210,0.5892809928977636,0,0,0.00432271251503602,0.00432271251503602
368,210,1.055524561106252,0,0,-0.029814630412604376,-0.029814630412604376
378,210,0.35256458491070675,0,0,-0.009964594969022716,-0.009964594969022716
215,211,0.9227914004465788,0,0,0.032178848301465814,0.032178848301465814
219,211,1.2732027402872332,0,0,-0.11622000284048195,-0.11622000284048195
224,211,1.1836817784641522,0,0,0.14634317553402196,0.14634317553402196
238,211,0.5345155420654583,0,0,-0.045594882522576104,-0.045594882522576104
240,211,1.4114659460452406,0,0,-0.07028589953239689,-0.07028589953239689
243,211,1.16489935807342,0,0,-0.012627037037082865,-0.012627037037082865
249,211,1.4124532743703118,0,0,0.1760506687076099,0.1760506687076099
252,211,0.40864650459284624,0,0,0.006584997576295076,0.006584997576295076
256,211,1.0200162726354791,0,0,-0.009299863248045812,-0.009299863248045812
257,211,1.186391185770939,0,0,0.14106655135043206,0.14106655135043206
270,211,1.2760244933174159,0,0,-0.006267054687053332,-0.006267054687053332
275,211,0.6172326102311979,0,0,0.0461760733845376,0.0461760733845376
277,211,1.5815632781097029,0,0,-0.11955450159138159,-0.11955450159138159
282,211,1.259800465403118,0,0,-0.14058420663024584,-0.14058420663024584
286,211,0.730431262503045,0,0,0.0379094834696765,0.0379094834696765
297,211,1.3247787643661695,0,0,0.005993328453574042,0.005993328453574042
298,211,1.1191330178625707,0,0,-0.11231325571075074,-0.11231325571075074
302,211,0.6207687009737125,0,0,-0.0009696436840515472,-0.0009696436840515472
303,211,1.106831472362313,0,0,-0.02807476092593296,-0.02807476092593296
305,211,0.9223539275689396,0,0,0.10380130560042153,0.10380130560042153
314,211,1.4554208644300008,0,0,0.0831964501638665,0.0831964501638665
321,211,1.1090211324841408,0,0,0.12559871541834047,0.12559871541834047
322,211,0.5338283576086048,0,0,-0.00617075481997402,-0.00617075481997402
328,211,1.3592951286631252,0,0,0.12575320074806476,0.12575320074806476
333,211,1.5915351246505292,0,0,-0.0018854991511645242,-0.0018854991511645242
334,211,0.30901891672086684,0,0,0.03156799506821872,0.03156799506821872
335,211,0.511835143428265,0,0,0.004811775334998755,0.004811775334998755
346,211,1.577024458311291,0,0,0.06524306128701954,0.06524306128701954
350,211,1.4413345198037257,0,0,0.03323523013354057,0.03323523013354057
353,211,1.040824560870902,0,0,-0.10020799174052913,-0.10020799174052913
354,211,0.9024986530756816,0,0,0.11937247062198916,0.11937247062198916
358,211,0.9337903428135309,0,0,-0.09167167201821652,-0.09167167201821652
359,211,1.1305281059496144,0,0,0.1603919968993055,0.1603919968993055
364,211,1.2795567231449725,0,0,0.03625244358678873,0.03625244358678873
370,211,0.6205345589811393,0,0,-0.02986524133270594,-0.02986524133270594
373,211,1.0855508919678403,0,0,0.13229122741007043,0.13229122741007043
374,211,1.093870510223548,0,0,-0.05716621677107126,-0.05716621677107126
375,211,1.39844102471055,0,0,0.002506244372828644,0.002506244372828644
384,211,0.3010649440115822,0,0,0.027892134259492312,0.027892134259492312
385,211,0.2710945104970428,0,0,-0.02224312945676596,-0.02224312945676596
388,211,1.153834715039222,0,0,-0.12304762106168038,-0.12304762106168038
390,211,0.33745039516210684,0,0,0.012988936828275913,0.012988936828275913
399,211,1.0375242902354003,0,0,0.022527580666892658,0.022527580666892658
222,212,0.5747223542972273,0,0,-0.050922477509909525,-0.050922477509909525
231,212,1.5781699633693134,0,0,0.07289715069156805,0.07289715069156805
232,212,1.105013825797305,0,0,0.11379518546423309,0.11379518546423309
233,212,1.4488451508914146,0,0,-0.11500440050584204,-0.11500440050584204
235,212,0.9355427756583466,0,0,-0.008280362199240276,-0.008280362199240276
239,212,0.9805783960496685,0,0,-0.09223506509752755,-0.09223506509752755
247,212,1.1145659532102972,0,0,-0.047915750009664804,-0.047915750009664804
255,212,0.8419241327238638,0,0,0.07978321680133801,0.07978321680133801
258,212,1.1765256014385133,0,0,0.11049649763681554,0.11049649763681554
261,212,1.4202006865254484,0,0,0.049900038749045916,0.049900038749045916
268,212,1.008655620066408,0,0,0.08229972011091213,0.08229972011091213
274,212,0.5169100364358508,0,0,-0.05286241824502158,-0.05286241824502158
281,212,0.991522608861561,0,0,-0.09735724547218721,-0.09735724547218721
282,212,1.5778221071363179,0,0,0.1539736390473599,0.1539736390473599
288,212,0.856946154662562,0,0,0.006976147997251381,0.006976147997251381
306,212,0.30104498725755025,0,0,0.031236651879558264,0.031236651879558264
308,212,0.6500125448518382,0,0,-0.06346755126512849,-0.06346755126512849
313,212,0.9619725438043283,0,0,-0.05284232311696202,-0.05284232311696202
327,212,1.47816756977345,0,0,0.11596486452428934,0.11596486452428934
329,212,1.2176743107000843,0,0,-0.09239302132977983,-0.09239302132977983
340,212,0.6588537141309334,0,0,0.060994042754986544,0.060994042754986544
344,212,0.6988107941913763,0,0,0.02008012468187248,0.02008012468187248
366,212,1.5232429783207448,0,0,-0.10495396724254047,-0.10495396724254047
371,212,0.10693806541375643,0,0,-0.002649126241401678,-0.002649126241401678
376,212,0.23443958829586212,0,0,-0.00208282867759213,-0.00208282867759213
387,212,1.2951002700651433,0,0,0.050638507670264454,0.050638507670264454
392,212,1.0511772104690833,0,0,0.0935471939359403,0.0935471939359403
395,212,1.5892513042220315,0,0,0.09237690360973352,0.09237690360973352
397,212,0.866705426860186,0,0,0.07531612759002862,0.07531612759002862
217,213,0.9860329972721196,0,0,0.05124473342131958,0.05124473342131958
227,213,1.1129283538039028,0,0,0.06749643830381227,0.06749643830381227
242,213,1.3910026748941506,0,0,0.08544345844544221,0.08544345844544221
259,213,0.9430484451396719,0,0,0.0622371169171998,0.0622371169171998
261,213,1.3569315022089212,0,0,0.03446234459797004,0.03446234459797004
280,213,1.2501209011831615,0,0,-0.056547170602801455,-0.056547170602801455
300,213,1.3261373615488026,0,0,-0.10846929151588969,-0.10846929151588969
331,213,0.7379604263972961,0,0,0.054750846947522525,0.054750846947522525
341,213,0.859280115321268,0,0,-0.07935474257820468,-0.07935474257820468
343,213,1.4194857848734446,0,0,0.08198908323203899,0.08198908323203899
351,213,0.6730726920285,0,0,-0.05593162222859094,-0.05593162222859094
356,213,1.2645907590797043,0,0,0.041798598512433116,0.041798598512433116
361,213,0.8713764318235883,0,0,0.011353542098690994,0.011353542098690994
368,213,1.322152066550756,0,0,0.06175378324859204,0.06175378324859204
382,213,0.8982824991882449,0,0,-0.08007527855755064,-0.08007527855755064
395,213,1.5394396797696137,0,0,0.07693920945865765,0.07693920945865765
398,213,0.9134837946109425,0,0,-0.04654629741212013,-0.04654629741212013
221,214,0.589876352597723,0,0,-0.021509358649657917,-0.021509358649657917
224,214,0.9375759210890615,0,0,-0.11418663164477261,-0.11418663164477261
225,214,0.9705491052688235,1,1,0.16104246000184852,-0.8389575399981515
233,214,1.5484882197615928,1,1,0.3299079466377577,-0.6700920533622423
236,214,1.3419708351637485,1,1,0.13177921287148509,-0.8682207871285149
241,214,1.2915844367487224,0,0,-0.031193410719619424,-0.031193410719619424
249,214,0.6597279313763686,0,0,-0.08447913847118466,-0.08447913847118466
253,214,0.8391032589495768,0,0,0.03023850843212192,0.03023850843212192
254,214,0.9537471294846165,0,0,0.05052792039218043,0.05052792039218043
257,214,1.145056871168418,0,0,-0.11946325582836251,-0.11946325582836251
262,214,1.5075432834574716,0,0,0.006932924277553099,0.006932924277553099
266,214,1.5628959724370222,1,1,0.12130026848549402,-0.878699731514506
271,214,1.437265621787048,0,0,-0.03566581203272992,-0.03566581203272992
272,214,0.8350366261961727,0,0,0.054576717597831864,0.054576717597831864
275,214,1.2163875346900013,0,0,-0.21435373379425696,-0.21435373379425696
278,214,0.2157079682975318,0,0,0.021733714787134678,0.021733714787134678
279,214,0.8825654920924693,0,0,-0.045952863448267905,-0.045952863448267905
286,214,1.296358342221416,0,0,-0.22262032370911805,-0.22262032370911805
305,214,0.919099651196151,0,0,-0.15672850157837304,-0.15672850157837304
317,214,1.3179100346028942,0,0,-0.0026185876757566506,-0.0026185876757566506
318,214,1.2501463426531625,0,0,-0.03861754855850405,-0.03861754855850405
321,214,1.1513627192406226,0,0,-0.1349310917604541,-0.1349310917604541
324,214,0.6275307314762872,1,1,0.09414309550271638,-0.9058569044972836
325,214,0.8087195167380354,1,1,0.09943704298460987,-0.9005629570153901
328,214,1.5060444082044198,0,0,-0.1347766064307298,-0.1347766064307298
334,214,1.4498048929689824,0,0,-0.22896181211057584,-0.22896181211057584
335,214,1.523346388059225,0,0,-0.2557180318437958,-0.2557180318437958
338,214,1.137898371881386,0,0,0.031436121070147954,0.031436121070147954
354,214,0.904217363361074,0,0,-0.1411573365568054,-0.1411573365568054
359,214,0.7188612936433757,0,0,-0.10013781027948906,-0.10013781027948906
363,214,1.4916960789737639,1,1,0.07801860222017709,-0.9219813977798229
369,214,0.7566048176368744,0,0,0.0345828338413848,0.0345828338413848
372,214,0.6675514968574134,0,0,-0.028886404268283483,-0.028886404268283483
373,214,1.090876656524707,0,0,-0.1282385797687241,-0.1282385797687241
379,214,1.3791184497979625,0,0,-0.035968068554725924,-0.035968068554725924
380,214,1.4535709432468849,0,0,-0.05839459199362021,-0.05839459199362021
381,214,1.5457275760411637,1,1,0.17761148747793787,-0.8223885125220621
384,214,1.3790593367448685,0,0,-0.23263767291930224,-0.23263767291930224
386,214,0.7444494950392648,0,0,-0.06324627246624517,-0.06324627246624517
389,214,0.9273630845551476,0,0,-0.016942954094486457,-0.016942954094486457
393,214,1.314388111851131,0,0,0.006736617258550931,0.006736617258550931
224,215,1.3540700193892254,0,0,0.11416432723255614,0.11416432723255614
238,215,1.398842720186219,0,0,-0.07777373082404192,-0.07777373082404192
240,215,1.5391538626749666,0,0,-0.1024647478338627,-0.1024647478338627
243,215,0.7425080805637458,0,0,-0.04480588533854868,-0.04480588533854868
252,215,0.6305871824748741,0,0,-0.025593850725170737,-0.025593850725170737
257,215,1.217993452390887,0,0,0.10888770304896624,0.10888770304896624
270,215,0.7459188790094974,0,0,-0.038445902988519146,-0.038445902988519146
275,215,1.3333460861650166,0,0,0.013997225083071788,0.013997225083071788
286,215,1.4842487690193042,0,0,0.005730635168210688,0.005730635168210688
289,215,1.351790174653718,0,0,-0.02997496199763973,-0.02997496199763973
291,215,1.4883297559610102,0,0,0.009827573890738385,0.009827573890738385
297,215,0.5903361067063623,0,0,-0.02618551984789177,-0.02618551984789177
302,215,1.4303465964298665,0,0,-0.033148491985517364,-0.033148491985517364
303,215,0.9266926793194795,0,0,-0.06025360922739877,-0.06025360922739877
305,215,1.457925428845876,0,0,0.07162245729895572,0.07162245729895572
320,215,1.287787698953401,0,0,0.0013604226136490292,0.0013604226136490292
321,215,1.162292139427746,0,0,0.09341986711687465,0.09341986711687465
322,215,0.6479304617283821,0,0,-0.03834960312143983,-0.03834960312143983
328,215,1.1024909573230741,0,0,0.09357435244659894,0.09357435244659894
333,215,1.2039222405286645,0,0,-0.03406434745263034,-0.03406434745263034
334,215,0.8872628543906953,0,0,-0.0006108532332470941,-0.0006108532332470941
335,215,1.3565094762034724,0,0,-0.02736707296646706,-0.02736707296646706
346,215,0.8639586117420787,0,0,0.03306421298555373,0.03306421298555373
350,215,0.6735493678359366,0,0,0.0010563818320747593,0.0010563818320747593
354,215,1.2837932684655775,0,0,0.08719362232052336,0.08719362232052336
359,215,1.4895986292083605,0,0,0.12821314859783967,0.12821314859783967
364,215,0.38169609807110244,0,0,0.004073595285322916,0.004073595285322916
370,215,0.8852912335858305,0,0,-0.062044089634171753,-0.062044089634171753
373,215,1.2208920614544114,0,0,0.10011237910860463,0.10011237910860463
374,215,1.291735590031943,0,0,-0.08934506507253707,-0.08934506507253707
375,215,0.7506886033578691,0,0,-0.02967260392863717,-0.02967260392863717
384,215,1.0335240413102527,0,0,-0.004286714041973502,-0.004286714041973502
385,215,1.1630716556139753,0,0,-0.05442197775823177,-0.05442197775823177
390,215,0.6315670931607433,0,0,-0.0191899114731899,-0.0191899114731899
399,215,0.22191549959068446,0,0,-0.009651267634573158,-0.009651267634573158
291,216,0.8029595301062369,0,0,-0.039106754712511536,-0.039106754712511536
301,216,0.8802459807076762,0,0,-0.04842053870284662,-0.04842053870284662
310,216,1.333890380398775,0,0,-0.0541372497539797,-0.0541372497539797
314,216,1.3672613049561824,0,0,0.00208327325915076,0.00208327325915076
320,216,1.3573464126306596,0,0,-0.047573905989600894,-0.047573905989600894
337,216,0.7308207026278221,0,0,-0.015815338074757303,-0.015815338074757303
346,216,1.3711254166931899,0,0,-0.01587011561769619,-0.01587011561769619
349,216,1.0655565935981928,0,0,-0.04805334866349355,-0.04805334866349355
350,216,1.513486579823523,0,0,-0.04787794677117516,-0.04787794677117516
365,216,0.7415908642009041,0,0,0.030839904677507773,0.030839904677507773
367,216,1.46603966422452,0,0,0.0916616478020308,0.0916616478020308
380,216,1.5666624830970768,0,0,0.12102203828045861,0.12102203828045861
391,216,1.3696076187705573,0,0,0.1128725892171379,0.1128725892171379
400,216,0.794749873608389,0,0,-0.04131466158404431,-0.04131466158404431
219,217,1.437707713040491,0,0,0.11165541526472833,0.11165541526472833
227,217,1.0992808923539343,0,0,0.016251704882492696,0.016251704882492696
229,217,1.1807239085432117,0,0,0.09602316612293638,0.09602316612293638
235,217,1.518091569734199,0,0,-0.07496278977163573,-0.07496278977163573
242,217,0.6905226049038498,0,0,0.034198725024122634,0.034198725024122634
246,217,1.1078349918455466,0,0,0.08812022515232981,0.08812022515232981
247,217,1.5196416301908566,0,0,-0.11459817758206026,-0.11459817758206026
259,217,0.9997763051494822,0,0,0.01099238349588022,0.01099238349588022
261,217,0.7302656030665384,0,0,-0.016782388823349537,-0.016782388823349537
268,217,1.5319095708361792,0,0,0.01561729253851668,0.01561729253851668
273,217,0.8884564791980666,0,0,0.048644308967524086,0.048644308967524086
282,217,1.558251206290307,0,0,0.08729121147496444,0.08729121147496444
288,217,1.414147363980633,0,0,-0.05970627957514407,-0.05970627957514407
298,217,1.5975749833240278,0,0,0.11556216239445954,0.11556216239445954
309,217,1.1277296431236308,0,0,0.0647237591600888,0.0647237591600888
331,217,0.541824598698101,0,0,0.0035061135262029475,0.0035061135262029475
340,217,1.5375830444486855,0,0,-0.005688384817408909,-0.005688384817408909
341,217,1.378933704929241,0,0,-0.13059947599952426,-0.13059947599952426
343,217,0.7645515064427728,0,0,0.030744349810719412,0.030744349810719412
344,217,1.5450646030859156,0,0,-0.04660230289052297,-0.04660230289052297
351,217,1.2454716878818692,0,0,-0.10717635564991052,-0.10717635564991052
378,217,1.5254203106566124,0,0,0.030359085270854125,0.030359085270854125
382,217,1.5824833069630153,0,0,-0.13132001197887022,-0.13132001197887022
387,217,1.065875283978103,0,0,-0.016043919902131,-0.016043919902131
388,217,1.519911832043016,0,0,0.1048277970435299,0.1048277970435299
395,217,0.7422115582263689,0,0,0.02569447603733807,0.02569447603733807
220,218,1.341281285114331,0,0,0.061226585723228005,0.061226585723228005
234,218,1.1456452612720587,0,0,0.07007871139884533,0.07007871139884533
237,218,1.0134656323991587,0,0,-0.041153099997064846,-0.041153099997064846
251,218,1.0172555875158507,0,0,-0.03576268996362014,-0.03576268996362014
260,218,0.4141904310564887,0,0,0.018959823340264997,0.018959823340264997
262,218,1.2894375421437136,0,0,0.027788166732469588,0.027788166732469588
263,218,0.587456661697485,0,0,0.021483698588339428,0.021483698588339428
271,218,1.5971696269807703,0,0,-0.014810569577813432,-0.014810569577813432
293,218,1.5507638782708828,1,1,0.061996302141435033,-0.938003697858565
307,218,1.3679745999914574,0,0,-0.025648503965500447,-0.025648503965500447
311,218,1.3015526585555672,0,0,0.08667365879575992,0.08667365879575992
330,218,0.240694503389997,0,0,0.011495523663284185,0.011495523663284185
339,218,1.4539331305623318,0,0,-0.07727984008168648,-0.07727984008168648
347,218,0.67541150344165,0,0,-0.015980163421847465,-0.015980163421847465
367,218,1.442704353368234,0,0,-0.06689974001713153,-0.06689974001713153
383,218,1.097267220673207,0,0,0.006161656676026972,0.006161656676026972
393,218,1.5891275982195927,0,0,0.02759185971346742,0.02759185971346742
229,219,0.5012264233450464,0,0,-0.015632249141791954,-0.015632249141791954
232,219,1.3023132455235573,0,0,-0.0645426573728907,-0.0645426573728907
235,219,1.4593850614941384,0,0,-0.18661820503636406,-0.18661820503636406
238,219,0.9082645960121208,0,0,0.07062512031790585,0.07062512031790585
240,219,0.9135265134117238,0,0,0.045934103308085075,0.045934103308085075
242,219,1.385642616243931,0,0,-0.0774566902406057,-0.0774566902406057
243,219,1.5968965625593372,0,0,0.10359296580339909,0.10359296580339909
246,219,0.6552210856638592,0,0,-0.02353519011239852,-0.02353519011239852
252,219,1.2788554608603142,0,0,0.12280500041677703,0.12280500041677703
255,219,1.4457832328222693,0,0,-0.09855462603578577,-0.09855462603578577
261,219,1.1230212299621727,0,0,-0.12843780408807787,-0.12843780408807787
268,219,1.010604229272426,0,0,-0.09603812272621165,-0.09603812272621165
273,219,1.2436499310316862,0,0,-0.06301110629720424,-0.06301110629720424
277,219,1.2014555661369748,0,0,-0.0033344987508996393,-0.0033344987508996393
282,219,0.4979180519185671,0,0,-0.024364203789763894,-0.024364203789763894
287,219,1.473507731722444,0,0,-0.005268653242536808,-0.005268653242536808
288,219,1.464929794672543,0,0,-0.1713616948398724,-0.1713616948398724
298,219,0.2686973510927981,0,0,0.003906747129731214,0.003906747129731214
302,219,1.5862360584620414,0,0,0.11525035915643041,0.11525035915643041
303,219,1.3719853471505743,0,0,0.088145241914549,0.088145241914549
309,219,1.0102742478333626,0,0,-0.046931656104639535,-0.046931656104639535
322,219,1.208714657408823,0,0,0.11004924802050794,0.11004924802050794
326,219,1.1738472659035493,0,0,0.029898898625902712,0.029898898625902712
332,219,1.5272889857597702,0,0,0.005395240185640471,0.005395240185640471
334,219,1.504499115648841,0,0,0.14778799790870067,0.14778799790870067
335,219,1.5043853467988342,0,0,0.12103177817548072,0.12103177817548072
340,219,1.3391978264637328,0,0,-0.11734380008213724,-0.11734380008213724
343,219,1.4305283981379842,0,0,-0.08091106545400892,-0.08091106545400892
344,219,1.4331169922860656,0,0,-0.1582577181552513,-0.1582577181552513
353,219,0.24436439602548982,0,0,0.016012011099952816,0.016012011099952816
358,219,0.6966518577944472,0,0,0.024548330822265443,0.024548330822265443
370,219,0.9874582956708146,0,0,0.08635476150777602,0.08635476150777602
374,219,0.817882502197877,0,0,0.059053786069410696,0.059053786069410696
384,219,1.440754086370964,0,0,0.14411213709997428,0.14411213709997428
385,219,1.0689985710674788,0,0,0.09397687338371599,0.09397687338371599
387,219,1.0073787169957171,0,0,-0.12769933516685933,-0.12769933516685933
388,219,0.2708880718750829,0,0,-0.006827618221198428,-0.006827618221198428
390,219,1.3560809774237257,0,0,0.12920893966875788,0.12920893966875788
392,219,1.0112965034516568,0,0,-0.08479064890118349,-0.08479064890118349
395,219,0.8057507245974708,0,0,-0.08596093922739026,-0.08596093922739026
397,219,1.193824424613952,0,0,-0.10302171524709516,-0.10302171524709516
228,220,0.7862439569038329,0,0,0.05601485091880032,0.05601485091880032
234,220,0.5634981584503231,0,0,0.008852125675617328,0.008852125675617328
253,220,1.4953580319012871,0,0,-0.010132834836189597,-0.010132834836189597
254,220,1.553068571398464,0,0,0.010156577123868915,0.010156577123868915
260,220,0.9294209287580938,0,0,-0.04226676238296301,-0.04226676238296301
262,220,1.1112683487656978,0,0,-0.03343841899075842,-0.03343841899075842
263,220,1.0810855808366067,0,0,-0.03974288713488858,-0.03974288713488858
311,220,1.02381320971608,0,0,0.02544707307253191,0.02544707307253191
317,220,1.5510062188854898,0,0,-0.042989930944068167,-0.042989930944068167
330,220,1.1713987977531,0,0,-0.04973106205994382,-0.04973106205994382
338,220,1.3117832516957382,0,0,-0.008935222198163562,-0.008935222198163562
363,220,1.298510442075159,1,1,0.0376472589518656,-0.9623527410481344
383,220,1.4404357661708391,0,0,-0.05506492904720103,-0.05506492904720103
393,220,1.31981427162816,0,0,-0.033634726009760585,-0.033634726009760585
224,221,1.2327491707530063,0,0,-0.09267727299511469,-0.09267727299511469
225,221,1.5106254733645375,1,1,0.1825518186515065,-0.8174481813484935
241,221,0.7263632924249174,0,0,-0.009684052069961507,-0.009684052069961507
249,221,0.6088406103125358,0,0,-0.06296977982152674,-0.06296977982152674
253,221,0.6314679754466522,0,0,0.051747867081779836,0.051747867081779836
254,221,0.7969868093215137,0,0,0.07203727904183835,0.07203727904183835
257,221,1.4376978901180337,0,0,-0.09795389717870459,-0.09795389717870459
262,221,1.0779983266344086,0,0,0.028442282927211016,0.028442282927211016
271,221,0.9056530239163719,0,0,-0.014156453383072004,-0.014156453383072004
272,221,0.7534490487317842,0,0,0.07608607624748978,0.07608607624748978
275,221,1.4314874396820503,0,0,-0.19284437514459904,-0.19284437514459904
278,221,0.5219289992153432,0,0,0.043243073436792595,0.043243073436792595
279,221,0.39441526143753125,0,0,-0.02444350479860999,-0.02444350479860999
286,221,1.4660734564272724,0,0,-0.20111096505946013,-0.20111096505946013
305,221,1.0837032372847588,0,0,-0.13521914292871512,-0.13521914292871512
307,221,1.4050798003223888,0,0,-0.02499438777075902,-0.02499438777075902
317,221,0.7800854021863376,0,0,0.018890770973901266,0.018890770973901266
318,221,0.7161535507260115,0,0,-0.017108189908846133,-0.017108189908846133
321,221,1.4488230401987807,0,0,-0.11342173311079617,-0.11342173311079617
324,221,1.123190919655181,1,1,0.11565245415237435,-0.8843475458476256
325,221,1.3097224488164672,1,1,0.12094640163426784,-0.8790535983657322
338,221,0.8193365245168835,0,0,0.05294547971980587,0.05294547971980587
354,221,1.221125226510375,0,0,-0.11964797790714747,-0.11964797790714747
359,221,0.9983096505739651,0,0,-0.07862845162983115,-0.07862845162983115
363,221,1.352276088249104,1,1,0.09952796086983506,-0.9004720391301649
369,221,0.6556590193555698,0,0,0.05609219249104272,0.05609219249104272
372,221,0.20809670007753436,0,0,-0.007377045618625566,-0.007377045618625566
373,221,1.4507983757913103,0,0,-0.1067292211190662,-0.1067292211190662
379,221,0.8512345590336772,0,0,-0.014458709905068007,-0.014458709905068007
380,221,0.9719988019113485,0,0,-0.03688523334396229,-0.03688523334396229
383,221,1.1637857186010778,0,0,0.0068157728707683995,0.0068157728707683995
386,221,0.44365354499146387,0,0,-0.04173691381658726,-0.04173691381658726
389,221,0.3461291534394001,0,0,0.0045664045551714605,0.0045664045551714605
393,221,0.8594902811998364,0,0,0.028245975908208848,0.028245975908208848
230,222,1.416952608162783,0,0,-0.06020585517449917,-0.06020585517449917
235,222,1.3036257200378323,0,0,0.04264211531066925,0.04264211531066925
239,222,1.120222972659232,0,0,-0.04131258758761802,-0.04131258758761802
247,222,1.3847516872945127,0,0,0.0030067275002447214,0.0030067275002447214
255,222,1.400460063800838,0,0,0.13070569431124754,0.13070569431124754
268,222,1.5653789271858858,0,0,0.13322219762082166,0.13322219762082166
269,222,1.5044683855729097,0,0,-0.07666908414109008,-0.07666908414109008
274,222,0.11290862752743223,0,0,-0.0019399407351120557,-0.0019399407351120557
280,222,1.3411916290622596,0,0,0.009813001058183946,0.009813001058183946
281,222,0.7127491652459906,0,0,-0.04643476796227769,-0.04643476796227769
283,222,1.434994407167762,0,0,-0.06020585517449922,-0.06020585517449922
288,222,1.2236230762664662,0,0,0.057898625507160906,0.057898625507160906
306,222,0.8287303176941144,0,0,0.08215912938946779,0.08215912938946779
308,222,0.2657092671083073,0,0,-0.01254507375521896,-0.01254507375521896
313,222,1.2161813123011036,0,0,-0.001919845607052495,-0.001919845607052495
315,222,1.5242055294838648,0,0,-0.1223673726631005,-0.1223673726631005
329,222,0.6861330824377567,0,0,-0.04147054381987031,-0.04147054381987031
340,222,1.2120467855797747,0,0,0.11191652026489607,0.11191652026489607
344,222,1.157814068457523,0,0,0.071002602191782,0.071002602191782
366,222,1.0391411508991293,0,0,-0.054031489732630944,-0.054031489732630944
371,222,0.6223083843104138,0,0,0.04827335126850785,0.04827335126850785
376,222,0.41949591950985543,0,0,0.048839648832317395,0.048839648832317395
397,222,1.4292910348669903,0,0,0.12623860509993814,0.12623860509993814
398,222,1.585082377834572,0,0,0.01981387424886527,0.01981387424886527
225,223,1.1354386341558151,0,0,-0.001276089651263912,-0.001276089651263912
226,223,1.4616933770728278,0,0,0.09839632486699768,0.09839632486699768
228,223,1.4662452763599685,46,-1,-0.06593235546600063,0.9340676445339994
233,223,1.4742704843185415,0,0,0.1675893969846452,0.1675893969846452
236,223,0.5568041461853609,0,0,-0.030539336781627346,-0.030539336781627346
245,223,0.6794230052436677,0,0,0.026826997908275918,0.026826997908275918
250,223,0.9864599558873828,0,0,0.09462350058259517,0.09462350058259517
264,223,0.4542413944426214,0,0,0.03958852638227839,0.03958852638227839
266,223,0.3188352095604849,0,0,-0.04101828116761841,-0.04101828116761841
293,223,0.9664327497732299,0,0,-0.12117748996659394,-0.12117748996659394
294,223,0.5537548165547986,0,0,0.008487609081294534,0.008487609081294534
295,223,1.339673585306695,0,0,0.11865137931159203,0.11865137931159203
299,223,0.44166070266017654,0,0,0.023624127210138957,0.023624127210138957
311,223,1.308977597767148,46,-1,-0.09650013331226903,0.903499866687731
323,223,0.49819834966680643,0,0,0.061526721205829804,0.061526721205829804
324,223,1.1975687166952858,0,0,-0.06817545415039605,-0.06817545415039605
325,223,1.0377602287883918,0,0,-0.06288150666850256,-0.06288150666850256
342,223,0.13664958037052885,0,0,0.026496582108819,0.026496582108819
352,223,1.060224694136016,0,0,0.11493711349353619,0.11493711349353619
225,224,1.3736322968093937,1,1,0.2752290916466211,-0.7247709083533789
236,224,1.3966883113250819,1,1,0.2459658445162577,-0.7540341554837423
238,224,1.5354566384755393,0,0,-0.19193805805659805,-0.19193805805659805
249,224,0.9164092314831718,0,0,0.02970749317358795,0.02970749317358795
252,224,1.157984943507228,0,0,-0.13975817795772688,-0.13975817795772688
257,224,0.21576708094022803,0,0,-0.005276624183589901,-0.005276624183589901
266,224,1.5772122737927747,1,1,0.23548690013026663,-0.7645130998697334
275,224,0.9885238699285841,0,0,-0.10016710214948435,-0.10016710214948435
278,224,1.1309264523489888,0,0,0.13592034643190729,0.13592034643190729
279,224,1.347260741633225,0,0,0.0682337681965047,0.0682337681965047
286,224,1.1786028224664542,0,0,-0.10843369206434544,-0.10843369206434544
293,224,1.338811952052563,1,1,0.1553276913312911,-0.8446723086687089
302,224,1.43600215085022,0,0,-0.1473128192180735,-0.1473128192180735
305,224,0.7305255337992881,0,0,-0.042541869933600415,-0.042541869933600415
318,224,1.5406288641193704,0,0,0.07556908308626856,0.07556908308626856
321,224,0.2217569839435844,0,0,-0.020744460115681485,-0.020744460115681485
322,224,1.4443866870449087,0,0,-0.15251393035399596,-0.15251393035399596
324,224,1.0204496454187288,1,1,0.20832972714748899,-0.791670272852511
325,224,1.0771410014470213,1,1,0.21362367462938248,-0.7863763253706175
328,224,0.5851615505975799,0,0,-0.0205899747859572,-0.0205899747859572
334,224,0.8972537785056997,0,0,-0.11477518046580323,-0.11477518046580323
335,224,1.3081889481467406,0,0,-0.1415314001990232,-0.1415314001990232
339,224,1.3347805620499944,0,0,0.016051549108169638,0.016051549108169638
346,224,1.5005256619801965,0,0,-0.0811001142470024,-0.0811001142470024
354,224,0.3479364831496405,0,0,-0.02697070491203278,-0.02697070491203278
359,224,0.32090671228401313,0,0,0.014048821365283543,0.014048821365283543
364,224,1.513715026629122,0,0,-0.11009073194723322,-0.11009073194723322
372,224,1.2593851140141554,0,0,0.08530022737648912,0.08530022737648912
373,224,0.2456167944040659,0,0,-0.01405194812395151,-0.01405194812395151
380,224,1.5930381692832416,0,0,0.0557920396511524,0.0557920396511524
384,224,0.9308350991109994,0,0,-0.11845104127452964,-0.11845104127452964
385,224,1.3124251762225174,0,0,-0.16858630499078792,-0.16858630499078792
386,224,1.1059260065423882,0,0,0.05094035917852743,0.05094035917852743
389,224,1.4508215570380616,0,0,0.09724367755028615,0.09724367755028615
390,224,1.0948527823122844,0,0,-0.13335423870574603,-0.13335423870574603
399,224,1.575085082490929,0,0,-0.1238155948671293,-0.1238155948671293
233,225,0.7045162801221762,0,0,0.1688654866359091,0.1688654866359091
235,225,1.1985630350287022,0,0,0.2755895249425109,0.2755895249425109
236,225,0.663880518134036,0,0,-0.029263247130363435,-0.029263247130363435
239,225,1.0339487734643291,0,0,0.1916348220442236,0.1916348220442236
247,225,1.0590255762144867,0,0,0.23595413713208635,0.23595413713208635
249,225,1.5824423051714371,46,-1,-0.24552159847303323,0.7544784015269668
250,225,1.3644463137869005,0,0,0.09589959023385908,0.09589959023385908
253,225,1.4083420436086986,46,-1,-0.13080395156972657,0.8691960484302734
254,225,1.426943492088909,46,-1,-0.11051453960966806,0.8894854603903319
257,225,1.488566349729456,46,-1,-0.2805057158302111,0.7194942841697889
264,225,0.8520704434719488,0,0,0.0408646160335423,0.0408646160335423
266,225,1.0179174252749887,0,0,-0.0397421915163545,-0.0397421915163545
272,225,1.3139900344271147,46,-1,-0.10646574240401674,0.8935342575959833
278,225,1.00065898877725,46,-1,-0.13930874521471392,0.8606912547852861
288,225,1.3404034373347136,0,0,0.29084603513900253,0.29084603513900253
293,225,1.469356103313475,0,0,-0.11990140031533003,-0.11990140031533003
294,225,1.5647870829045618,0,0,0.009763698732558446,0.009763698732558446
299,225,1.4327865583279777,0,0,0.02490021686140287,0.02490021686140287
313,225,1.0982205932959301,0,0,0.23102756402478913,0.23102756402478913
315,225,1.1842791330374942,0,0,0.11058003696874114,0.11058003696874114
321,225,1.5060654278305718,46,-1,-0.29597355176230267,0.7040264482376973
323,225,1.0492451698332728,0,0,0.06280281085709372,0.06280281085709372
324,225,0.48711132141562286,0,0,-0.06689936449913214,-0.06689936449913214
325,225,0.4092754389795156,0,0,-0.06160541701723865,-0.06160541701723865
336,225,1.3901528709147744,0,0,0.037128534401141944,0.037128534401141944
342,225,1.1834587858025152,0,0,0.027772671760082912,0.027772671760082912
344,225,1.4533984909677384,0,0,0.30395001182362363,0.30395001182362363
352,225,1.0732255174572318,0,0,0.1162132031448001,0.1162132031448001
354,225,1.4095522925440729,46,-1,-0.3021997965586539,0.6978002034413461
359,225,1.3378366485673747,46,-1,-0.2611802702813376,0.7388197297186624
369,225,1.2952264028469522,46,-1,-0.1264596261604638,0.8735403738395362
373,225,1.3669523794182814,46,-1,-0.2892810397705726,0.7107189602294274
381,225,1.3192232406249476,0,0,0.01656902747608935,0.01656902747608935
387,225,1.4998595615484225,0,0,0.3345083948120156,0.3345083948120156
245,226,1.188966272792373,0,0,-0.07156932695872176,-0.07156932695872176
250,226,0.862523637348694,0,0,-0.0037728242844025095,-0.0037728242844025095
264,226,1.3910109844722667,0,0,-0.05880779848471929,-0.05880779848471929
269,226,1.5941566939580236,0,0,0.05660591097248996,0.05660591097248996
284,226,1.053240009324873,0,0,0.04522764713474381,0.04522764713474381
285,226,0.9246990557456515,0,0,0.04803118203442336,0.04803118203442336
294,226,1.3242288324326006,0,0,-0.08990871578570314,-0.08990871578570314
295,226,0.7986475862332398,0,0,0.020255054444594356,0.020255054444594356
299,226,1.1426718014782358,0,0,-0.07477219765685872,-0.07477219765685872
319,226,0.9325517270887607,0,0,0.05155325404344918,0.05155325404344918
323,226,1.114348824139142,0,0,-0.03686960366116787,-0.03686960366116787
342,226,1.3332093387142272,0,0,-0.07189974275817868,-0.07189974275817868
352,226,1.1904594448331067,0,0,0.016540788626538516,0.016540788626538516
362,226,1.2376309856771912,0,0,0.04819884315692552,0.04819884315692552
394,226,1.1173885989402281,0,0,0.015837692125998892,0.015837692125998892
231,227,1.2780047043866913,0,0,-0.010036981763320102,-0.010036981763320102
242,227,0.8218542607124444,0,0,0.017947020141629938,0.017947020141629938
259,227,0.2031732560992053,0,0,-0.0052593213866124755,-0.0052593213866124755
261,227,1.579347744896353,0,0,-0.03303409370584223,-0.03303409370584223
265,227,1.2430681663892467,0,0,0.02772605994079383,0.02772605994079383
267,227,1.4991022070302786,0,0,0.05885057059876786,0.05885057059876786
273,227,0.962671850838206,0,0,0.03239260408503139,0.03239260408503139
296,227,1.398410849892979,0,0,0.03940931700068351,0.03940931700068351
309,227,1.3681373690325802,0,0,0.0484720542775961,0.0484720542775961
316,227,1.2715220514595924,0,0,0.019848094057006826,0.019848094057006826
331,227,0.6647605793655519,0,0,-0.012745591356289748,-0.012745591356289748
343,227,0.779706727645595,0,0,0.014492644928226717,0.014492644928226717
356,227,0.8903077529983059,0,0,-0.025697839791379157,-0.025697839791379157
360,227,1.096926188163782,0,0,0.028394687872420166,0.028394687872420166
361,227,1.0652171360991796,0,0,-0.05614289620512128,-0.05614289620512128
368,227,0.7078724730682469,0,0,-0.0057426550552202305,-0.0057426550552202305
378,227,0.5737144798945001,0,0,0.014107380388361429,0.014107380388361429
395,227,1.5141351767384748,0,0,0.009442771154845375,0.009442771154845375
234,228,0.5222340114180138,0,0,-0.04716272524318299,-0.04716272524318299
245,228,1.2550460915057848,1,1,0.09275935337427654,-0.9072406466257235
260,228,1.3002259892104933,0,0,-0.09828161330176333,-0.09828161330176333
263,228,1.1529941198080706,0,0,-0.0957577380536889,-0.0957577380536889
266,228,1.4182729579977404,1,1,0.024914074298382216,-0.9750859257016178
293,228,1.4515391742285444,1,1,-0.05524513450059332,-1.0552451345005933
294,228,1.1774847499725885,1,1,0.07441996454729516,-0.9255800354527048
299,228,1.4260082625931412,1,1,0.08955648267613958,-0.9104435173238604
311,228,0.5927012596768976,0,0,-0.030567777846268407,-0.030567777846268407
330,228,1.5900152897179292,0,0,-0.10574591297874414,-0.10574591297874414
342,228,1.4705047222671588,1,1,0.09242893757481963,-0.9075710624251804
238,229,1.3800081280960526,0,0,0.08625736945969781,0.08625736945969781
240,229,0.8443121687079103,0,0,0.06156635244987703,0.06156635244987703
242,229,1.0055735147831852,0,0,-0.06182444109881374,-0.06182444109881374
246,229,0.15789784927557116,0,0,-0.007902940970606565,-0.007902940970606565
252,229,1.5850080160293776,0,0,0.13843724955856898,0.13843724955856898
261,229,1.138953639972745,0,0,-0.11280555494628591,-0.11280555494628591
267,229,1.4312553925344031,0,0,-0.02092089064167582,-0.02092089064167582
268,229,1.347829294669495,0,0,-0.0804058735844197,-0.0804058735844197
273,229,0.8495000960439185,0,0,-0.04737885715541229,-0.04737885715541229
282,229,0.9478816351258582,0,0,-0.00873195464797194,-0.00873195464797194
298,229,0.7682981884593703,0,0,0.019538996271523168,0.019538996271523168
303,229,1.4762610397630012,0,0,0.10377749105634096,0.10377749105634096
309,229,0.5597536537905424,0,0,-0.03129940696284758,-0.03129940696284758
312,229,1.5567378140068884,0,0,0.07372757705261093,0.07372757705261093
322,229,1.475390542138514,0,0,0.1256814971622999,0.1256814971622999
326,229,1.0204792087400194,0,0,0.045531147767694666,0.045531147767694666
331,229,1.5313063062460606,0,0,-0.09251705259673343,-0.09251705259673343
343,229,1.050477174163241,0,0,-0.06527881631221696,-0.06527881631221696
353,229,0.6766283371641612,0,0,0.03164426024174477,0.03164426024174477
358,229,1.194355940230289,0,0,0.0401805799640574,0.0401805799640574
370,229,1.2501037928946144,0,0,0.10198701064956797,0.10198701064956797
374,229,0.9154351894894631,0,0,0.07468603521120265,0.07468603521120265
385,229,1.5091930110417202,0,0,0.10960912252550795,0.10960912252550795
387,229,1.174493584807945,0,0,-0.11206708602506738,-0.11206708602506738
388,229,0.749864182231381,0,0,0.008804630920593526,0.008804630920593526
392,229,1.3810535956795986,0,0,-0.06915839975939153,-0.06915839975939153
395,229,0.7929064551189594,0,0,-0.0703286900855983,-0.0703286900855983
397,229,1.5428887607564878,0,0,-0.08738946610530321,-0.08738946610530321
269,230,0.27475394080117543,0,0,-0.016463228966590915,-0.016463228966590915
274,230,1.4429148250811965,0,0,0.05826591443938711,0.05826591443938711
280,230,1.5005700885709743,0,0,0.07001885623268311,0.07001885623268311
281,230,1.1472842072166138,0,0,0.013771087212221478,0.013771087212221478
283,230,0.03015040751601354,0,0,-5.551115123125783e-17,-5.551115123125783e-17
284,230,0.858922885471029,0,0,-0.027841492804337065,-0.027841492804337065
285,230,0.9347732182870593,0,0,-0.025037957904657515,-0.025037957904657515
300,230,1.207341406257959,0,0,0.01809673531959488,0.01809673531959488
308,230,1.3023908233950054,0,0,0.04766078141928021,0.04766078141928021
329,230,0.844488226534273,0,0,0.01873531135462886,0.01873531135462886
362,230,0.6722527990684404,0,0,-0.024870296782155354,-0.024870296782155354
366,230,0.5182515405898335,0,0,0.006174365441868224,0.006174365441868224
382,230,1.5713113235171356,0,0,0.046490748277933924,0.046490748277933924
394,230,1.1698515031576042,0,0,-0.05723144781308198,-0.05723144781308198
232,231,1.5252900988512,0,0,0.04089803477266504,0.04089803477266504
255,231,1.4336674887546015,0,0,0.006886066109769967,0.006886066109769967
258,231,1.1580501977500983,0,0,0.0375993469452475,0.0375993469452475
259,231,1.3986382988196102,0,0,0.0047776603767076264,0.0047776603767076264
265,231,0.829321962078637,0,0,0.03776304170411393,0.03776304170411393
296,231,1.316153834274704,0,0,0.04944629876400361,0.04944629876400361
306,231,1.3659414465837703,0,0,-0.04166049881200978,-0.04166049881200978
316,231,0.583782495029875,0,0,0.02988507582032693,0.02988507582032693
327,231,1.0752696133930566,0,0,0.04306771383272129,0.04306771383272129
340,231,1.5500242097275752,0,0,-0.011903107936581503,-0.011903107936581503
348,231,1.3229490574714229,0,0,0.060762057148531834,0.060762057148531834
356,231,0.782916399263276,0,0,-0.015660858028059055,-0.015660858028059055
360,231,1.0128089429134657,0,0,0.03843166963574027,0.03843166963574027
361,231,1.1562058155231394,0,0,-0.04610591444180118,-0.04610591444180118
368,231,0.6943157615239206,0,0,0.0042943267080998715,0.0042943267080998715
376,231,1.494547693836727,0,0,-0.07497997936916018,-0.07497997936916018
378,231,1.0840187892193194,0,0,0.02414436215168153,0.02414436215168153
235,232,1.2812458376735423,0,0,-0.12207554766347337,-0.12207554766347337
238,232,1.4377438794838762,0,0,0.13516777769079655,0.13516777769079655
247,232,1.5542530851218772,0,0,-0.1617109354738979,-0.1617109354738979
248,232,1.5578111372959407,0,0,0.07280452779765281,0.07280452779765281
255,232,0.2667525459572961,0,0,-0.034011968662895076,-0.034011968662895076
258,232,0.5128580523633377,0,0,-0.0032986878274175457,-0.0032986878274175457
261,232,1.4627957822227686,0,0,-0.06389514671518717,-0.06389514671518717
268,232,0.5758784822880944,0,0,-0.031495465353320956,-0.031495465353320956
277,232,0.6226281849409013,0,0,0.061208158621991055,0.061208158621991055
282,232,0.9048966174460267,0,0,0.0401784535831268,0.0401784535831268
287,232,0.8965543738981557,0,0,0.059274004130353886,0.059274004130353886
288,232,1.247436292482525,0,0,-0.10681903746698171,-0.10681903746698171
298,232,1.1471634353618543,0,0,0.06844940450262191,0.06844940450262191
306,232,0.845164989778859,0,0,-0.08255853358467483,-0.08255853358467483
313,232,1.5046450933503874,0,0,-0.1666375085811951,-0.1666375085811951
316,232,1.519331519500521,0,0,-0.011012958952338114,-0.011012958952338114
327,232,0.7881432236159548,0,0,0.0021696790600562454,0.0021696790600562454
332,232,1.0764606896637894,0,0,0.06993789755853116,0.06993789755853116
340,232,0.6426921846168275,0,0,-0.052801142709246546,-0.052801142709246546
344,232,1.0157675999710132,0,0,-0.09371506078236061,-0.09371506078236061
348,232,1.3759522982195882,0,0,0.01986402237586679,0.01986402237586679
353,232,1.3906030877780735,0,0,0.08055466847284351,0.08055466847284351
358,232,1.050974375223067,0,0,0.08909098819515614,0.08909098819515614
371,232,1.0730101699639605,0,0,-0.11644431170563477,-0.11644431170563477
376,232,1.2586925046173116,0,0,-0.11587801414182522,-0.11587801414182522
387,232,1.276038873745508,0,0,-0.06315667779396864,-0.06315667779396864
388,232,1.1605264687437837,0,0,0.057715039151692266,0.057715039151692266
392,232,0.5683365308525707,0,0,-0.02024799152829279,-0.02024799152829279
395,232,1.368794324398471,0,0,-0.021418281854499566,-0.021418281854499566
397,232,0.5616880699991075,0,0,-0.03847905787420447,-0.03847905787420447
235,233,0.6422522797137388,0,0,0.10672403830660177,0.10672403830660177
236,233,1.0982031381662631,0,0,-0.19812873376627255,-0.19812873376627255
239,233,0.6238900830669858,0,0,0.022769335408314495,0.022769335408314495
247,233,0.4099412427262697,0,0,0.06708865049617724,0.06708865049617724
250,233,1.1764586353390145,0,0,-0.07296589640205003,-0.07296589640205003
261,233,1.1413766038391109,0,0,0.16490443925488796,0.16490443925488796
264,233,1.0453222428494013,0,0,-0.1280008706023668,-0.1280008706023668
266,233,1.4787104562462234,0,0,-0.2086076781522636,-0.2086076781522636
268,233,1.3754123838677363,0,0,0.19730412061675418,0.19730412061675418
274,233,1.5633262309305305,0,0,0.06214198226082046,0.06214198226082046
278,233,1.5990506573529886,46,-1,-0.308174231850623,0.691825768149377
281,233,1.3203742465026893,0,0,0.017647155033654827,0.017647155033654827
282,233,1.5700682744353904,0,0,0.26897803955320193,0.26897803955320193
288,233,0.742226899666673,0,0,0.12198054850309342,0.12198054850309342
295,233,1.2754999887526006,0,0,-0.04893801767305317,-0.04893801767305317
308,233,1.478315161483335,0,0,0.051536849240713556,0.051536849240713556
313,233,0.4936723261095685,0,0,0.06216207738888002,0.06216207738888002
315,233,1.2122340880562532,0,0,-0.05828544966716798,-0.05828544966716798
319,233,1.3631233429649325,0,0,-0.017639818074198343,-0.017639818074198343
323,233,1.1460600729689703,0,0,-0.1060626757788154,-0.1060626757788154
324,233,1.1714814769029482,0,0,-0.23576485113504125,-0.23576485113504125
325,233,1.0759456625680985,0,0,-0.23047090365314776,-0.23047090365314776
340,233,1.3557172505049602,0,0,0.17599844326082859,0.17599844326082859
342,233,1.4839117721822843,0,0,-0.1410928148758262,-0.1410928148758262
344,233,0.935239676763608,0,0,0.13508452518771452,0.13508452518771452
352,233,0.7824280125749348,0,0,-0.05265228349110901,-0.05265228349110901
371,233,1.451615080158378,0,0,0.11235527426444036,0.11235527426444036
387,233,0.9631232460158875,0,0,0.1656429081761065,0.1656429081761065
392,233,1.3836904149322389,0,0,0.20855159444178234,0.20855159444178234
395,233,1.3947275285847511,0,0,0.20738130411557557,0.20738130411557557
397,233,1.3402474057679532,0,0,0.19032052809587066,0.19032052809587066
260,234,0.780670779191306,0,0,-0.051118888058580336,-0.051118888058580336
262,234,1.4172181769883772,0,0,-0.042290544666375746,-0.042290544666375746
263,234,0.6861961842104809,0,0,-0.048595012810505905,-0.048595012810505905
266,234,1.5143800045401914,1,1,0.0720767995415652,-0.9279232004584348
293,234,1.3315715884324129,1,1,-0.008082409257410328,-1.0080824092574103
294,234,1.525052990341423,1,1,0.12158268979047815,-0.8784173102095219
311,234,0.4914437867803217,0,0,0.016594947396914583,0.016594947396914583
330,234,1.0683451366305532,0,0,-0.05858318773556115,-0.05858318773556115
347,234,1.3451402362272662,0,0,-0.0860588748206928,-0.0860588748206928
239,235,0.6125174145893584,0,0,-0.08395470289828727,-0.08395470289828727
247,235,0.2759739540633761,0,0,-0.03963538781042453,-0.03963538781042453
255,235,1.1422419528628471,0,0,0.08806357900057829,0.08806357900057829
261,235,0.814033196265273,0,0,0.05818040094828619,0.05818040094828619
268,235,0.7712815454615244,0,0,0.09058008231015241,0.09058008231015241
274,235,1.2236005780001464,0,0,-0.044582056045781304,-0.044582056045781304
281,235,1.255447438352156,0,0,-0.08907688327294694,-0.08907688327294694
282,235,1.1087639511644056,0,0,0.16225400124660017,0.16225400124660017
288,235,0.15782270802656065,0,0,0.015256510196491657,0.015256510196491657
298,235,1.3468076785969143,0,0,0.19052495216609527,0.19052495216609527
306,235,1.0154764176473008,0,0,0.03951701407879854,0.03951701407879854
308,235,1.216761926882992,0,0,-0.05518718906588821,-0.05518718906588821
313,235,0.2678793114045017,0,0,-0.044561960917721744,-0.044561960917721744
315,235,1.4517938704379005,0,0,-0.16500948797376974,-0.16500948797376974
324,235,1.5910679876833178,0,0,-0.342488889441643,-0.342488889441643
325,235,1.544855869781984,0,0,-0.33719494195974953,-0.33719494195974953
340,235,0.7141113498794099,0,0,0.06927440495422682,0.06927440495422682
344,235,0.30264745198419646,0,0,0.028360486881112756,0.028360486881112756
352,235,1.3374819520725616,0,0,-0.15937632179771077,-0.15937632179771077
353,235,1.5573494158559604,0,0,0.20263021613631688,0.20263021613631688
358,235,1.4301036102713431,0,0,0.2111665358586295,0.2111665358586295
371,235,0.9399787329116308,0,0,0.005631235957838598,0.005631235957838598
376,235,1.1370672828274349,0,0,0.006197533521648146,0.006197533521648146
387,235,0.5693995440529642,0,0,0.05891886986950473,0.05891886986950473
388,235,1.2618104336548097,0,0,0.17979058681516563,0.17979058681516563
392,235,0.7975099452329221,0,0,0.10182755613518057,0.10182755613518057
395,235,1.0220611407858666,0,0,0.1006572658089738,0.1006572658089738
397,235,0.728642973928781,0,0,0.0835964897892689,0.0835964897892689
239,236,1.5964133074462479,0,0,0.22089806917458704,0.22089806917458704
245,236,1.199040264661006,0,0,0.057366334689903264,0.057366334689903264
247,236,1.4844161427114555,0,0,0.2652173842624498,0.2652173842624498
250,236,1.1236926195298345,0,0,0.1251628373642225,0.1251628373642225
257,236,1.433501977176307,46,-1,-0.25124246869984757,0.7487575313001524
264,236,0.4038158694227444,0,0,0.07012786316390573,0.07012786316390573
266,236,0.40914251612890984,0,0,-0.010478944385991062,-0.010478944385991062
278,236,1.3897609415126242,46,-1,-0.11004549808435038,0.8899545019156496
293,236,0.9394759619460179,0,0,-0.0906381531849666,-0.0906381531849666
294,236,1.0803861711018063,0,0,0.03902694586292188,0.03902694586292188
295,236,1.453763120297364,0,0,0.14919071609321938,0.14919071609321938
299,236,0.9586357596786249,0,0,0.0541634639917663,0.0541634639917663
311,236,1.539738097833831,46,-1,-0.06596079653064169,0.9340392034693583
313,236,1.582014785010604,0,0,0.26029081115515257,0.26029081115515257
321,236,1.476270410396907,46,-1,-0.26671030463193923,0.7332896953680608
323,236,0.6717184745790438,0,0,0.09206605798745715,0.09206605798745715
324,236,0.7200616107773622,0,0,-0.03763611736876871,-0.03763611736876871
325,236,0.5369121871770516,0,0,-0.032342169886875216,-0.032342169886875216
342,236,0.6512552455092906,0,0,0.05703591889044635,0.05703591889044635
352,236,0.974684792095891,0,0,0.14547645027516354,0.14547645027516354
354,236,1.5707618028904677,46,-1,-0.2729365494282905,0.7270634505717095
359,236,1.5036150792475258,46,-1,-0.23191702315097418,0.7680829768490258
373,236,1.3558104111677767,46,-1,-0.2600177926402092,0.7399822073597908
251,237,0.3143116080666315,0,0,0.005390410033444704,0.005390410033444704
257,237,1.5905191553040867,0,0,-0.05745491337638117,-0.05745491337638117
260,237,1.3707540084463863,0,0,0.06011292333732984,0.06011292333732984
263,237,1.327804140522487,0,0,0.06263679858540427,0.06263679858540427
307,237,1.3496527164194427,0,0,0.0155045960315644,0.0155045960315644
328,237,1.3984901188100063,0,0,-0.07276826397874847,-0.07276826397874847
330,237,1.2186084569721172,0,0,0.05264862366034903,0.05264862366034903
339,237,0.5486594114564891,0,0,-0.036126740084621634,-0.036126740084621634
347,237,0.7409728954128315,0,0,0.02517293657521738,0.02517293657521738
367,237,0.5104444498185168,0,0,-0.025746640020066686,-0.025746640020066686
391,237,1.4074873681866442,0,0,-0.004535698604959587,-0.004535698604959587
240,238,1.2967134530806517,0,0,-0.02469101700982078,-0.02469101700982078
243,238,1.4261169395580617,0,0,0.03296784548549324,0.03296784548549324
246,238,1.537585717908639,0,0,-0.09416031043030437,-0.09416031043030437
252,238,0.8148402804192107,0,0,0.05217988009887118,0.05217988009887118
256,238,0.9644832867734634,0,0,0.03629501927453029,0.03629501927453029
257,238,1.5744285569213938,0,0,0.18666143387300815,0.18666143387300815
268,238,1.2594697270848203,0,0,-0.1666632430441175,-0.1666632430441175
270,238,1.5779459806439435,0,0,0.03932782783552277,0.03932782783552277
275,238,0.8516509599976534,0,0,0.0917709559071137,0.0917709559071137
277,238,1.0622914969739674,0,0,-0.0739596190688055,-0.0739596190688055
282,238,0.7975737865166723,0,0,-0.09498932410766975,-0.09498932410766975
286,238,0.8756846869005244,0,0,0.08350436599225261,0.08350436599225261
287,238,1.380816835569565,0,0,-0.07589377356044266,-0.07589377356044266
298,238,0.6956206099433175,0,0,-0.06671837318817464,-0.06671837318817464
302,238,0.6782842999047795,0,0,0.04462523883852455,0.04462523883852455
303,238,1.265787240660922,0,0,0.017520121596643144,0.017520121596643144
305,238,1.1985306282672656,0,0,0.14939618812299765,0.14939618812299765
321,238,1.5019305366583848,0,0,0.17119359794091657,0.17119359794091657
322,238,0.8352065445763206,0,0,0.039424127702602084,0.039424127702602084
332,238,1.3600856121334344,0,0,-0.06522988013226538,-0.06522988013226538
334,238,0.7831811639724341,0,0,0.07716287759079482,0.07716287759079482
335,238,0.6013164575205769,0,0,0.05040665785757486,0.05040665785757486
353,238,0.7035604192397273,0,0,-0.05461310921795304,-0.05461310921795304
354,238,1.2261253040730202,0,0,0.1649673531445653,0.1649673531445653
358,238,0.40849803826001535,0,0,-0.04607678949564041,-0.04607678949564041
359,238,1.428933059944947,0,0,0.2059868794218816,0.2059868794218816
370,238,0.7412848667162436,0,0,0.015729641189870164,0.015729641189870164
373,238,1.4329293997547088,0,0,0.17788610993264653,0.17788610993264653
374,238,1.0129908568286734,0,0,-0.011571334248495158,-0.011571334248495158
384,238,0.6813086444033158,0,0,0.07348701678206841,0.07348701678206841
385,238,0.2707058994224015,0,0,0.023351753065810145,0.023351753065810145
387,238,1.4852808793631769,0,0,-0.19832445548476518,-0.19832445548476518
388,238,0.7528178345895736,0,0,-0.07745273853910428,-0.07745273853910428
390,238,0.8071509198991025,0,0,0.058583819350852016,0.058583819350852016
392,238,1.1803784702041802,0,0,-0.15541576921908934,-0.15541576921908934
395,238,1.5444352329379583,0,0,-0.1565860595452961,-0.1565860595452961
397,238,1.3447348351096675,0,0,-0.17364683556500102,-0.17364683556500102
399,238,1.4778127553468707,0,0,0.06812246318946875,0.06812246318946875
247,239,0.5683109007097021,0,0,0.04431931508786274,0.04431931508786274
255,239,1.4887793235200792,0,0,0.17201828189886556,0.17201828189886556
261,239,1.3713195668989926,0,0,0.14213510384657346,0.14213510384657346
264,239,1.5699119406097208,0,0,-0.1507702060106813,-0.1507702060106813
268,239,1.2769125955002931,0,0,0.17453478520843968,0.17453478520843968
274,239,1.0227377308575527,0,0,0.039372646852505966,0.039372646852505966
281,239,0.7635569300921761,0,0,-0.005122180374659668,-0.005122180374659668
288,239,0.6806673733731112,0,0,0.09921121309477893,0.09921121309477893
306,239,1.1993088851637448,0,0,0.12347171697708581,0.12347171697708581
308,239,0.9231096891705768,0,0,0.02876751383239906,0.02876751383239906
313,239,0.40219992610004857,0,0,0.03939274198056553,0.03939274198056553
315,239,0.8514491807285459,0,0,-0.08105478507548247,-0.08105478507548247
324,239,1.460123719739869,0,0,-0.25853418654335575,-0.25853418654335575
325,239,1.434134830239034,0,0,-0.25324023906146226,-0.25324023906146226
329,239,1.311292973981516,0,0,-0.0001579562322522876,-0.0001579562322522876
336,239,1.368474666342727,0,0,-0.15450628764308166,-0.15450628764308166
340,239,1.1321840238133503,0,0,0.1532291078525141,0.1532291078525141
344,239,0.7412581896450893,0,0,0.11231518977940003,0.11231518977940003
352,239,1.297567487164287,0,0,-0.0754216188994235,-0.0754216188994235
366,239,1.3693262977952416,0,0,-0.012718902145012922,-0.012718902145012922
371,239,0.9650706374750194,0,0,0.08958593885612587,0.08958593885612587
376,239,1.1361116145476509,0,0,0.09015223641993542,0.09015223641993542
381,239,1.37006216273976,0,0,-0.17506579456813426,-0.17506579456813426
387,239,1.1691699359835321,0,0,0.142873572767792,0.142873572767792
392,239,1.2818200107986661,0,0,0.18578225903346784,0.18578225903346784
397,239,1.160963169560011,0,0,0.16755119268755617,0.16755119268755617
243,240,0.9774599603961726,0,0,0.05765886249531402,0.05765886249531402
244,240,0.9186126014332702,0,0,0.024122816889334875,0.024122816889334875
246,240,0.9125257519587266,0,0,-0.0694692934204836,-0.0694692934204836
252,240,1.265877684532028,0,0,0.07687089710869197,0.07687089710869197
270,240,1.1817376925530445,0,0,0.06401884484534355,0.06401884484534355
273,240,1.5367341360273616,0,0,-0.10894520960528932,-0.10894520960528932
282,240,1.367875184866076,0,0,-0.07029830709784897,-0.07029830709784897
290,240,0.9999759605753088,0,0,0.020527602623132593,0.020527602623132593
297,240,1.559624753486771,0,0,0.07627922798597092,0.07627922798597092
298,240,1.0795909802634425,0,0,-0.04202735617835386,-0.04202735617835386
303,240,0.7291221106262068,0,0,0.04221113860646392,0.04221113860646392
309,240,1.1321156849229028,0,0,-0.09286575941272461,-0.09286575941272461
312,240,0.8548240336757812,0,0,0.012161224602733903,0.012161224602733903
322,240,1.0305166538990433,0,0,0.06411514471242286,0.06411514471242286
326,240,0.4409777226383999,0,0,-0.016035204682182364,-0.016035204682182364
353,240,0.834811574595123,0,0,-0.02992209220813226,-0.02992209220813226
358,240,1.326154401628001,0,0,-0.021385772485819632,-0.021385772485819632
370,240,0.8189483329900872,0,0,0.04042065819969094,0.04042065819969094
374,240,0.31771107483771605,0,0,0.013119682761325621,0.013119682761325621
375,240,1.592171634214676,0,0,0.07279214390522552,0.07279214390522552
385,240,1.3480317696092707,0,0,0.048042770075630924,0.048042770075630924
388,240,1.1261028093982852,0,0,-0.0527617215292835,-0.0527617215292835
390,240,1.3674304569736222,0,0,0.08327483636067279,0.08327483636067279
395,240,1.5802807310862137,0,0,-0.13189504253547535,-0.13189504253547535
399,240,1.4636452960216626,0,0,0.09281348019928953,0.09281348019928953
249,241,1.0026521191198672,0,0,-0.05328572775156523,-0.05328572775156523
253,241,1.116829030528337,0,0,0.06143191915174134,0.06143191915174134
254,241,1.2783289987140152,0,0,0.08172133111179986,0.08172133111179986
262,241,0.9495056026060106,0,0,0.03812633499717252,0.03812633499717252
271,241,0.23432477914424069,0,0,-0.004472401313110497,-0.004472401313110497
272,241,1.3134593747839198,0,0,0.08577012831745129,0.08577012831745129
278,241,1.2447451424678155,0,0,0.0529271255067541,0.0529271255067541
279,241,0.5297534159588667,0,0,-0.014759452728648481,-0.014759452728648481
305,241,1.4428244883800152,0,0,-0.12553509085875358,-0.12553509085875358
307,241,0.7926700659761475,0,0,-0.015310335700797512,-0.015310335700797512
314,241,1.5627603139341102,0,0,-0.14613994629530863,-0.14613994629530863
317,241,0.5784601497103268,0,0,0.028574823043862774,0.028574823043862774
318,241,0.1844181306752509,0,0,-0.007424137838884626,-0.007424137838884626
338,241,1.0902593624238417,0,0,0.06262953178976738,0.06262953178976738
359,241,1.443011535725452,0,0,-0.06894439955986964,-0.06894439955986964
369,241,1.2298057773349296,0,0,0.06577624456100423,0.06577624456100423
372,241,0.6955848850838807,0,0,0.002307006451335941,0.002307006451335941
379,241,0.20840709192236917,0,0,-0.0047746578351064994,-0.0047746578351064994
380,241,0.43877381181117586,0,0,-0.027201181274000785,-0.027201181274000785
383,241,0.7569872266290516,0,0,0.016499824940729907,0.016499824940729907
386,241,0.7379691857697895,0,0,-0.03205286174662575,-0.03205286174662575
389,241,0.4198065543672168,0,0,0.014250456625132968,0.014250456625132968
391,241,0.9909780015755432,0,0,-0.0353506303373215,-0.0353506303373215
393,241,0.848667804223422,0,0,0.037930027978170355,0.037930027978170355
246,242,0.8807026660281295,0,0,0.05392150012820718,0.05392150012820718
259,242,0.8212172145505111,0,0,-0.023206341528242413,-0.023206341528242413
261,242,1.2192188160662152,0,0,-0.05098111384747217,-0.05098111384747217
267,242,1.305785163375625,0,0,0.04090355045713792,0.04090355045713792
273,242,0.26195444975731813,0,0,0.014445583943401452,0.014445583943401452
296,242,1.5932025974258934,0,0,0.02146229685905357,0.02146229685905357
298,242,1.5987271894879875,0,0,0.08136343737033691,0.08136343737033691
309,242,0.6426260076654058,0,0,0.03052503413596616,0.03052503413596616
331,242,0.6697285051061634,0,0,-0.030692611497919686,-0.030692611497919686
343,242,0.08451541489361826,0,0,-0.0034543752134032213,-0.0034543752134032213
360,242,1.4708958478392473,0,0,0.010447667730790228,0.010447667730790228
368,242,1.4719251279195587,0,0,-0.02368967519685017,-0.02368967519685017
378,242,1.0878635484537513,0,0,-0.003839639753268509,-0.003839639753268509
387,242,1.4737016876998845,0,0,-0.05024264492625363,-0.05024264492625363
388,242,1.5602814378627217,0,0,0.07062907201940727,0.07062907201940727
395,242,1.0332767906826494,0,0,-0.008504248986784563,-0.008504248986784563
244,243,1.2039187614004818,0,0,-0.03353604560597914,-0.03353604560597914
252,243,0.9073776085179635,0,0,0.01921203461337794,0.01921203461337794
270,243,0.23108893571377861,0,0,0.006359982350029533,0.006359982350029533
289,243,1.0997965023133447,0,0,0.01483092334090895,0.01483092334090895
290,243,1.2983902710668787,0,0,-0.037131259872181424,-0.037131259872181424
297,243,0.5851725455651243,0,0,0.018620365490656907,0.018620365490656907
303,243,0.28148847877359195,0,0,-0.015447723888850094,-0.015447723888850094
312,243,1.2949434117330734,0,0,-0.045497637892580114,-0.045497637892580114
320,243,1.5311376487822697,0,0,0.046166307952197706,0.046166307952197706
322,243,0.6668530748570416,0,0,0.0064562822171088455,0.0064562822171088455
326,243,1.2682256913440986,0,0,-0.07369406717749638,-0.07369406717749638
333,243,0.9311660509011337,0,0,0.010741537885918341,0.010741537885918341
334,243,1.317324056192281,0,0,0.04419503210530158,0.04419503210530158
346,243,1.5009589587951917,0,0,0.07787009832410241,0.07787009832410241
350,243,1.1126713107472068,0,0,0.04586226717062344,0.04586226717062344
353,243,1.400559791164294,0,0,-0.08758095470344628,-0.08758095470344628
364,243,0.9485155672843771,0,0,0.048879480623871596,0.048879480623871596
370,243,0.7226103654822084,0,0,-0.017238204295623075,-0.017238204295623075
374,243,0.8311773978835627,0,0,-0.044539179733988396,-0.044539179733988396
375,243,0.6402618113820874,0,0,0.01513328140991151,0.01513328140991151
384,243,1.4143841976071572,0,0,0.040519171296575174,0.040519171296575174
385,243,1.298675041170043,0,0,-0.009616092419683094,-0.009616092419683094
390,243,0.9752003585112354,0,0,0.025615973865358778,0.025615973865358778
399,243,0.5762863582383126,0,0,0.03515461770397552,0.03515461770397552
270,244,1.267408682350846,0,0,0.039896027956008676,0.039896027956008676
276,244,1.3038878016027575,0,0,-0.032591682792508556,-0.032591682792508556
289,244,1.512034036875002,0,0,0.04836696894688809,0.04836696894688809
290,244,0.09839521393102213,0,0,-0.003595214266202282,-0.003595214266202282
303,244,1.005058727497692,0,0,0.018088321717129048,0.018088321717129048
304,244,1.2567519112723458,0,0,-0.03027860850537166,-0.03027860850537166
312,244,0.25143393827068616,0,0,-0.011961592286600972,-0.011961592286600972
322,244,1.5388678075875035,0,0,0.03999232782308799,0.03999232782308799
326,244,0.6858077126842932,0,0,-0.04015802157151724,-0.04015802157151724
333,244,1.3903013000509914,0,0,0.04427758349189748,0.04427758349189748
345,244,1.5876238566389247,0,0,0.041176320907477554,0.041176320907477554
353,244,1.5923111286793628,0,0,-0.054044909097467134,-0.054044909097467134
370,244,1.3947238585637822,0,0,0.016297841310356068,0.016297841310356068
374,244,1.0563858927139906,0,0,-0.011003134128009254,-0.011003134128009254
375,244,1.5686583682534312,0,0,0.04866932701589065,0.04866932701589065
396,244,1.4087380545096484,0,0,-0.005938039719483312,-0.005938039719483312
250,245,1.1638713549715827,0,0,0.06779650267431925,0.06779650267431925
264,245,1.010655190624943,0,0,0.01276152847400247,0.01276152847400247
266,245,0.9287339835165839,0,0,-0.06784527907589433,-0.06784527907589433
293,245,1.4502083877001708,0,0,-0.14800448787486986,-0.14800448787486986
294,245,0.1750500631201553,0,0,-0.018339388826981384,-0.018339388826981384
295,245,1.4438128165757833,0,0,0.09182438140331611,0.09182438140331611
299,245,0.2908762847017099,0,0,-0.0032028706981369615,-0.0032028706981369615
311,245,1.339413071973052,46,-1,-0.12332713122054495,0.876672868779455
323,245,0.8542603592705211,0,0,0.034699723297553886,0.034699723297553886
342,245,0.5719643789650218,0,0,-0.0003304157994569179,-0.0003304157994569179
352,245,1.4157374355302879,0,0,0.08811011558526027,0.08811011558526027
261,246,1.165106585364963,0,0,-0.10490261397567935,-0.10490261397567935
267,246,1.3725978748535486,0,0,-0.013017949671069257,-0.013017949671069257
268,246,1.4482791826004167,0,0,-0.07250293261381313,-0.07250293261381313
273,246,0.722602926134696,0,0,-0.039475916184805726,-0.039475916184805726
282,246,1.0847196373291212,0,0,-0.0008290136773653756,-0.0008290136773653756
298,246,0.9204117777326282,0,0,0.027441937242129733,0.027441937242129733
303,246,1.5730427469339971,0,0,0.11168043202694752,0.11168043202694752
309,246,0.42405157574054264,0,0,-0.023396465992241017,-0.023396465992241017
312,246,1.5805794013061363,0,0,0.0816305180232175,0.0816305180232175
326,246,1.0425965665577532,0,0,0.05343408873830123,0.05343408873830123
331,246,1.4338946490104159,0,0,-0.08461411162612686,-0.08461411162612686
343,246,0.9244286114527218,0,0,-0.0573758753416104,-0.0573758753416104
353,246,0.8341779876340183,0,0,0.039547201212351335,0.039547201212351335
358,246,1.3466388857351683,0,0,0.04808352093466396,0.04808352093466396
370,246,1.3845104986017027,0,0,0.10988995162017454,0.10988995162017454
374,246,1.0247107185457398,0,0,0.08258897618180921,0.08258897618180921
387,246,1.2443468383731833,0,0,-0.10416414505446081,-0.10416414505446081
388,246,0.8992487251510067,0,0,0.01670757189120009,0.01670757189120009
392,246,1.4900046117924888,0,0,-0.06125545878878497,-0.06125545878878497
395,246,0.8276418982235411,0,0,-0.06242574911499174,-0.06242574911499174
250,247,1.4636728836361201,0,0,-0.14005454689822727,-0.14005454689822727
255,247,1.4125280241158205,0,0,0.12769896681100282,0.12769896681100282
261,247,0.838659542347447,0,0,0.09781578875871072,0.09781578875871072
264,247,1.4309666875784202,0,0,-0.19508952109854405,-0.19508952109854405
268,247,1.0321917542252421,0,0,0.13021547012057694,0.13021547012057694
274,247,1.308743600437318,0,0,-0.004946668235356777,-0.004946668235356777
281,247,1.2370451452010878,0,0,-0.04944149546252241,-0.04944149546252241
282,247,1.3105112611081593,0,0,0.2018893890570247,0.2018893890570247
288,247,0.3387389426506571,0,0,0.054891898006916184,0.054891898006916184
295,247,1.4841466348560644,0,0,-0.1160266681692304,-0.1160266681692304
298,247,1.5192859508769656,0,0,0.2301603399765198,0.2301603399765198
306,247,1.2364447173059643,0,0,0.07915240188922307,0.07915240188922307
308,247,1.2683033817043894,0,0,-0.015551801255463682,-0.015551801255463682
313,247,0.19550725272749628,0,0,-0.004926573107297216,-0.004926573107297216
315,247,1.370885887613404,0,0,-0.12537410016334521,-0.12537410016334521
319,247,1.477891198308112,0,0,-0.08472846857037558,-0.08472846857037558
323,247,1.5208666507638673,0,0,-0.17315132627499263,-0.17315132627499263
324,247,1.4938819937166758,0,0,-0.3028535016312185,-0.3028535016312185
325,247,1.4211147206182082,0,0,-0.297559554149325,-0.297559554149325
340,247,0.9727875348242271,0,0,0.10890979276465135,0.10890979276465135
341,247,1.5798550793680683,0,0,-0.016001298417464005,-0.016001298417464005
344,247,0.5638878279782708,0,0,0.06799587469153728,0.06799587469153728
352,247,1.0653706731565435,0,0,-0.11974093398728625,-0.11974093398728625
371,247,1.1293505773168746,0,0,0.045266623768263126,0.045266623768263126
376,247,1.291599385169329,0,0,0.045832921332072674,0.045832921332072674
387,247,0.6559493208645326,0,0,0.09855425767992926,0.09855425767992926
388,247,1.425266205915786,0,0,0.21942597462559016,0.21942597462559016
392,247,1.0606071231229817,0,0,0.1414629439456051,0.1414629439456051
395,247,1.102258217864648,0,0,0.14029265361939833,0.14029265361939833
397,247,1.0029255741964465,0,0,0.12323187759969342,0.12323187759969342
258,248,1.5738124084732055,0,0,-0.07610321562507036,-0.07610321562507036
276,248,0.9708413252104329,0,0,0.029203366980149276,0.029203366980149276
277,248,1.1108996833396831,0,0,-0.011596369175661758,-0.011596369175661758
287,248,0.6910697052461268,0,0,-0.013530523667298927,-0.013530523667298927
292,248,1.412411069591298,0,0,0.07204707346358892,0.07204707346358892
296,248,1.5756257198558679,0,0,-0.06425626380631425,-0.06425626380631425
304,248,1.034480893587006,0,0,0.03151644126728617,0.03151644126728617
327,248,1.4395697506284773,0,0,-0.07063484873759657,-0.07063484873759657
332,248,0.5726415727682143,0,0,-0.002866630239121648,-0.002866630239121648
348,248,1.172391176002892,0,0,-0.05294050542178602,-0.05294050542178602
355,248,0.8104231025082673,0,0,-0.01812727586272353,-0.01812727586272353
357,248,0.8158025606385397,0,0,0.04423963223908951,0.04423963223908951
396,248,1.2140647359717438,0,0,0.05585701005317452,0.05585701005317452
253,249,1.2049580429860338,0,0,0.11471764690330657,0.11471764690330657
254,249,1.3500196383371528,0,0,0.1350070588633651,0.1350070588633651
256,249,1.4928880110032539,0,0,-0.1853505319556557,-0.1853505319556557
257,249,1.1169294022348293,0,0,-0.03498411735717785,-0.03498411735717785
271,249,1.0958460024749548,0,0,0.048813326438454735,0.048813326438454735
272,249,1.2569075864937291,0,0,0.13905585606901652,0.13905585606901652
275,249,0.8390378844907527,0,0,-0.1298745953230723,-0.1298745953230723
278,249,0.7781930415841658,0,0,0.10621285325831933,0.10621285325831933
279,249,0.5414015021886495,0,0,0.03852627502291675,0.03852627502291675
286,249,0.8769412516667667,0,0,-0.1381411852379334,-0.1381411852379334
302,249,1.2341089684879085,0,0,-0.17702031239166144,-0.17702031239166144
305,249,0.4971009742332714,0,0,-0.07224936310718837,-0.07224936310718837
307,249,1.5275797524714758,0,0,0.03797539205076772,0.03797539205076772
314,249,1.123065912957099,0,0,-0.0928542185437434,-0.0928542185437434
317,249,1.31397374691613,0,0,0.081860550795428,0.081860550795428
318,249,0.8763799908050013,0,0,0.045861589912680606,0.045861589912680606
321,249,1.097765982605827,0,0,-0.050451953289269436,-0.050451953289269436
324,249,1.2312345898629997,1,1,0.1786222339739011,-0.8213777660260989
325,249,1.3940615705106658,1,1,0.18391618145579458,-0.8160838185442054
328,249,1.4323923172980844,0,0,-0.05029746795954515,-0.05029746795954515
334,249,1.1756751784889767,0,0,-0.14448267363939118,-0.14448267363939118
335,249,1.1712650963848126,0,0,-0.17123889337261114,-0.17123889337261114
338,249,1.4258063833678696,0,0,0.11591525954133261,0.11591525954133261
354,249,0.7698457113036811,0,0,-0.05667819808562073,-0.05667819808562073
359,249,0.6137289744504603,0,0,-0.01565867180830441,-0.01565867180830441
365,249,1.575059202378088,0,0,-0.0640975871253864,-0.0640975871253864
369,249,1.1704712899468122,0,0,0.11906197231256946,0.11906197231256946
372,249,0.4921459663601505,0,0,0.05559273420290117,0.05559273420290117
373,249,1.112067953912429,0,0,-0.04375944129753946,-0.04375944129753946
379,249,1.0137383664778126,0,0,0.04851106991645873,0.04851106991645873
380,249,0.9742359342699659,0,0,0.026084546477564446,0.026084546477564446
383,249,1.5790464609936574,0,0,0.06978555269229514,0.06978555269229514
384,249,1.120752288274689,0,0,-0.14815853444811758,-0.14815853444811758
385,249,1.4710844832318486,0,0,-0.19829379816437587,-0.19829379816437587
386,249,0.27397584994206414,0,0,0.021232866004939482,0.021232866004939482
389,249,0.8271105046224679,0,0,0.0675361843766982,0.0675361843766982
390,249,1.5324948991743674,0,0,-0.16306173187933398,-0.16306173187933398
393,249,1.4465597557915957,0,0,0.09121575572973559,0.09121575572973559
264,250,0.7259153308515265,0,0,-0.05503497420031678,-0.05503497420031678
266,250,1.2334178647077365,0,0,-0.13564178175021357,-0.13564178175021357
285,250,1.383206137328707,0,0,0.05180400631882587,0.05180400631882587
294,250,1.1950329715906731,0,0,-0.08613589150130063,-0.08613589150130063
295,250,0.3557817214814017,0,0,0.024027878728996865,0.024027878728996865
299,250,0.9269689485395572,0,0,-0.07099937337245621,-0.07099937337245621
313,250,1.5631077536468063,0,0,0.13512797379093006,0.13512797379093006
319,250,0.7263304060678346,0,0,0.05532607832785169,0.05532607832785169
323,250,0.5134432798004583,0,0,-0.03309677937676536,-0.03309677937676536
325,250,1.5458178859528413,0,0,-0.15750500725109773,-0.15750500725109773
342,250,0.911151623126197,0,0,-0.06812691847377617,-0.06812691847377617
352,250,0.41679856997998166,0,0,0.020313612910941026,0.020313612910941026
260,251,1.3871530612482028,0,0,0.05472251330388514,0.05472251330388514
263,251,1.442362901528363,0,0,0.05724638855195957,0.05724638855195957
271,251,1.4982252423257705,0,0,0.02095212038580671,0.02095212038580671
307,251,1.0965401793987442,0,0,0.010114185998119696,0.010114185998119696
328,251,1.5788935829218251,0,0,-0.07815867401219317,-0.07815867401219317
330,251,1.185067256244933,0,0,0.04725821362690433,0.04725821362690433
339,251,0.7638029687774669,0,0,-0.04151715011806634,-0.04151715011806634
347,251,0.9508686835718965,0,0,0.019782526541772677,0.019782526541772677
367,251,0.4368446997965076,0,0,-0.03113705005351139,-0.03113705005351139
379,251,1.5415219127665778,0,0,0.020649863863810708,0.020649863863810708
380,251,1.5797934094370607,0,0,-0.0017766595750835779,-0.0017766595750835779
383,251,1.4563345509098675,0,0,0.041924346639647114,0.041924346639647114
391,251,1.1333966861260412,0,0,-0.00992610863840429,-0.00992610863840429
256,252,1.4157032000500795,0,0,-0.015884860824340888,-0.015884860824340888
257,252,1.0884198925614554,0,0,0.13448155377413698,0.13448155377413698
270,252,1.039523893830465,0,0,-0.012852052263348408,-0.012852052263348408
275,252,0.9416835093694111,0,0,0.039591075808242525,0.039591075808242525
282,252,1.3894466073261271,0,0,-0.14716920420654092,-0.14716920420654092
286,252,1.0955928733065954,0,0,0.031324485893381424,0.031324485893381424
297,252,1.0935926922773822,0,0,-0.0005916691227210343,-0.0005916691227210343
298,252,1.1992894737638187,0,0,-0.11889825328704581,-0.11889825328704581
302,252,1.0250870244324404,0,0,-0.0075546412603466236,-0.0075546412603466236
303,252,0.9036136539235317,0,0,-0.034659758502228036,-0.034659758502228036
305,252,1.1482037945839974,0,0,0.09721630802412645,0.09721630802412645
321,252,1.0168791880753902,0,0,0.1190137178420454,0.1190137178420454
322,252,0.2876778129083409,0,0,-0.012755752396269096,-0.012755752396269096
328,252,1.1709207257699064,0,0,0.11916820317176968,0.11916820317176968
333,252,1.517803975608251,0,0,-0.0084704967274596,-0.0084704967274596
334,252,0.47991945916567885,0,0,0.024982997491923644,0.024982997491923644
335,252,0.9156025581830486,0,0,-0.0017732222412963211,-0.0017732222412963211
346,252,1.3947411205128337,0,0,0.05865806371072447,0.05865806371072447
350,252,1.2597128944525087,0,0,0.026650232557245496,0.026650232557245496
353,252,1.0554994942585698,0,0,-0.10679298931682421,-0.10679298931682421
354,252,0.9748001786564819,0,0,0.11278747304569409,0.11278747304569409
358,252,1.1600343678169283,0,0,-0.0982566695945116,-0.0982566695945116
359,252,1.2161459379400767,0,0,0.15380699932301042,0.15380699932301042
364,252,1.005186197945704,0,0,0.029667446010493655,0.029667446010493655
370,252,0.4689361466271872,0,0,-0.036450238909001016,-0.036450238909001016
373,252,0.996729580328348,0,0,0.12570622983377536,0.12570622983377536
374,252,0.9626291714400904,0,0,-0.06375121434736633,-0.06375121434736633
375,252,1.2087464775016479,0,0,-0.004078753203466432,-0.004078753203466432
384,252,0.5671250510630019,0,0,0.021307136683197236,0.021307136683197236
385,252,0.5849602141649544,0,0,-0.028828127033061035,-0.028828127033061035
388,252,1.2157483450068403,0,0,-0.12963261863797546,-0.12963261863797546
390,252,0.12399288092268233,0,0,0.006403939251980836,0.006403939251980836
399,252,0.7549480103714732,0,0,0.01594258309059758,0.01594258309059758
254,253,0.2112624282029858,0,0,0.020289411960058512,0.020289411960058512
262,253,0.8923622072573802,0,0,-0.02330558415456882,-0.02330558415456882
271,253,1.3155130662618137,0,0,-0.06590432046485184,-0.06590432046485184
272,253,0.2911719034672112,0,0,0.024338209165709945,0.024338209165709945
278,253,0.636743847380778,0,0,-0.00850479364498724,-0.00850479364498724
279,253,0.9721934862603379,0,0,-0.07619137188038982,-0.07619137188038982
317,253,0.7740415361482995,0,0,-0.03285709610787857,-0.03285709610787857
318,253,1.1961505397395478,0,0,-0.06885605699062597,-0.06885605699062597
324,253,1.0992854885511862,1,1,0.06390458707059454,-0.9360954129294055
325,253,1.2667652795709126,1,1,0.06919853455248792,-0.9308014654475121
336,253,1.41314537690451,1,1,0.16793248597086863,-0.8320675140291314
338,253,0.32286052460510994,0,0,0.0011976126380260355,0.0011976126380260355
359,253,1.4625667991984845,0,0,-0.13037631871161098,-0.13037631871161098
363,253,0.7261214090503291,1,1,0.047780093788055256,-0.9522199062119447
369,253,0.21818146724232118,0,0,0.004344325409262884,0.004344325409262884
372,253,0.8034496108933294,0,0,-0.0591249127004054,-0.0591249127004054
379,253,1.2950141695509616,0,0,-0.06620657698684784,-0.06620657698684784
380,253,1.4894367190438758,0,0,-0.08863310042574213,-0.08863310042574213
381,253,1.23529391404565,1,1,0.14737297904581603,-0.852627020954184
383,253,1.2362863030452884,0,0,-0.044932094211011436,-0.044932094211011436
386,253,1.072488563379982,0,0,-0.09348478089836709,-0.09348478089836709
389,253,0.7204965440401039,0,0,-0.047181462526608375,-0.047181462526608375
393,253,0.6287726808373402,0,0,-0.023501891173570988,-0.023501891173570988
262,254,1.0199868739204443,0,0,-0.04359499611462733,-0.04359499611462733
271,254,1.487537535850029,0,0,-0.08619373242491035,-0.08619373242491035
272,254,0.1819948978590965,0,0,0.004048797205651433,0.004048797205651433
278,254,0.7396536024721593,0,0,-0.028794205605045753,-0.028794205605045753
279,254,1.1179473887688556,0,0,-0.09648078384044834,-0.09648078384044834
315,254,1.4863164670045073,1,1,0.22109457657840925,-0.7789054234215907
317,254,0.9054098722587687,0,0,-0.05314650806793708,-0.05314650806793708
318,254,1.3598541712080874,0,0,-0.08914546895068448,-0.08914546895068448
324,254,1.1821384865477074,1,1,0.04361517511053603,-0.956384824889464
325,254,1.3415354894078098,1,1,0.04890912259242941,-0.9510908774075706
336,254,1.2437579738550286,1,1,0.14764307401081012,-0.8523569259891899
338,254,0.3824755884709102,0,0,-0.019091799322032477,-0.019091799322032477
363,254,0.5870229774155182,1,1,0.027490681827996744,-0.9725093181720033
369,254,0.20595592403045204,0,0,-0.01594508655079563,-0.01594508655079563
372,254,0.9462199795947077,0,0,-0.07941432466046391,-0.07941432466046391
379,254,1.4657115779973293,0,0,-0.08649598894690635,-0.08649598894690635
381,254,1.0637808006764002,1,1,0.12708356708575752,-0.8729164329142425
383,254,1.4007772606379805,0,0,-0.06522150617106995,-0.06522150617106995
386,254,1.2254899258745449,0,0,-0.1137741928584256,-0.1137741928584256
389,254,0.8915706987045314,0,0,-0.06747087448666689,-0.06747087448666689
393,254,0.7380512074317835,0,0,-0.0437913031336295,-0.0437913031336295
258,255,0.5206238386602573,0,0,0.03071328083547753,0.03071328083547753
261,255,1.397693236544292,0,0,-0.029883178052292098,-0.029883178052292098
268,255,0.5574964572211223,0,0,0.0025165033095741196,0.0025165033095741196
274,255,1.3516371416572845,0,0,-0.1326456350463596,-0.1326456350463596
277,255,0.876257783717803,0,0,0.09522012728488613,0.09522012728488613
282,255,1.0289648873032458,0,0,0.07419042224602188,0.07419042224602188
287,255,1.1513000485611324,0,0,0.09328597279324896,0.09328597279324896
288,255,1.0939189834192296,0,0,-0.07280706880408663,-0.07280706880408663
298,255,1.298058097506527,0,0,0.10246137316551698,0.10246137316551698
306,255,0.5792754379303524,0,0,-0.04854656492177975,-0.04854656492177975
308,255,1.4846694986841804,0,0,-0.1432507680664665,-0.1432507680664665
313,255,1.3397745692183698,0,0,-0.13262553991830003,-0.13262553991830003
316,255,1.52984144854602,0,0,0.02299900971055696,0.02299900971055696
327,255,0.8456682092217878,0,0,0.03618164772295132,0.03618164772295132
332,255,1.3335070608860706,0,0,0.10394986622142624,0.10394986622142624
340,255,0.4656453951055764,0,0,-0.01878917404635147,-0.01878917404635147
344,255,0.8526102763385897,0,0,-0.059703092119465534,-0.059703092119465534
348,255,1.5148774112628272,0,0,0.05387599103876187,0.05387599103876187
353,255,1.551685114984275,0,0,0.11456663713573859,0.11456663713573859
358,255,1.2319133931300215,0,0,0.12310295685805121,0.12310295685805121
371,255,0.8126618105262683,0,0,-0.08243234304273969,-0.08243234304273969
376,255,0.9920429360667333,0,0,-0.08186604547893014,-0.08186604547893014
387,255,1.2205855354052557,0,0,-0.02914470913107356,-0.02914470913107356
388,255,1.291403137738505,0,0,0.09172700781458734,0.09172700781458734
392,255,0.5732792462021405,0,0,0.013763977134602284,0.013763977134602284
395,255,1.3677952611468196,0,0,0.01259368680839551,0.01259368680839551
397,255,0.481590042870182,0,0,-0.004467089211309394,-0.004467089211309394
275,256,0.8606513935413322,0,0,0.05547593663258341,0.05547593663258341
277,256,1.3451382647259886,0,0,-0.11025463834333579,-0.11025463834333579
286,256,0.6878551600128604,0,0,0.04720934671772231,0.04720934671772231
287,256,1.5093979836552802,0,0,-0.11218879283497296,-0.11218879283497296
292,256,1.229688529420921,0,0,-0.026611195704085107,-0.026611195704085107
301,256,1.5781056148836436,0,0,0.041992501449914926,0.041992501449914926
302,256,0.4400934378614653,0,0,0.008330219563994264,0.008330219563994264
305,256,1.1918489886071673,0,0,0.11310116884846735,0.11310116884846735
314,256,0.9568425734846324,0,0,0.0924963134119123,0.0924963134119123
322,256,1.4450923726150715,0,0,0.003129108428071792,0.003129108428071792
332,256,1.4073416492256772,0,0,-0.10152489940679568,-0.10152489940679568
334,256,1.1290437487607792,0,0,0.04086785831626453,0.04086785831626453
335,256,0.5891548276790411,0,0,0.014111638583044567,0.014111638583044567
337,256,1.5901024360695484,0,0,0.07459770207800424,0.07459770207800424
354,256,1.5098083479068283,0,0,0.128672333870035,0.128672333870035
357,256,1.3401053991561018,0,0,-0.054418636928584514,-0.054418636928584514
358,256,1.1917980661806873,0,0,-0.0823718087701707,-0.0823718087701707
370,256,1.4593086510103994,0,0,-0.02056537808466013,-0.02056537808466013
384,256,1.0433659422773394,0,0,0.03719199750753812,0.03719199750753812
385,256,0.9748574053041815,0,0,-0.012943266208720147,-0.012943266208720147
390,256,1.3328523784060031,0,0,0.022288800076321724,0.022288800076321724
266,257,1.5955368896784778,1,1,0.24076352431385661,-0.7592364756861434
275,257,1.095078294919186,0,0,-0.09489047796589445,-0.09489047796589445
278,257,1.3360814152299114,0,0,0.14119697061549719,0.14119697061549719
279,257,1.5438333509505007,0,0,0.0735103923800946,0.0735103923800946
286,257,1.2955376422346574,0,0,-0.10315706788075554,-0.10315706788075554
293,257,1.3033379034692267,1,1,0.16060431551488108,-0.8393956844851189
302,257,1.5176980157417785,0,0,-0.1420361950344836,-0.1420361950344836
305,257,0.8846023481833503,0,0,-0.037265245750010514,-0.037265245750010514
321,257,0.07784599433919312,0,0,-0.015467835932091584,-0.015467835932091584
322,257,1.3685157210331633,0,0,-0.14723730617040606,-0.14723730617040606
324,257,1.1585121426323695,1,1,0.21360635133107886,-0.7863936486689211
325,257,1.1866836349858298,1,1,0.21890029881297246,-0.7810997011870275
328,257,0.3840133655885011,0,0,-0.015313350602367298,-0.015313350602367298
334,257,0.9077871990514188,0,0,-0.10949855628221333,-0.10949855628221333
335,257,1.3881273913827585,0,0,-0.1362547760154333,-0.1362547760154333
339,257,1.2275900192981464,0,0,0.02132817329175954,0.02132817329175954
346,257,1.361424327638233,0,0,-0.0758234900634125,-0.0758234900634125
354,257,0.483763689870332,0,0,-0.02169408072844288,-0.02169408072844288
359,257,0.5255723659774265,0,0,0.019325445548873443,0.019325445548873443
364,257,1.3556618322221246,0,0,-0.10481410776364332,-0.10481410776364332
370,257,1.5424056252682217,0,0,-0.170931792683138,-0.170931792683138
372,257,1.4663937620057643,0,0,0.09057685156007902,0.09057685156007902
373,257,0.19010779203018982,0,0,-0.00877532394036161,-0.00877532394036161
384,257,0.9709532998862533,0,0,-0.11317441709093974,-0.11317441709093974
385,257,1.3385254873061359,0,0,-0.16330968080719802,-0.16330968080719802
386,257,1.3039166578153212,0,0,0.056216983362117334,0.056216983362117334
390,257,1.0374761414146565,0,0,-0.12807761452215613,-0.12807761452215613
399,257,1.4393030954392874,0,0,-0.1185389706835394,-0.1185389706835394
265,258,1.3348605712351114,0,0,0.00016369475886643392,0.00016369475886643392
268,258,1.0228416505717295,0,0,-0.02819677752590341,-0.02819677752590341
277,258,0.9598808786109599,0,0,0.0645068464494086,0.0645068464494086
282,258,1.382121076188282,0,0,0.043477141410544345,0.043477141410544345
287,258,1.020502601676415,0,0,0.06257269195777143,0.06257269195777143
288,258,1.5788323975349656,0,0,-0.10352034963956416,-0.10352034963956416
296,258,1.4589205713550326,0,0,0.011846951818756113,0.011846951818756113
306,258,0.8823095971457041,0,0,-0.07925984575725728,-0.07925984575725728
316,258,1.1639299841684219,0,0,-0.007714271124920569,-0.007714271124920569
327,258,0.33521429618656134,0,0,0.005468366887473791,0.005468366887473791
332,258,1.2159421225939093,0,0,0.07323658538594871,0.07323658538594871
340,258,0.9379716189592754,0,0,-0.049502454881829,-0.049502454881829
344,258,1.3506921023630598,0,0,-0.09041637295494306,-0.09041637295494306
348,258,1.076734128628198,0,0,0.023162710203284337,0.023162710203284337
358,258,1.5317647049896121,0,0,0.09238967602257368,0.09238967602257368
360,258,1.4419970310835308,0,0,0.0008323226904927705,0.0008323226904927705
371,258,1.1595393382165056,0,0,-0.11314562387821722,-0.11314562387821722
376,258,1.2427758833773639,0,0,-0.11257932631440767,-0.11257932631440767
392,258,1.0436409035847143,0,0,-0.016949303700875246,-0.016949303700875246
397,258,0.9911017262853421,0,0,-0.035180370046786924,-0.035180370046786924
261,259,1.5314660329919503,0,0,-0.027774772319229757,-0.027774772319229757
265,259,1.436907264263594,0,0,0.032985381327406305,0.032985381327406305
273,259,1.0077182392146673,0,0,0.037651925471643866,0.037651925471643866
296,259,1.5981287035777434,0,0,0.044668638387295984,0.044668638387295984
309,259,1.4211299082584157,0,0,0.053731375664208575,0.053731375664208575
316,259,1.4497859754526008,0,0,0.025107415443619302,0.025107415443619302
331,259,0.5102928832989432,0,0,-0.007486269969677273,-0.007486269969677273
343,259,0.7923531611168669,0,0,0.019751966314839192,0.019751966314839192
351,259,1.5850882113330296,0,0,-0.11816873914579074,-0.11816873914579074
356,259,0.9354211868873767,0,0,-0.02043851840476668,-0.02043851840476668
360,259,1.2983846079593282,0,0,0.03365400925903264,0.03365400925903264
361,259,1.0048070873257797,0,0,-0.0508835748185088,-0.0508835748185088
368,259,0.8064919963998944,0,0,-0.00048333366860775495,-0.00048333366860775495
378,259,0.7763732477220389,0,0,0.019366701774973905,0.019366701774973905
395,259,1.4992272437381187,0,0,0.01470209254145785,0.01470209254145785
262,260,1.0661123134423793,0,0,0.00882834339220459,0.00882834339220459
263,260,0.44224456789193484,0,0,0.002523875248074431,0.002523875248074431
293,260,1.4567038334912517,1,1,0.04303647880117001,-0.95696352119883
307,260,1.5351072691583902,0,0,-0.044608327305765444,-0.044608327305765444
311,260,1.0352268270694291,0,0,0.06771383545549492,0.06771383545549492
317,260,1.4499152740833519,0,0,-0.0007231685611051586,-0.0007231685611051586
330,260,0.29623748555516405,0,0,-0.007464299676980812,-0.007464299676980812
338,260,1.5204136996652147,0,0,0.033331540184799446,0.033331540184799446
347,260,0.9007718939186775,0,0,-0.03493998676211246,-0.03493998676211246
383,260,1.0416194154532539,0,0,-0.012798166664238025,-0.012798166664238025
393,260,1.3687266836497431,0,0,0.008632036373202423,0.008632036373202423
268,261,0.9565695282545745,0,0,0.03239968136186622,0.03239968136186622
273,261,1.301813761905529,0,0,0.06542669779087362,0.06542669779087362
282,261,1.050766317958465,0,0,0.10407360029831397,0.10407360029831397
288,261,0.7376190990377921,0,0,-0.042923890751794536,-0.042923890751794536
298,261,1.1723964253049202,0,0,0.13234455121780908,0.13234455121780908
306,261,1.3858336665431026,0,0,-0.018663386869487653,-0.018663386869487653
309,261,1.3918133558131776,0,0,0.08150614798343833,0.08150614798343833
313,261,0.9701144016564278,0,0,-0.10274236186600794,-0.10274236186600794
331,261,1.1799440565812884,0,0,0.020288502349552484,0.020288502349552484
340,261,0.9936332233361675,0,0,0.011094004005940628,0.011094004005940628
341,261,1.4593606553334257,0,0,-0.11381708717617472,-0.11381708717617472
343,261,1.2918146518195472,0,0,0.04752673863406895,0.04752673863406895
344,261,0.8854051367933253,0,0,-0.029819914067173436,-0.029819914067173436
351,261,1.4221684417384748,0,0,-0.09039396682656098,-0.09039396682656098
352,261,1.4765344797598234,0,0,-0.21755672274599697,-0.21755672274599697
353,261,1.3090463878471834,0,0,0.14444981518803068,0.14444981518803068
358,261,1.4855956860590351,0,0,0.1529861349103433,0.1529861349103433
371,261,1.467538751782996,0,0,-0.052549164990447594,-0.052549164990447594
376,261,1.5666429216062456,0,0,-0.051982867426638046,-0.051982867426638046
387,261,0.3482999684931289,0,0,0.000738468921218538,0.000738468921218538
388,261,1.0746023785915975,0,0,0.12161018586687944,0.12161018586687944
392,261,1.0342326489685347,0,0,0.04364715518689438,0.04364715518689438
395,261,0.35290999735760753,0,0,0.04247686486068761,0.04247686486068761
397,261,1.072649230163108,0,0,0.025416088840982703,0.025416088840982703
263,262,1.4157052462792235,0,0,-0.00630446814413016,-0.00630446814413016
271,262,1.0407349913792188,0,0,-0.04259873631028302,-0.04259873631028302
272,262,1.1673012696128326,0,0,0.047643793320278766,0.047643793320278766
278,262,1.3726276321691384,0,0,0.01480079050958158,0.01480079050958158
279,262,1.236526840023546,0,0,-0.052885787725821004,-0.052885787725821004
307,262,1.2688892245095849,0,0,-0.053436670697970035,-0.053436670697970035
317,262,0.4686366052836924,0,0,-0.00955151195330975,-0.00955151195330975
318,262,1.1160044406223457,0,0,-0.04555047283605715,-0.04555047283605715
330,262,1.1033897810691573,0,0,-0.016292643069185403,-0.016292643069185403
338,262,0.6461812914487025,0,0,0.024503196792594856,0.024503196792594856
363,262,1.1206964650997686,1,1,0.07108567794262399,-0.928914322057376
369,262,1.107053312432343,0,0,0.027649909563831704,0.027649909563831704
372,262,1.2228509891507455,0,0,-0.03581932854583658,-0.03581932854583658
379,262,1.088214670689052,0,0,-0.04290099283227902,-0.04290099283227902
380,262,1.355942472012589,0,0,-0.06532751627117331,-0.06532751627117331
383,262,0.49968991764955456,0,0,-0.021626510056442616,-0.021626510056442616
386,262,1.408386321074867,0,0,-0.07017919674379827,-0.07017919674379827
389,262,0.848263139133718,0,0,-0.023875878372039555,-0.023875878372039555
391,262,1.588783378509355,0,0,-0.07347696533449402,-0.07347696533449402
393,262,0.3471983209675165,0,0,-0.00019630701900216763,-0.00019630701900216763
266,263,1.5918483324078119,1,1,0.12067181235207114,-0.8793281876479289
293,263,1.1139542454704583,1,1,0.040512603553095605,-0.9594873964469044
311,263,0.7203748616893554,0,0,0.06518996020742049,0.06518996020742049
330,263,0.6467660828377176,0,0,-0.009988174925055243,-0.009988174925055243
347,263,0.6683825724050465,0,0,-0.037463862010186894,-0.037463862010186894
383,263,1.416390962105501,0,0,-0.015322041912312456,-0.015322041912312456
266,264,0.5639652583734813,0,0,-0.0806068075498968,-0.0806068075498968
293,264,1.2112599571149838,0,0,-0.16076601634887233,-0.16076601634887233
294,264,0.9355786549677528,0,0,-0.031100917300983855,-0.031100917300983855
295,264,1.0662114660211968,0,0,0.07906285292931364,0.07906285292931364
299,264,0.7315265716846392,0,0,-0.015964399172139432,-0.015964399172139432
313,264,1.5356780966723131,0,0,0.19016294799124683,0.19016294799124683
319,264,1.4013561266431267,0,0,0.11036105252816847,0.11036105252816847
323,264,0.2845289931639202,0,0,0.021938194823551416,0.021938194823551416
324,264,1.0695375568564947,0,0,-0.10776398053267444,-0.10776398053267444
325,264,0.8872534474600876,0,0,-0.10247003305078095,-0.10247003305078095
342,264,0.4761296286975779,0,0,-0.013091944273459388,-0.013091944273459388
352,264,0.6529369895051553,0,0,0.0753485871112578,0.0753485871112578
267,265,1.2883128325207756,0,0,0.03112451065797403,0.03112451065797403
296,265,0.5425686003167047,0,0,0.011683257059889679,0.011683257059889679
316,265,0.267867071332997,0,0,-0.007877965883787003,-0.007877965883787003
327,265,1.1109884911313885,0,0,0.005304672128607357,0.005304672128607357
348,265,0.806767515845656,0,0,0.022999015444417903,0.022999015444417903
355,265,1.3382472611120635,0,0,0.057812245003480395,0.057812245003480395
356,265,1.212160934367935,0,0,-0.053423899732172986,-0.053423899732172986
360,265,0.28212048949158547,0,0,0.0006686279316263366,0.0006686279316263366
368,265,0.9681638193893519,0,0,-0.03346871499601406,-0.03346871499601406
378,265,0.7278590414829654,0,0,-0.0136186795524324,-0.0136186795524324
278,266,1.5845513354300644,46,-1,-0.09956655369835943,0.9004334463016406
293,266,0.7029516692606751,0,0,-0.08015920879897553,-0.08015920879897553
294,266,0.7775744300064518,0,0,0.04950589024891294,0.04950589024891294
295,266,1.587004077613013,0,0,0.15966966047921044,0.15966966047921044
299,266,0.7363821904442739,0,0,0.06464240837775737,0.06464240837775737
311,266,1.176149060080213,46,-1,-0.05548185214465062,0.9445181478553494
323,266,0.7304382372539936,0,0,0.10254500237344821,0.10254500237344821
324,266,0.9648730419891678,0,0,-0.027157172982777644,-0.027157172982777644
325,266,0.8176478936406187,0,0,-0.021863225500884154,-0.021863225500884154
342,266,0.4462256575189466,0,0,0.06751486327643741,0.06751486327643741
352,266,1.2168899789226506,0,0,0.1559553946611546,0.1559553946611546
373,266,1.5619327246603274,46,-1,-0.24953884825421813,0.7504611517457819
273,267,1.087618281444633,0,0,-0.02645796651373647,-0.02645796651373647
276,267,1.5940563995723689,0,0,0.07401837718837917,0.07401837718837917
296,267,0.8155148606328027,0,0,-0.01944125359808435,-0.01944125359808435
309,267,1.0562738028890326,0,0,-0.01037851632117176,-0.01037851632117176
316,267,1.5014716829158192,0,0,-0.03900247654176103,-0.03900247654176103
326,267,1.3789467987491113,0,0,0.06645203840937049,0.06645203840937049
343,267,1.2477676964600184,0,0,-0.04435792567054114,-0.04435792567054114
348,267,1.3794340405622856,0,0,-0.008125495213556128,-0.008125495213556128
355,267,1.1595495495745232,0,0,0.026687734345506364,0.026687734345506364
360,267,1.0304456290235868,0,0,-0.030455882726347694,-0.030455882726347694
378,267,1.135369426093315,0,0,-0.04474319021040643,-0.04474319021040643
274,268,1.5006267988360396,0,0,-0.13516213835593371,-0.13516213835593371
277,268,0.9362412770845174,0,0,0.09270362397531201,0.09270362397531201
282,268,0.5727402401242441,0,0,0.07167391893644776,0.07167391893644776
287,268,1.3212981749604726,0,0,0.09076946948367484,0.09076946948367484
288,268,0.7514339290067319,0,0,-0.07532357211366075,-0.07532357211366075
298,268,0.8618124811068191,0,0,0.09994486985594286,0.09994486985594286
306,268,0.8527639494118919,0,0,-0.05106306823135387,-0.05106306823135387
308,268,1.5847145846034632,0,0,-0.14576727137604062,-0.14576727137604062
313,268,1.0255336084291775,0,0,-0.13514204322787415,-0.13514204322787415
327,268,1.3056560817263556,0,0,0.0336651444133772,0.0336651444133772
332,268,1.4679847600715485,0,0,0.10143336291185212,0.10143336291185212
340,268,0.3702812353659326,0,0,-0.02130567735592559,-0.02130567735592559
344,268,0.5706671190348563,0,0,-0.062219595429039654,-0.062219595429039654
353,268,1.1188199483242343,0,0,0.11205013382616447,0.11205013382616447
358,268,0.8937323545440876,0,0,0.1205864535484771,0.1205864535484771
371,268,0.9940111501887519,0,0,-0.08494884635231381,-0.08494884635231381
376,268,1.213329657082077,0,0,-0.08438254878850426,-0.08438254878850426
385,268,1.4650451870646142,0,0,0.19001499610992764,0.19001499610992764
387,268,0.7165636272560926,0,0,-0.03166121244064768,-0.03166121244064768
388,268,0.8233405396039772,0,0,0.08921050450501322,0.08921050450501322
392,268,0.10902143444323179,0,0,0.011247473825028165,0.011247473825028165
395,268,0.9069152532181984,0,0,0.01007718349882139,0.01007718349882139
397,268,0.19655376040424435,0,0,-0.006983592520883514,-0.006983592520883514
274,269,1.5106950998271822,0,0,0.07472914340597803,0.07472914340597803
281,269,1.1007006144169251,0,0,0.030234316178812393,0.030234316178812393
283,269,0.29374931745571414,0,0,0.01646322896659086,0.01646322896659086
284,269,0.7043716870951033,0,0,-0.01137826383774615,-0.01137826383774615
285,269,0.8809617481749307,0,0,-0.0085747289380666,-0.0085747289380666
300,269,1.3502996460860672,0,0,0.034559964286185796,0.034559964286185796
308,269,1.34627722288265,0,0,0.06412401038587112,0.06412401038587112
315,269,1.4243468851553633,0,0,-0.04569828852201041,-0.04569828852201041
329,269,0.9165078763090686,0,0,0.03519854032121977,0.03519854032121977
362,269,0.522720563001659,0,0,-0.00840706781556444,-0.00840706781556444
366,269,0.5236863370630718,0,0,0.02263759440845914,0.02263759440845914
394,269,0.9176403744978723,0,0,-0.04076821884649107,-0.04076821884649107
289,270,0.8953358363398312,0,0,0.008470940990879416,0.008470940990879416
290,270,1.3556726260351282,0,0,-0.04349124222221096,-0.04349124222221096
297,270,0.40514868534704473,0,0,0.012260383140627374,0.012260383140627374
303,270,0.47149646956986135,0,0,-0.021807706238879628,-0.021807706238879628
312,270,1.3837669104330306,0,0,-0.05185762024260965,-0.05185762024260965
320,270,1.3286580561508636,0,0,0.03980632560216817,0.03980632560216817
322,270,0.8209706462212975,0,0,9.629986707931221e-5,9.629986707931221e-5
326,270,1.4336102357561702,0,0,-0.08005404952752591,-0.08005404952752591
333,270,0.7420978547494801,0,0,0.004381555535888808,0.004381555535888808
334,270,1.4053793888629795,0,0,0.03783504975527205,0.03783504975527205
345,270,1.4714382534814023,0,0,0.0012802929514688782,0.0012802929514688782
346,270,1.4000789736485229,0,0,0.07151011597407288,0.07151011597407288
350,270,0.9660184461643,0,0,0.039502284820593904,0.039502284820593904
364,270,0.8731790253704996,0,0,0.04251949827384206,0.04251949827384206
370,270,0.9115446212869133,0,0,-0.023598186645652608,-0.023598186645652608
374,270,1.0454545995025852,0,0,-0.05089916208401793,-0.05089916208401793
375,270,0.426145147105857,0,0,0.008773299059881976,0.008773299059881976
377,270,1.4979159152843216,0,0,0.016757559776376395,0.016757559776376395
384,270,1.513626208569301,0,0,0.03415918894654564,0.03415918894654564
385,270,1.436261752521202,0,0,-0.015976074769712627,-0.015976074769712627
390,270,1.087190199635689,0,0,0.019255991515329245,0.019255991515329245
399,270,0.5399999356080014,0,0,0.02879463535394599,0.02879463535394599
272,271,1.5263956379421344,0,0,0.09024252963056179,0.09024252963056179
278,271,1.4133617750144265,0,0,0.0573995268198646,0.0573995268198646
279,271,0.694032187203835,0,0,-0.010287051415537984,-0.010287051415537984
305,271,1.4874914910412795,0,0,-0.1210626895456431,-0.1210626895456431
307,271,0.5677351436725075,0,0,-0.010837934387687015,-0.010837934387687015
314,271,1.551879629366751,0,0,-0.14166754498219813,-0.14166754498219813
317,271,0.7422906240462919,0,0,0.03304722435697327,0.03304722435697327
318,271,0.2639789850085517,0,0,-0.002951736525774129,-0.002951736525774129
330,271,1.5297251636100109,0,0,0.026306093241097617,0.026306093241097617
338,271,1.2792796879907615,0,0,0.06710193310287788,0.06710193310287788
359,271,1.4868350362115494,0,0,-0.06447199824675914,-0.06447199824675914
365,271,1.4860574992956408,0,0,-0.11291091356384113,-0.11291091356384113
369,271,1.4379925864964367,0,0,0.07024864587411472,0.07024864587411472
372,271,0.8731243386610359,0,0,0.006779407764446438,0.006779407764446438
379,271,0.09443061533765754,0,0,-0.0003022565219960027,-0.0003022565219960027
380,271,0.33390085047167056,0,0,-0.02272877996089029,-0.02272877996089029
383,271,0.7330838229344916,0,0,0.020972226253840404,0.020972226253840404
386,271,0.8524853593575449,0,0,-0.027580460433515253,-0.027580460433515253
389,271,0.6203925472503267,0,0,0.018722857938243465,0.018722857938243465
391,271,0.7577684810788619,0,0,-0.030878229024211,-0.030878229024211
393,271,1.0095279722293093,0,0,0.04240242929128085,0.04240242929128085
278,272,0.6200286743489116,0,0,-0.032843002810697186,-0.032843002810697186
279,272,1.0781885545488694,0,0,-0.10052958104609977,-0.10052958104609977
315,272,1.380260166697882,1,1,0.21704577937275782,-0.7829542206272422
317,272,1.0102631792710985,0,0,-0.057195305273588515,-0.057195305273588515
318,272,1.3721539407548553,0,0,-0.09319426615633591,-0.09319426615633591
324,272,1.0940450247033633,1,1,0.03956637790488449,-0.9604336220951155
325,272,1.2580416815599105,1,1,0.04486032538677809,-0.9551396746132219
336,272,1.1979197141346278,1,1,0.14359427680515857,-0.8564057231948414
338,272,0.5468267342107431,0,0,-0.02314059652768391,-0.02314059652768391
359,272,1.5269995369983338,0,0,-0.15471452787732093,-0.15471452787732093
363,272,0.726126814730681,1,1,0.0234418846223452,-0.9765581153776548
369,272,0.1100251540235604,0,0,-0.01999388375644706,-0.01999388375644706
372,272,0.8860877856475722,0,0,-0.08346312186611535,-0.08346312186611535
379,272,1.4939108600765505,0,0,-0.09054478615255779,-0.09054478615255779
381,272,1.012983607358289,1,1,0.12303476988010598,-0.876965230119894
383,272,1.5146035335967496,0,0,-0.06927030337672138,-0.06927030337672138
386,272,1.1589948309065157,0,0,-0.11782299006407704,-0.11782299006407704
389,272,0.911532186337644,0,0,-0.07151967169231832,-0.07151967169231832
393,272,0.8790576597215634,0,0,-0.04784010033928093,-0.04784010033928093
282,273,1.5280681703861105,0,0,0.03864690250744035,0.03864690250744035
296,273,1.4564681403983755,0,0,0.007016712915652118,0.007016712915652118
298,273,1.4676217894851724,0,0,0.06691785342693546,0.06691785342693546
309,273,0.4150634346037624,0,0,0.01607945019256471,0.01607945019256471
326,273,1.4972155586512566,0,0,0.09291000492310696,0.09291000492310696
331,273,0.9219089983272377,0,0,-0.04513819544132114,-0.04513819544132114
343,273,0.25083544065867097,0,0,-0.017899959156804673,-0.017899959156804673
353,273,1.4659397132196563,0,0,0.07902311739715706,0.07902311739715706
360,273,1.3956668335440183,0,0,-0.003997916212611224,-0.003997916212611224
368,273,1.5708127629313648,0,0,-0.03813525914025162,-0.03813525914025162
378,273,1.0916503929701573,0,0,-0.01828522369666996,-0.01828522369666996
387,273,1.5087902529702295,0,0,-0.06468822886965508,-0.06468822886965508
388,273,1.444241406874996,0,0,0.056183488076005816,0.056183488076005816
395,273,1.0548330881952381,0,0,-0.022949832930186015,-0.022949832930186015
280,274,1.4352981532491536,0,0,0.011752941793296001,0.011752941793296001
281,274,0.6435678522702132,0,0,-0.044494827227165634,-0.044494827227165634
283,274,1.4624766466833437,0,0,-0.05826591443938717,-0.05826591443938717
288,274,1.1529139758786255,0,0,0.05983856624227296,0.05983856624227296
306,274,0.7910176769424279,0,0,0.08409907012457984,0.08409907012457984
308,274,0.19740977532718168,0,0,-0.010605133020106905,-0.010605133020106905
313,274,1.1343376686171405,0,0,2.0095128059560707e-5,2.0095128059560707e-5
315,274,1.4337627308060552,0,0,-0.12042743192798844,-0.12042743192798844
329,274,0.708084098432445,0,0,-0.03953060308475825,-0.03953060308475825
340,274,1.1558791792682286,0,0,0.11385646100000812,0.11385646100000812
344,274,1.0811939833310888,0,0,0.07294254292689406,0.07294254292689406
366,274,1.0455610276124363,0,0,-0.05209154899751889,-0.05209154899751889
371,274,0.5529396389992819,0,0,0.0502132920036199,0.0502132920036199
376,274,0.4019225687578281,0,0,0.05077958956742945,0.05077958956742945
392,274,1.5418152289327591,0,0,0.14640961218096188,0.14640961218096188
397,274,1.358113334299189,0,0,0.1281785458350502,0.1281785458350502
278,275,1.4054407660308252,0,0,0.23608744858139163,0.23608744858139163
279,275,1.3477074119135253,0,0,0.16840087034598905,0.16840087034598905
282,275,1.5078375773480228,0,0,-0.18676028001478345,-0.18676028001478345
286,275,0.20901678576450225,0,0,-0.0082665899148611,-0.0082665899148611
298,275,1.4799912714448695,0,0,-0.15848932909528834,-0.15848932909528834
302,275,0.46635781040007335,0,0,-0.04714571706858915,-0.04714571706858915
305,275,0.39158798247291615,0,0,0.057625232215883934,0.057625232215883934
314,275,1.0071823479671602,0,0,0.037020376779328894,0.037020376779328894
321,275,1.027983331588946,0,0,0.07942264203380286,0.07942264203380286
322,275,1.1360195452180988,0,0,-0.05234682820451162,-0.05234682820451162
328,275,1.3678035912280273,0,0,0.07957712736352715,0.07957712736352715
334,275,0.48111890625634046,0,0,-0.01460807831631888,-0.01460807831631888
335,275,0.36368154857354,0,0,-0.041364298049538846,-0.041364298049538846
353,275,1.495448966751584,0,0,-0.14638406512506674,-0.14638406512506674
354,275,0.6498924614075546,0,0,0.07319639723745157,0.07319639723745157
358,275,1.1763844287182856,0,0,-0.13784774540275413,-0.13784774540275413
359,275,0.7822095192916784,0,0,0.11421592351476789,0.11421592351476789
370,275,1.2353550677123728,0,0,-0.07604131471724354,-0.07604131471724354
372,275,1.316415079553222,0,0,0.18546732952597347,0.18546732952597347
373,275,1.0210107378314308,0,0,0.08611515402553284,0.08611515402553284
384,275,0.3822748442606825,0,0,-0.01828393912504529,-0.01828393912504529
385,275,0.6771455537118534,0,0,-0.06841920284130357,-0.06841920284130357
386,275,1.0924824476839947,0,0,0.15110746132801178,0.15110746132801178
388,275,1.5017256265781649,0,0,-0.169223694446218,-0.169223694446218
390,275,0.8364639556857332,0,0,-0.03318713655626169,-0.03318713655626169
399,275,1.4910384411835378,0,0,-0.023648492717644944,-0.023648492717644944
287,276,1.52679081391752,0,0,-0.0427338906474482,-0.0427338906474482
290,276,1.24654249685848,0,0,0.028996468526306274,0.028996468526306274
292,276,1.4335299576290954,0,0,0.042843706483439645,0.042843706483439645
304,276,0.06940377365629044,0,0,0.002313074287136896,0.002313074287136896
312,276,1.385444018614621,0,0,0.020630090505907583,0.020630090505907583
326,276,1.5438393924207863,0,0,-0.007566338779008683,-0.007566338779008683
332,276,1.4005895974835814,0,0,-0.032069997219270924,-0.032069997219270924
355,276,1.0404034503528838,0,0,-0.047330642842872805,-0.047330642842872805
357,276,1.124461419228185,0,0,0.015036265258940237,0.015036265258940237
396,276,0.8662465387674864,0,0,0.026653643073025243,0.026653643073025243
282,277,0.883570166371655,0,0,-0.021029705038864255,-0.021029705038864255
286,277,1.5905409478587897,0,0,0.1574639850610581,0.1574639850610581
287,277,0.44705860953096066,0,0,-0.001934154491637169,-0.001934154491637169
298,277,1.0088577617161743,0,0,0.007241245880630853,0.007241245880630853
302,277,1.3859646478998113,0,0,0.11858485790733005,0.11858485790733005
306,277,1.448951750174797,0,0,-0.14376669220666588,-0.14376669220666588
327,277,1.0938302387248804,0,0,-0.05903847956193481,-0.05903847956193481
332,277,0.5564876701483711,0,0,0.00872973893654011,0.00872973893654011
335,277,1.3972347593190024,0,0,0.12436627692638036,0.12436627692638036
340,277,1.176289833633147,0,0,-0.1140093013312376,-0.1140093013312376
344,277,1.4595860700633367,0,0,-0.15492321940435166,-0.15492321940435166
348,277,1.4263393093472065,0,0,-0.04134413624612426,-0.04134413624612426
353,277,1.1918078584644727,0,0,0.019346509850852456,0.019346509850852456
355,277,1.5310316535957376,0,0,-0.006530906687061772,-0.006530906687061772
357,277,1.4255975291868381,0,0,0.05583600141475127,0.05583600141475127
358,277,0.7477943248051118,0,0,0.027882829573165083,0.027882829573165083
385,277,1.3248672442328329,0,0,0.09731137213461563,0.09731137213461563
387,277,1.574886330662414,0,0,-0.12436483641595969,-0.12436483641595969
388,277,1.0744907999607898,0,0,-0.003493119470298789,-0.003493119470298789
392,277,0.8757722458019814,0,0,-0.08145615015028385,-0.08145615015028385
397,277,0.9716566901600652,0,0,-0.09968721649619552,-0.09968721649619552
279,278,0.8674030430144956,0,0,-0.06768657823540258,-0.06768657823540258
286,278,1.4686757154427232,0,0,-0.24435403849625273,-0.24435403849625273
305,278,1.1057706139267607,0,0,-0.1784622163655077,-0.1784622163655077
315,278,1.5463822081916394,1,1,0.249888782183455,-0.750111217816545
317,278,1.1881722421934635,0,0,-0.02435230246289133,-0.02435230246289133
318,278,1.2307296678246828,0,0,-0.06035126334563873,-0.06035126334563873
321,278,1.3479976501072841,0,0,-0.15666480654758877,-0.15666480654758877
324,278,0.674080545292015,1,1,0.07240938071558167,-0.9275906192844183
325,278,0.8624700299936686,1,1,0.07770332819747527,-0.9222966718025247
336,278,1.5477808367097776,1,1,0.17643727961585576,-0.8235627203841442
338,278,0.9461999098314189,0,0,0.009702406283013276,0.009702406283013276
354,278,1.1160968114276542,0,0,-0.16289105134394005,-0.16289105134394005
359,278,0.9213194660471572,0,0,-0.12187152506662374,-0.12187152506662374
363,278,1.281505543783626,1,1,0.056284887433042385,-0.9437151125669576
369,278,0.5419041596852953,0,0,0.012849119054250124,0.012849119054250124
372,278,0.6373917129629817,0,0,-0.05062011905541816,-0.05062011905541816
373,278,1.2914385048607282,0,0,-0.1499722945558588,-0.1499722945558588
379,278,1.361196784845092,0,0,-0.0577017833418606,-0.0577017833418606
380,278,1.4664915019036504,0,0,-0.08012830678075489,-0.08012830678075489
381,278,1.3798335569044797,1,1,0.15587777269080316,-0.8441222273091968
383,278,1.564540808631409,0,0,-0.036427300566024196,-0.036427300566024196
384,278,1.5871643822253712,0,0,-0.2543713877064369,-0.2543713877064369
386,278,0.794878980755957,0,0,-0.08497998725337985,-0.08497998725337985
389,278,0.8473838721443403,0,0,-0.038676668881621135,-0.038676668881621135
393,278,1.1561949481073266,0,0,-0.014997097528583747,-0.014997097528583747
286,279,1.3443994710832,0,0,-0.17666746026085015,-0.17666746026085015
305,279,1.0245775274854962,0,0,-0.11077563813010512,-0.11077563813010512
307,279,1.231186066491394,0,0,-0.0005508829721490305,-0.0005508829721490305
314,279,1.294398294560844,0,0,-0.13138049356666015,-0.13138049356666015
317,279,0.8459590668479124,0,0,0.043334275772511255,0.043334275772511255
318,279,0.44234486949356056,0,0,0.007335314889763855,0.007335314889763855
321,279,1.5421299562938977,0,0,-0.08897822831218619,-0.08897822831218619
324,279,1.4668789251759897,1,1,0.14009595895098426,-0.8599040410490157
338,279,1.0964793586108368,0,0,0.07738898451841586,0.07738898451841586
354,279,1.2811894752377808,0,0,-0.09520447310853748,-0.09520447310853748
359,279,1.0867358180335427,0,0,-0.05418494683122116,-0.05418494683122116
365,279,1.5923246530456039,0,0,-0.10262386214830314,-0.10262386214830314
369,279,0.9949379417798287,0,0,0.08053569728965271,0.08053569728965271
372,279,0.23292818036783586,0,0,0.017066459179984422,0.017066459179984422
373,279,1.572474271197417,0,0,-0.08228571632045621,-0.08228571632045621
379,279,0.6135062130337974,0,0,0.009984794893541982,0.009984794893541982
380,279,0.6556075568072507,0,0,-0.012441728545352304,-0.012441728545352304
383,279,1.1915485395272336,0,0,0.03125927766937839,0.03125927766937839
386,279,0.2722883308276978,0,0,-0.017293409017977268,-0.017293409017977268
389,279,0.3908794729990729,0,0,0.02900990935378145,0.02900990935378145
391,279,1.3726522269901396,0,0,-0.020591177608673017,-0.020591177608673017
393,279,1.0315479926780597,0,0,0.052689480706818836,0.052689480706818836
283,280,1.491363340190962,0,0,-0.07001885623268317,-0.07001885623268317
300,280,1.102800554264719,0,0,-0.05192212091308823,-0.05192212091308823
308,280,1.4917502140426935,0,0,-0.022358074813402906,-0.022358074813402906
329,280,1.4352814070288913,0,0,-0.051283544878054255,-0.051283544878054255
341,280,1.2822417415510161,0,0,-0.02280757197540323,-0.02280757197540323
351,280,1.2907711504698531,0,0,0.0006155483742105172,0.0006155483742105172
356,280,1.522347471587286,0,0,0.09834576911523457,0.09834576911523457
361,280,1.055584928560447,0,0,0.06790071270149245,0.06790071270149245
366,280,1.579004377962381,0,0,-0.06384449079081489,-0.06384449079081489
376,280,1.5040451206584262,0,0,0.03902664777413345,0.03902664777413345
382,280,1.0352513294659373,0,0,-0.02352810795474919,-0.02352810795474919
398,280,0.4241486436100966,0,0,0.010000873190681325,0.010000873190681325
283,281,1.1741775798177156,0,0,-0.013771087212221533,-0.013771087212221533
288,281,1.2474138716587733,0,0,0.1043333934694386,0.1043333934694386
306,281,1.2909879554309087,0,0,0.12859389735174548,0.12859389735174548
308,281,0.449563801132918,0,0,0.03388969420705873,0.03388969420705873
313,281,1.0578495307299984,0,0,0.044514922355225195,0.044514922355225195
315,281,0.8453351090983205,0,0,-0.0759326047008228,-0.0759326047008228
329,281,0.587531291502251,0,0,0.004964224142407381,0.004964224142407381
336,281,1.3304665330487342,0,0,-0.149384107268422,-0.149384107268422
340,281,1.5045867707999567,0,0,0.15835128822717376,0.15835128822717376
344,281,1.2519976155986792,0,0,0.1174373701540597,0.1174373701540597
362,281,1.5412995275466268,0,0,-0.03864138399437683,-0.03864138399437683
366,281,0.6934782965219978,0,0,-0.007596721770353254,-0.007596721770353254
371,281,0.9902695413833996,0,0,0.09470811923078554,0.09470811923078554
376,281,0.9940709536069329,0,0,0.09527441679459508,0.09527441679459508
381,281,1.4049728748329826,0,0,-0.1699436141934746,-0.1699436141934746
286,282,1.536237455317229,0,0,0.17849369009992236,0.17849369009992236
287,282,1.2581539089110532,0,0,0.019095550547227086,0.019095550547227086
288,282,1.1289769857305738,0,0,-0.1469974910501085,-0.1469974910501085
298,282,0.29372257277666275,0,0,0.028270950919495108,0.028270950919495108
302,282,1.4128873079256907,0,0,0.13961456294619431,0.13961456294619431
306,282,1.4220525531019679,0,0,-0.12273698716780163,-0.12273698716780163
309,282,1.397124428902633,0,0,-0.02256745231487564,-0.02256745231487564
313,282,1.3735738684751462,0,0,-0.2068159621643219,-0.2068159621643219
322,282,1.397693972074127,0,0,0.13441345181027184,0.13441345181027184
327,282,1.5933870523487677,0,0,-0.038008774523070554,-0.038008774523070554
332,282,1.3453587897236599,0,0,0.029759443975404365,0.029759443975404365
334,282,1.4548926141772625,0,0,0.17215220169846457,0.17215220169846457
335,282,1.3327638296982383,0,0,0.14539598196524461,0.14539598196524461
340,282,0.9360886841152175,0,0,-0.09297959629237335,-0.09297959629237335
344,282,1.03609629767094,0,0,-0.1338935143654874,-0.1338935143654874
353,282,0.5527695981808252,0,0,0.04037621488971671,0.04037621488971671
358,282,0.4489108830735911,0,0,0.04891253461202934,0.04891253461202934
370,282,1.218753009022089,0,0,0.11071896529753991,0.11071896529753991
371,282,1.5615015645887123,0,0,-0.15662276528876157,-0.15662276528876157
374,282,1.2117430674507788,0,0,0.08341798985917459,0.08341798985917459
384,282,1.3475255062034814,0,0,0.16847634088973817,0.16847634088973817
385,282,1.0051564085407945,0,0,0.11834107717347989,0.11834107717347989
387,282,0.8166826275948437,0,0,-0.10333513137709543,-0.10333513137709543
388,282,0.2721952313407934,0,0,0.017536585568565466,0.017536585568565466
390,282,1.430539351393689,0,0,0.15357314345852177,0.15357314345852177
392,282,0.5439889720413201,0,0,-0.06042644511141959,-0.06042644511141959
395,282,0.8387789785830687,0,0,-0.061596735437626365,-0.061596735437626365
397,282,0.7327824581187763,0,0,-0.07865751145733127,-0.07865751145733127
284,283,0.8546494383337228,0,0,-0.02784149280433701,-0.02784149280433701
285,283,0.9258944658769147,0,0,-0.02503795790465746,-0.02503795790465746
300,283,1.1931756195158132,0,0,0.018096735319594937,0.018096735319594937
308,283,1.3240474980885677,0,0,0.04766078141928026,0.04766078141928026
329,283,0.8667697246210507,0,0,0.018735311354628914,0.018735311354628914
362,283,0.6680731783575465,0,0,-0.0248702967821553,-0.0248702967821553
366,283,0.5462271495756243,0,0,0.006174365441868279,0.006174365441868279
382,283,1.5604811853453686,0,0,0.04649074827793398,0.04649074827793398
394,283,1.178687000168154,0,0,-0.057231447813081926,-0.057231447813081926
285,284,0.508340135343466,0,0,0.0028035348996795495,0.0028035348996795495
295,284,1.4966016780667548,0,0,-0.024972592690149453,-0.024972592690149453
300,284,1.4035141243438913,0,0,0.045938228123931946,0.045938228123931946
319,284,1.3666587616068429,0,0,0.006325606908705372,0.006325606908705372
329,284,1.5977807538676292,0,0,0.04657680415896592,0.04657680415896592
362,284,0.20474109574906238,0,0,0.00297119602218171,0.00297119602218171
366,284,1.2116845501808562,0,0,0.03401585824620529,0.03401585824620529
394,284,0.5726624819834637,0,0,-0.029389955008744917,-0.029389955008744917
295,285,1.1329268206217546,0,0,-0.027776127589829003,-0.027776127589829003
300,285,0.9647948555980463,0,0,0.043134693224252396,0.043134693224252396
319,285,0.9204497624407706,0,0,0.003522072009025823,0.003522072009025823
341,285,1.4124479814037048,0,0,0.0722492421619374,0.0722492421619374
352,285,1.50870638723731,0,0,-0.03149039340788484,-0.03149039340788484
362,285,0.5857736897559149,0,0,0.0001676611225021607,0.0001676611225021607
366,285,1.2957707269822387,0,0,0.03121232334652574,0.03121232334652574
382,285,1.3611889005897904,0,0,0.07152870618259144,0.07152870618259144
394,285,0.9916035860736577,0,0,-0.032193489908424466,-0.032193489908424466
298,286,1.5252694467461148,0,0,-0.15022273918042725,-0.15022273918042725
302,286,0.3572891936791426,0,0,-0.03887912715372805,-0.03887912715372805
305,286,0.5129598333972896,0,0,0.06589182213074503,0.06589182213074503
314,286,0.8844086990258933,0,0,0.045286966694189995,0.045286966694189995
321,286,1.2302695138986657,0,0,0.08768923194866396,0.08768923194866396
322,286,1.258087606007821,0,0,-0.04408023828965052,-0.04408023828965052
328,286,1.5682537144300626,0,0,0.08784371727838824,0.08784371727838824
334,286,0.6576989919821428,0,0,-0.006341488401457782,-0.006341488401457782
335,286,0.31437276985052637,0,0,-0.033097708134677745,-0.033097708134677745
337,286,1.559064749691323,0,0,0.027388355360281932,0.027388355360281932
353,286,1.5580451450097939,0,0,-0.13811747521020565,-0.13811747521020565
354,286,0.842113445857597,0,0,0.08146298715231266,0.08146298715231266
358,286,1.1758298487057302,0,0,-0.129581155487893,-0.129581155487893
359,286,0.9467254745890518,0,0,0.12248251342962899,0.12248251342962899
365,286,1.5722806018396218,0,0,0.074043598112547,0.074043598112547
370,286,1.3376444730976933,0,0,-0.06777472480238245,-0.06777472480238245
372,286,1.3281815958576517,0,0,0.19373391944083457,0.19373391944083457
373,286,1.2243910495986643,0,0,0.09438174394039393,0.09438174394039393
384,286,0.5531654496800261,0,0,-0.010017349210184191,-0.010017349210184191
385,286,0.750651451116382,0,0,-0.06015261292644246,-0.06015261292644246
386,286,1.1091353986914063,0,0,0.15937405124287288,0.15937405124287288
388,286,1.556528393914069,0,0,-0.1609571045313569,-0.1609571045313569
390,286,0.992148055375868,0,0,-0.024920546641400587,-0.024920546641400587
296,287,1.5641364861075056,0,0,-0.05072574013901532,-0.05072574013901532
298,287,1.330607208276552,0,0,0.009175400372268022,0.009175400372268022
304,287,1.5812284947258055,0,0,0.0450469649345851,0.0450469649345851
327,287,1.01418657974749,0,0,-0.05710432507029764,-0.05710432507029764
332,287,0.19690090087321246,0,0,0.010663893428177279,0.010663893428177279
340,287,1.5181512293086294,0,0,-0.11207514683960043,-0.11207514683960043
348,287,1.1448367625927975,0,0,-0.039409981754487095,-0.039409981754487095
353,287,1.469093926359584,0,0,0.021280664342489625,0.021280664342489625
355,287,1.1666194654061552,0,0,-0.004596752195424603,-0.004596752195424603
357,287,1.1637643112380838,0,0,0.05777015590638844,0.05777015590638844
358,287,1.110715683707686,0,0,0.02981698406480225,0.02981698406480225
388,287,1.4106104387278424,0,0,-0.00155896497866162,-0.00155896497866162
392,287,1.279115254929915,0,0,-0.07952199565864668,-0.07952199565864668
397,287,1.3627007393876494,0,0,-0.09775306200455836,-0.09775306200455836
298,288,1.3708610542537223,0,0,0.17526844196960362,0.17526844196960362
306,288,0.929375162168393,0,0,0.024260503882306883,0.024260503882306883
308,288,1.1622411253877005,0,0,-0.07044369926237987,-0.07044369926237987
313,288,0.3237413044121409,0,0,-0.0598184711142134,-0.0598184711142134
315,288,1.5318029717212516,0,0,-0.1802659981702614,-0.1802659981702614
340,288,0.6419837106273261,0,0,0.05401789475773516,0.05401789475773516
344,288,0.2623203224865768,0,0,0.0131039766846211,0.0131039766846211
352,288,1.3841940146519376,0,0,-0.17463283199420243,-0.17463283199420243
353,288,1.5850341249701987,0,0,0.18737370593982522,0.18737370593982522
358,288,1.4809159183524512,0,0,0.19591002566213783,0.19591002566213783
371,288,0.8772405587079424,0,0,-0.009625274238653059,-0.009625274238653059
376,288,1.0459042816925979,0,0,-0.00905897667484351,-0.00905897667484351
387,288,0.5430574753228864,0,0,0.043662359673013074,0.043662359673013074
388,288,1.285948312772343,0,0,0.16453407661867397,0.16453407661867397
392,288,0.7977507916998154,0,0,0.08657104593868892,0.08657104593868892
395,288,0.9653285534078268,0,0,0.08540075561248214,0.08540075561248214
397,288,0.7183598005532988,0,0,0.06833997959277724,0.06833997959277724
290,289,1.5599229175311786,0,0,-0.051962183213090374,-0.051962183213090374
291,289,1.3381152843780493,0,0,0.039802535888378114,0.039802535888378114
297,289,0.8336722274124283,0,0,0.0037894421497479576,0.0037894421497479576
303,289,1.2223071042659044,0,0,-0.030278647229759044,-0.030278647229759044
310,289,1.242438057871325,0,0,0.024772040846909947,0.024772040846909947
320,289,0.9324369202051103,0,0,0.03133538461128876,0.03133538461128876
322,289,1.5208021897531583,0,0,-0.008374641123800104,-0.008374641123800104
333,289,0.20783496004144464,0,0,-0.004089385454990609,-0.004089385454990609
345,289,0.7838628047421978,0,0,-0.007190648039410538,-0.007190648039410538
349,289,1.2175101024728794,0,0,0.030855941937396106,0.030855941937396106
350,289,1.0966741522793293,0,0,0.031031343829714488,0.031031343829714488
364,289,1.3301369725268037,0,0,0.034048557282962646,0.034048557282962646
375,289,0.6437442643009614,0,0,0.0003023580690025597,0.0003023580690025597
377,289,0.7517702989728431,0,0,0.008286618785496979,0.008286618785496979
399,289,1.1671961355256875,0,0,0.020323694363066573,0.020323694363066573
400,289,1.4211074743459773,0,0,0.03759462901684534,0.03759462901684534
303,290,1.102182619092049,0,0,0.02168353598333133,0.02168353598333133
304,290,1.1966256258346042,0,0,-0.026683394239169378,-0.026683394239169378
312,290,0.26412579447487206,0,0,-0.00836637802039869,-0.00836637802039869
326,290,0.7364776468109971,0,0,-0.03656280730531496,-0.03656280730531496
333,290,1.4458888379230619,0,0,0.047872797758099765,0.047872797758099765
370,290,1.486921305606711,0,0,0.01989305557655835,0.01989305557655835
374,290,1.1450844536416076,0,0,-0.007407919861806972,-0.007407919861806972
396,290,1.3813081987425782,0,0,-0.0023428254532810305,-0.0023428254532810305
297,291,1.3621371602772434,0,0,-0.03601309373863015,-0.03601309373863015
301,291,0.9378484214109454,0,0,-0.009313783990335082,-0.009313783990335082
310,291,0.9394471252321943,0,0,-0.015030495041468167,-0.015030495041468167
320,291,0.569193445349138,0,0,-0.008467151277089356,-0.008467151277089356
333,291,1.3626564833399488,0,0,-0.04389192134336872,-0.04389192134336872
337,291,1.2198169185479621,0,0,0.023291416637754234,0.023291416637754234
346,291,1.0326269057941577,0,0,0.023236639094815346,0.023236639094815346
349,291,0.6156990694817153,0,0,-0.00894659395098201,-0.00894659395098201
350,291,0.9310489608536429,0,0,-0.008771192058663627,-0.008771192058663627
364,291,1.3181440398441766,0,0,-0.005753978605415469,-0.005753978605415469
365,291,1.3422547976148549,0,0,0.06994665939001932,0.06994665939001932
375,291,1.317055124562231,0,0,-0.03950017781937555,-0.03950017781937555
377,291,1.0553312331178908,0,0,-0.03151591710288114,-0.03151591710288114
399,291,1.473629281079995,0,0,-0.01947884152531154,-0.01947884152531154
400,291,0.4501402227379149,0,0,-0.002207906871532772,-0.002207906871532772
302,292,1.5383620205807889,0,0,0.03494141526807937,0.03494141526807937
304,292,1.4356624447736337,0,0,-0.04053063219630275,-0.04053063219630275
310,292,1.5491635037745897,0,0,0.06288698610286696,0.06288698610286696
332,292,1.4774631074330888,0,0,-0.07491370370271057,-0.07491370370271057
345,292,1.1297820293746692,0,0,0.030924297216546465,0.030924297216546465
357,292,0.6241137833740471,0,0,-0.027807441224499407,-0.027807441224499407
377,292,1.482934568464775,0,0,0.046401564041453985,0.046401564041453985
396,292,0.6335021374077827,0,0,-0.0161900634104144,-0.0161900634104144
294,293,1.275817578197403,0,0,0.12966509904788848,0.12966509904788848
299,293,1.330455346547003,0,0,0.1448016171767329,0.1448016171767329
311,293,0.9592537364187509,46,-1,0.0246773566543248,1.0246773566543248
321,293,1.3769647103677811,46,-1,-0.17607215144697264,0.8239278485530274
323,293,1.4063427026443702,0,0,0.18270421117242375,0.18270421117242375
324,293,1.1946157325413749,0,0,0.05300203581619789,0.05300203581619789
325,293,1.1149041652716192,0,0,0.05829598329809138,0.05829598329809138
328,293,1.3150887384925105,46,-1,-0.17591766611724835,0.8240823338827516
342,293,1.0935354329158933,0,0,0.14767407207541294,0.14767407207541294
347,293,1.135634182896001,46,-1,-0.07797646556328242,0.9220235344367176
359,293,1.5564699130298916,46,-1,-0.14127886996600758,0.8587211300339924
373,293,1.3525413406205586,46,-1,-0.1693796394552426,0.8306203605447574
295,294,1.500811649509775,0,0,0.1101637702302975,0.1101637702302975
299,294,0.26870433910350555,0,0,0.015136518128844423,0.015136518128844423
311,294,1.2009414025169307,46,-1,-0.10498774239356357,0.8950122576064364
323,294,0.8244630815974985,0,0,0.05303911212453527,0.05303911212453527
325,294,1.486347301705886,0,0,-0.0713691157497971,-0.0713691157497971
342,294,0.4688877895052932,0,0,0.018008973027524466,0.018008973027524466
352,294,1.4096928797348294,0,0,0.10644950441224166,0.10644950441224166
299,295,1.2381664557928036,0,0,-0.09502725210145307,-0.09502725210145307
300,295,1.4082168454982416,0,0,0.0709108208140814,0.0709108208140814
313,295,1.5726697332590023,0,0,0.11110009506193319,0.11110009506193319
319,295,0.38086066711028466,0,0,0.031298199598854826,0.031298199598854826
323,295,0.8623459020434421,0,0,-0.05712465810576223,-0.05712465810576223
341,295,1.3474968654569197,0,0,0.1000253697517664,0.1000253697517664
342,295,1.2583583899680937,0,0,-0.09215479720277303,-0.09215479720277303
351,295,1.5117505212794469,0,0,0.12344849010138015,0.12344849010138015
352,295,0.5792515335692294,0,0,-0.0037142658180558397,-0.0037142658180558397
382,295,1.5241478344130215,0,0,0.09930483377242044,0.09930483377242044
309,296,1.5739398669155147,0,0,0.009062737276912591,0.009062737276912591
316,296,0.7625975077426339,0,0,-0.01956122294367668,-0.01956122294367668
327,296,1.2365974407509044,0,0,-0.006378584931282322,-0.006378584931282322
343,296,1.5374290113082123,0,0,-0.02491667207245679,-0.02491667207245679
348,296,0.6960423171072221,0,0,0.011315758384528224,0.011315758384528224
355,296,0.9116878352369978,0,0,0.046128987943590716,0.046128987943590716
360,296,0.39141261201316374,0,0,-0.011014629128263342,-0.011014629128263342
368,296,1.3783267431418453,0,0,-0.04515197205590374,-0.04515197205590374
378,296,0.861738052768335,0,0,-0.02530193661232208,-0.02530193661232208
303,297,0.8393777703110554,0,0,-0.034068089379507005,-0.034068089379507005
320,297,0.9718873048792336,0,0,0.027545942461540802,0.027545942461540802
322,297,0.9618921212285321,0,0,-0.012164083273548062,-0.012164083273548062
333,297,0.7228016736437514,0,0,-0.007878827604738566,-0.007878827604738566
334,297,1.3728478366352663,0,0,0.02557466661464468,0.02557466661464468
345,297,1.487784920013533,0,0,-0.010980090189158496,-0.010980090189158496
346,297,1.0292105450191011,0,0,0.059249732833445506,0.059249732833445506
349,297,1.522947215353301,0,0,0.02706649978764815,0.02706649978764815
350,297,0.5698855944554999,0,0,0.02724190167996653,0.02724190167996653
364,297,0.5625290431832485,0,0,0.030259115133214685,0.030259115133214685
370,297,1.1320163681215965,0,0,-0.03585856978627998,-0.03585856978627998
374,297,1.3861598859366615,0,0,-0.0631595452246453,-0.0631595452246453
375,297,0.1900903173982668,0,0,-0.003487084080745398,-0.003487084080745398
377,297,1.3562537949347768,0,0,0.0044971766357490214,0.0044971766357490214
384,297,1.5051386678601617,0,0,0.02189880580591827,0.02189880580591827
385,297,1.5401695635377881,0,0,-0.02823645791034,-0.02823645791034
390,297,1.1071189496495981,0,0,0.006995608374701871,0.006995608374701871
399,297,0.3821183262149664,0,0,0.016534252213318612,0.016534252213318612
302,298,1.3654903249979387,0,0,0.11134361202669919,0.11134361202669919
303,298,1.4244590788702591,0,0,0.08423849478481779,0.08423849478481779
309,298,1.2625401517127672,0,0,-0.05083840323437075,-0.05083840323437075
322,298,1.1657321138120613,0,0,0.10614250089077673,0.10614250089077673
326,298,1.3524214041251976,0,0,0.025992151496171498,0.025992151496171498
332,298,1.3843766442853647,0,0,0.0014884930559092568,0.0014884930559092568
334,298,1.3456707354915267,0,0,0.14388125077896946,0.14388125077896946
335,298,1.2844865986781877,0,0,0.1171250310457495,0.1171250310457495
340,298,1.2190520829270357,0,0,-0.12125054721186845,-0.12125054721186845
344,298,1.3072088476547907,0,0,-0.16216446528498252,-0.16216446528498252
353,298,0.2601481170845821,0,0,0.012105263970221602,0.012105263970221602
358,298,0.44010055212663296,0,0,0.02064158369253423,0.02064158369253423
370,298,0.9652312783036031,0,0,0.0824480143780448,0.0824480143780448
374,298,0.9187216594029375,0,0,0.05514703893967948,0.05514703893967948
384,298,1.2614643937997438,0,0,0.14020538997024307,0.14020538997024307
385,298,0.8850966627345189,0,0,0.09007012625398478,0.09007012625398478
387,298,0.9809261174446449,0,0,-0.13160608229659054,-0.13160608229659054
388,298,0.10842297603128771,0,0,-0.010734365350929642,-0.010734365350929642
390,298,1.2560425455300583,0,0,0.12530219253902666,0.12530219253902666
392,298,0.8374045642288839,0,0,-0.0886973960309147,-0.0886973960309147
395,298,0.9022470342204416,0,0,-0.08986768635712147,-0.08986768635712147
397,298,1.0263023003557672,0,0,-0.10692846237682638,-0.10692846237682638
311,299,1.4181617139062808,46,-1,-0.12012426052240799,0.879875739477592
319,299,1.5996912117521023,0,0,0.1263254517003079,0.1263254517003079
323,299,0.5761644854954735,0,0,0.03790259399569085,0.03790259399569085
324,299,1.5547118753447506,0,0,-0.09179958136053501,-0.09179958136053501
325,299,1.4062556945004887,0,0,-0.08650563387864152,-0.08650563387864152
342,299,0.3158991791133957,0,0,0.0028724548986800436,0.0028724548986800436
352,299,1.1512292780215734,0,0,0.09131298628339723,0.09131298628339723
319,300,1.032983632782386,0,0,-0.03961262121522657,-0.03961262121522657
341,300,0.6196931461268351,0,0,0.029114548937685003,0.029114548937685003
351,300,0.7918870007637798,0,0,0.05253766928729875,0.05253766928729875
362,300,1.3745332776196797,0,0,-0.042967032101750235,-0.042967032101750235
366,300,1.4904929995128824,0,0,-0.011922369877726657,-0.011922369877726657
382,300,0.4381282221310833,0,0,0.028394012958339043,0.028394012958339043
398,300,0.9109694595983884,0,0,0.06192299410376956,0.06192299410376956
310,301,0.6526630954898228,0,0,-0.005716711051133084,-0.005716711051133084
314,301,1.0939288402902918,0,0,0.05050381196199738,0.05050381196199738
320,301,1.3856010112004764,0,0,0.0008466327132457267,0.0008466327132457267
337,301,0.5912206319041325,0,0,0.03260520062808932,0.03260520062808932
345,301,1.5424366456135667,0,0,-0.03767939993745357,-0.03767939993745357
349,301,0.5815293321427397,0,0,0.00036719003935307363,0.00036719003935307363
365,301,0.8087764910410684,0,0,0.07926044338035439,0.07926044338035439
377,301,1.1169589378133218,0,0,-0.02220213311254605,-0.02220213311254605
400,301,0.5417463614994278,0,0,0.00710587711880231,0.00710587711880231
303,302,1.5762627836077323,0,0,-0.027105117241881412,-0.027105117241881412
305,302,0.8436612129604782,0,0,0.10477094928447309,0.10477094928447309
314,302,1.004549189851274,0,0,0.08416609384791804,0.08416609384791804
321,302,1.4451139298202538,0,0,0.126568359102392,0.126568359102392
322,302,1.1093267419036092,0,0,-0.0052011111359224725,-0.0052011111359224725
332,302,1.578832603504026,0,0,-0.10985511897078994,-0.10985511897078994
334,302,0.7008461290003277,0,0,0.03253763875227027,0.03253763875227027
335,302,0.1530315023147035,0,0,0.0057814190190503024,0.0057814190190503024
353,302,1.3775644288568154,0,0,-0.09923834805647759,-0.09923834805647759
354,302,1.0977091376616062,0,0,0.12034211430604072,0.12034211430604072
358,302,0.9971055227867271,0,0,-0.09070202833416496,-0.09070202833416496
359,302,1.247211835085544,0,0,0.16136164058335703,0.16136164058335703
370,302,1.151539577516996,0,0,-0.028895597648654393,-0.028895597648654393
373,302,1.4347535016564426,0,0,0.133260871094122,0.133260871094122
374,302,1.5409827681036672,0,0,-0.05619657308701971,-0.05619657308701971
384,302,0.6048123505181043,0,0,0.02886177794354386,0.02886177794354386
385,302,0.6021595329378576,0,0,-0.02127348577271441,-0.02127348577271441
386,302,1.4623305031393778,0,0,0.19825317839660092,0.19825317839660092
388,302,1.4186825401121015,0,0,-0.12207797737762884,-0.12207797737762884
390,302,0.9362263520818588,0,0,0.01395858051232746,0.01395858051232746
399,302,1.530914662414744,0,0,0.0234972243509442,0.0234972243509442
312,303,1.0902008104805092,0,0,-0.03004991400373002,-0.03004991400373002
322,303,0.6237327604683898,0,0,0.02190400610595894,0.02190400610595894
326,303,1.0191654780115618,0,0,-0.058246343288646286,-0.058246343288646286
333,303,1.03775745721232,0,0,0.026189261774768435,0.026189261774768435
334,303,1.3148264484346137,0,0,0.059642755994151676,0.059642755994151676
335,303,1.5335664440682526,0,0,0.032886536260931715,0.032886536260931715
350,303,1.3502535495372086,0,0,0.06130999105947353,0.06130999105947353
353,303,1.1812501911705702,0,0,-0.07213323081459619,-0.07213323081459619
358,303,1.5013354569030164,0,0,-0.06359691109228355,-0.06359691109228355
364,303,1.189890361979436,0,0,0.06432720451272168,0.06432720451272168
370,303,0.5813236406948862,0,0,-0.0017904804067729804,-0.0017904804067729804
374,303,0.5798258542310856,0,0,-0.029091455845138302,-0.029091455845138302
375,303,0.8666972680429016,0,0,0.030581005298761604,0.030581005298761604
384,303,1.3847023365603925,0,0,0.05596689518542527,0.05596689518542527
385,303,1.1858817249462674,0,0,0.005831631469167001,0.005831631469167001
388,303,1.4763586759480074,0,0,-0.09497286013574743,-0.09497286013574743
390,303,0.9805088032707046,0,0,0.04106369775420887,0.04106369775420887
399,303,0.798089323089258,0,0,0.05060234159282562,0.05060234159282562
312,304,1.3406907697564237,0,0,0.018317016218770688,0.018317016218770688
326,304,1.5202644243267893,0,0,-0.009879413066145579,-0.009879413066145579
332,304,1.4536409882481904,0,0,-0.03438307150640782,-0.03438307150640782
355,304,1.1000715849387337,0,0,-0.0496437171300097,-0.0496437171300097
357,304,1.1555414009318292,0,0,0.012723190971803341,0.012723190971803341
396,304,0.8549651970889767,0,0,0.024340568785888347,0.024340568785888347
314,305,1.0413246392884525,0,0,-0.02060485543655504,-0.02060485543655504
318,305,1.2963598122990578,0,0,0.11811095301986897,0.11811095301986897
321,305,0.8348244502368156,0,0,0.02179740981791893,0.02179740981791893
322,305,1.3905331050348577,0,0,-0.10997206042039556,-0.10997206042039556
324,305,1.346070985640893,1,1,0.2508715970810894,-0.7491284029189106
325,305,1.465045155674019,1,1,0.2561655445629829,-0.7438344554370171
328,305,1.1883769133502629,0,0,0.021951895147643216,0.021951895147643216
334,305,0.6808525183963082,0,0,-0.07223331053220282,-0.07223331053220282
335,305,0.7538991184314592,0,0,-0.09898953026542279,-0.09898953026542279
354,305,0.44420137948676486,0,0,0.015571165021567634,0.015571165021567634
358,305,1.4952303142435839,0,0,-0.19547297761863805,-0.19547297761863805
359,305,0.4653856889651087,0,0,0.05659069129888396,0.05659069129888396
365,305,1.5607119381270202,0,0,0.008151775981801973,0.008151775981801973
369,305,1.587288905109753,0,0,0.1913113354197578,0.1913113354197578
370,305,1.5212107511477424,0,0,-0.13366654693312746,-0.13366654693312746
372,305,0.9875663851878471,0,0,0.12784209731008955,0.12784209731008955
373,305,0.8477274253174448,0,0,0.028489921809648905,0.028489921809648905
379,305,1.4076011922740268,0,0,0.1207604330236471,0.1207604330236471
380,305,1.3119201330761463,0,0,0.09833390958475281,0.09833390958475281
384,305,0.6321833429201825,0,0,-0.07590917134092923,-0.07590917134092923
385,305,1.0111826817306717,0,0,-0.1260444350571875,-0.1260444350571875
386,305,0.7557155374754785,0,0,0.09348222911212785,0.09348222911212785
389,305,1.3088456448938073,0,0,0.13978554748388655,0.13978554748388655
390,305,1.0424372436460745,0,0,-0.09081236877214563,-0.09081236877214563
308,306,0.9428454486450552,0,0,-0.09470420314468675,-0.09470420314468675
313,306,1.1133185447613891,0,0,-0.08407897499652028,-0.08407897499652028
327,306,1.1834032129290877,0,0,0.08472821264473107,0.08472821264473107
329,306,1.4986358726394988,0,0,-0.1236296732093381,-0.1236296732093381
340,306,0.5045988294773205,0,0,0.02975739087542828,0.02975739087542828
344,306,0.7291946910431673,0,0,-0.011156527197685784,-0.011156527197685784
371,306,0.3148083801388675,0,0,-0.03388577812095994,-0.03388577812095994
376,306,0.41584569069609845,0,0,-0.033319480557150394,-0.033319480557150394
387,306,1.26361694249041,0,0,0.01940185579070619,0.01940185579070619
392,306,0.9012039277460143,0,0,0.062310542056382034,0.062310542056382034
395,306,1.4936001601200721,0,0,0.06114025173017526,0.06114025173017526
397,306,0.7282504166853955,0,0,0.044079475710470356,0.044079475710470356
317,307,1.1485298598653126,0,0,0.043885158744660285,0.043885158744660285
318,307,0.8144718806880186,0,0,0.007886197861912886,0.007886197861912886
330,307,1.338763526677893,0,0,0.03714402762878463,0.03714402762878463
365,307,1.5225197463541964,0,0,-0.10207297917615411,-0.10207297917615411
367,307,1.3237338048804723,0,0,-0.041251236051631085,-0.041251236051631085
372,307,1.397675349042768,0,0,0.017617342152133453,0.017617342152133453
379,307,0.6388011870015422,0,0,0.010535677865691012,0.010535677865691012
380,307,0.7054821165803118,0,0,-0.011890845573203274,-0.011890845573203274
383,307,0.7942236381947763,0,0,0.03181016064152742,0.03181016064152742
386,307,1.3301220411383776,0,0,-0.016742526045828238,-0.016742526045828238
389,307,1.1356847616224823,0,0,0.02956079232593048,0.02956079232593048
391,307,0.32728485428580534,0,0,-0.020040294636523986,-0.020040294636523986
393,307,1.379188005662452,0,0,0.05324036367896787,0.05324036367896787
313,308,1.0883612207314055,0,0,0.010625228148166466,0.010625228148166466
315,308,1.260793751269541,0,0,-0.10982229890788153,-0.10982229890788153
329,308,0.579869556828153,0,0,-0.02892547006465135,-0.02892547006465135
340,308,1.2580055330373907,0,0,0.12446159402011503,0.12446159402011503
344,308,1.1181734235234466,0,0,0.08354767594700097,0.08354767594700097
366,308,0.8832998587133221,0,0,-0.04148641597741198,-0.04148641597741198
371,308,0.6735541998230313,0,0,0.06081842502372681,0.06081842502372681
376,308,0.5819105940085753,0,0,0.061384722587536356,0.061384722587536356
397,308,1.4393396242984777,0,0,0.1387836788551571,0.1387836788551571
326,309,1.0961748386871157,0,0,0.07683055473054225,0.07683055473054225
331,309,1.295812432130044,0,0,-0.06121764563388585,-0.06121764563388585
343,309,0.6532146146797639,0,0,-0.03397940934936938,-0.03397940934936938
353,309,1.1972648401534172,0,0,0.06294366720459235,0.06294366720459235
374,309,1.3210853277445784,0,0,0.10598544217405023,0.10598544217405023
378,309,1.414636794759402,0,0,-0.03436467388923467,-0.03436467388923467
387,309,1.5325306310539994,0,0,-0.0807676790622198,-0.0807676790622198
388,309,1.2545984065049065,0,0,0.04010403788344111,0.04010403788344111
395,309,1.0795999150596436,0,0,-0.039029283122750724,-0.039029283122750724
320,310,1.1424486478491198,0,0,0.006563343764378811,0.006563343764378811
333,310,1.2700374453830903,0,0,-0.028861426301900556,-0.028861426301900556
337,310,1.2396617758825965,0,0,0.0383219116792224,0.0383219116792224
345,310,0.9807594978513617,0,0,-0.031962688886320485,-0.031962688886320485
349,310,0.3276783074006075,0,0,0.006083901090486158,0.006083901090486158
350,310,1.5373740470163315,0,0,0.0062593029828045404,0.0062593029828045404
365,310,1.4542863760723765,0,0,0.08497715443148747,0.08497715443148747
375,310,1.5596339852836183,0,0,-0.024469682777907387,-0.024469682777907387
377,310,0.5231287042494227,0,0,-0.016485422061412968,-0.016485422061412968
400,310,0.5825179834637431,0,0,0.012822588169935395,0.012822588169935395
330,311,1.3106873635312857,0,0,-0.07517813513247573,-0.07517813513247573
342,311,1.3635713364115545,1,1,0.12299671542108803,-0.877003284578912
347,311,1.239108989215398,0,0,-0.10265382221760738,-0.10265382221760738
326,312,0.5383246917088925,0,0,-0.028196429284916266,-0.028196429284916266
333,312,1.595259415600627,0,0,0.056239175778498456,0.056239175778498456
353,312,1.5863495431895824,0,0,-0.04208331681086616,-0.04208331681086616
370,312,1.4652227192394243,0,0,0.02825943359695704,0.02825943359695704
374,312,1.061184511351176,0,0,0.0009584581585917185,0.0009584581585917185
315,313,1.2389591817661258,0,0,-0.120447527056048,-0.120447527056048
319,313,1.5464698797823504,0,0,-0.07980189546307837,-0.07980189546307837
324,313,1.534449485370492,0,0,-0.2979269285239213,-0.2979269285239213
325,313,1.4793215975627036,0,0,-0.2926329810420278,-0.2926329810420278
329,313,1.5282699146703904,0,0,-0.039550698212817814,-0.039550698212817814
340,313,0.9148486943160057,0,0,0.11383636587194856,0.11383636587194856
344,313,0.4936893247390759,0,0,0.0729224477988345,0.0729224477988345
352,313,1.1805871397009509,0,0,-0.11481436087998903,-0.11481436087998903
371,313,0.9711853966210094,0,0,0.05019319687556034,0.05019319687556034
376,313,1.1380570396973086,0,0,0.05075949443936989,0.05075949443936989
387,313,0.781256408847989,0,0,0.10348083078722647,0.10348083078722647
388,313,1.518597920833845,0,0,0.22435254773288738,0.22435254773288738
392,313,1.050702034099388,0,0,0.14638951705290232,0.14638951705290232
395,313,1.2286046789359673,0,0,0.14521922672669554,0.14521922672669554
397,313,0.9609042533713117,0,0,0.12815845070699064,0.12815845070699064
318,314,1.3816875930215415,0,0,0.138715808456424,0.138715808456424
334,314,1.3487120316686114,0,0,-0.05162845509564778,-0.05162845509564778
335,314,1.0829836007892881,0,0,-0.07838467482886774,-0.07838467482886774
337,314,0.7826561330676733,0,0,-0.017898611333908063,-0.017898611333908063
349,314,1.5267336170703605,0,0,-0.05013662192264431,-0.05013662192264431
354,314,1.454191964485108,0,0,0.036176020458122675,0.036176020458122675
359,314,1.4643639922613478,0,0,0.07719554673543899,0.07719554673543899
365,314,0.7897042682030673,0,0,0.028756631418357013,0.028756631418357013
372,314,1.4235990853617078,0,0,0.14844695274664457,0.14844695274664457
379,314,1.468075104568667,0,0,0.14136528846020213,0.14136528846020213
380,314,1.2308612482453833,0,0,0.11893876502130785,0.11893876502130785
384,314,1.3214804146660095,0,0,-0.055304315904374186,-0.055304315904374186
385,314,1.5524197086798626,0,0,-0.10543957962063245,-0.10543957962063245
386,314,1.177417216333364,0,0,0.11408708454868288,0.11408708454868288
400,314,1.4915607594499956,0,0,-0.04339793484319507,-0.04339793484319507
324,315,1.486489271007378,0,0,-0.17747940146787328,-0.17747940146787328
325,315,1.5055344921325353,0,0,-0.1721854539859798,-0.1721854539859798
329,315,1.3476177623227128,0,0,0.08089682884323018,0.08089682884323018
336,315,0.5388681030594166,0,0,-0.07345150256759919,-0.07345150256759919
344,315,1.5661231957092931,0,0,0.1933699748548825,0.1933699748548825
363,315,1.539304170254781,0,0,-0.19360389475041256,-0.19360389475041256
366,315,1.2537267548777442,0,0,0.06833588293046955,0.06833588293046955
369,315,1.4531861997059647,46,-1,-0.23703966312920488,0.7629603368707951
371,315,1.5713098875669784,0,0,0.17064072393160834,0.17064072393160834
381,315,0.5845600243757062,0,0,-0.09401100949265179,-0.09401100949265179
394,315,1.4674861387654206,0,0,0.004930069675519344,0.004930069675519344
327,316,0.9568328184471311,0,0,0.01318263801239436,0.01318263801239436
348,316,0.8463996035932937,0,0,0.030876981328204905,0.030876981328204905
355,316,1.4776897726700282,0,0,0.0656902108872674,0.0656902108872674
356,316,1.100008062404489,0,0,-0.04554593384838598,-0.04554593384838598
360,316,0.5079114830287014,0,0,0.00854659381541334,0.00854659381541334
361,316,1.569046807222774,0,0,-0.0759909902621281,-0.0759909902621281
368,316,0.8842391260863172,0,0,-0.025590749112227057,-0.025590749112227057
378,316,0.8389599357524692,0,0,-0.0057407136686453974,-0.0057407136686453974
318,317,0.7458467644525074,0,0,-0.0359989608827474,-0.0359989608827474
330,317,1.450128272116473,0,0,-0.006741131115875654,-0.006741131115875654
338,317,0.6070178584613828,0,0,0.034054708745904605,0.034054708745904605
363,317,1.1939846871861501,1,1,0.08063718989593371,-0.9193628101040663
369,317,0.9461693075933539,0,0,0.03720142151714145,0.03720142151714145
372,317,0.869693818871777,0,0,-0.026267816592526833,-0.026267816592526833
379,317,0.7644930002195448,0,0,-0.03334948087896927,-0.03334948087896927
380,317,1.0163471181689612,0,0,-0.05577600431786356,-0.05577600431786356
383,317,0.6047743240830105,0,0,-0.012074998103132867,-0.012074998103132867
386,317,1.0662327241833898,0,0,-0.06062768479048852,-0.06062768479048852
389,317,0.48697937015573906,0,0,-0.014324366418729806,-0.014324366418729806
391,317,1.4282359503578128,0,0,-0.06392545338118427,-0.06392545338118427
393,317,0.28719896518058385,0,0,0.009355204934307582,0.009355204934307582
338,318,1.2125721223377166,0,0,0.070053669628652,0.070053669628652
354,318,1.5325412870111266,0,0,-0.10253978799830134,-0.10253978799830134
359,318,1.3362154914520397,0,0,-0.061520261720985014,-0.061520261720985014
365,318,1.4434269188411437,0,0,-0.109959177038067,-0.109959177038067
369,318,1.285658910025284,0,0,0.07320038239988885,0.07320038239988885
372,318,0.6430985927181312,0,0,0.009731144290220567,0.009731144290220567
379,318,0.17792351756163352,0,0,0.0026494800037781263,0.0026494800037781263
380,318,0.2993683973263829,0,0,-0.01977704343511616,-0.01977704343511616
383,318,0.911368054929257,0,0,0.023923962779614533,0.023923962779614533
386,318,0.6194090734892842,0,0,-0.024628723907741124,-0.024628723907741124
389,318,0.4764830682154406,0,0,0.021674594464017594,0.021674594464017594
391,318,0.9627246723343081,0,0,-0.027926492498436872,-0.027926492498436872
393,318,1.0055137974188875,0,0,0.04535416581705498,0.04535416581705498
323,319,1.2161143664398442,0,0,-0.08842285770461705,-0.08842285770461705
341,319,1.008207991350002,0,0,0.06872717015291158,0.06872717015291158
351,319,1.1889494164512846,0,0,0.09215029050252532,0.09215029050252532
352,319,0.8238225320248419,0,0,-0.035012465416910665,-0.035012465416910665
362,319,1.461193906611532,0,0,-0.003354410886523662,-0.003354410886523662
382,319,1.1603315214651893,0,0,0.06800663417356562,0.06800663417356562
333,320,0.992700966235907,0,0,-0.035424770066279365,-0.035424770066279365
345,320,1.4374843480031985,0,0,-0.038526032650699295,-0.038526032650699295
346,320,0.9696596637371314,0,0,0.031703790371904704,0.031703790371904704
349,320,0.8951858583673308,0,0,-0.0004794426738926531,-0.0004794426738926531
350,320,0.6558966567500194,0,0,-0.0003040407815742699,-0.0003040407815742699
364,320,1.0662881692767479,0,0,0.0027131726716738865,0.0027131726716738865
375,320,0.9038802924015265,0,0,-0.0310330265422862,-0.0310330265422862
377,320,0.9725563972051825,0,0,-0.02304876582579178,-0.02304876582579178
399,320,1.198829102328993,0,0,-0.011011690248222187,-0.011011690248222187
400,320,0.8980385318490133,0,0,0.006259244405556584,0.006259244405556584
322,321,1.2980688210358435,0,0,-0.13176947023831448,-0.13176947023831448
324,321,1.1881312202145278,1,1,0.22907418726317053,-0.7709258127368295
325,321,1.2190996305091795,1,1,0.23436813474506402,-0.765631865254936
328,321,0.4125074791920071,0,0,0.00015448532972428541,0.00015448532972428541
334,321,0.8301254901673416,0,0,-0.09403072035012175,-0.09403072035012175
335,321,1.315289835676195,0,0,-0.1207869400833417,-0.1207869400833417
339,321,1.2677920441547306,0,0,0.03679600922385112,0.03679600922385112
346,321,1.3387276157796961,0,0,-0.06035565413132092,-0.06035565413132092
350,321,1.5733900904553635,0,0,-0.09236348528479989,-0.09236348528479989
354,321,0.43133022762158174,0,0,-0.006226244796351296,-0.006226244796351296
359,321,0.5049787578901438,0,0,0.03479328148096503,0.03479328148096503
364,321,1.314983907556019,0,0,-0.08934627183155174,-0.08934627183155174
370,321,1.472295225983135,0,0,-0.1554639567510464,-0.1554639567510464
372,321,1.4673113011039285,0,0,0.10604468749217061,0.10604468749217061
373,321,0.16542318419880792,0,0,0.006692511991729974,0.006692511991729974
384,321,0.8949456209125567,0,0,-0.09770658115884816,-0.09770658115884816
385,321,1.2637527384448917,0,0,-0.14784184487510643,-0.14784184487510643
386,321,1.2956329882354476,0,0,0.07168481929420892,0.07168481929420892
390,321,0.963246573464102,0,0,-0.11260977859006455,-0.11260977859006455
399,321,1.3836708479681217,0,0,-0.10307113475144782,-0.10307113475144782
326,322,1.4233814161579643,0,0,-0.08015034939460522,-0.08015034939460522
328,322,1.4187257142154757,0,0,0.13192395556803876,0.13192395556803876
333,322,1.3231787866225078,0,0,0.004285255668809496,0.004285255668809496
334,322,0.7100781598194896,0,0,0.03773874988819274,0.03773874988819274
335,322,1.0267555722703225,0,0,0.010982530154972775,0.010982530154972775
346,322,1.4845332978356884,0,0,0.07141381610699357,0.07141381610699357
350,322,1.2503580849623097,0,0,0.03940598495351459,0.03940598495351459
353,322,0.9786175992049269,0,0,-0.09403723692055513,-0.09403723692055513
354,322,1.2557674098138785,0,0,0.1255432254419632,0.1255432254419632
358,322,1.1585959392566554,0,0,-0.08550091719824249,-0.08550091719824249
359,322,1.497065599720631,0,0,0.1665627517192795,0.1665627517192795
364,322,1.024153901516103,0,0,0.04242319840676275,0.04242319840676275
370,322,0.24883791706368985,0,0,-0.02369448651273192,-0.02369448651273192
373,322,1.2810852434854783,0,0,0.13846198223004447,0.13846198223004447
374,322,0.7318341079290098,0,0,-0.05099546195109724,-0.05099546195109724
375,322,1.0544136178934895,0,0,0.008676999192802664,0.008676999192802664
384,322,0.7818032515365151,0,0,0.03406288907946633,0.03406288907946633
385,322,0.6631640970635195,0,0,-0.01607237463679194,-0.01607237463679194
388,322,1.1995224730699532,0,0,-0.11687686624170637,-0.11687686624170637
390,322,0.36714789526159863,0,0,0.019159691648249932,0.019159691648249932
399,322,0.6853351766844323,0,0,0.028698335486866677,0.028698335486866677
324,323,1.3062970879362308,0,0,-0.12970217535622586,-0.12970217535622586
325,323,1.1327547157863596,0,0,-0.12440822787433237,-0.12440822787433237
342,323,0.4395831173620995,0,0,-0.035030139097010804,-0.035030139097010804
352,323,0.5940853999243976,0,0,0.05341039228770639,0.05341039228770639
325,324,0.18945253101034934,0,0,0.005293947481893491,0.005293947481893491
328,324,1.4767006755978014,46,-1,-0.22891970193344624,0.7710802980665538
336,324,1.561179252627622,0,0,0.10402789890027409,0.10402789890027409
338,324,1.3724250516733185,46,-1,-0.06270697443256845,0.9372930255674315
342,324,1.2816810172455368,0,0,0.09467203625921505,0.09467203625921505
352,324,1.4745864775556905,0,0,0.18311256764393224,0.18311256764393224
354,324,1.1185534587989423,46,-1,-0.23530043205952178,0.7646995679404782
359,324,0.9858598978554561,46,-1,-0.19428090578220547,0.8057190942177945
363,324,1.5488611224099478,0,0,-0.016124493282539287,-0.016124493282539287
369,324,1.0387572384736465,46,-1,-0.05956026166133155,0.9404397383386685
372,324,1.256484318175308,46,-1,-0.12302949977099986,0.8769705002290001
373,324,1.0818019616681653,46,-1,-0.22238167527144048,0.7776183247285595
381,324,1.4463304726914745,0,0,0.08346839197522149,0.08346839197522149
386,324,1.3334419738557908,46,-1,-0.15738936796896152,0.8426106320310385
389,324,1.411665976884572,46,-1,-0.11108604959720281,0.8889139504027972
328,325,1.4829984270076537,46,-1,-0.23421364941533973,0.7657863505846603
338,325,1.529910403899873,46,-1,-0.06800092191446194,0.9319990780855381
342,325,1.1235185650198738,0,0,0.08937808877732156,0.08937808877732156
352,325,1.3078913983995106,0,0,0.17781862016203875,0.17781862016203875
354,325,1.194385200098207,46,-1,-0.24059437954141527,0.7594056204585847
359,325,1.088032180242997,46,-1,-0.19957485326409896,0.800425146735901
369,325,1.2086626637099402,46,-1,-0.06485420914322515,0.9351457908567749
372,325,1.442677444929533,46,-1,-0.12832344725289335,0.8716765527471066
373,325,1.1012380080512165,46,-1,-0.22767562275333397,0.772324377246666
381,325,1.5071528236020482,0,0,0.078174444493328,0.078174444493328
386,325,1.5089528348277024,46,-1,-0.16268331545085513,0.8373166845491449
389,325,1.5930648153481841,46,-1,-0.11637999707909641,0.8836200029209036
353,326,1.145019784856946,0,0,-0.013886887525949895,-0.013886887525949895
358,326,1.5857342327634805,0,0,-0.005350567803637268,-0.005350567803637268
370,326,1.2135205102696782,0,0,0.056455862881873306,0.056455862881873306
374,326,0.7207570231512276,0,0,0.029154887443507985,0.029154887443507985
388,326,1.4108102754327256,0,0,-0.03672651684710114,-0.03672651684710114
332,327,1.1990221048168155,0,0,0.06776821849847492,0.06776821849847492
340,327,1.2440417634429095,0,0,-0.05497082176930279,-0.05497082176930279
348,327,0.774803723429081,0,0,0.017694343315810546,0.017694343315810546
355,327,1.3891486448981083,0,0,0.05250757287487304,0.05250757287487304
360,327,1.2476109436708793,0,0,-0.004636044196981021,-0.004636044196981021
371,327,1.4692003110242642,0,0,-0.11861399076569101,-0.11861399076569101
376,327,1.5168087351269781,0,0,-0.11804769320188147,-0.11804769320188147
378,327,1.5913091810380655,0,0,-0.018923351681039757,-0.018923351681039757
392,327,1.329495919546758,0,0,-0.022417670588349037,-0.022417670588349037
397,327,1.3001833309396678,0,0,-0.040648736934260715,-0.040648736934260715
334,328,1.0970569872607978,0,0,-0.09418520567984603,-0.09418520567984603
339,328,0.955838169433944,0,0,0.03664152389412684,0.03664152389412684
346,328,1.1035789568036556,0,0,-0.060510139461045206,-0.060510139461045206
347,328,1.4909078141167154,0,0,0.09794120055396585,0.09794120055396585
350,328,1.4188701852935752,0,0,-0.09251797061452417,-0.09251797061452417
354,328,0.829962287170472,0,0,-0.006380730126075582,-0.006380730126075582
359,328,0.8831122260459139,0,0,0.03463879615124074,0.03463879615124074
364,328,1.1416378467603652,0,0,-0.08950075716127602,-0.08950075716127602
367,328,1.523828286078575,0,0,0.047021623958681785,0.047021623958681785
373,328,0.5306354529307611,0,0,0.006538026662005689,0.006538026662005689
384,328,1.2005661419481366,0,0,-0.09786106648857244,-0.09786106648857244
385,328,1.552434211821282,0,0,-0.14799633020483072,-0.14799633020483072
386,328,1.5946709243082104,0,0,0.07153033396448463,0.07153033396448463
390,328,1.133464625328719,0,0,-0.11276426391978883,-0.11276426391978883
399,328,1.3135444967610403,0,0,-0.1032256200811721,-0.1032256200811721
362,329,1.4316375627293687,0,0,-0.04360560813678421,-0.04360560813678421
366,329,0.40463906984138287,0,0,-0.012560945912760635,-0.012560945912760635
371,329,1.2462527381574193,0,0,0.08974389508837816,0.08974389508837816
376,329,1.1016199331984482,0,0,0.0903101926521877,0.0903101926521877
347,330,0.8949021425288692,0,0,-0.02747568708513165,-0.02747568708513165
379,330,1.5983360606934056,0,0,-0.02660834976309362,-0.02660834976309362
383,330,0.9466738202269038,0,0,-0.005333866987257213,-0.005333866987257213
393,330,1.4219008894790535,0,0,0.016096336050183235,0.016096336050183235
341,331,1.4335774423041983,0,0,-0.1341055895257272,-0.1341055895257272
343,331,0.6939526315046763,0,0,0.027238236284516465,0.027238236284516465
351,331,1.2502635287148192,0,0,-0.11068246917611346,-0.11068246917611346
356,331,1.3303637134551145,0,0,-0.012952248435089408,-0.012952248435089408
361,331,1.224798964226551,0,0,-0.04339730484883153,-0.04339730484883153
368,331,1.2338918421935552,0,0,0.007002936301069518,0.007002936301069518
378,331,1.1969046345245462,0,0,0.026852971744651177,0.026852971744651177
382,331,1.566170580614522,0,0,-0.13482612550507317,-0.13482612550507317
387,331,1.5029173816212096,0,0,-0.019550033428333946,-0.019550033428333946
395,331,1.1896290140688641,0,0,0.022188362511135123,0.022188362511135123
348,332,1.2574657343816955,0,0,-0.050073875182664374,-0.050073875182664374
353,332,1.4958064658611931,0,0,0.010616770914312346,0.010616770914312346
355,332,1.169563378948863,0,0,-0.015260645623601882,-0.015260645623601882
357,332,0.9674442786068621,0,0,0.04710626247821116,0.04710626247821116
358,332,1.1399845812629374,0,0,0.019153090636624973,0.019153090636624973
388,332,1.4730232914999055,0,0,-0.012222858406838899,-0.012222858406838899
392,332,1.4189013637085044,0,0,-0.09018588908682396,-0.09018588908682396
396,332,1.4768364374906577,0,0,0.05872364029229617,0.05872364029229617
397,332,1.51388547829096,0,0,-0.10841695543273563,-0.10841695543273563
345,333,0.7959576640086089,0,0,-0.0031012625844199296,-0.0031012625844199296
346,333,1.5492450191629654,0,0,0.06712856043818408,0.06712856043818408
349,333,1.2395914754597437,0,0,0.03494532739238671,0.03494532739238671
350,333,1.0412448826772633,0,0,0.035120729284705096,0.035120729284705096
364,333,1.2319946835372573,0,0,0.038137942737953255,0.038137942737953255
370,333,1.4158200662220943,0,0,-0.027979742181541416,-0.027979742181541416
374,333,1.5634947167028175,0,0,-0.05528071761990674,-0.05528071761990674
375,333,0.5380955026440006,0,0,0.004391743523993168,0.004391743523993168
377,333,0.8090277348718541,0,0,0.012376004240487588,0.012376004240487588
390,333,1.5133340346589255,0,0,0.014874435979440437,0.014874435979440437
399,333,1.0227973957519385,0,0,0.024413079818057182,0.024413079818057182
400,333,1.4424785546122079,0,0,0.04168401447183595,0.04168401447183595
335,334,0.5764574386817692,0,0,-0.026756219733219965,-0.026756219733219965
346,334,1.4099149786156446,0,0,0.03367506621880083,0.03367506621880083
350,334,1.3726862233382129,0,0,0.0016672350653218534,0.0016672350653218534
353,334,1.284902728949775,0,0,-0.13177598680874786,-0.13177598680874786
354,334,0.6241294143758183,0,0,0.08780447555377045,0.08780447555377045
358,334,1.162091720178471,0,0,-0.12323966708643523,-0.12323966708643523
359,334,0.8506942204262292,0,0,0.12882400183108678,0.12882400183108678
364,334,1.2019043815473476,0,0,0.00468444851857001,0.00468444851857001
370,334,0.8578681568663881,0,0,-0.06143323640092466,-0.06143323640092466
373,334,0.8270517992810034,0,0,0.10072323234185172,0.10072323234185172
374,334,1.3527758291624183,0,0,-0.08873421183928998,-0.08873421183928998
375,334,1.4677106636416377,0,0,-0.029061750695390076,-0.029061750695390076
384,334,0.15581582158957352,0,0,-0.0036758608087264083,-0.0036758608087264083
385,334,0.5175431384454136,0,0,-0.053811124524984676,-0.053811124524984676
386,334,1.4337974278680339,0,0,0.16571553964433067,0.16571553964433067
388,334,1.3626635965934746,0,0,-0.1546156161298991,-0.1546156161298991
390,334,0.36884130533408244,0,0,-0.018579058239942808,-0.018579058239942808
399,334,1.0529868062434715,0,0,-0.009040414401326063,-0.009040414401326063
353,335,1.2958176156942296,0,0,-0.1050197670755279,-0.1050197670755279
354,335,0.9679650833216403,0,0,0.11456069528699042,0.11456069528699042
358,335,0.9378458596252456,0,0,-0.09648344735321526,-0.09648344735321526
359,335,1.1287163451101068,0,0,0.15558022156430673,0.15558022156430673
370,335,1.0737495895354912,0,0,-0.034677016667704695,-0.034677016667704695
373,335,1.2964126870700865,0,0,0.1274794520750717,0.1274794520750717
374,335,1.4810174661046691,0,0,-0.061977992106070016,-0.061977992106070016
384,335,0.4652176386590504,0,0,0.023080358924493557,0.023080358924493557
385,335,0.49138482749783174,0,0,-0.027054904791764714,-0.027054904791764714
386,335,1.4145396367478116,0,0,0.19247175937755062,0.19247175937755062
388,335,1.3291913709379506,0,0,-0.12785939639667915,-0.12785939639667915
390,335,0.8275486700390267,0,0,0.008177161493277157,0.008177161493277157
392,335,1.5836201200364393,0,0,-0.2058224270766642,-0.2058224270766642
399,335,1.4712086975956435,0,0,0.017715805331893902,0.017715805331893902
338,336,1.5511551142693283,46,-1,-0.16673487333284254,0.8332651266671575
363,336,1.1147557157168275,0,0,-0.12015239218281337,-0.12015239218281337
366,336,1.5890520322575146,0,0,0.14178738549806874,0.14178738549806874
369,336,1.2852099683738418,46,-1,-0.16358816056160563,0.8364118394383944
381,336,0.18760907316157224,0,0,-0.020559506925052595,-0.020559506925052595
394,336,1.4342958963388608,0,0,0.07838157224311854,0.07838157224311854
349,337,1.1104595464330889,0,0,-0.032238010588736245,-0.032238010588736245
365,337,0.22178649161555042,0,0,0.046655242752265076,0.046655242752265076
380,337,1.3719845834636168,0,0,0.13683737635521592,0.13683737635521592
391,337,1.4941619589882402,0,0,0.1286879272918952,0.1286879272918952
400,337,0.9682574280984532,0,0,-0.025499323509287006,-0.025499323509287006
363,338,0.6202695287126605,1,1,0.046582481150029165,-0.9534175188499708
369,338,0.5146823821127942,0,0,0.003146712771236848,0.003146712771236848
372,338,0.9823136952812593,0,0,-0.06032252533843144,-0.06032252533843144
379,338,1.2797269087992602,0,0,-0.06740418962487388,-0.06740418962487388
380,338,1.5084414044810648,0,0,-0.08983071306376816,-0.08983071306376816
381,338,1.3821203162033222,1,1,0.14617536640778994,-0.8538246335922101
383,338,1.0614375544512387,0,0,-0.04612970684903747,-0.04612970684903747
386,338,1.2494288025957803,0,0,-0.09468239353639313,-0.09468239353639313
389,338,0.7671821224655173,0,0,-0.04837907516463441,-0.04837907516463441
393,338,0.37836221692412086,0,0,-0.024699503811597023,-0.024699503811597023
346,339,1.110372898220279,0,0,-0.09715166335517204,-0.09715166335517204
347,339,1.0084421897582552,0,0,0.061299676659839014,0.061299676659839014
354,339,1.5899478991713487,0,0,-0.04302225402020242,-0.04302225402020242
359,339,1.5443454105265464,0,0,-0.0020027277428860957,-0.0020027277428860957
364,339,1.5241366213960053,0,0,-0.12614228105540287,-0.12614228105540287
367,339,0.6447739118024904,0,0,0.010380100064554948,0.010380100064554948
373,339,1.4153478865072495,0,0,-0.03010349723212115,-0.03010349723212115
344,340,0.4269683371290248,0,0,-0.040913918073114064,-0.040913918073114064
353,340,1.4716551298816882,0,0,0.13335581118209006,0.13335581118209006
358,340,1.2586687086334043,0,0,0.14189213090440267,0.14189213090440267
371,340,0.6615352013585953,0,0,-0.06364316899638822,-0.06364316899638822
376,340,0.8512531006633622,0,0,-0.06307687143257867,-0.06307687143257867
387,340,0.8189218943092705,0,0,-0.01035553508472209,-0.01035553508472209
388,340,1.173936235179304,0,0,0.11051618186093881,0.11051618186093881
392,340,0.4414474490066064,0,0,0.032553151180953754,0.032553151180953754
395,340,1.0471626443214628,0,0,0.03138286085474698,0.03138286085474698
397,340,0.3016370020997065,0,0,0.014322084835042076,0.014322084835042076
351,341,0.21191478001794475,0,0,0.023423120349613746,0.023423120349613746
352,341,1.553488726595319,0,0,-0.10373963556982224,-0.10373963556982224
361,341,1.5589042255119945,0,0,0.09070828467689568,0.09070828467689568
382,341,0.29233266826647425,0,0,-0.0007205359793459598,-0.0007205359793459598
398,341,0.9571201588916445,0,0,0.032808445166084554,0.032808445166084554
352,342,1.0273657985970903,0,0,0.08844053138471719,0.08844053138471719
360,343,1.4134047442538797,0,0,0.013902042944193449,0.013902042944193449
368,343,1.4357571579741308,0,0,-0.020235299983446947,-0.020235299983446947
378,343,1.0251346860490653,0,0,-0.00038526453986528764,-0.00038526453986528764
387,343,1.5420305703644155,0,0,-0.04678826971285041,-0.04678826971285041
395,343,1.103311295616074,0,0,-0.0050498737733813415,-0.0050498737733813415
353,344,1.5439540144712274,0,0,0.17426972925520412,0.17426972925520412
358,344,1.358751243454231,0,0,0.18280604897751673,0.18280604897751673
371,344,0.6991015549095715,0,0,-0.022729250923274158,-0.022729250923274158
376,344,0.9143567997733176,0,0,-0.02216295335946461,-0.02216295335946461
387,344,0.65604610029487,0,0,0.030558382988391974,0.030558382988391974
388,344,1.237163698432145,0,0,0.15143009993405288,0.15143009993405288
392,344,0.6083731651659069,0,0,0.07346706925406782,0.07346706925406782
395,344,1.043291017646922,0,0,0.07229677892786104,0.07229677892786104
397,344,0.49023285725174204,0,0,0.05523600290815614,0.05523600290815614
349,345,1.1625487740449603,0,0,0.03804658997680664,0.03804658997680664
375,345,1.3134093082575307,0,0,0.007493006108413098,0.007493006108413098
377,345,0.5780294127787438,0,0,0.015477266824907517,0.015477266824907517
396,345,1.254924173630911,0,0,-0.047114360626960866,-0.047114360626960866
400,345,1.4462904493517872,0,0,0.04478527705625588,0.04478527705625588
349,346,1.5256578406270747,0,0,-0.03218323304579736,-0.03218323304579736
350,346,0.5142389552062838,0,0,-0.03200783115347897,-0.03200783115347897
354,346,1.5552544851762087,0,0,0.054129409334969625,0.054129409334969625
364,346,0.5765181183573622,0,0,-0.028990617700230814,-0.028990617700230814
367,346,1.3705049890767826,0,0,0.10753176341972699,0.10753176341972699
373,346,1.4782832007494804,0,0,0.0670481661230509,0.0670481661230509
375,346,1.1373941403933499,0,0,-0.0627368169141909,-0.0627368169141909
384,346,1.5608500776695542,0,0,-0.037350927027527236,-0.037350927027527236
390,346,1.344730255852862,0,0,-0.05225412445874363,-0.05225412445874363
399,346,0.93795299643725,0,0,-0.04271548062012689,-0.04271548062012689
400,346,1.4237573316201744,0,0,-0.02544454596634812,-0.02544454596634812
367,347,1.2508274317834047,0,0,-0.050919576595284066,-0.050919576595284066
383,347,1.5853997819218797,0,0,0.022141820097874437,0.022141820097874437
355,348,0.741649826745631,0,0,0.03481322955906249,0.03481322955906249
360,348,0.8963906861121635,0,0,-0.022330387512791566,-0.022330387512791566
378,348,1.409213847823732,0,0,-0.0366176949968503,-0.0366176949968503
350,349,1.2855069823598522,0,0,0.0001754018923183832,0.0001754018923183832
365,349,1.3063123418362566,0,0,0.07889325334100132,0.07889325334100132
375,349,1.420861190527857,0,0,-0.030553583868393547,-0.030553583868393547
377,349,0.6274694139223977,0,0,-0.022569323151899127,-0.022569323151899127
400,349,0.2883047187780628,0,0,0.006738687079449237,0.006738687079449237
364,350,0.41560368982516244,0,0,0.0030172134532481564,0.0030172134532481564
370,350,1.47644195663149,0,0,-0.06310047146624652,-0.06310047146624652
375,350,0.6403823556844858,0,0,-0.030728985760711928,-0.030728985760711928
377,350,1.3566652402115351,0,0,-0.02274472504421751,-0.02274472504421751
384,350,1.5208722355376816,0,0,-0.005343095874048262,-0.005343095874048262
390,350,1.2258105380302327,0,0,-0.02024629330526466,-0.02024629330526466
399,350,0.6286624676794461,0,0,-0.010707649466647918,-0.010707649466647918
400,350,1.2780997722843654,0,0,0.006563285187130854,0.006563285187130854
361,351,1.4246484016708996,0,0,0.06728516432728193,0.06728516432728193
382,351,0.3884468505291115,0,0,-0.024143656328959706,-0.024143656328959706
398,351,0.9299507232493852,0,0,0.009385324816470808,0.009385324816470808
387,352,1.4564599290447238,0,0,0.2182951916672155,0.2182951916672155
358,353,0.5835492911464107,0,0,0.008536319722312627,0.008536319722312627
370,353,0.7585024876571079,0,0,0.0703427504078232,0.0703427504078232
374,353,0.6636934731547468,0,0,0.04304177496945788,0.04304177496945788
384,353,1.2276590379256986,0,0,0.12810012600002146,0.12810012600002146
385,353,0.8465548477429096,0,0,0.07796486228376318,0.07796486228376318
387,353,1.1515053133676179,0,0,-0.14371134626681215,-0.14371134626681215
388,353,0.30739249408342467,0,0,-0.022839629321151245,-0.022839629321151245
390,353,1.12907309464206,0,0,0.11319692856880506,0.11319692856880506
392,353,1.0966317125803047,0,0,-0.1008026600011363,-0.1008026600011363
395,353,1.013428236674025,0,0,-0.10197295032734308,-0.10197295032734308
397,353,1.284988681080698,0,0,-0.11903372634704798,-0.11903372634704798
358,354,1.512708863101185,0,0,-0.21104414264020568,-0.21104414264020568
359,354,0.24249914885213905,0,0,0.04101952627731632,0.04101952627731632
364,354,1.5082839432328534,0,0,-0.08312002703520044,-0.08312002703520044
370,354,1.3973065901265989,0,0,-0.1492377119546951,-0.1492377119546951
372,354,1.1976571753300822,0,0,0.1122709322885219,0.1122709322885219
373,354,0.40873111741629115,0,0,0.01291875678808127,0.01291875678808127
380,354,1.5728739149259912,0,0,0.08276274456318518,0.08276274456318518
384,354,0.622083003249918,0,0,-0.09148033636249686,-0.09148033636249686
385,354,1.010460786700011,0,0,-0.14161560007875512,-0.14161560007875512
386,354,1.0145718672857549,0,0,0.07791106409056021,0.07791106409056021
389,354,1.4696267690262395,0,0,0.12421438246231893,0.12421438246231893
390,354,0.8957101017071615,0,0,-0.10638353379371326,-0.10638353379371326
399,354,1.4940766400381547,0,0,-0.09684488995509652,-0.09684488995509652
357,355,1.5642413895422909,0,0,0.06236690810181304,0.06236690810181304
360,355,1.287304693144963,0,0,-0.05714361707185406,-0.05714361707185406
360,356,1.267125222216325,0,0,0.05409252766379932,0.05409252766379932
361,356,0.542014796985848,0,0,-0.030445056413742122,-0.030445056413742122
368,356,0.2866281897751453,0,0,0.019955184736158926,0.019955184736158926
378,356,0.9849728546450579,0,0,0.039805220179740586,0.039805220179740586
398,356,1.484039628226773,0,0,-0.08834489592455325,-0.08834489592455325
396,357,0.6849903635645137,0,0,0.011617377814085006,0.011617377814085006
370,358,1.0033273761845396,0,0,0.061806430685510574,0.061806430685510574
374,358,1.1051511961840934,0,0,0.03450545524714525,0.03450545524714525
384,358,1.0476553192729248,0,0,0.11956380627770882,0.11956380627770882
385,358,0.6647838739706604,0,0,0.06942854256145056,0.06942854256145056
387,358,1.2259390316738785,0,0,-0.15224766598912476,-0.15224766598912476
388,358,0.5059382799571441,0,0,-0.03137594904346387,-0.03137594904346387
390,358,1.1746570687176079,0,0,0.10466060884649242,0.10466060884649242
392,358,0.821730824288519,0,0,-0.10933897972344893,-0.10933897972344893
395,358,1.2702868734683743,0,0,-0.1105092700496557,-0.1105092700496557
397,358,0.9964003498372584,0,0,-0.12757004606936062,-0.12757004606936062
369,359,1.435288201258799,0,0,0.13472064412087387,0.13472064412087387
372,359,0.9936769303816891,0,0,0.07125140601120558,0.07125140601120558
373,359,0.4994096451298448,0,0,-0.028100769489235053,-0.028100769489235053
379,359,1.4249128824356108,0,0,0.06416974172476314,0.06416974172476314
380,359,1.404454056239538,0,0,0.041743218285868855,0.041743218285868855
384,359,0.839869295192326,0,0,-0.13249986263981317,-0.13249986263981317
385,359,1.2274521767289401,0,0,-0.18263512635607146,-0.18263512635607146
386,359,0.8309878298001274,0,0,0.03689153781324389,0.03689153781324389
389,359,1.2428201770694072,0,0,0.08319485618500261,0.08319485618500261
390,359,1.135251927841382,0,0,-0.14740306007102957,-0.14740306007102957
368,360,0.9947341616040025,0,0,-0.034137342927640396,-0.034137342927640396
378,360,0.5450220204211121,0,0,-0.014287307484058737,-0.014287307484058737
368,361,0.7543682648648883,0,0,0.05040024114990105,0.05040024114990105
378,361,1.3806562207240751,0,0,0.07025027659348271,0.07025027659348271
382,361,1.4557850852765457,0,0,-0.09142882065624164,-0.09142882065624164
398,361,0.9542129944201435,0,0,-0.057899839510811124,-0.057899839510811124
366,362,1.0424019974096106,0,0,0.031044662224023578,0.031044662224023578
394,362,0.6377817544540367,0,0,-0.03236115103092663,-0.03236115103092663
369,363,0.7809490345786163,46,-1,-0.04343576837879226,0.9565642316212077
372,363,1.5114733896107166,46,-1,-0.10690500648846057,0.8930949935115394
381,363,0.9814387669082668,0,0,0.09959288525776078,0.09959288525776078
389,363,1.3711734944648786,46,-1,-0.09496155631466352,0.9050384436853365
393,363,0.9340911441743616,46,-1,-0.07128198496162619,0.9287180150383738
370,364,1.2547613220797698,0,0,-0.06611768491949467,-0.06611768491949467
373,364,1.4064639397593264,0,0,0.09603878382328171,0.09603878382328171
375,364,0.7277145110734684,0,0,-0.03374619921396008,-0.03374619921396008
384,364,1.3555562512872514,0,0,-0.008360309327296419,-0.008360309327296419
385,364,1.53102465734891,0,0,-0.05849557304355469,-0.05849557304355469
390,364,0.9969220438742113,0,0,-0.02326350675851282,-0.02326350675851282
399,364,0.3989725684933774,0,0,-0.013724862919896073,-0.013724862919896073
379,365,1.4362278601508793,0,0,0.11260865704184513,0.11260865704184513
380,365,1.1709318620933638,0,0,0.09018213360295084,0.09018213360295084
386,365,1.5413410330153423,0,0,0.08533045313032588,0.08533045313032588
391,365,1.2860714633746577,0,0,0.08203268453963013,0.08203268453963013
400,365,1.1410620229840722,0,0,-0.07215456626155209,-0.07215456626155209
371,366,1.551766127686462,0,0,0.10230484100113879,0.10230484100113879
376,366,1.4402489586177267,0,0,0.10287113856494834,0.10287113856494834
394,366,1.3294588870657984,0,0,-0.0634058132549502,-0.0634058132549502
391,367,1.2582487114802905,0,0,0.0212109414151071,0.0212109414151071
378,368,0.7094773501763392,0,0,0.01985003544358166,0.01985003544358166
372,369,0.8002030353308572,0,0,-0.06346923810966829,-0.06346923810966829
379,369,1.4053490834671576,0,0,-0.07055090239611073,-0.07055090239611073
380,369,1.573397136448582,0,0,-0.09297742583500501,-0.09297742583500501
381,369,1.1019518424875225,1,1,0.14302865363655304,-0.856971346363447
383,369,1.4348548723358039,0,0,-0.04927641962027432,-0.04927641962027432
386,369,1.0699815846898217,0,0,-0.09782910630762998,-0.09782910630762998
389,369,0.8212522678740733,0,0,-0.05152578793587126,-0.05152578793587126
393,369,0.8271866814556792,0,0,-0.02784621658283387,-0.02784621658283387
373,370,1.4332444568435114,0,0,0.1621564687427764,0.1621564687427764
374,370,0.5070219152123059,0,0,-0.02730097543836532,-0.02730097543836532
375,370,1.2056851470958587,0,0,0.03237148570553458,0.03237148570553458
384,370,0.8910986392854295,0,0,0.05775737559219825,0.05775737559219825
385,370,0.6472690937388442,0,0,0.007622111875939981,0.007622111875939981
388,370,1.0070400768953625,0,0,-0.09318237972897445,-0.09318237972897445
390,370,0.555931186166661,0,0,0.04285417816098185,0.04285417816098185
399,370,0.8966033813912598,0,0,0.0523928219995986,0.0523928219995986
376,371,0.3030319170985951,0,0,0.000566297563809548,0.000566297563809548
387,371,1.3191212775788639,0,0,0.05328763391166613,0.05328763391166613
392,371,1.026092417508861,0,0,0.09619632017734198,0.09619632017734198
397,371,0.837695824642024,0,0,0.0779652538314303,0.0779652538314303
373,372,1.4756030183522912,0,0,-0.09935217550044063,-0.09935217550044063
379,372,0.8024732900007314,0,0,-0.007081664286442441,-0.007081664286442441
380,372,0.8733910816623256,0,0,-0.029508187725336726,-0.029508187725336726
383,372,1.2581111799437124,0,0,0.014192818489393966,0.014192818489393966
386,372,0.290849153952392,0,0,-0.03435986819796169,-0.03435986819796169
389,372,0.4028024332500661,0,0,0.011943450173797027,0.011943450173797027
391,372,1.5622496341397254,0,0,-0.03765763678865744,-0.03765763678865744
393,372,0.9951833167291545,0,0,0.035623021526834414,0.035623021526834414
384,373,0.8714018241592715,0,0,-0.10439909315057813,-0.10439909315057813
385,373,1.210010518946841,0,0,-0.1545343568668364,-0.1545343568668364
386,373,1.3234808697663911,0,0,0.06499230730247894,0.06499230730247894
390,373,0.9542718189169133,0,0,-0.11930229058179453,-0.11930229058179453
399,373,1.4389029148644357,0,0,-0.10976364674317779,-0.10976364674317779
375,374,1.4310011273160375,0,0,0.0596724611438999,0.0596724611438999
384,374,1.3658235661100508,0,0,0.08505835103056357,0.08505835103056357
385,374,1.0393591481982447,0,0,0.0349230873143053,0.0349230873143053
388,374,0.969735203549554,0,0,-0.06588140429060912,-0.06588140429060912
390,374,1.059458801153037,0,0,0.07015515359934718,0.07015515359934718
395,374,1.5462598303616382,0,0,-0.14501472529680096,-0.14501472529680096
399,374,1.24247264513786,0,0,0.07969379743796391,0.07969379743796391
377,375,1.196862514853216,0,0,0.00798426071649442,0.00798426071649442
384,375,1.5927104367718103,0,0,0.025385889886663668,0.025385889886663668
390,375,1.2166349085818042,0,0,0.010482692455447268,0.010482692455447268
399,375,0.548009785305827,0,0,0.02002133629406401,0.02002133629406401
400,375,1.5381083456610007,0,0,0.03729227094784278,0.03729227094784278
387,376,1.4795578457544536,0,0,0.052721336347856584,0.052721336347856584
392,376,1.262638490044034,0,0,0.09563002261353243,0.09563002261353243
397,376,1.0814277803462824,0,0,0.07739895626762075,0.07739895626762075
399,377,1.5921328550713851,0,0,0.012037075577569592,0.012037075577569592
400,377,0.9001369379613089,0,0,0.029308010231348363,0.029308010231348363
380,379,0.2685251462268967,0,0,-0.022426523438894286,-0.022426523438894286
383,379,0.8097604004646762,0,0,0.021274482775836406,0.021274482775836406
386,379,0.7693675389635524,0,0,-0.02727820391151925,-0.02727820391151925
389,379,0.5842509443026624,0,0,0.019025114460239467,0.019025114460239467
391,379,0.802795617821609,0,0,-0.030575972502215,-0.030575972502215
393,379,1.0312821551056748,0,0,0.042704685813276855,0.042704685813276855
383,380,1.0636874962400689,0,0,0.04370100621473069,0.04370100621473069
386,380,0.7601935244522291,0,0,-0.004851680472624964,-0.004851680472624964
389,380,0.7694000632061713,0,0,0.04145163789913375,0.04145163789913375
391,380,0.7560745701532537,0,0,-0.008149449063320713,-0.008149449063320713
393,380,1.2841961208541923,0,0,0.06513120925217114,0.06513120925217114
398,382,0.7158016893446016,0,0,0.033528981145430514,0.033528981145430514
386,383,1.3523756421031041,0,0,-0.048552686687355656,-0.048552686687355656
389,383,0.8690045535278972,0,0,-0.002249368315596939,-0.002249368315596939
391,383,1.1195143425825111,0,0,-0.051850455278051405,-0.051850455278051405
393,383,0.7172886365669177,0,0,0.02143020303744045,0.02143020303744045
385,384,0.4325302426622521,0,0,-0.05013526371625827,-0.05013526371625827
386,384,1.3859029814394805,0,0,0.16939140045305706,0.16939140045305706
388,384,1.2787502684322798,0,0,-0.1509397553211727,-0.1509397553211727
390,384,0.471102183195348,0,0,-0.014903197431216398,-0.014903197431216398
399,384,1.1915524709854932,0,0,-0.005364553592599655,-0.005364553592599655
388,385,0.92485065843969,0,0,-0.10080449160491442,-0.10080449160491442
390,385,0.5560530672615881,0,0,0.03523206628504187,0.03523206628504187
392,385,1.3857233163503508,0,0,-0.17876752228489948,-0.17876752228489948
397,385,1.5433884862944256,0,0,-0.19699858863081116,-0.19699858863081116
399,385,1.263483277661585,0,0,0.044770710123658616,0.044770710123658616
389,386,0.5823213162399695,0,0,0.04630331837175872,0.04630331837175872
391,386,1.4450736647886218,0,0,-0.003297768590695749,-0.003297768590695749
393,386,1.2251668048924305,0,0,0.0699828897247961,0.0699828897247961
388,387,0.8808700138325158,0,0,0.1208717169456609,0.1208717169456609
392,387,0.7713216907132541,0,0,0.042908686265675844,0.042908686265675844
395,387,0.46615333479130083,0,0,0.04173839593946907,0.04173839593946907
397,387,0.8192313962046727,0,0,0.024677619919764165,0.024677619919764165
390,388,1.2752007440275086,0,0,0.1360365578899563,0.1360365578899563
392,388,0.8051941425667761,0,0,-0.07796303067998506,-0.07796303067998506
395,388,0.8127262319905467,0,0,-0.07913332100619183,-0.07913332100619183
397,388,0.9904635007405624,0,0,-0.09619409702589674,-0.09619409702589674
391,389,1.3591079733256366,0,0,-0.049601086962454466,-0.049601086962454466
393,389,0.6543147757766252,0,0,0.023679571353037387,0.023679571353037387
399,390,0.7714616236697648,0,0,0.009538643838616743,0.009538643838616743
395,392,0.9770037330221163,0,0,-0.0011702903262067743,-0.0011702903262067743
397,392,0.19011214996153386,0,0,-0.01823106634591168,-0.01823106634591168
397,395,1.0706687319988424,0,0,-0.017060776019704904,-0.017060776019704904
