hks_index,repetition,sigma,cost,correct,total
1,1,0.000244140625,0.03125,101,210
1,1,0.000244140625,0.125,101,210
1,1,0.000244140625,0.5,101,210
1,1,0.000244140625,2.0,101,210
1,1,0.000244140625,8.0,101,210
1,1,0.000244140625,32.0,101,210
1,1,0.000244140625,128.0,101,210
1,1,0.000244140625,512.0,101,210
1,1,0.000244140625,2048.0,101,210
1,1,0.000244140625,8192.0,101,210
1,1,0.000244140625,32768.0,101,210
1,1,0.0009765625,0.03125,129,210
1,1,0.0009765625,0.125,129,210
1,1,0.0009765625,0.5,129,210
1,1,0.0009765625,2.0,129,210
1,1,0.0009765625,8.0,129,210
1,1,0.0009765625,32.0,129,210
1,1,0.0009765625,128.0,129,210
1,1,0.0009765625,512.0,129,210
1,1,0.0009765625,2048.0,129,210
1,1,0.0009765625,8192.0,129,210
1,1,0.0009765625,32768.0,129,210
1,1,0.00390625,0.03125,161,210
1,1,0.00390625,0.125,161,210
1,1,0.00390625,0.5,161,210
1,1,0.00390625,2.0,161,210
1,1,0.00390625,8.0,161,210
1,1,0.00390625,32.0,161,210
1,1,0.00390625,128.0,161,210
1,1,0.00390625,512.0,161,210
1,1,0.00390625,2048.0,161,210
1,1,0.00390625,8192.0,161,210
1,1,0.00390625,32768.0,161,210
1,1,0.015625,0.03125,180,210
1,1,0.015625,0.125,180,210
1,1,0.015625,0.5,180,210
1,1,0.015625,2.0,180,210
1,1,0.015625,8.0,180,210
1,1,0.015625,32.0,180,210
1,1,0.015625,128.0,180,210
1,1,0.015625,512.0,180,210
1,1,0.015625,2048.0,180,210
1,1,0.015625,8192.0,180,210
1,1,0.015625,32768.0,180,210
1,1,0.0625,0.03125,192,210
1,1,0.0625,0.125,193,210
1,1,0.0625,0.5,193,210
1,1,0.0625,2.0,193,210
1,1,0.0625,8.0,193,210
1,1,0.0625,32.0,193,210
1,1,0.0625,128.0,193,210
1,1,0.0625,512.0,193,210
1,1,0.0625,2048.0,193,210
1,1,0.0625,8192.0,193,210
1,1,0.0625,32768.0,193,210
1,1,0.25,0.03125,196,210
1,1,0.25,0.125,200,210
1,1,0.25,0.5,200,210
1,1,0.25,2.0,200,210
1,1,0.25,8.0,200,210
1,1,0.25,32.0,200,210
1,1,0.25,128.0,200,210
1,1,0.25,512.0,200,210
1,1,0.25,2048.0,200,210
1,1,0.25,8192.0,200,210
1,1,0.25,32768.0,200,210
1,1,1.0,0.03125,131,210
1,1,1.0,0.125,195,210
1,1,1.0,0.5,200,210
1,1,1.0,2.0,200,210
1,1,1.0,8.0,200,210
1,1,1.0,32.0,200,210
1,1,1.0,128.0,200,210
1,1,1.0,512.0,200,210
1,1,1.0,2048.0,200,210
1,1,1.0,8192.0,200,210
1,1,1.0,32768.0,200,210
1,1,4.0,0.03125,90,210
1,1,4.0,0.125,101,210
1,1,4.0,0.5,175,210
1,1,4.0,2.0,195,210
1,1,4.0,8.0,200,210
1,1,4.0,32.0,200,210
1,1,4.0,128.0,200,210
1,1,4.0,512.0,200,210
1,1,4.0,2048.0,200,210
1,1,4.0,8192.0,200,210
1,1,4.0,32768.0,200,210
1,1,16.0,0.03125,76,210
1,1,16.0,0.125,76,210
1,1,16.0,0.5,88,210
1,1,16.0,2.0,123,210
1,1,16.0,8.0,176,210
1,1,16.0,32.0,192,210
1,1,16.0,128.0,199,210
1,1,16.0,512.0,200,210
1,1,16.0,2048.0,200,210
1,1,16.0,8192.0,200,210
1,1,16.0,32768.0,200,210
1,1,64.0,0.03125,70,210
1,1,64.0,0.125,70,210
1,1,64.0,0.5,70,210
1,1,64.0,2.0,73,210
1,1,64.0,8.0,97,210
1,1,64.0,32.0,130,210
1,1,64.0,128.0,159,210
1,1,64.0,512.0,163,210
1,1,64.0,2048.0,173,210
1,1,64.0,8192.0,174,210
1,1,64.0,32768.0,174,210
1,1,256.0,0.03125,60,210
1,1,256.0,0.125,60,210
1,1,256.0,0.5,60,210
1,1,256.0,2.0,60,210
1,1,256.0,8.0,60,210
1,1,256.0,32.0,66,210
1,1,256.0,128.0,90,210
1,1,256.0,512.0,123,210
1,1,256.0,2048.0,145,210
1,1,256.0,8192.0,150,210
1,1,256.0,32768.0,160,210
1,1,1024.0,0.03125,48,210
1,1,1024.0,0.125,48,210
1,1,1024.0,0.5,48,210
1,1,1024.0,2.0,48,210
1,1,1024.0,8.0,48,210
1,1,1024.0,32.0,48,210
1,1,1024.0,128.0,53,210
1,1,1024.0,512.0,64,210
1,1,1024.0,2048.0,79,210
1,1,1024.0,8192.0,111,210
1,1,1024.0,32768.0,145,210
1,1,4096.0,0.03125,40,210
1,1,4096.0,0.125,40,210
1,1,4096.0,0.5,40,210
1,1,4096.0,2.0,40,210
1,1,4096.0,8.0,40,210
1,1,4096.0,32.0,40,210
1,1,4096.0,128.0,40,210
1,1,4096.0,512.0,41,210
1,1,4096.0,2048.0,47,210
1,1,4096.0,8192.0,65,210
1,1,4096.0,32768.0,77,210
1,1,16384.0,0.03125,46,210
1,1,16384.0,0.125,46,210
1,1,16384.0,0.5,46,210
1,1,16384.0,2.0,46,210
1,1,16384.0,8.0,46,210
1,1,16384.0,32.0,46,210
1,1,16384.0,128.0,46,210
1,1,16384.0,512.0,46,210
1,1,16384.0,2048.0,46,210
1,1,16384.0,8192.0,50,210
1,1,16384.0,32768.0,58,210
1,1,65536.0,0.03125,44,210
1,1,65536.0,0.125,44,210
1,1,65536.0,0.5,44,210
1,1,65536.0,2.0,44,210
1,1,65536.0,8.0,44,210
1,1,65536.0,32.0,44,210
1,1,65536.0,128.0,44,210
1,1,65536.0,512.0,44,210
1,1,65536.0,2048.0,44,210
1,1,65536.0,8192.0,44,210
1,1,65536.0,32768.0,44,210
1,2,0.000244140625,0.03125,114,210
1,2,0.000244140625,0.125,114,210
1,2,0.000244140625,0.5,114,210
1,2,0.000244140625,2.0,114,210
1,2,0.000244140625,8.0,114,210
1,2,0.000244140625,32.0,114,210
1,2,0.000244140625,128.0,114,210
1,2,0.000244140625,512.0,114,210
1,2,0.000244140625,2048.0,114,210
1,2,0.000244140625,8192.0,114,210
1,2,0.000244140625,32768.0,114,210
1,2,0.0009765625,0.03125,134,210
1,2,0.0009765625,0.125,134,210
1,2,0.0009765625,0.5,134,210
1,2,0.0009765625,2.0,134,210
1,2,0.0009765625,8.0,134,210
1,2,0.0009765625,32.0,134,210
1,2,0.0009765625,128.0,134,210
1,2,0.0009765625,512.0,134,210
1,2,0.0009765625,2048.0,134,210
1,2,0.0009765625,8192.0,134,210
1,2,0.0009765625,32768.0,134,210
1,2,0.00390625,0.03125,161,210
1,2,0.00390625,0.125,161,210
1,2,0.00390625,0.5,161,210
1,2,0.00390625,2.0,161,210
1,2,0.00390625,8.0,161,210
1,2,0.00390625,32.0,161,210
1,2,0.00390625,128.0,161,210
1,2,0.00390625,512.0,161,210
1,2,0.00390625,2048.0,161,210
1,2,0.00390625,8192.0,161,210
1,2,0.00390625,32768.0,161,210
1,2,0.015625,0.03125,179,210
1,2,0.015625,0.125,179,210
1,2,0.015625,0.5,179,210
1,2,0.015625,2.0,179,210
1,2,0.015625,8.0,179,210
1,2,0.015625,32.0,179,210
1,2,0.015625,128.0,179,210
1,2,0.015625,512.0,179,210
1,2,0.015625,2048.0,179,210
1,2,0.015625,8192.0,179,210
1,2,0.015625,32768.0,179,210
1,2,0.0625,0.03125,193,210
1,2,0.0625,0.125,193,210
1,2,0.0625,0.5,193,210
1,2,0.0625,2.0,193,210
1,2,0.0625,8.0,193,210
1,2,0.0625,32.0,193,210
1,2,0.0625,128.0,193,210
1,2,0.0625,512.0,193,210
1,2,0.0625,2048.0,193,210
1,2,0.0625,8192.0,193,210
1,2,0.0625,32768.0,193,210
1,2,0.25,0.03125,192,210
1,2,0.25,0.125,200,210
1,2,0.25,0.5,201,210
1,2,0.25,2.0,201,210
1,2,0.25,8.0,201,210
1,2,0.25,32.0,201,210
1,2,0.25,128.0,201,210
1,2,0.25,512.0,201,210
1,2,0.25,2048.0,201,210
1,2,0.25,8192.0,201,210
1,2,0.25,32768.0,201,210
1,2,1.0,0.03125,136,210
1,2,1.0,0.125,194,210
1,2,1.0,0.5,204,210
1,2,1.0,2.0,205,210
1,2,1.0,8.0,205,210
1,2,1.0,32.0,205,210
1,2,1.0,128.0,205,210
1,2,1.0,512.0,205,210
1,2,1.0,2048.0,205,210
1,2,1.0,8192.0,205,210
1,2,1.0,32768.0,205,210
1,2,4.0,0.03125,91,210
1,2,4.0,0.125,113,210
1,2,4.0,0.5,164,210
1,2,4.0,2.0,192,210
1,2,4.0,8.0,197,210
1,2,4.0,32.0,196,210
1,2,4.0,128.0,196,210
1,2,4.0,512.0,196,210
1,2,4.0,2048.0,196,210
1,2,4.0,8192.0,196,210
1,2,4.0,32768.0,196,210
1,2,16.0,0.03125,83,210
1,2,16.0,0.125,83,210
1,2,16.0,0.5,97,210
1,2,16.0,2.0,128,210
1,2,16.0,8.0,180,210
1,2,16.0,32.0,187,210
1,2,16.0,128.0,191,210
1,2,16.0,512.0,191,210
1,2,16.0,2048.0,191,210
1,2,16.0,8192.0,191,210
1,2,16.0,32768.0,191,210
1,2,64.0,0.03125,71,210
1,2,64.0,0.125,71,210
1,2,64.0,0.5,71,210
1,2,64.0,2.0,73,210
1,2,64.0,8.0,96,210
1,2,64.0,32.0,125,210
1,2,64.0,128.0,159,210
1,2,64.0,512.0,169,210
1,2,64.0,2048.0,173,210
1,2,64.0,8192.0,173,210
1,2,64.0,32768.0,173,210
1,2,256.0,0.03125,62,210
1,2,256.0,0.125,62,210
1,2,256.0,0.5,62,210
1,2,256.0,2.0,62,210
1,2,256.0,8.0,62,210
1,2,256.0,32.0,71,210
1,2,256.0,128.0,93,210
1,2,256.0,512.0,124,210
1,2,256.0,2048.0,153,210
1,2,256.0,8192.0,155,210
1,2,256.0,32768.0,158,210
1,2,1024.0,0.03125,61,210
1,2,1024.0,0.125,61,210
1,2,1024.0,0.5,61,210
1,2,1024.0,2.0,61,210
1,2,1024.0,8.0,61,210
1,2,1024.0,32.0,61,210
1,2,1024.0,128.0,69,210
1,2,1024.0,512.0,73,210
1,2,1024.0,2048.0,87,210
1,2,1024.0,8192.0,118,210
1,2,1024.0,32768.0,144,210
1,2,4096.0,0.03125,51,210
1,2,4096.0,0.125,51,210
1,2,4096.0,0.5,51,210
1,2,4096.0,2.0,51,210
1,2,4096.0,8.0,51,210
1,2,4096.0,32.0,51,210
1,2,4096.0,128.0,51,210
1,2,4096.0,512.0,53,210
1,2,4096.0,2048.0,63,210
1,2,4096.0,8192.0,66,210
1,2,4096.0,32768.0,81,210
1,2,16384.0,0.03125,53,210
1,2,16384.0,0.125,53,210
1,2,16384.0,0.5,53,210
1,2,16384.0,2.0,53,210
1,2,16384.0,8.0,53,210
1,2,16384.0,32.0,53,210
1,2,16384.0,128.0,53,210
1,2,16384.0,512.0,53,210
1,2,16384.0,2048.0,53,210
1,2,16384.0,8192.0,55,210
1,2,16384.0,32768.0,64,210
1,2,65536.0,0.03125,46,210
1,2,65536.0,0.125,46,210
1,2,65536.0,0.5,46,210
1,2,65536.0,2.0,46,210
1,2,65536.0,8.0,46,210
1,2,65536.0,32.0,46,210
1,2,65536.0,128.0,46,210
1,2,65536.0,512.0,46,210
1,2,65536.0,2048.0,46,210
1,2,65536.0,8192.0,46,210
1,2,65536.0,32768.0,46,210
1,3,0.000244140625,0.03125,104,210
1,3,0.000244140625,0.125,104,210
1,3,0.000244140625,0.5,104,210
1,3,0.000244140625,2.0,104,210
1,3,0.000244140625,8.0,104,210
1,3,0.000244140625,32.0,104,210
1,3,0.000244140625,128.0,104,210
1,3,0.000244140625,512.0,104,210
1,3,0.000244140625,2048.0,104,210
1,3,0.000244140625,8192.0,104,210
1,3,0.000244140625,32768.0,104,210
1,3,0.0009765625,0.03125,140,210
1,3,0.0009765625,0.125,140,210
1,3,0.0009765625,0.5,140,210
1,3,0.0009765625,2.0,140,210
1,3,0.0009765625,8.0,140,210
1,3,0.0009765625,32.0,140,210
1,3,0.0009765625,128.0,140,210
1,3,0.0009765625,512.0,140,210
1,3,0.0009765625,2048.0,140,210
1,3,0.0009765625,8192.0,140,210
1,3,0.0009765625,32768.0,140,210
1,3,0.00390625,0.03125,158,210
1,3,0.00390625,0.125,158,210
1,3,0.00390625,0.5,158,210
1,3,0.00390625,2.0,158,210
1,3,0.00390625,8.0,158,210
1,3,0.00390625,32.0,158,210
1,3,0.00390625,128.0,158,210
1,3,0.00390625,512.0,158,210
1,3,0.00390625,2048.0,158,210
1,3,0.00390625,8192.0,158,210
1,3,0.00390625,32768.0,158,210
1,3,0.015625,0.03125,189,210
1,3,0.015625,0.125,189,210
1,3,0.015625,0.5,189,210
1,3,0.015625,2.0,189,210
1,3,0.015625,8.0,189,210
1,3,0.015625,32.0,189,210
1,3,0.015625,128.0,189,210
1,3,0.015625,512.0,189,210
1,3,0.015625,2048.0,189,210
1,3,0.015625,8192.0,189,210
1,3,0.015625,32768.0,189,210
1,3,0.0625,0.03125,197,210
1,3,0.0625,0.125,197,210
1,3,0.0625,0.5,197,210
1,3,0.0625,2.0,197,210
1,3,0.0625,8.0,197,210
1,3,0.0625,32.0,197,210
1,3,0.0625,128.0,197,210
1,3,0.0625,512.0,197,210
1,3,0.0625,2048.0,197,210
1,3,0.0625,8192.0,197,210
1,3,0.0625,32768.0,197,210
1,3,0.25,0.03125,199,210
1,3,0.25,0.125,201,210
1,3,0.25,0.5,200,210
1,3,0.25,2.0,200,210
1,3,0.25,8.0,200,210
1,3,0.25,32.0,200,210
1,3,0.25,128.0,200,210
1,3,0.25,512.0,200,210
1,3,0.25,2048.0,200,210
1,3,0.25,8192.0,200,210
1,3,0.25,32768.0,200,210
1,3,1.0,0.03125,137,210
1,3,1.0,0.125,198,210
1,3,1.0,0.5,200,210
1,3,1.0,2.0,202,210
1,3,1.0,8.0,202,210
1,3,1.0,32.0,202,210
1,3,1.0,128.0,202,210
1,3,1.0,512.0,202,210
1,3,1.0,2048.0,202,210
1,3,1.0,8192.0,202,210
1,3,1.0,32768.0,202,210
1,3,4.0,0.03125,94,210
1,3,4.0,0.125,114,210
1,3,4.0,0.5,169,210
1,3,4.0,2.0,196,210
1,3,4.0,8.0,198,210
1,3,4.0,32.0,198,210
1,3,4.0,128.0,198,210
1,3,4.0,512.0,198,210
1,3,4.0,2048.0,198,210
1,3,4.0,8192.0,198,210
1,3,4.0,32768.0,198,210
1,3,16.0,0.03125,78,210
1,3,16.0,0.125,88,210
1,3,16.0,0.5,103,210
1,3,16.0,2.0,137,210
1,3,16.0,8.0,183,210
1,3,16.0,32.0,183,210
1,3,16.0,128.0,183,210
1,3,16.0,512.0,181,210
1,3,16.0,2048.0,181,210
1,3,16.0,8192.0,181,210
1,3,16.0,32768.0,181,210
1,3,64.0,0.03125,68,210
1,3,64.0,0.125,68,210
1,3,64.0,0.5,68,210
1,3,64.0,2.0,81,210
1,3,64.0,8.0,102,210
1,3,64.0,32.0,126,210
1,3,64.0,128.0,159,210
1,3,64.0,512.0,166,210
1,3,64.0,2048.0,181,210
1,3,64.0,8192.0,179,210
1,3,64.0,32768.0,179,210
1,3,256.0,0.03125,58,210
1,3,256.0,0.125,58,210
1,3,256.0,0.5,58,210
1,3,256.0,2.0,58,210
1,3,256.0,8.0,67,210
1,3,256.0,32.0,69,210
1,3,256.0,128.0,103,210
1,3,256.0,512.0,134,210
1,3,256.0,2048.0,154,210
1,3,256.0,8192.0,160,210
1,3,256.0,32768.0,166,210
1,3,1024.0,0.03125,53,210
1,3,1024.0,0.125,53,210
1,3,1024.0,0.5,53,210
1,3,1024.0,2.0,53,210
1,3,1024.0,8.0,53,210
1,3,1024.0,32.0,53,210
1,3,1024.0,128.0,60,210
1,3,1024.0,512.0,70,210
1,3,1024.0,2048.0,89,210
1,3,1024.0,8192.0,119,210
1,3,1024.0,32768.0,145,210
1,3,4096.0,0.03125,38,210
1,3,4096.0,0.125,38,210
1,3,4096.0,0.5,38,210
1,3,4096.0,2.0,38,210
1,3,4096.0,8.0,38,210
1,3,4096.0,32.0,38,210
1,3,4096.0,128.0,38,210
1,3,4096.0,512.0,43,210
1,3,4096.0,2048.0,47,210
1,3,4096.0,8192.0,60,210
1,3,4096.0,32768.0,80,210
1,3,16384.0,0.03125,43,210
1,3,16384.0,0.125,43,210
1,3,16384.0,0.5,43,210
1,3,16384.0,2.0,43,210
1,3,16384.0,8.0,43,210
1,3,16384.0,32.0,43,210
1,3,16384.0,128.0,43,210
1,3,16384.0,512.0,43,210
1,3,16384.0,2048.0,43,210
1,3,16384.0,8192.0,50,210
1,3,16384.0,32768.0,57,210
1,3,65536.0,0.03125,40,210
1,3,65536.0,0.125,40,210
1,3,65536.0,0.5,40,210
1,3,65536.0,2.0,40,210
1,3,65536.0,8.0,40,210
1,3,65536.0,32.0,40,210
1,3,65536.0,128.0,40,210
1,3,65536.0,512.0,40,210
1,3,65536.0,2048.0,40,210
1,3,65536.0,8192.0,40,210
1,3,65536.0,32768.0,40,210
1,4,0.000244140625,0.03125,110,210
1,4,0.000244140625,0.125,110,210
1,4,0.000244140625,0.5,110,210
1,4,0.000244140625,2.0,110,210
1,4,0.000244140625,8.0,110,210
1,4,0.000244140625,32.0,110,210
1,4,0.000244140625,128.0,110,210
1,4,0.000244140625,512.0,110,210
1,4,0.000244140625,2048.0,110,210
1,4,0.000244140625,8192.0,110,210
1,4,0.000244140625,32768.0,110,210
1,4,0.0009765625,0.03125,140,210
1,4,0.0009765625,0.125,140,210
1,4,0.0009765625,0.5,140,210
1,4,0.0009765625,2.0,140,210
1,4,0.0009765625,8.0,140,210
1,4,0.0009765625,32.0,140,210
1,4,0.0009765625,128.0,140,210
1,4,0.0009765625,512.0,140,210
1,4,0.0009765625,2048.0,140,210
1,4,0.0009765625,8192.0,140,210
1,4,0.0009765625,32768.0,140,210
1,4,0.00390625,0.03125,156,210
1,4,0.00390625,0.125,156,210
1,4,0.00390625,0.5,156,210
1,4,0.00390625,2.0,156,210
1,4,0.00390625,8.0,156,210
1,4,0.00390625,32.0,156,210
1,4,0.00390625,128.0,156,210
1,4,0.00390625,512.0,156,210
1,4,0.00390625,2048.0,156,210
1,4,0.00390625,8192.0,156,210
1,4,0.00390625,32768.0,156,210
1,4,0.015625,0.03125,178,210
1,4,0.015625,0.125,178,210
1,4,0.015625,0.5,178,210
1,4,0.015625,2.0,178,210
1,4,0.015625,8.0,178,210
1,4,0.015625,32.0,178,210
1,4,0.015625,128.0,178,210
1,4,0.015625,512.0,178,210
1,4,0.015625,2048.0,178,210
1,4,0.015625,8192.0,178,210
1,4,0.015625,32768.0,178,210
1,4,0.0625,0.03125,189,210
1,4,0.0625,0.125,188,210
1,4,0.0625,0.5,188,210
1,4,0.0625,2.0,188,210
1,4,0.0625,8.0,188,210
1,4,0.0625,32.0,188,210
1,4,0.0625,128.0,188,210
1,4,0.0625,512.0,188,210
1,4,0.0625,2048.0,188,210
1,4,0.0625,8192.0,188,210
1,4,0.0625,32768.0,188,210
1,4,0.25,0.03125,195,210
1,4,0.25,0.125,195,210
1,4,0.25,0.5,196,210
1,4,0.25,2.0,196,210
1,4,0.25,8.0,196,210
1,4,0.25,32.0,196,210
1,4,0.25,128.0,196,210
1,4,0.25,512.0,196,210
1,4,0.25,2048.0,196,210
1,4,0.25,8192.0,196,210
1,4,0.25,32768.0,196,210
1,4,1.0,0.03125,128,210
1,4,1.0,0.125,195,210
1,4,1.0,0.5,201,210
1,4,1.0,2.0,202,210
1,4,1.0,8.0,202,210
1,4,1.0,32.0,202,210
1,4,1.0,128.0,202,210
1,4,1.0,512.0,202,210
1,4,1.0,2048.0,202,210
1,4,1.0,8192.0,202,210
1,4,1.0,32768.0,202,210
1,4,4.0,0.03125,87,210
1,4,4.0,0.125,108,210
1,4,4.0,0.5,167,210
1,4,4.0,2.0,195,210
1,4,4.0,8.0,198,210
1,4,4.0,32.0,198,210
1,4,4.0,128.0,198,210
1,4,4.0,512.0,198,210
1,4,4.0,2048.0,198,210
1,4,4.0,8192.0,198,210
1,4,4.0,32768.0,198,210
1,4,16.0,0.03125,78,210
1,4,16.0,0.125,78,210
1,4,16.0,0.5,90,210
1,4,16.0,2.0,123,210
1,4,16.0,8.0,183,210
1,4,16.0,32.0,189,210
1,4,16.0,128.0,190,210
1,4,16.0,512.0,193,210
1,4,16.0,2048.0,193,210
1,4,16.0,8192.0,193,210
1,4,16.0,32768.0,193,210
1,4,64.0,0.03125,73,210
1,4,64.0,0.125,73,210
1,4,64.0,0.5,73,210
1,4,64.0,2.0,77,210
1,4,64.0,8.0,102,210
1,4,64.0,32.0,132,210
1,4,64.0,128.0,154,210
1,4,64.0,512.0,169,210
1,4,64.0,2048.0,176,210
1,4,64.0,8192.0,174,210
1,4,64.0,32768.0,173,210
1,4,256.0,0.03125,66,210
1,4,256.0,0.125,66,210
1,4,256.0,0.5,66,210
1,4,256.0,2.0,66,210
1,4,256.0,8.0,66,210
1,4,256.0,32.0,74,210
1,4,256.0,128.0,92,210
1,4,256.0,512.0,133,210
1,4,256.0,2048.0,145,210
1,4,256.0,8192.0,159,210
1,4,256.0,32768.0,160,210
1,4,1024.0,0.03125,54,210
1,4,1024.0,0.125,54,210
1,4,1024.0,0.5,54,210
1,4,1024.0,2.0,54,210
1,4,1024.0,8.0,54,210
1,4,1024.0,32.0,54,210
1,4,1024.0,128.0,58,210
1,4,1024.0,512.0,68,210
1,4,1024.0,2048.0,88,210
1,4,1024.0,8192.0,124,210
1,4,1024.0,32768.0,138,210
1,4,4096.0,0.03125,49,210
1,4,4096.0,0.125,49,210
1,4,4096.0,0.5,49,210
1,4,4096.0,2.0,49,210
1,4,4096.0,8.0,49,210
1,4,4096.0,32.0,49,210
1,4,4096.0,128.0,49,210
1,4,4096.0,512.0,49,210
1,4,4096.0,2048.0,56,210
1,4,4096.0,8192.0,66,210
1,4,4096.0,32768.0,85,210
1,4,16384.0,0.03125,47,210
1,4,16384.0,0.125,47,210
1,4,16384.0,0.5,47,210
1,4,16384.0,2.0,47,210
1,4,16384.0,8.0,47,210
1,4,16384.0,32.0,47,210
1,4,16384.0,128.0,47,210
1,4,16384.0,512.0,47,210
1,4,16384.0,2048.0,47,210
1,4,16384.0,8192.0,51,210
1,4,16384.0,32768.0,60,210
1,4,65536.0,0.03125,39,210
1,4,65536.0,0.125,39,210
1,4,65536.0,0.5,39,210
1,4,65536.0,2.0,39,210
1,4,65536.0,8.0,39,210
1,4,65536.0,32.0,39,210
1,4,65536.0,128.0,39,210
1,4,65536.0,512.0,39,210
1,4,65536.0,2048.0,39,210
1,4,65536.0,8192.0,39,210
1,4,65536.0,32768.0,39,210
1,5,0.000244140625,0.03125,107,210
1,5,0.000244140625,0.125,107,210
1,5,0.000244140625,0.5,107,210
1,5,0.000244140625,2.0,107,210
1,5,0.000244140625,8.0,107,210
1,5,0.000244140625,32.0,107,210
1,5,0.000244140625,128.0,107,210
1,5,0.000244140625,512.0,107,210
1,5,0.000244140625,2048.0,107,210
1,5,0.000244140625,8192.0,107,210
1,5,0.000244140625,32768.0,107,210
1,5,0.0009765625,0.03125,139,210
1,5,0.0009765625,0.125,139,210
1,5,0.0009765625,0.5,139,210
1,5,0.0009765625,2.0,139,210
1,5,0.0009765625,8.0,139,210
1,5,0.0009765625,32.0,139,210
1,5,0.0009765625,128.0,139,210
1,5,0.0009765625,512.0,139,210
1,5,0.0009765625,2048.0,139,210
1,5,0.0009765625,8192.0,139,210
1,5,0.0009765625,32768.0,139,210
1,5,0.00390625,0.03125,165,210
1,5,0.00390625,0.125,165,210
1,5,0.00390625,0.5,165,210
1,5,0.00390625,2.0,165,210
1,5,0.00390625,8.0,165,210
1,5,0.00390625,32.0,165,210
1,5,0.00390625,128.0,165,210
1,5,0.00390625,512.0,165,210
1,5,0.00390625,2048.0,165,210
1,5,0.00390625,8192.0,165,210
1,5,0.00390625,32768.0,165,210
1,5,0.015625,0.03125,187,210
1,5,0.015625,0.125,187,210
1,5,0.015625,0.5,187,210
1,5,0.015625,2.0,187,210
1,5,0.015625,8.0,187,210
1,5,0.015625,32.0,187,210
1,5,0.015625,128.0,187,210
1,5,0.015625,512.0,187,210
1,5,0.015625,2048.0,187,210
1,5,0.015625,8192.0,187,210
1,5,0.015625,32768.0,187,210
1,5,0.0625,0.03125,195,210
1,5,0.0625,0.125,195,210
1,5,0.0625,0.5,195,210
1,5,0.0625,2.0,195,210
1,5,0.0625,8.0,195,210
1,5,0.0625,32.0,195,210
1,5,0.0625,128.0,195,210
1,5,0.0625,512.0,195,210
1,5,0.0625,2048.0,195,210
1,5,0.0625,8192.0,195,210
1,5,0.0625,32768.0,195,210
1,5,0.25,0.03125,196,210
1,5,0.25,0.125,202,210
1,5,0.25,0.5,201,210
1,5,0.25,2.0,201,210
1,5,0.25,8.0,201,210
1,5,0.25,32.0,201,210
1,5,0.25,128.0,201,210
1,5,0.25,512.0,201,210
1,5,0.25,2048.0,201,210
1,5,0.25,8192.0,201,210
1,5,0.25,32768.0,201,210
1,5,1.0,0.03125,140,210
1,5,1.0,0.125,196,210
1,5,1.0,0.5,201,210
1,5,1.0,2.0,202,210
1,5,1.0,8.0,202,210
1,5,1.0,32.0,202,210
1,5,1.0,128.0,202,210
1,5,1.0,512.0,202,210
1,5,1.0,2048.0,202,210
1,5,1.0,8192.0,202,210
1,5,1.0,32768.0,202,210
1,5,4.0,0.03125,98,210
1,5,4.0,0.125,113,210
1,5,4.0,0.5,173,210
1,5,4.0,2.0,196,210
1,5,4.0,8.0,197,210
1,5,4.0,32.0,198,210
1,5,4.0,128.0,198,210
1,5,4.0,512.0,198,210
1,5,4.0,2048.0,198,210
1,5,4.0,8192.0,198,210
1,5,4.0,32768.0,198,210
1,5,16.0,0.03125,82,210
1,5,16.0,0.125,92,210
1,5,16.0,0.5,96,210
1,5,16.0,2.0,124,210
1,5,16.0,8.0,181,210
1,5,16.0,32.0,192,210
1,5,16.0,128.0,190,210
1,5,16.0,512.0,190,210
1,5,16.0,2048.0,190,210
1,5,16.0,8192.0,190,210
1,5,16.0,32768.0,190,210
1,5,64.0,0.03125,70,210
1,5,64.0,0.125,70,210
1,5,64.0,0.5,70,210
1,5,64.0,2.0,77,210
1,5,64.0,8.0,91,210
1,5,64.0,32.0,119,210
1,5,64.0,128.0,154,210
1,5,64.0,512.0,176,210
1,5,64.0,2048.0,179,210
1,5,64.0,8192.0,178,210
1,5,64.0,32768.0,178,210
1,5,256.0,0.03125,63,210
1,5,256.0,0.125,63,210
1,5,256.0,0.5,63,210
1,5,256.0,2.0,63,210
1,5,256.0,8.0,68,210
1,5,256.0,32.0,72,210
1,5,256.0,128.0,87,210
1,5,256.0,512.0,119,210
1,5,256.0,2048.0,138,210
1,5,256.0,8192.0,149,210
1,5,256.0,32768.0,155,210
1,5,1024.0,0.03125,54,210
1,5,1024.0,0.125,54,210
1,5,1024.0,0.5,54,210
1,5,1024.0,2.0,54,210
1,5,1024.0,8.0,54,210
1,5,1024.0,32.0,54,210
1,5,1024.0,128.0,60,210
1,5,1024.0,512.0,66,210
1,5,1024.0,2048.0,85,210
1,5,1024.0,8192.0,105,210
1,5,1024.0,32768.0,134,210
1,5,4096.0,0.03125,43,210
1,5,4096.0,0.125,43,210
1,5,4096.0,0.5,43,210
1,5,4096.0,2.0,43,210
1,5,4096.0,8.0,43,210
1,5,4096.0,32.0,43,210
1,5,4096.0,128.0,43,210
1,5,4096.0,512.0,48,210
1,5,4096.0,2048.0,54,210
1,5,4096.0,8192.0,65,210
1,5,4096.0,32768.0,83,210
1,5,16384.0,0.03125,48,210
1,5,16384.0,0.125,48,210
1,5,16384.0,0.5,48,210
1,5,16384.0,2.0,48,210
1,5,16384.0,8.0,48,210
1,5,16384.0,32.0,48,210
1,5,16384.0,128.0,48,210
1,5,16384.0,512.0,48,210
1,5,16384.0,2048.0,48,210
1,5,16384.0,8192.0,56,210
1,5,16384.0,32768.0,65,210
1,5,65536.0,0.03125,42,210
1,5,65536.0,0.125,42,210
1,5,65536.0,0.5,42,210
1,5,65536.0,2.0,42,210
1,5,65536.0,8.0,42,210
1,5,65536.0,32.0,42,210
1,5,65536.0,128.0,42,210
1,5,65536.0,512.0,42,210
1,5,65536.0,2048.0,42,210
1,5,65536.0,8192.0,42,210
1,5,65536.0,32768.0,42,210
1,6,0.000244140625,0.03125,104,210
1,6,0.000244140625,0.125,104,210
1,6,0.000244140625,0.5,104,210
1,6,0.000244140625,2.0,104,210
1,6,0.000244140625,8.0,104,210
1,6,0.000244140625,32.0,104,210
1,6,0.000244140625,128.0,104,210
1,6,0.000244140625,512.0,104,210
1,6,0.000244140625,2048.0,104,210
1,6,0.000244140625,8192.0,104,210
1,6,0.000244140625,32768.0,104,210
1,6,0.0009765625,0.03125,141,210
1,6,0.0009765625,0.125,141,210
1,6,0.0009765625,0.5,141,210
1,6,0.0009765625,2.0,141,210
1,6,0.0009765625,8.0,141,210
1,6,0.0009765625,32.0,141,210
1,6,0.0009765625,128.0,141,210
1,6,0.0009765625,512.0,141,210
1,6,0.0009765625,2048.0,141,210
1,6,0.0009765625,8192.0,141,210
1,6,0.0009765625,32768.0,141,210
1,6,0.00390625,0.03125,161,210
1,6,0.00390625,0.125,161,210
1,6,0.00390625,0.5,161,210
1,6,0.00390625,2.0,161,210
1,6,0.00390625,8.0,161,210
1,6,0.00390625,32.0,161,210
1,6,0.00390625,128.0,161,210
1,6,0.00390625,512.0,161,210
1,6,0.00390625,2048.0,161,210
1,6,0.00390625,8192.0,161,210
1,6,0.00390625,32768.0,161,210
1,6,0.015625,0.03125,183,210
1,6,0.015625,0.125,183,210
1,6,0.015625,0.5,183,210
1,6,0.015625,2.0,183,210
1,6,0.015625,8.0,183,210
1,6,0.015625,32.0,183,210
1,6,0.015625,128.0,183,210
1,6,0.015625,512.0,183,210
1,6,0.015625,2048.0,183,210
1,6,0.015625,8192.0,183,210
1,6,0.015625,32768.0,183,210
1,6,0.0625,0.03125,198,210
1,6,0.0625,0.125,198,210
1,6,0.0625,0.5,198,210
1,6,0.0625,2.0,198,210
1,6,0.0625,8.0,198,210
1,6,0.0625,32.0,198,210
1,6,0.0625,128.0,198,210
1,6,0.0625,512.0,198,210
1,6,0.0625,2048.0,198,210
1,6,0.0625,8192.0,198,210
1,6,0.0625,32768.0,198,210
1,6,0.25,0.03125,199,210
1,6,0.25,0.125,201,210
1,6,0.25,0.5,201,210
1,6,0.25,2.0,201,210
1,6,0.25,8.0,201,210
1,6,0.25,32.0,201,210
1,6,0.25,128.0,201,210
1,6,0.25,512.0,201,210
1,6,0.25,2048.0,201,210
1,6,0.25,8192.0,201,210
1,6,0.25,32768.0,201,210
1,6,1.0,0.03125,127,210
1,6,1.0,0.125,197,210
1,6,1.0,0.5,204,210
1,6,1.0,2.0,204,210
1,6,1.0,8.0,204,210
1,6,1.0,32.0,204,210
1,6,1.0,128.0,204,210
1,6,1.0,512.0,204,210
1,6,1.0,2048.0,204,210
1,6,1.0,8192.0,204,210
1,6,1.0,32768.0,204,210
1,6,4.0,0.03125,91,210
1,6,4.0,0.125,105,210
1,6,4.0,0.5,177,210
1,6,4.0,2.0,196,210
1,6,4.0,8.0,201,210
1,6,4.0,32.0,200,210
1,6,4.0,128.0,200,210
1,6,4.0,512.0,200,210
1,6,4.0,2048.0,200,210
1,6,4.0,8192.0,200,210
1,6,4.0,32768.0,200,210
1,6,16.0,0.03125,80,210
1,6,16.0,0.125,88,210
1,6,16.0,0.5,93,210
1,6,16.0,2.0,121,210
1,6,16.0,8.0,178,210
1,6,16.0,32.0,194,210
1,6,16.0,128.0,197,210
1,6,16.0,512.0,196,210
1,6,16.0,2048.0,196,210
1,6,16.0,8192.0,196,210
1,6,16.0,32768.0,196,210
1,6,64.0,0.03125,73,210
1,6,64.0,0.125,73,210
1,6,64.0,0.5,73,210
1,6,64.0,2.0,83,210
1,6,64.0,8.0,98,210
1,6,64.0,32.0,126,210
1,6,64.0,128.0,156,210
1,6,64.0,512.0,168,210
1,6,64.0,2048.0,181,210
1,6,64.0,8192.0,183,210
1,6,64.0,32768.0,183,210
1,6,256.0,0.03125,66,210
1,6,256.0,0.125,66,210
1,6,256.0,0.5,66,210
1,6,256.0,2.0,66,210
1,6,256.0,8.0,76,210
1,6,256.0,32.0,76,210
1,6,256.0,128.0,93,210
1,6,256.0,512.0,122,210
1,6,256.0,2048.0,145,210
1,6,256.0,8192.0,147,210
1,6,256.0,32768.0,158,210
1,6,1024.0,0.03125,52,210
1,6,1024.0,0.125,52,210
1,6,1024.0,0.5,52,210
1,6,1024.0,2.0,52,210
1,6,1024.0,8.0,52,210
1,6,1024.0,32.0,52,210
1,6,1024.0,128.0,58,210
1,6,1024.0,512.0,65,210
1,6,1024.0,2048.0,84,210
1,6,1024.0,8192.0,118,210
1,6,1024.0,32768.0,151,210
1,6,4096.0,0.03125,50,210
1,6,4096.0,0.125,50,210
1,6,4096.0,0.5,50,210
1,6,4096.0,2.0,50,210
1,6,4096.0,8.0,50,210
1,6,4096.0,32.0,50,210
1,6,4096.0,128.0,50,210
1,6,4096.0,512.0,56,210
1,6,4096.0,2048.0,60,210
1,6,4096.0,8192.0,66,210
1,6,4096.0,32768.0,81,210
1,6,16384.0,0.03125,51,210
1,6,16384.0,0.125,51,210
1,6,16384.0,0.5,51,210
1,6,16384.0,2.0,51,210
1,6,16384.0,8.0,51,210
1,6,16384.0,32.0,51,210
1,6,16384.0,128.0,51,210
1,6,16384.0,512.0,51,210
1,6,16384.0,2048.0,51,210
1,6,16384.0,8192.0,54,210
1,6,16384.0,32768.0,62,210
1,6,65536.0,0.03125,47,210
1,6,65536.0,0.125,47,210
1,6,65536.0,0.5,47,210
1,6,65536.0,2.0,47,210
1,6,65536.0,8.0,47,210
1,6,65536.0,32.0,47,210
1,6,65536.0,128.0,47,210
1,6,65536.0,512.0,47,210
1,6,65536.0,2048.0,47,210
1,6,65536.0,8192.0,47,210
1,6,65536.0,32768.0,47,210
1,7,0.000244140625,0.03125,116,210
1,7,0.000244140625,0.125,116,210
1,7,0.000244140625,0.5,116,210
1,7,0.000244140625,2.0,116,210
1,7,0.000244140625,8.0,116,210
1,7,0.000244140625,32.0,116,210
1,7,0.000244140625,128.0,116,210
1,7,0.000244140625,512.0,116,210
1,7,0.000244140625,2048.0,116,210
1,7,0.000244140625,8192.0,116,210
1,7,0.000244140625,32768.0,116,210
1,7,0.0009765625,0.03125,144,210
1,7,0.0009765625,0.125,144,210
1,7,0.0009765625,0.5,144,210
1,7,0.0009765625,2.0,144,210
1,7,0.0009765625,8.0,144,210
1,7,0.0009765625,32.0,144,210
1,7,0.0009765625,128.0,144,210
1,7,0.0009765625,512.0,144,210
1,7,0.0009765625,2048.0,144,210
1,7,0.0009765625,8192.0,144,210
1,7,0.0009765625,32768.0,144,210
1,7,0.00390625,0.03125,167,210
1,7,0.00390625,0.125,167,210
1,7,0.00390625,0.5,167,210
1,7,0.00390625,2.0,167,210
1,7,0.00390625,8.0,167,210
1,7,0.00390625,32.0,167,210
1,7,0.00390625,128.0,167,210
1,7,0.00390625,512.0,167,210
1,7,0.00390625,2048.0,167,210
1,7,0.00390625,8192.0,167,210
1,7,0.00390625,32768.0,167,210
1,7,0.015625,0.03125,185,210
1,7,0.015625,0.125,185,210
1,7,0.015625,0.5,185,210
1,7,0.015625,2.0,185,210
1,7,0.015625,8.0,185,210
1,7,0.015625,32.0,185,210
1,7,0.015625,128.0,185,210
1,7,0.015625,512.0,185,210
1,7,0.015625,2048.0,185,210
1,7,0.015625,8192.0,185,210
1,7,0.015625,32768.0,185,210
1,7,0.0625,0.03125,198,210
1,7,0.0625,0.125,198,210
1,7,0.0625,0.5,198,210
1,7,0.0625,2.0,198,210
1,7,0.0625,8.0,198,210
1,7,0.0625,32.0,198,210
1,7,0.0625,128.0,198,210
1,7,0.0625,512.0,198,210
1,7,0.0625,2048.0,198,210
1,7,0.0625,8192.0,198,210
1,7,0.0625,32768.0,198,210
1,7,0.25,0.03125,196,210
1,7,0.25,0.125,201,210
1,7,0.25,0.5,201,210
1,7,0.25,2.0,201,210
1,7,0.25,8.0,201,210
1,7,0.25,32.0,201,210
1,7,0.25,128.0,201,210
1,7,0.25,512.0,201,210
1,7,0.25,2048.0,201,210
1,7,0.25,8192.0,201,210
1,7,0.25,32768.0,201,210
1,7,1.0,0.03125,135,210
1,7,1.0,0.125,199,210
1,7,1.0,0.5,203,210
1,7,1.0,2.0,200,210
1,7,1.0,8.0,200,210
1,7,1.0,32.0,200,210
1,7,1.0,128.0,200,210
1,7,1.0,512.0,200,210
1,7,1.0,2048.0,200,210
1,7,1.0,8192.0,200,210
1,7,1.0,32768.0,200,210
1,7,4.0,0.03125,87,210
1,7,4.0,0.125,107,210
1,7,4.0,0.5,168,210
1,7,4.0,2.0,192,210
1,7,4.0,8.0,196,210
1,7,4.0,32.0,196,210
1,7,4.0,128.0,196,210
1,7,4.0,512.0,196,210
1,7,4.0,2048.0,196,210
1,7,4.0,8192.0,196,210
1,7,4.0,32768.0,196,210
1,7,16.0,0.03125,78,210
1,7,16.0,0.125,78,210
1,7,16.0,0.5,86,210
1,7,16.0,2.0,119,210
1,7,16.0,8.0,182,210
1,7,16.0,32.0,188,210
1,7,16.0,128.0,189,210
1,7,16.0,512.0,193,210
1,7,16.0,2048.0,193,210
1,7,16.0,8192.0,193,210
1,7,16.0,32768.0,193,210
1,7,64.0,0.03125,71,210
1,7,64.0,0.125,71,210
1,7,64.0,0.5,71,210
1,7,64.0,2.0,71,210
1,7,64.0,8.0,95,210
1,7,64.0,32.0,119,210
1,7,64.0,128.0,154,210
1,7,64.0,512.0,171,210
1,7,64.0,2048.0,170,210
1,7,64.0,8192.0,177,210
1,7,64.0,32768.0,176,210
1,7,256.0,0.03125,61,210
1,7,256.0,0.125,61,210
1,7,256.0,0.5,61,210
1,7,256.0,2.0,61,210
1,7,256.0,8.0,61,210
1,7,256.0,32.0,66,210
1,7,256.0,128.0,91,210
1,7,256.0,512.0,115,210
1,7,256.0,2048.0,135,210
1,7,256.0,8192.0,147,210
1,7,256.0,32768.0,155,210
1,7,1024.0,0.03125,55,210
1,7,1024.0,0.125,55,210
1,7,1024.0,0.5,55,210
1,7,1024.0,2.0,55,210
1,7,1024.0,8.0,55,210
1,7,1024.0,32.0,55,210
1,7,1024.0,128.0,59,210
1,7,1024.0,512.0,67,210
1,7,1024.0,2048.0,89,210
1,7,1024.0,8192.0,107,210
1,7,1024.0,32768.0,138,210
1,7,4096.0,0.03125,47,210
1,7,4096.0,0.125,47,210
1,7,4096.0,0.5,47,210
1,7,4096.0,2.0,47,210
1,7,4096.0,8.0,47,210
1,7,4096.0,32.0,47,210
1,7,4096.0,128.0,47,210
1,7,4096.0,512.0,47,210
1,7,4096.0,2048.0,58,210
1,7,4096.0,8192.0,65,210
1,7,4096.0,32768.0,76,210
1,7,16384.0,0.03125,51,210
1,7,16384.0,0.125,51,210
1,7,16384.0,0.5,51,210
1,7,16384.0,2.0,51,210
1,7,16384.0,8.0,51,210
1,7,16384.0,32.0,51,210
1,7,16384.0,128.0,51,210
1,7,16384.0,512.0,51,210
1,7,16384.0,2048.0,51,210
1,7,16384.0,8192.0,52,210
1,7,16384.0,32768.0,63,210
1,7,65536.0,0.03125,49,210
1,7,65536.0,0.125,49,210
1,7,65536.0,0.5,49,210
1,7,65536.0,2.0,49,210
1,7,65536.0,8.0,49,210
1,7,65536.0,32.0,49,210
1,7,65536.0,128.0,49,210
1,7,65536.0,512.0,49,210
1,7,65536.0,2048.0,49,210
1,7,65536.0,8192.0,49,210
1,7,65536.0,32768.0,49,210
1,8,0.000244140625,0.03125,106,210
1,8,0.000244140625,0.125,106,210
1,8,0.000244140625,0.5,106,210
1,8,0.000244140625,2.0,106,210
1,8,0.000244140625,8.0,106,210
1,8,0.000244140625,32.0,106,210
1,8,0.000244140625,128.0,106,210
1,8,0.000244140625,512.0,106,210
1,8,0.000244140625,2048.0,106,210
1,8,0.000244140625,8192.0,106,210
1,8,0.000244140625,32768.0,106,210
1,8,0.0009765625,0.03125,134,210
1,8,0.0009765625,0.125,134,210
1,8,0.0009765625,0.5,134,210
1,8,0.0009765625,2.0,134,210
1,8,0.0009765625,8.0,134,210
1,8,0.0009765625,32.0,134,210
1,8,0.0009765625,128.0,134,210
1,8,0.0009765625,512.0,134,210
1,8,0.0009765625,2048.0,134,210
1,8,0.0009765625,8192.0,134,210
1,8,0.0009765625,32768.0,134,210
1,8,0.00390625,0.03125,166,210
1,8,0.00390625,0.125,166,210
1,8,0.00390625,0.5,166,210
1,8,0.00390625,2.0,166,210
1,8,0.00390625,8.0,166,210
1,8,0.00390625,32.0,166,210
1,8,0.00390625,128.0,166,210
1,8,0.00390625,512.0,166,210
1,8,0.00390625,2048.0,166,210
1,8,0.00390625,8192.0,166,210
1,8,0.00390625,32768.0,166,210
1,8,0.015625,0.03125,186,210
1,8,0.015625,0.125,186,210
1,8,0.015625,0.5,186,210
1,8,0.015625,2.0,186,210
1,8,0.015625,8.0,186,210
1,8,0.015625,32.0,186,210
1,8,0.015625,128.0,186,210
1,8,0.015625,512.0,186,210
1,8,0.015625,2048.0,186,210
1,8,0.015625,8192.0,186,210
1,8,0.015625,32768.0,186,210
1,8,0.0625,0.03125,196,210
1,8,0.0625,0.125,196,210
1,8,0.0625,0.5,196,210
1,8,0.0625,2.0,196,210
1,8,0.0625,8.0,196,210
1,8,0.0625,32.0,196,210
1,8,0.0625,128.0,196,210
1,8,0.0625,512.0,196,210
1,8,0.0625,2048.0,196,210
1,8,0.0625,8192.0,196,210
1,8,0.0625,32768.0,196,210
1,8,0.25,0.03125,198,210
1,8,0.25,0.125,203,210
1,8,0.25,0.5,203,210
1,8,0.25,2.0,203,210
1,8,0.25,8.0,203,210
1,8,0.25,32.0,203,210
1,8,0.25,128.0,203,210
1,8,0.25,512.0,203,210
1,8,0.25,2048.0,203,210
1,8,0.25,8192.0,203,210
1,8,0.25,32768.0,203,210
1,8,1.0,0.03125,132,210
1,8,1.0,0.125,196,210
1,8,1.0,0.5,204,210
1,8,1.0,2.0,204,210
1,8,1.0,8.0,204,210
1,8,1.0,32.0,204,210
1,8,1.0,128.0,204,210
1,8,1.0,512.0,204,210
1,8,1.0,2048.0,204,210
1,8,1.0,8192.0,204,210
1,8,1.0,32768.0,204,210
1,8,4.0,0.03125,91,210
1,8,4.0,0.125,113,210
1,8,4.0,0.5,167,210
1,8,4.0,2.0,197,210
1,8,4.0,8.0,199,210
1,8,4.0,32.0,201,210
1,8,4.0,128.0,201,210
1,8,4.0,512.0,201,210
1,8,4.0,2048.0,201,210
1,8,4.0,8192.0,201,210
1,8,4.0,32768.0,201,210
1,8,16.0,0.03125,79,210
1,8,16.0,0.125,79,210
1,8,16.0,0.5,95,210
1,8,16.0,2.0,136,210
1,8,16.0,8.0,184,210
1,8,16.0,32.0,193,210
1,8,16.0,128.0,196,210
1,8,16.0,512.0,197,210
1,8,16.0,2048.0,197,210
1,8,16.0,8192.0,197,210
1,8,16.0,32768.0,197,210
1,8,64.0,0.03125,68,210
1,8,64.0,0.125,68,210
1,8,64.0,0.5,68,210
1,8,64.0,2.0,73,210
1,8,64.0,8.0,95,210
1,8,64.0,32.0,133,210
1,8,64.0,128.0,153,210
1,8,64.0,512.0,173,210
1,8,64.0,2048.0,178,210
1,8,64.0,8192.0,181,210
1,8,64.0,32768.0,181,210
1,8,256.0,0.03125,57,210
1,8,256.0,0.125,57,210
1,8,256.0,0.5,57,210
1,8,256.0,2.0,57,210
1,8,256.0,8.0,57,210
1,8,256.0,32.0,70,210
1,8,256.0,128.0,98,210
1,8,256.0,512.0,133,210
1,8,256.0,2048.0,150,210
1,8,256.0,8192.0,154,210
1,8,256.0,32768.0,161,210
1,8,1024.0,0.03125,53,210
1,8,1024.0,0.125,53,210
1,8,1024.0,0.5,53,210
1,8,1024.0,2.0,53,210
1,8,1024.0,8.0,53,210
1,8,1024.0,32.0,53,210
1,8,1024.0,128.0,57,210
1,8,1024.0,512.0,71,210
1,8,1024.0,2048.0,98,210
1,8,1024.0,8192.0,125,210
1,8,1024.0,32768.0,147,210
1,8,4096.0,0.03125,47,210
1,8,4096.0,0.125,47,210
1,8,4096.0,0.5,47,210
1,8,4096.0,2.0,47,210
1,8,4096.0,8.0,47,210
1,8,4096.0,32.0,47,210
1,8,4096.0,128.0,47,210
1,8,4096.0,512.0,49,210
1,8,4096.0,2048.0,57,210
1,8,4096.0,8192.0,68,210
1,8,4096.0,32768.0,84,210
1,8,16384.0,0.03125,44,210
1,8,16384.0,0.125,44,210
1,8,16384.0,0.5,44,210
1,8,16384.0,2.0,44,210
1,8,16384.0,8.0,44,210
1,8,16384.0,32.0,44,210
1,8,16384.0,128.0,44,210
1,8,16384.0,512.0,44,210
1,8,16384.0,2048.0,44,210
1,8,16384.0,8192.0,46,210
1,8,16384.0,32768.0,55,210
1,8,65536.0,0.03125,43,210
1,8,65536.0,0.125,43,210
1,8,65536.0,0.5,43,210
1,8,65536.0,2.0,43,210
1,8,65536.0,8.0,43,210
1,8,65536.0,32.0,43,210
1,8,65536.0,128.0,43,210
1,8,65536.0,512.0,43,210
1,8,65536.0,2048.0,43,210
1,8,65536.0,8192.0,43,210
1,8,65536.0,32768.0,43,210
1,9,0.000244140625,0.03125,107,210
1,9,0.000244140625,0.125,107,210
1,9,0.000244140625,0.5,107,210
1,9,0.000244140625,2.0,107,210
1,9,0.000244140625,8.0,107,210
1,9,0.000244140625,32.0,107,210
1,9,0.000244140625,128.0,107,210
1,9,0.000244140625,512.0,107,210
1,9,0.000244140625,2048.0,107,210
1,9,0.000244140625,8192.0,107,210
1,9,0.000244140625,32768.0,107,210
1,9,0.0009765625,0.03125,152,210
1,9,0.0009765625,0.125,152,210
1,9,0.0009765625,0.5,152,210
1,9,0.0009765625,2.0,152,210
1,9,0.0009765625,8.0,152,210
1,9,0.0009765625,32.0,152,210
1,9,0.0009765625,128.0,152,210
1,9,0.0009765625,512.0,152,210
1,9,0.0009765625,2048.0,152,210
1,9,0.0009765625,8192.0,152,210
1,9,0.0009765625,32768.0,152,210
1,9,0.00390625,0.03125,164,210
1,9,0.00390625,0.125,164,210
1,9,0.00390625,0.5,164,210
1,9,0.00390625,2.0,164,210
1,9,0.00390625,8.0,164,210
1,9,0.00390625,32.0,164,210
1,9,0.00390625,128.0,164,210
1,9,0.00390625,512.0,164,210
1,9,0.00390625,2048.0,164,210
1,9,0.00390625,8192.0,164,210
1,9,0.00390625,32768.0,164,210
1,9,0.015625,0.03125,184,210
1,9,0.015625,0.125,184,210
1,9,0.015625,0.5,184,210
1,9,0.015625,2.0,184,210
1,9,0.015625,8.0,184,210
1,9,0.015625,32.0,184,210
1,9,0.015625,128.0,184,210
1,9,0.015625,512.0,184,210
1,9,0.015625,2048.0,184,210
1,9,0.015625,8192.0,184,210
1,9,0.015625,32768.0,184,210
1,9,0.0625,0.03125,192,210
1,9,0.0625,0.125,192,210
1,9,0.0625,0.5,192,210
1,9,0.0625,2.0,192,210
1,9,0.0625,8.0,192,210
1,9,0.0625,32.0,192,210
1,9,0.0625,128.0,192,210
1,9,0.0625,512.0,192,210
1,9,0.0625,2048.0,192,210
1,9,0.0625,8192.0,192,210
1,9,0.0625,32768.0,192,210
1,9,0.25,0.03125,197,210
1,9,0.25,0.125,200,210
1,9,0.25,0.5,200,210
1,9,0.25,2.0,200,210
1,9,0.25,8.0,200,210
1,9,0.25,32.0,200,210
1,9,0.25,128.0,200,210
1,9,0.25,512.0,200,210
1,9,0.25,2048.0,200,210
1,9,0.25,8192.0,200,210
1,9,0.25,32768.0,200,210
1,9,1.0,0.03125,131,210
1,9,1.0,0.125,196,210
1,9,1.0,0.5,201,210
1,9,1.0,2.0,201,210
1,9,1.0,8.0,201,210
1,9,1.0,32.0,201,210
1,9,1.0,128.0,201,210
1,9,1.0,512.0,201,210
1,9,1.0,2048.0,201,210
1,9,1.0,8192.0,201,210
1,9,1.0,32768.0,201,210
1,9,4.0,0.03125,85,210
1,9,4.0,0.125,99,210
1,9,4.0,0.5,168,210
1,9,4.0,2.0,190,210
1,9,4.0,8.0,192,210
1,9,4.0,32.0,192,210
1,9,4.0,128.0,192,210
1,9,4.0,512.0,192,210
1,9,4.0,2048.0,192,210
1,9,4.0,8192.0,192,210
1,9,4.0,32768.0,192,210
1,9,16.0,0.03125,83,210
1,9,16.0,0.125,83,210
1,9,16.0,0.5,96,210
1,9,16.0,2.0,130,210
1,9,16.0,8.0,181,210
1,9,16.0,32.0,185,210
1,9,16.0,128.0,186,210
1,9,16.0,512.0,189,210
1,9,16.0,2048.0,189,210
1,9,16.0,8192.0,189,210
1,9,16.0,32768.0,189,210
1,9,64.0,0.03125,74,210
1,9,64.0,0.125,74,210
1,9,64.0,0.5,74,210
1,9,64.0,2.0,76,210
1,9,64.0,8.0,95,210
1,9,64.0,32.0,121,210
1,9,64.0,128.0,153,210
1,9,64.0,512.0,166,210
1,9,64.0,2048.0,179,210
1,9,64.0,8192.0,179,210
1,9,64.0,32768.0,179,210
1,9,256.0,0.03125,66,210
1,9,256.0,0.125,66,210
1,9,256.0,0.5,66,210
1,9,256.0,2.0,66,210
1,9,256.0,8.0,66,210
1,9,256.0,32.0,70,210
1,9,256.0,128.0,92,210
1,9,256.0,512.0,121,210
1,9,256.0,2048.0,143,210
1,9,256.0,8192.0,148,210
1,9,256.0,32768.0,159,210
1,9,1024.0,0.03125,50,210
1,9,1024.0,0.125,50,210
1,9,1024.0,0.5,50,210
1,9,1024.0,2.0,50,210
1,9,1024.0,8.0,50,210
1,9,1024.0,32.0,50,210
1,9,1024.0,128.0,55,210
1,9,1024.0,512.0,67,210
1,9,1024.0,2048.0,87,210
1,9,1024.0,8192.0,117,210
1,9,1024.0,32768.0,143,210
1,9,4096.0,0.03125,44,210
1,9,4096.0,0.125,44,210
1,9,4096.0,0.5,44,210
1,9,4096.0,2.0,44,210
1,9,4096.0,8.0,44,210
1,9,4096.0,32.0,44,210
1,9,4096.0,128.0,44,210
1,9,4096.0,512.0,44,210
1,9,4096.0,2048.0,51,210
1,9,4096.0,8192.0,65,210
1,9,4096.0,32768.0,89,210
1,9,16384.0,0.03125,47,210
1,9,16384.0,0.125,47,210
1,9,16384.0,0.5,47,210
1,9,16384.0,2.0,47,210
1,9,16384.0,8.0,47,210
1,9,16384.0,32.0,47,210
1,9,16384.0,128.0,47,210
1,9,16384.0,512.0,47,210
1,9,16384.0,2048.0,47,210
1,9,16384.0,8192.0,51,210
1,9,16384.0,32768.0,59,210
1,9,65536.0,0.03125,45,210
1,9,65536.0,0.125,45,210
1,9,65536.0,0.5,45,210
1,9,65536.0,2.0,45,210
1,9,65536.0,8.0,45,210
1,9,65536.0,32.0,45,210
1,9,65536.0,128.0,45,210
1,9,65536.0,512.0,45,210
1,9,65536.0,2048.0,45,210
1,9,65536.0,8192.0,45,210
1,9,65536.0,32768.0,45,210
1,10,0.000244140625,0.03125,108,210
1,10,0.000244140625,0.125,108,210
1,10,0.000244140625,0.5,108,210
1,10,0.000244140625,2.0,108,210
1,10,0.000244140625,8.0,108,210
1,10,0.000244140625,32.0,108,210
1,10,0.000244140625,128.0,108,210
1,10,0.000244140625,512.0,108,210
1,10,0.000244140625,2048.0,108,210
1,10,0.000244140625,8192.0,108,210
1,10,0.000244140625,32768.0,108,210
1,10,0.0009765625,0.03125,135,210
1,10,0.0009765625,0.125,135,210
1,10,0.0009765625,0.5,135,210
1,10,0.0009765625,2.0,135,210
1,10,0.0009765625,8.0,135,210
1,10,0.0009765625,32.0,135,210
1,10,0.0009765625,128.0,135,210
1,10,0.0009765625,512.0,135,210
1,10,0.0009765625,2048.0,135,210
1,10,0.0009765625,8192.0,135,210
1,10,0.0009765625,32768.0,135,210
1,10,0.00390625,0.03125,158,210
1,10,0.00390625,0.125,158,210
1,10,0.00390625,0.5,158,210
1,10,0.00390625,2.0,158,210
1,10,0.00390625,8.0,158,210
1,10,0.00390625,32.0,158,210
1,10,0.00390625,128.0,158,210
1,10,0.00390625,512.0,158,210
1,10,0.00390625,2048.0,158,210
1,10,0.00390625,8192.0,158,210
1,10,0.00390625,32768.0,158,210
1,10,0.015625,0.03125,179,210
1,10,0.015625,0.125,179,210
1,10,0.015625,0.5,179,210
1,10,0.015625,2.0,179,210
1,10,0.015625,8.0,179,210
1,10,0.015625,32.0,179,210
1,10,0.015625,128.0,179,210
1,10,0.015625,512.0,179,210
1,10,0.015625,2048.0,179,210
1,10,0.015625,8192.0,179,210
1,10,0.015625,32768.0,179,210
1,10,0.0625,0.03125,185,210
1,10,0.0625,0.125,185,210
1,10,0.0625,0.5,185,210
1,10,0.0625,2.0,185,210
1,10,0.0625,8.0,185,210
1,10,0.0625,32.0,185,210
1,10,0.0625,128.0,185,210
1,10,0.0625,512.0,185,210
1,10,0.0625,2048.0,185,210
1,10,0.0625,8192.0,185,210
1,10,0.0625,32768.0,185,210
1,10,0.25,0.03125,185,210
1,10,0.25,0.125,198,210
1,10,0.25,0.5,198,210
1,10,0.25,2.0,198,210
1,10,0.25,8.0,198,210
1,10,0.25,32.0,198,210
1,10,0.25,128.0,198,210
1,10,0.25,512.0,198,210
1,10,0.25,2048.0,198,210
1,10,0.25,8192.0,198,210
1,10,0.25,32768.0,198,210
1,10,1.0,0.03125,123,210
1,10,1.0,0.125,189,210
1,10,1.0,0.5,200,210
1,10,1.0,2.0,202,210
1,10,1.0,8.0,202,210
1,10,1.0,32.0,202,210
1,10,1.0,128.0,202,210
1,10,1.0,512.0,202,210
1,10,1.0,2048.0,202,210
1,10,1.0,8192.0,202,210
1,10,1.0,32768.0,202,210
1,10,4.0,0.03125,88,210
1,10,4.0,0.125,99,210
1,10,4.0,0.5,162,210
1,10,4.0,2.0,194,210
1,10,4.0,8.0,198,210
1,10,4.0,32.0,197,210
1,10,4.0,128.0,197,210
1,10,4.0,512.0,197,210
1,10,4.0,2048.0,197,210
1,10,4.0,8192.0,197,210
1,10,4.0,32768.0,197,210
1,10,16.0,0.03125,80,210
1,10,16.0,0.125,80,210
1,10,16.0,0.5,89,210
1,10,16.0,2.0,129,210
1,10,16.0,8.0,183,210
1,10,16.0,32.0,192,210
1,10,16.0,128.0,196,210
1,10,16.0,512.0,196,210
1,10,16.0,2048.0,196,210
1,10,16.0,8192.0,196,210
1,10,16.0,32768.0,196,210
1,10,64.0,0.03125,73,210
1,10,64.0,0.125,73,210
1,10,64.0,0.5,73,210
1,10,64.0,2.0,78,210
1,10,64.0,8.0,93,210
1,10,64.0,32.0,127,210
1,10,64.0,128.0,160,210
1,10,64.0,512.0,176,210
1,10,64.0,2048.0,178,210
1,10,64.0,8192.0,180,210
1,10,64.0,32768.0,180,210
1,10,256.0,0.03125,69,210
1,10,256.0,0.125,69,210
1,10,256.0,0.5,69,210
1,10,256.0,2.0,69,210
1,10,256.0,8.0,69,210
1,10,256.0,32.0,79,210
1,10,256.0,128.0,94,210
1,10,256.0,512.0,130,210
1,10,256.0,2048.0,145,210
1,10,256.0,8192.0,147,210
1,10,256.0,32768.0,150,210
1,10,1024.0,0.03125,50,210
1,10,1024.0,0.125,50,210
1,10,1024.0,0.5,50,210
1,10,1024.0,2.0,50,210
1,10,1024.0,8.0,50,210
1,10,1024.0,32.0,50,210
1,10,1024.0,128.0,52,210
1,10,1024.0,512.0,68,210
1,10,1024.0,2048.0,93,210
1,10,1024.0,8192.0,123,210
1,10,1024.0,32768.0,145,210
1,10,4096.0,0.03125,41,210
1,10,4096.0,0.125,41,210
1,10,4096.0,0.5,41,210
1,10,4096.0,2.0,41,210
1,10,4096.0,8.0,41,210
1,10,4096.0,32.0,41,210
1,10,4096.0,128.0,41,210
1,10,4096.0,512.0,42,210
1,10,4096.0,2048.0,49,210
1,10,4096.0,8192.0,65,210
1,10,4096.0,32768.0,85,210
1,10,16384.0,0.03125,46,210
1,10,16384.0,0.125,46,210
1,10,16384.0,0.5,46,210
1,10,16384.0,2.0,46,210
1,10,16384.0,8.0,46,210
1,10,16384.0,32.0,46,210
1,10,16384.0,128.0,46,210
1,10,16384.0,512.0,46,210
1,10,16384.0,2048.0,46,210
1,10,16384.0,8192.0,47,210
1,10,16384.0,32768.0,55,210
1,10,65536.0,0.03125,41,210
1,10,65536.0,0.125,41,210
1,10,65536.0,0.5,41,210
1,10,65536.0,2.0,41,210
1,10,65536.0,8.0,41,210
1,10,65536.0,32.0,41,210
1,10,65536.0,128.0,41,210
1,10,65536.0,512.0,41,210
1,10,65536.0,2048.0,41,210
1,10,65536.0,8192.0,41,210
1,10,65536.0,32768.0,41,210
2,1,0.000244140625,0.03125,114,210
2,1,0.000244140625,0.125,114,210
2,1,0.000244140625,0.5,114,210
2,1,0.000244140625,2.0,114,210
2,1,0.000244140625,8.0,114,210
2,1,0.000244140625,32.0,114,210
2,1,0.000244140625,128.0,114,210
2,1,0.000244140625,512.0,114,210
2,1,0.000244140625,2048.0,114,210
2,1,0.000244140625,8192.0,114,210
2,1,0.000244140625,32768.0,114,210
2,1,0.0009765625,0.03125,142,210
2,1,0.0009765625,0.125,142,210
2,1,0.0009765625,0.5,142,210
2,1,0.0009765625,2.0,142,210
2,1,0.0009765625,8.0,142,210
2,1,0.0009765625,32.0,142,210
2,1,0.0009765625,128.0,142,210
2,1,0.0009765625,512.0,142,210
2,1,0.0009765625,2048.0,142,210
2,1,0.0009765625,8192.0,142,210
2,1,0.0009765625,32768.0,142,210
2,1,0.00390625,0.03125,171,210
2,1,0.00390625,0.125,171,210
2,1,0.00390625,0.5,171,210
2,1,0.00390625,2.0,171,210
2,1,0.00390625,8.0,171,210
2,1,0.00390625,32.0,171,210
2,1,0.00390625,128.0,171,210
2,1,0.00390625,512.0,171,210
2,1,0.00390625,2048.0,171,210
2,1,0.00390625,8192.0,171,210
2,1,0.00390625,32768.0,171,210
2,1,0.015625,0.03125,199,210
2,1,0.015625,0.125,199,210
2,1,0.015625,0.5,199,210
2,1,0.015625,2.0,199,210
2,1,0.015625,8.0,199,210
2,1,0.015625,32.0,199,210
2,1,0.015625,128.0,199,210
2,1,0.015625,512.0,199,210
2,1,0.015625,2048.0,199,210
2,1,0.015625,8192.0,199,210
2,1,0.015625,32768.0,199,210
2,1,0.0625,0.03125,203,210
2,1,0.0625,0.125,204,210
2,1,0.0625,0.5,204,210
2,1,0.0625,2.0,204,210
2,1,0.0625,8.0,204,210
2,1,0.0625,32.0,204,210
2,1,0.0625,128.0,204,210
2,1,0.0625,512.0,204,210
2,1,0.0625,2048.0,204,210
2,1,0.0625,8192.0,204,210
2,1,0.0625,32768.0,204,210
2,1,0.25,0.03125,161,210
2,1,0.25,0.125,200,210
2,1,0.25,0.5,203,210
2,1,0.25,2.0,203,210
2,1,0.25,8.0,203,210
2,1,0.25,32.0,203,210
2,1,0.25,128.0,203,210
2,1,0.25,512.0,203,210
2,1,0.25,2048.0,203,210
2,1,0.25,8192.0,203,210
2,1,0.25,32768.0,203,210
2,1,1.0,0.03125,93,210
2,1,1.0,0.125,143,210
2,1,1.0,0.5,198,210
2,1,1.0,2.0,199,210
2,1,1.0,8.0,199,210
2,1,1.0,32.0,199,210
2,1,1.0,128.0,199,210
2,1,1.0,512.0,199,210
2,1,1.0,2048.0,199,210
2,1,1.0,8192.0,199,210
2,1,1.0,32768.0,199,210
2,1,4.0,0.03125,80,210
2,1,4.0,0.125,83,210
2,1,4.0,0.5,112,210
2,1,4.0,2.0,173,210
2,1,4.0,8.0,189,210
2,1,4.0,32.0,191,210
2,1,4.0,128.0,189,210
2,1,4.0,512.0,189,210
2,1,4.0,2048.0,189,210
2,1,4.0,8192.0,189,210
2,1,4.0,32768.0,189,210
2,1,16.0,0.03125,71,210
2,1,16.0,0.125,71,210
2,1,16.0,0.5,71,210
2,1,16.0,2.0,87,210
2,1,16.0,8.0,111,210
2,1,16.0,32.0,151,210
2,1,16.0,128.0,166,210
2,1,16.0,512.0,163,210
2,1,16.0,2048.0,158,210
2,1,16.0,8192.0,158,210
2,1,16.0,32768.0,158,210
2,1,64.0,0.03125,64,210
2,1,64.0,0.125,64,210
2,1,64.0,0.5,64,210
2,1,64.0,2.0,64,210
2,1,64.0,8.0,71,210
2,1,64.0,32.0,89,210
2,1,64.0,128.0,129,210
2,1,64.0,512.0,155,210
2,1,64.0,2048.0,159,210
2,1,64.0,8192.0,149,210
2,1,64.0,32768.0,149,210
2,1,256.0,0.03125,49,210
2,1,256.0,0.125,49,210
2,1,256.0,0.5,49,210
2,1,256.0,2.0,49,210
2,1,256.0,8.0,49,210
2,1,256.0,32.0,49,210
2,1,256.0,128.0,63,210
2,1,256.0,512.0,81,210
2,1,256.0,2048.0,119,210
2,1,256.0,8192.0,148,210
2,1,256.0,32768.0,147,210
2,1,1024.0,0.03125,43,210
2,1,1024.0,0.125,43,210
2,1,1024.0,0.5,43,210
2,1,1024.0,2.0,43,210
2,1,1024.0,8.0,43,210
2,1,1024.0,32.0,43,210
2,1,1024.0,128.0,43,210
2,1,1024.0,512.0,48,210
2,1,1024.0,2048.0,61,210
2,1,1024.0,8192.0,77,210
2,1,1024.0,32768.0,98,210
2,1,4096.0,0.03125,40,210
2,1,4096.0,0.125,40,210
2,1,4096.0,0.5,40,210
2,1,4096.0,2.0,40,210
2,1,4096.0,8.0,40,210
2,1,4096.0,32.0,40,210
2,1,4096.0,128.0,40,210
2,1,4096.0,512.0,40,210
2,1,4096.0,2048.0,43,210
2,1,4096.0,8192.0,45,210
2,1,4096.0,32768.0,58,210
2,1,16384.0,0.03125,36,210
2,1,16384.0,0.125,36,210
2,1,16384.0,0.5,36,210
2,1,16384.0,2.0,36,210
2,1,16384.0,8.0,36,210
2,1,16384.0,32.0,36,210
2,1,16384.0,128.0,36,210
2,1,16384.0,512.0,36,210
2,1,16384.0,2048.0,36,210
2,1,16384.0,8192.0,36,210
2,1,16384.0,32768.0,41,210
2,1,65536.0,0.03125,36,210
2,1,65536.0,0.125,36,210
2,1,65536.0,0.5,36,210
2,1,65536.0,2.0,36,210
2,1,65536.0,8.0,36,210
2,1,65536.0,32.0,36,210
2,1,65536.0,128.0,36,210
2,1,65536.0,512.0,36,210
2,1,65536.0,2048.0,36,210
2,1,65536.0,8192.0,36,210
2,1,65536.0,32768.0,36,210
2,2,0.000244140625,0.03125,131,210
2,2,0.000244140625,0.125,131,210
2,2,0.000244140625,0.5,131,210
2,2,0.000244140625,2.0,131,210
2,2,0.000244140625,8.0,131,210
2,2,0.000244140625,32.0,131,210
2,2,0.000244140625,128.0,131,210
2,2,0.000244140625,512.0,131,210
2,2,0.000244140625,2048.0,131,210
2,2,0.000244140625,8192.0,131,210
2,2,0.000244140625,32768.0,131,210
2,2,0.0009765625,0.03125,150,210
2,2,0.0009765625,0.125,150,210
2,2,0.0009765625,0.5,150,210
2,2,0.0009765625,2.0,150,210
2,2,0.0009765625,8.0,150,210
2,2,0.0009765625,32.0,150,210
2,2,0.0009765625,128.0,150,210
2,2,0.0009765625,512.0,150,210
2,2,0.0009765625,2048.0,150,210
2,2,0.0009765625,8192.0,150,210
2,2,0.0009765625,32768.0,150,210
2,2,0.00390625,0.03125,176,210
2,2,0.00390625,0.125,176,210
2,2,0.00390625,0.5,176,210
2,2,0.00390625,2.0,176,210
2,2,0.00390625,8.0,176,210
2,2,0.00390625,32.0,176,210
2,2,0.00390625,128.0,176,210
2,2,0.00390625,512.0,176,210
2,2,0.00390625,2048.0,176,210
2,2,0.00390625,8192.0,176,210
2,2,0.00390625,32768.0,176,210
2,2,0.015625,0.03125,192,210
2,2,0.015625,0.125,192,210
2,2,0.015625,0.5,192,210
2,2,0.015625,2.0,192,210
2,2,0.015625,8.0,192,210
2,2,0.015625,32.0,192,210
2,2,0.015625,128.0,192,210
2,2,0.015625,512.0,192,210
2,2,0.015625,2048.0,192,210
2,2,0.015625,8192.0,192,210
2,2,0.015625,32768.0,192,210
2,2,0.0625,0.03125,197,210
2,2,0.0625,0.125,199,210
2,2,0.0625,0.5,199,210
2,2,0.0625,2.0,199,210
2,2,0.0625,8.0,199,210
2,2,0.0625,32.0,199,210
2,2,0.0625,128.0,199,210
2,2,0.0625,512.0,199,210
2,2,0.0625,2048.0,199,210
2,2,0.0625,8192.0,199,210
2,2,0.0625,32768.0,199,210
2,2,0.25,0.03125,159,210
2,2,0.25,0.125,194,210
2,2,0.25,0.5,200,210
2,2,0.25,2.0,200,210
2,2,0.25,8.0,200,210
2,2,0.25,32.0,200,210
2,2,0.25,128.0,200,210
2,2,0.25,512.0,200,210
2,2,0.25,2048.0,200,210
2,2,0.25,8192.0,200,210
2,2,0.25,32768.0,200,210
2,2,1.0,0.03125,90,210
2,2,1.0,0.125,141,210
2,2,1.0,0.5,188,210
2,2,1.0,2.0,197,210
2,2,1.0,8.0,196,210
2,2,1.0,32.0,196,210
2,2,1.0,128.0,196,210
2,2,1.0,512.0,196,210
2,2,1.0,2048.0,196,210
2,2,1.0,8192.0,196,210
2,2,1.0,32768.0,196,210
2,2,4.0,0.03125,78,210
2,2,4.0,0.125,78,210
2,2,4.0,0.5,111,210
2,2,4.0,2.0,173,210
2,2,4.0,8.0,188,210
2,2,4.0,32.0,189,210
2,2,4.0,128.0,188,210
2,2,4.0,512.0,188,210
2,2,4.0,2048.0,188,210
2,2,4.0,8192.0,188,210
2,2,4.0,32768.0,188,210
2,2,16.0,0.03125,73,210
2,2,16.0,0.125,73,210
2,2,16.0,0.5,73,210
2,2,16.0,2.0,90,210
2,2,16.0,8.0,115,210
2,2,16.0,32.0,147,210
2,2,16.0,128.0,167,210
2,2,16.0,512.0,173,210
2,2,16.0,2048.0,169,210
2,2,16.0,8192.0,169,210
2,2,16.0,32768.0,169,210
2,2,64.0,0.03125,67,210
2,2,64.0,0.125,67,210
2,2,64.0,0.5,67,210
2,2,64.0,2.0,67,210
2,2,64.0,8.0,76,210
2,2,64.0,32.0,89,210
2,2,64.0,128.0,131,210
2,2,64.0,512.0,145,210
2,2,64.0,2048.0,153,210
2,2,64.0,8192.0,160,210
2,2,64.0,32768.0,161,210
2,2,256.0,0.03125,53,210
2,2,256.0,0.125,53,210
2,2,256.0,0.5,53,210
2,2,256.0,2.0,53,210
2,2,256.0,8.0,53,210
2,2,256.0,32.0,54,210
2,2,256.0,128.0,68,210
2,2,256.0,512.0,83,210
2,2,256.0,2048.0,122,210
2,2,256.0,8192.0,139,210
2,2,256.0,32768.0,145,210
2,2,1024.0,0.03125,48,210
2,2,1024.0,0.125,48,210
2,2,1024.0,0.5,48,210
2,2,1024.0,2.0,48,210
2,2,1024.0,8.0,48,210
2,2,1024.0,32.0,48,210
2,2,1024.0,128.0,48,210
2,2,1024.0,512.0,53,210
2,2,1024.0,2048.0,61,210
2,2,1024.0,8192.0,80,210
2,2,1024.0,32768.0,106,210
2,2,4096.0,0.03125,45,210
2,2,4096.0,0.125,45,210
2,2,4096.0,0.5,45,210
2,2,4096.0,2.0,45,210
2,2,4096.0,8.0,45,210
2,2,4096.0,32.0,45,210
2,2,4096.0,128.0,45,210
2,2,4096.0,512.0,45,210
2,2,4096.0,2048.0,47,210
2,2,4096.0,8192.0,52,210
2,2,4096.0,32768.0,61,210
2,2,16384.0,0.03125,44,210
2,2,16384.0,0.125,44,210
2,2,16384.0,0.5,44,210
2,2,16384.0,2.0,44,210
2,2,16384.0,8.0,44,210
2,2,16384.0,32.0,44,210
2,2,16384.0,128.0,44,210
2,2,16384.0,512.0,44,210
2,2,16384.0,2048.0,44,210
2,2,16384.0,8192.0,44,210
2,2,16384.0,32768.0,51,210
2,2,65536.0,0.03125,43,210
2,2,65536.0,0.125,43,210
2,2,65536.0,0.5,43,210
2,2,65536.0,2.0,43,210
2,2,65536.0,8.0,43,210
2,2,65536.0,32.0,43,210
2,2,65536.0,128.0,43,210
2,2,65536.0,512.0,43,210
2,2,65536.0,2048.0,43,210
2,2,65536.0,8192.0,43,210
2,2,65536.0,32768.0,43,210
2,3,0.000244140625,0.03125,114,210
2,3,0.000244140625,0.125,114,210
2,3,0.000244140625,0.5,114,210
2,3,0.000244140625,2.0,114,210
2,3,0.000244140625,8.0,114,210
2,3,0.000244140625,32.0,114,210
2,3,0.000244140625,128.0,114,210
2,3,0.000244140625,512.0,114,210
2,3,0.000244140625,2048.0,114,210
2,3,0.000244140625,8192.0,114,210
2,3,0.000244140625,32768.0,114,210
2,3,0.0009765625,0.03125,140,210
2,3,0.0009765625,0.125,140,210
2,3,0.0009765625,0.5,140,210
2,3,0.0009765625,2.0,140,210
2,3,0.0009765625,8.0,140,210
2,3,0.0009765625,32.0,140,210
2,3,0.0009765625,128.0,140,210
2,3,0.0009765625,512.0,140,210
2,3,0.0009765625,2048.0,140,210
2,3,0.0009765625,8192.0,140,210
2,3,0.0009765625,32768.0,140,210
2,3,0.00390625,0.03125,176,210
2,3,0.00390625,0.125,176,210
2,3,0.00390625,0.5,176,210
2,3,0.00390625,2.0,176,210
2,3,0.00390625,8.0,176,210
2,3,0.00390625,32.0,176,210
2,3,0.00390625,128.0,176,210
2,3,0.00390625,512.0,176,210
2,3,0.00390625,2048.0,176,210
2,3,0.00390625,8192.0,176,210
2,3,0.00390625,32768.0,176,210
2,3,0.015625,0.03125,191,210
2,3,0.015625,0.125,191,210
2,3,0.015625,0.5,191,210
2,3,0.015625,2.0,191,210
2,3,0.015625,8.0,191,210
2,3,0.015625,32.0,191,210
2,3,0.015625,128.0,191,210
2,3,0.015625,512.0,191,210
2,3,0.015625,2048.0,191,210
2,3,0.015625,8192.0,191,210
2,3,0.015625,32768.0,191,210
2,3,0.0625,0.03125,200,210
2,3,0.0625,0.125,200,210
2,3,0.0625,0.5,200,210
2,3,0.0625,2.0,200,210
2,3,0.0625,8.0,200,210
2,3,0.0625,32.0,200,210
2,3,0.0625,128.0,200,210
2,3,0.0625,512.0,200,210
2,3,0.0625,2048.0,200,210
2,3,0.0625,8192.0,200,210
2,3,0.0625,32768.0,200,210
2,3,0.25,0.03125,163,210
2,3,0.25,0.125,203,210
2,3,0.25,0.5,204,210
2,3,0.25,2.0,204,210
2,3,0.25,8.0,204,210
2,3,0.25,32.0,204,210
2,3,0.25,128.0,204,210
2,3,0.25,512.0,204,210
2,3,0.25,2048.0,204,210
2,3,0.25,8192.0,204,210
2,3,0.25,32768.0,204,210
2,3,1.0,0.03125,94,210
2,3,1.0,0.125,142,210
2,3,1.0,0.5,200,210
2,3,1.0,2.0,202,210
2,3,1.0,8.0,203,210
2,3,1.0,32.0,203,210
2,3,1.0,128.0,203,210
2,3,1.0,512.0,203,210
2,3,1.0,2048.0,203,210
2,3,1.0,8192.0,203,210
2,3,1.0,32768.0,203,210
2,3,4.0,0.03125,81,210
2,3,4.0,0.125,93,210
2,3,4.0,0.5,117,210
2,3,4.0,2.0,184,210
2,3,4.0,8.0,188,210
2,3,4.0,32.0,186,210
2,3,4.0,128.0,189,210
2,3,4.0,512.0,189,210
2,3,4.0,2048.0,189,210
2,3,4.0,8192.0,189,210
2,3,4.0,32768.0,189,210
2,3,16.0,0.03125,72,210
2,3,16.0,0.125,72,210
2,3,16.0,0.5,81,210
2,3,16.0,2.0,94,210
2,3,16.0,8.0,119,210
2,3,16.0,32.0,154,210
2,3,16.0,128.0,165,210
2,3,16.0,512.0,166,210
2,3,16.0,2048.0,162,210
2,3,16.0,8192.0,162,210
2,3,16.0,32768.0,162,210
2,3,64.0,0.03125,63,210
2,3,64.0,0.125,63,210
2,3,64.0,0.5,63,210
2,3,64.0,2.0,71,210
2,3,64.0,8.0,74,210
2,3,64.0,32.0,94,210
2,3,64.0,128.0,127,210
2,3,64.0,512.0,160,210
2,3,64.0,2048.0,164,210
2,3,64.0,8192.0,167,210
2,3,64.0,32768.0,167,210
2,3,256.0,0.03125,46,210
2,3,256.0,0.125,46,210
2,3,256.0,0.5,46,210
2,3,256.0,2.0,46,210
2,3,256.0,8.0,51,210
2,3,256.0,32.0,54,210
2,3,256.0,128.0,61,210
2,3,256.0,512.0,83,210
2,3,256.0,2048.0,122,210
2,3,256.0,8192.0,152,210
2,3,256.0,32768.0,151,210
2,3,1024.0,0.03125,45,210
2,3,1024.0,0.125,45,210
2,3,1024.0,0.5,45,210
2,3,1024.0,2.0,45,210
2,3,1024.0,8.0,45,210
2,3,1024.0,32.0,45,210
2,3,1024.0,128.0,50,210
2,3,1024.0,512.0,51,210
2,3,1024.0,2048.0,61,210
2,3,1024.0,8192.0,74,210
2,3,1024.0,32768.0,97,210
2,3,4096.0,0.03125,42,210
2,3,4096.0,0.125,42,210
2,3,4096.0,0.5,42,210
2,3,4096.0,2.0,42,210
2,3,4096.0,8.0,42,210
2,3,4096.0,32.0,42,210
2,3,4096.0,128.0,42,210
2,3,4096.0,512.0,44,210
2,3,4096.0,2048.0,49,210
2,3,4096.0,8192.0,48,210
2,3,4096.0,32768.0,57,210
2,3,16384.0,0.03125,37,210
2,3,16384.0,0.125,37,210
2,3,16384.0,0.5,37,210
2,3,16384.0,2.0,37,210
2,3,16384.0,8.0,37,210
2,3,16384.0,32.0,37,210
2,3,16384.0,128.0,37,210
2,3,16384.0,512.0,37,210
2,3,16384.0,2048.0,37,210
2,3,16384.0,8192.0,41,210
2,3,16384.0,32768.0,42,210
2,3,65536.0,0.03125,37,210
2,3,65536.0,0.125,37,210
2,3,65536.0,0.5,37,210
2,3,65536.0,2.0,37,210
2,3,65536.0,8.0,37,210
2,3,65536.0,32.0,37,210
2,3,65536.0,128.0,37,210
2,3,65536.0,512.0,37,210
2,3,65536.0,2048.0,37,210
2,3,65536.0,8192.0,37,210
2,3,65536.0,32768.0,37,210
2,4,0.000244140625,0.03125,121,210
2,4,0.000244140625,0.125,121,210
2,4,0.000244140625,0.5,121,210
2,4,0.000244140625,2.0,121,210
2,4,0.000244140625,8.0,121,210
2,4,0.000244140625,32.0,121,210
2,4,0.000244140625,128.0,121,210
2,4,0.000244140625,512.0,121,210
2,4,0.000244140625,2048.0,121,210
2,4,0.000244140625,8192.0,121,210
2,4,0.000244140625,32768.0,121,210
2,4,0.0009765625,0.03125,149,210
2,4,0.0009765625,0.125,149,210
2,4,0.0009765625,0.5,149,210
2,4,0.0009765625,2.0,149,210
2,4,0.0009765625,8.0,149,210
2,4,0.0009765625,32.0,149,210
2,4,0.0009765625,128.0,149,210
2,4,0.0009765625,512.0,149,210
2,4,0.0009765625,2048.0,149,210
2,4,0.0009765625,8192.0,149,210
2,4,0.0009765625,32768.0,149,210
2,4,0.00390625,0.03125,178,210
2,4,0.00390625,0.125,178,210
2,4,0.00390625,0.5,178,210
2,4,0.00390625,2.0,178,210
2,4,0.00390625,8.0,178,210
2,4,0.00390625,32.0,178,210
2,4,0.00390625,128.0,178,210
2,4,0.00390625,512.0,178,210
2,4,0.00390625,2048.0,178,210
2,4,0.00390625,8192.0,178,210
2,4,0.00390625,32768.0,178,210
2,4,0.015625,0.03125,194,210
2,4,0.015625,0.125,194,210
2,4,0.015625,0.5,194,210
2,4,0.015625,2.0,194,210
2,4,0.015625,8.0,194,210
2,4,0.015625,32.0,194,210
2,4,0.015625,128.0,194,210
2,4,0.015625,512.0,194,210
2,4,0.015625,2048.0,194,210
2,4,0.015625,8192.0,194,210
2,4,0.015625,32768.0,194,210
2,4,0.0625,0.03125,202,210
2,4,0.0625,0.125,202,210
2,4,0.0625,0.5,202,210
2,4,0.0625,2.0,202,210
2,4,0.0625,8.0,202,210
2,4,0.0625,32.0,202,210
2,4,0.0625,128.0,202,210
2,4,0.0625,512.0,202,210
2,4,0.0625,2048.0,202,210
2,4,0.0625,8192.0,202,210
2,4,0.0625,32768.0,202,210
2,4,0.25,0.03125,159,210
2,4,0.25,0.125,203,210
2,4,0.25,0.5,206,210
2,4,0.25,2.0,206,210
2,4,0.25,8.0,206,210
2,4,0.25,32.0,206,210
2,4,0.25,128.0,206,210
2,4,0.25,512.0,206,210
2,4,0.25,2048.0,206,210
2,4,0.25,8192.0,206,210
2,4,0.25,32768.0,206,210
2,4,1.0,0.03125,94,210
2,4,1.0,0.125,155,210
2,4,1.0,0.5,195,210
2,4,1.0,2.0,204,210
2,4,1.0,8.0,204,210
2,4,1.0,32.0,204,210
2,4,1.0,128.0,204,210
2,4,1.0,512.0,204,210
2,4,1.0,2048.0,204,210
2,4,1.0,8192.0,204,210
2,4,1.0,32768.0,204,210
2,4,4.0,0.03125,79,210
2,4,4.0,0.125,80,210
2,4,4.0,0.5,113,210
2,4,4.0,2.0,173,210
2,4,4.0,8.0,196,210
2,4,4.0,32.0,197,210
2,4,4.0,128.0,197,210
2,4,4.0,512.0,197,210
2,4,4.0,2048.0,197,210
2,4,4.0,8192.0,197,210
2,4,4.0,32768.0,197,210
2,4,16.0,0.03125,71,210
2,4,16.0,0.125,71,210
2,4,16.0,0.5,71,210
2,4,16.0,2.0,92,210
2,4,16.0,8.0,113,210
2,4,16.0,32.0,155,210
2,4,16.0,128.0,172,210
2,4,16.0,512.0,180,210
2,4,16.0,2048.0,178,210
2,4,16.0,8192.0,177,210
2,4,16.0,32768.0,177,210
2,4,64.0,0.03125,66,210
2,4,64.0,0.125,66,210
2,4,64.0,0.5,66,210
2,4,64.0,2.0,66,210
2,4,64.0,8.0,72,210
2,4,64.0,32.0,94,210
2,4,64.0,128.0,126,210
2,4,64.0,512.0,145,210
2,4,64.0,2048.0,156,210
2,4,64.0,8192.0,163,210
2,4,64.0,32768.0,158,210
2,4,256.0,0.03125,54,210
2,4,256.0,0.125,54,210
2,4,256.0,0.5,54,210
2,4,256.0,2.0,54,210
2,4,256.0,8.0,54,210
2,4,256.0,32.0,54,210
2,4,256.0,128.0,66,210
2,4,256.0,512.0,90,210
2,4,256.0,2048.0,122,210
2,4,256.0,8192.0,143,210
2,4,256.0,32768.0,144,210
2,4,1024.0,0.03125,43,210
2,4,1024.0,0.125,43,210
2,4,1024.0,0.5,43,210
2,4,1024.0,2.0,43,210
2,4,1024.0,8.0,43,210
2,4,1024.0,32.0,43,210
2,4,1024.0,128.0,43,210
2,4,1024.0,512.0,47,210
2,4,1024.0,2048.0,55,210
2,4,1024.0,8192.0,84,210
2,4,1024.0,32768.0,100,210
2,4,4096.0,0.03125,41,210
2,4,4096.0,0.125,41,210
2,4,4096.0,0.5,41,210
2,4,4096.0,2.0,41,210
2,4,4096.0,8.0,41,210
2,4,4096.0,32.0,41,210
2,4,4096.0,128.0,41,210
2,4,4096.0,512.0,41,210
2,4,4096.0,2048.0,42,210
2,4,4096.0,8192.0,46,210
2,4,4096.0,32768.0,53,210
2,4,16384.0,0.03125,36,210
2,4,16384.0,0.125,36,210
2,4,16384.0,0.5,36,210
2,4,16384.0,2.0,36,210
2,4,16384.0,8.0,36,210
2,4,16384.0,32.0,36,210
2,4,16384.0,128.0,36,210
2,4,16384.0,512.0,36,210
2,4,16384.0,2048.0,36,210
2,4,16384.0,8192.0,36,210
2,4,16384.0,32768.0,39,210
2,4,65536.0,0.03125,36,210
2,4,65536.0,0.125,36,210
2,4,65536.0,0.5,36,210
2,4,65536.0,2.0,36,210
2,4,65536.0,8.0,36,210
2,4,65536.0,32.0,36,210
2,4,65536.0,128.0,36,210
2,4,65536.0,512.0,36,210
2,4,65536.0,2048.0,36,210
2,4,65536.0,8192.0,36,210
2,4,65536.0,32768.0,36,210
2,5,0.000244140625,0.03125,118,210
2,5,0.000244140625,0.125,118,210
2,5,0.000244140625,0.5,118,210
2,5,0.000244140625,2.0,118,210
2,5,0.000244140625,8.0,118,210
2,5,0.000244140625,32.0,118,210
2,5,0.000244140625,128.0,118,210
2,5,0.000244140625,512.0,118,210
2,5,0.000244140625,2048.0,118,210
2,5,0.000244140625,8192.0,118,210
2,5,0.000244140625,32768.0,118,210
2,5,0.0009765625,0.03125,144,210
2,5,0.0009765625,0.125,144,210
2,5,0.0009765625,0.5,144,210
2,5,0.0009765625,2.0,144,210
2,5,0.0009765625,8.0,144,210
2,5,0.0009765625,32.0,144,210
2,5,0.0009765625,128.0,144,210
2,5,0.0009765625,512.0,144,210
2,5,0.0009765625,2048.0,144,210
2,5,0.0009765625,8192.0,144,210
2,5,0.0009765625,32768.0,144,210
2,5,0.00390625,0.03125,175,210
2,5,0.00390625,0.125,175,210
2,5,0.00390625,0.5,175,210
2,5,0.00390625,2.0,175,210
2,5,0.00390625,8.0,175,210
2,5,0.00390625,32.0,175,210
2,5,0.00390625,128.0,175,210
2,5,0.00390625,512.0,175,210
2,5,0.00390625,2048.0,175,210
2,5,0.00390625,8192.0,175,210
2,5,0.00390625,32768.0,175,210
2,5,0.015625,0.03125,190,210
2,5,0.015625,0.125,190,210
2,5,0.015625,0.5,190,210
2,5,0.015625,2.0,190,210
2,5,0.015625,8.0,190,210
2,5,0.015625,32.0,190,210
2,5,0.015625,128.0,190,210
2,5,0.015625,512.0,190,210
2,5,0.015625,2048.0,190,210
2,5,0.015625,8192.0,190,210
2,5,0.015625,32768.0,190,210
2,5,0.0625,0.03125,198,210
2,5,0.0625,0.125,201,210
2,5,0.0625,0.5,201,210
2,5,0.0625,2.0,201,210
2,5,0.0625,8.0,201,210
2,5,0.0625,32.0,201,210
2,5,0.0625,128.0,201,210
2,5,0.0625,512.0,201,210
2,5,0.0625,2048.0,201,210
2,5,0.0625,8192.0,201,210
2,5,0.0625,32768.0,201,210
2,5,0.25,0.03125,161,210
2,5,0.25,0.125,203,210
2,5,0.25,0.5,202,210
2,5,0.25,2.0,202,210
2,5,0.25,8.0,202,210
2,5,0.25,32.0,202,210
2,5,0.25,128.0,202,210
2,5,0.25,512.0,202,210
2,5,0.25,2048.0,202,210
2,5,0.25,8192.0,202,210
2,5,0.25,32768.0,202,210
2,5,1.0,0.03125,96,210
2,5,1.0,0.125,143,210
2,5,1.0,0.5,195,210
2,5,1.0,2.0,198,210
2,5,1.0,8.0,198,210
2,5,1.0,32.0,198,210
2,5,1.0,128.0,198,210
2,5,1.0,512.0,198,210
2,5,1.0,2048.0,198,210
2,5,1.0,8192.0,198,210
2,5,1.0,32768.0,198,210
2,5,4.0,0.03125,80,210
2,5,4.0,0.125,89,210
2,5,4.0,0.5,108,210
2,5,4.0,2.0,167,210
2,5,4.0,8.0,188,210
2,5,4.0,32.0,189,210
2,5,4.0,128.0,190,210
2,5,4.0,512.0,190,210
2,5,4.0,2048.0,190,210
2,5,4.0,8192.0,190,210
2,5,4.0,32768.0,190,210
2,5,16.0,0.03125,69,210
2,5,16.0,0.125,69,210
2,5,16.0,0.5,78,210
2,5,16.0,2.0,87,210
2,5,16.0,8.0,105,210
2,5,16.0,32.0,149,210
2,5,16.0,128.0,164,210
2,5,16.0,512.0,171,210
2,5,16.0,2048.0,171,210
2,5,16.0,8192.0,171,210
2,5,16.0,32768.0,171,210
2,5,64.0,0.03125,65,210
2,5,64.0,0.125,65,210
2,5,64.0,0.5,65,210
2,5,64.0,2.0,72,210
2,5,64.0,8.0,75,210
2,5,64.0,32.0,85,210
2,5,64.0,128.0,120,210
2,5,64.0,512.0,150,210
2,5,64.0,2048.0,151,210
2,5,64.0,8192.0,156,210
2,5,64.0,32768.0,156,210
2,5,256.0,0.03125,57,210
2,5,256.0,0.125,57,210
2,5,256.0,0.5,57,210
2,5,256.0,2.0,57,210
2,5,256.0,8.0,60,210
2,5,256.0,32.0,62,210
2,5,256.0,128.0,69,210
2,5,256.0,512.0,83,210
2,5,256.0,2048.0,114,210
2,5,256.0,8192.0,147,210
2,5,256.0,32768.0,153,210
2,5,1024.0,0.03125,46,210
2,5,1024.0,0.125,46,210
2,5,1024.0,0.5,46,210
2,5,1024.0,2.0,46,210
2,5,1024.0,8.0,46,210
2,5,1024.0,32.0,46,210
2,5,1024.0,128.0,51,210
2,5,1024.0,512.0,52,210
2,5,1024.0,2048.0,59,210
2,5,1024.0,8192.0,75,210
2,5,1024.0,32768.0,96,210
2,5,4096.0,0.03125,39,210
2,5,4096.0,0.125,39,210
2,5,4096.0,0.5,39,210
2,5,4096.0,2.0,39,210
2,5,4096.0,8.0,39,210
2,5,4096.0,32.0,39,210
2,5,4096.0,128.0,39,210
2,5,4096.0,512.0,39,210
2,5,4096.0,2048.0,47,210
2,5,4096.0,8192.0,47,210
2,5,4096.0,32768.0,58,210
2,5,16384.0,0.03125,35,210
2,5,16384.0,0.125,35,210
2,5,16384.0,0.5,35,210
2,5,16384.0,2.0,35,210
2,5,16384.0,8.0,35,210
2,5,16384.0,32.0,35,210
2,5,16384.0,128.0,35,210
2,5,16384.0,512.0,35,210
2,5,16384.0,2048.0,35,210
2,5,16384.0,8192.0,40,210
2,5,16384.0,32768.0,43,210
2,5,65536.0,0.03125,35,210
2,5,65536.0,0.125,35,210
2,5,65536.0,0.5,35,210
2,5,65536.0,2.0,35,210
2,5,65536.0,8.0,35,210
2,5,65536.0,32.0,35,210
2,5,65536.0,128.0,35,210
2,5,65536.0,512.0,35,210
2,5,65536.0,2048.0,35,210
2,5,65536.0,8192.0,35,210
2,5,65536.0,32768.0,35,210
2,6,0.000244140625,0.03125,124,210
2,6,0.000244140625,0.125,124,210
2,6,0.000244140625,0.5,124,210
2,6,0.000244140625,2.0,124,210
2,6,0.000244140625,8.0,124,210
2,6,0.000244140625,32.0,124,210
2,6,0.000244140625,128.0,124,210
2,6,0.000244140625,512.0,124,210
2,6,0.000244140625,2048.0,124,210
2,6,0.000244140625,8192.0,124,210
2,6,0.000244140625,32768.0,124,210
2,6,0.0009765625,0.03125,143,210
2,6,0.0009765625,0.125,143,210
2,6,0.0009765625,0.5,143,210
2,6,0.0009765625,2.0,143,210
2,6,0.0009765625,8.0,143,210
2,6,0.0009765625,32.0,143,210
2,6,0.0009765625,128.0,143,210
2,6,0.0009765625,512.0,143,210
2,6,0.0009765625,2048.0,143,210
2,6,0.0009765625,8192.0,143,210
2,6,0.0009765625,32768.0,143,210
2,6,0.00390625,0.03125,181,210
2,6,0.00390625,0.125,181,210
2,6,0.00390625,0.5,181,210
2,6,0.00390625,2.0,181,210
2,6,0.00390625,8.0,181,210
2,6,0.00390625,32.0,181,210
2,6,0.00390625,128.0,181,210
2,6,0.00390625,512.0,181,210
2,6,0.00390625,2048.0,181,210
2,6,0.00390625,8192.0,181,210
2,6,0.00390625,32768.0,181,210
2,6,0.015625,0.03125,190,210
2,6,0.015625,0.125,190,210
2,6,0.015625,0.5,190,210
2,6,0.015625,2.0,190,210
2,6,0.015625,8.0,190,210
2,6,0.015625,32.0,190,210
2,6,0.015625,128.0,190,210
2,6,0.015625,512.0,190,210
2,6,0.015625,2048.0,190,210
2,6,0.015625,8192.0,190,210
2,6,0.015625,32768.0,190,210
2,6,0.0625,0.03125,201,210
2,6,0.0625,0.125,203,210
2,6,0.0625,0.5,203,210
2,6,0.0625,2.0,203,210
2,6,0.0625,8.0,203,210
2,6,0.0625,32.0,203,210
2,6,0.0625,128.0,203,210
2,6,0.0625,512.0,203,210
2,6,0.0625,2048.0,203,210
2,6,0.0625,8192.0,203,210
2,6,0.0625,32768.0,203,210
2,6,0.25,0.03125,161,210
2,6,0.25,0.125,202,210
2,6,0.25,0.5,205,210
2,6,0.25,2.0,205,210
2,6,0.25,8.0,205,210
2,6,0.25,32.0,205,210
2,6,0.25,128.0,205,210
2,6,0.25,512.0,205,210
2,6,0.25,2048.0,205,210
2,6,0.25,8192.0,205,210
2,6,0.25,32768.0,205,210
2,6,1.0,0.03125,90,210
2,6,1.0,0.125,132,210
2,6,1.0,0.5,197,210
2,6,1.0,2.0,201,210
2,6,1.0,8.0,201,210
2,6,1.0,32.0,201,210
2,6,1.0,128.0,201,210
2,6,1.0,512.0,201,210
2,6,1.0,2048.0,201,210
2,6,1.0,8192.0,201,210
2,6,1.0,32768.0,201,210
2,6,4.0,0.03125,83,210
2,6,4.0,0.125,92,210
2,6,4.0,0.5,114,210
2,6,4.0,2.0,171,210
2,6,4.0,8.0,185,210
2,6,4.0,32.0,188,210
2,6,4.0,128.0,190,210
2,6,4.0,512.0,190,210
2,6,4.0,2048.0,190,210
2,6,4.0,8192.0,190,210
2,6,4.0,32768.0,190,210
2,6,16.0,0.03125,77,210
2,6,16.0,0.125,77,210
2,6,16.0,0.5,86,210
2,6,16.0,2.0,94,210
2,6,16.0,8.0,113,210
2,6,16.0,32.0,141,210
2,6,16.0,128.0,159,210
2,6,16.0,512.0,166,210
2,6,16.0,2048.0,168,210
2,6,16.0,8192.0,168,210
2,6,16.0,32768.0,168,210
2,6,64.0,0.03125,68,210
2,6,64.0,0.125,68,210
2,6,64.0,0.5,68,210
2,6,64.0,2.0,77,210
2,6,64.0,8.0,77,210
2,6,64.0,32.0,92,210
2,6,64.0,128.0,112,210
2,6,64.0,512.0,140,210
2,6,64.0,2048.0,147,210
2,6,64.0,8192.0,152,210
2,6,64.0,32768.0,156,210
2,6,256.0,0.03125,59,210
2,6,256.0,0.125,59,210
2,6,256.0,0.5,59,210
2,6,256.0,2.0,59,210
2,6,256.0,8.0,65,210
2,6,256.0,32.0,67,210
2,6,256.0,128.0,73,210
2,6,256.0,512.0,80,210
2,6,256.0,2048.0,104,210
2,6,256.0,8192.0,140,210
2,6,256.0,32768.0,139,210
2,6,1024.0,0.03125,51,210
2,6,1024.0,0.125,51,210
2,6,1024.0,0.5,51,210
2,6,1024.0,2.0,51,210
2,6,1024.0,8.0,51,210
2,6,1024.0,32.0,51,210
2,6,1024.0,128.0,56,210
2,6,1024.0,512.0,55,210
2,6,1024.0,2048.0,60,210
2,6,1024.0,8192.0,71,210
2,6,1024.0,32768.0,88,210
2,6,4096.0,0.03125,44,210
2,6,4096.0,0.125,44,210
2,6,4096.0,0.5,44,210
2,6,4096.0,2.0,44,210
2,6,4096.0,8.0,44,210
2,6,4096.0,32.0,44,210
2,6,4096.0,128.0,44,210
2,6,4096.0,512.0,44,210
2,6,4096.0,2048.0,51,210
2,6,4096.0,8192.0,51,210
2,6,4096.0,32768.0,61,210
2,6,16384.0,0.03125,41,210
2,6,16384.0,0.125,41,210
2,6,16384.0,0.5,41,210
2,6,16384.0,2.0,41,210
2,6,16384.0,8.0,41,210
2,6,16384.0,32.0,41,210
2,6,16384.0,128.0,41,210
2,6,16384.0,512.0,41,210
2,6,16384.0,2048.0,41,210
2,6,16384.0,8192.0,45,210
2,6,16384.0,32768.0,46,210
2,6,65536.0,0.03125,40,210
2,6,65536.0,0.125,40,210
2,6,65536.0,0.5,40,210
2,6,65536.0,2.0,40,210
2,6,65536.0,8.0,40,210
2,6,65536.0,32.0,40,210
2,6,65536.0,128.0,40,210
2,6,65536.0,512.0,40,210
2,6,65536.0,2048.0,40,210
2,6,65536.0,8192.0,40,210
2,6,65536.0,32768.0,40,210
2,7,0.000244140625,0.03125,124,210
2,7,0.000244140625,0.125,124,210
2,7,0.000244140625,0.5,124,210
2,7,0.000244140625,2.0,124,210
2,7,0.000244140625,8.0,124,210
2,7,0.000244140625,32.0,124,210
2,7,0.000244140625,128.0,124,210
2,7,0.000244140625,512.0,124,210
2,7,0.000244140625,2048.0,124,210
2,7,0.000244140625,8192.0,124,210
2,7,0.000244140625,32768.0,124,210
2,7,0.0009765625,0.03125,155,210
2,7,0.0009765625,0.125,155,210
2,7,0.0009765625,0.5,155,210
2,7,0.0009765625,2.0,155,210
2,7,0.0009765625,8.0,155,210
2,7,0.0009765625,32.0,155,210
2,7,0.0009765625,128.0,155,210
2,7,0.0009765625,512.0,155,210
2,7,0.0009765625,2048.0,155,210
2,7,0.0009765625,8192.0,155,210
2,7,0.0009765625,32768.0,155,210
2,7,0.00390625,0.03125,175,210
2,7,0.00390625,0.125,175,210
2,7,0.00390625,0.5,175,210
2,7,0.00390625,2.0,175,210
2,7,0.00390625,8.0,175,210
2,7,0.00390625,32.0,175,210
2,7,0.00390625,128.0,175,210
2,7,0.00390625,512.0,175,210
2,7,0.00390625,2048.0,175,210
2,7,0.00390625,8192.0,175,210
2,7,0.00390625,32768.0,175,210
2,7,0.015625,0.03125,196,210
2,7,0.015625,0.125,196,210
2,7,0.015625,0.5,196,210
2,7,0.015625,2.0,196,210
2,7,0.015625,8.0,196,210
2,7,0.015625,32.0,196,210
2,7,0.015625,128.0,196,210
2,7,0.015625,512.0,196,210
2,7,0.015625,2048.0,196,210
2,7,0.015625,8192.0,196,210
2,7,0.015625,32768.0,196,210
2,7,0.0625,0.03125,201,210
2,7,0.0625,0.125,201,210
2,7,0.0625,0.5,201,210
2,7,0.0625,2.0,201,210
2,7,0.0625,8.0,201,210
2,7,0.0625,32.0,201,210
2,7,0.0625,128.0,201,210
2,7,0.0625,512.0,201,210
2,7,0.0625,2048.0,201,210
2,7,0.0625,8192.0,201,210
2,7,0.0625,32768.0,201,210
2,7,0.25,0.03125,161,210
2,7,0.25,0.125,200,210
2,7,0.25,0.5,202,210
2,7,0.25,2.0,202,210
2,7,0.25,8.0,202,210
2,7,0.25,32.0,202,210
2,7,0.25,128.0,202,210
2,7,0.25,512.0,202,210
2,7,0.25,2048.0,202,210
2,7,0.25,8192.0,202,210
2,7,0.25,32768.0,202,210
2,7,1.0,0.03125,86,210
2,7,1.0,0.125,128,210
2,7,1.0,0.5,197,210
2,7,1.0,2.0,199,210
2,7,1.0,8.0,201,210
2,7,1.0,32.0,201,210
2,7,1.0,128.0,201,210
2,7,1.0,512.0,201,210
2,7,1.0,2048.0,201,210
2,7,1.0,8192.0,201,210
2,7,1.0,32768.0,201,210
2,7,4.0,0.03125,76,210
2,7,4.0,0.125,77,210
2,7,4.0,0.5,105,210
2,7,4.0,2.0,175,210
2,7,4.0,8.0,193,210
2,7,4.0,32.0,191,210
2,7,4.0,128.0,189,210
2,7,4.0,512.0,189,210
2,7,4.0,2048.0,189,210
2,7,4.0,8192.0,189,210
2,7,4.0,32768.0,189,210
2,7,16.0,0.03125,68,210
2,7,16.0,0.125,68,210
2,7,16.0,0.5,68,210
2,7,16.0,2.0,83,210
2,7,16.0,8.0,105,210
2,7,16.0,32.0,143,210
2,7,16.0,128.0,164,210
2,7,16.0,512.0,172,210
2,7,16.0,2048.0,174,210
2,7,16.0,8192.0,174,210
2,7,16.0,32768.0,174,210
2,7,64.0,0.03125,60,210
2,7,64.0,0.125,60,210
2,7,64.0,0.5,60,210
2,7,64.0,2.0,60,210
2,7,64.0,8.0,63,210
2,7,64.0,32.0,76,210
2,7,64.0,128.0,110,210
2,7,64.0,512.0,143,210
2,7,64.0,2048.0,148,210
2,7,64.0,8192.0,155,210
2,7,64.0,32768.0,151,210
2,7,256.0,0.03125,51,210
2,7,256.0,0.125,51,210
2,7,256.0,0.5,51,210
2,7,256.0,2.0,51,210
2,7,256.0,8.0,51,210
2,7,256.0,32.0,51,210
2,7,256.0,128.0,62,210
2,7,256.0,512.0,76,210
2,7,256.0,2048.0,109,210
2,7,256.0,8192.0,144,210
2,7,256.0,32768.0,147,210
2,7,1024.0,0.03125,43,210
2,7,1024.0,0.125,43,210
2,7,1024.0,0.5,43,210
2,7,1024.0,2.0,43,210
2,7,1024.0,8.0,43,210
2,7,1024.0,32.0,43,210
2,7,1024.0,128.0,43,210
2,7,1024.0,512.0,47,210
2,7,1024.0,2048.0,59,210
2,7,1024.0,8192.0,72,210
2,7,1024.0,32768.0,91,210
2,7,4096.0,0.03125,41,210
2,7,4096.0,0.125,41,210
2,7,4096.0,0.5,41,210
2,7,4096.0,2.0,41,210
2,7,4096.0,8.0,41,210
2,7,4096.0,32.0,41,210
2,7,4096.0,128.0,41,210
2,7,4096.0,512.0,41,210
2,7,4096.0,2048.0,43,210
2,7,4096.0,8192.0,47,210
2,7,4096.0,32768.0,56,210
2,7,16384.0,0.03125,41,210
2,7,16384.0,0.125,41,210
2,7,16384.0,0.5,41,210
2,7,16384.0,2.0,41,210
2,7,16384.0,8.0,41,210
2,7,16384.0,32.0,41,210
2,7,16384.0,128.0,41,210
2,7,16384.0,512.0,41,210
2,7,16384.0,2048.0,41,210
2,7,16384.0,8192.0,41,210
2,7,16384.0,32768.0,47,210
2,7,65536.0,0.03125,40,210
2,7,65536.0,0.125,40,210
2,7,65536.0,0.5,40,210
2,7,65536.0,2.0,40,210
2,7,65536.0,8.0,40,210
2,7,65536.0,32.0,40,210
2,7,65536.0,128.0,40,210
2,7,65536.0,512.0,40,210
2,7,65536.0,2048.0,40,210
2,7,65536.0,8192.0,40,210
2,7,65536.0,32768.0,40,210
2,8,0.000244140625,0.03125,122,210
2,8,0.000244140625,0.125,122,210
2,8,0.000244140625,0.5,122,210
2,8,0.000244140625,2.0,122,210
2,8,0.000244140625,8.0,122,210
2,8,0.000244140625,32.0,122,210
2,8,0.000244140625,128.0,122,210
2,8,0.000244140625,512.0,122,210
2,8,0.000244140625,2048.0,122,210
2,8,0.000244140625,8192.0,122,210
2,8,0.000244140625,32768.0,122,210
2,8,0.0009765625,0.03125,141,210
2,8,0.0009765625,0.125,141,210
2,8,0.0009765625,0.5,141,210
2,8,0.0009765625,2.0,141,210
2,8,0.0009765625,8.0,141,210
2,8,0.0009765625,32.0,141,210
2,8,0.0009765625,128.0,141,210
2,8,0.0009765625,512.0,141,210
2,8,0.0009765625,2048.0,141,210
2,8,0.0009765625,8192.0,141,210
2,8,0.0009765625,32768.0,141,210
2,8,0.00390625,0.03125,172,210
2,8,0.00390625,0.125,172,210
2,8,0.00390625,0.5,172,210
2,8,0.00390625,2.0,172,210
2,8,0.00390625,8.0,172,210
2,8,0.00390625,32.0,172,210
2,8,0.00390625,128.0,172,210
2,8,0.00390625,512.0,172,210
2,8,0.00390625,2048.0,172,210
2,8,0.00390625,8192.0,172,210
2,8,0.00390625,32768.0,172,210
2,8,0.015625,0.03125,189,210
2,8,0.015625,0.125,189,210
2,8,0.015625,0.5,189,210
2,8,0.015625,2.0,189,210
2,8,0.015625,8.0,189,210
2,8,0.015625,32.0,189,210
2,8,0.015625,128.0,189,210
2,8,0.015625,512.0,189,210
2,8,0.015625,2048.0,189,210
2,8,0.015625,8192.0,189,210
2,8,0.015625,32768.0,189,210
2,8,0.0625,0.03125,199,210
2,8,0.0625,0.125,200,210
2,8,0.0625,0.5,200,210
2,8,0.0625,2.0,200,210
2,8,0.0625,8.0,200,210
2,8,0.0625,32.0,200,210
2,8,0.0625,128.0,200,210
2,8,0.0625,512.0,200,210
2,8,0.0625,2048.0,200,210
2,8,0.0625,8192.0,200,210
2,8,0.0625,32768.0,200,210
2,8,0.25,0.03125,158,210
2,8,0.25,0.125,203,210
2,8,0.25,0.5,205,210
2,8,0.25,2.0,205,210
2,8,0.25,8.0,205,210
2,8,0.25,32.0,205,210
2,8,0.25,128.0,205,210
2,8,0.25,512.0,205,210
2,8,0.25,2048.0,205,210
2,8,0.25,8192.0,205,210
2,8,0.25,32768.0,205,210
2,8,1.0,0.03125,91,210
2,8,1.0,0.125,153,210
2,8,1.0,0.5,199,210
2,8,1.0,2.0,200,210
2,8,1.0,8.0,201,210
2,8,1.0,32.0,201,210
2,8,1.0,128.0,201,210
2,8,1.0,512.0,201,210
2,8,1.0,2048.0,201,210
2,8,1.0,8192.0,201,210
2,8,1.0,32768.0,201,210
2,8,4.0,0.03125,79,210
2,8,4.0,0.125,83,210
2,8,4.0,0.5,114,210
2,8,4.0,2.0,181,210
2,8,4.0,8.0,196,210
2,8,4.0,32.0,199,210
2,8,4.0,128.0,199,210
2,8,4.0,512.0,199,210
2,8,4.0,2048.0,199,210
2,8,4.0,8192.0,199,210
2,8,4.0,32768.0,199,210
2,8,16.0,0.03125,66,210
2,8,16.0,0.125,66,210
2,8,16.0,0.5,66,210
2,8,16.0,2.0,86,210
2,8,16.0,8.0,117,210
2,8,16.0,32.0,150,210
2,8,16.0,128.0,168,210
2,8,16.0,512.0,165,210
2,8,16.0,2048.0,165,210
2,8,16.0,8192.0,165,210
2,8,16.0,32768.0,165,210
2,8,64.0,0.03125,58,210
2,8,64.0,0.125,58,210
2,8,64.0,0.5,58,210
2,8,64.0,2.0,58,210
2,8,64.0,8.0,64,210
2,8,64.0,32.0,86,210
2,8,64.0,128.0,131,210
2,8,64.0,512.0,146,210
2,8,64.0,2048.0,149,210
2,8,64.0,8192.0,150,210
2,8,64.0,32768.0,157,210
2,8,256.0,0.03125,53,210
2,8,256.0,0.125,53,210
2,8,256.0,0.5,53,210
2,8,256.0,2.0,53,210
2,8,256.0,8.0,53,210
2,8,256.0,32.0,55,210
2,8,256.0,128.0,67,210
2,8,256.0,512.0,76,210
2,8,256.0,2048.0,127,210
2,8,256.0,8192.0,140,210
2,8,256.0,32768.0,148,210
2,8,1024.0,0.03125,44,210
2,8,1024.0,0.125,44,210
2,8,1024.0,0.5,44,210
2,8,1024.0,2.0,44,210
2,8,1024.0,8.0,44,210
2,8,1024.0,32.0,44,210
2,8,1024.0,128.0,44,210
2,8,1024.0,512.0,49,210
2,8,1024.0,2048.0,61,210
2,8,1024.0,8192.0,77,210
2,8,1024.0,32768.0,110,210
2,8,4096.0,0.03125,42,210
2,8,4096.0,0.125,42,210
2,8,4096.0,0.5,42,210
2,8,4096.0,2.0,42,210
2,8,4096.0,8.0,42,210
2,8,4096.0,32.0,42,210
2,8,4096.0,128.0,42,210
2,8,4096.0,512.0,42,210
2,8,4096.0,2048.0,44,210
2,8,4096.0,8192.0,47,210
2,8,4096.0,32768.0,60,210
2,8,16384.0,0.03125,40,210
2,8,16384.0,0.125,40,210
2,8,16384.0,0.5,40,210
2,8,16384.0,2.0,40,210
2,8,16384.0,8.0,40,210
2,8,16384.0,32.0,40,210
2,8,16384.0,128.0,40,210
2,8,16384.0,512.0,40,210
2,8,16384.0,2048.0,40,210
2,8,16384.0,8192.0,40,210
2,8,16384.0,32768.0,45,210
2,8,65536.0,0.03125,40,210
2,8,65536.0,0.125,40,210
2,8,65536.0,0.5,40,210
2,8,65536.0,2.0,40,210
2,8,65536.0,8.0,40,210
2,8,65536.0,32.0,40,210
2,8,65536.0,128.0,40,210
2,8,65536.0,512.0,40,210
2,8,65536.0,2048.0,40,210
2,8,65536.0,8192.0,40,210
2,8,65536.0,32768.0,40,210
2,9,0.000244140625,0.03125,122,210
2,9,0.000244140625,0.125,122,210
2,9,0.000244140625,0.5,122,210
2,9,0.000244140625,2.0,122,210
2,9,0.000244140625,8.0,122,210
2,9,0.000244140625,32.0,122,210
2,9,0.000244140625,128.0,122,210
2,9,0.000244140625,512.0,122,210
2,9,0.000244140625,2048.0,122,210
2,9,0.000244140625,8192.0,122,210
2,9,0.000244140625,32768.0,122,210
2,9,0.0009765625,0.03125,144,210
2,9,0.0009765625,0.125,144,210
2,9,0.0009765625,0.5,144,210
2,9,0.0009765625,2.0,144,210
2,9,0.0009765625,8.0,144,210
2,9,0.0009765625,32.0,144,210
2,9,0.0009765625,128.0,144,210
2,9,0.0009765625,512.0,144,210
2,9,0.0009765625,2048.0,144,210
2,9,0.0009765625,8192.0,144,210
2,9,0.0009765625,32768.0,144,210
2,9,0.00390625,0.03125,165,210
2,9,0.00390625,0.125,165,210
2,9,0.00390625,0.5,165,210
2,9,0.00390625,2.0,165,210
2,9,0.00390625,8.0,165,210
2,9,0.00390625,32.0,165,210
2,9,0.00390625,128.0,165,210
2,9,0.00390625,512.0,165,210
2,9,0.00390625,2048.0,165,210
2,9,0.00390625,8192.0,165,210
2,9,0.00390625,32768.0,165,210
2,9,0.015625,0.03125,195,210
2,9,0.015625,0.125,195,210
2,9,0.015625,0.5,195,210
2,9,0.015625,2.0,195,210
2,9,0.015625,8.0,195,210
2,9,0.015625,32.0,195,210
2,9,0.015625,128.0,195,210
2,9,0.015625,512.0,195,210
2,9,0.015625,2048.0,195,210
2,9,0.015625,8192.0,195,210
2,9,0.015625,32768.0,195,210
2,9,0.0625,0.03125,198,210
2,9,0.0625,0.125,200,210
2,9,0.0625,0.5,200,210
2,9,0.0625,2.0,200,210
2,9,0.0625,8.0,200,210
2,9,0.0625,32.0,200,210
2,9,0.0625,128.0,200,210
2,9,0.0625,512.0,200,210
2,9,0.0625,2048.0,200,210
2,9,0.0625,8192.0,200,210
2,9,0.0625,32768.0,200,210
2,9,0.25,0.03125,154,210
2,9,0.25,0.125,200,210
2,9,0.25,0.5,201,210
2,9,0.25,2.0,201,210
2,9,0.25,8.0,201,210
2,9,0.25,32.0,201,210
2,9,0.25,128.0,201,210
2,9,0.25,512.0,201,210
2,9,0.25,2048.0,201,210
2,9,0.25,8192.0,201,210
2,9,0.25,32768.0,201,210
2,9,1.0,0.03125,90,210
2,9,1.0,0.125,139,210
2,9,1.0,0.5,199,210
2,9,1.0,2.0,200,210
2,9,1.0,8.0,199,210
2,9,1.0,32.0,199,210
2,9,1.0,128.0,199,210
2,9,1.0,512.0,199,210
2,9,1.0,2048.0,199,210
2,9,1.0,8192.0,199,210
2,9,1.0,32768.0,199,210
2,9,4.0,0.03125,80,210
2,9,4.0,0.125,83,210
2,9,4.0,0.5,110,210
2,9,4.0,2.0,181,210
2,9,4.0,8.0,194,210
2,9,4.0,32.0,192,210
2,9,4.0,128.0,191,210
2,9,4.0,512.0,191,210
2,9,4.0,2048.0,191,210
2,9,4.0,8192.0,191,210
2,9,4.0,32768.0,191,210
2,9,16.0,0.03125,71,210
2,9,16.0,0.125,71,210
2,9,16.0,0.5,71,210
2,9,16.0,2.0,88,210
2,9,16.0,8.0,121,210
2,9,16.0,32.0,154,210
2,9,16.0,128.0,168,210
2,9,16.0,512.0,173,210
2,9,16.0,2048.0,173,210
2,9,16.0,8192.0,173,210
2,9,16.0,32768.0,173,210
2,9,64.0,0.03125,68,210
2,9,64.0,0.125,68,210
2,9,64.0,0.5,68,210
2,9,64.0,2.0,68,210
2,9,64.0,8.0,71,210
2,9,64.0,32.0,94,210
2,9,64.0,128.0,129,210
2,9,64.0,512.0,146,210
2,9,64.0,2048.0,152,210
2,9,64.0,8192.0,158,210
2,9,64.0,32768.0,150,210
2,9,256.0,0.03125,52,210
2,9,256.0,0.125,52,210
2,9,256.0,0.5,52,210
2,9,256.0,2.0,52,210
2,9,256.0,8.0,52,210
2,9,256.0,32.0,52,210
2,9,256.0,128.0,61,210
2,9,256.0,512.0,86,210
2,9,256.0,2048.0,114,210
2,9,256.0,8192.0,140,210
2,9,256.0,32768.0,148,210
2,9,1024.0,0.03125,42,210
2,9,1024.0,0.125,42,210
2,9,1024.0,0.5,42,210
2,9,1024.0,2.0,42,210
2,9,1024.0,8.0,42,210
2,9,1024.0,32.0,42,210
2,9,1024.0,128.0,42,210
2,9,1024.0,512.0,47,210
2,9,1024.0,2048.0,62,210
2,9,1024.0,8192.0,79,210
2,9,1024.0,32768.0,104,210
2,9,4096.0,0.03125,43,210
2,9,4096.0,0.125,43,210
2,9,4096.0,0.5,43,210
2,9,4096.0,2.0,43,210
2,9,4096.0,8.0,43,210
2,9,4096.0,32.0,43,210
2,9,4096.0,128.0,43,210
2,9,4096.0,512.0,43,210
2,9,4096.0,2048.0,46,210
2,9,4096.0,8192.0,48,210
2,9,4096.0,32768.0,58,210
2,9,16384.0,0.03125,39,210
2,9,16384.0,0.125,39,210
2,9,16384.0,0.5,39,210
2,9,16384.0,2.0,39,210
2,9,16384.0,8.0,39,210
2,9,16384.0,32.0,39,210
2,9,16384.0,128.0,39,210
2,9,16384.0,512.0,39,210
2,9,16384.0,2048.0,39,210
2,9,16384.0,8192.0,39,210
2,9,16384.0,32768.0,43,210
2,9,65536.0,0.03125,39,210
2,9,65536.0,0.125,39,210
2,9,65536.0,0.5,39,210
2,9,65536.0,2.0,39,210
2,9,65536.0,8.0,39,210
2,9,65536.0,32.0,39,210
2,9,65536.0,128.0,39,210
2,9,65536.0,512.0,39,210
2,9,65536.0,2048.0,39,210
2,9,65536.0,8192.0,39,210
2,9,65536.0,32768.0,39,210
2,10,0.000244140625,0.03125,123,210
2,10,0.000244140625,0.125,123,210
2,10,0.000244140625,0.5,123,210
2,10,0.000244140625,2.0,123,210
2,10,0.000244140625,8.0,123,210
2,10,0.000244140625,32.0,123,210
2,10,0.000244140625,128.0,123,210
2,10,0.000244140625,512.0,123,210
2,10,0.000244140625,2048.0,123,210
2,10,0.000244140625,8192.0,123,210
2,10,0.000244140625,32768.0,123,210
2,10,0.0009765625,0.03125,156,210
2,10,0.0009765625,0.125,156,210
2,10,0.0009765625,0.5,156,210
2,10,0.0009765625,2.0,156,210
2,10,0.0009765625,8.0,156,210
2,10,0.0009765625,32.0,156,210
2,10,0.0009765625,128.0,156,210
2,10,0.0009765625,512.0,156,210
2,10,0.0009765625,2048.0,156,210
2,10,0.0009765625,8192.0,156,210
2,10,0.0009765625,32768.0,156,210
2,10,0.00390625,0.03125,175,210
2,10,0.00390625,0.125,175,210
2,10,0.00390625,0.5,175,210
2,10,0.00390625,2.0,175,210
2,10,0.00390625,8.0,175,210
2,10,0.00390625,32.0,175,210
2,10,0.00390625,128.0,175,210
2,10,0.00390625,512.0,175,210
2,10,0.00390625,2048.0,175,210
2,10,0.00390625,8192.0,175,210
2,10,0.00390625,32768.0,175,210
2,10,0.015625,0.03125,194,210
2,10,0.015625,0.125,194,210
2,10,0.015625,0.5,194,210
2,10,0.015625,2.0,194,210
2,10,0.015625,8.0,194,210
2,10,0.015625,32.0,194,210
2,10,0.015625,128.0,194,210
2,10,0.015625,512.0,194,210
2,10,0.015625,2048.0,194,210
2,10,0.015625,8192.0,194,210
2,10,0.015625,32768.0,194,210
2,10,0.0625,0.03125,199,210
2,10,0.0625,0.125,201,210
2,10,0.0625,0.5,201,210
2,10,0.0625,2.0,201,210
2,10,0.0625,8.0,201,210
2,10,0.0625,32.0,201,210
2,10,0.0625,128.0,201,210
2,10,0.0625,512.0,201,210
2,10,0.0625,2048.0,201,210
2,10,0.0625,8192.0,201,210
2,10,0.0625,32768.0,201,210
2,10,0.25,0.03125,154,210
2,10,0.25,0.125,201,210
2,10,0.25,0.5,201,210
2,10,0.25,2.0,201,210
2,10,0.25,8.0,201,210
2,10,0.25,32.0,201,210
2,10,0.25,128.0,201,210
2,10,0.25,512.0,201,210
2,10,0.25,2048.0,201,210
2,10,0.25,8192.0,201,210
2,10,0.25,32768.0,201,210
2,10,1.0,0.03125,93,210
2,10,1.0,0.125,143,210
2,10,1.0,0.5,197,210
2,10,1.0,2.0,202,210
2,10,1.0,8.0,202,210
2,10,1.0,32.0,202,210
2,10,1.0,128.0,202,210
2,10,1.0,512.0,202,210
2,10,1.0,2048.0,202,210
2,10,1.0,8192.0,202,210
2,10,1.0,32768.0,202,210
2,10,4.0,0.03125,81,210
2,10,4.0,0.125,83,210
2,10,4.0,0.5,106,210
2,10,4.0,2.0,175,210
2,10,4.0,8.0,191,210
2,10,4.0,32.0,191,210
2,10,4.0,128.0,191,210
2,10,4.0,512.0,191,210
2,10,4.0,2048.0,191,210
2,10,4.0,8192.0,191,210
2,10,4.0,32768.0,191,210
2,10,16.0,0.03125,76,210
2,10,16.0,0.125,76,210
2,10,16.0,0.5,76,210
2,10,16.0,2.0,89,210
2,10,16.0,8.0,123,210
2,10,16.0,32.0,157,210
2,10,16.0,128.0,168,210
2,10,16.0,512.0,159,210
2,10,16.0,2048.0,161,210
2,10,16.0,8192.0,161,210
2,10,16.0,32768.0,161,210
2,10,64.0,0.03125,65,210
2,10,64.0,0.125,65,210
2,10,64.0,0.5,65,210
2,10,64.0,2.0,65,210
2,10,64.0,8.0,69,210
2,10,64.0,32.0,90,210
2,10,64.0,128.0,133,210
2,10,64.0,512.0,147,210
2,10,64.0,2048.0,156,210
2,10,64.0,8192.0,155,210
2,10,64.0,32768.0,155,210
2,10,256.0,0.03125,55,210
2,10,256.0,0.125,55,210
2,10,256.0,0.5,55,210
2,10,256.0,2.0,55,210
2,10,256.0,8.0,55,210
2,10,256.0,32.0,55,210
2,10,256.0,128.0,64,210
2,10,256.0,512.0,83,210
2,10,256.0,2048.0,119,210
2,10,256.0,8192.0,148,210
2,10,256.0,32768.0,159,210
2,10,1024.0,0.03125,47,210
2,10,1024.0,0.125,47,210
2,10,1024.0,0.5,47,210
2,10,1024.0,2.0,47,210
2,10,1024.0,8.0,47,210
2,10,1024.0,32.0,47,210
2,10,1024.0,128.0,47,210
2,10,1024.0,512.0,50,210
2,10,1024.0,2048.0,56,210
2,10,1024.0,8192.0,82,210
2,10,1024.0,32768.0,110,210
2,10,4096.0,0.03125,43,210
2,10,4096.0,0.125,43,210
2,10,4096.0,0.5,43,210
2,10,4096.0,2.0,43,210
2,10,4096.0,8.0,43,210
2,10,4096.0,32.0,43,210
2,10,4096.0,128.0,43,210
2,10,4096.0,512.0,43,210
2,10,4096.0,2048.0,44,210
2,10,4096.0,8192.0,46,210
2,10,4096.0,32768.0,57,210
2,10,16384.0,0.03125,38,210
2,10,16384.0,0.125,38,210
2,10,16384.0,0.5,38,210
2,10,16384.0,2.0,38,210
2,10,16384.0,8.0,38,210
2,10,16384.0,32.0,38,210
2,10,16384.0,128.0,38,210
2,10,16384.0,512.0,38,210
2,10,16384.0,2048.0,38,210
2,10,16384.0,8192.0,38,210
2,10,16384.0,32768.0,40,210
2,10,65536.0,0.03125,34,210
2,10,65536.0,0.125,34,210
2,10,65536.0,0.5,34,210
2,10,65536.0,2.0,34,210
2,10,65536.0,8.0,34,210
2,10,65536.0,32.0,34,210
2,10,65536.0,128.0,34,210
2,10,65536.0,512.0,34,210
2,10,65536.0,2048.0,34,210
2,10,65536.0,8192.0,34,210
2,10,65536.0,32768.0,34,210
3,1,0.000244140625,0.03125,109,210
3,1,0.000244140625,0.125,109,210
3,1,0.000244140625,0.5,109,210
3,1,0.000244140625,2.0,109,210
3,1,0.000244140625,8.0,109,210
3,1,0.000244140625,32.0,109,210
3,1,0.000244140625,128.0,109,210
3,1,0.000244140625,512.0,109,210
3,1,0.000244140625,2048.0,109,210
3,1,0.000244140625,8192.0,109,210
3,1,0.000244140625,32768.0,109,210
3,1,0.0009765625,0.03125,161,210
3,1,0.0009765625,0.125,161,210
3,1,0.0009765625,0.5,161,210
3,1,0.0009765625,2.0,161,210
3,1,0.0009765625,8.0,161,210
3,1,0.0009765625,32.0,161,210
3,1,0.0009765625,128.0,161,210
3,1,0.0009765625,512.0,161,210
3,1,0.0009765625,2048.0,161,210
3,1,0.0009765625,8192.0,161,210
3,1,0.0009765625,32768.0,161,210
3,1,0.00390625,0.03125,190,210
3,1,0.00390625,0.125,190,210
3,1,0.00390625,0.5,190,210
3,1,0.00390625,2.0,190,210
3,1,0.00390625,8.0,190,210
3,1,0.00390625,32.0,190,210
3,1,0.00390625,128.0,190,210
3,1,0.00390625,512.0,190,210
3,1,0.00390625,2048.0,190,210
3,1,0.00390625,8192.0,190,210
3,1,0.00390625,32768.0,190,210
3,1,0.015625,0.03125,199,210
3,1,0.015625,0.125,199,210
3,1,0.015625,0.5,199,210
3,1,0.015625,2.0,199,210
3,1,0.015625,8.0,199,210
3,1,0.015625,32.0,199,210
3,1,0.015625,128.0,199,210
3,1,0.015625,512.0,199,210
3,1,0.015625,2048.0,199,210
3,1,0.015625,8192.0,199,210
3,1,0.015625,32768.0,199,210
3,1,0.0625,0.03125,202,210
3,1,0.0625,0.125,201,210
3,1,0.0625,0.5,201,210
3,1,0.0625,2.0,201,210
3,1,0.0625,8.0,201,210
3,1,0.0625,32.0,201,210
3,1,0.0625,128.0,201,210
3,1,0.0625,512.0,201,210
3,1,0.0625,2048.0,201,210
3,1,0.0625,8192.0,201,210
3,1,0.0625,32768.0,201,210
3,1,0.25,0.03125,136,210
3,1,0.25,0.125,190,210
3,1,0.25,0.5,198,210
3,1,0.25,2.0,199,210
3,1,0.25,8.0,199,210
3,1,0.25,32.0,199,210
3,1,0.25,128.0,199,210
3,1,0.25,512.0,199,210
3,1,0.25,2048.0,199,210
3,1,0.25,8192.0,199,210
3,1,0.25,32768.0,199,210
3,1,1.0,0.03125,75,210
3,1,1.0,0.125,114,210
3,1,1.0,0.5,163,210
3,1,1.0,2.0,190,210
3,1,1.0,8.0,192,210
3,1,1.0,32.0,192,210
3,1,1.0,128.0,192,210
3,1,1.0,512.0,192,210
3,1,1.0,2048.0,192,210
3,1,1.0,8192.0,192,210
3,1,1.0,32768.0,192,210
3,1,4.0,0.03125,74,210
3,1,4.0,0.125,74,210
3,1,4.0,0.5,104,210
3,1,4.0,2.0,132,210
3,1,4.0,8.0,167,210
3,1,4.0,32.0,184,210
3,1,4.0,128.0,181,210
3,1,4.0,512.0,182,210
3,1,4.0,2048.0,182,210
3,1,4.0,8192.0,182,210
3,1,4.0,32768.0,182,210
3,1,16.0,0.03125,66,210
3,1,16.0,0.125,66,210
3,1,16.0,0.5,66,210
3,1,16.0,2.0,81,210
3,1,16.0,8.0,98,210
3,1,16.0,32.0,123,210
3,1,16.0,128.0,164,210
3,1,16.0,512.0,173,210
3,1,16.0,2048.0,172,210
3,1,16.0,8192.0,173,210
3,1,16.0,32768.0,173,210
3,1,64.0,0.03125,54,210
3,1,64.0,0.125,54,210
3,1,64.0,0.5,54,210
3,1,64.0,2.0,54,210
3,1,64.0,8.0,54,210
3,1,64.0,32.0,71,210
3,1,64.0,128.0,88,210
3,1,64.0,512.0,115,210
3,1,64.0,2048.0,140,210
3,1,64.0,8192.0,169,210
3,1,64.0,32768.0,173,210
3,1,256.0,0.03125,45,210
3,1,256.0,0.125,45,210
3,1,256.0,0.5,45,210
3,1,256.0,2.0,45,210
3,1,256.0,8.0,45,210
3,1,256.0,32.0,45,210
3,1,256.0,128.0,46,210
3,1,256.0,512.0,61,210
3,1,256.0,2048.0,73,210
3,1,256.0,8192.0,95,210
3,1,256.0,32768.0,111,210
3,1,1024.0,0.03125,44,210
3,1,1024.0,0.125,44,210
3,1,1024.0,0.5,44,210
3,1,1024.0,2.0,44,210
3,1,1024.0,8.0,44,210
3,1,1024.0,32.0,44,210
3,1,1024.0,128.0,44,210
3,1,1024.0,512.0,44,210
3,1,1024.0,2048.0,48,210
3,1,1024.0,8192.0,58,210
3,1,1024.0,32768.0,72,210
3,1,4096.0,0.03125,40,210
3,1,4096.0,0.125,40,210
3,1,4096.0,0.5,40,210
3,1,4096.0,2.0,40,210
3,1,4096.0,8.0,40,210
3,1,4096.0,32.0,40,210
3,1,4096.0,128.0,40,210
3,1,4096.0,512.0,40,210
3,1,4096.0,2048.0,40,210
3,1,4096.0,8192.0,40,210
3,1,4096.0,32768.0,43,210
3,1,16384.0,0.03125,34,210
3,1,16384.0,0.125,34,210
3,1,16384.0,0.5,34,210
3,1,16384.0,2.0,34,210
3,1,16384.0,8.0,34,210
3,1,16384.0,32.0,34,210
3,1,16384.0,128.0,34,210
3,1,16384.0,512.0,34,210
3,1,16384.0,2048.0,34,210
3,1,16384.0,8192.0,34,210
3,1,16384.0,32768.0,34,210
3,1,65536.0,0.03125,36,210
3,1,65536.0,0.125,36,210
3,1,65536.0,0.5,36,210
3,1,65536.0,2.0,36,210
3,1,65536.0,8.0,36,210
3,1,65536.0,32.0,36,210
3,1,65536.0,128.0,36,210
3,1,65536.0,512.0,36,210
3,1,65536.0,2048.0,36,210
3,1,65536.0,8192.0,36,210
3,1,65536.0,32768.0,36,210
3,2,0.000244140625,0.03125,89,210
3,2,0.000244140625,0.125,89,210
3,2,0.000244140625,0.5,89,210
3,2,0.000244140625,2.0,89,210
3,2,0.000244140625,8.0,89,210
3,2,0.000244140625,32.0,89,210
3,2,0.000244140625,128.0,89,210
3,2,0.000244140625,512.0,89,210
3,2,0.000244140625,2048.0,89,210
3,2,0.000244140625,8192.0,89,210
3,2,0.000244140625,32768.0,89,210
3,2,0.0009765625,0.03125,152,210
3,2,0.0009765625,0.125,152,210
3,2,0.0009765625,0.5,152,210
3,2,0.0009765625,2.0,152,210
3,2,0.0009765625,8.0,152,210
3,2,0.0009765625,32.0,152,210
3,2,0.0009765625,128.0,152,210
3,2,0.0009765625,512.0,152,210
3,2,0.0009765625,2048.0,152,210
3,2,0.0009765625,8192.0,152,210
3,2,0.0009765625,32768.0,152,210
3,2,0.00390625,0.03125,182,210
3,2,0.00390625,0.125,182,210
3,2,0.00390625,0.5,182,210
3,2,0.00390625,2.0,182,210
3,2,0.00390625,8.0,182,210
3,2,0.00390625,32.0,182,210
3,2,0.00390625,128.0,182,210
3,2,0.00390625,512.0,182,210
3,2,0.00390625,2048.0,182,210
3,2,0.00390625,8192.0,182,210
3,2,0.00390625,32768.0,182,210
3,2,0.015625,0.03125,198,210
3,2,0.015625,0.125,198,210
3,2,0.015625,0.5,198,210
3,2,0.015625,2.0,198,210
3,2,0.015625,8.0,198,210
3,2,0.015625,32.0,198,210
3,2,0.015625,128.0,198,210
3,2,0.015625,512.0,198,210
3,2,0.015625,2048.0,198,210
3,2,0.015625,8192.0,198,210
3,2,0.015625,32768.0,198,210
3,2,0.0625,0.03125,199,210
3,2,0.0625,0.125,199,210
3,2,0.0625,0.5,199,210
3,2,0.0625,2.0,199,210
3,2,0.0625,8.0,199,210
3,2,0.0625,32.0,199,210
3,2,0.0625,128.0,199,210
3,2,0.0625,512.0,199,210
3,2,0.0625,2048.0,199,210
3,2,0.0625,8192.0,199,210
3,2,0.0625,32768.0,199,210
3,2,0.25,0.03125,140,210
3,2,0.25,0.125,188,210
3,2,0.25,0.5,198,210
3,2,0.25,2.0,196,210
3,2,0.25,8.0,196,210
3,2,0.25,32.0,196,210
3,2,0.25,128.0,196,210
3,2,0.25,512.0,196,210
3,2,0.25,2048.0,196,210
3,2,0.25,8192.0,196,210
3,2,0.25,32768.0,196,210
3,2,1.0,0.03125,79,210
3,2,1.0,0.125,120,210
3,2,1.0,0.5,169,210
3,2,1.0,2.0,190,210
3,2,1.0,8.0,194,210
3,2,1.0,32.0,194,210
3,2,1.0,128.0,194,210
3,2,1.0,512.0,194,210
3,2,1.0,2048.0,194,210
3,2,1.0,8192.0,194,210
3,2,1.0,32768.0,194,210
3,2,4.0,0.03125,77,210
3,2,4.0,0.125,77,210
3,2,4.0,0.5,104,210
3,2,4.0,2.0,132,210
3,2,4.0,8.0,176,210
3,2,4.0,32.0,192,210
3,2,4.0,128.0,186,210
3,2,4.0,512.0,189,210
3,2,4.0,2048.0,189,210
3,2,4.0,8192.0,189,210
3,2,4.0,32768.0,189,210
3,2,16.0,0.03125,72,210
3,2,16.0,0.125,72,210
3,2,16.0,0.5,72,210
3,2,16.0,2.0,88,210
3,2,16.0,8.0,102,210
3,2,16.0,32.0,125,210
3,2,16.0,128.0,175,210
3,2,16.0,512.0,188,210
3,2,16.0,2048.0,188,210
3,2,16.0,8192.0,190,210
3,2,16.0,32768.0,190,210
3,2,64.0,0.03125,60,210
3,2,64.0,0.125,60,210
3,2,64.0,0.5,60,210
3,2,64.0,2.0,60,210
3,2,64.0,8.0,60,210
3,2,64.0,32.0,77,210
3,2,64.0,128.0,89,210
3,2,64.0,512.0,117,210
3,2,64.0,2048.0,147,210
3,2,64.0,8192.0,176,210
3,2,64.0,32768.0,175,210
3,2,256.0,0.03125,51,210
3,2,256.0,0.125,51,210
3,2,256.0,0.5,51,210
3,2,256.0,2.0,51,210
3,2,256.0,8.0,51,210
3,2,256.0,32.0,51,210
3,2,256.0,128.0,53,210
3,2,256.0,512.0,63,210
3,2,256.0,2048.0,65,210
3,2,256.0,8192.0,95,210
3,2,256.0,32768.0,111,210
3,2,1024.0,0.03125,49,210
3,2,1024.0,0.125,49,210
3,2,1024.0,0.5,49,210
3,2,1024.0,2.0,49,210
3,2,1024.0,8.0,49,210
3,2,1024.0,32.0,49,210
3,2,1024.0,128.0,49,210
3,2,1024.0,512.0,49,210
3,2,1024.0,2048.0,51,210
3,2,1024.0,8192.0,59,210
3,2,1024.0,32768.0,62,210
3,2,4096.0,0.03125,44,210
3,2,4096.0,0.125,44,210
3,2,4096.0,0.5,44,210
3,2,4096.0,2.0,44,210
3,2,4096.0,8.0,44,210
3,2,4096.0,32.0,44,210
3,2,4096.0,128.0,44,210
3,2,4096.0,512.0,44,210
3,2,4096.0,2048.0,44,210
3,2,4096.0,8192.0,44,210
3,2,4096.0,32768.0,48,210
3,2,16384.0,0.03125,38,210
3,2,16384.0,0.125,38,210
3,2,16384.0,0.5,38,210
3,2,16384.0,2.0,38,210
3,2,16384.0,8.0,38,210
3,2,16384.0,32.0,38,210
3,2,16384.0,128.0,38,210
3,2,16384.0,512.0,38,210
3,2,16384.0,2048.0,38,210
3,2,16384.0,8192.0,38,210
3,2,16384.0,32768.0,38,210
3,2,65536.0,0.03125,36,210
3,2,65536.0,0.125,36,210
3,2,65536.0,0.5,36,210
3,2,65536.0,2.0,36,210
3,2,65536.0,8.0,36,210
3,2,65536.0,32.0,36,210
3,2,65536.0,128.0,36,210
3,2,65536.0,512.0,36,210
3,2,65536.0,2048.0,36,210
3,2,65536.0,8192.0,36,210
3,2,65536.0,32768.0,36,210
3,3,0.000244140625,0.03125,95,210
3,3,0.000244140625,0.125,95,210
3,3,0.000244140625,0.5,95,210
3,3,0.000244140625,2.0,95,210
3,3,0.000244140625,8.0,95,210
3,3,0.000244140625,32.0,95,210
3,3,0.000244140625,128.0,95,210
3,3,0.000244140625,512.0,95,210
3,3,0.000244140625,2048.0,95,210
3,3,0.000244140625,8192.0,95,210
3,3,0.000244140625,32768.0,95,210
3,3,0.0009765625,0.03125,148,210
3,3,0.0009765625,0.125,148,210
3,3,0.0009765625,0.5,148,210
3,3,0.0009765625,2.0,148,210
3,3,0.0009765625,8.0,148,210
3,3,0.0009765625,32.0,148,210
3,3,0.0009765625,128.0,148,210
3,3,0.0009765625,512.0,148,210
3,3,0.0009765625,2048.0,148,210
3,3,0.0009765625,8192.0,148,210
3,3,0.0009765625,32768.0,148,210
3,3,0.00390625,0.03125,184,210
3,3,0.00390625,0.125,184,210
3,3,0.00390625,0.5,184,210
3,3,0.00390625,2.0,184,210
3,3,0.00390625,8.0,184,210
3,3,0.00390625,32.0,184,210
3,3,0.00390625,128.0,184,210
3,3,0.00390625,512.0,184,210
3,3,0.00390625,2048.0,184,210
3,3,0.00390625,8192.0,184,210
3,3,0.00390625,32768.0,184,210
3,3,0.015625,0.03125,201,210
3,3,0.015625,0.125,201,210
3,3,0.015625,0.5,201,210
3,3,0.015625,2.0,201,210
3,3,0.015625,8.0,201,210
3,3,0.015625,32.0,201,210
3,3,0.015625,128.0,201,210
3,3,0.015625,512.0,201,210
3,3,0.015625,2048.0,201,210
3,3,0.015625,8192.0,201,210
3,3,0.015625,32768.0,201,210
3,3,0.0625,0.03125,202,210
3,3,0.0625,0.125,204,210
3,3,0.0625,0.5,204,210
3,3,0.0625,2.0,204,210
3,3,0.0625,8.0,204,210
3,3,0.0625,32.0,204,210
3,3,0.0625,128.0,204,210
3,3,0.0625,512.0,204,210
3,3,0.0625,2048.0,204,210
3,3,0.0625,8192.0,204,210
3,3,0.0625,32768.0,204,210
3,3,0.25,0.03125,141,210
3,3,0.25,0.125,199,210
3,3,0.25,0.5,202,210
3,3,0.25,2.0,202,210
3,3,0.25,8.0,202,210
3,3,0.25,32.0,202,210
3,3,0.25,128.0,202,210
3,3,0.25,512.0,202,210
3,3,0.25,2048.0,202,210
3,3,0.25,8192.0,202,210
3,3,0.25,32768.0,202,210
3,3,1.0,0.03125,82,210
3,3,1.0,0.125,122,210
3,3,1.0,0.5,176,210
3,3,1.0,2.0,199,210
3,3,1.0,8.0,200,210
3,3,1.0,32.0,201,210
3,3,1.0,128.0,201,210
3,3,1.0,512.0,201,210
3,3,1.0,2048.0,201,210
3,3,1.0,8192.0,201,210
3,3,1.0,32768.0,201,210
3,3,4.0,0.03125,74,210
3,3,4.0,0.125,82,210
3,3,4.0,0.5,101,210
3,3,4.0,2.0,133,210
3,3,4.0,8.0,174,210
3,3,4.0,32.0,178,210
3,3,4.0,128.0,179,210
3,3,4.0,512.0,180,210
3,3,4.0,2048.0,180,210
3,3,4.0,8192.0,180,210
3,3,4.0,32768.0,180,210
3,3,16.0,0.03125,67,210
3,3,16.0,0.125,67,210
3,3,16.0,0.5,75,210
3,3,16.0,2.0,84,210
3,3,16.0,8.0,95,210
3,3,16.0,32.0,113,210
3,3,16.0,128.0,167,210
3,3,16.0,512.0,177,210
3,3,16.0,2048.0,178,210
3,3,16.0,8192.0,177,210
3,3,16.0,32768.0,177,210
3,3,64.0,0.03125,56,210
3,3,64.0,0.125,56,210
3,3,64.0,0.5,56,210
3,3,64.0,2.0,60,210
3,3,64.0,8.0,64,210
3,3,64.0,32.0,72,210
3,3,64.0,128.0,85,210
3,3,64.0,512.0,108,210
3,3,64.0,2048.0,147,210
3,3,64.0,8192.0,171,210
3,3,64.0,32768.0,177,210
3,3,256.0,0.03125,47,210
3,3,256.0,0.125,47,210
3,3,256.0,0.5,47,210
3,3,256.0,2.0,47,210
3,3,256.0,8.0,47,210
3,3,256.0,32.0,55,210
3,3,256.0,128.0,57,210
3,3,256.0,512.0,63,210
3,3,256.0,2048.0,76,210
3,3,256.0,8192.0,86,210
3,3,256.0,32768.0,100,210
3,3,1024.0,0.03125,48,210
3,3,1024.0,0.125,48,210
3,3,1024.0,0.5,48,210
3,3,1024.0,2.0,48,210
3,3,1024.0,8.0,48,210
3,3,1024.0,32.0,48,210
3,3,1024.0,128.0,48,210
3,3,1024.0,512.0,55,210
3,3,1024.0,2048.0,56,210
3,3,1024.0,8192.0,62,210
3,3,1024.0,32768.0,74,210
3,3,4096.0,0.03125,48,210
3,3,4096.0,0.125,48,210
3,3,4096.0,0.5,48,210
3,3,4096.0,2.0,48,210
3,3,4096.0,8.0,48,210
3,3,4096.0,32.0,48,210
3,3,4096.0,128.0,48,210
3,3,4096.0,512.0,48,210
3,3,4096.0,2048.0,48,210
3,3,4096.0,8192.0,48,210
3,3,4096.0,32768.0,57,210
3,3,16384.0,0.03125,41,210
3,3,16384.0,0.125,41,210
3,3,16384.0,0.5,41,210
3,3,16384.0,2.0,41,210
3,3,16384.0,8.0,41,210
3,3,16384.0,32.0,41,210
3,3,16384.0,128.0,41,210
3,3,16384.0,512.0,41,210
3,3,16384.0,2048.0,41,210
3,3,16384.0,8192.0,41,210
3,3,16384.0,32768.0,41,210
3,3,65536.0,0.03125,39,210
3,3,65536.0,0.125,39,210
3,3,65536.0,0.5,39,210
3,3,65536.0,2.0,39,210
3,3,65536.0,8.0,39,210
3,3,65536.0,32.0,39,210
3,3,65536.0,128.0,39,210
3,3,65536.0,512.0,39,210
3,3,65536.0,2048.0,39,210
3,3,65536.0,8192.0,39,210
3,3,65536.0,32768.0,39,210
3,4,0.000244140625,0.03125,103,210
3,4,0.000244140625,0.125,103,210
3,4,0.000244140625,0.5,103,210
3,4,0.000244140625,2.0,103,210
3,4,0.000244140625,8.0,103,210
3,4,0.000244140625,32.0,103,210
3,4,0.000244140625,128.0,103,210
3,4,0.000244140625,512.0,103,210
3,4,0.000244140625,2048.0,103,210
3,4,0.000244140625,8192.0,103,210
3,4,0.000244140625,32768.0,103,210
3,4,0.0009765625,0.03125,155,210
3,4,0.0009765625,0.125,155,210
3,4,0.0009765625,0.5,155,210
3,4,0.0009765625,2.0,155,210
3,4,0.0009765625,8.0,155,210
3,4,0.0009765625,32.0,155,210
3,4,0.0009765625,128.0,155,210
3,4,0.0009765625,512.0,155,210
3,4,0.0009765625,2048.0,155,210
3,4,0.0009765625,8192.0,155,210
3,4,0.0009765625,32768.0,155,210
3,4,0.00390625,0.03125,188,210
3,4,0.00390625,0.125,188,210
3,4,0.00390625,0.5,188,210
3,4,0.00390625,2.0,188,210
3,4,0.00390625,8.0,188,210
3,4,0.00390625,32.0,188,210
3,4,0.00390625,128.0,188,210
3,4,0.00390625,512.0,188,210
3,4,0.00390625,2048.0,188,210
3,4,0.00390625,8192.0,188,210
3,4,0.00390625,32768.0,188,210
3,4,0.015625,0.03125,197,210
3,4,0.015625,0.125,197,210
3,4,0.015625,0.5,197,210
3,4,0.015625,2.0,197,210
3,4,0.015625,8.0,197,210
3,4,0.015625,32.0,197,210
3,4,0.015625,128.0,197,210
3,4,0.015625,512.0,197,210
3,4,0.015625,2048.0,197,210
3,4,0.015625,8192.0,197,210
3,4,0.015625,32768.0,197,210
3,4,0.0625,0.03125,201,210
3,4,0.0625,0.125,202,210
3,4,0.0625,0.5,202,210
3,4,0.0625,2.0,202,210
3,4,0.0625,8.0,202,210
3,4,0.0625,32.0,202,210
3,4,0.0625,128.0,202,210
3,4,0.0625,512.0,202,210
3,4,0.0625,2048.0,202,210
3,4,0.0625,8192.0,202,210
3,4,0.0625,32768.0,202,210
3,4,0.25,0.03125,134,210
3,4,0.25,0.125,193,210
3,4,0.25,0.5,200,210
3,4,0.25,2.0,200,210
3,4,0.25,8.0,200,210
3,4,0.25,32.0,200,210
3,4,0.25,128.0,200,210
3,4,0.25,512.0,200,210
3,4,0.25,2048.0,200,210
3,4,0.25,8192.0,200,210
3,4,0.25,32768.0,200,210
3,4,1.0,0.03125,78,210
3,4,1.0,0.125,117,210
3,4,1.0,0.5,175,210
3,4,1.0,2.0,190,210
3,4,1.0,8.0,193,210
3,4,1.0,32.0,193,210
3,4,1.0,128.0,193,210
3,4,1.0,512.0,193,210
3,4,1.0,2048.0,193,210
3,4,1.0,8192.0,193,210
3,4,1.0,32768.0,193,210
3,4,4.0,0.03125,75,210
3,4,4.0,0.125,75,210
3,4,4.0,0.5,104,210
3,4,4.0,2.0,123,210
3,4,4.0,8.0,172,210
3,4,4.0,32.0,177,210
3,4,4.0,128.0,182,210
3,4,4.0,512.0,182,210
3,4,4.0,2048.0,182,210
3,4,4.0,8192.0,182,210
3,4,4.0,32768.0,182,210
3,4,16.0,0.03125,69,210
3,4,16.0,0.125,69,210
3,4,16.0,0.5,69,210
3,4,16.0,2.0,87,210
3,4,16.0,8.0,100,210
3,4,16.0,32.0,128,210
3,4,16.0,128.0,171,210
3,4,16.0,512.0,177,210
3,4,16.0,2048.0,177,210
3,4,16.0,8192.0,177,210
3,4,16.0,32768.0,177,210
3,4,64.0,0.03125,56,210
3,4,64.0,0.125,56,210
3,4,64.0,0.5,56,210
3,4,64.0,2.0,56,210
3,4,64.0,8.0,56,210
3,4,64.0,32.0,70,210
3,4,64.0,128.0,82,210
3,4,64.0,512.0,112,210
3,4,64.0,2048.0,142,210
3,4,64.0,8192.0,176,210
3,4,64.0,32768.0,176,210
3,4,256.0,0.03125,44,210
3,4,256.0,0.125,44,210
3,4,256.0,0.5,44,210
3,4,256.0,2.0,44,210
3,4,256.0,8.0,44,210
3,4,256.0,32.0,44,210
3,4,256.0,128.0,45,210
3,4,256.0,512.0,57,210
3,4,256.0,2048.0,68,210
3,4,256.0,8192.0,84,210
3,4,256.0,32768.0,109,210
3,4,1024.0,0.03125,41,210
3,4,1024.0,0.125,41,210
3,4,1024.0,0.5,41,210
3,4,1024.0,2.0,41,210
3,4,1024.0,8.0,41,210
3,4,1024.0,32.0,41,210
3,4,1024.0,128.0,41,210
3,4,1024.0,512.0,41,210
3,4,1024.0,2048.0,42,210
3,4,1024.0,8192.0,53,210
3,4,1024.0,32768.0,64,210
3,4,4096.0,0.03125,41,210
3,4,4096.0,0.125,41,210
3,4,4096.0,0.5,41,210
3,4,4096.0,2.0,41,210
3,4,4096.0,8.0,41,210
3,4,4096.0,32.0,41,210
3,4,4096.0,128.0,41,210
3,4,4096.0,512.0,41,210
3,4,4096.0,2048.0,41,210
3,4,4096.0,8192.0,41,210
3,4,4096.0,32768.0,44,210
3,4,16384.0,0.03125,35,210
3,4,16384.0,0.125,35,210
3,4,16384.0,0.5,35,210
3,4,16384.0,2.0,35,210
3,4,16384.0,8.0,35,210
3,4,16384.0,32.0,35,210
3,4,16384.0,128.0,35,210
3,4,16384.0,512.0,35,210
3,4,16384.0,2048.0,35,210
3,4,16384.0,8192.0,35,210
3,4,16384.0,32768.0,35,210
3,4,65536.0,0.03125,32,210
3,4,65536.0,0.125,32,210
3,4,65536.0,0.5,32,210
3,4,65536.0,2.0,32,210
3,4,65536.0,8.0,32,210
3,4,65536.0,32.0,32,210
3,4,65536.0,128.0,32,210
3,4,65536.0,512.0,32,210
3,4,65536.0,2048.0,32,210
3,4,65536.0,8192.0,32,210
3,4,65536.0,32768.0,32,210
3,5,0.000244140625,0.03125,96,210
3,5,0.000244140625,0.125,96,210
3,5,0.000244140625,0.5,96,210
3,5,0.000244140625,2.0,96,210
3,5,0.000244140625,8.0,96,210
3,5,0.000244140625,32.0,96,210
3,5,0.000244140625,128.0,96,210
3,5,0.000244140625,512.0,96,210
3,5,0.000244140625,2048.0,96,210
3,5,0.000244140625,8192.0,96,210
3,5,0.000244140625,32768.0,96,210
3,5,0.0009765625,0.03125,148,210
3,5,0.0009765625,0.125,148,210
3,5,0.0009765625,0.5,148,210
3,5,0.0009765625,2.0,148,210
3,5,0.0009765625,8.0,148,210
3,5,0.0009765625,32.0,148,210
3,5,0.0009765625,128.0,148,210
3,5,0.0009765625,512.0,148,210
3,5,0.0009765625,2048.0,148,210
3,5,0.0009765625,8192.0,148,210
3,5,0.0009765625,32768.0,148,210
3,5,0.00390625,0.03125,186,210
3,5,0.00390625,0.125,186,210
3,5,0.00390625,0.5,186,210
3,5,0.00390625,2.0,186,210
3,5,0.00390625,8.0,186,210
3,5,0.00390625,32.0,186,210
3,5,0.00390625,128.0,186,210
3,5,0.00390625,512.0,186,210
3,5,0.00390625,2048.0,186,210
3,5,0.00390625,8192.0,186,210
3,5,0.00390625,32768.0,186,210
3,5,0.015625,0.03125,202,210
3,5,0.015625,0.125,202,210
3,5,0.015625,0.5,202,210
3,5,0.015625,2.0,202,210
3,5,0.015625,8.0,202,210
3,5,0.015625,32.0,202,210
3,5,0.015625,128.0,202,210
3,5,0.015625,512.0,202,210
3,5,0.015625,2048.0,202,210
3,5,0.015625,8192.0,202,210
3,5,0.015625,32768.0,202,210
3,5,0.0625,0.03125,200,210
3,5,0.0625,0.125,198,210
3,5,0.0625,0.5,198,210
3,5,0.0625,2.0,198,210
3,5,0.0625,8.0,198,210
3,5,0.0625,32.0,198,210
3,5,0.0625,128.0,198,210
3,5,0.0625,512.0,198,210
3,5,0.0625,2048.0,198,210
3,5,0.0625,8192.0,198,210
3,5,0.0625,32768.0,198,210
3,5,0.25,0.03125,128,210
3,5,0.25,0.125,191,210
3,5,0.25,0.5,199,210
3,5,0.25,2.0,198,210
3,5,0.25,8.0,198,210
3,5,0.25,32.0,198,210
3,5,0.25,128.0,198,210
3,5,0.25,512.0,198,210
3,5,0.25,2048.0,198,210
3,5,0.25,8192.0,198,210
3,5,0.25,32768.0,198,210
3,5,1.0,0.03125,78,210
3,5,1.0,0.125,113,210
3,5,1.0,0.5,164,210
3,5,1.0,2.0,190,210
3,5,1.0,8.0,197,210
3,5,1.0,32.0,196,210
3,5,1.0,128.0,196,210
3,5,1.0,512.0,196,210
3,5,1.0,2048.0,196,210
3,5,1.0,8192.0,196,210
3,5,1.0,32768.0,196,210
3,5,4.0,0.03125,75,210
3,5,4.0,0.125,82,210
3,5,4.0,0.5,97,210
3,5,4.0,2.0,119,210
3,5,4.0,8.0,173,210
3,5,4.0,32.0,184,210
3,5,4.0,128.0,184,210
3,5,4.0,512.0,184,210
3,5,4.0,2048.0,184,210
3,5,4.0,8192.0,184,210
3,5,4.0,32768.0,184,210
3,5,16.0,0.03125,67,210
3,5,16.0,0.125,67,210
3,5,16.0,0.5,74,210
3,5,16.0,2.0,83,210
3,5,16.0,8.0,92,210
3,5,16.0,32.0,128,210
3,5,16.0,128.0,170,210
3,5,16.0,512.0,181,210
3,5,16.0,2048.0,178,210
3,5,16.0,8192.0,181,210
3,5,16.0,32768.0,181,210
3,5,64.0,0.03125,59,210
3,5,64.0,0.125,59,210
3,5,64.0,0.5,59,210
3,5,64.0,2.0,61,210
3,5,64.0,8.0,68,210
3,5,64.0,32.0,76,210
3,5,64.0,128.0,83,210
3,5,64.0,512.0,115,210
3,5,64.0,2048.0,148,210
3,5,64.0,8192.0,182,210
3,5,64.0,32768.0,176,210
3,5,256.0,0.03125,52,210
3,5,256.0,0.125,52,210
3,5,256.0,0.5,52,210
3,5,256.0,2.0,52,210
3,5,256.0,8.0,52,210
3,5,256.0,32.0,61,210
3,5,256.0,128.0,62,210
3,5,256.0,512.0,68,210
3,5,256.0,2048.0,70,210
3,5,256.0,8192.0,90,210
3,5,256.0,32768.0,116,210
3,5,1024.0,0.03125,45,210
3,5,1024.0,0.125,45,210
3,5,1024.0,0.5,45,210
3,5,1024.0,2.0,45,210
3,5,1024.0,8.0,45,210
3,5,1024.0,32.0,45,210
3,5,1024.0,128.0,45,210
3,5,1024.0,512.0,51,210
3,5,1024.0,2048.0,53,210
3,5,1024.0,8192.0,59,210
3,5,1024.0,32768.0,60,210
3,5,4096.0,0.03125,43,210
3,5,4096.0,0.125,43,210
3,5,4096.0,0.5,43,210
3,5,4096.0,2.0,43,210
3,5,4096.0,8.0,43,210
3,5,4096.0,32.0,43,210
3,5,4096.0,128.0,43,210
3,5,4096.0,512.0,43,210
3,5,4096.0,2048.0,43,210
3,5,4096.0,8192.0,43,210
3,5,4096.0,32768.0,52,210
3,5,16384.0,0.03125,37,210
3,5,16384.0,0.125,37,210
3,5,16384.0,0.5,37,210
3,5,16384.0,2.0,37,210
3,5,16384.0,8.0,37,210
3,5,16384.0,32.0,37,210
3,5,16384.0,128.0,37,210
3,5,16384.0,512.0,37,210
3,5,16384.0,2048.0,37,210
3,5,16384.0,8192.0,37,210
3,5,16384.0,32768.0,37,210
3,5,65536.0,0.03125,30,210
3,5,65536.0,0.125,30,210
3,5,65536.0,0.5,30,210
3,5,65536.0,2.0,30,210
3,5,65536.0,8.0,30,210
3,5,65536.0,32.0,30,210
3,5,65536.0,128.0,30,210
3,5,65536.0,512.0,30,210
3,5,65536.0,2048.0,30,210
3,5,65536.0,8192.0,30,210
3,5,65536.0,32768.0,30,210
3,6,0.000244140625,0.03125,108,210
3,6,0.000244140625,0.125,108,210
3,6,0.000244140625,0.5,108,210
3,6,0.000244140625,2.0,108,210
3,6,0.000244140625,8.0,108,210
3,6,0.000244140625,32.0,108,210
3,6,0.000244140625,128.0,108,210
3,6,0.000244140625,512.0,108,210
3,6,0.000244140625,2048.0,108,210
3,6,0.000244140625,8192.0,108,210
3,6,0.000244140625,32768.0,108,210
3,6,0.0009765625,0.03125,153,210
3,6,0.0009765625,0.125,153,210
3,6,0.0009765625,0.5,153,210
3,6,0.0009765625,2.0,153,210
3,6,0.0009765625,8.0,153,210
3,6,0.0009765625,32.0,153,210
3,6,0.0009765625,128.0,153,210
3,6,0.0009765625,512.0,153,210
3,6,0.0009765625,2048.0,153,210
3,6,0.0009765625,8192.0,153,210
3,6,0.0009765625,32768.0,153,210
3,6,0.00390625,0.03125,180,210
3,6,0.00390625,0.125,180,210
3,6,0.00390625,0.5,180,210
3,6,0.00390625,2.0,180,210
3,6,0.00390625,8.0,180,210
3,6,0.00390625,32.0,180,210
3,6,0.00390625,128.0,180,210
3,6,0.00390625,512.0,180,210
3,6,0.00390625,2048.0,180,210
3,6,0.00390625,8192.0,180,210
3,6,0.00390625,32768.0,180,210
3,6,0.015625,0.03125,195,210
3,6,0.015625,0.125,195,210
3,6,0.015625,0.5,195,210
3,6,0.015625,2.0,195,210
3,6,0.015625,8.0,195,210
3,6,0.015625,32.0,195,210
3,6,0.015625,128.0,195,210
3,6,0.015625,512.0,195,210
3,6,0.015625,2048.0,195,210
3,6,0.015625,8192.0,195,210
3,6,0.015625,32768.0,195,210
3,6,0.0625,0.03125,194,210
3,6,0.0625,0.125,198,210
3,6,0.0625,0.5,198,210
3,6,0.0625,2.0,198,210
3,6,0.0625,8.0,198,210
3,6,0.0625,32.0,198,210
3,6,0.0625,128.0,198,210
3,6,0.0625,512.0,198,210
3,6,0.0625,2048.0,198,210
3,6,0.0625,8192.0,198,210
3,6,0.0625,32768.0,198,210
3,6,0.25,0.03125,128,210
3,6,0.25,0.125,194,210
3,6,0.25,0.5,199,210
3,6,0.25,2.0,199,210
3,6,0.25,8.0,199,210
3,6,0.25,32.0,199,210
3,6,0.25,128.0,199,210
3,6,0.25,512.0,199,210
3,6,0.25,2048.0,199,210
3,6,0.25,8192.0,199,210
3,6,0.25,32768.0,199,210
3,6,1.0,0.03125,83,210
3,6,1.0,0.125,113,210
3,6,1.0,0.5,180,210
3,6,1.0,2.0,191,210
3,6,1.0,8.0,194,210
3,6,1.0,32.0,194,210
3,6,1.0,128.0,194,210
3,6,1.0,512.0,194,210
3,6,1.0,2048.0,194,210
3,6,1.0,8192.0,194,210
3,6,1.0,32768.0,194,210
3,6,4.0,0.03125,77,210
3,6,4.0,0.125,84,210
3,6,4.0,0.5,98,210
3,6,4.0,2.0,118,210
3,6,4.0,8.0,177,210
3,6,4.0,32.0,182,210
3,6,4.0,128.0,187,210
3,6,4.0,512.0,185,210
3,6,4.0,2048.0,185,210
3,6,4.0,8192.0,185,210
3,6,4.0,32768.0,185,210
3,6,16.0,0.03125,70,210
3,6,16.0,0.125,70,210
3,6,16.0,0.5,77,210
3,6,16.0,2.0,82,210
3,6,16.0,8.0,92,210
3,6,16.0,32.0,114,210
3,6,16.0,128.0,167,210
3,6,16.0,512.0,181,210
3,6,16.0,2048.0,182,210
3,6,16.0,8192.0,183,210
3,6,16.0,32768.0,183,210
3,6,64.0,0.03125,68,210
3,6,64.0,0.125,68,210
3,6,64.0,0.5,68,210
3,6,64.0,2.0,72,210
3,6,64.0,8.0,75,210
3,6,64.0,32.0,81,210
3,6,64.0,128.0,88,210
3,6,64.0,512.0,109,210
3,6,64.0,2048.0,142,210
3,6,64.0,8192.0,183,210
3,6,64.0,32768.0,184,210
3,6,256.0,0.03125,54,210
3,6,256.0,0.125,54,210
3,6,256.0,0.5,54,210
3,6,256.0,2.0,54,210
3,6,256.0,8.0,54,210
3,6,256.0,32.0,61,210
3,6,256.0,128.0,61,210
3,6,256.0,512.0,66,210
3,6,256.0,2048.0,72,210
3,6,256.0,8192.0,90,210
3,6,256.0,32768.0,111,210
3,6,1024.0,0.03125,47,210
3,6,1024.0,0.125,47,210
3,6,1024.0,0.5,47,210
3,6,1024.0,2.0,47,210
3,6,1024.0,8.0,47,210
3,6,1024.0,32.0,47,210
3,6,1024.0,128.0,47,210
3,6,1024.0,512.0,52,210
3,6,1024.0,2048.0,53,210
3,6,1024.0,8192.0,59,210
3,6,1024.0,32768.0,69,210
3,6,4096.0,0.03125,44,210
3,6,4096.0,0.125,44,210
3,6,4096.0,0.5,44,210
3,6,4096.0,2.0,44,210
3,6,4096.0,8.0,44,210
3,6,4096.0,32.0,44,210
3,6,4096.0,128.0,44,210
3,6,4096.0,512.0,44,210
3,6,4096.0,2048.0,44,210
3,6,4096.0,8192.0,44,210
3,6,4096.0,32768.0,50,210
3,6,16384.0,0.03125,40,210
3,6,16384.0,0.125,40,210
3,6,16384.0,0.5,40,210
3,6,16384.0,2.0,40,210
3,6,16384.0,8.0,40,210
3,6,16384.0,32.0,40,210
3,6,16384.0,128.0,40,210
3,6,16384.0,512.0,40,210
3,6,16384.0,2048.0,40,210
3,6,16384.0,8192.0,40,210
3,6,16384.0,32768.0,40,210
3,6,65536.0,0.03125,34,210
3,6,65536.0,0.125,34,210
3,6,65536.0,0.5,34,210
3,6,65536.0,2.0,34,210
3,6,65536.0,8.0,34,210
3,6,65536.0,32.0,34,210
3,6,65536.0,128.0,34,210
3,6,65536.0,512.0,34,210
3,6,65536.0,2048.0,34,210
3,6,65536.0,8192.0,34,210
3,6,65536.0,32768.0,34,210
3,7,0.000244140625,0.03125,98,210
3,7,0.000244140625,0.125,98,210
3,7,0.000244140625,0.5,98,210
3,7,0.000244140625,2.0,98,210
3,7,0.000244140625,8.0,98,210
3,7,0.000244140625,32.0,98,210
3,7,0.000244140625,128.0,98,210
3,7,0.000244140625,512.0,98,210
3,7,0.000244140625,2048.0,98,210
3,7,0.000244140625,8192.0,98,210
3,7,0.000244140625,32768.0,98,210
3,7,0.0009765625,0.03125,157,210
3,7,0.0009765625,0.125,157,210
3,7,0.0009765625,0.5,157,210
3,7,0.0009765625,2.0,157,210
3,7,0.0009765625,8.0,157,210
3,7,0.0009765625,32.0,157,210
3,7,0.0009765625,128.0,157,210
3,7,0.0009765625,512.0,157,210
3,7,0.0009765625,2048.0,157,210
3,7,0.0009765625,8192.0,157,210
3,7,0.0009765625,32768.0,157,210
3,7,0.00390625,0.03125,185,210
3,7,0.00390625,0.125,185,210
3,7,0.00390625,0.5,185,210
3,7,0.00390625,2.0,185,210
3,7,0.00390625,8.0,185,210
3,7,0.00390625,32.0,185,210
3,7,0.00390625,128.0,185,210
3,7,0.00390625,512.0,185,210
3,7,0.00390625,2048.0,185,210
3,7,0.00390625,8192.0,185,210
3,7,0.00390625,32768.0,185,210
3,7,0.015625,0.03125,200,210
3,7,0.015625,0.125,200,210
3,7,0.015625,0.5,200,210
3,7,0.015625,2.0,200,210
3,7,0.015625,8.0,200,210
3,7,0.015625,32.0,200,210
3,7,0.015625,128.0,200,210
3,7,0.015625,512.0,200,210
3,7,0.015625,2048.0,200,210
3,7,0.015625,8192.0,200,210
3,7,0.015625,32768.0,200,210
3,7,0.0625,0.03125,199,210
3,7,0.0625,0.125,203,210
3,7,0.0625,0.5,203,210
3,7,0.0625,2.0,203,210
3,7,0.0625,8.0,203,210
3,7,0.0625,32.0,203,210
3,7,0.0625,128.0,203,210
3,7,0.0625,512.0,203,210
3,7,0.0625,2048.0,203,210
3,7,0.0625,8192.0,203,210
3,7,0.0625,32768.0,203,210
3,7,0.25,0.03125,137,210
3,7,0.25,0.125,194,210
3,7,0.25,0.5,200,210
3,7,0.25,2.0,201,210
3,7,0.25,8.0,201,210
3,7,0.25,32.0,201,210
3,7,0.25,128.0,201,210
3,7,0.25,512.0,201,210
3,7,0.25,2048.0,201,210
3,7,0.25,8192.0,201,210
3,7,0.25,32768.0,201,210
3,7,1.0,0.03125,79,210
3,7,1.0,0.125,115,210
3,7,1.0,0.5,169,210
3,7,1.0,2.0,196,210
3,7,1.0,8.0,197,210
3,7,1.0,32.0,198,210
3,7,1.0,128.0,198,210
3,7,1.0,512.0,198,210
3,7,1.0,2048.0,198,210
3,7,1.0,8192.0,198,210
3,7,1.0,32768.0,198,210
3,7,4.0,0.03125,73,210
3,7,4.0,0.125,73,210
3,7,4.0,0.5,93,210
3,7,4.0,2.0,120,210
3,7,4.0,8.0,179,210
3,7,4.0,32.0,189,210
3,7,4.0,128.0,184,210
3,7,4.0,512.0,184,210
3,7,4.0,2048.0,184,210
3,7,4.0,8192.0,184,210
3,7,4.0,32768.0,184,210
3,7,16.0,0.03125,64,210
3,7,16.0,0.125,64,210
3,7,16.0,0.5,64,210
3,7,16.0,2.0,75,210
3,7,16.0,8.0,86,210
3,7,16.0,32.0,106,210
3,7,16.0,128.0,175,210
3,7,16.0,512.0,178,210
3,7,16.0,2048.0,180,210
3,7,16.0,8192.0,181,210
3,7,16.0,32768.0,181,210
3,7,64.0,0.03125,53,210
3,7,64.0,0.125,53,210
3,7,64.0,0.5,53,210
3,7,64.0,2.0,53,210
3,7,64.0,8.0,53,210
3,7,64.0,32.0,63,210
3,7,64.0,128.0,77,210
3,7,64.0,512.0,116,210
3,7,64.0,2048.0,150,210
3,7,64.0,8192.0,169,210
3,7,64.0,32768.0,172,210
3,7,256.0,0.03125,50,210
3,7,256.0,0.125,50,210
3,7,256.0,0.5,50,210
3,7,256.0,2.0,50,210
3,7,256.0,8.0,50,210
3,7,256.0,32.0,50,210
3,7,256.0,128.0,51,210
3,7,256.0,512.0,62,210
3,7,256.0,2048.0,72,210
3,7,256.0,8192.0,97,210
3,7,256.0,32768.0,110,210
3,7,1024.0,0.03125,44,210
3,7,1024.0,0.125,44,210
3,7,1024.0,0.5,44,210
3,7,1024.0,2.0,44,210
3,7,1024.0,8.0,44,210
3,7,1024.0,32.0,44,210
3,7,1024.0,128.0,44,210
3,7,1024.0,512.0,44,210
3,7,1024.0,2048.0,46,210
3,7,1024.0,8192.0,55,210
3,7,1024.0,32768.0,64,210
3,7,4096.0,0.03125,45,210
3,7,4096.0,0.125,45,210
3,7,4096.0,0.5,45,210
3,7,4096.0,2.0,45,210
3,7,4096.0,8.0,45,210
3,7,4096.0,32.0,45,210
3,7,4096.0,128.0,45,210
3,7,4096.0,512.0,45,210
3,7,4096.0,2048.0,45,210
3,7,4096.0,8192.0,45,210
3,7,4096.0,32768.0,49,210
3,7,16384.0,0.03125,40,210
3,7,16384.0,0.125,40,210
3,7,16384.0,0.5,40,210
3,7,16384.0,2.0,40,210
3,7,16384.0,8.0,40,210
3,7,16384.0,32.0,40,210
3,7,16384.0,128.0,40,210
3,7,16384.0,512.0,40,210
3,7,16384.0,2048.0,40,210
3,7,16384.0,8192.0,40,210
3,7,16384.0,32768.0,40,210
3,7,65536.0,0.03125,39,210
3,7,65536.0,0.125,39,210
3,7,65536.0,0.5,39,210
3,7,65536.0,2.0,39,210
3,7,65536.0,8.0,39,210
3,7,65536.0,32.0,39,210
3,7,65536.0,128.0,39,210
3,7,65536.0,512.0,39,210
3,7,65536.0,2048.0,39,210
3,7,65536.0,8192.0,39,210
3,7,65536.0,32768.0,39,210
3,8,0.000244140625,0.03125,104,210
3,8,0.000244140625,0.125,104,210
3,8,0.000244140625,0.5,104,210
3,8,0.000244140625,2.0,104,210
3,8,0.000244140625,8.0,104,210
3,8,0.000244140625,32.0,104,210
3,8,0.000244140625,128.0,104,210
3,8,0.000244140625,512.0,104,210
3,8,0.000244140625,2048.0,104,210
3,8,0.000244140625,8192.0,104,210
3,8,0.000244140625,32768.0,104,210
3,8,0.0009765625,0.03125,152,210
3,8,0.0009765625,0.125,152,210
3,8,0.0009765625,0.5,152,210
3,8,0.0009765625,2.0,152,210
3,8,0.0009765625,8.0,152,210
3,8,0.0009765625,32.0,152,210
3,8,0.0009765625,128.0,152,210
3,8,0.0009765625,512.0,152,210
3,8,0.0009765625,2048.0,152,210
3,8,0.0009765625,8192.0,152,210
3,8,0.0009765625,32768.0,152,210
3,8,0.00390625,0.03125,182,210
3,8,0.00390625,0.125,182,210
3,8,0.00390625,0.5,182,210
3,8,0.00390625,2.0,182,210
3,8,0.00390625,8.0,182,210
3,8,0.00390625,32.0,182,210
3,8,0.00390625,128.0,182,210
3,8,0.00390625,512.0,182,210
3,8,0.00390625,2048.0,182,210
3,8,0.00390625,8192.0,182,210
3,8,0.00390625,32768.0,182,210
3,8,0.015625,0.03125,192,210
3,8,0.015625,0.125,192,210
3,8,0.015625,0.5,192,210
3,8,0.015625,2.0,192,210
3,8,0.015625,8.0,192,210
3,8,0.015625,32.0,192,210
3,8,0.015625,128.0,192,210
3,8,0.015625,512.0,192,210
3,8,0.015625,2048.0,192,210
3,8,0.015625,8192.0,192,210
3,8,0.015625,32768.0,192,210
3,8,0.0625,0.03125,197,210
3,8,0.0625,0.125,196,210
3,8,0.0625,0.5,196,210
3,8,0.0625,2.0,196,210
3,8,0.0625,8.0,196,210
3,8,0.0625,32.0,196,210
3,8,0.0625,128.0,196,210
3,8,0.0625,512.0,196,210
3,8,0.0625,2048.0,196,210
3,8,0.0625,8192.0,196,210
3,8,0.0625,32768.0,196,210
3,8,0.25,0.03125,144,210
3,8,0.25,0.125,195,210
3,8,0.25,0.5,198,210
3,8,0.25,2.0,197,210
3,8,0.25,8.0,197,210
3,8,0.25,32.0,197,210
3,8,0.25,128.0,197,210
3,8,0.25,512.0,197,210
3,8,0.25,2048.0,197,210
3,8,0.25,8192.0,197,210
3,8,0.25,32768.0,197,210
3,8,1.0,0.03125,84,210
3,8,1.0,0.125,127,210
3,8,1.0,0.5,185,210
3,8,1.0,2.0,196,210
3,8,1.0,8.0,195,210
3,8,1.0,32.0,195,210
3,8,1.0,128.0,195,210
3,8,1.0,512.0,195,210
3,8,1.0,2048.0,195,210
3,8,1.0,8192.0,195,210
3,8,1.0,32768.0,195,210
3,8,4.0,0.03125,76,210
3,8,4.0,0.125,76,210
3,8,4.0,0.5,102,210
3,8,4.0,2.0,131,210
3,8,4.0,8.0,180,210
3,8,4.0,32.0,191,210
3,8,4.0,128.0,192,210
3,8,4.0,512.0,193,210
3,8,4.0,2048.0,193,210
3,8,4.0,8192.0,193,210
3,8,4.0,32768.0,193,210
3,8,16.0,0.03125,67,210
3,8,16.0,0.125,67,210
3,8,16.0,0.5,67,210
3,8,16.0,2.0,79,210
3,8,16.0,8.0,98,210
3,8,16.0,32.0,136,210
3,8,16.0,128.0,176,210
3,8,16.0,512.0,189,210
3,8,16.0,2048.0,189,210
3,8,16.0,8192.0,189,210
3,8,16.0,32768.0,189,210
3,8,64.0,0.03125,56,210
3,8,64.0,0.125,56,210
3,8,64.0,0.5,56,210
3,8,64.0,2.0,56,210
3,8,64.0,8.0,56,210
3,8,64.0,32.0,69,210
3,8,64.0,128.0,79,210
3,8,64.0,512.0,121,210
3,8,64.0,2048.0,151,210
3,8,64.0,8192.0,184,210
3,8,64.0,32768.0,182,210
3,8,256.0,0.03125,50,210
3,8,256.0,0.125,50,210
3,8,256.0,0.5,50,210
3,8,256.0,2.0,50,210
3,8,256.0,8.0,50,210
3,8,256.0,32.0,50,210
3,8,256.0,128.0,53,210
3,8,256.0,512.0,61,210
3,8,256.0,2048.0,66,210
3,8,256.0,8192.0,87,210
3,8,256.0,32768.0,115,210
3,8,1024.0,0.03125,48,210
3,8,1024.0,0.125,48,210
3,8,1024.0,0.5,48,210
3,8,1024.0,2.0,48,210
3,8,1024.0,8.0,48,210
3,8,1024.0,32.0,48,210
3,8,1024.0,128.0,48,210
3,8,1024.0,512.0,48,210
3,8,1024.0,2048.0,53,210
3,8,1024.0,8192.0,59,210
3,8,1024.0,32768.0,64,210
3,8,4096.0,0.03125,45,210
3,8,4096.0,0.125,45,210
3,8,4096.0,0.5,45,210
3,8,4096.0,2.0,45,210
3,8,4096.0,8.0,45,210
3,8,4096.0,32.0,45,210
3,8,4096.0,128.0,45,210
3,8,4096.0,512.0,45,210
3,8,4096.0,2048.0,45,210
3,8,4096.0,8192.0,45,210
3,8,4096.0,32768.0,49,210
3,8,16384.0,0.03125,42,210
3,8,16384.0,0.125,42,210
3,8,16384.0,0.5,42,210
3,8,16384.0,2.0,42,210
3,8,16384.0,8.0,42,210
3,8,16384.0,32.0,42,210
3,8,16384.0,128.0,42,210
3,8,16384.0,512.0,42,210
3,8,16384.0,2048.0,42,210
3,8,16384.0,8192.0,42,210
3,8,16384.0,32768.0,42,210
3,8,65536.0,0.03125,43,210
3,8,65536.0,0.125,43,210
3,8,65536.0,0.5,43,210
3,8,65536.0,2.0,43,210
3,8,65536.0,8.0,43,210
3,8,65536.0,32.0,43,210
3,8,65536.0,128.0,43,210
3,8,65536.0,512.0,43,210
3,8,65536.0,2048.0,43,210
3,8,65536.0,8192.0,43,210
3,8,65536.0,32768.0,43,210
3,9,0.000244140625,0.03125,100,210
3,9,0.000244140625,0.125,100,210
3,9,0.000244140625,0.5,100,210
3,9,0.000244140625,2.0,100,210
3,9,0.000244140625,8.0,100,210
3,9,0.000244140625,32.0,100,210
3,9,0.000244140625,128.0,100,210
3,9,0.000244140625,512.0,100,210
3,9,0.000244140625,2048.0,100,210
3,9,0.000244140625,8192.0,100,210
3,9,0.000244140625,32768.0,100,210
3,9,0.0009765625,0.03125,154,210
3,9,0.0009765625,0.125,154,210
3,9,0.0009765625,0.5,154,210
3,9,0.0009765625,2.0,154,210
3,9,0.0009765625,8.0,154,210
3,9,0.0009765625,32.0,154,210
3,9,0.0009765625,128.0,154,210
3,9,0.0009765625,512.0,154,210
3,9,0.0009765625,2048.0,154,210
3,9,0.0009765625,8192.0,154,210
3,9,0.0009765625,32768.0,154,210
3,9,0.00390625,0.03125,188,210
3,9,0.00390625,0.125,188,210
3,9,0.00390625,0.5,188,210
3,9,0.00390625,2.0,188,210
3,9,0.00390625,8.0,188,210
3,9,0.00390625,32.0,188,210
3,9,0.00390625,128.0,188,210
3,9,0.00390625,512.0,188,210
3,9,0.00390625,2048.0,188,210
3,9,0.00390625,8192.0,188,210
3,9,0.00390625,32768.0,188,210
3,9,0.015625,0.03125,199,210
3,9,0.015625,0.125,199,210
3,9,0.015625,0.5,199,210
3,9,0.015625,2.0,199,210
3,9,0.015625,8.0,199,210
3,9,0.015625,32.0,199,210
3,9,0.015625,128.0,199,210
3,9,0.015625,512.0,199,210
3,9,0.015625,2048.0,199,210
3,9,0.015625,8192.0,199,210
3,9,0.015625,32768.0,199,210
3,9,0.0625,0.03125,197,210
3,9,0.0625,0.125,199,210
3,9,0.0625,0.5,199,210
3,9,0.0625,2.0,199,210
3,9,0.0625,8.0,199,210
3,9,0.0625,32.0,199,210
3,9,0.0625,128.0,199,210
3,9,0.0625,512.0,199,210
3,9,0.0625,2048.0,199,210
3,9,0.0625,8192.0,199,210
3,9,0.0625,32768.0,199,210
3,9,0.25,0.03125,140,210
3,9,0.25,0.125,190,210
3,9,0.25,0.5,202,210
3,9,0.25,2.0,201,210
3,9,0.25,8.0,201,210
3,9,0.25,32.0,201,210
3,9,0.25,128.0,201,210
3,9,0.25,512.0,201,210
3,9,0.25,2048.0,201,210
3,9,0.25,8192.0,201,210
3,9,0.25,32768.0,201,210
3,9,1.0,0.03125,80,210
3,9,1.0,0.125,120,210
3,9,1.0,0.5,178,210
3,9,1.0,2.0,186,210
3,9,1.0,8.0,193,210
3,9,1.0,32.0,194,210
3,9,1.0,128.0,194,210
3,9,1.0,512.0,194,210
3,9,1.0,2048.0,194,210
3,9,1.0,8192.0,194,210
3,9,1.0,32768.0,194,210
3,9,4.0,0.03125,78,210
3,9,4.0,0.125,78,210
3,9,4.0,0.5,97,210
3,9,4.0,2.0,129,210
3,9,4.0,8.0,174,210
3,9,4.0,32.0,188,210
3,9,4.0,128.0,186,210
3,9,4.0,512.0,186,210
3,9,4.0,2048.0,186,210
3,9,4.0,8192.0,186,210
3,9,4.0,32768.0,186,210
3,9,16.0,0.03125,74,210
3,9,16.0,0.125,74,210
3,9,16.0,0.5,74,210
3,9,16.0,2.0,85,210
3,9,16.0,8.0,102,210
3,9,16.0,32.0,124,210
3,9,16.0,128.0,170,210
3,9,16.0,512.0,182,210
3,9,16.0,2048.0,175,210
3,9,16.0,8192.0,176,210
3,9,16.0,32768.0,176,210
3,9,64.0,0.03125,60,210
3,9,64.0,0.125,60,210
3,9,64.0,0.5,60,210
3,9,64.0,2.0,60,210
3,9,64.0,8.0,60,210
3,9,64.0,32.0,72,210
3,9,64.0,128.0,87,210
3,9,64.0,512.0,114,210
3,9,64.0,2048.0,152,210
3,9,64.0,8192.0,171,210
3,9,64.0,32768.0,176,210
3,9,256.0,0.03125,49,210
3,9,256.0,0.125,49,210
3,9,256.0,0.5,49,210
3,9,256.0,2.0,49,210
3,9,256.0,8.0,49,210
3,9,256.0,32.0,49,210
3,9,256.0,128.0,52,210
3,9,256.0,512.0,61,210
3,9,256.0,2048.0,73,210
3,9,256.0,8192.0,85,210
3,9,256.0,32768.0,113,210
3,9,1024.0,0.03125,43,210
3,9,1024.0,0.125,43,210
3,9,1024.0,0.5,43,210
3,9,1024.0,2.0,43,210
3,9,1024.0,8.0,43,210
3,9,1024.0,32.0,43,210
3,9,1024.0,128.0,43,210
3,9,1024.0,512.0,43,210
3,9,1024.0,2048.0,46,210
3,9,1024.0,8192.0,55,210
3,9,1024.0,32768.0,62,210
3,9,4096.0,0.03125,40,210
3,9,4096.0,0.125,40,210
3,9,4096.0,0.5,40,210
3,9,4096.0,2.0,40,210
3,9,4096.0,8.0,40,210
3,9,4096.0,32.0,40,210
3,9,4096.0,128.0,40,210
3,9,4096.0,512.0,40,210
3,9,4096.0,2048.0,40,210
3,9,4096.0,8192.0,40,210
3,9,4096.0,32768.0,44,210
3,9,16384.0,0.03125,37,210
3,9,16384.0,0.125,37,210
3,9,16384.0,0.5,37,210
3,9,16384.0,2.0,37,210
3,9,16384.0,8.0,37,210
3,9,16384.0,32.0,37,210
3,9,16384.0,128.0,37,210
3,9,16384.0,512.0,37,210
3,9,16384.0,2048.0,37,210
3,9,16384.0,8192.0,37,210
3,9,16384.0,32768.0,37,210
3,9,65536.0,0.03125,36,210
3,9,65536.0,0.125,36,210
3,9,65536.0,0.5,36,210
3,9,65536.0,2.0,36,210
3,9,65536.0,8.0,36,210
3,9,65536.0,32.0,36,210
3,9,65536.0,128.0,36,210
3,9,65536.0,512.0,36,210
3,9,65536.0,2048.0,36,210
3,9,65536.0,8192.0,36,210
3,9,65536.0,32768.0,36,210
3,10,0.000244140625,0.03125,109,210
3,10,0.000244140625,0.125,109,210
3,10,0.000244140625,0.5,109,210
3,10,0.000244140625,2.0,109,210
3,10,0.000244140625,8.0,109,210
3,10,0.000244140625,32.0,109,210
3,10,0.000244140625,128.0,109,210
3,10,0.000244140625,512.0,109,210
3,10,0.000244140625,2048.0,109,210
3,10,0.000244140625,8192.0,109,210
3,10,0.000244140625,32768.0,109,210
3,10,0.0009765625,0.03125,152,210
3,10,0.0009765625,0.125,152,210
3,10,0.0009765625,0.5,152,210
3,10,0.0009765625,2.0,152,210
3,10,0.0009765625,8.0,152,210
3,10,0.0009765625,32.0,152,210
3,10,0.0009765625,128.0,152,210
3,10,0.0009765625,512.0,152,210
3,10,0.0009765625,2048.0,152,210
3,10,0.0009765625,8192.0,152,210
3,10,0.0009765625,32768.0,152,210
3,10,0.00390625,0.03125,184,210
3,10,0.00390625,0.125,184,210
3,10,0.00390625,0.5,184,210
3,10,0.00390625,2.0,184,210
3,10,0.00390625,8.0,184,210
3,10,0.00390625,32.0,184,210
3,10,0.00390625,128.0,184,210
3,10,0.00390625,512.0,184,210
3,10,0.00390625,2048.0,184,210
3,10,0.00390625,8192.0,184,210
3,10,0.00390625,32768.0,184,210
3,10,0.015625,0.03125,200,210
3,10,0.015625,0.125,200,210
3,10,0.015625,0.5,200,210
3,10,0.015625,2.0,200,210
3,10,0.015625,8.0,200,210
3,10,0.015625,32.0,200,210
3,10,0.015625,128.0,200,210
3,10,0.015625,512.0,200,210
3,10,0.015625,2048.0,200,210
3,10,0.015625,8192.0,200,210
3,10,0.015625,32768.0,200,210
3,10,0.0625,0.03125,201,210
3,10,0.0625,0.125,204,210
3,10,0.0625,0.5,204,210
3,10,0.0625,2.0,204,210
3,10,0.0625,8.0,204,210
3,10,0.0625,32.0,204,210
3,10,0.0625,128.0,204,210
3,10,0.0625,512.0,204,210
3,10,0.0625,2048.0,204,210
3,10,0.0625,8192.0,204,210
3,10,0.0625,32768.0,204,210
3,10,0.25,0.03125,134,210
3,10,0.25,0.125,194,210
3,10,0.25,0.5,202,210
3,10,0.25,2.0,202,210
3,10,0.25,8.0,202,210
3,10,0.25,32.0,202,210
3,10,0.25,128.0,202,210
3,10,0.25,512.0,202,210
3,10,0.25,2048.0,202,210
3,10,0.25,8192.0,202,210
3,10,0.25,32768.0,202,210
3,10,1.0,0.03125,84,210
3,10,1.0,0.125,116,210
3,10,1.0,0.5,171,210
3,10,1.0,2.0,190,210
3,10,1.0,8.0,196,210
3,10,1.0,32.0,196,210
3,10,1.0,128.0,196,210
3,10,1.0,512.0,196,210
3,10,1.0,2048.0,196,210
3,10,1.0,8192.0,196,210
3,10,1.0,32768.0,196,210
3,10,4.0,0.03125,72,210
3,10,4.0,0.125,72,210
3,10,4.0,0.5,93,210
3,10,4.0,2.0,124,210
3,10,4.0,8.0,178,210
3,10,4.0,32.0,184,210
3,10,4.0,128.0,185,210
3,10,4.0,512.0,186,210
3,10,4.0,2048.0,186,210
3,10,4.0,8192.0,186,210
3,10,4.0,32768.0,186,210
3,10,16.0,0.03125,68,210
3,10,16.0,0.125,68,210
3,10,16.0,0.5,68,210
3,10,16.0,2.0,76,210
3,10,16.0,8.0,92,210
3,10,16.0,32.0,123,210
3,10,16.0,128.0,173,210
3,10,16.0,512.0,181,210
3,10,16.0,2048.0,179,210
3,10,16.0,8192.0,179,210
3,10,16.0,32768.0,179,210
3,10,64.0,0.03125,61,210
3,10,64.0,0.125,61,210
3,10,64.0,0.5,61,210
3,10,64.0,2.0,61,210
3,10,64.0,8.0,61,210
3,10,64.0,32.0,72,210
3,10,64.0,128.0,88,210
3,10,64.0,512.0,114,210
3,10,64.0,2048.0,148,210
3,10,64.0,8192.0,177,210
3,10,64.0,32768.0,175,210
3,10,256.0,0.03125,51,210
3,10,256.0,0.125,51,210
3,10,256.0,0.5,51,210
3,10,256.0,2.0,51,210
3,10,256.0,8.0,51,210
3,10,256.0,32.0,51,210
3,10,256.0,128.0,51,210
3,10,256.0,512.0,61,210
3,10,256.0,2048.0,73,210
3,10,256.0,8192.0,90,210
3,10,256.0,32768.0,103,210
3,10,1024.0,0.03125,49,210
3,10,1024.0,0.125,49,210
3,10,1024.0,0.5,49,210
3,10,1024.0,2.0,49,210
3,10,1024.0,8.0,49,210
3,10,1024.0,32.0,49,210
3,10,1024.0,128.0,49,210
3,10,1024.0,512.0,49,210
3,10,1024.0,2048.0,50,210
3,10,1024.0,8192.0,59,210
3,10,1024.0,32768.0,69,210
3,10,4096.0,0.03125,42,210
3,10,4096.0,0.125,42,210
3,10,4096.0,0.5,42,210
3,10,4096.0,2.0,42,210
3,10,4096.0,8.0,42,210
3,10,4096.0,32.0,42,210
3,10,4096.0,128.0,42,210
3,10,4096.0,512.0,42,210
3,10,4096.0,2048.0,42,210
3,10,4096.0,8192.0,42,210
3,10,4096.0,32768.0,43,210
3,10,16384.0,0.03125,35,210
3,10,16384.0,0.125,35,210
3,10,16384.0,0.5,35,210
3,10,16384.0,2.0,35,210
3,10,16384.0,8.0,35,210
3,10,16384.0,32.0,35,210
3,10,16384.0,128.0,35,210
3,10,16384.0,512.0,35,210
3,10,16384.0,2048.0,35,210
3,10,16384.0,8192.0,35,210
3,10,16384.0,32768.0,35,210
3,10,65536.0,0.03125,32,210
3,10,65536.0,0.125,32,210
3,10,65536.0,0.5,32,210
3,10,65536.0,2.0,32,210
3,10,65536.0,8.0,32,210
3,10,65536.0,32.0,32,210
3,10,65536.0,128.0,32,210
3,10,65536.0,512.0,32,210
3,10,65536.0,2048.0,32,210
3,10,65536.0,8192.0,32,210
3,10,65536.0,32768.0,32,210
4,1,0.000244140625,0.03125,126,210
4,1,0.000244140625,0.125,126,210
4,1,0.000244140625,0.5,126,210
4,1,0.000244140625,2.0,126,210
4,1,0.000244140625,8.0,126,210
4,1,0.000244140625,32.0,126,210
4,1,0.000244140625,128.0,126,210
4,1,0.000244140625,512.0,126,210
4,1,0.000244140625,2048.0,126,210
4,1,0.000244140625,8192.0,126,210
4,1,0.000244140625,32768.0,126,210
4,1,0.0009765625,0.03125,177,210
4,1,0.0009765625,0.125,177,210
4,1,0.0009765625,0.5,177,210
4,1,0.0009765625,2.0,177,210
4,1,0.0009765625,8.0,177,210
4,1,0.0009765625,32.0,177,210
4,1,0.0009765625,128.0,177,210
4,1,0.0009765625,512.0,177,210
4,1,0.0009765625,2048.0,177,210
4,1,0.0009765625,8192.0,177,210
4,1,0.0009765625,32768.0,177,210
4,1,0.00390625,0.03125,189,210
4,1,0.00390625,0.125,189,210
4,1,0.00390625,0.5,189,210
4,1,0.00390625,2.0,189,210
4,1,0.00390625,8.0,189,210
4,1,0.00390625,32.0,189,210
4,1,0.00390625,128.0,189,210
4,1,0.00390625,512.0,189,210
4,1,0.00390625,2048.0,189,210
4,1,0.00390625,8192.0,189,210
4,1,0.00390625,32768.0,189,210
4,1,0.015625,0.03125,189,210
4,1,0.015625,0.125,189,210
4,1,0.015625,0.5,189,210
4,1,0.015625,2.0,189,210
4,1,0.015625,8.0,189,210
4,1,0.015625,32.0,189,210
4,1,0.015625,128.0,189,210
4,1,0.015625,512.0,189,210
4,1,0.015625,2048.0,189,210
4,1,0.015625,8192.0,189,210
4,1,0.015625,32768.0,189,210
4,1,0.0625,0.03125,188,210
4,1,0.0625,0.125,189,210
4,1,0.0625,0.5,188,210
4,1,0.0625,2.0,188,210
4,1,0.0625,8.0,188,210
4,1,0.0625,32.0,188,210
4,1,0.0625,128.0,188,210
4,1,0.0625,512.0,188,210
4,1,0.0625,2048.0,188,210
4,1,0.0625,8192.0,188,210
4,1,0.0625,32768.0,188,210
4,1,0.25,0.03125,148,210
4,1,0.25,0.125,188,210
4,1,0.25,0.5,187,210
4,1,0.25,2.0,190,210
4,1,0.25,8.0,190,210
4,1,0.25,32.0,190,210
4,1,0.25,128.0,190,210
4,1,0.25,512.0,190,210
4,1,0.25,2048.0,190,210
4,1,0.25,8192.0,190,210
4,1,0.25,32768.0,190,210
4,1,1.0,0.03125,76,210
4,1,1.0,0.125,113,210
4,1,1.0,0.5,165,210
4,1,1.0,2.0,187,210
4,1,1.0,8.0,192,210
4,1,1.0,32.0,187,210
4,1,1.0,128.0,188,210
4,1,1.0,512.0,188,210
4,1,1.0,2048.0,188,210
4,1,1.0,8192.0,188,210
4,1,1.0,32768.0,188,210
4,1,4.0,0.03125,64,210
4,1,4.0,0.125,64,210
4,1,4.0,0.5,77,210
4,1,4.0,2.0,115,210
4,1,4.0,8.0,149,210
4,1,4.0,32.0,189,210
4,1,4.0,128.0,192,210
4,1,4.0,512.0,189,210
4,1,4.0,2048.0,188,210
4,1,4.0,8192.0,188,210
4,1,4.0,32768.0,188,210
4,1,16.0,0.03125,63,210
4,1,16.0,0.125,63,210
4,1,16.0,0.5,63,210
4,1,16.0,2.0,63,210
4,1,16.0,8.0,82,210
4,1,16.0,32.0,108,210
4,1,16.0,128.0,130,210
4,1,16.0,512.0,177,210
4,1,16.0,2048.0,185,210
4,1,16.0,8192.0,186,210
4,1,16.0,32768.0,189,210
4,1,64.0,0.03125,56,210
4,1,64.0,0.125,56,210
4,1,64.0,0.5,56,210
4,1,64.0,2.0,56,210
4,1,64.0,8.0,56,210
4,1,64.0,32.0,58,210
4,1,64.0,128.0,79,210
4,1,64.0,512.0,98,210
4,1,64.0,2048.0,125,210
4,1,64.0,8192.0,144,210
4,1,64.0,32768.0,170,210
4,1,256.0,0.03125,51,210
4,1,256.0,0.125,51,210
4,1,256.0,0.5,51,210
4,1,256.0,2.0,51,210
4,1,256.0,8.0,51,210
4,1,256.0,32.0,51,210
4,1,256.0,128.0,51,210
4,1,256.0,512.0,53,210
4,1,256.0,2048.0,76,210
4,1,256.0,8192.0,94,210
4,1,256.0,32768.0,108,210
4,1,1024.0,0.03125,56,210
4,1,1024.0,0.125,56,210
4,1,1024.0,0.5,56,210
4,1,1024.0,2.0,56,210
4,1,1024.0,8.0,56,210
4,1,1024.0,32.0,56,210
4,1,1024.0,128.0,56,210
4,1,1024.0,512.0,56,210
4,1,1024.0,2048.0,56,210
4,1,1024.0,8192.0,56,210
4,1,1024.0,32768.0,78,210
4,1,4096.0,0.03125,52,210
4,1,4096.0,0.125,52,210
4,1,4096.0,0.5,52,210
4,1,4096.0,2.0,52,210
4,1,4096.0,8.0,52,210
4,1,4096.0,32.0,52,210
4,1,4096.0,128.0,52,210
4,1,4096.0,512.0,52,210
4,1,4096.0,2048.0,52,210
4,1,4096.0,8192.0,52,210
4,1,4096.0,32768.0,52,210
4,1,16384.0,0.03125,49,210
4,1,16384.0,0.125,49,210
4,1,16384.0,0.5,49,210
4,1,16384.0,2.0,49,210
4,1,16384.0,8.0,49,210
4,1,16384.0,32.0,49,210
4,1,16384.0,128.0,49,210
4,1,16384.0,512.0,49,210
4,1,16384.0,2048.0,49,210
4,1,16384.0,8192.0,49,210
4,1,16384.0,32768.0,49,210
4,1,65536.0,0.03125,49,210
4,1,65536.0,0.125,49,210
4,1,65536.0,0.5,49,210
4,1,65536.0,2.0,49,210
4,1,65536.0,8.0,49,210
4,1,65536.0,32.0,49,210
4,1,65536.0,128.0,49,210
4,1,65536.0,512.0,49,210
4,1,65536.0,2048.0,49,210
4,1,65536.0,8192.0,49,210
4,1,65536.0,32768.0,49,210
4,2,0.000244140625,0.03125,126,210
4,2,0.000244140625,0.125,126,210
4,2,0.000244140625,0.5,126,210
4,2,0.000244140625,2.0,126,210
4,2,0.000244140625,8.0,126,210
4,2,0.000244140625,32.0,126,210
4,2,0.000244140625,128.0,126,210
4,2,0.000244140625,512.0,126,210
4,2,0.000244140625,2048.0,126,210
4,2,0.000244140625,8192.0,126,210
4,2,0.000244140625,32768.0,126,210
4,2,0.0009765625,0.03125,168,210
4,2,0.0009765625,0.125,168,210
4,2,0.0009765625,0.5,168,210
4,2,0.0009765625,2.0,168,210
4,2,0.0009765625,8.0,168,210
4,2,0.0009765625,32.0,168,210
4,2,0.0009765625,128.0,168,210
4,2,0.0009765625,512.0,168,210
4,2,0.0009765625,2048.0,168,210
4,2,0.0009765625,8192.0,168,210
4,2,0.0009765625,32768.0,168,210
4,2,0.00390625,0.03125,186,210
4,2,0.00390625,0.125,186,210
4,2,0.00390625,0.5,186,210
4,2,0.00390625,2.0,186,210
4,2,0.00390625,8.0,186,210
4,2,0.00390625,32.0,186,210
4,2,0.00390625,128.0,186,210
4,2,0.00390625,512.0,186,210
4,2,0.00390625,2048.0,186,210
4,2,0.00390625,8192.0,186,210
4,2,0.00390625,32768.0,186,210
4,2,0.015625,0.03125,189,210
4,2,0.015625,0.125,189,210
4,2,0.015625,0.5,189,210
4,2,0.015625,2.0,189,210
4,2,0.015625,8.0,189,210
4,2,0.015625,32.0,189,210
4,2,0.015625,128.0,189,210
4,2,0.015625,512.0,189,210
4,2,0.015625,2048.0,189,210
4,2,0.015625,8192.0,189,210
4,2,0.015625,32768.0,189,210
4,2,0.0625,0.03125,187,210
4,2,0.0625,0.125,190,210
4,2,0.0625,0.5,191,210
4,2,0.0625,2.0,191,210
4,2,0.0625,8.0,191,210
4,2,0.0625,32.0,191,210
4,2,0.0625,128.0,191,210
4,2,0.0625,512.0,191,210
4,2,0.0625,2048.0,191,210
4,2,0.0625,8192.0,191,210
4,2,0.0625,32768.0,191,210
4,2,0.25,0.03125,150,210
4,2,0.25,0.125,186,210
4,2,0.25,0.5,187,210
4,2,0.25,2.0,188,210
4,2,0.25,8.0,188,210
4,2,0.25,32.0,188,210
4,2,0.25,128.0,188,210
4,2,0.25,512.0,188,210
4,2,0.25,2048.0,188,210
4,2,0.25,8192.0,188,210
4,2,0.25,32768.0,188,210
4,2,1.0,0.03125,83,210
4,2,1.0,0.125,125,210
4,2,1.0,0.5,169,210
4,2,1.0,2.0,193,210
4,2,1.0,8.0,193,210
4,2,1.0,32.0,189,210
4,2,1.0,128.0,190,210
4,2,1.0,512.0,190,210
4,2,1.0,2048.0,190,210
4,2,1.0,8192.0,190,210
4,2,1.0,32768.0,190,210
4,2,4.0,0.03125,73,210
4,2,4.0,0.125,73,210
4,2,4.0,0.5,86,210
4,2,4.0,2.0,121,210
4,2,4.0,8.0,154,210
4,2,4.0,32.0,188,210
4,2,4.0,128.0,189,210
4,2,4.0,512.0,192,210
4,2,4.0,2048.0,192,210
4,2,4.0,8192.0,192,210
4,2,4.0,32768.0,192,210
4,2,16.0,0.03125,65,210
4,2,16.0,0.125,65,210
4,2,16.0,0.5,65,210
4,2,16.0,2.0,65,210
4,2,16.0,8.0,83,210
4,2,16.0,32.0,108,210
4,2,16.0,128.0,128,210
4,2,16.0,512.0,174,210
4,2,16.0,2048.0,187,210
4,2,16.0,8192.0,185,210
4,2,16.0,32768.0,186,210
4,2,64.0,0.03125,55,210
4,2,64.0,0.125,55,210
4,2,64.0,0.5,55,210
4,2,64.0,2.0,55,210
4,2,64.0,8.0,55,210
4,2,64.0,32.0,57,210
4,2,64.0,128.0,75,210
4,2,64.0,512.0,94,210
4,2,64.0,2048.0,119,210
4,2,64.0,8192.0,147,210
4,2,64.0,32768.0,169,210
4,2,256.0,0.03125,57,210
4,2,256.0,0.125,57,210
4,2,256.0,0.5,57,210
4,2,256.0,2.0,57,210
4,2,256.0,8.0,57,210
4,2,256.0,32.0,57,210
4,2,256.0,128.0,57,210
4,2,256.0,512.0,59,210
4,2,256.0,2048.0,76,210
4,2,256.0,8192.0,96,210
4,2,256.0,32768.0,108,210
4,2,1024.0,0.03125,49,210
4,2,1024.0,0.125,49,210
4,2,1024.0,0.5,49,210
4,2,1024.0,2.0,49,210
4,2,1024.0,8.0,49,210
4,2,1024.0,32.0,49,210
4,2,1024.0,128.0,49,210
4,2,1024.0,512.0,49,210
4,2,1024.0,2048.0,49,210
4,2,1024.0,8192.0,49,210
4,2,1024.0,32768.0,67,210
4,2,4096.0,0.03125,46,210
4,2,4096.0,0.125,46,210
4,2,4096.0,0.5,46,210
4,2,4096.0,2.0,46,210
4,2,4096.0,8.0,46,210
4,2,4096.0,32.0,46,210
4,2,4096.0,128.0,46,210
4,2,4096.0,512.0,46,210
4,2,4096.0,2048.0,46,210
4,2,4096.0,8192.0,46,210
4,2,4096.0,32768.0,46,210
4,2,16384.0,0.03125,45,210
4,2,16384.0,0.125,45,210
4,2,16384.0,0.5,45,210
4,2,16384.0,2.0,45,210
4,2,16384.0,8.0,45,210
4,2,16384.0,32.0,45,210
4,2,16384.0,128.0,45,210
4,2,16384.0,512.0,45,210
4,2,16384.0,2048.0,45,210
4,2,16384.0,8192.0,45,210
4,2,16384.0,32768.0,45,210
4,2,65536.0,0.03125,44,210
4,2,65536.0,0.125,44,210
4,2,65536.0,0.5,44,210
4,2,65536.0,2.0,44,210
4,2,65536.0,8.0,44,210
4,2,65536.0,32.0,44,210
4,2,65536.0,128.0,44,210
4,2,65536.0,512.0,44,210
4,2,65536.0,2048.0,44,210
4,2,65536.0,8192.0,44,210
4,2,65536.0,32768.0,44,210
4,3,0.000244140625,0.03125,137,210
4,3,0.000244140625,0.125,137,210
4,3,0.000244140625,0.5,137,210
4,3,0.000244140625,2.0,137,210
4,3,0.000244140625,8.0,137,210
4,3,0.000244140625,32.0,137,210
4,3,0.000244140625,128.0,137,210
4,3,0.000244140625,512.0,137,210
4,3,0.000244140625,2048.0,137,210
4,3,0.000244140625,8192.0,137,210
4,3,0.000244140625,32768.0,137,210
4,3,0.0009765625,0.03125,175,210
4,3,0.0009765625,0.125,175,210
4,3,0.0009765625,0.5,175,210
4,3,0.0009765625,2.0,175,210
4,3,0.0009765625,8.0,175,210
4,3,0.0009765625,32.0,175,210
4,3,0.0009765625,128.0,175,210
4,3,0.0009765625,512.0,175,210
4,3,0.0009765625,2048.0,175,210
4,3,0.0009765625,8192.0,175,210
4,3,0.0009765625,32768.0,175,210
4,3,0.00390625,0.03125,180,210
4,3,0.00390625,0.125,180,210
4,3,0.00390625,0.5,180,210
4,3,0.00390625,2.0,180,210
4,3,0.00390625,8.0,180,210
4,3,0.00390625,32.0,180,210
4,3,0.00390625,128.0,180,210
4,3,0.00390625,512.0,180,210
4,3,0.00390625,2048.0,180,210
4,3,0.00390625,8192.0,180,210
4,3,0.00390625,32768.0,180,210
4,3,0.015625,0.03125,184,210
4,3,0.015625,0.125,184,210
4,3,0.015625,0.5,184,210
4,3,0.015625,2.0,184,210
4,3,0.015625,8.0,184,210
4,3,0.015625,32.0,184,210
4,3,0.015625,128.0,184,210
4,3,0.015625,512.0,184,210
4,3,0.015625,2048.0,184,210
4,3,0.015625,8192.0,184,210
4,3,0.015625,32768.0,184,210
4,3,0.0625,0.03125,185,210
4,3,0.0625,0.125,190,210
4,3,0.0625,0.5,191,210
4,3,0.0625,2.0,191,210
4,3,0.0625,8.0,191,210
4,3,0.0625,32.0,191,210
4,3,0.0625,128.0,191,210
4,3,0.0625,512.0,191,210
4,3,0.0625,2048.0,191,210
4,3,0.0625,8192.0,191,210
4,3,0.0625,32768.0,191,210
4,3,0.25,0.03125,147,210
4,3,0.25,0.125,186,210
4,3,0.25,0.5,187,210
4,3,0.25,2.0,191,210
4,3,0.25,8.0,191,210
4,3,0.25,32.0,191,210
4,3,0.25,128.0,191,210
4,3,0.25,512.0,191,210
4,3,0.25,2048.0,191,210
4,3,0.25,8192.0,191,210
4,3,0.25,32768.0,191,210
4,3,1.0,0.03125,81,210
4,3,1.0,0.125,114,210
4,3,1.0,0.5,162,210
4,3,1.0,2.0,188,210
4,3,1.0,8.0,191,210
4,3,1.0,32.0,192,210
4,3,1.0,128.0,192,210
4,3,1.0,512.0,192,210
4,3,1.0,2048.0,192,210
4,3,1.0,8192.0,192,210
4,3,1.0,32768.0,192,210
4,3,4.0,0.03125,73,210
4,3,4.0,0.125,73,210
4,3,4.0,0.5,88,210
4,3,4.0,2.0,116,210
4,3,4.0,8.0,146,210
4,3,4.0,32.0,185,210
4,3,4.0,128.0,188,210
4,3,4.0,512.0,189,210
4,3,4.0,2048.0,189,210
4,3,4.0,8192.0,189,210
4,3,4.0,32768.0,189,210
4,3,16.0,0.03125,66,210
4,3,16.0,0.125,66,210
4,3,16.0,0.5,66,210
4,3,16.0,2.0,76,210
4,3,16.0,8.0,84,210
4,3,16.0,32.0,104,210
4,3,16.0,128.0,127,210
4,3,16.0,512.0,172,210
4,3,16.0,2048.0,180,210
4,3,16.0,8192.0,182,210
4,3,16.0,32768.0,182,210
4,3,64.0,0.03125,60,210
4,3,64.0,0.125,60,210
4,3,64.0,0.5,60,210
4,3,64.0,2.0,60,210
4,3,64.0,8.0,66,210
4,3,64.0,32.0,70,210
4,3,64.0,128.0,81,210
4,3,64.0,512.0,96,210
4,3,64.0,2048.0,121,210
4,3,64.0,8192.0,141,210
4,3,64.0,32768.0,163,210
4,3,256.0,0.03125,57,210
4,3,256.0,0.125,57,210
4,3,256.0,0.5,57,210
4,3,256.0,2.0,57,210
4,3,256.0,8.0,57,210
4,3,256.0,32.0,57,210
4,3,256.0,128.0,61,210
4,3,256.0,512.0,67,210
4,3,256.0,2048.0,78,210
4,3,256.0,8192.0,92,210
4,3,256.0,32768.0,103,210
4,3,1024.0,0.03125,53,210
4,3,1024.0,0.125,53,210
4,3,1024.0,0.5,53,210
4,3,1024.0,2.0,53,210
4,3,1024.0,8.0,53,210
4,3,1024.0,32.0,53,210
4,3,1024.0,128.0,53,210
4,3,1024.0,512.0,53,210
4,3,1024.0,2048.0,54,210
4,3,1024.0,8192.0,61,210
4,3,1024.0,32768.0,72,210
4,3,4096.0,0.03125,46,210
4,3,4096.0,0.125,46,210
4,3,4096.0,0.5,46,210
4,3,4096.0,2.0,46,210
4,3,4096.0,8.0,46,210
4,3,4096.0,32.0,46,210
4,3,4096.0,128.0,46,210
4,3,4096.0,512.0,46,210
4,3,4096.0,2048.0,46,210
4,3,4096.0,8192.0,46,210
4,3,4096.0,32768.0,48,210
4,3,16384.0,0.03125,46,210
4,3,16384.0,0.125,46,210
4,3,16384.0,0.5,46,210
4,3,16384.0,2.0,46,210
4,3,16384.0,8.0,46,210
4,3,16384.0,32.0,46,210
4,3,16384.0,128.0,46,210
4,3,16384.0,512.0,46,210
4,3,16384.0,2048.0,46,210
4,3,16384.0,8192.0,46,210
4,3,16384.0,32768.0,46,210
4,3,65536.0,0.03125,46,210
4,3,65536.0,0.125,46,210
4,3,65536.0,0.5,46,210
4,3,65536.0,2.0,46,210
4,3,65536.0,8.0,46,210
4,3,65536.0,32.0,46,210
4,3,65536.0,128.0,46,210
4,3,65536.0,512.0,46,210
4,3,65536.0,2048.0,46,210
4,3,65536.0,8192.0,46,210
4,3,65536.0,32768.0,46,210
4,4,0.000244140625,0.03125,134,210
4,4,0.000244140625,0.125,134,210
4,4,0.000244140625,0.5,134,210
4,4,0.000244140625,2.0,134,210
4,4,0.000244140625,8.0,134,210
4,4,0.000244140625,32.0,134,210
4,4,0.000244140625,128.0,134,210
4,4,0.000244140625,512.0,134,210
4,4,0.000244140625,2048.0,134,210
4,4,0.000244140625,8192.0,134,210
4,4,0.000244140625,32768.0,134,210
4,4,0.0009765625,0.03125,176,210
4,4,0.0009765625,0.125,176,210
4,4,0.0009765625,0.5,176,210
4,4,0.0009765625,2.0,176,210
4,4,0.0009765625,8.0,176,210
4,4,0.0009765625,32.0,176,210
4,4,0.0009765625,128.0,176,210
4,4,0.0009765625,512.0,176,210
4,4,0.0009765625,2048.0,176,210
4,4,0.0009765625,8192.0,176,210
4,4,0.0009765625,32768.0,176,210
4,4,0.00390625,0.03125,185,210
4,4,0.00390625,0.125,185,210
4,4,0.00390625,0.5,185,210
4,4,0.00390625,2.0,185,210
4,4,0.00390625,8.0,185,210
4,4,0.00390625,32.0,185,210
4,4,0.00390625,128.0,185,210
4,4,0.00390625,512.0,185,210
4,4,0.00390625,2048.0,185,210
4,4,0.00390625,8192.0,185,210
4,4,0.00390625,32768.0,185,210
4,4,0.015625,0.03125,186,210
4,4,0.015625,0.125,186,210
4,4,0.015625,0.5,186,210
4,4,0.015625,2.0,186,210
4,4,0.015625,8.0,186,210
4,4,0.015625,32.0,186,210
4,4,0.015625,128.0,186,210
4,4,0.015625,512.0,186,210
4,4,0.015625,2048.0,186,210
4,4,0.015625,8192.0,186,210
4,4,0.015625,32768.0,186,210
4,4,0.0625,0.03125,184,210
4,4,0.0625,0.125,186,210
4,4,0.0625,0.5,186,210
4,4,0.0625,2.0,186,210
4,4,0.0625,8.0,186,210
4,4,0.0625,32.0,186,210
4,4,0.0625,128.0,186,210
4,4,0.0625,512.0,186,210
4,4,0.0625,2048.0,186,210
4,4,0.0625,8192.0,186,210
4,4,0.0625,32768.0,186,210
4,4,0.25,0.03125,142,210
4,4,0.25,0.125,183,210
4,4,0.25,0.5,185,210
4,4,0.25,2.0,190,210
4,4,0.25,8.0,190,210
4,4,0.25,32.0,190,210
4,4,0.25,128.0,190,210
4,4,0.25,512.0,190,210
4,4,0.25,2048.0,190,210
4,4,0.25,8192.0,190,210
4,4,0.25,32768.0,190,210
4,4,1.0,0.03125,82,210
4,4,1.0,0.125,122,210
4,4,1.0,0.5,157,210
4,4,1.0,2.0,188,210
4,4,1.0,8.0,186,210
4,4,1.0,32.0,182,210
4,4,1.0,128.0,181,210
4,4,1.0,512.0,181,210
4,4,1.0,2048.0,181,210
4,4,1.0,8192.0,181,210
4,4,1.0,32768.0,181,210
4,4,4.0,0.03125,74,210
4,4,4.0,0.125,74,210
4,4,4.0,0.5,95,210
4,4,4.0,2.0,121,210
4,4,4.0,8.0,143,210
4,4,4.0,32.0,184,210
4,4,4.0,128.0,184,210
4,4,4.0,512.0,185,210
4,4,4.0,2048.0,185,210
4,4,4.0,8192.0,185,210
4,4,4.0,32768.0,185,210
4,4,16.0,0.03125,68,210
4,4,16.0,0.125,68,210
4,4,16.0,0.5,68,210
4,4,16.0,2.0,71,210
4,4,16.0,8.0,92,210
4,4,16.0,32.0,111,210
4,4,16.0,128.0,121,210
4,4,16.0,512.0,173,210
4,4,16.0,2048.0,179,210
4,4,16.0,8192.0,179,210
4,4,16.0,32768.0,179,210
4,4,64.0,0.03125,61,210
4,4,64.0,0.125,61,210
4,4,64.0,0.5,61,210
4,4,64.0,2.0,61,210
4,4,64.0,8.0,61,210
4,4,64.0,32.0,68,210
4,4,64.0,128.0,85,210
4,4,64.0,512.0,100,210
4,4,64.0,2048.0,110,210
4,4,64.0,8192.0,143,210
4,4,64.0,32768.0,168,210
4,4,256.0,0.03125,57,210
4,4,256.0,0.125,57,210
4,4,256.0,0.5,57,210
4,4,256.0,2.0,57,210
4,4,256.0,8.0,57,210
4,4,256.0,32.0,57,210
4,4,256.0,128.0,57,210
4,4,256.0,512.0,63,210
4,4,256.0,2048.0,79,210
4,4,256.0,8192.0,91,210
4,4,256.0,32768.0,101,210
4,4,1024.0,0.03125,50,210
4,4,1024.0,0.125,50,210
4,4,1024.0,0.5,50,210
4,4,1024.0,2.0,50,210
4,4,1024.0,8.0,50,210
4,4,1024.0,32.0,50,210
4,4,1024.0,128.0,50,210
4,4,1024.0,512.0,50,210
4,4,1024.0,2048.0,50,210
4,4,1024.0,8192.0,52,210
4,4,1024.0,32768.0,70,210
4,4,4096.0,0.03125,45,210
4,4,4096.0,0.125,45,210
4,4,4096.0,0.5,45,210
4,4,4096.0,2.0,45,210
4,4,4096.0,8.0,45,210
4,4,4096.0,32.0,45,210
4,4,4096.0,128.0,45,210
4,4,4096.0,512.0,45,210
4,4,4096.0,2048.0,45,210
4,4,4096.0,8192.0,45,210
4,4,4096.0,32768.0,45,210
4,4,16384.0,0.03125,43,210
4,4,16384.0,0.125,43,210
4,4,16384.0,0.5,43,210
4,4,16384.0,2.0,43,210
4,4,16384.0,8.0,43,210
4,4,16384.0,32.0,43,210
4,4,16384.0,128.0,43,210
4,4,16384.0,512.0,43,210
4,4,16384.0,2048.0,43,210
4,4,16384.0,8192.0,43,210
4,4,16384.0,32768.0,43,210
4,4,65536.0,0.03125,42,210
4,4,65536.0,0.125,42,210
4,4,65536.0,0.5,42,210
4,4,65536.0,2.0,42,210
4,4,65536.0,8.0,42,210
4,4,65536.0,32.0,42,210
4,4,65536.0,128.0,42,210
4,4,65536.0,512.0,42,210
4,4,65536.0,2048.0,42,210
4,4,65536.0,8192.0,42,210
4,4,65536.0,32768.0,42,210
4,5,0.000244140625,0.03125,131,210
4,5,0.000244140625,0.125,131,210
4,5,0.000244140625,0.5,131,210
4,5,0.000244140625,2.0,131,210
4,5,0.000244140625,8.0,131,210
4,5,0.000244140625,32.0,131,210
4,5,0.000244140625,128.0,131,210
4,5,0.000244140625,512.0,131,210
4,5,0.000244140625,2048.0,131,210
4,5,0.000244140625,8192.0,131,210
4,5,0.000244140625,32768.0,131,210
4,5,0.0009765625,0.03125,167,210
4,5,0.0009765625,0.125,167,210
4,5,0.0009765625,0.5,167,210
4,5,0.0009765625,2.0,167,210
4,5,0.0009765625,8.0,167,210
4,5,0.0009765625,32.0,167,210
4,5,0.0009765625,128.0,167,210
4,5,0.0009765625,512.0,167,210
4,5,0.0009765625,2048.0,167,210
4,5,0.0009765625,8192.0,167,210
4,5,0.0009765625,32768.0,167,210
4,5,0.00390625,0.03125,183,210
4,5,0.00390625,0.125,183,210
4,5,0.00390625,0.5,183,210
4,5,0.00390625,2.0,183,210
4,5,0.00390625,8.0,183,210
4,5,0.00390625,32.0,183,210
4,5,0.00390625,128.0,183,210
4,5,0.00390625,512.0,183,210
4,5,0.00390625,2048.0,183,210
4,5,0.00390625,8192.0,183,210
4,5,0.00390625,32768.0,183,210
4,5,0.015625,0.03125,185,210
4,5,0.015625,0.125,185,210
4,5,0.015625,0.5,185,210
4,5,0.015625,2.0,185,210
4,5,0.015625,8.0,185,210
4,5,0.015625,32.0,185,210
4,5,0.015625,128.0,185,210
4,5,0.015625,512.0,185,210
4,5,0.015625,2048.0,185,210
4,5,0.015625,8192.0,185,210
4,5,0.015625,32768.0,185,210
4,5,0.0625,0.03125,188,210
4,5,0.0625,0.125,191,210
4,5,0.0625,0.5,191,210
4,5,0.0625,2.0,191,210
4,5,0.0625,8.0,191,210
4,5,0.0625,32.0,191,210
4,5,0.0625,128.0,191,210
4,5,0.0625,512.0,191,210
4,5,0.0625,2048.0,191,210
4,5,0.0625,8192.0,191,210
4,5,0.0625,32768.0,191,210
4,5,0.25,0.03125,145,210
4,5,0.25,0.125,187,210
4,5,0.25,0.5,193,210
4,5,0.25,2.0,191,210
4,5,0.25,8.0,190,210
4,5,0.25,32.0,190,210
4,5,0.25,128.0,190,210
4,5,0.25,512.0,190,210
4,5,0.25,2048.0,190,210
4,5,0.25,8192.0,190,210
4,5,0.25,32768.0,190,210
4,5,1.0,0.03125,88,210
4,5,1.0,0.125,121,210
4,5,1.0,0.5,161,210
4,5,1.0,2.0,191,210
4,5,1.0,8.0,192,210
4,5,1.0,32.0,189,210
4,5,1.0,128.0,188,210
4,5,1.0,512.0,188,210
4,5,1.0,2048.0,188,210
4,5,1.0,8192.0,188,210
4,5,1.0,32768.0,188,210
4,5,4.0,0.03125,78,210
4,5,4.0,0.125,78,210
4,5,4.0,0.5,97,210
4,5,4.0,2.0,118,210
4,5,4.0,8.0,146,210
4,5,4.0,32.0,189,210
4,5,4.0,128.0,187,210
4,5,4.0,512.0,187,210
4,5,4.0,2048.0,186,210
4,5,4.0,8192.0,186,210
4,5,4.0,32768.0,186,210
4,5,16.0,0.03125,71,210
4,5,16.0,0.125,71,210
4,5,16.0,0.5,71,210
4,5,16.0,2.0,80,210
4,5,16.0,8.0,91,210
4,5,16.0,32.0,111,210
4,5,16.0,128.0,128,210
4,5,16.0,512.0,177,210
4,5,16.0,2048.0,183,210
4,5,16.0,8192.0,183,210
4,5,16.0,32768.0,181,210
4,5,64.0,0.03125,64,210
4,5,64.0,0.125,64,210
4,5,64.0,0.5,64,210
4,5,64.0,2.0,64,210
4,5,64.0,8.0,71,210
4,5,64.0,32.0,75,210
4,5,64.0,128.0,86,210
4,5,64.0,512.0,101,210
4,5,64.0,2048.0,119,210
4,5,64.0,8192.0,145,210
4,5,64.0,32768.0,171,210
4,5,256.0,0.03125,64,210
4,5,256.0,0.125,64,210
4,5,256.0,0.5,64,210
4,5,256.0,2.0,64,210
4,5,256.0,8.0,64,210
4,5,256.0,32.0,64,210
4,5,256.0,128.0,69,210
4,5,256.0,512.0,75,210
4,5,256.0,2048.0,87,210
4,5,256.0,8192.0,101,210
4,5,256.0,32768.0,115,210
4,5,1024.0,0.03125,53,210
4,5,1024.0,0.125,53,210
4,5,1024.0,0.5,53,210
4,5,1024.0,2.0,53,210
4,5,1024.0,8.0,53,210
4,5,1024.0,32.0,53,210
4,5,1024.0,128.0,53,210
4,5,1024.0,512.0,53,210
4,5,1024.0,2048.0,55,210
4,5,1024.0,8192.0,61,210
4,5,1024.0,32768.0,78,210
4,5,4096.0,0.03125,46,210
4,5,4096.0,0.125,46,210
4,5,4096.0,0.5,46,210
4,5,4096.0,2.0,46,210
4,5,4096.0,8.0,46,210
4,5,4096.0,32.0,46,210
4,5,4096.0,128.0,46,210
4,5,4096.0,512.0,46,210
4,5,4096.0,2048.0,46,210
4,5,4096.0,8192.0,46,210
4,5,4096.0,32768.0,48,210
4,5,16384.0,0.03125,44,210
4,5,16384.0,0.125,44,210
4,5,16384.0,0.5,44,210
4,5,16384.0,2.0,44,210
4,5,16384.0,8.0,44,210
4,5,16384.0,32.0,44,210
4,5,16384.0,128.0,44,210
4,5,16384.0,512.0,44,210
4,5,16384.0,2048.0,44,210
4,5,16384.0,8192.0,44,210
4,5,16384.0,32768.0,44,210
4,5,65536.0,0.03125,43,210
4,5,65536.0,0.125,43,210
4,5,65536.0,0.5,43,210
4,5,65536.0,2.0,43,210
4,5,65536.0,8.0,43,210
4,5,65536.0,32.0,43,210
4,5,65536.0,128.0,43,210
4,5,65536.0,512.0,43,210
4,5,65536.0,2048.0,43,210
4,5,65536.0,8192.0,43,210
4,5,65536.0,32768.0,43,210
4,6,0.000244140625,0.03125,133,210
4,6,0.000244140625,0.125,133,210
4,6,0.000244140625,0.5,133,210
4,6,0.000244140625,2.0,133,210
4,6,0.000244140625,8.0,133,210
4,6,0.000244140625,32.0,133,210
4,6,0.000244140625,128.0,133,210
4,6,0.000244140625,512.0,133,210
4,6,0.000244140625,2048.0,133,210
4,6,0.000244140625,8192.0,133,210
4,6,0.000244140625,32768.0,133,210
4,6,0.0009765625,0.03125,165,210
4,6,0.0009765625,0.125,165,210
4,6,0.0009765625,0.5,165,210
4,6,0.0009765625,2.0,165,210
4,6,0.0009765625,8.0,165,210
4,6,0.0009765625,32.0,165,210
4,6,0.0009765625,128.0,165,210
4,6,0.0009765625,512.0,165,210
4,6,0.0009765625,2048.0,165,210
4,6,0.0009765625,8192.0,165,210
4,6,0.0009765625,32768.0,165,210
4,6,0.00390625,0.03125,184,210
4,6,0.00390625,0.125,184,210
4,6,0.00390625,0.5,184,210
4,6,0.00390625,2.0,184,210
4,6,0.00390625,8.0,184,210
4,6,0.00390625,32.0,184,210
4,6,0.00390625,128.0,184,210
4,6,0.00390625,512.0,184,210
4,6,0.00390625,2048.0,184,210
4,6,0.00390625,8192.0,184,210
4,6,0.00390625,32768.0,184,210
4,6,0.015625,0.03125,188,210
4,6,0.015625,0.125,188,210
4,6,0.015625,0.5,188,210
4,6,0.015625,2.0,188,210
4,6,0.015625,8.0,188,210
4,6,0.015625,32.0,188,210
4,6,0.015625,128.0,188,210
4,6,0.015625,512.0,188,210
4,6,0.015625,2048.0,188,210
4,6,0.015625,8192.0,188,210
4,6,0.015625,32768.0,188,210
4,6,0.0625,0.03125,190,210
4,6,0.0625,0.125,191,210
4,6,0.0625,0.5,192,210
4,6,0.0625,2.0,192,210
4,6,0.0625,8.0,192,210
4,6,0.0625,32.0,192,210
4,6,0.0625,128.0,192,210
4,6,0.0625,512.0,192,210
4,6,0.0625,2048.0,192,210
4,6,0.0625,8192.0,192,210
4,6,0.0625,32768.0,192,210
4,6,0.25,0.03125,143,210
4,6,0.25,0.125,187,210
4,6,0.25,0.5,190,210
4,6,0.25,2.0,193,210
4,6,0.25,8.0,193,210
4,6,0.25,32.0,193,210
4,6,0.25,128.0,193,210
4,6,0.25,512.0,193,210
4,6,0.25,2048.0,193,210
4,6,0.25,8192.0,193,210
4,6,0.25,32768.0,193,210
4,6,1.0,0.03125,85,210
4,6,1.0,0.125,116,210
4,6,1.0,0.5,152,210
4,6,1.0,2.0,190,210
4,6,1.0,8.0,196,210
4,6,1.0,32.0,195,210
4,6,1.0,128.0,195,210
4,6,1.0,512.0,195,210
4,6,1.0,2048.0,195,210
4,6,1.0,8192.0,195,210
4,6,1.0,32768.0,195,210
4,6,4.0,0.03125,76,210
4,6,4.0,0.125,76,210
4,6,4.0,0.5,91,210
4,6,4.0,2.0,119,210
4,6,4.0,8.0,151,210
4,6,4.0,32.0,188,210
4,6,4.0,128.0,192,210
4,6,4.0,512.0,193,210
4,6,4.0,2048.0,193,210
4,6,4.0,8192.0,193,210
4,6,4.0,32768.0,193,210
4,6,16.0,0.03125,68,210
4,6,16.0,0.125,68,210
4,6,16.0,0.5,68,210
4,6,16.0,2.0,77,210
4,6,16.0,8.0,84,210
4,6,16.0,32.0,107,210
4,6,16.0,128.0,121,210
4,6,16.0,512.0,174,210
4,6,16.0,2048.0,184,210
4,6,16.0,8192.0,184,210
4,6,16.0,32768.0,181,210
4,6,64.0,0.03125,64,210
4,6,64.0,0.125,64,210
4,6,64.0,0.5,64,210
4,6,64.0,2.0,64,210
4,6,64.0,8.0,69,210
4,6,64.0,32.0,72,210
4,6,64.0,128.0,83,210
4,6,64.0,512.0,95,210
4,6,64.0,2048.0,116,210
4,6,64.0,8192.0,148,210
4,6,64.0,32768.0,167,210
4,6,256.0,0.03125,53,210
4,6,256.0,0.125,53,210
4,6,256.0,0.5,53,210
4,6,256.0,2.0,53,210
4,6,256.0,8.0,53,210
4,6,256.0,32.0,53,210
4,6,256.0,128.0,59,210
4,6,256.0,512.0,62,210
4,6,256.0,2048.0,71,210
4,6,256.0,8192.0,86,210
4,6,256.0,32768.0,101,210
4,6,1024.0,0.03125,55,210
4,6,1024.0,0.125,55,210
4,6,1024.0,0.5,55,210
4,6,1024.0,2.0,55,210
4,6,1024.0,8.0,55,210
4,6,1024.0,32.0,55,210
4,6,1024.0,128.0,55,210
4,6,1024.0,512.0,55,210
4,6,1024.0,2048.0,57,210
4,6,1024.0,8192.0,62,210
4,6,1024.0,32768.0,73,210
4,6,4096.0,0.03125,50,210
4,6,4096.0,0.125,50,210
4,6,4096.0,0.5,50,210
4,6,4096.0,2.0,50,210
4,6,4096.0,8.0,50,210
4,6,4096.0,32.0,50,210
4,6,4096.0,128.0,50,210
4,6,4096.0,512.0,50,210
4,6,4096.0,2048.0,50,210
4,6,4096.0,8192.0,50,210
4,6,4096.0,32768.0,52,210
4,6,16384.0,0.03125,51,210
4,6,16384.0,0.125,51,210
4,6,16384.0,0.5,51,210
4,6,16384.0,2.0,51,210
4,6,16384.0,8.0,51,210
4,6,16384.0,32.0,51,210
4,6,16384.0,128.0,51,210
4,6,16384.0,512.0,51,210
4,6,16384.0,2048.0,51,210
4,6,16384.0,8192.0,51,210
4,6,16384.0,32768.0,51,210
4,6,65536.0,0.03125,48,210
4,6,65536.0,0.125,48,210
4,6,65536.0,0.5,48,210
4,6,65536.0,2.0,48,210
4,6,65536.0,8.0,48,210
4,6,65536.0,32.0,48,210
4,6,65536.0,128.0,48,210
4,6,65536.0,512.0,48,210
4,6,65536.0,2048.0,48,210
4,6,65536.0,8192.0,48,210
4,6,65536.0,32768.0,48,210
4,7,0.000244140625,0.03125,128,210
4,7,0.000244140625,0.125,128,210
4,7,0.000244140625,0.5,128,210
4,7,0.000244140625,2.0,128,210
4,7,0.000244140625,8.0,128,210
4,7,0.000244140625,32.0,128,210
4,7,0.000244140625,128.0,128,210
4,7,0.000244140625,512.0,128,210
4,7,0.000244140625,2048.0,128,210
4,7,0.000244140625,8192.0,128,210
4,7,0.000244140625,32768.0,128,210
4,7,0.0009765625,0.03125,174,210
4,7,0.0009765625,0.125,174,210
4,7,0.0009765625,0.5,174,210
4,7,0.0009765625,2.0,174,210
4,7,0.0009765625,8.0,174,210
4,7,0.0009765625,32.0,174,210
4,7,0.0009765625,128.0,174,210
4,7,0.0009765625,512.0,174,210
4,7,0.0009765625,2048.0,174,210
4,7,0.0009765625,8192.0,174,210
4,7,0.0009765625,32768.0,174,210
4,7,0.00390625,0.03125,187,210
4,7,0.00390625,0.125,187,210
4,7,0.00390625,0.5,187,210
4,7,0.00390625,2.0,187,210
4,7,0.00390625,8.0,187,210
4,7,0.00390625,32.0,187,210
4,7,0.00390625,128.0,187,210
4,7,0.00390625,512.0,187,210
4,7,0.00390625,2048.0,187,210
4,7,0.00390625,8192.0,187,210
4,7,0.00390625,32768.0,187,210
4,7,0.015625,0.03125,185,210
4,7,0.015625,0.125,185,210
4,7,0.015625,0.5,185,210
4,7,0.015625,2.0,185,210
4,7,0.015625,8.0,185,210
4,7,0.015625,32.0,185,210
4,7,0.015625,128.0,185,210
4,7,0.015625,512.0,185,210
4,7,0.015625,2048.0,185,210
4,7,0.015625,8192.0,185,210
4,7,0.015625,32768.0,185,210
4,7,0.0625,0.03125,186,210
4,7,0.0625,0.125,186,210
4,7,0.0625,0.5,185,210
4,7,0.0625,2.0,185,210
4,7,0.0625,8.0,185,210
4,7,0.0625,32.0,185,210
4,7,0.0625,128.0,185,210
4,7,0.0625,512.0,185,210
4,7,0.0625,2048.0,185,210
4,7,0.0625,8192.0,185,210
4,7,0.0625,32768.0,185,210
4,7,0.25,0.03125,147,210
4,7,0.25,0.125,184,210
4,7,0.25,0.5,186,210
4,7,0.25,2.0,185,210
4,7,0.25,8.0,186,210
4,7,0.25,32.0,186,210
4,7,0.25,128.0,186,210
4,7,0.25,512.0,186,210
4,7,0.25,2048.0,186,210
4,7,0.25,8192.0,186,210
4,7,0.25,32768.0,186,210
4,7,1.0,0.03125,83,210
4,7,1.0,0.125,117,210
4,7,1.0,0.5,160,210
4,7,1.0,2.0,187,210
4,7,1.0,8.0,190,210
4,7,1.0,32.0,190,210
4,7,1.0,128.0,189,210
4,7,1.0,512.0,189,210
4,7,1.0,2048.0,189,210
4,7,1.0,8192.0,189,210
4,7,1.0,32768.0,189,210
4,7,4.0,0.03125,76,210
4,7,4.0,0.125,76,210
4,7,4.0,0.5,89,210
4,7,4.0,2.0,117,210
4,7,4.0,8.0,143,210
4,7,4.0,32.0,185,210
4,7,4.0,128.0,193,210
4,7,4.0,512.0,191,210
4,7,4.0,2048.0,193,210
4,7,4.0,8192.0,193,210
4,7,4.0,32768.0,193,210
4,7,16.0,0.03125,68,210
4,7,16.0,0.125,68,210
4,7,16.0,0.5,68,210
4,7,16.0,2.0,68,210
4,7,16.0,8.0,82,210
4,7,16.0,32.0,105,210
4,7,16.0,128.0,126,210
4,7,16.0,512.0,170,210
4,7,16.0,2048.0,183,210
4,7,16.0,8192.0,188,210
4,7,16.0,32768.0,187,210
4,7,64.0,0.03125,57,210
4,7,64.0,0.125,57,210
4,7,64.0,0.5,57,210
4,7,64.0,2.0,57,210
4,7,64.0,8.0,57,210
4,7,64.0,32.0,59,210
4,7,64.0,128.0,73,210
4,7,64.0,512.0,93,210
4,7,64.0,2048.0,110,210
4,7,64.0,8192.0,150,210
4,7,64.0,32768.0,168,210
4,7,256.0,0.03125,54,210
4,7,256.0,0.125,54,210
4,7,256.0,0.5,54,210
4,7,256.0,2.0,54,210
4,7,256.0,8.0,54,210
4,7,256.0,32.0,54,210
4,7,256.0,128.0,54,210
4,7,256.0,512.0,56,210
4,7,256.0,2048.0,70,210
4,7,256.0,8192.0,91,210
4,7,256.0,32768.0,100,210
4,7,1024.0,0.03125,48,210
4,7,1024.0,0.125,48,210
4,7,1024.0,0.5,48,210
4,7,1024.0,2.0,48,210
4,7,1024.0,8.0,48,210
4,7,1024.0,32.0,48,210
4,7,1024.0,128.0,48,210
4,7,1024.0,512.0,48,210
4,7,1024.0,2048.0,48,210
4,7,1024.0,8192.0,48,210
4,7,1024.0,32768.0,65,210
4,7,4096.0,0.03125,47,210
4,7,4096.0,0.125,47,210
4,7,4096.0,0.5,47,210
4,7,4096.0,2.0,47,210
4,7,4096.0,8.0,47,210
4,7,4096.0,32.0,47,210
4,7,4096.0,128.0,47,210
4,7,4096.0,512.0,47,210
4,7,4096.0,2048.0,47,210
4,7,4096.0,8192.0,47,210
4,7,4096.0,32768.0,47,210
4,7,16384.0,0.03125,45,210
4,7,16384.0,0.125,45,210
4,7,16384.0,0.5,45,210
4,7,16384.0,2.0,45,210
4,7,16384.0,8.0,45,210
4,7,16384.0,32.0,45,210
4,7,16384.0,128.0,45,210
4,7,16384.0,512.0,45,210
4,7,16384.0,2048.0,45,210
4,7,16384.0,8192.0,45,210
4,7,16384.0,32768.0,45,210
4,7,65536.0,0.03125,45,210
4,7,65536.0,0.125,45,210
4,7,65536.0,0.5,45,210
4,7,65536.0,2.0,45,210
4,7,65536.0,8.0,45,210
4,7,65536.0,32.0,45,210
4,7,65536.0,128.0,45,210
4,7,65536.0,512.0,45,210
4,7,65536.0,2048.0,45,210
4,7,65536.0,8192.0,45,210
4,7,65536.0,32768.0,45,210
4,8,0.000244140625,0.03125,126,210
4,8,0.000244140625,0.125,126,210
4,8,0.000244140625,0.5,126,210
4,8,0.000244140625,2.0,126,210
4,8,0.000244140625,8.0,126,210
4,8,0.000244140625,32.0,126,210
4,8,0.000244140625,128.0,126,210
4,8,0.000244140625,512.0,126,210
4,8,0.000244140625,2048.0,126,210
4,8,0.000244140625,8192.0,126,210
4,8,0.000244140625,32768.0,126,210
4,8,0.0009765625,0.03125,167,210
4,8,0.0009765625,0.125,167,210
4,8,0.0009765625,0.5,167,210
4,8,0.0009765625,2.0,167,210
4,8,0.0009765625,8.0,167,210
4,8,0.0009765625,32.0,167,210
4,8,0.0009765625,128.0,167,210
4,8,0.0009765625,512.0,167,210
4,8,0.0009765625,2048.0,167,210
4,8,0.0009765625,8192.0,167,210
4,8,0.0009765625,32768.0,167,210
4,8,0.00390625,0.03125,186,210
4,8,0.00390625,0.125,186,210
4,8,0.00390625,0.5,186,210
4,8,0.00390625,2.0,186,210
4,8,0.00390625,8.0,186,210
4,8,0.00390625,32.0,186,210
4,8,0.00390625,128.0,186,210
4,8,0.00390625,512.0,186,210
4,8,0.00390625,2048.0,186,210
4,8,0.00390625,8192.0,186,210
4,8,0.00390625,32768.0,186,210
4,8,0.015625,0.03125,189,210
4,8,0.015625,0.125,189,210
4,8,0.015625,0.5,189,210
4,8,0.015625,2.0,189,210
4,8,0.015625,8.0,189,210
4,8,0.015625,32.0,189,210
4,8,0.015625,128.0,189,210
4,8,0.015625,512.0,189,210
4,8,0.015625,2048.0,189,210
4,8,0.015625,8192.0,189,210
4,8,0.015625,32768.0,189,210
4,8,0.0625,0.03125,186,210
4,8,0.0625,0.125,190,210
4,8,0.0625,0.5,191,210
4,8,0.0625,2.0,191,210
4,8,0.0625,8.0,191,210
4,8,0.0625,32.0,191,210
4,8,0.0625,128.0,191,210
4,8,0.0625,512.0,191,210
4,8,0.0625,2048.0,191,210
4,8,0.0625,8192.0,191,210
4,8,0.0625,32768.0,191,210
4,8,0.25,0.03125,155,210
4,8,0.25,0.125,190,210
4,8,0.25,0.5,191,210
4,8,0.25,2.0,192,210
4,8,0.25,8.0,192,210
4,8,0.25,32.0,192,210
4,8,0.25,128.0,192,210
4,8,0.25,512.0,192,210
4,8,0.25,2048.0,192,210
4,8,0.25,8192.0,192,210
4,8,0.25,32768.0,192,210
4,8,1.0,0.03125,85,210
4,8,1.0,0.125,118,210
4,8,1.0,0.5,174,210
4,8,1.0,2.0,190,210
4,8,1.0,8.0,194,210
4,8,1.0,32.0,189,210
4,8,1.0,128.0,189,210
4,8,1.0,512.0,189,210
4,8,1.0,2048.0,189,210
4,8,1.0,8192.0,189,210
4,8,1.0,32768.0,189,210
4,8,4.0,0.03125,81,210
4,8,4.0,0.125,81,210
4,8,4.0,0.5,93,210
4,8,4.0,2.0,127,210
4,8,4.0,8.0,157,210
4,8,4.0,32.0,192,210
4,8,4.0,128.0,192,210
4,8,4.0,512.0,193,210
4,8,4.0,2048.0,192,210
4,8,4.0,8192.0,192,210
4,8,4.0,32768.0,192,210
4,8,16.0,0.03125,71,210
4,8,16.0,0.125,71,210
4,8,16.0,0.5,71,210
4,8,16.0,2.0,71,210
4,8,16.0,8.0,85,210
4,8,16.0,32.0,113,210
4,8,16.0,128.0,138,210
4,8,16.0,512.0,184,210
4,8,16.0,2048.0,187,210
4,8,16.0,8192.0,189,210
4,8,16.0,32768.0,187,210
4,8,64.0,0.03125,64,210
4,8,64.0,0.125,64,210
4,8,64.0,0.5,64,210
4,8,64.0,2.0,64,210
4,8,64.0,8.0,64,210
4,8,64.0,32.0,67,210
4,8,64.0,128.0,83,210
4,8,64.0,512.0,104,210
4,8,64.0,2048.0,124,210
4,8,64.0,8192.0,158,210
4,8,64.0,32768.0,172,210
4,8,256.0,0.03125,56,210
4,8,256.0,0.125,56,210
4,8,256.0,0.5,56,210
4,8,256.0,2.0,56,210
4,8,256.0,8.0,56,210
4,8,256.0,32.0,56,210
4,8,256.0,128.0,56,210
4,8,256.0,512.0,59,210
4,8,256.0,2048.0,75,210
4,8,256.0,8192.0,93,210
4,8,256.0,32768.0,98,210
4,8,1024.0,0.03125,56,210
4,8,1024.0,0.125,56,210
4,8,1024.0,0.5,56,210
4,8,1024.0,2.0,56,210
4,8,1024.0,8.0,56,210
4,8,1024.0,32.0,56,210
4,8,1024.0,128.0,56,210
4,8,1024.0,512.0,56,210
4,8,1024.0,2048.0,56,210
4,8,1024.0,8192.0,56,210
4,8,1024.0,32768.0,75,210
4,8,4096.0,0.03125,52,210
4,8,4096.0,0.125,52,210
4,8,4096.0,0.5,52,210
4,8,4096.0,2.0,52,210
4,8,4096.0,8.0,52,210
4,8,4096.0,32.0,52,210
4,8,4096.0,128.0,52,210
4,8,4096.0,512.0,52,210
4,8,4096.0,2048.0,52,210
4,8,4096.0,8192.0,52,210
4,8,4096.0,32768.0,52,210
4,8,16384.0,0.03125,47,210
4,8,16384.0,0.125,47,210
4,8,16384.0,0.5,47,210
4,8,16384.0,2.0,47,210
4,8,16384.0,8.0,47,210
4,8,16384.0,32.0,47,210
4,8,16384.0,128.0,47,210
4,8,16384.0,512.0,47,210
4,8,16384.0,2048.0,47,210
4,8,16384.0,8192.0,47,210
4,8,16384.0,32768.0,47,210
4,8,65536.0,0.03125,47,210
4,8,65536.0,0.125,47,210
4,8,65536.0,0.5,47,210
4,8,65536.0,2.0,47,210
4,8,65536.0,8.0,47,210
4,8,65536.0,32.0,47,210
4,8,65536.0,128.0,47,210
4,8,65536.0,512.0,47,210
4,8,65536.0,2048.0,47,210
4,8,65536.0,8192.0,47,210
4,8,65536.0,32768.0,47,210
4,9,0.000244140625,0.03125,125,210
4,9,0.000244140625,0.125,125,210
4,9,0.000244140625,0.5,125,210
4,9,0.000244140625,2.0,125,210
4,9,0.000244140625,8.0,125,210
4,9,0.000244140625,32.0,125,210
4,9,0.000244140625,128.0,125,210
4,9,0.000244140625,512.0,125,210
4,9,0.000244140625,2048.0,125,210
4,9,0.000244140625,8192.0,125,210
4,9,0.000244140625,32768.0,125,210
4,9,0.0009765625,0.03125,159,210
4,9,0.0009765625,0.125,159,210
4,9,0.0009765625,0.5,159,210
4,9,0.0009765625,2.0,159,210
4,9,0.0009765625,8.0,159,210
4,9,0.0009765625,32.0,159,210
4,9,0.0009765625,128.0,159,210
4,9,0.0009765625,512.0,159,210
4,9,0.0009765625,2048.0,159,210
4,9,0.0009765625,8192.0,159,210
4,9,0.0009765625,32768.0,159,210
4,9,0.00390625,0.03125,180,210
4,9,0.00390625,0.125,180,210
4,9,0.00390625,0.5,180,210
4,9,0.00390625,2.0,180,210
4,9,0.00390625,8.0,180,210
4,9,0.00390625,32.0,180,210
4,9,0.00390625,128.0,180,210
4,9,0.00390625,512.0,180,210
4,9,0.00390625,2048.0,180,210
4,9,0.00390625,8192.0,180,210
4,9,0.00390625,32768.0,180,210
4,9,0.015625,0.03125,184,210
4,9,0.015625,0.125,184,210
4,9,0.015625,0.5,184,210
4,9,0.015625,2.0,184,210
4,9,0.015625,8.0,184,210
4,9,0.015625,32.0,184,210
4,9,0.015625,128.0,184,210
4,9,0.015625,512.0,184,210
4,9,0.015625,2048.0,184,210
4,9,0.015625,8192.0,184,210
4,9,0.015625,32768.0,184,210
4,9,0.0625,0.03125,182,210
4,9,0.0625,0.125,185,210
4,9,0.0625,0.5,182,210
4,9,0.0625,2.0,182,210
4,9,0.0625,8.0,182,210
4,9,0.0625,32.0,182,210
4,9,0.0625,128.0,182,210
4,9,0.0625,512.0,182,210
4,9,0.0625,2048.0,182,210
4,9,0.0625,8192.0,182,210
4,9,0.0625,32768.0,182,210
4,9,0.25,0.03125,137,210
4,9,0.25,0.125,185,210
4,9,0.25,0.5,189,210
4,9,0.25,2.0,187,210
4,9,0.25,8.0,187,210
4,9,0.25,32.0,187,210
4,9,0.25,128.0,187,210
4,9,0.25,512.0,187,210
4,9,0.25,2048.0,187,210
4,9,0.25,8192.0,187,210
4,9,0.25,32768.0,187,210
4,9,1.0,0.03125,79,210
4,9,1.0,0.125,117,210
4,9,1.0,0.5,162,210
4,9,1.0,2.0,189,210
4,9,1.0,8.0,193,210
4,9,1.0,32.0,185,210
4,9,1.0,128.0,185,210
4,9,1.0,512.0,185,210
4,9,1.0,2048.0,185,210
4,9,1.0,8192.0,185,210
4,9,1.0,32768.0,185,210
4,9,4.0,0.03125,77,210
4,9,4.0,0.125,77,210
4,9,4.0,0.5,86,210
4,9,4.0,2.0,125,210
4,9,4.0,8.0,144,210
4,9,4.0,32.0,183,210
4,9,4.0,128.0,186,210
4,9,4.0,512.0,184,210
4,9,4.0,2048.0,183,210
4,9,4.0,8192.0,183,210
4,9,4.0,32768.0,183,210
4,9,16.0,0.03125,75,210
4,9,16.0,0.125,75,210
4,9,16.0,0.5,75,210
4,9,16.0,2.0,75,210
4,9,16.0,8.0,87,210
4,9,16.0,32.0,117,210
4,9,16.0,128.0,131,210
4,9,16.0,512.0,176,210
4,9,16.0,2048.0,179,210
4,9,16.0,8192.0,173,210
4,9,16.0,32768.0,176,210
4,9,64.0,0.03125,67,210
4,9,64.0,0.125,67,210
4,9,64.0,0.5,67,210
4,9,64.0,2.0,67,210
4,9,64.0,8.0,67,210
4,9,64.0,32.0,67,210
4,9,64.0,128.0,83,210
4,9,64.0,512.0,104,210
4,9,64.0,2048.0,118,210
4,9,64.0,8192.0,145,210
4,9,64.0,32768.0,167,210
4,9,256.0,0.03125,62,210
4,9,256.0,0.125,62,210
4,9,256.0,0.5,62,210
4,9,256.0,2.0,62,210
4,9,256.0,8.0,62,210
4,9,256.0,32.0,62,210
4,9,256.0,128.0,62,210
4,9,256.0,512.0,62,210
4,9,256.0,2048.0,80,210
4,9,256.0,8192.0,93,210
4,9,256.0,32768.0,109,210
4,9,1024.0,0.03125,53,210
4,9,1024.0,0.125,53,210
4,9,1024.0,0.5,53,210
4,9,1024.0,2.0,53,210
4,9,1024.0,8.0,53,210
4,9,1024.0,32.0,53,210
4,9,1024.0,128.0,53,210
4,9,1024.0,512.0,53,210
4,9,1024.0,2048.0,53,210
4,9,1024.0,8192.0,53,210
4,9,1024.0,32768.0,66,210
4,9,4096.0,0.03125,53,210
4,9,4096.0,0.125,53,210
4,9,4096.0,0.5,53,210
4,9,4096.0,2.0,53,210
4,9,4096.0,8.0,53,210
4,9,4096.0,32.0,53,210
4,9,4096.0,128.0,53,210
4,9,4096.0,512.0,53,210
4,9,4096.0,2048.0,53,210
4,9,4096.0,8192.0,53,210
4,9,4096.0,32768.0,53,210
4,9,16384.0,0.03125,53,210
4,9,16384.0,0.125,53,210
4,9,16384.0,0.5,53,210
4,9,16384.0,2.0,53,210
4,9,16384.0,8.0,53,210
4,9,16384.0,32.0,53,210
4,9,16384.0,128.0,53,210
4,9,16384.0,512.0,53,210
4,9,16384.0,2048.0,53,210
4,9,16384.0,8192.0,53,210
4,9,16384.0,32768.0,53,210
4,9,65536.0,0.03125,52,210
4,9,65536.0,0.125,52,210
4,9,65536.0,0.5,52,210
4,9,65536.0,2.0,52,210
4,9,65536.0,8.0,52,210
4,9,65536.0,32.0,52,210
4,9,65536.0,128.0,52,210
4,9,65536.0,512.0,52,210
4,9,65536.0,2048.0,52,210
4,9,65536.0,8192.0,52,210
4,9,65536.0,32768.0,52,210
4,10,0.000244140625,0.03125,121,210
4,10,0.000244140625,0.125,121,210
4,10,0.000244140625,0.5,121,210
4,10,0.000244140625,2.0,121,210
4,10,0.000244140625,8.0,121,210
4,10,0.000244140625,32.0,121,210
4,10,0.000244140625,128.0,121,210
4,10,0.000244140625,512.0,121,210
4,10,0.000244140625,2048.0,121,210
4,10,0.000244140625,8192.0,121,210
4,10,0.000244140625,32768.0,121,210
4,10,0.0009765625,0.03125,168,210
4,10,0.0009765625,0.125,168,210
4,10,0.0009765625,0.5,168,210
4,10,0.0009765625,2.0,168,210
4,10,0.0009765625,8.0,168,210
4,10,0.0009765625,32.0,168,210
4,10,0.0009765625,128.0,168,210
4,10,0.0009765625,512.0,168,210
4,10,0.0009765625,2048.0,168,210
4,10,0.0009765625,8192.0,168,210
4,10,0.0009765625,32768.0,168,210
4,10,0.00390625,0.03125,183,210
4,10,0.00390625,0.125,183,210
4,10,0.00390625,0.5,183,210
4,10,0.00390625,2.0,183,210
4,10,0.00390625,8.0,183,210
4,10,0.00390625,32.0,183,210
4,10,0.00390625,128.0,183,210
4,10,0.00390625,512.0,183,210
4,10,0.00390625,2048.0,183,210
4,10,0.00390625,8192.0,183,210
4,10,0.00390625,32768.0,183,210
4,10,0.015625,0.03125,187,210
4,10,0.015625,0.125,187,210
4,10,0.015625,0.5,187,210
4,10,0.015625,2.0,187,210
4,10,0.015625,8.0,187,210
4,10,0.015625,32.0,187,210
4,10,0.015625,128.0,187,210
4,10,0.015625,512.0,187,210
4,10,0.015625,2048.0,187,210
4,10,0.015625,8192.0,187,210
4,10,0.015625,32768.0,187,210
4,10,0.0625,0.03125,183,210
4,10,0.0625,0.125,187,210
4,10,0.0625,0.5,188,210
4,10,0.0625,2.0,188,210
4,10,0.0625,8.0,188,210
4,10,0.0625,32.0,188,210
4,10,0.0625,128.0,188,210
4,10,0.0625,512.0,188,210
4,10,0.0625,2048.0,188,210
4,10,0.0625,8192.0,188,210
4,10,0.0625,32768.0,188,210
4,10,0.25,0.03125,150,210
4,10,0.25,0.125,187,210
4,10,0.25,0.5,187,210
4,10,0.25,2.0,186,210
4,10,0.25,8.0,186,210
4,10,0.25,32.0,186,210
4,10,0.25,128.0,186,210
4,10,0.25,512.0,186,210
4,10,0.25,2048.0,186,210
4,10,0.25,8192.0,186,210
4,10,0.25,32768.0,186,210
4,10,1.0,0.03125,86,210
4,10,1.0,0.125,122,210
4,10,1.0,0.5,163,210
4,10,1.0,2.0,191,210
4,10,1.0,8.0,189,210
4,10,1.0,32.0,186,210
4,10,1.0,128.0,187,210
4,10,1.0,512.0,187,210
4,10,1.0,2048.0,187,210
4,10,1.0,8192.0,187,210
4,10,1.0,32768.0,187,210
4,10,4.0,0.03125,73,210
4,10,4.0,0.125,73,210
4,10,4.0,0.5,85,210
4,10,4.0,2.0,116,210
4,10,4.0,8.0,138,210
4,10,4.0,32.0,186,210
4,10,4.0,128.0,188,210
4,10,4.0,512.0,186,210
4,10,4.0,2048.0,186,210
4,10,4.0,8192.0,186,210
4,10,4.0,32768.0,186,210
4,10,16.0,0.03125,64,210
4,10,16.0,0.125,64,210
4,10,16.0,0.5,64,210
4,10,16.0,2.0,66,210
4,10,16.0,8.0,79,210
4,10,16.0,32.0,105,210
4,10,16.0,128.0,121,210
4,10,16.0,512.0,173,210
4,10,16.0,2048.0,182,210
4,10,16.0,8192.0,179,210
4,10,16.0,32768.0,179,210
4,10,64.0,0.03125,58,210
4,10,64.0,0.125,58,210
4,10,64.0,0.5,58,210
4,10,64.0,2.0,58,210
4,10,64.0,8.0,58,210
4,10,64.0,32.0,61,210
4,10,64.0,128.0,76,210
4,10,64.0,512.0,98,210
4,10,64.0,2048.0,110,210
4,10,64.0,8192.0,135,210
4,10,64.0,32768.0,165,210
4,10,256.0,0.03125,53,210
4,10,256.0,0.125,53,210
4,10,256.0,0.5,53,210
4,10,256.0,2.0,53,210
4,10,256.0,8.0,53,210
4,10,256.0,32.0,53,210
4,10,256.0,128.0,53,210
4,10,256.0,512.0,56,210
4,10,256.0,2048.0,71,210
4,10,256.0,8192.0,90,210
4,10,256.0,32768.0,106,210
4,10,1024.0,0.03125,55,210
4,10,1024.0,0.125,55,210
4,10,1024.0,0.5,55,210
4,10,1024.0,2.0,55,210
4,10,1024.0,8.0,55,210
4,10,1024.0,32.0,55,210
4,10,1024.0,128.0,55,210
4,10,1024.0,512.0,55,210
4,10,1024.0,2048.0,55,210
4,10,1024.0,8192.0,56,210
4,10,1024.0,32768.0,70,210
4,10,4096.0,0.03125,50,210
4,10,4096.0,0.125,50,210
4,10,4096.0,0.5,50,210
4,10,4096.0,2.0,50,210
4,10,4096.0,8.0,50,210
4,10,4096.0,32.0,50,210
4,10,4096.0,128.0,50,210
4,10,4096.0,512.0,50,210
4,10,4096.0,2048.0,50,210
4,10,4096.0,8192.0,50,210
4,10,4096.0,32768.0,50,210
4,10,16384.0,0.03125,50,210
4,10,16384.0,0.125,50,210
4,10,16384.0,0.5,50,210
4,10,16384.0,2.0,50,210
4,10,16384.0,8.0,50,210
4,10,16384.0,32.0,50,210
4,10,16384.0,128.0,50,210
4,10,16384.0,512.0,50,210
4,10,16384.0,2048.0,50,210
4,10,16384.0,8192.0,50,210
4,10,16384.0,32768.0,50,210
4,10,65536.0,0.03125,50,210
4,10,65536.0,0.125,50,210
4,10,65536.0,0.5,50,210
4,10,65536.0,2.0,50,210
4,10,65536.0,8.0,50,210
4,10,65536.0,32.0,50,210
4,10,65536.0,128.0,50,210
4,10,65536.0,512.0,50,210
4,10,65536.0,2048.0,50,210
4,10,65536.0,8192.0,50,210
4,10,65536.0,32768.0,50,210
5,1,0.000244140625,0.03125,161,210
5,1,0.000244140625,0.125,161,210
5,1,0.000244140625,0.5,161,210
5,1,0.000244140625,2.0,161,210
5,1,0.000244140625,8.0,161,210
5,1,0.000244140625,32.0,161,210
5,1,0.000244140625,128.0,161,210
5,1,0.000244140625,512.0,161,210
5,1,0.000244140625,2048.0,161,210
5,1,0.000244140625,8192.0,161,210
5,1,0.000244140625,32768.0,161,210
5,1,0.0009765625,0.03125,188,210
5,1,0.0009765625,0.125,188,210
5,1,0.0009765625,0.5,188,210
5,1,0.0009765625,2.0,188,210
5,1,0.0009765625,8.0,188,210
5,1,0.0009765625,32.0,188,210
5,1,0.0009765625,128.0,188,210
5,1,0.0009765625,512.0,188,210
5,1,0.0009765625,2048.0,188,210
5,1,0.0009765625,8192.0,188,210
5,1,0.0009765625,32768.0,188,210
5,1,0.00390625,0.03125,194,210
5,1,0.00390625,0.125,194,210
5,1,0.00390625,0.5,194,210
5,1,0.00390625,2.0,194,210
5,1,0.00390625,8.0,194,210
5,1,0.00390625,32.0,194,210
5,1,0.00390625,128.0,194,210
5,1,0.00390625,512.0,194,210
5,1,0.00390625,2048.0,194,210
5,1,0.00390625,8192.0,194,210
5,1,0.00390625,32768.0,194,210
5,1,0.015625,0.03125,191,210
5,1,0.015625,0.125,193,210
5,1,0.015625,0.5,193,210
5,1,0.015625,2.0,193,210
5,1,0.015625,8.0,193,210
5,1,0.015625,32.0,193,210
5,1,0.015625,128.0,193,210
5,1,0.015625,512.0,193,210
5,1,0.015625,2048.0,193,210
5,1,0.015625,8192.0,193,210
5,1,0.015625,32768.0,193,210
5,1,0.0625,0.03125,193,210
5,1,0.0625,0.125,196,210
5,1,0.0625,0.5,196,210
5,1,0.0625,2.0,197,210
5,1,0.0625,8.0,197,210
5,1,0.0625,32.0,197,210
5,1,0.0625,128.0,197,210
5,1,0.0625,512.0,197,210
5,1,0.0625,2048.0,197,210
5,1,0.0625,8192.0,197,210
5,1,0.0625,32768.0,197,210
5,1,0.25,0.03125,154,210
5,1,0.25,0.125,189,210
5,1,0.25,0.5,195,210
5,1,0.25,2.0,202,210
5,1,0.25,8.0,202,210
5,1,0.25,32.0,200,210
5,1,0.25,128.0,200,210
5,1,0.25,512.0,200,210
5,1,0.25,2048.0,200,210
5,1,0.25,8192.0,200,210
5,1,0.25,32768.0,200,210
5,1,1.0,0.03125,83,210
5,1,1.0,0.125,98,210
5,1,1.0,0.5,172,210
5,1,1.0,2.0,188,210
5,1,1.0,8.0,198,210
5,1,1.0,32.0,197,210
5,1,1.0,128.0,195,210
5,1,1.0,512.0,195,210
5,1,1.0,2048.0,195,210
5,1,1.0,8192.0,195,210
5,1,1.0,32768.0,195,210
5,1,4.0,0.03125,79,210
5,1,4.0,0.125,79,210
5,1,4.0,0.5,81,210
5,1,4.0,2.0,109,210
5,1,4.0,8.0,149,210
5,1,4.0,32.0,179,210
5,1,4.0,128.0,189,210
5,1,4.0,512.0,195,210
5,1,4.0,2048.0,194,210
5,1,4.0,8192.0,195,210
5,1,4.0,32768.0,194,210
5,1,16.0,0.03125,74,210
5,1,16.0,0.125,74,210
5,1,16.0,0.5,74,210
5,1,16.0,2.0,74,210
5,1,16.0,8.0,80,210
5,1,16.0,32.0,110,210
5,1,16.0,128.0,128,210
5,1,16.0,512.0,171,210
5,1,16.0,2048.0,190,210
5,1,16.0,8192.0,193,210
5,1,16.0,32768.0,194,210
5,1,64.0,0.03125,78,210
5,1,64.0,0.125,78,210
5,1,64.0,0.5,78,210
5,1,64.0,2.0,78,210
5,1,64.0,8.0,78,210
5,1,64.0,32.0,79,210
5,1,64.0,128.0,86,210
5,1,64.0,512.0,116,210
5,1,64.0,2048.0,134,210
5,1,64.0,8192.0,162,210
5,1,64.0,32768.0,182,210
5,1,256.0,0.03125,71,210
5,1,256.0,0.125,71,210
5,1,256.0,0.5,71,210
5,1,256.0,2.0,71,210
5,1,256.0,8.0,71,210
5,1,256.0,32.0,71,210
5,1,256.0,128.0,71,210
5,1,256.0,512.0,71,210
5,1,256.0,2048.0,77,210
5,1,256.0,8192.0,103,210
5,1,256.0,32768.0,120,210
5,1,1024.0,0.03125,60,210
5,1,1024.0,0.125,60,210
5,1,1024.0,0.5,60,210
5,1,1024.0,2.0,60,210
5,1,1024.0,8.0,60,210
5,1,1024.0,32.0,60,210
5,1,1024.0,128.0,60,210
5,1,1024.0,512.0,60,210
5,1,1024.0,2048.0,60,210
5,1,1024.0,8192.0,60,210
5,1,1024.0,32768.0,67,210
5,1,4096.0,0.03125,55,210
5,1,4096.0,0.125,55,210
5,1,4096.0,0.5,55,210
5,1,4096.0,2.0,55,210
5,1,4096.0,8.0,55,210
5,1,4096.0,32.0,55,210
5,1,4096.0,128.0,55,210
5,1,4096.0,512.0,55,210
5,1,4096.0,2048.0,55,210
5,1,4096.0,8192.0,55,210
5,1,4096.0,32768.0,55,210
5,1,16384.0,0.03125,53,210
5,1,16384.0,0.125,53,210
5,1,16384.0,0.5,53,210
5,1,16384.0,2.0,53,210
5,1,16384.0,8.0,53,210
5,1,16384.0,32.0,53,210
5,1,16384.0,128.0,53,210
5,1,16384.0,512.0,53,210
5,1,16384.0,2048.0,53,210
5,1,16384.0,8192.0,53,210
5,1,16384.0,32768.0,53,210
5,1,65536.0,0.03125,53,210
5,1,65536.0,0.125,53,210
5,1,65536.0,0.5,53,210
5,1,65536.0,2.0,53,210
5,1,65536.0,8.0,53,210
5,1,65536.0,32.0,53,210
5,1,65536.0,128.0,53,210
5,1,65536.0,512.0,53,210
5,1,65536.0,2048.0,53,210
5,1,65536.0,8192.0,53,210
5,1,65536.0,32768.0,53,210
5,2,0.000244140625,0.03125,161,210
5,2,0.000244140625,0.125,161,210
5,2,0.000244140625,0.5,161,210
5,2,0.000244140625,2.0,161,210
5,2,0.000244140625,8.0,161,210
5,2,0.000244140625,32.0,161,210
5,2,0.000244140625,128.0,161,210
5,2,0.000244140625,512.0,161,210
5,2,0.000244140625,2048.0,161,210
5,2,0.000244140625,8192.0,161,210
5,2,0.000244140625,32768.0,161,210
5,2,0.0009765625,0.03125,178,210
5,2,0.0009765625,0.125,178,210
5,2,0.0009765625,0.5,178,210
5,2,0.0009765625,2.0,178,210
5,2,0.0009765625,8.0,178,210
5,2,0.0009765625,32.0,178,210
5,2,0.0009765625,128.0,178,210
5,2,0.0009765625,512.0,178,210
5,2,0.0009765625,2048.0,178,210
5,2,0.0009765625,8192.0,178,210
5,2,0.0009765625,32768.0,178,210
5,2,0.00390625,0.03125,186,210
5,2,0.00390625,0.125,186,210
5,2,0.00390625,0.5,186,210
5,2,0.00390625,2.0,186,210
5,2,0.00390625,8.0,186,210
5,2,0.00390625,32.0,186,210
5,2,0.00390625,128.0,186,210
5,2,0.00390625,512.0,186,210
5,2,0.00390625,2048.0,186,210
5,2,0.00390625,8192.0,186,210
5,2,0.00390625,32768.0,186,210
5,2,0.015625,0.03125,187,210
5,2,0.015625,0.125,188,210
5,2,0.015625,0.5,188,210
5,2,0.015625,2.0,188,210
5,2,0.015625,8.0,188,210
5,2,0.015625,32.0,188,210
5,2,0.015625,128.0,188,210
5,2,0.015625,512.0,188,210
5,2,0.015625,2048.0,188,210
5,2,0.015625,8192.0,188,210
5,2,0.015625,32768.0,188,210
5,2,0.0625,0.03125,184,210
5,2,0.0625,0.125,191,210
5,2,0.0625,0.5,189,210
5,2,0.0625,2.0,189,210
5,2,0.0625,8.0,189,210
5,2,0.0625,32.0,189,210
5,2,0.0625,128.0,189,210
5,2,0.0625,512.0,189,210
5,2,0.0625,2048.0,189,210
5,2,0.0625,8192.0,189,210
5,2,0.0625,32768.0,189,210
5,2,0.25,0.03125,147,210
5,2,0.25,0.125,182,210
5,2,0.25,0.5,195,210
5,2,0.25,2.0,190,210
5,2,0.25,8.0,189,210
5,2,0.25,32.0,188,210
5,2,0.25,128.0,188,210
5,2,0.25,512.0,188,210
5,2,0.25,2048.0,188,210
5,2,0.25,8192.0,188,210
5,2,0.25,32768.0,188,210
5,2,1.0,0.03125,86,210
5,2,1.0,0.125,98,210
5,2,1.0,0.5,163,210
5,2,1.0,2.0,186,210
5,2,1.0,8.0,191,210
5,2,1.0,32.0,190,210
5,2,1.0,128.0,188,210
5,2,1.0,512.0,188,210
5,2,1.0,2048.0,188,210
5,2,1.0,8192.0,188,210
5,2,1.0,32768.0,188,210
5,2,4.0,0.03125,84,210
5,2,4.0,0.125,84,210
5,2,4.0,0.5,84,210
5,2,4.0,2.0,114,210
5,2,4.0,8.0,157,210
5,2,4.0,32.0,176,210
5,2,4.0,128.0,189,210
5,2,4.0,512.0,190,210
5,2,4.0,2048.0,189,210
5,2,4.0,8192.0,190,210
5,2,4.0,32768.0,190,210
5,2,16.0,0.03125,81,210
5,2,16.0,0.125,81,210
5,2,16.0,0.5,81,210
5,2,16.0,2.0,81,210
5,2,16.0,8.0,84,210
5,2,16.0,32.0,120,210
5,2,16.0,128.0,139,210
5,2,16.0,512.0,172,210
5,2,16.0,2048.0,189,210
5,2,16.0,8192.0,187,210
5,2,16.0,32768.0,187,210
5,2,64.0,0.03125,78,210
5,2,64.0,0.125,78,210
5,2,64.0,0.5,78,210
5,2,64.0,2.0,78,210
5,2,64.0,8.0,78,210
5,2,64.0,32.0,78,210
5,2,64.0,128.0,84,210
5,2,64.0,512.0,123,210
5,2,64.0,2048.0,135,210
5,2,64.0,8192.0,168,210
5,2,64.0,32768.0,182,210
5,2,256.0,0.03125,74,210
5,2,256.0,0.125,74,210
5,2,256.0,0.5,74,210
5,2,256.0,2.0,74,210
5,2,256.0,8.0,74,210
5,2,256.0,32.0,74,210
5,2,256.0,128.0,74,210
5,2,256.0,512.0,74,210
5,2,256.0,2048.0,77,210
5,2,256.0,8192.0,111,210
5,2,256.0,32768.0,125,210
5,2,1024.0,0.03125,57,210
5,2,1024.0,0.125,57,210
5,2,1024.0,0.5,57,210
5,2,1024.0,2.0,57,210
5,2,1024.0,8.0,57,210
5,2,1024.0,32.0,57,210
5,2,1024.0,128.0,57,210
5,2,1024.0,512.0,57,210
5,2,1024.0,2048.0,57,210
5,2,1024.0,8192.0,57,210
5,2,1024.0,32768.0,59,210
5,2,4096.0,0.03125,55,210
5,2,4096.0,0.125,55,210
5,2,4096.0,0.5,55,210
5,2,4096.0,2.0,55,210
5,2,4096.0,8.0,55,210
5,2,4096.0,32.0,55,210
5,2,4096.0,128.0,55,210
5,2,4096.0,512.0,55,210
5,2,4096.0,2048.0,55,210
5,2,4096.0,8192.0,55,210
5,2,4096.0,32768.0,55,210
5,2,16384.0,0.03125,55,210
5,2,16384.0,0.125,55,210
5,2,16384.0,0.5,55,210
5,2,16384.0,2.0,55,210
5,2,16384.0,8.0,55,210
5,2,16384.0,32.0,55,210
5,2,16384.0,128.0,55,210
5,2,16384.0,512.0,55,210
5,2,16384.0,2048.0,55,210
5,2,16384.0,8192.0,55,210
5,2,16384.0,32768.0,55,210
5,2,65536.0,0.03125,55,210
5,2,65536.0,0.125,55,210
5,2,65536.0,0.5,55,210
5,2,65536.0,2.0,55,210
5,2,65536.0,8.0,55,210
5,2,65536.0,32.0,55,210
5,2,65536.0,128.0,55,210
5,2,65536.0,512.0,55,210
5,2,65536.0,2048.0,55,210
5,2,65536.0,8192.0,55,210
5,2,65536.0,32768.0,55,210
5,3,0.000244140625,0.03125,159,210
5,3,0.000244140625,0.125,159,210
5,3,0.000244140625,0.5,159,210
5,3,0.000244140625,2.0,159,210
5,3,0.000244140625,8.0,159,210
5,3,0.000244140625,32.0,159,210
5,3,0.000244140625,128.0,159,210
5,3,0.000244140625,512.0,159,210
5,3,0.000244140625,2048.0,159,210
5,3,0.000244140625,8192.0,159,210
5,3,0.000244140625,32768.0,159,210
5,3,0.0009765625,0.03125,182,210
5,3,0.0009765625,0.125,182,210
5,3,0.0009765625,0.5,182,210
5,3,0.0009765625,2.0,182,210
5,3,0.0009765625,8.0,182,210
5,3,0.0009765625,32.0,182,210
5,3,0.0009765625,128.0,182,210
5,3,0.0009765625,512.0,182,210
5,3,0.0009765625,2048.0,182,210
5,3,0.0009765625,8192.0,182,210
5,3,0.0009765625,32768.0,182,210
5,3,0.00390625,0.03125,191,210
5,3,0.00390625,0.125,191,210
5,3,0.00390625,0.5,191,210
5,3,0.00390625,2.0,191,210
5,3,0.00390625,8.0,191,210
5,3,0.00390625,32.0,191,210
5,3,0.00390625,128.0,191,210
5,3,0.00390625,512.0,191,210
5,3,0.00390625,2048.0,191,210
5,3,0.00390625,8192.0,191,210
5,3,0.00390625,32768.0,191,210
5,3,0.015625,0.03125,195,210
5,3,0.015625,0.125,195,210
5,3,0.015625,0.5,195,210
5,3,0.015625,2.0,195,210
5,3,0.015625,8.0,195,210
5,3,0.015625,32.0,195,210
5,3,0.015625,128.0,195,210
5,3,0.015625,512.0,195,210
5,3,0.015625,2048.0,195,210
5,3,0.015625,8192.0,195,210
5,3,0.015625,32768.0,195,210
5,3,0.0625,0.03125,188,210
5,3,0.0625,0.125,191,210
5,3,0.0625,0.5,191,210
5,3,0.0625,2.0,191,210
5,3,0.0625,8.0,191,210
5,3,0.0625,32.0,191,210
5,3,0.0625,128.0,191,210
5,3,0.0625,512.0,191,210
5,3,0.0625,2048.0,191,210
5,3,0.0625,8192.0,191,210
5,3,0.0625,32768.0,191,210
5,3,0.25,0.03125,155,210
5,3,0.25,0.125,187,210
5,3,0.25,0.5,195,210
5,3,0.25,2.0,194,210
5,3,0.25,8.0,195,210
5,3,0.25,32.0,195,210
5,3,0.25,128.0,195,210
5,3,0.25,512.0,195,210
5,3,0.25,2048.0,195,210
5,3,0.25,8192.0,195,210
5,3,0.25,32768.0,195,210
5,3,1.0,0.03125,83,210
5,3,1.0,0.125,92,210
5,3,1.0,0.5,173,210
5,3,1.0,2.0,186,210
5,3,1.0,8.0,198,210
5,3,1.0,32.0,192,210
5,3,1.0,128.0,194,210
5,3,1.0,512.0,194,210
5,3,1.0,2048.0,194,210
5,3,1.0,8192.0,194,210
5,3,1.0,32768.0,194,210
5,3,4.0,0.03125,82,210
5,3,4.0,0.125,82,210
5,3,4.0,0.5,86,210
5,3,4.0,2.0,109,210
5,3,4.0,8.0,150,210
5,3,4.0,32.0,182,210
5,3,4.0,128.0,194,210
5,3,4.0,512.0,189,210
5,3,4.0,2048.0,191,210
5,3,4.0,8192.0,192,210
5,3,4.0,32768.0,191,210
5,3,16.0,0.03125,83,210
5,3,16.0,0.125,83,210
5,3,16.0,0.5,83,210
5,3,16.0,2.0,83,210
5,3,16.0,8.0,89,210
5,3,16.0,32.0,122,210
5,3,16.0,128.0,144,210
5,3,16.0,512.0,179,210
5,3,16.0,2048.0,192,210
5,3,16.0,8192.0,191,210
5,3,16.0,32768.0,191,210
5,3,64.0,0.03125,80,210
5,3,64.0,0.125,80,210
5,3,64.0,0.5,80,210
5,3,64.0,2.0,80,210
5,3,64.0,8.0,80,210
5,3,64.0,32.0,84,210
5,3,64.0,128.0,88,210
5,3,64.0,512.0,119,210
5,3,64.0,2048.0,140,210
5,3,64.0,8192.0,173,210
5,3,64.0,32768.0,189,210
5,3,256.0,0.03125,70,210
5,3,256.0,0.125,70,210
5,3,256.0,0.5,70,210
5,3,256.0,2.0,70,210
5,3,256.0,8.0,70,210
5,3,256.0,32.0,70,210
5,3,256.0,128.0,70,210
5,3,256.0,512.0,72,210
5,3,256.0,2048.0,76,210
5,3,256.0,8192.0,100,210
5,3,256.0,32768.0,124,210
5,3,1024.0,0.03125,60,210
5,3,1024.0,0.125,60,210
5,3,1024.0,0.5,60,210
5,3,1024.0,2.0,60,210
5,3,1024.0,8.0,60,210
5,3,1024.0,32.0,60,210
5,3,1024.0,128.0,60,210
5,3,1024.0,512.0,60,210
5,3,1024.0,2048.0,60,210
5,3,1024.0,8192.0,62,210
5,3,1024.0,32768.0,69,210
5,3,4096.0,0.03125,59,210
5,3,4096.0,0.125,59,210
5,3,4096.0,0.5,59,210
5,3,4096.0,2.0,59,210
5,3,4096.0,8.0,59,210
5,3,4096.0,32.0,59,210
5,3,4096.0,128.0,59,210
5,3,4096.0,512.0,59,210
5,3,4096.0,2048.0,59,210
5,3,4096.0,8192.0,59,210
5,3,4096.0,32768.0,59,210
5,3,16384.0,0.03125,59,210
5,3,16384.0,0.125,59,210
5,3,16384.0,0.5,59,210
5,3,16384.0,2.0,59,210
5,3,16384.0,8.0,59,210
5,3,16384.0,32.0,59,210
5,3,16384.0,128.0,59,210
5,3,16384.0,512.0,59,210
5,3,16384.0,2048.0,59,210
5,3,16384.0,8192.0,59,210
5,3,16384.0,32768.0,59,210
5,3,65536.0,0.03125,58,210
5,3,65536.0,0.125,58,210
5,3,65536.0,0.5,58,210
5,3,65536.0,2.0,58,210
5,3,65536.0,8.0,58,210
5,3,65536.0,32.0,58,210
5,3,65536.0,128.0,58,210
5,3,65536.0,512.0,58,210
5,3,65536.0,2048.0,58,210
5,3,65536.0,8192.0,58,210
5,3,65536.0,32768.0,58,210
5,4,0.000244140625,0.03125,155,210
5,4,0.000244140625,0.125,155,210
5,4,0.000244140625,0.5,155,210
5,4,0.000244140625,2.0,155,210
5,4,0.000244140625,8.0,155,210
5,4,0.000244140625,32.0,155,210
5,4,0.000244140625,128.0,155,210
5,4,0.000244140625,512.0,155,210
5,4,0.000244140625,2048.0,155,210
5,4,0.000244140625,8192.0,155,210
5,4,0.000244140625,32768.0,155,210
5,4,0.0009765625,0.03125,176,210
5,4,0.0009765625,0.125,176,210
5,4,0.0009765625,0.5,176,210
5,4,0.0009765625,2.0,176,210
5,4,0.0009765625,8.0,176,210
5,4,0.0009765625,32.0,176,210
5,4,0.0009765625,128.0,176,210
5,4,0.0009765625,512.0,176,210
5,4,0.0009765625,2048.0,176,210
5,4,0.0009765625,8192.0,176,210
5,4,0.0009765625,32768.0,176,210
5,4,0.00390625,0.03125,187,210
5,4,0.00390625,0.125,187,210
5,4,0.00390625,0.5,187,210
5,4,0.00390625,2.0,187,210
5,4,0.00390625,8.0,187,210
5,4,0.00390625,32.0,187,210
5,4,0.00390625,128.0,187,210
5,4,0.00390625,512.0,187,210
5,4,0.00390625,2048.0,187,210
5,4,0.00390625,8192.0,187,210
5,4,0.00390625,32768.0,187,210
5,4,0.015625,0.03125,188,210
5,4,0.015625,0.125,189,210
5,4,0.015625,0.5,189,210
5,4,0.015625,2.0,189,210
5,4,0.015625,8.0,189,210
5,4,0.015625,32.0,189,210
5,4,0.015625,128.0,189,210
5,4,0.015625,512.0,189,210
5,4,0.015625,2048.0,189,210
5,4,0.015625,8192.0,189,210
5,4,0.015625,32768.0,189,210
5,4,0.0625,0.03125,185,210
5,4,0.0625,0.125,191,210
5,4,0.0625,0.5,191,210
5,4,0.0625,2.0,191,210
5,4,0.0625,8.0,191,210
5,4,0.0625,32.0,191,210
5,4,0.0625,128.0,191,210
5,4,0.0625,512.0,191,210
5,4,0.0625,2048.0,191,210
5,4,0.0625,8192.0,191,210
5,4,0.0625,32768.0,191,210
5,4,0.25,0.03125,151,210
5,4,0.25,0.125,184,210
5,4,0.25,0.5,192,210
5,4,0.25,2.0,192,210
5,4,0.25,8.0,191,210
5,4,0.25,32.0,190,210
5,4,0.25,128.0,190,210
5,4,0.25,512.0,190,210
5,4,0.25,2048.0,190,210
5,4,0.25,8192.0,190,210
5,4,0.25,32768.0,190,210
5,4,1.0,0.03125,81,210
5,4,1.0,0.125,98,210
5,4,1.0,0.5,172,210
5,4,1.0,2.0,185,210
5,4,1.0,8.0,197,210
5,4,1.0,32.0,190,210
5,4,1.0,128.0,189,210
5,4,1.0,512.0,189,210
5,4,1.0,2048.0,189,210
5,4,1.0,8192.0,189,210
5,4,1.0,32768.0,189,210
5,4,4.0,0.03125,80,210
5,4,4.0,0.125,80,210
5,4,4.0,0.5,84,210
5,4,4.0,2.0,113,210
5,4,4.0,8.0,154,210
5,4,4.0,32.0,176,210
5,4,4.0,128.0,187,210
5,4,4.0,512.0,186,210
5,4,4.0,2048.0,187,210
5,4,4.0,8192.0,187,210
5,4,4.0,32768.0,186,210
5,4,16.0,0.03125,79,210
5,4,16.0,0.125,79,210
5,4,16.0,0.5,79,210
5,4,16.0,2.0,79,210
5,4,16.0,8.0,89,210
5,4,16.0,32.0,120,210
5,4,16.0,128.0,137,210
5,4,16.0,512.0,177,210
5,4,16.0,2048.0,186,210
5,4,16.0,8192.0,186,210
5,4,16.0,32768.0,181,210
5,4,64.0,0.03125,78,210
5,4,64.0,0.125,78,210
5,4,64.0,0.5,78,210
5,4,64.0,2.0,78,210
5,4,64.0,8.0,78,210
5,4,64.0,32.0,79,210
5,4,64.0,128.0,89,210
5,4,64.0,512.0,118,210
5,4,64.0,2048.0,135,210
5,4,64.0,8192.0,168,210
5,4,64.0,32768.0,183,210
5,4,256.0,0.03125,76,210
5,4,256.0,0.125,76,210
5,4,256.0,0.5,76,210
5,4,256.0,2.0,76,210
5,4,256.0,8.0,76,210
5,4,256.0,32.0,76,210
5,4,256.0,128.0,76,210
5,4,256.0,512.0,76,210
5,4,256.0,2048.0,87,210
5,4,256.0,8192.0,110,210
5,4,256.0,32768.0,123,210
5,4,1024.0,0.03125,62,210
5,4,1024.0,0.125,62,210
5,4,1024.0,0.5,62,210
5,4,1024.0,2.0,62,210
5,4,1024.0,8.0,62,210
5,4,1024.0,32.0,62,210
5,4,1024.0,128.0,62,210
5,4,1024.0,512.0,62,210
5,4,1024.0,2048.0,62,210
5,4,1024.0,8192.0,62,210
5,4,1024.0,32768.0,72,210
5,4,4096.0,0.03125,57,210
5,4,4096.0,0.125,57,210
5,4,4096.0,0.5,57,210
5,4,4096.0,2.0,57,210
5,4,4096.0,8.0,57,210
5,4,4096.0,32.0,57,210
5,4,4096.0,128.0,57,210
5,4,4096.0,512.0,57,210
5,4,4096.0,2048.0,57,210
5,4,4096.0,8192.0,57,210
5,4,4096.0,32768.0,57,210
5,4,16384.0,0.03125,57,210
5,4,16384.0,0.125,57,210
5,4,16384.0,0.5,57,210
5,4,16384.0,2.0,57,210
5,4,16384.0,8.0,57,210
5,4,16384.0,32.0,57,210
5,4,16384.0,128.0,57,210
5,4,16384.0,512.0,57,210
5,4,16384.0,2048.0,57,210
5,4,16384.0,8192.0,57,210
5,4,16384.0,32768.0,57,210
5,4,65536.0,0.03125,56,210
5,4,65536.0,0.125,56,210
5,4,65536.0,0.5,56,210
5,4,65536.0,2.0,56,210
5,4,65536.0,8.0,56,210
5,4,65536.0,32.0,56,210
5,4,65536.0,128.0,56,210
5,4,65536.0,512.0,56,210
5,4,65536.0,2048.0,56,210
5,4,65536.0,8192.0,56,210
5,4,65536.0,32768.0,56,210
5,5,0.000244140625,0.03125,159,210
5,5,0.000244140625,0.125,159,210
5,5,0.000244140625,0.5,159,210
5,5,0.000244140625,2.0,159,210
5,5,0.000244140625,8.0,159,210
5,5,0.000244140625,32.0,159,210
5,5,0.000244140625,128.0,159,210
5,5,0.000244140625,512.0,159,210
5,5,0.000244140625,2048.0,159,210
5,5,0.000244140625,8192.0,159,210
5,5,0.000244140625,32768.0,159,210
5,5,0.0009765625,0.03125,181,210
5,5,0.0009765625,0.125,181,210
5,5,0.0009765625,0.5,181,210
5,5,0.0009765625,2.0,181,210
5,5,0.0009765625,8.0,181,210
5,5,0.0009765625,32.0,181,210
5,5,0.0009765625,128.0,181,210
5,5,0.0009765625,512.0,181,210
5,5,0.0009765625,2048.0,181,210
5,5,0.0009765625,8192.0,181,210
5,5,0.0009765625,32768.0,181,210
5,5,0.00390625,0.03125,189,210
5,5,0.00390625,0.125,189,210
5,5,0.00390625,0.5,189,210
5,5,0.00390625,2.0,189,210
5,5,0.00390625,8.0,189,210
5,5,0.00390625,32.0,189,210
5,5,0.00390625,128.0,189,210
5,5,0.00390625,512.0,189,210
5,5,0.00390625,2048.0,189,210
5,5,0.00390625,8192.0,189,210
5,5,0.00390625,32768.0,189,210
5,5,0.015625,0.03125,193,210
5,5,0.015625,0.125,194,210
5,5,0.015625,0.5,194,210
5,5,0.015625,2.0,194,210
5,5,0.015625,8.0,194,210
5,5,0.015625,32.0,194,210
5,5,0.015625,128.0,194,210
5,5,0.015625,512.0,194,210
5,5,0.015625,2048.0,194,210
5,5,0.015625,8192.0,194,210
5,5,0.015625,32768.0,194,210
5,5,0.0625,0.03125,186,210
5,5,0.0625,0.125,194,210
5,5,0.0625,0.5,193,210
5,5,0.0625,2.0,193,210
5,5,0.0625,8.0,193,210
5,5,0.0625,32.0,193,210
5,5,0.0625,128.0,193,210
5,5,0.0625,512.0,193,210
5,5,0.0625,2048.0,193,210
5,5,0.0625,8192.0,193,210
5,5,0.0625,32768.0,193,210
5,5,0.25,0.03125,152,210
5,5,0.25,0.125,182,210
5,5,0.25,0.5,195,210
5,5,0.25,2.0,196,210
5,5,0.25,8.0,194,210
5,5,0.25,32.0,193,210
5,5,0.25,128.0,193,210
5,5,0.25,512.0,193,210
5,5,0.25,2048.0,193,210
5,5,0.25,8192.0,193,210
5,5,0.25,32768.0,193,210
5,5,1.0,0.03125,83,210
5,5,1.0,0.125,96,210
5,5,1.0,0.5,163,210
5,5,1.0,2.0,184,210
5,5,1.0,8.0,197,210
5,5,1.0,32.0,194,210
5,5,1.0,128.0,191,210
5,5,1.0,512.0,191,210
5,5,1.0,2048.0,191,210
5,5,1.0,8192.0,191,210
5,5,1.0,32768.0,191,210
5,5,4.0,0.03125,81,210
5,5,4.0,0.125,81,210
5,5,4.0,0.5,87,210
5,5,4.0,2.0,107,210
5,5,4.0,8.0,150,210
5,5,4.0,32.0,183,210
5,5,4.0,128.0,196,210
5,5,4.0,512.0,195,210
5,5,4.0,2048.0,192,210
5,5,4.0,8192.0,189,210
5,5,4.0,32768.0,189,210
5,5,16.0,0.03125,82,210
5,5,16.0,0.125,82,210
5,5,16.0,0.5,82,210
5,5,16.0,2.0,84,210
5,5,16.0,8.0,92,210
5,5,16.0,32.0,121,210
5,5,16.0,128.0,130,210
5,5,16.0,512.0,182,210
5,5,16.0,2048.0,191,210
5,5,16.0,8192.0,192,210
5,5,16.0,32768.0,191,210
5,5,64.0,0.03125,76,210
5,5,64.0,0.125,76,210
5,5,64.0,0.5,76,210
5,5,64.0,2.0,76,210
5,5,64.0,8.0,76,210
5,5,64.0,32.0,80,210
5,5,64.0,128.0,87,210
5,5,64.0,512.0,114,210
5,5,64.0,2048.0,122,210
5,5,64.0,8192.0,164,210
5,5,64.0,32768.0,185,210
5,5,256.0,0.03125,72,210
5,5,256.0,0.125,72,210
5,5,256.0,0.5,72,210
5,5,256.0,2.0,72,210
5,5,256.0,8.0,72,210
5,5,256.0,32.0,72,210
5,5,256.0,128.0,72,210
5,5,256.0,512.0,76,210
5,5,256.0,2048.0,81,210
5,5,256.0,8192.0,105,210
5,5,256.0,32768.0,113,210
5,5,1024.0,0.03125,62,210
5,5,1024.0,0.125,62,210
5,5,1024.0,0.5,62,210
5,5,1024.0,2.0,62,210
5,5,1024.0,8.0,62,210
5,5,1024.0,32.0,62,210
5,5,1024.0,128.0,62,210
5,5,1024.0,512.0,62,210
5,5,1024.0,2048.0,62,210
5,5,1024.0,8192.0,64,210
5,5,1024.0,32768.0,70,210
5,5,4096.0,0.03125,58,210
5,5,4096.0,0.125,58,210
5,5,4096.0,0.5,58,210
5,5,4096.0,2.0,58,210
5,5,4096.0,8.0,58,210
5,5,4096.0,32.0,58,210
5,5,4096.0,128.0,58,210
5,5,4096.0,512.0,58,210
5,5,4096.0,2048.0,58,210
5,5,4096.0,8192.0,58,210
5,5,4096.0,32768.0,58,210
5,5,16384.0,0.03125,57,210
5,5,16384.0,0.125,57,210
5,5,16384.0,0.5,57,210
5,5,16384.0,2.0,57,210
5,5,16384.0,8.0,57,210
5,5,16384.0,32.0,57,210
5,5,16384.0,128.0,57,210
5,5,16384.0,512.0,57,210
5,5,16384.0,2048.0,57,210
5,5,16384.0,8192.0,57,210
5,5,16384.0,32768.0,57,210
5,5,65536.0,0.03125,57,210
5,5,65536.0,0.125,57,210
5,5,65536.0,0.5,57,210
5,5,65536.0,2.0,57,210
5,5,65536.0,8.0,57,210
5,5,65536.0,32.0,57,210
5,5,65536.0,128.0,57,210
5,5,65536.0,512.0,57,210
5,5,65536.0,2048.0,57,210
5,5,65536.0,8192.0,57,210
5,5,65536.0,32768.0,57,210
5,6,0.000244140625,0.03125,158,210
5,6,0.000244140625,0.125,158,210
5,6,0.000244140625,0.5,158,210
5,6,0.000244140625,2.0,158,210
5,6,0.000244140625,8.0,158,210
5,6,0.000244140625,32.0,158,210
5,6,0.000244140625,128.0,158,210
5,6,0.000244140625,512.0,158,210
5,6,0.000244140625,2048.0,158,210
5,6,0.000244140625,8192.0,158,210
5,6,0.000244140625,32768.0,158,210
5,6,0.0009765625,0.03125,183,210
5,6,0.0009765625,0.125,183,210
5,6,0.0009765625,0.5,183,210
5,6,0.0009765625,2.0,183,210
5,6,0.0009765625,8.0,183,210
5,6,0.0009765625,32.0,183,210
5,6,0.0009765625,128.0,183,210
5,6,0.0009765625,512.0,183,210
5,6,0.0009765625,2048.0,183,210
5,6,0.0009765625,8192.0,183,210
5,6,0.0009765625,32768.0,183,210
5,6,0.00390625,0.03125,186,210
5,6,0.00390625,0.125,186,210
5,6,0.00390625,0.5,186,210
5,6,0.00390625,2.0,186,210
5,6,0.00390625,8.0,186,210
5,6,0.00390625,32.0,186,210
5,6,0.00390625,128.0,186,210
5,6,0.00390625,512.0,186,210
5,6,0.00390625,2048.0,186,210
5,6,0.00390625,8192.0,186,210
5,6,0.00390625,32768.0,186,210
5,6,0.015625,0.03125,188,210
5,6,0.015625,0.125,189,210
5,6,0.015625,0.5,189,210
5,6,0.015625,2.0,189,210
5,6,0.015625,8.0,189,210
5,6,0.015625,32.0,189,210
5,6,0.015625,128.0,189,210
5,6,0.015625,512.0,189,210
5,6,0.015625,2048.0,189,210
5,6,0.015625,8192.0,189,210
5,6,0.015625,32768.0,189,210
5,6,0.0625,0.03125,189,210
5,6,0.0625,0.125,192,210
5,6,0.0625,0.5,191,210
5,6,0.0625,2.0,191,210
5,6,0.0625,8.0,191,210
5,6,0.0625,32.0,191,210
5,6,0.0625,128.0,191,210
5,6,0.0625,512.0,191,210
5,6,0.0625,2048.0,191,210
5,6,0.0625,8192.0,191,210
5,6,0.0625,32768.0,191,210
5,6,0.25,0.03125,145,210
5,6,0.25,0.125,178,210
5,6,0.25,0.5,192,210
5,6,0.25,2.0,193,210
5,6,0.25,8.0,193,210
5,6,0.25,32.0,193,210
5,6,0.25,128.0,193,210
5,6,0.25,512.0,193,210
5,6,0.25,2048.0,193,210
5,6,0.25,8192.0,193,210
5,6,0.25,32768.0,193,210
5,6,1.0,0.03125,86,210
5,6,1.0,0.125,104,210
5,6,1.0,0.5,158,210
5,6,1.0,2.0,180,210
5,6,1.0,8.0,192,210
5,6,1.0,32.0,193,210
5,6,1.0,128.0,192,210
5,6,1.0,512.0,193,210
5,6,1.0,2048.0,193,210
5,6,1.0,8192.0,193,210
5,6,1.0,32768.0,193,210
5,6,4.0,0.03125,81,210
5,6,4.0,0.125,81,210
5,6,4.0,0.5,85,210
5,6,4.0,2.0,103,210
5,6,4.0,8.0,147,210
5,6,4.0,32.0,174,210
5,6,4.0,128.0,191,210
5,6,4.0,512.0,191,210
5,6,4.0,2048.0,190,210
5,6,4.0,8192.0,192,210
5,6,4.0,32768.0,191,210
5,6,16.0,0.03125,78,210
5,6,16.0,0.125,78,210
5,6,16.0,0.5,78,210
5,6,16.0,2.0,78,210
5,6,16.0,8.0,87,210
5,6,16.0,32.0,107,210
5,6,16.0,128.0,126,210
5,6,16.0,512.0,172,210
5,6,16.0,2048.0,188,210
5,6,16.0,8192.0,188,210
5,6,16.0,32768.0,187,210
5,6,64.0,0.03125,78,210
5,6,64.0,0.125,78,210
5,6,64.0,0.5,78,210
5,6,64.0,2.0,78,210
5,6,64.0,8.0,78,210
5,6,64.0,32.0,82,210
5,6,64.0,128.0,90,210
5,6,64.0,512.0,110,210
5,6,64.0,2048.0,121,210
5,6,64.0,8192.0,166,210
5,6,64.0,32768.0,182,210
5,6,256.0,0.03125,72,210
5,6,256.0,0.125,72,210
5,6,256.0,0.5,72,210
5,6,256.0,2.0,72,210
5,6,256.0,8.0,72,210
5,6,256.0,32.0,72,210
5,6,256.0,128.0,72,210
5,6,256.0,512.0,74,210
5,6,256.0,2048.0,82,210
5,6,256.0,8192.0,99,210
5,6,256.0,32768.0,115,210
5,6,1024.0,0.03125,61,210
5,6,1024.0,0.125,61,210
5,6,1024.0,0.5,61,210
5,6,1024.0,2.0,61,210
5,6,1024.0,8.0,61,210
5,6,1024.0,32.0,61,210
5,6,1024.0,128.0,61,210
5,6,1024.0,512.0,61,210
5,6,1024.0,2048.0,61,210
5,6,1024.0,8192.0,63,210
5,6,1024.0,32768.0,71,210
5,6,4096.0,0.03125,55,210
5,6,4096.0,0.125,55,210
5,6,4096.0,0.5,55,210
5,6,4096.0,2.0,55,210
5,6,4096.0,8.0,55,210
5,6,4096.0,32.0,55,210
5,6,4096.0,128.0,55,210
5,6,4096.0,512.0,55,210
5,6,4096.0,2048.0,55,210
5,6,4096.0,8192.0,55,210
5,6,4096.0,32768.0,55,210
5,6,16384.0,0.03125,53,210
5,6,16384.0,0.125,53,210
5,6,16384.0,0.5,53,210
5,6,16384.0,2.0,53,210
5,6,16384.0,8.0,53,210
5,6,16384.0,32.0,53,210
5,6,16384.0,128.0,53,210
5,6,16384.0,512.0,53,210
5,6,16384.0,2048.0,53,210
5,6,16384.0,8192.0,53,210
5,6,16384.0,32768.0,53,210
5,6,65536.0,0.03125,53,210
5,6,65536.0,0.125,53,210
5,6,65536.0,0.5,53,210
5,6,65536.0,2.0,53,210
5,6,65536.0,8.0,53,210
5,6,65536.0,32.0,53,210
5,6,65536.0,128.0,53,210
5,6,65536.0,512.0,53,210
5,6,65536.0,2048.0,53,210
5,6,65536.0,8192.0,53,210
5,6,65536.0,32768.0,53,210
5,7,0.000244140625,0.03125,169,210
5,7,0.000244140625,0.125,169,210
5,7,0.000244140625,0.5,169,210
5,7,0.000244140625,2.0,169,210
5,7,0.000244140625,8.0,169,210
5,7,0.000244140625,32.0,169,210
5,7,0.000244140625,128.0,169,210
5,7,0.000244140625,512.0,169,210
5,7,0.000244140625,2048.0,169,210
5,7,0.000244140625,8192.0,169,210
5,7,0.000244140625,32768.0,169,210
5,7,0.0009765625,0.03125,184,210
5,7,0.0009765625,0.125,184,210
5,7,0.0009765625,0.5,184,210
5,7,0.0009765625,2.0,184,210
5,7,0.0009765625,8.0,184,210
5,7,0.0009765625,32.0,184,210
5,7,0.0009765625,128.0,184,210
5,7,0.0009765625,512.0,184,210
5,7,0.0009765625,2048.0,184,210
5,7,0.0009765625,8192.0,184,210
5,7,0.0009765625,32768.0,184,210
5,7,0.00390625,0.03125,189,210
5,7,0.00390625,0.125,189,210
5,7,0.00390625,0.5,189,210
5,7,0.00390625,2.0,189,210
5,7,0.00390625,8.0,189,210
5,7,0.00390625,32.0,189,210
5,7,0.00390625,128.0,189,210
5,7,0.00390625,512.0,189,210
5,7,0.00390625,2048.0,189,210
5,7,0.00390625,8192.0,189,210
5,7,0.00390625,32768.0,189,210
5,7,0.015625,0.03125,190,210
5,7,0.015625,0.125,191,210
5,7,0.015625,0.5,191,210
5,7,0.015625,2.0,191,210
5,7,0.015625,8.0,191,210
5,7,0.015625,32.0,191,210
5,7,0.015625,128.0,191,210
5,7,0.015625,512.0,191,210
5,7,0.015625,2048.0,191,210
5,7,0.015625,8192.0,191,210
5,7,0.015625,32768.0,191,210
5,7,0.0625,0.03125,186,210
5,7,0.0625,0.125,193,210
5,7,0.0625,0.5,195,210
5,7,0.0625,2.0,195,210
5,7,0.0625,8.0,195,210
5,7,0.0625,32.0,195,210
5,7,0.0625,128.0,195,210
5,7,0.0625,512.0,195,210
5,7,0.0625,2048.0,195,210
5,7,0.0625,8192.0,195,210
5,7,0.0625,32768.0,195,210
5,7,0.25,0.03125,150,210
5,7,0.25,0.125,180,210
5,7,0.25,0.5,194,210
5,7,0.25,2.0,198,210
5,7,0.25,8.0,199,210
5,7,0.25,32.0,199,210
5,7,0.25,128.0,199,210
5,7,0.25,512.0,199,210
5,7,0.25,2048.0,199,210
5,7,0.25,8192.0,199,210
5,7,0.25,32768.0,199,210
5,7,1.0,0.03125,84,210
5,7,1.0,0.125,99,210
5,7,1.0,0.5,155,210
5,7,1.0,2.0,178,210
5,7,1.0,8.0,193,210
5,7,1.0,32.0,196,210
5,7,1.0,128.0,195,210
5,7,1.0,512.0,194,210
5,7,1.0,2048.0,194,210
5,7,1.0,8192.0,194,210
5,7,1.0,32768.0,194,210
5,7,4.0,0.03125,77,210
5,7,4.0,0.125,77,210
5,7,4.0,0.5,77,210
5,7,4.0,2.0,99,210
5,7,4.0,8.0,137,210
5,7,4.0,32.0,170,210
5,7,4.0,128.0,192,210
5,7,4.0,512.0,194,210
5,7,4.0,2048.0,193,210
5,7,4.0,8192.0,193,210
5,7,4.0,32768.0,192,210
5,7,16.0,0.03125,83,210
5,7,16.0,0.125,83,210
5,7,16.0,0.5,83,210
5,7,16.0,2.0,83,210
5,7,16.0,8.0,88,210
5,7,16.0,32.0,118,210
5,7,16.0,128.0,134,210
5,7,16.0,512.0,176,210
5,7,16.0,2048.0,189,210
5,7,16.0,8192.0,189,210
5,7,16.0,32768.0,188,210
5,7,64.0,0.03125,77,210
5,7,64.0,0.125,77,210
5,7,64.0,0.5,77,210
5,7,64.0,2.0,77,210
5,7,64.0,8.0,77,210
5,7,64.0,32.0,77,210
5,7,64.0,128.0,85,210
5,7,64.0,512.0,116,210
5,7,64.0,2048.0,127,210
5,7,64.0,8192.0,166,210
5,7,64.0,32768.0,184,210
5,7,256.0,0.03125,68,210
5,7,256.0,0.125,68,210
5,7,256.0,0.5,68,210
5,7,256.0,2.0,68,210
5,7,256.0,8.0,68,210
5,7,256.0,32.0,68,210
5,7,256.0,128.0,68,210
5,7,256.0,512.0,68,210
5,7,256.0,2048.0,72,210
5,7,256.0,8192.0,100,210
5,7,256.0,32768.0,112,210
5,7,1024.0,0.03125,58,210
5,7,1024.0,0.125,58,210
5,7,1024.0,0.5,58,210
5,7,1024.0,2.0,58,210
5,7,1024.0,8.0,58,210
5,7,1024.0,32.0,58,210
5,7,1024.0,128.0,58,210
5,7,1024.0,512.0,58,210
5,7,1024.0,2048.0,58,210
5,7,1024.0,8192.0,58,210
5,7,1024.0,32768.0,63,210
5,7,4096.0,0.03125,57,210
5,7,4096.0,0.125,57,210
5,7,4096.0,0.5,57,210
5,7,4096.0,2.0,57,210
5,7,4096.0,8.0,57,210
5,7,4096.0,32.0,57,210
5,7,4096.0,128.0,57,210
5,7,4096.0,512.0,57,210
5,7,4096.0,2048.0,57,210
5,7,4096.0,8192.0,57,210
5,7,4096.0,32768.0,57,210
5,7,16384.0,0.03125,57,210
5,7,16384.0,0.125,57,210
5,7,16384.0,0.5,57,210
5,7,16384.0,2.0,57,210
5,7,16384.0,8.0,57,210
5,7,16384.0,32.0,57,210
5,7,16384.0,128.0,57,210
5,7,16384.0,512.0,57,210
5,7,16384.0,2048.0,57,210
5,7,16384.0,8192.0,57,210
5,7,16384.0,32768.0,57,210
5,7,65536.0,0.03125,57,210
5,7,65536.0,0.125,57,210
5,7,65536.0,0.5,57,210
5,7,65536.0,2.0,57,210
5,7,65536.0,8.0,57,210
5,7,65536.0,32.0,57,210
5,7,65536.0,128.0,57,210
5,7,65536.0,512.0,57,210
5,7,65536.0,2048.0,57,210
5,7,65536.0,8192.0,57,210
5,7,65536.0,32768.0,57,210
5,8,0.000244140625,0.03125,162,210
5,8,0.000244140625,0.125,162,210
5,8,0.000244140625,0.5,162,210
5,8,0.000244140625,2.0,162,210
5,8,0.000244140625,8.0,162,210
5,8,0.000244140625,32.0,162,210
5,8,0.000244140625,128.0,162,210
5,8,0.000244140625,512.0,162,210
5,8,0.000244140625,2048.0,162,210
5,8,0.000244140625,8192.0,162,210
5,8,0.000244140625,32768.0,162,210
5,8,0.0009765625,0.03125,189,210
5,8,0.0009765625,0.125,189,210
5,8,0.0009765625,0.5,189,210
5,8,0.0009765625,2.0,189,210
5,8,0.0009765625,8.0,189,210
5,8,0.0009765625,32.0,189,210
5,8,0.0009765625,128.0,189,210
5,8,0.0009765625,512.0,189,210
5,8,0.0009765625,2048.0,189,210
5,8,0.0009765625,8192.0,189,210
5,8,0.0009765625,32768.0,189,210
5,8,0.00390625,0.03125,192,210
5,8,0.00390625,0.125,192,210
5,8,0.00390625,0.5,192,210
5,8,0.00390625,2.0,192,210
5,8,0.00390625,8.0,192,210
5,8,0.00390625,32.0,192,210
5,8,0.00390625,128.0,192,210
5,8,0.00390625,512.0,192,210
5,8,0.00390625,2048.0,192,210
5,8,0.00390625,8192.0,192,210
5,8,0.00390625,32768.0,192,210
5,8,0.015625,0.03125,193,210
5,8,0.015625,0.125,195,210
5,8,0.015625,0.5,195,210
5,8,0.015625,2.0,195,210
5,8,0.015625,8.0,195,210
5,8,0.015625,32.0,195,210
5,8,0.015625,128.0,195,210
5,8,0.015625,512.0,195,210
5,8,0.015625,2048.0,195,210
5,8,0.015625,8192.0,195,210
5,8,0.015625,32768.0,195,210
5,8,0.0625,0.03125,191,210
5,8,0.0625,0.125,193,210
5,8,0.0625,0.5,195,210
5,8,0.0625,2.0,195,210
5,8,0.0625,8.0,195,210
5,8,0.0625,32.0,195,210
5,8,0.0625,128.0,195,210
5,8,0.0625,512.0,195,210
5,8,0.0625,2048.0,195,210
5,8,0.0625,8192.0,195,210
5,8,0.0625,32768.0,195,210
5,8,0.25,0.03125,152,210
5,8,0.25,0.125,189,210
5,8,0.25,0.5,196,210
5,8,0.25,2.0,195,210
5,8,0.25,8.0,194,210
5,8,0.25,32.0,193,210
5,8,0.25,128.0,193,210
5,8,0.25,512.0,193,210
5,8,0.25,2048.0,193,210
5,8,0.25,8192.0,193,210
5,8,0.25,32768.0,193,210
5,8,1.0,0.03125,84,210
5,8,1.0,0.125,101,210
5,8,1.0,0.5,164,210
5,8,1.0,2.0,189,210
5,8,1.0,8.0,194,210
5,8,1.0,32.0,193,210
5,8,1.0,128.0,192,210
5,8,1.0,512.0,191,210
5,8,1.0,2048.0,191,210
5,8,1.0,8192.0,191,210
5,8,1.0,32768.0,191,210
5,8,4.0,0.03125,80,210
5,8,4.0,0.125,80,210
5,8,4.0,0.5,81,210
5,8,4.0,2.0,112,210
5,8,4.0,8.0,157,210
5,8,4.0,32.0,185,210
5,8,4.0,128.0,190,210
5,8,4.0,512.0,191,210
5,8,4.0,2048.0,193,210
5,8,4.0,8192.0,190,210
5,8,4.0,32768.0,190,210
5,8,16.0,0.03125,86,210
5,8,16.0,0.125,86,210
5,8,16.0,0.5,86,210
5,8,16.0,2.0,86,210
5,8,16.0,8.0,90,210
5,8,16.0,32.0,121,210
5,8,16.0,128.0,156,210
5,8,16.0,512.0,188,210
5,8,16.0,2048.0,189,210
5,8,16.0,8192.0,190,210
5,8,16.0,32768.0,192,210
5,8,64.0,0.03125,81,210
5,8,64.0,0.125,81,210
5,8,64.0,0.5,81,210
5,8,64.0,2.0,81,210
5,8,64.0,8.0,81,210
5,8,64.0,32.0,82,210
5,8,64.0,128.0,88,210
5,8,64.0,512.0,115,210
5,8,64.0,2048.0,136,210
5,8,64.0,8192.0,175,210
5,8,64.0,32768.0,187,210
5,8,256.0,0.03125,76,210
5,8,256.0,0.125,76,210
5,8,256.0,0.5,76,210
5,8,256.0,2.0,76,210
5,8,256.0,8.0,76,210
5,8,256.0,32.0,76,210
5,8,256.0,128.0,76,210
5,8,256.0,512.0,76,210
5,8,256.0,2048.0,81,210
5,8,256.0,8192.0,101,210
5,8,256.0,32768.0,124,210
5,8,1024.0,0.03125,62,210
5,8,1024.0,0.125,62,210
5,8,1024.0,0.5,62,210
5,8,1024.0,2.0,62,210
5,8,1024.0,8.0,62,210
5,8,1024.0,32.0,62,210
5,8,1024.0,128.0,62,210
5,8,1024.0,512.0,62,210
5,8,1024.0,2048.0,62,210
5,8,1024.0,8192.0,62,210
5,8,1024.0,32768.0,68,210
5,8,4096.0,0.03125,58,210
5,8,4096.0,0.125,58,210
5,8,4096.0,0.5,58,210
5,8,4096.0,2.0,58,210
5,8,4096.0,8.0,58,210
5,8,4096.0,32.0,58,210
5,8,4096.0,128.0,58,210
5,8,4096.0,512.0,58,210
5,8,4096.0,2048.0,58,210
5,8,4096.0,8192.0,58,210
5,8,4096.0,32768.0,58,210
5,8,16384.0,0.03125,56,210
5,8,16384.0,0.125,56,210
5,8,16384.0,0.5,56,210
5,8,16384.0,2.0,56,210
5,8,16384.0,8.0,56,210
5,8,16384.0,32.0,56,210
5,8,16384.0,128.0,56,210
5,8,16384.0,512.0,56,210
5,8,16384.0,2048.0,56,210
5,8,16384.0,8192.0,56,210
5,8,16384.0,32768.0,56,210
5,8,65536.0,0.03125,55,210
5,8,65536.0,0.125,55,210
5,8,65536.0,0.5,55,210
5,8,65536.0,2.0,55,210
5,8,65536.0,8.0,55,210
5,8,65536.0,32.0,55,210
5,8,65536.0,128.0,55,210
5,8,65536.0,512.0,55,210
5,8,65536.0,2048.0,55,210
5,8,65536.0,8192.0,55,210
5,8,65536.0,32768.0,55,210
5,9,0.000244140625,0.03125,157,210
5,9,0.000244140625,0.125,157,210
5,9,0.000244140625,0.5,157,210
5,9,0.000244140625,2.0,157,210
5,9,0.000244140625,8.0,157,210
5,9,0.000244140625,32.0,157,210
5,9,0.000244140625,128.0,157,210
5,9,0.000244140625,512.0,157,210
5,9,0.000244140625,2048.0,157,210
5,9,0.000244140625,8192.0,157,210
5,9,0.000244140625,32768.0,157,210
5,9,0.0009765625,0.03125,175,210
5,9,0.0009765625,0.125,175,210
5,9,0.0009765625,0.5,175,210
5,9,0.0009765625,2.0,175,210
5,9,0.0009765625,8.0,175,210
5,9,0.0009765625,32.0,175,210
5,9,0.0009765625,128.0,175,210
5,9,0.0009765625,512.0,175,210
5,9,0.0009765625,2048.0,175,210
5,9,0.0009765625,8192.0,175,210
5,9,0.0009765625,32768.0,175,210
5,9,0.00390625,0.03125,181,210
5,9,0.00390625,0.125,181,210
5,9,0.00390625,0.5,181,210
5,9,0.00390625,2.0,181,210
5,9,0.00390625,8.0,181,210
5,9,0.00390625,32.0,181,210
5,9,0.00390625,128.0,181,210
5,9,0.00390625,512.0,181,210
5,9,0.00390625,2048.0,181,210
5,9,0.00390625,8192.0,181,210
5,9,0.00390625,32768.0,181,210
5,9,0.015625,0.03125,186,210
5,9,0.015625,0.125,186,210
5,9,0.015625,0.5,186,210
5,9,0.015625,2.0,186,210
5,9,0.015625,8.0,186,210
5,9,0.015625,32.0,186,210
5,9,0.015625,128.0,186,210
5,9,0.015625,512.0,186,210
5,9,0.015625,2048.0,186,210
5,9,0.015625,8192.0,186,210
5,9,0.015625,32768.0,186,210
5,9,0.0625,0.03125,189,210
5,9,0.0625,0.125,188,210
5,9,0.0625,0.5,190,210
5,9,0.0625,2.0,190,210
5,9,0.0625,8.0,190,210
5,9,0.0625,32.0,190,210
5,9,0.0625,128.0,190,210
5,9,0.0625,512.0,190,210
5,9,0.0625,2048.0,190,210
5,9,0.0625,8192.0,190,210
5,9,0.0625,32768.0,190,210
5,9,0.25,0.03125,146,210
5,9,0.25,0.125,179,210
5,9,0.25,0.5,192,210
5,9,0.25,2.0,191,210
5,9,0.25,8.0,191,210
5,9,0.25,32.0,191,210
5,9,0.25,128.0,191,210
5,9,0.25,512.0,191,210
5,9,0.25,2048.0,191,210
5,9,0.25,8192.0,191,210
5,9,0.25,32768.0,191,210
5,9,1.0,0.03125,82,210
5,9,1.0,0.125,93,210
5,9,1.0,0.5,162,210
5,9,1.0,2.0,184,210
5,9,1.0,8.0,192,210
5,9,1.0,32.0,189,210
5,9,1.0,128.0,190,210
5,9,1.0,512.0,189,210
5,9,1.0,2048.0,188,210
5,9,1.0,8192.0,188,210
5,9,1.0,32768.0,188,210
5,9,4.0,0.03125,84,210
5,9,4.0,0.125,84,210
5,9,4.0,0.5,84,210
5,9,4.0,2.0,115,210
5,9,4.0,8.0,145,210
5,9,4.0,32.0,179,210
5,9,4.0,128.0,188,210
5,9,4.0,512.0,187,210
5,9,4.0,2048.0,186,210
5,9,4.0,8192.0,185,210
5,9,4.0,32768.0,184,210
5,9,16.0,0.03125,83,210
5,9,16.0,0.125,83,210
5,9,16.0,0.5,83,210
5,9,16.0,2.0,83,210
5,9,16.0,8.0,85,210
5,9,16.0,32.0,122,210
5,9,16.0,128.0,134,210
5,9,16.0,512.0,172,210
5,9,16.0,2048.0,185,210
5,9,16.0,8192.0,186,210
5,9,16.0,32768.0,185,210
5,9,64.0,0.03125,77,210
5,9,64.0,0.125,77,210
5,9,64.0,0.5,77,210
5,9,64.0,2.0,77,210
5,9,64.0,8.0,77,210
5,9,64.0,32.0,77,210
5,9,64.0,128.0,80,210
5,9,64.0,512.0,122,210
5,9,64.0,2048.0,129,210
5,9,64.0,8192.0,167,210
5,9,64.0,32768.0,182,210
5,9,256.0,0.03125,77,210
5,9,256.0,0.125,77,210
5,9,256.0,0.5,77,210
5,9,256.0,2.0,77,210
5,9,256.0,8.0,77,210
5,9,256.0,32.0,77,210
5,9,256.0,128.0,77,210
5,9,256.0,512.0,77,210
5,9,256.0,2048.0,80,210
5,9,256.0,8192.0,108,210
5,9,256.0,32768.0,127,210
5,9,1024.0,0.03125,69,210
5,9,1024.0,0.125,69,210
5,9,1024.0,0.5,69,210
5,9,1024.0,2.0,69,210
5,9,1024.0,8.0,69,210
5,9,1024.0,32.0,69,210
5,9,1024.0,128.0,69,210
5,9,1024.0,512.0,69,210
5,9,1024.0,2048.0,69,210
5,9,1024.0,8192.0,69,210
5,9,1024.0,32768.0,72,210
5,9,4096.0,0.03125,67,210
5,9,4096.0,0.125,67,210
5,9,4096.0,0.5,67,210
5,9,4096.0,2.0,67,210
5,9,4096.0,8.0,67,210
5,9,4096.0,32.0,67,210
5,9,4096.0,128.0,67,210
5,9,4096.0,512.0,67,210
5,9,4096.0,2048.0,67,210
5,9,4096.0,8192.0,67,210
5,9,4096.0,32768.0,67,210
5,9,16384.0,0.03125,67,210
5,9,16384.0,0.125,67,210
5,9,16384.0,0.5,67,210
5,9,16384.0,2.0,67,210
5,9,16384.0,8.0,67,210
5,9,16384.0,32.0,67,210
5,9,16384.0,128.0,67,210
5,9,16384.0,512.0,67,210
5,9,16384.0,2048.0,67,210
5,9,16384.0,8192.0,67,210
5,9,16384.0,32768.0,67,210
5,9,65536.0,0.03125,67,210
5,9,65536.0,0.125,67,210
5,9,65536.0,0.5,67,210
5,9,65536.0,2.0,67,210
5,9,65536.0,8.0,67,210
5,9,65536.0,32.0,67,210
5,9,65536.0,128.0,67,210
5,9,65536.0,512.0,67,210
5,9,65536.0,2048.0,67,210
5,9,65536.0,8192.0,67,210
5,9,65536.0,32768.0,67,210
5,10,0.000244140625,0.03125,146,210
5,10,0.000244140625,0.125,146,210
5,10,0.000244140625,0.5,146,210
5,10,0.000244140625,2.0,146,210
5,10,0.000244140625,8.0,146,210
5,10,0.000244140625,32.0,146,210
5,10,0.000244140625,128.0,146,210
5,10,0.000244140625,512.0,146,210
5,10,0.000244140625,2048.0,146,210
5,10,0.000244140625,8192.0,146,210
5,10,0.000244140625,32768.0,146,210
5,10,0.0009765625,0.03125,178,210
5,10,0.0009765625,0.125,178,210
5,10,0.0009765625,0.5,178,210
5,10,0.0009765625,2.0,178,210
5,10,0.0009765625,8.0,178,210
5,10,0.0009765625,32.0,178,210
5,10,0.0009765625,128.0,178,210
5,10,0.0009765625,512.0,178,210
5,10,0.0009765625,2048.0,178,210
5,10,0.0009765625,8192.0,178,210
5,10,0.0009765625,32768.0,178,210
5,10,0.00390625,0.03125,183,210
5,10,0.00390625,0.125,183,210
5,10,0.00390625,0.5,183,210
5,10,0.00390625,2.0,183,210
5,10,0.00390625,8.0,183,210
5,10,0.00390625,32.0,183,210
5,10,0.00390625,128.0,183,210
5,10,0.00390625,512.0,183,210
5,10,0.00390625,2048.0,183,210
5,10,0.00390625,8192.0,183,210
5,10,0.00390625,32768.0,183,210
5,10,0.015625,0.03125,189,210
5,10,0.015625,0.125,188,210
5,10,0.015625,0.5,188,210
5,10,0.015625,2.0,188,210
5,10,0.015625,8.0,188,210
5,10,0.015625,32.0,188,210
5,10,0.015625,128.0,188,210
5,10,0.015625,512.0,188,210
5,10,0.015625,2048.0,188,210
5,10,0.015625,8192.0,188,210
5,10,0.015625,32768.0,188,210
5,10,0.0625,0.03125,182,210
5,10,0.0625,0.125,189,210
5,10,0.0625,0.5,189,210
5,10,0.0625,2.0,189,210
5,10,0.0625,8.0,189,210
5,10,0.0625,32.0,189,210
5,10,0.0625,128.0,189,210
5,10,0.0625,512.0,189,210
5,10,0.0625,2048.0,189,210
5,10,0.0625,8192.0,189,210
5,10,0.0625,32768.0,189,210
5,10,0.25,0.03125,147,210
5,10,0.25,0.125,178,210
5,10,0.25,0.5,192,210
5,10,0.25,2.0,190,210
5,10,0.25,8.0,190,210
5,10,0.25,32.0,190,210
5,10,0.25,128.0,190,210
5,10,0.25,512.0,190,210
5,10,0.25,2048.0,190,210
5,10,0.25,8192.0,190,210
5,10,0.25,32768.0,190,210
5,10,1.0,0.03125,85,210
5,10,1.0,0.125,101,210
5,10,1.0,0.5,160,210
5,10,1.0,2.0,181,210
5,10,1.0,8.0,192,210
5,10,1.0,32.0,192,210
5,10,1.0,128.0,190,210
5,10,1.0,512.0,190,210
5,10,1.0,2048.0,190,210
5,10,1.0,8192.0,190,210
5,10,1.0,32768.0,190,210
5,10,4.0,0.03125,87,210
5,10,4.0,0.125,87,210
5,10,4.0,0.5,87,210
5,10,4.0,2.0,111,210
5,10,4.0,8.0,151,210
5,10,4.0,32.0,177,210
5,10,4.0,128.0,188,210
5,10,4.0,512.0,190,210
5,10,4.0,2048.0,189,210
5,10,4.0,8192.0,190,210
5,10,4.0,32768.0,189,210
5,10,16.0,0.03125,82,210
5,10,16.0,0.125,82,210
5,10,16.0,0.5,82,210
5,10,16.0,2.0,82,210
5,10,16.0,8.0,87,210
5,10,16.0,32.0,117,210
5,10,16.0,128.0,140,210
5,10,16.0,512.0,174,210
5,10,16.0,2048.0,188,210
5,10,16.0,8192.0,189,210
5,10,16.0,32768.0,187,210
5,10,64.0,0.03125,82,210
5,10,64.0,0.125,82,210
5,10,64.0,0.5,82,210
5,10,64.0,2.0,82,210
5,10,64.0,8.0,82,210
5,10,64.0,32.0,82,210
5,10,64.0,128.0,88,210
5,10,64.0,512.0,116,210
5,10,64.0,2048.0,134,210
5,10,64.0,8192.0,171,210
5,10,64.0,32768.0,185,210
5,10,256.0,0.03125,73,210
5,10,256.0,0.125,73,210
5,10,256.0,0.5,73,210
5,10,256.0,2.0,73,210
5,10,256.0,8.0,73,210
5,10,256.0,32.0,73,210
5,10,256.0,128.0,73,210
5,10,256.0,512.0,73,210
5,10,256.0,2048.0,79,210
5,10,256.0,8192.0,107,210
5,10,256.0,32768.0,120,210
5,10,1024.0,0.03125,53,210
5,10,1024.0,0.125,53,210
5,10,1024.0,0.5,53,210
5,10,1024.0,2.0,53,210
5,10,1024.0,8.0,53,210
5,10,1024.0,32.0,53,210
5,10,1024.0,128.0,53,210
5,10,1024.0,512.0,53,210
5,10,1024.0,2048.0,53,210
5,10,1024.0,8192.0,53,210
5,10,1024.0,32768.0,59,210
5,10,4096.0,0.03125,53,210
5,10,4096.0,0.125,53,210
5,10,4096.0,0.5,53,210
5,10,4096.0,2.0,53,210
5,10,4096.0,8.0,53,210
5,10,4096.0,32.0,53,210
5,10,4096.0,128.0,53,210
5,10,4096.0,512.0,53,210
5,10,4096.0,2048.0,53,210
5,10,4096.0,8192.0,53,210
5,10,4096.0,32768.0,53,210
5,10,16384.0,0.03125,52,210
5,10,16384.0,0.125,52,210
5,10,16384.0,0.5,52,210
5,10,16384.0,2.0,52,210
5,10,16384.0,8.0,52,210
5,10,16384.0,32.0,52,210
5,10,16384.0,128.0,52,210
5,10,16384.0,512.0,52,210
5,10,16384.0,2048.0,52,210
5,10,16384.0,8192.0,52,210
5,10,16384.0,32768.0,52,210
5,10,65536.0,0.03125,52,210
5,10,65536.0,0.125,52,210
5,10,65536.0,0.5,52,210
5,10,65536.0,2.0,52,210
5,10,65536.0,8.0,52,210
5,10,65536.0,32.0,52,210
5,10,65536.0,128.0,52,210
5,10,65536.0,512.0,52,210
5,10,65536.0,2048.0,52,210
5,10,65536.0,8192.0,52,210
5,10,65536.0,32768.0,52,210
6,1,0.000244140625,0.03125,178,210
6,1,0.000244140625,0.125,178,210
6,1,0.000244140625,0.5,178,210
6,1,0.000244140625,2.0,178,210
6,1,0.000244140625,8.0,178,210
6,1,0.000244140625,32.0,178,210
6,1,0.000244140625,128.0,178,210
6,1,0.000244140625,512.0,178,210
6,1,0.000244140625,2048.0,178,210
6,1,0.000244140625,8192.0,178,210
6,1,0.000244140625,32768.0,178,210
6,1,0.0009765625,0.03125,187,210
6,1,0.0009765625,0.125,187,210
6,1,0.0009765625,0.5,187,210
6,1,0.0009765625,2.0,187,210
6,1,0.0009765625,8.0,187,210
6,1,0.0009765625,32.0,187,210
6,1,0.0009765625,128.0,187,210
6,1,0.0009765625,512.0,187,210
6,1,0.0009765625,2048.0,187,210
6,1,0.0009765625,8192.0,187,210
6,1,0.0009765625,32768.0,187,210
6,1,0.00390625,0.03125,189,210
6,1,0.00390625,0.125,189,210
6,1,0.00390625,0.5,189,210
6,1,0.00390625,2.0,189,210
6,1,0.00390625,8.0,189,210
6,1,0.00390625,32.0,189,210
6,1,0.00390625,128.0,189,210
6,1,0.00390625,512.0,189,210
6,1,0.00390625,2048.0,189,210
6,1,0.00390625,8192.0,189,210
6,1,0.00390625,32768.0,189,210
6,1,0.015625,0.03125,196,210
6,1,0.015625,0.125,199,210
6,1,0.015625,0.5,199,210
6,1,0.015625,2.0,199,210
6,1,0.015625,8.0,199,210
6,1,0.015625,32.0,199,210
6,1,0.015625,128.0,199,210
6,1,0.015625,512.0,199,210
6,1,0.015625,2048.0,199,210
6,1,0.015625,8192.0,199,210
6,1,0.015625,32768.0,199,210
6,1,0.0625,0.03125,199,210
6,1,0.0625,0.125,200,210
6,1,0.0625,0.5,200,210
6,1,0.0625,2.0,200,210
6,1,0.0625,8.0,200,210
6,1,0.0625,32.0,200,210
6,1,0.0625,128.0,200,210
6,1,0.0625,512.0,200,210
6,1,0.0625,2048.0,200,210
6,1,0.0625,8192.0,200,210
6,1,0.0625,32768.0,200,210
6,1,0.25,0.03125,108,210
6,1,0.25,0.125,192,210
6,1,0.25,0.5,200,210
6,1,0.25,2.0,200,210
6,1,0.25,8.0,197,210
6,1,0.25,32.0,199,210
6,1,0.25,128.0,198,210
6,1,0.25,512.0,198,210
6,1,0.25,2048.0,198,210
6,1,0.25,8192.0,198,210
6,1,0.25,32768.0,198,210
6,1,1.0,0.03125,86,210
6,1,1.0,0.125,86,210
6,1,1.0,0.5,139,210
6,1,1.0,2.0,198,210
6,1,1.0,8.0,199,210
6,1,1.0,32.0,197,210
6,1,1.0,128.0,196,210
6,1,1.0,512.0,198,210
6,1,1.0,2048.0,198,210
6,1,1.0,8192.0,198,210
6,1,1.0,32768.0,198,210
6,1,4.0,0.03125,85,210
6,1,4.0,0.125,85,210
6,1,4.0,0.5,85,210
6,1,4.0,2.0,97,210
6,1,4.0,8.0,140,210
6,1,4.0,32.0,193,210
6,1,4.0,128.0,196,210
6,1,4.0,512.0,196,210
6,1,4.0,2048.0,196,210
6,1,4.0,8192.0,196,210
6,1,4.0,32768.0,197,210
6,1,16.0,0.03125,80,210
6,1,16.0,0.125,80,210
6,1,16.0,0.5,80,210
6,1,16.0,2.0,80,210
6,1,16.0,8.0,80,210
6,1,16.0,32.0,100,210
6,1,16.0,128.0,129,210
6,1,16.0,512.0,185,210
6,1,16.0,2048.0,193,210
6,1,16.0,8192.0,194,210
6,1,16.0,32768.0,194,210
6,1,64.0,0.03125,78,210
6,1,64.0,0.125,78,210
6,1,64.0,0.5,78,210
6,1,64.0,2.0,78,210
6,1,64.0,8.0,78,210
6,1,64.0,32.0,78,210
6,1,64.0,128.0,78,210
6,1,64.0,512.0,89,210
6,1,64.0,2048.0,122,210
6,1,64.0,8192.0,165,210
6,1,64.0,32768.0,184,210
6,1,256.0,0.03125,77,210
6,1,256.0,0.125,77,210
6,1,256.0,0.5,77,210
6,1,256.0,2.0,77,210
6,1,256.0,8.0,77,210
6,1,256.0,32.0,77,210
6,1,256.0,128.0,77,210
6,1,256.0,512.0,77,210
6,1,256.0,2048.0,77,210
6,1,256.0,8192.0,82,210
6,1,256.0,32768.0,115,210
6,1,1024.0,0.03125,72,210
6,1,1024.0,0.125,72,210
6,1,1024.0,0.5,72,210
6,1,1024.0,2.0,72,210
6,1,1024.0,8.0,72,210
6,1,1024.0,32.0,72,210
6,1,1024.0,128.0,72,210
6,1,1024.0,512.0,72,210
6,1,1024.0,2048.0,72,210
6,1,1024.0,8192.0,72,210
6,1,1024.0,32768.0,72,210
6,1,4096.0,0.03125,67,210
6,1,4096.0,0.125,67,210
6,1,4096.0,0.5,67,210
6,1,4096.0,2.0,67,210
6,1,4096.0,8.0,67,210
6,1,4096.0,32.0,67,210
6,1,4096.0,128.0,67,210
6,1,4096.0,512.0,67,210
6,1,4096.0,2048.0,67,210
6,1,4096.0,8192.0,67,210
6,1,4096.0,32768.0,67,210
6,1,16384.0,0.03125,57,210
6,1,16384.0,0.125,57,210
6,1,16384.0,0.5,57,210
6,1,16384.0,2.0,57,210
6,1,16384.0,8.0,57,210
6,1,16384.0,32.0,57,210
6,1,16384.0,128.0,57,210
6,1,16384.0,512.0,57,210
6,1,16384.0,2048.0,57,210
6,1,16384.0,8192.0,57,210
6,1,16384.0,32768.0,57,210
6,1,65536.0,0.03125,56,210
6,1,65536.0,0.125,56,210
6,1,65536.0,0.5,56,210
6,1,65536.0,2.0,56,210
6,1,65536.0,8.0,56,210
6,1,65536.0,32.0,56,210
6,1,65536.0,128.0,56,210
6,1,65536.0,512.0,56,210
6,1,65536.0,2048.0,56,210
6,1,65536.0,8192.0,56,210
6,1,65536.0,32768.0,56,210
6,2,0.000244140625,0.03125,173,210
6,2,0.000244140625,0.125,173,210
6,2,0.000244140625,0.5,173,210
6,2,0.000244140625,2.0,173,210
6,2,0.000244140625,8.0,173,210
6,2,0.000244140625,32.0,173,210
6,2,0.000244140625,128.0,173,210
6,2,0.000244140625,512.0,173,210
6,2,0.000244140625,2048.0,173,210
6,2,0.000244140625,8192.0,173,210
6,2,0.000244140625,32768.0,173,210
6,2,0.0009765625,0.03125,183,210
6,2,0.0009765625,0.125,183,210
6,2,0.0009765625,0.5,183,210
6,2,0.0009765625,2.0,183,210
6,2,0.0009765625,8.0,183,210
6,2,0.0009765625,32.0,183,210
6,2,0.0009765625,128.0,183,210
6,2,0.0009765625,512.0,183,210
6,2,0.0009765625,2048.0,183,210
6,2,0.0009765625,8192.0,183,210
6,2,0.0009765625,32768.0,183,210
6,2,0.00390625,0.03125,183,210
6,2,0.00390625,0.125,183,210
6,2,0.00390625,0.5,183,210
6,2,0.00390625,2.0,183,210
6,2,0.00390625,8.0,183,210
6,2,0.00390625,32.0,183,210
6,2,0.00390625,128.0,183,210
6,2,0.00390625,512.0,183,210
6,2,0.00390625,2048.0,183,210
6,2,0.00390625,8192.0,183,210
6,2,0.00390625,32768.0,183,210
6,2,0.015625,0.03125,190,210
6,2,0.015625,0.125,186,210
6,2,0.015625,0.5,186,210
6,2,0.015625,2.0,186,210
6,2,0.015625,8.0,186,210
6,2,0.015625,32.0,186,210
6,2,0.015625,128.0,186,210
6,2,0.015625,512.0,186,210
6,2,0.015625,2048.0,186,210
6,2,0.015625,8192.0,186,210
6,2,0.015625,32768.0,186,210
6,2,0.0625,0.03125,190,210
6,2,0.0625,0.125,192,210
6,2,0.0625,0.5,191,210
6,2,0.0625,2.0,190,210
6,2,0.0625,8.0,190,210
6,2,0.0625,32.0,190,210
6,2,0.0625,128.0,190,210
6,2,0.0625,512.0,190,210
6,2,0.0625,2048.0,190,210
6,2,0.0625,8192.0,190,210
6,2,0.0625,32768.0,190,210
6,2,0.25,0.03125,109,210
6,2,0.25,0.125,175,210
6,2,0.25,0.5,193,210
6,2,0.25,2.0,193,210
6,2,0.25,8.0,189,210
6,2,0.25,32.0,188,210
6,2,0.25,128.0,188,210
6,2,0.25,512.0,188,210
6,2,0.25,2048.0,188,210
6,2,0.25,8192.0,188,210
6,2,0.25,32768.0,188,210
6,2,1.0,0.03125,88,210
6,2,1.0,0.125,88,210
6,2,1.0,0.5,143,210
6,2,1.0,2.0,191,210
6,2,1.0,8.0,193,210
6,2,1.0,32.0,193,210
6,2,1.0,128.0,193,210
6,2,1.0,512.0,192,210
6,2,1.0,2048.0,191,210
6,2,1.0,8192.0,191,210
6,2,1.0,32768.0,191,210
6,2,4.0,0.03125,88,210
6,2,4.0,0.125,88,210
6,2,4.0,0.5,88,210
6,2,4.0,2.0,94,210
6,2,4.0,8.0,148,210
6,2,4.0,32.0,193,210
6,2,4.0,128.0,194,210
6,2,4.0,512.0,192,210
6,2,4.0,2048.0,191,210
6,2,4.0,8192.0,193,210
6,2,4.0,32768.0,192,210
6,2,16.0,0.03125,87,210
6,2,16.0,0.125,87,210
6,2,16.0,0.5,87,210
6,2,16.0,2.0,87,210
6,2,16.0,8.0,87,210
6,2,16.0,32.0,105,210
6,2,16.0,128.0,142,210
6,2,16.0,512.0,189,210
6,2,16.0,2048.0,189,210
6,2,16.0,8192.0,190,210
6,2,16.0,32768.0,190,210
6,2,64.0,0.03125,85,210
6,2,64.0,0.125,85,210
6,2,64.0,0.5,85,210
6,2,64.0,2.0,85,210
6,2,64.0,8.0,85,210
6,2,64.0,32.0,85,210
6,2,64.0,128.0,85,210
6,2,64.0,512.0,90,210
6,2,64.0,2048.0,129,210
6,2,64.0,8192.0,175,210
6,2,64.0,32768.0,187,210
6,2,256.0,0.03125,82,210
6,2,256.0,0.125,82,210
6,2,256.0,0.5,82,210
6,2,256.0,2.0,82,210
6,2,256.0,8.0,82,210
6,2,256.0,32.0,82,210
6,2,256.0,128.0,82,210
6,2,256.0,512.0,82,210
6,2,256.0,2048.0,82,210
6,2,256.0,8192.0,86,210
6,2,256.0,32768.0,123,210
6,2,1024.0,0.03125,76,210
6,2,1024.0,0.125,76,210
6,2,1024.0,0.5,76,210
6,2,1024.0,2.0,76,210
6,2,1024.0,8.0,76,210
6,2,1024.0,32.0,76,210
6,2,1024.0,128.0,76,210
6,2,1024.0,512.0,76,210
6,2,1024.0,2048.0,76,210
6,2,1024.0,8192.0,76,210
6,2,1024.0,32768.0,76,210
6,2,4096.0,0.03125,73,210
6,2,4096.0,0.125,73,210
6,2,4096.0,0.5,73,210
6,2,4096.0,2.0,73,210
6,2,4096.0,8.0,73,210
6,2,4096.0,32.0,73,210
6,2,4096.0,128.0,73,210
6,2,4096.0,512.0,73,210
6,2,4096.0,2048.0,73,210
6,2,4096.0,8192.0,73,210
6,2,4096.0,32768.0,73,210
6,2,16384.0,0.03125,69,210
6,2,16384.0,0.125,69,210
6,2,16384.0,0.5,69,210
6,2,16384.0,2.0,69,210
6,2,16384.0,8.0,69,210
6,2,16384.0,32.0,69,210
6,2,16384.0,128.0,69,210
6,2,16384.0,512.0,69,210
6,2,16384.0,2048.0,69,210
6,2,16384.0,8192.0,69,210
6,2,16384.0,32768.0,69,210
6,2,65536.0,0.03125,65,210
6,2,65536.0,0.125,65,210
6,2,65536.0,0.5,65,210
6,2,65536.0,2.0,65,210
6,2,65536.0,8.0,65,210
6,2,65536.0,32.0,65,210
6,2,65536.0,128.0,65,210
6,2,65536.0,512.0,65,210
6,2,65536.0,2048.0,65,210
6,2,65536.0,8192.0,65,210
6,2,65536.0,32768.0,65,210
6,3,0.000244140625,0.03125,180,210
6,3,0.000244140625,0.125,180,210
6,3,0.000244140625,0.5,180,210
6,3,0.000244140625,2.0,180,210
6,3,0.000244140625,8.0,180,210
6,3,0.000244140625,32.0,180,210
6,3,0.000244140625,128.0,180,210
6,3,0.000244140625,512.0,180,210
6,3,0.000244140625,2048.0,180,210
6,3,0.000244140625,8192.0,180,210
6,3,0.000244140625,32768.0,180,210
6,3,0.0009765625,0.03125,191,210
6,3,0.0009765625,0.125,191,210
6,3,0.0009765625,0.5,191,210
6,3,0.0009765625,2.0,191,210
6,3,0.0009765625,8.0,191,210
6,3,0.0009765625,32.0,191,210
6,3,0.0009765625,128.0,191,210
6,3,0.0009765625,512.0,191,210
6,3,0.0009765625,2048.0,191,210
6,3,0.0009765625,8192.0,191,210
6,3,0.0009765625,32768.0,191,210
6,3,0.00390625,0.03125,191,210
6,3,0.00390625,0.125,191,210
6,3,0.00390625,0.5,191,210
6,3,0.00390625,2.0,191,210
6,3,0.00390625,8.0,191,210
6,3,0.00390625,32.0,191,210
6,3,0.00390625,128.0,191,210
6,3,0.00390625,512.0,191,210
6,3,0.00390625,2048.0,191,210
6,3,0.00390625,8192.0,191,210
6,3,0.00390625,32768.0,191,210
6,3,0.015625,0.03125,196,210
6,3,0.015625,0.125,193,210
6,3,0.015625,0.5,193,210
6,3,0.015625,2.0,193,210
6,3,0.015625,8.0,193,210
6,3,0.015625,32.0,193,210
6,3,0.015625,128.0,193,210
6,3,0.015625,512.0,193,210
6,3,0.015625,2048.0,193,210
6,3,0.015625,8192.0,193,210
6,3,0.015625,32768.0,193,210
6,3,0.0625,0.03125,198,210
6,3,0.0625,0.125,198,210
6,3,0.0625,0.5,197,210
6,3,0.0625,2.0,196,210
6,3,0.0625,8.0,196,210
6,3,0.0625,32.0,196,210
6,3,0.0625,128.0,196,210
6,3,0.0625,512.0,196,210
6,3,0.0625,2048.0,196,210
6,3,0.0625,8192.0,196,210
6,3,0.0625,32768.0,196,210
6,3,0.25,0.03125,102,210
6,3,0.25,0.125,195,210
6,3,0.25,0.5,196,210
6,3,0.25,2.0,199,210
6,3,0.25,8.0,198,210
6,3,0.25,32.0,198,210
6,3,0.25,128.0,197,210
6,3,0.25,512.0,197,210
6,3,0.25,2048.0,197,210
6,3,0.25,8192.0,197,210
6,3,0.25,32768.0,197,210
6,3,1.0,0.03125,87,210
6,3,1.0,0.125,87,210
6,3,1.0,0.5,145,210
6,3,1.0,2.0,197,210
6,3,1.0,8.0,200,210
6,3,1.0,32.0,199,210
6,3,1.0,128.0,197,210
6,3,1.0,512.0,196,210
6,3,1.0,2048.0,197,210
6,3,1.0,8192.0,197,210
6,3,1.0,32768.0,197,210
6,3,4.0,0.03125,86,210
6,3,4.0,0.125,86,210
6,3,4.0,0.5,86,210
6,3,4.0,2.0,96,210
6,3,4.0,8.0,145,210
6,3,4.0,32.0,196,210
6,3,4.0,128.0,196,210
6,3,4.0,512.0,195,210
6,3,4.0,2048.0,195,210
6,3,4.0,8192.0,194,210
6,3,4.0,32768.0,196,210
6,3,16.0,0.03125,83,210
6,3,16.0,0.125,83,210
6,3,16.0,0.5,83,210
6,3,16.0,2.0,83,210
6,3,16.0,8.0,83,210
6,3,16.0,32.0,99,210
6,3,16.0,128.0,135,210
6,3,16.0,512.0,187,210
6,3,16.0,2048.0,190,210
6,3,16.0,8192.0,192,210
6,3,16.0,32768.0,193,210
6,3,64.0,0.03125,80,210
6,3,64.0,0.125,80,210
6,3,64.0,0.5,80,210
6,3,64.0,2.0,80,210
6,3,64.0,8.0,80,210
6,3,64.0,32.0,80,210
6,3,64.0,128.0,80,210
6,3,64.0,512.0,88,210
6,3,64.0,2048.0,129,210
6,3,64.0,8192.0,176,210
6,3,64.0,32768.0,188,210
6,3,256.0,0.03125,77,210
6,3,256.0,0.125,77,210
6,3,256.0,0.5,77,210
6,3,256.0,2.0,77,210
6,3,256.0,8.0,77,210
6,3,256.0,32.0,77,210
6,3,256.0,128.0,77,210
6,3,256.0,512.0,77,210
6,3,256.0,2048.0,77,210
6,3,256.0,8192.0,82,210
6,3,256.0,32768.0,123,210
6,3,1024.0,0.03125,73,210
6,3,1024.0,0.125,73,210
6,3,1024.0,0.5,73,210
6,3,1024.0,2.0,73,210
6,3,1024.0,8.0,73,210
6,3,1024.0,32.0,73,210
6,3,1024.0,128.0,73,210
6,3,1024.0,512.0,73,210
6,3,1024.0,2048.0,73,210
6,3,1024.0,8192.0,73,210
6,3,1024.0,32768.0,73,210
6,3,4096.0,0.03125,71,210
6,3,4096.0,0.125,71,210
6,3,4096.0,0.5,71,210
6,3,4096.0,2.0,71,210
6,3,4096.0,8.0,71,210
6,3,4096.0,32.0,71,210
6,3,4096.0,128.0,71,210
6,3,4096.0,512.0,71,210
6,3,4096.0,2048.0,71,210
6,3,4096.0,8192.0,71,210
6,3,4096.0,32768.0,71,210
6,3,16384.0,0.03125,65,210
6,3,16384.0,0.125,65,210
6,3,16384.0,0.5,65,210
6,3,16384.0,2.0,65,210
6,3,16384.0,8.0,65,210
6,3,16384.0,32.0,65,210
6,3,16384.0,128.0,65,210
6,3,16384.0,512.0,65,210
6,3,16384.0,2048.0,65,210
6,3,16384.0,8192.0,65,210
6,3,16384.0,32768.0,65,210
6,3,65536.0,0.03125,65,210
6,3,65536.0,0.125,65,210
6,3,65536.0,0.5,65,210
6,3,65536.0,2.0,65,210
6,3,65536.0,8.0,65,210
6,3,65536.0,32.0,65,210
6,3,65536.0,128.0,65,210
6,3,65536.0,512.0,65,210
6,3,65536.0,2048.0,65,210
6,3,65536.0,8192.0,65,210
6,3,65536.0,32768.0,65,210
6,4,0.000244140625,0.03125,174,210
6,4,0.000244140625,0.125,174,210
6,4,0.000244140625,0.5,174,210
6,4,0.000244140625,2.0,174,210
6,4,0.000244140625,8.0,174,210
6,4,0.000244140625,32.0,174,210
6,4,0.000244140625,128.0,174,210
6,4,0.000244140625,512.0,174,210
6,4,0.000244140625,2048.0,174,210
6,4,0.000244140625,8192.0,174,210
6,4,0.000244140625,32768.0,174,210
6,4,0.0009765625,0.03125,183,210
6,4,0.0009765625,0.125,183,210
6,4,0.0009765625,0.5,183,210
6,4,0.0009765625,2.0,183,210
6,4,0.0009765625,8.0,183,210
6,4,0.0009765625,32.0,183,210
6,4,0.0009765625,128.0,183,210
6,4,0.0009765625,512.0,183,210
6,4,0.0009765625,2048.0,183,210
6,4,0.0009765625,8192.0,183,210
6,4,0.0009765625,32768.0,183,210
6,4,0.00390625,0.03125,182,210
6,4,0.00390625,0.125,182,210
6,4,0.00390625,0.5,182,210
6,4,0.00390625,2.0,182,210
6,4,0.00390625,8.0,182,210
6,4,0.00390625,32.0,182,210
6,4,0.00390625,128.0,182,210
6,4,0.00390625,512.0,182,210
6,4,0.00390625,2048.0,182,210
6,4,0.00390625,8192.0,182,210
6,4,0.00390625,32768.0,182,210
6,4,0.015625,0.03125,186,210
6,4,0.015625,0.125,185,210
6,4,0.015625,0.5,184,210
6,4,0.015625,2.0,184,210
6,4,0.015625,8.0,184,210
6,4,0.015625,32.0,184,210
6,4,0.015625,128.0,184,210
6,4,0.015625,512.0,184,210
6,4,0.015625,2048.0,184,210
6,4,0.015625,8192.0,184,210
6,4,0.015625,32768.0,184,210
6,4,0.0625,0.03125,192,210
6,4,0.0625,0.125,190,210
6,4,0.0625,0.5,188,210
6,4,0.0625,2.0,186,210
6,4,0.0625,8.0,186,210
6,4,0.0625,32.0,186,210
6,4,0.0625,128.0,186,210
6,4,0.0625,512.0,186,210
6,4,0.0625,2048.0,186,210
6,4,0.0625,8192.0,186,210
6,4,0.0625,32768.0,186,210
6,4,0.25,0.03125,103,210
6,4,0.25,0.125,191,210
6,4,0.25,0.5,192,210
6,4,0.25,2.0,192,210
6,4,0.25,8.0,187,210
6,4,0.25,32.0,189,210
6,4,0.25,128.0,188,210
6,4,0.25,512.0,188,210
6,4,0.25,2048.0,188,210
6,4,0.25,8192.0,188,210
6,4,0.25,32768.0,188,210
6,4,1.0,0.03125,84,210
6,4,1.0,0.125,84,210
6,4,1.0,0.5,139,210
6,4,1.0,2.0,193,210
6,4,1.0,8.0,193,210
6,4,1.0,32.0,190,210
6,4,1.0,128.0,189,210
6,4,1.0,512.0,186,210
6,4,1.0,2048.0,189,210
6,4,1.0,8192.0,189,210
6,4,1.0,32768.0,189,210
6,4,4.0,0.03125,79,210
6,4,4.0,0.125,79,210
6,4,4.0,0.5,79,210
6,4,4.0,2.0,91,210
6,4,4.0,8.0,138,210
6,4,4.0,32.0,193,210
6,4,4.0,128.0,191,210
6,4,4.0,512.0,190,210
6,4,4.0,2048.0,187,210
6,4,4.0,8192.0,187,210
6,4,4.0,32768.0,189,210
6,4,16.0,0.03125,78,210
6,4,16.0,0.125,78,210
6,4,16.0,0.5,78,210
6,4,16.0,2.0,78,210
6,4,16.0,8.0,78,210
6,4,16.0,32.0,92,210
6,4,16.0,128.0,129,210
6,4,16.0,512.0,188,210
6,4,16.0,2048.0,190,210
6,4,16.0,8192.0,189,210
6,4,16.0,32768.0,190,210
6,4,64.0,0.03125,77,210
6,4,64.0,0.125,77,210
6,4,64.0,0.5,77,210
6,4,64.0,2.0,77,210
6,4,64.0,8.0,77,210
6,4,64.0,32.0,77,210
6,4,64.0,128.0,77,210
6,4,64.0,512.0,85,210
6,4,64.0,2048.0,122,210
6,4,64.0,8192.0,173,210
6,4,64.0,32768.0,186,210
6,4,256.0,0.03125,75,210
6,4,256.0,0.125,75,210
6,4,256.0,0.5,75,210
6,4,256.0,2.0,75,210
6,4,256.0,8.0,75,210
6,4,256.0,32.0,75,210
6,4,256.0,128.0,75,210
6,4,256.0,512.0,75,210
6,4,256.0,2048.0,75,210
6,4,256.0,8192.0,80,210
6,4,256.0,32768.0,112,210
6,4,1024.0,0.03125,72,210
6,4,1024.0,0.125,72,210
6,4,1024.0,0.5,72,210
6,4,1024.0,2.0,72,210
6,4,1024.0,8.0,72,210
6,4,1024.0,32.0,72,210
6,4,1024.0,128.0,72,210
6,4,1024.0,512.0,72,210
6,4,1024.0,2048.0,72,210
6,4,1024.0,8192.0,72,210
6,4,1024.0,32768.0,72,210
6,4,4096.0,0.03125,66,210
6,4,4096.0,0.125,66,210
6,4,4096.0,0.5,66,210
6,4,4096.0,2.0,66,210
6,4,4096.0,8.0,66,210
6,4,4096.0,32.0,66,210
6,4,4096.0,128.0,66,210
6,4,4096.0,512.0,66,210
6,4,4096.0,2048.0,66,210
6,4,4096.0,8192.0,66,210
6,4,4096.0,32768.0,66,210
6,4,16384.0,0.03125,62,210
6,4,16384.0,0.125,62,210
6,4,16384.0,0.5,62,210
6,4,16384.0,2.0,62,210
6,4,16384.0,8.0,62,210
6,4,16384.0,32.0,62,210
6,4,16384.0,128.0,62,210
6,4,16384.0,512.0,62,210
6,4,16384.0,2048.0,62,210
6,4,16384.0,8192.0,62,210
6,4,16384.0,32768.0,62,210
6,4,65536.0,0.03125,59,210
6,4,65536.0,0.125,59,210
6,4,65536.0,0.5,59,210
6,4,65536.0,2.0,59,210
6,4,65536.0,8.0,59,210
6,4,65536.0,32.0,59,210
6,4,65536.0,128.0,59,210
6,4,65536.0,512.0,59,210
6,4,65536.0,2048.0,59,210
6,4,65536.0,8192.0,59,210
6,4,65536.0,32768.0,59,210
6,5,0.000244140625,0.03125,167,210
6,5,0.000244140625,0.125,167,210
6,5,0.000244140625,0.5,167,210
6,5,0.000244140625,2.0,167,210
6,5,0.000244140625,8.0,167,210
6,5,0.000244140625,32.0,167,210
6,5,0.000244140625,128.0,167,210
6,5,0.000244140625,512.0,167,210
6,5,0.000244140625,2048.0,167,210
6,5,0.000244140625,8192.0,167,210
6,5,0.000244140625,32768.0,167,210
6,5,0.0009765625,0.03125,186,210
6,5,0.0009765625,0.125,186,210
6,5,0.0009765625,0.5,186,210
6,5,0.0009765625,2.0,186,210
6,5,0.0009765625,8.0,186,210
6,5,0.0009765625,32.0,186,210
6,5,0.0009765625,128.0,186,210
6,5,0.0009765625,512.0,186,210
6,5,0.0009765625,2048.0,186,210
6,5,0.0009765625,8192.0,186,210
6,5,0.0009765625,32768.0,186,210
6,5,0.00390625,0.03125,190,210
6,5,0.00390625,0.125,190,210
6,5,0.00390625,0.5,190,210
6,5,0.00390625,2.0,190,210
6,5,0.00390625,8.0,190,210
6,5,0.00390625,32.0,190,210
6,5,0.00390625,128.0,190,210
6,5,0.00390625,512.0,190,210
6,5,0.00390625,2048.0,190,210
6,5,0.00390625,8192.0,190,210
6,5,0.00390625,32768.0,190,210
6,5,0.015625,0.03125,193,210
6,5,0.015625,0.125,195,210
6,5,0.015625,0.5,196,210
6,5,0.015625,2.0,196,210
6,5,0.015625,8.0,196,210
6,5,0.015625,32.0,196,210
6,5,0.015625,128.0,196,210
6,5,0.015625,512.0,196,210
6,5,0.015625,2048.0,196,210
6,5,0.015625,8192.0,196,210
6,5,0.015625,32768.0,196,210
6,5,0.0625,0.03125,194,210
6,5,0.0625,0.125,195,210
6,5,0.0625,0.5,193,210
6,5,0.0625,2.0,195,210
6,5,0.0625,8.0,195,210
6,5,0.0625,32.0,195,210
6,5,0.0625,128.0,195,210
6,5,0.0625,512.0,195,210
6,5,0.0625,2048.0,195,210
6,5,0.0625,8192.0,195,210
6,5,0.0625,32768.0,195,210
6,5,0.25,0.03125,100,210
6,5,0.25,0.125,195,210
6,5,0.25,0.5,193,210
6,5,0.25,2.0,195,210
6,5,0.25,8.0,194,210
6,5,0.25,32.0,193,210
6,5,0.25,128.0,193,210
6,5,0.25,512.0,193,210
6,5,0.25,2048.0,193,210
6,5,0.25,8192.0,193,210
6,5,0.25,32768.0,193,210
6,5,1.0,0.03125,85,210
6,5,1.0,0.125,87,210
6,5,1.0,0.5,138,210
6,5,1.0,2.0,193,210
6,5,1.0,8.0,194,210
6,5,1.0,32.0,191,210
6,5,1.0,128.0,189,210
6,5,1.0,512.0,190,210
6,5,1.0,2048.0,189,210
6,5,1.0,8192.0,189,210
6,5,1.0,32768.0,189,210
6,5,4.0,0.03125,85,210
6,5,4.0,0.125,85,210
6,5,4.0,0.5,85,210
6,5,4.0,2.0,93,210
6,5,4.0,8.0,135,210
6,5,4.0,32.0,194,210
6,5,4.0,128.0,195,210
6,5,4.0,512.0,195,210
6,5,4.0,2048.0,193,210
6,5,4.0,8192.0,195,210
6,5,4.0,32768.0,195,210
6,5,16.0,0.03125,84,210
6,5,16.0,0.125,84,210
6,5,16.0,0.5,84,210
6,5,16.0,2.0,84,210
6,5,16.0,8.0,86,210
6,5,16.0,32.0,98,210
6,5,16.0,128.0,129,210
6,5,16.0,512.0,191,210
6,5,16.0,2048.0,193,210
6,5,16.0,8192.0,195,210
6,5,16.0,32768.0,198,210
6,5,64.0,0.03125,83,210
6,5,64.0,0.125,83,210
6,5,64.0,0.5,83,210
6,5,64.0,2.0,83,210
6,5,64.0,8.0,83,210
6,5,64.0,32.0,83,210
6,5,64.0,128.0,85,210
6,5,64.0,512.0,92,210
6,5,64.0,2048.0,125,210
6,5,64.0,8192.0,173,210
6,5,64.0,32768.0,188,210
6,5,256.0,0.03125,80,210
6,5,256.0,0.125,80,210
6,5,256.0,0.5,80,210
6,5,256.0,2.0,80,210
6,5,256.0,8.0,80,210
6,5,256.0,32.0,80,210
6,5,256.0,128.0,80,210
6,5,256.0,512.0,80,210
6,5,256.0,2048.0,80,210
6,5,256.0,8192.0,83,210
6,5,256.0,32768.0,117,210
6,5,1024.0,0.03125,76,210
6,5,1024.0,0.125,76,210
6,5,1024.0,0.5,76,210
6,5,1024.0,2.0,76,210
6,5,1024.0,8.0,76,210
6,5,1024.0,32.0,76,210
6,5,1024.0,128.0,76,210
6,5,1024.0,512.0,76,210
6,5,1024.0,2048.0,76,210
6,5,1024.0,8192.0,76,210
6,5,1024.0,32768.0,76,210
6,5,4096.0,0.03125,72,210
6,5,4096.0,0.125,72,210
6,5,4096.0,0.5,72,210
6,5,4096.0,2.0,72,210
6,5,4096.0,8.0,72,210
6,5,4096.0,32.0,72,210
6,5,4096.0,128.0,72,210
6,5,4096.0,512.0,72,210
6,5,4096.0,2048.0,72,210
6,5,4096.0,8192.0,72,210
6,5,4096.0,32768.0,72,210
6,5,16384.0,0.03125,69,210
6,5,16384.0,0.125,69,210
6,5,16384.0,0.5,69,210
6,5,16384.0,2.0,69,210
6,5,16384.0,8.0,69,210
6,5,16384.0,32.0,69,210
6,5,16384.0,128.0,69,210
6,5,16384.0,512.0,69,210
6,5,16384.0,2048.0,69,210
6,5,16384.0,8192.0,69,210
6,5,16384.0,32768.0,69,210
6,5,65536.0,0.03125,66,210
6,5,65536.0,0.125,66,210
6,5,65536.0,0.5,66,210
6,5,65536.0,2.0,66,210
6,5,65536.0,8.0,66,210
6,5,65536.0,32.0,66,210
6,5,65536.0,128.0,66,210
6,5,65536.0,512.0,66,210
6,5,65536.0,2048.0,66,210
6,5,65536.0,8192.0,66,210
6,5,65536.0,32768.0,66,210
6,6,0.000244140625,0.03125,172,210
6,6,0.000244140625,0.125,172,210
6,6,0.000244140625,0.5,172,210
6,6,0.000244140625,2.0,172,210
6,6,0.000244140625,8.0,172,210
6,6,0.000244140625,32.0,172,210
6,6,0.000244140625,128.0,172,210
6,6,0.000244140625,512.0,172,210
6,6,0.000244140625,2048.0,172,210
6,6,0.000244140625,8192.0,172,210
6,6,0.000244140625,32768.0,172,210
6,6,0.0009765625,0.03125,182,210
6,6,0.0009765625,0.125,182,210
6,6,0.0009765625,0.5,182,210
6,6,0.0009765625,2.0,182,210
6,6,0.0009765625,8.0,182,210
6,6,0.0009765625,32.0,182,210
6,6,0.0009765625,128.0,182,210
6,6,0.0009765625,512.0,182,210
6,6,0.0009765625,2048.0,182,210
6,6,0.0009765625,8192.0,182,210
6,6,0.0009765625,32768.0,182,210
6,6,0.00390625,0.03125,189,210
6,6,0.00390625,0.125,189,210
6,6,0.00390625,0.5,189,210
6,6,0.00390625,2.0,189,210
6,6,0.00390625,8.0,189,210
6,6,0.00390625,32.0,189,210
6,6,0.00390625,128.0,189,210
6,6,0.00390625,512.0,189,210
6,6,0.00390625,2048.0,189,210
6,6,0.00390625,8192.0,189,210
6,6,0.00390625,32768.0,189,210
6,6,0.015625,0.03125,193,210
6,6,0.015625,0.125,190,210
6,6,0.015625,0.5,191,210
6,6,0.015625,2.0,191,210
6,6,0.015625,8.0,191,210
6,6,0.015625,32.0,191,210
6,6,0.015625,128.0,191,210
6,6,0.015625,512.0,191,210
6,6,0.015625,2048.0,191,210
6,6,0.015625,8192.0,191,210
6,6,0.015625,32768.0,191,210
6,6,0.0625,0.03125,193,210
6,6,0.0625,0.125,194,210
6,6,0.0625,0.5,192,210
6,6,0.0625,2.0,189,210
6,6,0.0625,8.0,190,210
6,6,0.0625,32.0,190,210
6,6,0.0625,128.0,190,210
6,6,0.0625,512.0,190,210
6,6,0.0625,2048.0,190,210
6,6,0.0625,8192.0,190,210
6,6,0.0625,32768.0,190,210
6,6,0.25,0.03125,107,210
6,6,0.25,0.125,187,210
6,6,0.25,0.5,195,210
6,6,0.25,2.0,194,210
6,6,0.25,8.0,192,210
6,6,0.25,32.0,195,210
6,6,0.25,128.0,195,210
6,6,0.25,512.0,195,210
6,6,0.25,2048.0,195,210
6,6,0.25,8192.0,195,210
6,6,0.25,32768.0,195,210
6,6,1.0,0.03125,87,210
6,6,1.0,0.125,87,210
6,6,1.0,0.5,137,210
6,6,1.0,2.0,190,210
6,6,1.0,8.0,195,210
6,6,1.0,32.0,194,210
6,6,1.0,128.0,192,210
6,6,1.0,512.0,193,210
6,6,1.0,2048.0,193,210
6,6,1.0,8192.0,193,210
6,6,1.0,32768.0,193,210
6,6,4.0,0.03125,84,210
6,6,4.0,0.125,84,210
6,6,4.0,0.5,84,210
6,6,4.0,2.0,92,210
6,6,4.0,8.0,132,210
6,6,4.0,32.0,192,210
6,6,4.0,128.0,193,210
6,6,4.0,512.0,194,210
6,6,4.0,2048.0,191,210
6,6,4.0,8192.0,192,210
6,6,4.0,32768.0,192,210
6,6,16.0,0.03125,78,210
6,6,16.0,0.125,78,210
6,6,16.0,0.5,78,210
6,6,16.0,2.0,78,210
6,6,16.0,8.0,78,210
6,6,16.0,32.0,92,210
6,6,16.0,128.0,122,210
6,6,16.0,512.0,188,210
6,6,16.0,2048.0,190,210
6,6,16.0,8192.0,191,210
6,6,16.0,32768.0,192,210
6,6,64.0,0.03125,78,210
6,6,64.0,0.125,78,210
6,6,64.0,0.5,78,210
6,6,64.0,2.0,78,210
6,6,64.0,8.0,78,210
6,6,64.0,32.0,78,210
6,6,64.0,128.0,78,210
6,6,64.0,512.0,85,210
6,6,64.0,2048.0,116,210
6,6,64.0,8192.0,172,210
6,6,64.0,32768.0,185,210
6,6,256.0,0.03125,77,210
6,6,256.0,0.125,77,210
6,6,256.0,0.5,77,210
6,6,256.0,2.0,77,210
6,6,256.0,8.0,77,210
6,6,256.0,32.0,77,210
6,6,256.0,128.0,77,210
6,6,256.0,512.0,77,210
6,6,256.0,2048.0,77,210
6,6,256.0,8192.0,81,210
6,6,256.0,32768.0,110,210
6,6,1024.0,0.03125,75,210
6,6,1024.0,0.125,75,210
6,6,1024.0,0.5,75,210
6,6,1024.0,2.0,75,210
6,6,1024.0,8.0,75,210
6,6,1024.0,32.0,75,210
6,6,1024.0,128.0,75,210
6,6,1024.0,512.0,75,210
6,6,1024.0,2048.0,75,210
6,6,1024.0,8192.0,75,210
6,6,1024.0,32768.0,75,210
6,6,4096.0,0.03125,68,210
6,6,4096.0,0.125,68,210
6,6,4096.0,0.5,68,210
6,6,4096.0,2.0,68,210
6,6,4096.0,8.0,68,210
6,6,4096.0,32.0,68,210
6,6,4096.0,128.0,68,210
6,6,4096.0,512.0,68,210
6,6,4096.0,2048.0,68,210
6,6,4096.0,8192.0,68,210
6,6,4096.0,32768.0,68,210
6,6,16384.0,0.03125,65,210
6,6,16384.0,0.125,65,210
6,6,16384.0,0.5,65,210
6,6,16384.0,2.0,65,210
6,6,16384.0,8.0,65,210
6,6,16384.0,32.0,65,210
6,6,16384.0,128.0,65,210
6,6,16384.0,512.0,65,210
6,6,16384.0,2048.0,65,210
6,6,16384.0,8192.0,65,210
6,6,16384.0,32768.0,65,210
6,6,65536.0,0.03125,61,210
6,6,65536.0,0.125,61,210
6,6,65536.0,0.5,61,210
6,6,65536.0,2.0,61,210
6,6,65536.0,8.0,61,210
6,6,65536.0,32.0,61,210
6,6,65536.0,128.0,61,210
6,6,65536.0,512.0,61,210
6,6,65536.0,2048.0,61,210
6,6,65536.0,8192.0,61,210
6,6,65536.0,32768.0,61,210
6,7,0.000244140625,0.03125,176,210
6,7,0.000244140625,0.125,176,210
6,7,0.000244140625,0.5,176,210
6,7,0.000244140625,2.0,176,210
6,7,0.000244140625,8.0,176,210
6,7,0.000244140625,32.0,176,210
6,7,0.000244140625,128.0,176,210
6,7,0.000244140625,512.0,176,210
6,7,0.000244140625,2048.0,176,210
6,7,0.000244140625,8192.0,176,210
6,7,0.000244140625,32768.0,176,210
6,7,0.0009765625,0.03125,185,210
6,7,0.0009765625,0.125,185,210
6,7,0.0009765625,0.5,185,210
6,7,0.0009765625,2.0,185,210
6,7,0.0009765625,8.0,185,210
6,7,0.0009765625,32.0,185,210
6,7,0.0009765625,128.0,185,210
6,7,0.0009765625,512.0,185,210
6,7,0.0009765625,2048.0,185,210
6,7,0.0009765625,8192.0,185,210
6,7,0.0009765625,32768.0,185,210
6,7,0.00390625,0.03125,189,210
6,7,0.00390625,0.125,189,210
6,7,0.00390625,0.5,189,210
6,7,0.00390625,2.0,189,210
6,7,0.00390625,8.0,189,210
6,7,0.00390625,32.0,189,210
6,7,0.00390625,128.0,189,210
6,7,0.00390625,512.0,189,210
6,7,0.00390625,2048.0,189,210
6,7,0.00390625,8192.0,189,210
6,7,0.00390625,32768.0,189,210
6,7,0.015625,0.03125,193,210
6,7,0.015625,0.125,191,210
6,7,0.015625,0.5,191,210
6,7,0.015625,2.0,191,210
6,7,0.015625,8.0,191,210
6,7,0.015625,32.0,191,210
6,7,0.015625,128.0,191,210
6,7,0.015625,512.0,191,210
6,7,0.015625,2048.0,191,210
6,7,0.015625,8192.0,191,210
6,7,0.015625,32768.0,191,210
6,7,0.0625,0.03125,196,210
6,7,0.0625,0.125,196,210
6,7,0.0625,0.5,192,210
6,7,0.0625,2.0,190,210
6,7,0.0625,8.0,190,210
6,7,0.0625,32.0,190,210
6,7,0.0625,128.0,190,210
6,7,0.0625,512.0,190,210
6,7,0.0625,2048.0,190,210
6,7,0.0625,8192.0,190,210
6,7,0.0625,32768.0,190,210
6,7,0.25,0.03125,107,210
6,7,0.25,0.125,181,210
6,7,0.25,0.5,194,210
6,7,0.25,2.0,194,210
6,7,0.25,8.0,191,210
6,7,0.25,32.0,194,210
6,7,0.25,128.0,193,210
6,7,0.25,512.0,193,210
6,7,0.25,2048.0,193,210
6,7,0.25,8192.0,193,210
6,7,0.25,32768.0,193,210
6,7,1.0,0.03125,87,210
6,7,1.0,0.125,87,210
6,7,1.0,0.5,136,210
6,7,1.0,2.0,186,210
6,7,1.0,8.0,192,210
6,7,1.0,32.0,190,210
6,7,1.0,128.0,192,210
6,7,1.0,512.0,195,210
6,7,1.0,2048.0,194,210
6,7,1.0,8192.0,194,210
6,7,1.0,32768.0,194,210
6,7,4.0,0.03125,84,210
6,7,4.0,0.125,84,210
6,7,4.0,0.5,84,210
6,7,4.0,2.0,96,210
6,7,4.0,8.0,138,210
6,7,4.0,32.0,187,210
6,7,4.0,128.0,194,210
6,7,4.0,512.0,191,210
6,7,4.0,2048.0,192,210
6,7,4.0,8192.0,196,210
6,7,4.0,32768.0,196,210
6,7,16.0,0.03125,85,210
6,7,16.0,0.125,85,210
6,7,16.0,0.5,85,210
6,7,16.0,2.0,85,210
6,7,16.0,8.0,85,210
6,7,16.0,32.0,101,210
6,7,16.0,128.0,138,210
6,7,16.0,512.0,185,210
6,7,16.0,2048.0,192,210
6,7,16.0,8192.0,192,210
6,7,16.0,32768.0,194,210
6,7,64.0,0.03125,80,210
6,7,64.0,0.125,80,210
6,7,64.0,0.5,80,210
6,7,64.0,2.0,80,210
6,7,64.0,8.0,80,210
6,7,64.0,32.0,80,210
6,7,64.0,128.0,80,210
6,7,64.0,512.0,89,210
6,7,64.0,2048.0,120,210
6,7,64.0,8192.0,171,210
6,7,64.0,32768.0,188,210
6,7,256.0,0.03125,72,210
6,7,256.0,0.125,72,210
6,7,256.0,0.5,72,210
6,7,256.0,2.0,72,210
6,7,256.0,8.0,72,210
6,7,256.0,32.0,72,210
6,7,256.0,128.0,72,210
6,7,256.0,512.0,72,210
6,7,256.0,2048.0,72,210
6,7,256.0,8192.0,74,210
6,7,256.0,32768.0,111,210
6,7,1024.0,0.03125,71,210
6,7,1024.0,0.125,71,210
6,7,1024.0,0.5,71,210
6,7,1024.0,2.0,71,210
6,7,1024.0,8.0,71,210
6,7,1024.0,32.0,71,210
6,7,1024.0,128.0,71,210
6,7,1024.0,512.0,71,210
6,7,1024.0,2048.0,71,210
6,7,1024.0,8192.0,71,210
6,7,1024.0,32768.0,71,210
6,7,4096.0,0.03125,59,210
6,7,4096.0,0.125,59,210
6,7,4096.0,0.5,59,210
6,7,4096.0,2.0,59,210
6,7,4096.0,8.0,59,210
6,7,4096.0,32.0,59,210
6,7,4096.0,128.0,59,210
6,7,4096.0,512.0,59,210
6,7,4096.0,2048.0,59,210
6,7,4096.0,8192.0,59,210
6,7,4096.0,32768.0,59,210
6,7,16384.0,0.03125,56,210
6,7,16384.0,0.125,56,210
6,7,16384.0,0.5,56,210
6,7,16384.0,2.0,56,210
6,7,16384.0,8.0,56,210
6,7,16384.0,32.0,56,210
6,7,16384.0,128.0,56,210
6,7,16384.0,512.0,56,210
6,7,16384.0,2048.0,56,210
6,7,16384.0,8192.0,56,210
6,7,16384.0,32768.0,56,210
6,7,65536.0,0.03125,54,210
6,7,65536.0,0.125,54,210
6,7,65536.0,0.5,54,210
6,7,65536.0,2.0,54,210
6,7,65536.0,8.0,54,210
6,7,65536.0,32.0,54,210
6,7,65536.0,128.0,54,210
6,7,65536.0,512.0,54,210
6,7,65536.0,2048.0,54,210
6,7,65536.0,8192.0,54,210
6,7,65536.0,32768.0,54,210
6,8,0.000244140625,0.03125,173,210
6,8,0.000244140625,0.125,173,210
6,8,0.000244140625,0.5,173,210
6,8,0.000244140625,2.0,173,210
6,8,0.000244140625,8.0,173,210
6,8,0.000244140625,32.0,173,210
6,8,0.000244140625,128.0,173,210
6,8,0.000244140625,512.0,173,210
6,8,0.000244140625,2048.0,173,210
6,8,0.000244140625,8192.0,173,210
6,8,0.000244140625,32768.0,173,210
6,8,0.0009765625,0.03125,181,210
6,8,0.0009765625,0.125,181,210
6,8,0.0009765625,0.5,181,210
6,8,0.0009765625,2.0,181,210
6,8,0.0009765625,8.0,181,210
6,8,0.0009765625,32.0,181,210
6,8,0.0009765625,128.0,181,210
6,8,0.0009765625,512.0,181,210
6,8,0.0009765625,2048.0,181,210
6,8,0.0009765625,8192.0,181,210
6,8,0.0009765625,32768.0,181,210
6,8,0.00390625,0.03125,185,210
6,8,0.00390625,0.125,185,210
6,8,0.00390625,0.5,185,210
6,8,0.00390625,2.0,185,210
6,8,0.00390625,8.0,185,210
6,8,0.00390625,32.0,185,210
6,8,0.00390625,128.0,185,210
6,8,0.00390625,512.0,185,210
6,8,0.00390625,2048.0,185,210
6,8,0.00390625,8192.0,185,210
6,8,0.00390625,32768.0,185,210
6,8,0.015625,0.03125,191,210
6,8,0.015625,0.125,189,210
6,8,0.015625,0.5,190,210
6,8,0.015625,2.0,190,210
6,8,0.015625,8.0,190,210
6,8,0.015625,32.0,190,210
6,8,0.015625,128.0,190,210
6,8,0.015625,512.0,190,210
6,8,0.015625,2048.0,190,210
6,8,0.015625,8192.0,190,210
6,8,0.015625,32768.0,190,210
6,8,0.0625,0.03125,195,210
6,8,0.0625,0.125,197,210
6,8,0.0625,0.5,195,210
6,8,0.0625,2.0,195,210
6,8,0.0625,8.0,195,210
6,8,0.0625,32.0,195,210
6,8,0.0625,128.0,195,210
6,8,0.0625,512.0,195,210
6,8,0.0625,2048.0,195,210
6,8,0.0625,8192.0,195,210
6,8,0.0625,32768.0,195,210
6,8,0.25,0.03125,109,210
6,8,0.25,0.125,188,210
6,8,0.25,0.5,197,210
6,8,0.25,2.0,195,210
6,8,0.25,8.0,192,210
6,8,0.25,32.0,194,210
6,8,0.25,128.0,193,210
6,8,0.25,512.0,193,210
6,8,0.25,2048.0,193,210
6,8,0.25,8192.0,193,210
6,8,0.25,32768.0,193,210
6,8,1.0,0.03125,86,210
6,8,1.0,0.125,86,210
6,8,1.0,0.5,147,210
6,8,1.0,2.0,195,210
6,8,1.0,8.0,197,210
6,8,1.0,32.0,195,210
6,8,1.0,128.0,193,210
6,8,1.0,512.0,196,210
6,8,1.0,2048.0,196,210
6,8,1.0,8192.0,196,210
6,8,1.0,32768.0,196,210
6,8,4.0,0.03125,87,210
6,8,4.0,0.125,87,210
6,8,4.0,0.5,87,210
6,8,4.0,2.0,100,210
6,8,4.0,8.0,148,210
6,8,4.0,32.0,193,210
6,8,4.0,128.0,194,210
6,8,4.0,512.0,192,210
6,8,4.0,2048.0,194,210
6,8,4.0,8192.0,195,210
6,8,4.0,32768.0,195,210
6,8,16.0,0.03125,86,210
6,8,16.0,0.125,86,210
6,8,16.0,0.5,86,210
6,8,16.0,2.0,86,210
6,8,16.0,8.0,86,210
6,8,16.0,32.0,109,210
6,8,16.0,128.0,141,210
6,8,16.0,512.0,183,210
6,8,16.0,2048.0,188,210
6,8,16.0,8192.0,192,210
6,8,16.0,32768.0,193,210
6,8,64.0,0.03125,84,210
6,8,64.0,0.125,84,210
6,8,64.0,0.5,84,210
6,8,64.0,2.0,84,210
6,8,64.0,8.0,84,210
6,8,64.0,32.0,84,210
6,8,64.0,128.0,84,210
6,8,64.0,512.0,98,210
6,8,64.0,2048.0,127,210
6,8,64.0,8192.0,180,210
6,8,64.0,32768.0,188,210
6,8,256.0,0.03125,81,210
6,8,256.0,0.125,81,210
6,8,256.0,0.5,81,210
6,8,256.0,2.0,81,210
6,8,256.0,8.0,81,210
6,8,256.0,32.0,81,210
6,8,256.0,128.0,81,210
6,8,256.0,512.0,81,210
6,8,256.0,2048.0,81,210
6,8,256.0,8192.0,90,210
6,8,256.0,32768.0,122,210
6,8,1024.0,0.03125,79,210
6,8,1024.0,0.125,79,210
6,8,1024.0,0.5,79,210
6,8,1024.0,2.0,79,210
6,8,1024.0,8.0,79,210
6,8,1024.0,32.0,79,210
6,8,1024.0,128.0,79,210
6,8,1024.0,512.0,79,210
6,8,1024.0,2048.0,79,210
6,8,1024.0,8192.0,79,210
6,8,1024.0,32768.0,79,210
6,8,4096.0,0.03125,71,210
6,8,4096.0,0.125,71,210
6,8,4096.0,0.5,71,210
6,8,4096.0,2.0,71,210
6,8,4096.0,8.0,71,210
6,8,4096.0,32.0,71,210
6,8,4096.0,128.0,71,210
6,8,4096.0,512.0,71,210
6,8,4096.0,2048.0,71,210
6,8,4096.0,8192.0,71,210
6,8,4096.0,32768.0,71,210
6,8,16384.0,0.03125,64,210
6,8,16384.0,0.125,64,210
6,8,16384.0,0.5,64,210
6,8,16384.0,2.0,64,210
6,8,16384.0,8.0,64,210
6,8,16384.0,32.0,64,210
6,8,16384.0,128.0,64,210
6,8,16384.0,512.0,64,210
6,8,16384.0,2048.0,64,210
6,8,16384.0,8192.0,64,210
6,8,16384.0,32768.0,64,210
6,8,65536.0,0.03125,62,210
6,8,65536.0,0.125,62,210
6,8,65536.0,0.5,62,210
6,8,65536.0,2.0,62,210
6,8,65536.0,8.0,62,210
6,8,65536.0,32.0,62,210
6,8,65536.0,128.0,62,210
6,8,65536.0,512.0,62,210
6,8,65536.0,2048.0,62,210
6,8,65536.0,8192.0,62,210
6,8,65536.0,32768.0,62,210
6,9,0.000244140625,0.03125,172,210
6,9,0.000244140625,0.125,172,210
6,9,0.000244140625,0.5,172,210
6,9,0.000244140625,2.0,172,210
6,9,0.000244140625,8.0,172,210
6,9,0.000244140625,32.0,172,210
6,9,0.000244140625,128.0,172,210
6,9,0.000244140625,512.0,172,210
6,9,0.000244140625,2048.0,172,210
6,9,0.000244140625,8192.0,172,210
6,9,0.000244140625,32768.0,172,210
6,9,0.0009765625,0.03125,182,210
6,9,0.0009765625,0.125,182,210
6,9,0.0009765625,0.5,182,210
6,9,0.0009765625,2.0,182,210
6,9,0.0009765625,8.0,182,210
6,9,0.0009765625,32.0,182,210
6,9,0.0009765625,128.0,182,210
6,9,0.0009765625,512.0,182,210
6,9,0.0009765625,2048.0,182,210
6,9,0.0009765625,8192.0,182,210
6,9,0.0009765625,32768.0,182,210
6,9,0.00390625,0.03125,186,210
6,9,0.00390625,0.125,186,210
6,9,0.00390625,0.5,186,210
6,9,0.00390625,2.0,186,210
6,9,0.00390625,8.0,186,210
6,9,0.00390625,32.0,186,210
6,9,0.00390625,128.0,186,210
6,9,0.00390625,512.0,186,210
6,9,0.00390625,2048.0,186,210
6,9,0.00390625,8192.0,186,210
6,9,0.00390625,32768.0,186,210
6,9,0.015625,0.03125,193,210
6,9,0.015625,0.125,192,210
6,9,0.015625,0.5,191,210
6,9,0.015625,2.0,191,210
6,9,0.015625,8.0,191,210
6,9,0.015625,32.0,191,210
6,9,0.015625,128.0,191,210
6,9,0.015625,512.0,191,210
6,9,0.015625,2048.0,191,210
6,9,0.015625,8192.0,191,210
6,9,0.015625,32768.0,191,210
6,9,0.0625,0.03125,193,210
6,9,0.0625,0.125,195,210
6,9,0.0625,0.5,194,210
6,9,0.0625,2.0,191,210
6,9,0.0625,8.0,190,210
6,9,0.0625,32.0,190,210
6,9,0.0625,128.0,190,210
6,9,0.0625,512.0,190,210
6,9,0.0625,2048.0,190,210
6,9,0.0625,8192.0,190,210
6,9,0.0625,32768.0,190,210
6,9,0.25,0.03125,97,210
6,9,0.25,0.125,186,210
6,9,0.25,0.5,195,210
6,9,0.25,2.0,194,210
6,9,0.25,8.0,194,210
6,9,0.25,32.0,192,210
6,9,0.25,128.0,193,210
6,9,0.25,512.0,193,210
6,9,0.25,2048.0,193,210
6,9,0.25,8192.0,193,210
6,9,0.25,32768.0,193,210
6,9,1.0,0.03125,86,210
6,9,1.0,0.125,86,210
6,9,1.0,0.5,134,210
6,9,1.0,2.0,193,210
6,9,1.0,8.0,194,210
6,9,1.0,32.0,192,210
6,9,1.0,128.0,191,210
6,9,1.0,512.0,192,210
6,9,1.0,2048.0,192,210
6,9,1.0,8192.0,192,210
6,9,1.0,32768.0,192,210
6,9,4.0,0.03125,86,210
6,9,4.0,0.125,86,210
6,9,4.0,0.5,86,210
6,9,4.0,2.0,98,210
6,9,4.0,8.0,136,210
6,9,4.0,32.0,193,210
6,9,4.0,128.0,193,210
6,9,4.0,512.0,192,210
6,9,4.0,2048.0,192,210
6,9,4.0,8192.0,189,210
6,9,4.0,32768.0,191,210
6,9,16.0,0.03125,87,210
6,9,16.0,0.125,87,210
6,9,16.0,0.5,87,210
6,9,16.0,2.0,87,210
6,9,16.0,8.0,87,210
6,9,16.0,32.0,103,210
6,9,16.0,128.0,138,210
6,9,16.0,512.0,187,210
6,9,16.0,2048.0,189,210
6,9,16.0,8192.0,193,210
6,9,16.0,32768.0,194,210
6,9,64.0,0.03125,85,210
6,9,64.0,0.125,85,210
6,9,64.0,0.5,85,210
6,9,64.0,2.0,85,210
6,9,64.0,8.0,85,210
6,9,64.0,32.0,85,210
6,9,64.0,128.0,85,210
6,9,64.0,512.0,94,210
6,9,64.0,2048.0,130,210
6,9,64.0,8192.0,171,210
6,9,64.0,32768.0,189,210
6,9,256.0,0.03125,81,210
6,9,256.0,0.125,81,210
6,9,256.0,0.5,81,210
6,9,256.0,2.0,81,210
6,9,256.0,8.0,81,210
6,9,256.0,32.0,81,210
6,9,256.0,128.0,81,210
6,9,256.0,512.0,81,210
6,9,256.0,2048.0,81,210
6,9,256.0,8192.0,83,210
6,9,256.0,32768.0,124,210
6,9,1024.0,0.03125,75,210
6,9,1024.0,0.125,75,210
6,9,1024.0,0.5,75,210
6,9,1024.0,2.0,75,210
6,9,1024.0,8.0,75,210
6,9,1024.0,32.0,75,210
6,9,1024.0,128.0,75,210
6,9,1024.0,512.0,75,210
6,9,1024.0,2048.0,75,210
6,9,1024.0,8192.0,75,210
6,9,1024.0,32768.0,75,210
6,9,4096.0,0.03125,67,210
6,9,4096.0,0.125,67,210
6,9,4096.0,0.5,67,210
6,9,4096.0,2.0,67,210
6,9,4096.0,8.0,67,210
6,9,4096.0,32.0,67,210
6,9,4096.0,128.0,67,210
6,9,4096.0,512.0,67,210
6,9,4096.0,2048.0,67,210
6,9,4096.0,8192.0,67,210
6,9,4096.0,32768.0,67,210
6,9,16384.0,0.03125,62,210
6,9,16384.0,0.125,62,210
6,9,16384.0,0.5,62,210
6,9,16384.0,2.0,62,210
6,9,16384.0,8.0,62,210
6,9,16384.0,32.0,62,210
6,9,16384.0,128.0,62,210
6,9,16384.0,512.0,62,210
6,9,16384.0,2048.0,62,210
6,9,16384.0,8192.0,62,210
6,9,16384.0,32768.0,62,210
6,9,65536.0,0.03125,62,210
6,9,65536.0,0.125,62,210
6,9,65536.0,0.5,62,210
6,9,65536.0,2.0,62,210
6,9,65536.0,8.0,62,210
6,9,65536.0,32.0,62,210
6,9,65536.0,128.0,62,210
6,9,65536.0,512.0,62,210
6,9,65536.0,2048.0,62,210
6,9,65536.0,8192.0,62,210
6,9,65536.0,32768.0,62,210
6,10,0.000244140625,0.03125,174,210
6,10,0.000244140625,0.125,174,210
6,10,0.000244140625,0.5,174,210
6,10,0.000244140625,2.0,174,210
6,10,0.000244140625,8.0,174,210
6,10,0.000244140625,32.0,174,210
6,10,0.000244140625,128.0,174,210
6,10,0.000244140625,512.0,174,210
6,10,0.000244140625,2048.0,174,210
6,10,0.000244140625,8192.0,174,210
6,10,0.000244140625,32768.0,174,210
6,10,0.0009765625,0.03125,181,210
6,10,0.0009765625,0.125,181,210
6,10,0.0009765625,0.5,181,210
6,10,0.0009765625,2.0,181,210
6,10,0.0009765625,8.0,181,210
6,10,0.0009765625,32.0,181,210
6,10,0.0009765625,128.0,181,210
6,10,0.0009765625,512.0,181,210
6,10,0.0009765625,2048.0,181,210
6,10,0.0009765625,8192.0,181,210
6,10,0.0009765625,32768.0,181,210
6,10,0.00390625,0.03125,183,210
6,10,0.00390625,0.125,183,210
6,10,0.00390625,0.5,183,210
6,10,0.00390625,2.0,183,210
6,10,0.00390625,8.0,183,210
6,10,0.00390625,32.0,183,210
6,10,0.00390625,128.0,183,210
6,10,0.00390625,512.0,183,210
6,10,0.00390625,2048.0,183,210
6,10,0.00390625,8192.0,183,210
6,10,0.00390625,32768.0,183,210
6,10,0.015625,0.03125,189,210
6,10,0.015625,0.125,190,210
6,10,0.015625,0.5,190,210
6,10,0.015625,2.0,190,210
6,10,0.015625,8.0,190,210
6,10,0.015625,32.0,190,210
6,10,0.015625,128.0,190,210
6,10,0.015625,512.0,190,210
6,10,0.015625,2048.0,190,210
6,10,0.015625,8192.0,190,210
6,10,0.015625,32768.0,190,210
6,10,0.0625,0.03125,189,210
6,10,0.0625,0.125,193,210
6,10,0.0625,0.5,192,210
6,10,0.0625,2.0,191,210
6,10,0.0625,8.0,190,210
6,10,0.0625,32.0,190,210
6,10,0.0625,128.0,190,210
6,10,0.0625,512.0,190,210
6,10,0.0625,2048.0,190,210
6,10,0.0625,8192.0,190,210
6,10,0.0625,32768.0,190,210
6,10,0.25,0.03125,106,210
6,10,0.25,0.125,184,210
6,10,0.25,0.5,196,210
6,10,0.25,2.0,197,210
6,10,0.25,8.0,193,210
6,10,0.25,32.0,191,210
6,10,0.25,128.0,192,210
6,10,0.25,512.0,192,210
6,10,0.25,2048.0,192,210
6,10,0.25,8192.0,192,210
6,10,0.25,32768.0,192,210
6,10,1.0,0.03125,89,210
6,10,1.0,0.125,89,210
6,10,1.0,0.5,139,210
6,10,1.0,2.0,192,210
6,10,1.0,8.0,197,210
6,10,1.0,32.0,196,210
6,10,1.0,128.0,194,210
6,10,1.0,512.0,192,210
6,10,1.0,2048.0,192,210
6,10,1.0,8192.0,192,210
6,10,1.0,32768.0,192,210
6,10,4.0,0.03125,87,210
6,10,4.0,0.125,87,210
6,10,4.0,0.5,87,210
6,10,4.0,2.0,95,210
6,10,4.0,8.0,140,210
6,10,4.0,32.0,191,210
6,10,4.0,128.0,196,210
6,10,4.0,512.0,195,210
6,10,4.0,2048.0,192,210
6,10,4.0,8192.0,192,210
6,10,4.0,32768.0,191,210
6,10,16.0,0.03125,84,210
6,10,16.0,0.125,84,210
6,10,16.0,0.5,84,210
6,10,16.0,2.0,84,210
6,10,16.0,8.0,84,210
6,10,16.0,32.0,97,210
6,10,16.0,128.0,134,210
6,10,16.0,512.0,188,210
6,10,16.0,2048.0,190,210
6,10,16.0,8192.0,193,210
6,10,16.0,32768.0,192,210
6,10,64.0,0.03125,79,210
6,10,64.0,0.125,79,210
6,10,64.0,0.5,79,210
6,10,64.0,2.0,79,210
6,10,64.0,8.0,79,210
6,10,64.0,32.0,79,210
6,10,64.0,128.0,79,210
6,10,64.0,512.0,87,210
6,10,64.0,2048.0,128,210
6,10,64.0,8192.0,175,210
6,10,64.0,32768.0,187,210
6,10,256.0,0.03125,78,210
6,10,256.0,0.125,78,210
6,10,256.0,0.5,78,210
6,10,256.0,2.0,78,210
6,10,256.0,8.0,78,210
6,10,256.0,32.0,78,210
6,10,256.0,128.0,78,210
6,10,256.0,512.0,78,210
6,10,256.0,2048.0,78,210
6,10,256.0,8192.0,80,210
6,10,256.0,32768.0,123,210
6,10,1024.0,0.03125,76,210
6,10,1024.0,0.125,76,210
6,10,1024.0,0.5,76,210
6,10,1024.0,2.0,76,210
6,10,1024.0,8.0,76,210
6,10,1024.0,32.0,76,210
6,10,1024.0,128.0,76,210
6,10,1024.0,512.0,76,210
6,10,1024.0,2048.0,76,210
6,10,1024.0,8192.0,76,210
6,10,1024.0,32768.0,76,210
6,10,4096.0,0.03125,69,210
6,10,4096.0,0.125,69,210
6,10,4096.0,0.5,69,210
6,10,4096.0,2.0,69,210
6,10,4096.0,8.0,69,210
6,10,4096.0,32.0,69,210
6,10,4096.0,128.0,69,210
6,10,4096.0,512.0,69,210
6,10,4096.0,2048.0,69,210
6,10,4096.0,8192.0,69,210
6,10,4096.0,32768.0,69,210
6,10,16384.0,0.03125,64,210
6,10,16384.0,0.125,64,210
6,10,16384.0,0.5,64,210
6,10,16384.0,2.0,64,210
6,10,16384.0,8.0,64,210
6,10,16384.0,32.0,64,210
6,10,16384.0,128.0,64,210
6,10,16384.0,512.0,64,210
6,10,16384.0,2048.0,64,210
6,10,16384.0,8192.0,64,210
6,10,16384.0,32768.0,64,210
6,10,65536.0,0.03125,62,210
6,10,65536.0,0.125,62,210
6,10,65536.0,0.5,62,210
6,10,65536.0,2.0,62,210
6,10,65536.0,8.0,62,210
6,10,65536.0,32.0,62,210
6,10,65536.0,128.0,62,210
6,10,65536.0,512.0,62,210
6,10,65536.0,2048.0,62,210
6,10,65536.0,8192.0,62,210
6,10,65536.0,32768.0,62,210
7,1,0.000244140625,0.03125,180,210
7,1,0.000244140625,0.125,180,210
7,1,0.000244140625,0.5,180,210
7,1,0.000244140625,2.0,180,210
7,1,0.000244140625,8.0,180,210
7,1,0.000244140625,32.0,180,210
7,1,0.000244140625,128.0,180,210
7,1,0.000244140625,512.0,180,210
7,1,0.000244140625,2048.0,180,210
7,1,0.000244140625,8192.0,180,210
7,1,0.000244140625,32768.0,180,210
7,1,0.0009765625,0.03125,196,210
7,1,0.0009765625,0.125,196,210
7,1,0.0009765625,0.5,196,210
7,1,0.0009765625,2.0,196,210
7,1,0.0009765625,8.0,196,210
7,1,0.0009765625,32.0,196,210
7,1,0.0009765625,128.0,196,210
7,1,0.0009765625,512.0,196,210
7,1,0.0009765625,2048.0,196,210
7,1,0.0009765625,8192.0,196,210
7,1,0.0009765625,32768.0,196,210
7,1,0.00390625,0.03125,198,210
7,1,0.00390625,0.125,198,210
7,1,0.00390625,0.5,198,210
7,1,0.00390625,2.0,198,210
7,1,0.00390625,8.0,198,210
7,1,0.00390625,32.0,198,210
7,1,0.00390625,128.0,198,210
7,1,0.00390625,512.0,198,210
7,1,0.00390625,2048.0,198,210
7,1,0.00390625,8192.0,198,210
7,1,0.00390625,32768.0,198,210
7,1,0.015625,0.03125,200,210
7,1,0.015625,0.125,199,210
7,1,0.015625,0.5,199,210
7,1,0.015625,2.0,199,210
7,1,0.015625,8.0,199,210
7,1,0.015625,32.0,199,210
7,1,0.015625,128.0,199,210
7,1,0.015625,512.0,199,210
7,1,0.015625,2048.0,199,210
7,1,0.015625,8192.0,199,210
7,1,0.015625,32768.0,199,210
7,1,0.0625,0.03125,197,210
7,1,0.0625,0.125,202,210
7,1,0.0625,0.5,199,210
7,1,0.0625,2.0,200,210
7,1,0.0625,8.0,199,210
7,1,0.0625,32.0,199,210
7,1,0.0625,128.0,199,210
7,1,0.0625,512.0,199,210
7,1,0.0625,2048.0,199,210
7,1,0.0625,8192.0,199,210
7,1,0.0625,32768.0,199,210
7,1,0.25,0.03125,92,210
7,1,0.25,0.125,152,210
7,1,0.25,0.5,198,210
7,1,0.25,2.0,199,210
7,1,0.25,8.0,201,210
7,1,0.25,32.0,201,210
7,1,0.25,128.0,200,210
7,1,0.25,512.0,200,210
7,1,0.25,2048.0,200,210
7,1,0.25,8192.0,200,210
7,1,0.25,32768.0,200,210
7,1,1.0,0.03125,81,210
7,1,1.0,0.125,86,210
7,1,1.0,0.5,111,210
7,1,1.0,2.0,159,210
7,1,1.0,8.0,196,210
7,1,1.0,32.0,198,210
7,1,1.0,128.0,199,210
7,1,1.0,512.0,199,210
7,1,1.0,2048.0,198,210
7,1,1.0,8192.0,197,210
7,1,1.0,32768.0,197,210
7,1,4.0,0.03125,82,210
7,1,4.0,0.125,82,210
7,1,4.0,0.5,82,210
7,1,4.0,2.0,88,210
7,1,4.0,8.0,117,210
7,1,4.0,32.0,167,210
7,1,4.0,128.0,192,210
7,1,4.0,512.0,196,210
7,1,4.0,2048.0,200,210
7,1,4.0,8192.0,199,210
7,1,4.0,32768.0,199,210
7,1,16.0,0.03125,82,210
7,1,16.0,0.125,82,210
7,1,16.0,0.5,82,210
7,1,16.0,2.0,82,210
7,1,16.0,8.0,82,210
7,1,16.0,32.0,88,210
7,1,16.0,128.0,111,210
7,1,16.0,512.0,150,210
7,1,16.0,2048.0,181,210
7,1,16.0,8192.0,193,210
7,1,16.0,32768.0,194,210
7,1,64.0,0.03125,77,210
7,1,64.0,0.125,77,210
7,1,64.0,0.5,77,210
7,1,64.0,2.0,77,210
7,1,64.0,8.0,77,210
7,1,64.0,32.0,77,210
7,1,64.0,128.0,77,210
7,1,64.0,512.0,81,210
7,1,64.0,2048.0,99,210
7,1,64.0,8192.0,138,210
7,1,64.0,32768.0,164,210
7,1,256.0,0.03125,75,210
7,1,256.0,0.125,75,210
7,1,256.0,0.5,75,210
7,1,256.0,2.0,75,210
7,1,256.0,8.0,75,210
7,1,256.0,32.0,75,210
7,1,256.0,128.0,75,210
7,1,256.0,512.0,75,210
7,1,256.0,2048.0,75,210
7,1,256.0,8192.0,76,210
7,1,256.0,32768.0,101,210
7,1,1024.0,0.03125,74,210
7,1,1024.0,0.125,74,210
7,1,1024.0,0.5,74,210
7,1,1024.0,2.0,74,210
7,1,1024.0,8.0,74,210
7,1,1024.0,32.0,74,210
7,1,1024.0,128.0,74,210
7,1,1024.0,512.0,74,210
7,1,1024.0,2048.0,74,210
7,1,1024.0,8192.0,74,210
7,1,1024.0,32768.0,74,210
7,1,4096.0,0.03125,73,210
7,1,4096.0,0.125,73,210
7,1,4096.0,0.5,73,210
7,1,4096.0,2.0,73,210
7,1,4096.0,8.0,73,210
7,1,4096.0,32.0,73,210
7,1,4096.0,128.0,73,210
7,1,4096.0,512.0,73,210
7,1,4096.0,2048.0,73,210
7,1,4096.0,8192.0,73,210
7,1,4096.0,32768.0,73,210
7,1,16384.0,0.03125,73,210
7,1,16384.0,0.125,73,210
7,1,16384.0,0.5,73,210
7,1,16384.0,2.0,73,210
7,1,16384.0,8.0,73,210
7,1,16384.0,32.0,73,210
7,1,16384.0,128.0,73,210
7,1,16384.0,512.0,73,210
7,1,16384.0,2048.0,73,210
7,1,16384.0,8192.0,73,210
7,1,16384.0,32768.0,73,210
7,1,65536.0,0.03125,73,210
7,1,65536.0,0.125,73,210
7,1,65536.0,0.5,73,210
7,1,65536.0,2.0,73,210
7,1,65536.0,8.0,73,210
7,1,65536.0,32.0,73,210
7,1,65536.0,128.0,73,210
7,1,65536.0,512.0,73,210
7,1,65536.0,2048.0,73,210
7,1,65536.0,8192.0,73,210
7,1,65536.0,32768.0,73,210
7,2,0.000244140625,0.03125,168,210
7,2,0.000244140625,0.125,168,210
7,2,0.000244140625,0.5,168,210
7,2,0.000244140625,2.0,168,210
7,2,0.000244140625,8.0,168,210
7,2,0.000244140625,32.0,168,210
7,2,0.000244140625,128.0,168,210
7,2,0.000244140625,512.0,168,210
7,2,0.000244140625,2048.0,168,210
7,2,0.000244140625,8192.0,168,210
7,2,0.000244140625,32768.0,168,210
7,2,0.0009765625,0.03125,187,210
7,2,0.0009765625,0.125,187,210
7,2,0.0009765625,0.5,187,210
7,2,0.0009765625,2.0,187,210
7,2,0.0009765625,8.0,187,210
7,2,0.0009765625,32.0,187,210
7,2,0.0009765625,128.0,187,210
7,2,0.0009765625,512.0,187,210
7,2,0.0009765625,2048.0,187,210
7,2,0.0009765625,8192.0,187,210
7,2,0.0009765625,32768.0,187,210
7,2,0.00390625,0.03125,195,210
7,2,0.00390625,0.125,195,210
7,2,0.00390625,0.5,195,210
7,2,0.00390625,2.0,195,210
7,2,0.00390625,8.0,195,210
7,2,0.00390625,32.0,195,210
7,2,0.00390625,128.0,195,210
7,2,0.00390625,512.0,195,210
7,2,0.00390625,2048.0,195,210
7,2,0.00390625,8192.0,195,210
7,2,0.00390625,32768.0,195,210
7,2,0.015625,0.03125,199,210
7,2,0.015625,0.125,196,210
7,2,0.015625,0.5,192,210
7,2,0.015625,2.0,191,210
7,2,0.015625,8.0,191,210
7,2,0.015625,32.0,191,210
7,2,0.015625,128.0,191,210
7,2,0.015625,512.0,191,210
7,2,0.015625,2048.0,191,210
7,2,0.015625,8192.0,191,210
7,2,0.015625,32768.0,191,210
7,2,0.0625,0.03125,193,210
7,2,0.0625,0.125,196,210
7,2,0.0625,0.5,197,210
7,2,0.0625,2.0,192,210
7,2,0.0625,8.0,191,210
7,2,0.0625,32.0,187,210
7,2,0.0625,128.0,187,210
7,2,0.0625,512.0,187,210
7,2,0.0625,2048.0,187,210
7,2,0.0625,8192.0,187,210
7,2,0.0625,32768.0,187,210
7,2,0.25,0.03125,92,210
7,2,0.25,0.125,159,210
7,2,0.25,0.5,195,210
7,2,0.25,2.0,196,210
7,2,0.25,8.0,197,210
7,2,0.25,32.0,195,210
7,2,0.25,128.0,191,210
7,2,0.25,512.0,190,210
7,2,0.25,2048.0,189,210
7,2,0.25,8192.0,189,210
7,2,0.25,32768.0,189,210
7,2,1.0,0.03125,87,210
7,2,1.0,0.125,89,210
7,2,1.0,0.5,119,210
7,2,1.0,2.0,169,210
7,2,1.0,8.0,193,210
7,2,1.0,32.0,194,210
7,2,1.0,128.0,194,210
7,2,1.0,512.0,196,210
7,2,1.0,2048.0,195,210
7,2,1.0,8192.0,192,210
7,2,1.0,32768.0,192,210
7,2,4.0,0.03125,85,210
7,2,4.0,0.125,85,210
7,2,4.0,0.5,85,210
7,2,4.0,2.0,88,210
7,2,4.0,8.0,124,210
7,2,4.0,32.0,171,210
7,2,4.0,128.0,189,210
7,2,4.0,512.0,191,210
7,2,4.0,2048.0,193,210
7,2,4.0,8192.0,196,210
7,2,4.0,32768.0,192,210
7,2,16.0,0.03125,84,210
7,2,16.0,0.125,84,210
7,2,16.0,0.5,84,210
7,2,16.0,2.0,84,210
7,2,16.0,8.0,84,210
7,2,16.0,32.0,87,210
7,2,16.0,128.0,113,210
7,2,16.0,512.0,159,210
7,2,16.0,2048.0,178,210
7,2,16.0,8192.0,188,210
7,2,16.0,32768.0,189,210
7,2,64.0,0.03125,79,210
7,2,64.0,0.125,79,210
7,2,64.0,0.5,79,210
7,2,64.0,2.0,79,210
7,2,64.0,8.0,79,210
7,2,64.0,32.0,79,210
7,2,64.0,128.0,79,210
7,2,64.0,512.0,80,210
7,2,64.0,2048.0,105,210
7,2,64.0,8192.0,141,210
7,2,64.0,32768.0,161,210
7,2,256.0,0.03125,79,210
7,2,256.0,0.125,79,210
7,2,256.0,0.5,79,210
7,2,256.0,2.0,79,210
7,2,256.0,8.0,79,210
7,2,256.0,32.0,79,210
7,2,256.0,128.0,79,210
7,2,256.0,512.0,79,210
7,2,256.0,2048.0,79,210
7,2,256.0,8192.0,81,210
7,2,256.0,32768.0,107,210
7,2,1024.0,0.03125,79,210
7,2,1024.0,0.125,79,210
7,2,1024.0,0.5,79,210
7,2,1024.0,2.0,79,210
7,2,1024.0,8.0,79,210
7,2,1024.0,32.0,79,210
7,2,1024.0,128.0,79,210
7,2,1024.0,512.0,79,210
7,2,1024.0,2048.0,79,210
7,2,1024.0,8192.0,79,210
7,2,1024.0,32768.0,79,210
7,2,4096.0,0.03125,79,210
7,2,4096.0,0.125,79,210
7,2,4096.0,0.5,79,210
7,2,4096.0,2.0,79,210
7,2,4096.0,8.0,79,210
7,2,4096.0,32.0,79,210
7,2,4096.0,128.0,79,210
7,2,4096.0,512.0,79,210
7,2,4096.0,2048.0,79,210
7,2,4096.0,8192.0,79,210
7,2,4096.0,32768.0,79,210
7,2,16384.0,0.03125,79,210
7,2,16384.0,0.125,79,210
7,2,16384.0,0.5,79,210
7,2,16384.0,2.0,79,210
7,2,16384.0,8.0,79,210
7,2,16384.0,32.0,79,210
7,2,16384.0,128.0,79,210
7,2,16384.0,512.0,79,210
7,2,16384.0,2048.0,79,210
7,2,16384.0,8192.0,79,210
7,2,16384.0,32768.0,79,210
7,2,65536.0,0.03125,79,210
7,2,65536.0,0.125,79,210
7,2,65536.0,0.5,79,210
7,2,65536.0,2.0,79,210
7,2,65536.0,8.0,79,210
7,2,65536.0,32.0,79,210
7,2,65536.0,128.0,79,210
7,2,65536.0,512.0,79,210
7,2,65536.0,2048.0,79,210
7,2,65536.0,8192.0,79,210
7,2,65536.0,32768.0,79,210
7,3,0.000244140625,0.03125,181,210
7,3,0.000244140625,0.125,181,210
7,3,0.000244140625,0.5,181,210
7,3,0.000244140625,2.0,181,210
7,3,0.000244140625,8.0,181,210
7,3,0.000244140625,32.0,181,210
7,3,0.000244140625,128.0,181,210
7,3,0.000244140625,512.0,181,210
7,3,0.000244140625,2048.0,181,210
7,3,0.000244140625,8192.0,181,210
7,3,0.000244140625,32768.0,181,210
7,3,0.0009765625,0.03125,193,210
7,3,0.0009765625,0.125,193,210
7,3,0.0009765625,0.5,193,210
7,3,0.0009765625,2.0,193,210
7,3,0.0009765625,8.0,193,210
7,3,0.0009765625,32.0,193,210
7,3,0.0009765625,128.0,193,210
7,3,0.0009765625,512.0,193,210
7,3,0.0009765625,2048.0,193,210
7,3,0.0009765625,8192.0,193,210
7,3,0.0009765625,32768.0,193,210
7,3,0.00390625,0.03125,196,210
7,3,0.00390625,0.125,196,210
7,3,0.00390625,0.5,196,210
7,3,0.00390625,2.0,196,210
7,3,0.00390625,8.0,196,210
7,3,0.00390625,32.0,196,210
7,3,0.00390625,128.0,196,210
7,3,0.00390625,512.0,196,210
7,3,0.00390625,2048.0,196,210
7,3,0.00390625,8192.0,196,210
7,3,0.00390625,32768.0,196,210
7,3,0.015625,0.03125,200,210
7,3,0.015625,0.125,196,210
7,3,0.015625,0.5,193,210
7,3,0.015625,2.0,193,210
7,3,0.015625,8.0,193,210
7,3,0.015625,32.0,193,210
7,3,0.015625,128.0,193,210
7,3,0.015625,512.0,193,210
7,3,0.015625,2048.0,193,210
7,3,0.015625,8192.0,193,210
7,3,0.015625,32768.0,193,210
7,3,0.0625,0.03125,197,210
7,3,0.0625,0.125,199,210
7,3,0.0625,0.5,199,210
7,3,0.0625,2.0,197,210
7,3,0.0625,8.0,196,210
7,3,0.0625,32.0,195,210
7,3,0.0625,128.0,195,210
7,3,0.0625,512.0,195,210
7,3,0.0625,2048.0,195,210
7,3,0.0625,8192.0,195,210
7,3,0.0625,32768.0,195,210
7,3,0.25,0.03125,97,210
7,3,0.25,0.125,167,210
7,3,0.25,0.5,193,210
7,3,0.25,2.0,196,210
7,3,0.25,8.0,195,210
7,3,0.25,32.0,195,210
7,3,0.25,128.0,192,210
7,3,0.25,512.0,193,210
7,3,0.25,2048.0,192,210
7,3,0.25,8192.0,192,210
7,3,0.25,32768.0,192,210
7,3,1.0,0.03125,85,210
7,3,1.0,0.125,95,210
7,3,1.0,0.5,121,210
7,3,1.0,2.0,173,210
7,3,1.0,8.0,195,210
7,3,1.0,32.0,193,210
7,3,1.0,128.0,194,210
7,3,1.0,512.0,194,210
7,3,1.0,2048.0,195,210
7,3,1.0,8192.0,194,210
7,3,1.0,32768.0,194,210
7,3,4.0,0.03125,86,210
7,3,4.0,0.125,86,210
7,3,4.0,0.5,86,210
7,3,4.0,2.0,96,210
7,3,4.0,8.0,126,210
7,3,4.0,32.0,175,210
7,3,4.0,128.0,191,210
7,3,4.0,512.0,194,210
7,3,4.0,2048.0,196,210
7,3,4.0,8192.0,195,210
7,3,4.0,32768.0,192,210
7,3,16.0,0.03125,84,210
7,3,16.0,0.125,84,210
7,3,16.0,0.5,84,210
7,3,16.0,2.0,84,210
7,3,16.0,8.0,84,210
7,3,16.0,32.0,94,210
7,3,16.0,128.0,119,210
7,3,16.0,512.0,159,210
7,3,16.0,2048.0,181,210
7,3,16.0,8192.0,193,210
7,3,16.0,32768.0,194,210
7,3,64.0,0.03125,81,210
7,3,64.0,0.125,81,210
7,3,64.0,0.5,81,210
7,3,64.0,2.0,81,210
7,3,64.0,8.0,81,210
7,3,64.0,32.0,81,210
7,3,64.0,128.0,81,210
7,3,64.0,512.0,91,210
7,3,64.0,2048.0,115,210
7,3,64.0,8192.0,146,210
7,3,64.0,32768.0,171,210
7,3,256.0,0.03125,75,210
7,3,256.0,0.125,75,210
7,3,256.0,0.5,75,210
7,3,256.0,2.0,75,210
7,3,256.0,8.0,75,210
7,3,256.0,32.0,75,210
7,3,256.0,128.0,75,210
7,3,256.0,512.0,75,210
7,3,256.0,2048.0,78,210
7,3,256.0,8192.0,82,210
7,3,256.0,32768.0,107,210
7,3,1024.0,0.03125,75,210
7,3,1024.0,0.125,75,210
7,3,1024.0,0.5,75,210
7,3,1024.0,2.0,75,210
7,3,1024.0,8.0,75,210
7,3,1024.0,32.0,75,210
7,3,1024.0,128.0,75,210
7,3,1024.0,512.0,75,210
7,3,1024.0,2048.0,75,210
7,3,1024.0,8192.0,75,210
7,3,1024.0,32768.0,78,210
7,3,4096.0,0.03125,75,210
7,3,4096.0,0.125,75,210
7,3,4096.0,0.5,75,210
7,3,4096.0,2.0,75,210
7,3,4096.0,8.0,75,210
7,3,4096.0,32.0,75,210
7,3,4096.0,128.0,75,210
7,3,4096.0,512.0,75,210
7,3,4096.0,2048.0,75,210
7,3,4096.0,8192.0,75,210
7,3,4096.0,32768.0,75,210
7,3,16384.0,0.03125,75,210
7,3,16384.0,0.125,75,210
7,3,16384.0,0.5,75,210
7,3,16384.0,2.0,75,210
7,3,16384.0,8.0,75,210
7,3,16384.0,32.0,75,210
7,3,16384.0,128.0,75,210
7,3,16384.0,512.0,75,210
7,3,16384.0,2048.0,75,210
7,3,16384.0,8192.0,75,210
7,3,16384.0,32768.0,75,210
7,3,65536.0,0.03125,75,210
7,3,65536.0,0.125,75,210
7,3,65536.0,0.5,75,210
7,3,65536.0,2.0,75,210
7,3,65536.0,8.0,75,210
7,3,65536.0,32.0,75,210
7,3,65536.0,128.0,75,210
7,3,65536.0,512.0,75,210
7,3,65536.0,2048.0,75,210
7,3,65536.0,8192.0,75,210
7,3,65536.0,32768.0,75,210
7,4,0.000244140625,0.03125,175,210
7,4,0.000244140625,0.125,175,210
7,4,0.000244140625,0.5,175,210
7,4,0.000244140625,2.0,175,210
7,4,0.000244140625,8.0,175,210
7,4,0.000244140625,32.0,175,210
7,4,0.000244140625,128.0,175,210
7,4,0.000244140625,512.0,175,210
7,4,0.000244140625,2048.0,175,210
7,4,0.000244140625,8192.0,175,210
7,4,0.000244140625,32768.0,175,210
7,4,0.0009765625,0.03125,190,210
7,4,0.0009765625,0.125,190,210
7,4,0.0009765625,0.5,190,210
7,4,0.0009765625,2.0,190,210
7,4,0.0009765625,8.0,190,210
7,4,0.0009765625,32.0,190,210
7,4,0.0009765625,128.0,190,210
7,4,0.0009765625,512.0,190,210
7,4,0.0009765625,2048.0,190,210
7,4,0.0009765625,8192.0,190,210
7,4,0.0009765625,32768.0,190,210
7,4,0.00390625,0.03125,193,210
7,4,0.00390625,0.125,193,210
7,4,0.00390625,0.5,193,210
7,4,0.00390625,2.0,193,210
7,4,0.00390625,8.0,193,210
7,4,0.00390625,32.0,193,210
7,4,0.00390625,128.0,193,210
7,4,0.00390625,512.0,193,210
7,4,0.00390625,2048.0,193,210
7,4,0.00390625,8192.0,193,210
7,4,0.00390625,32768.0,193,210
7,4,0.015625,0.03125,196,210
7,4,0.015625,0.125,195,210
7,4,0.015625,0.5,192,210
7,4,0.015625,2.0,192,210
7,4,0.015625,8.0,192,210
7,4,0.015625,32.0,192,210
7,4,0.015625,128.0,192,210
7,4,0.015625,512.0,192,210
7,4,0.015625,2048.0,192,210
7,4,0.015625,8192.0,192,210
7,4,0.015625,32768.0,192,210
7,4,0.0625,0.03125,194,210
7,4,0.0625,0.125,197,210
7,4,0.0625,0.5,196,210
7,4,0.0625,2.0,195,210
7,4,0.0625,8.0,191,210
7,4,0.0625,32.0,190,210
7,4,0.0625,128.0,190,210
7,4,0.0625,512.0,190,210
7,4,0.0625,2048.0,190,210
7,4,0.0625,8192.0,190,210
7,4,0.0625,32768.0,190,210
7,4,0.25,0.03125,100,210
7,4,0.25,0.125,167,210
7,4,0.25,0.5,194,210
7,4,0.25,2.0,195,210
7,4,0.25,8.0,197,210
7,4,0.25,32.0,196,210
7,4,0.25,128.0,195,210
7,4,0.25,512.0,196,210
7,4,0.25,2048.0,196,210
7,4,0.25,8192.0,196,210
7,4,0.25,32768.0,196,210
7,4,1.0,0.03125,83,210
7,4,1.0,0.125,94,210
7,4,1.0,0.5,113,210
7,4,1.0,2.0,169,210
7,4,1.0,8.0,191,210
7,4,1.0,32.0,194,210
7,4,1.0,128.0,196,210
7,4,1.0,512.0,195,210
7,4,1.0,2048.0,194,210
7,4,1.0,8192.0,194,210
7,4,1.0,32768.0,194,210
7,4,4.0,0.03125,87,210
7,4,4.0,0.125,87,210
7,4,4.0,0.5,87,210
7,4,4.0,2.0,101,210
7,4,4.0,8.0,122,210
7,4,4.0,32.0,178,210
7,4,4.0,128.0,188,210
7,4,4.0,512.0,194,210
7,4,4.0,2048.0,195,210
7,4,4.0,8192.0,195,210
7,4,4.0,32768.0,193,210
7,4,16.0,0.03125,83,210
7,4,16.0,0.125,83,210
7,4,16.0,0.5,83,210
7,4,16.0,2.0,83,210
7,4,16.0,8.0,83,210
7,4,16.0,32.0,96,210
7,4,16.0,128.0,115,210
7,4,16.0,512.0,158,210
7,4,16.0,2048.0,177,210
7,4,16.0,8192.0,189,210
7,4,16.0,32768.0,194,210
7,4,64.0,0.03125,78,210
7,4,64.0,0.125,78,210
7,4,64.0,0.5,78,210
7,4,64.0,2.0,78,210
7,4,64.0,8.0,78,210
7,4,64.0,32.0,78,210
7,4,64.0,128.0,78,210
7,4,64.0,512.0,90,210
7,4,64.0,2048.0,106,210
7,4,64.0,8192.0,142,210
7,4,64.0,32768.0,160,210
7,4,256.0,0.03125,74,210
7,4,256.0,0.125,74,210
7,4,256.0,0.5,74,210
7,4,256.0,2.0,74,210
7,4,256.0,8.0,74,210
7,4,256.0,32.0,74,210
7,4,256.0,128.0,74,210
7,4,256.0,512.0,74,210
7,4,256.0,2048.0,74,210
7,4,256.0,8192.0,81,210
7,4,256.0,32768.0,100,210
7,4,1024.0,0.03125,73,210
7,4,1024.0,0.125,73,210
7,4,1024.0,0.5,73,210
7,4,1024.0,2.0,73,210
7,4,1024.0,8.0,73,210
7,4,1024.0,32.0,73,210
7,4,1024.0,128.0,73,210
7,4,1024.0,512.0,73,210
7,4,1024.0,2048.0,73,210
7,4,1024.0,8192.0,73,210
7,4,1024.0,32768.0,73,210
7,4,4096.0,0.03125,73,210
7,4,4096.0,0.125,73,210
7,4,4096.0,0.5,73,210
7,4,4096.0,2.0,73,210
7,4,4096.0,8.0,73,210
7,4,4096.0,32.0,73,210
7,4,4096.0,128.0,73,210
7,4,4096.0,512.0,73,210
7,4,4096.0,2048.0,73,210
7,4,4096.0,8192.0,73,210
7,4,4096.0,32768.0,73,210
7,4,16384.0,0.03125,73,210
7,4,16384.0,0.125,73,210
7,4,16384.0,0.5,73,210
7,4,16384.0,2.0,73,210
7,4,16384.0,8.0,73,210
7,4,16384.0,32.0,73,210
7,4,16384.0,128.0,73,210
7,4,16384.0,512.0,73,210
7,4,16384.0,2048.0,73,210
7,4,16384.0,8192.0,73,210
7,4,16384.0,32768.0,73,210
7,4,65536.0,0.03125,73,210
7,4,65536.0,0.125,73,210
7,4,65536.0,0.5,73,210
7,4,65536.0,2.0,73,210
7,4,65536.0,8.0,73,210
7,4,65536.0,32.0,73,210
7,4,65536.0,128.0,73,210
7,4,65536.0,512.0,73,210
7,4,65536.0,2048.0,73,210
7,4,65536.0,8192.0,73,210
7,4,65536.0,32768.0,73,210
7,5,0.000244140625,0.03125,177,210
7,5,0.000244140625,0.125,177,210
7,5,0.000244140625,0.5,177,210
7,5,0.000244140625,2.0,177,210
7,5,0.000244140625,8.0,177,210
7,5,0.000244140625,32.0,177,210
7,5,0.000244140625,128.0,177,210
7,5,0.000244140625,512.0,177,210
7,5,0.000244140625,2048.0,177,210
7,5,0.000244140625,8192.0,177,210
7,5,0.000244140625,32768.0,177,210
7,5,0.0009765625,0.03125,191,210
7,5,0.0009765625,0.125,191,210
7,5,0.0009765625,0.5,191,210
7,5,0.0009765625,2.0,191,210
7,5,0.0009765625,8.0,191,210
7,5,0.0009765625,32.0,191,210
7,5,0.0009765625,128.0,191,210
7,5,0.0009765625,512.0,191,210
7,5,0.0009765625,2048.0,191,210
7,5,0.0009765625,8192.0,191,210
7,5,0.0009765625,32768.0,191,210
7,5,0.00390625,0.03125,193,210
7,5,0.00390625,0.125,194,210
7,5,0.00390625,0.5,194,210
7,5,0.00390625,2.0,194,210
7,5,0.00390625,8.0,194,210
7,5,0.00390625,32.0,194,210
7,5,0.00390625,128.0,194,210
7,5,0.00390625,512.0,194,210
7,5,0.00390625,2048.0,194,210
7,5,0.00390625,8192.0,194,210
7,5,0.00390625,32768.0,194,210
7,5,0.015625,0.03125,199,210
7,5,0.015625,0.125,199,210
7,5,0.015625,0.5,196,210
7,5,0.015625,2.0,197,210
7,5,0.015625,8.0,197,210
7,5,0.015625,32.0,197,210
7,5,0.015625,128.0,197,210
7,5,0.015625,512.0,197,210
7,5,0.015625,2048.0,197,210
7,5,0.015625,8192.0,197,210
7,5,0.015625,32768.0,197,210
7,5,0.0625,0.03125,196,210
7,5,0.0625,0.125,197,210
7,5,0.0625,0.5,195,210
7,5,0.0625,2.0,194,210
7,5,0.0625,8.0,193,210
7,5,0.0625,32.0,194,210
7,5,0.0625,128.0,194,210
7,5,0.0625,512.0,194,210
7,5,0.0625,2048.0,194,210
7,5,0.0625,8192.0,194,210
7,5,0.0625,32768.0,194,210
7,5,0.25,0.03125,103,210
7,5,0.25,0.125,159,210
7,5,0.25,0.5,195,210
7,5,0.25,2.0,195,210
7,5,0.25,8.0,195,210
7,5,0.25,32.0,194,210
7,5,0.25,128.0,193,210
7,5,0.25,512.0,195,210
7,5,0.25,2048.0,197,210
7,5,0.25,8192.0,197,210
7,5,0.25,32768.0,197,210
7,5,1.0,0.03125,86,210
7,5,1.0,0.125,98,210
7,5,1.0,0.5,116,210
7,5,1.0,2.0,160,210
7,5,1.0,8.0,191,210
7,5,1.0,32.0,195,210
7,5,1.0,128.0,197,210
7,5,1.0,512.0,197,210
7,5,1.0,2048.0,194,210
7,5,1.0,8192.0,195,210
7,5,1.0,32768.0,196,210
7,5,4.0,0.03125,84,210
7,5,4.0,0.125,84,210
7,5,4.0,0.5,84,210
7,5,4.0,2.0,97,210
7,5,4.0,8.0,120,210
7,5,4.0,32.0,164,210
7,5,4.0,128.0,189,210
7,5,4.0,512.0,191,210
7,5,4.0,2048.0,196,210
7,5,4.0,8192.0,196,210
7,5,4.0,32768.0,193,210
7,5,16.0,0.03125,81,210
7,5,16.0,0.125,81,210
7,5,16.0,0.5,81,210
7,5,16.0,2.0,81,210
7,5,16.0,8.0,81,210
7,5,16.0,32.0,93,210
7,5,16.0,128.0,117,210
7,5,16.0,512.0,153,210
7,5,16.0,2048.0,175,210
7,5,16.0,8192.0,187,210
7,5,16.0,32768.0,189,210
7,5,64.0,0.03125,76,210
7,5,64.0,0.125,76,210
7,5,64.0,0.5,76,210
7,5,64.0,2.0,76,210
7,5,64.0,8.0,76,210
7,5,64.0,32.0,76,210
7,5,64.0,128.0,77,210
7,5,64.0,512.0,88,210
7,5,64.0,2048.0,109,210
7,5,64.0,8192.0,137,210
7,5,64.0,32768.0,160,210
7,5,256.0,0.03125,74,210
7,5,256.0,0.125,74,210
7,5,256.0,0.5,74,210
7,5,256.0,2.0,74,210
7,5,256.0,8.0,74,210
7,5,256.0,32.0,74,210
7,5,256.0,128.0,74,210
7,5,256.0,512.0,74,210
7,5,256.0,2048.0,77,210
7,5,256.0,8192.0,83,210
7,5,256.0,32768.0,105,210
7,5,1024.0,0.03125,74,210
7,5,1024.0,0.125,74,210
7,5,1024.0,0.5,74,210
7,5,1024.0,2.0,74,210
7,5,1024.0,8.0,74,210
7,5,1024.0,32.0,74,210
7,5,1024.0,128.0,74,210
7,5,1024.0,512.0,74,210
7,5,1024.0,2048.0,74,210
7,5,1024.0,8192.0,74,210
7,5,1024.0,32768.0,77,210
7,5,4096.0,0.03125,74,210
7,5,4096.0,0.125,74,210
7,5,4096.0,0.5,74,210
7,5,4096.0,2.0,74,210
7,5,4096.0,8.0,74,210
7,5,4096.0,32.0,74,210
7,5,4096.0,128.0,74,210
7,5,4096.0,512.0,74,210
7,5,4096.0,2048.0,74,210
7,5,4096.0,8192.0,74,210
7,5,4096.0,32768.0,74,210
7,5,16384.0,0.03125,74,210
7,5,16384.0,0.125,74,210
7,5,16384.0,0.5,74,210
7,5,16384.0,2.0,74,210
7,5,16384.0,8.0,74,210
7,5,16384.0,32.0,74,210
7,5,16384.0,128.0,74,210
7,5,16384.0,512.0,74,210
7,5,16384.0,2048.0,74,210
7,5,16384.0,8192.0,74,210
7,5,16384.0,32768.0,74,210
7,5,65536.0,0.03125,74,210
7,5,65536.0,0.125,74,210
7,5,65536.0,0.5,74,210
7,5,65536.0,2.0,74,210
7,5,65536.0,8.0,74,210
7,5,65536.0,32.0,74,210
7,5,65536.0,128.0,74,210
7,5,65536.0,512.0,74,210
7,5,65536.0,2048.0,74,210
7,5,65536.0,8192.0,74,210
7,5,65536.0,32768.0,74,210
7,6,0.000244140625,0.03125,175,210
7,6,0.000244140625,0.125,175,210
7,6,0.000244140625,0.5,175,210
7,6,0.000244140625,2.0,175,210
7,6,0.000244140625,8.0,175,210
7,6,0.000244140625,32.0,175,210
7,6,0.000244140625,128.0,175,210
7,6,0.000244140625,512.0,175,210
7,6,0.000244140625,2048.0,175,210
7,6,0.000244140625,8192.0,175,210
7,6,0.000244140625,32768.0,175,210
7,6,0.0009765625,0.03125,190,210
7,6,0.0009765625,0.125,190,210
7,6,0.0009765625,0.5,190,210
7,6,0.0009765625,2.0,190,210
7,6,0.0009765625,8.0,190,210
7,6,0.0009765625,32.0,190,210
7,6,0.0009765625,128.0,190,210
7,6,0.0009765625,512.0,190,210
7,6,0.0009765625,2048.0,190,210
7,6,0.0009765625,8192.0,190,210
7,6,0.0009765625,32768.0,190,210
7,6,0.00390625,0.03125,195,210
7,6,0.00390625,0.125,195,210
7,6,0.00390625,0.5,195,210
7,6,0.00390625,2.0,195,210
7,6,0.00390625,8.0,195,210
7,6,0.00390625,32.0,195,210
7,6,0.00390625,128.0,195,210
7,6,0.00390625,512.0,195,210
7,6,0.00390625,2048.0,195,210
7,6,0.00390625,8192.0,195,210
7,6,0.00390625,32768.0,195,210
7,6,0.015625,0.03125,200,210
7,6,0.015625,0.125,200,210
7,6,0.015625,0.5,198,210
7,6,0.015625,2.0,197,210
7,6,0.015625,8.0,197,210
7,6,0.015625,32.0,197,210
7,6,0.015625,128.0,197,210
7,6,0.015625,512.0,197,210
7,6,0.015625,2048.0,197,210
7,6,0.015625,8192.0,197,210
7,6,0.015625,32768.0,197,210
7,6,0.0625,0.03125,196,210
7,6,0.0625,0.125,197,210
7,6,0.0625,0.5,195,210
7,6,0.0625,2.0,195,210
7,6,0.0625,8.0,195,210
7,6,0.0625,32.0,196,210
7,6,0.0625,128.0,196,210
7,6,0.0625,512.0,196,210
7,6,0.0625,2048.0,196,210
7,6,0.0625,8192.0,196,210
7,6,0.0625,32768.0,196,210
7,6,0.25,0.03125,104,210
7,6,0.25,0.125,171,210
7,6,0.25,0.5,194,210
7,6,0.25,2.0,195,210
7,6,0.25,8.0,195,210
7,6,0.25,32.0,195,210
7,6,0.25,128.0,195,210
7,6,0.25,512.0,197,210
7,6,0.25,2048.0,196,210
7,6,0.25,8192.0,196,210
7,6,0.25,32768.0,196,210
7,6,1.0,0.03125,88,210
7,6,1.0,0.125,100,210
7,6,1.0,0.5,114,210
7,6,1.0,2.0,172,210
7,6,1.0,8.0,195,210
7,6,1.0,32.0,195,210
7,6,1.0,128.0,197,210
7,6,1.0,512.0,197,210
7,6,1.0,2048.0,197,210
7,6,1.0,8192.0,197,210
7,6,1.0,32768.0,197,210
7,6,4.0,0.03125,84,210
7,6,4.0,0.125,84,210
7,6,4.0,0.5,84,210
7,6,4.0,2.0,97,210
7,6,4.0,8.0,114,210
7,6,4.0,32.0,170,210
7,6,4.0,128.0,189,210
7,6,4.0,512.0,191,210
7,6,4.0,2048.0,194,210
7,6,4.0,8192.0,196,210
7,6,4.0,32768.0,195,210
7,6,16.0,0.03125,84,210
7,6,16.0,0.125,84,210
7,6,16.0,0.5,84,210
7,6,16.0,2.0,84,210
7,6,16.0,8.0,84,210
7,6,16.0,32.0,97,210
7,6,16.0,128.0,112,210
7,6,16.0,512.0,156,210
7,6,16.0,2048.0,181,210
7,6,16.0,8192.0,188,210
7,6,16.0,32768.0,192,210
7,6,64.0,0.03125,78,210
7,6,64.0,0.125,78,210
7,6,64.0,0.5,78,210
7,6,64.0,2.0,78,210
7,6,64.0,8.0,78,210
7,6,64.0,32.0,78,210
7,6,64.0,128.0,79,210
7,6,64.0,512.0,91,210
7,6,64.0,2048.0,102,210
7,6,64.0,8192.0,140,210
7,6,64.0,32768.0,173,210
7,6,256.0,0.03125,77,210
7,6,256.0,0.125,77,210
7,6,256.0,0.5,77,210
7,6,256.0,2.0,77,210
7,6,256.0,8.0,77,210
7,6,256.0,32.0,77,210
7,6,256.0,128.0,77,210
7,6,256.0,512.0,77,210
7,6,256.0,2048.0,81,210
7,6,256.0,8192.0,86,210
7,6,256.0,32768.0,103,210
7,6,1024.0,0.03125,74,210
7,6,1024.0,0.125,74,210
7,6,1024.0,0.5,74,210
7,6,1024.0,2.0,74,210
7,6,1024.0,8.0,74,210
7,6,1024.0,32.0,74,210
7,6,1024.0,128.0,74,210
7,6,1024.0,512.0,74,210
7,6,1024.0,2048.0,74,210
7,6,1024.0,8192.0,74,210
7,6,1024.0,32768.0,78,210
7,6,4096.0,0.03125,74,210
7,6,4096.0,0.125,74,210
7,6,4096.0,0.5,74,210
7,6,4096.0,2.0,74,210
7,6,4096.0,8.0,74,210
7,6,4096.0,32.0,74,210
7,6,4096.0,128.0,74,210
7,6,4096.0,512.0,74,210
7,6,4096.0,2048.0,74,210
7,6,4096.0,8192.0,74,210
7,6,4096.0,32768.0,74,210
7,6,16384.0,0.03125,74,210
7,6,16384.0,0.125,74,210
7,6,16384.0,0.5,74,210
7,6,16384.0,2.0,74,210
7,6,16384.0,8.0,74,210
7,6,16384.0,32.0,74,210
7,6,16384.0,128.0,74,210
7,6,16384.0,512.0,74,210
7,6,16384.0,2048.0,74,210
7,6,16384.0,8192.0,74,210
7,6,16384.0,32768.0,74,210
7,6,65536.0,0.03125,74,210
7,6,65536.0,0.125,74,210
7,6,65536.0,0.5,74,210
7,6,65536.0,2.0,74,210
7,6,65536.0,8.0,74,210
7,6,65536.0,32.0,74,210
7,6,65536.0,128.0,74,210
7,6,65536.0,512.0,74,210
7,6,65536.0,2048.0,74,210
7,6,65536.0,8192.0,74,210
7,6,65536.0,32768.0,74,210
7,7,0.000244140625,0.03125,182,210
7,7,0.000244140625,0.125,182,210
7,7,0.000244140625,0.5,182,210
7,7,0.000244140625,2.0,182,210
7,7,0.000244140625,8.0,182,210
7,7,0.000244140625,32.0,182,210
7,7,0.000244140625,128.0,182,210
7,7,0.000244140625,512.0,182,210
7,7,0.000244140625,2048.0,182,210
7,7,0.000244140625,8192.0,182,210
7,7,0.000244140625,32768.0,182,210
7,7,0.0009765625,0.03125,193,210
7,7,0.0009765625,0.125,193,210
7,7,0.0009765625,0.5,193,210
7,7,0.0009765625,2.0,193,210
7,7,0.0009765625,8.0,193,210
7,7,0.0009765625,32.0,193,210
7,7,0.0009765625,128.0,193,210
7,7,0.0009765625,512.0,193,210
7,7,0.0009765625,2048.0,193,210
7,7,0.0009765625,8192.0,193,210
7,7,0.0009765625,32768.0,193,210
7,7,0.00390625,0.03125,199,210
7,7,0.00390625,0.125,199,210
7,7,0.00390625,0.5,199,210
7,7,0.00390625,2.0,199,210
7,7,0.00390625,8.0,199,210
7,7,0.00390625,32.0,199,210
7,7,0.00390625,128.0,199,210
7,7,0.00390625,512.0,199,210
7,7,0.00390625,2048.0,199,210
7,7,0.00390625,8192.0,199,210
7,7,0.00390625,32768.0,199,210
7,7,0.015625,0.03125,202,210
7,7,0.015625,0.125,200,210
7,7,0.015625,0.5,198,210
7,7,0.015625,2.0,198,210
7,7,0.015625,8.0,198,210
7,7,0.015625,32.0,198,210
7,7,0.015625,128.0,198,210
7,7,0.015625,512.0,198,210
7,7,0.015625,2048.0,198,210
7,7,0.015625,8192.0,198,210
7,7,0.015625,32768.0,198,210
7,7,0.0625,0.03125,196,210
7,7,0.0625,0.125,198,210
7,7,0.0625,0.5,198,210
7,7,0.0625,2.0,199,210
7,7,0.0625,8.0,198,210
7,7,0.0625,32.0,198,210
7,7,0.0625,128.0,198,210
7,7,0.0625,512.0,198,210
7,7,0.0625,2048.0,198,210
7,7,0.0625,8192.0,198,210
7,7,0.0625,32768.0,198,210
7,7,0.25,0.03125,100,210
7,7,0.25,0.125,157,210
7,7,0.25,0.5,196,210
7,7,0.25,2.0,197,210
7,7,0.25,8.0,198,210
7,7,0.25,32.0,198,210
7,7,0.25,128.0,197,210
7,7,0.25,512.0,196,210
7,7,0.25,2048.0,196,210
7,7,0.25,8192.0,196,210
7,7,0.25,32768.0,196,210
7,7,1.0,0.03125,88,210
7,7,1.0,0.125,94,210
7,7,1.0,0.5,121,210
7,7,1.0,2.0,167,210
7,7,1.0,8.0,196,210
7,7,1.0,32.0,198,210
7,7,1.0,128.0,199,210
7,7,1.0,512.0,199,210
7,7,1.0,2048.0,199,210
7,7,1.0,8192.0,198,210
7,7,1.0,32768.0,198,210
7,7,4.0,0.03125,87,210
7,7,4.0,0.125,87,210
7,7,4.0,0.5,87,210
7,7,4.0,2.0,93,210
7,7,4.0,8.0,123,210
7,7,4.0,32.0,177,210
7,7,4.0,128.0,192,210
7,7,4.0,512.0,195,210
7,7,4.0,2048.0,200,210
7,7,4.0,8192.0,199,210
7,7,4.0,32768.0,197,210
7,7,16.0,0.03125,84,210
7,7,16.0,0.125,84,210
7,7,16.0,0.5,84,210
7,7,16.0,2.0,84,210
7,7,16.0,8.0,84,210
7,7,16.0,32.0,90,210
7,7,16.0,128.0,116,210
7,7,16.0,512.0,163,210
7,7,16.0,2048.0,184,210
7,7,16.0,8192.0,193,210
7,7,16.0,32768.0,196,210
7,7,64.0,0.03125,78,210
7,7,64.0,0.125,78,210
7,7,64.0,0.5,78,210
7,7,64.0,2.0,78,210
7,7,64.0,8.0,78,210
7,7,64.0,32.0,78,210
7,7,64.0,128.0,78,210
7,7,64.0,512.0,82,210
7,7,64.0,2048.0,105,210
7,7,64.0,8192.0,137,210
7,7,64.0,32768.0,165,210
7,7,256.0,0.03125,76,210
7,7,256.0,0.125,76,210
7,7,256.0,0.5,76,210
7,7,256.0,2.0,76,210
7,7,256.0,8.0,76,210
7,7,256.0,32.0,76,210
7,7,256.0,128.0,76,210
7,7,256.0,512.0,76,210
7,7,256.0,2048.0,76,210
7,7,256.0,8192.0,76,210
7,7,256.0,32768.0,100,210
7,7,1024.0,0.03125,76,210
7,7,1024.0,0.125,76,210
7,7,1024.0,0.5,76,210
7,7,1024.0,2.0,76,210
7,7,1024.0,8.0,76,210
7,7,1024.0,32.0,76,210
7,7,1024.0,128.0,76,210
7,7,1024.0,512.0,76,210
7,7,1024.0,2048.0,76,210
7,7,1024.0,8192.0,76,210
7,7,1024.0,32768.0,76,210
7,7,4096.0,0.03125,76,210
7,7,4096.0,0.125,76,210
7,7,4096.0,0.5,76,210
7,7,4096.0,2.0,76,210
7,7,4096.0,8.0,76,210
7,7,4096.0,32.0,76,210
7,7,4096.0,128.0,76,210
7,7,4096.0,512.0,76,210
7,7,4096.0,2048.0,76,210
7,7,4096.0,8192.0,76,210
7,7,4096.0,32768.0,76,210
7,7,16384.0,0.03125,76,210
7,7,16384.0,0.125,76,210
7,7,16384.0,0.5,76,210
7,7,16384.0,2.0,76,210
7,7,16384.0,8.0,76,210
7,7,16384.0,32.0,76,210
7,7,16384.0,128.0,76,210
7,7,16384.0,512.0,76,210
7,7,16384.0,2048.0,76,210
7,7,16384.0,8192.0,76,210
7,7,16384.0,32768.0,76,210
7,7,65536.0,0.03125,76,210
7,7,65536.0,0.125,76,210
7,7,65536.0,0.5,76,210
7,7,65536.0,2.0,76,210
7,7,65536.0,8.0,76,210
7,7,65536.0,32.0,76,210
7,7,65536.0,128.0,76,210
7,7,65536.0,512.0,76,210
7,7,65536.0,2048.0,76,210
7,7,65536.0,8192.0,76,210
7,7,65536.0,32768.0,76,210
7,8,0.000244140625,0.03125,183,210
7,8,0.000244140625,0.125,183,210
7,8,0.000244140625,0.5,183,210
7,8,0.000244140625,2.0,183,210
7,8,0.000244140625,8.0,183,210
7,8,0.000244140625,32.0,183,210
7,8,0.000244140625,128.0,183,210
7,8,0.000244140625,512.0,183,210
7,8,0.000244140625,2048.0,183,210
7,8,0.000244140625,8192.0,183,210
7,8,0.000244140625,32768.0,183,210
7,8,0.0009765625,0.03125,196,210
7,8,0.0009765625,0.125,196,210
7,8,0.0009765625,0.5,196,210
7,8,0.0009765625,2.0,196,210
7,8,0.0009765625,8.0,196,210
7,8,0.0009765625,32.0,196,210
7,8,0.0009765625,128.0,196,210
7,8,0.0009765625,512.0,196,210
7,8,0.0009765625,2048.0,196,210
7,8,0.0009765625,8192.0,196,210
7,8,0.0009765625,32768.0,196,210
7,8,0.00390625,0.03125,202,210
7,8,0.00390625,0.125,202,210
7,8,0.00390625,0.5,202,210
7,8,0.00390625,2.0,202,210
7,8,0.00390625,8.0,202,210
7,8,0.00390625,32.0,202,210
7,8,0.00390625,128.0,202,210
7,8,0.00390625,512.0,202,210
7,8,0.00390625,2048.0,202,210
7,8,0.00390625,8192.0,202,210
7,8,0.00390625,32768.0,202,210
7,8,0.015625,0.03125,201,210
7,8,0.015625,0.125,200,210
7,8,0.015625,0.5,199,210
7,8,0.015625,2.0,199,210
7,8,0.015625,8.0,199,210
7,8,0.015625,32.0,199,210
7,8,0.015625,128.0,199,210
7,8,0.015625,512.0,199,210
7,8,0.015625,2048.0,199,210
7,8,0.015625,8192.0,199,210
7,8,0.015625,32768.0,199,210
7,8,0.0625,0.03125,200,210
7,8,0.0625,0.125,200,210
7,8,0.0625,0.5,200,210
7,8,0.0625,2.0,198,210
7,8,0.0625,8.0,198,210
7,8,0.0625,32.0,198,210
7,8,0.0625,128.0,198,210
7,8,0.0625,512.0,198,210
7,8,0.0625,2048.0,198,210
7,8,0.0625,8192.0,198,210
7,8,0.0625,32768.0,198,210
7,8,0.25,0.03125,96,210
7,8,0.25,0.125,166,210
7,8,0.25,0.5,198,210
7,8,0.25,2.0,197,210
7,8,0.25,8.0,199,210
7,8,0.25,32.0,198,210
7,8,0.25,128.0,197,210
7,8,0.25,512.0,199,210
7,8,0.25,2048.0,199,210
7,8,0.25,8192.0,199,210
7,8,0.25,32768.0,199,210
7,8,1.0,0.03125,88,210
7,8,1.0,0.125,94,210
7,8,1.0,0.5,123,210
7,8,1.0,2.0,176,210
7,8,1.0,8.0,197,210
7,8,1.0,32.0,198,210
7,8,1.0,128.0,197,210
7,8,1.0,512.0,200,210
7,8,1.0,2048.0,199,210
7,8,1.0,8192.0,198,210
7,8,1.0,32768.0,195,210
7,8,4.0,0.03125,86,210
7,8,4.0,0.125,86,210
7,8,4.0,0.5,86,210
7,8,4.0,2.0,94,210
7,8,4.0,8.0,126,210
7,8,4.0,32.0,175,210
7,8,4.0,128.0,192,210
7,8,4.0,512.0,196,210
7,8,4.0,2048.0,197,210
7,8,4.0,8192.0,199,210
7,8,4.0,32768.0,200,210
7,8,16.0,0.03125,84,210
7,8,16.0,0.125,84,210
7,8,16.0,0.5,84,210
7,8,16.0,2.0,84,210
7,8,16.0,8.0,84,210
7,8,16.0,32.0,92,210
7,8,16.0,128.0,115,210
7,8,16.0,512.0,157,210
7,8,16.0,2048.0,180,210
7,8,16.0,8192.0,192,210
7,8,16.0,32768.0,194,210
7,8,64.0,0.03125,82,210
7,8,64.0,0.125,82,210
7,8,64.0,0.5,82,210
7,8,64.0,2.0,82,210
7,8,64.0,8.0,82,210
7,8,64.0,32.0,82,210
7,8,64.0,128.0,82,210
7,8,64.0,512.0,86,210
7,8,64.0,2048.0,107,210
7,8,64.0,8192.0,144,210
7,8,64.0,32768.0,169,210
7,8,256.0,0.03125,79,210
7,8,256.0,0.125,79,210
7,8,256.0,0.5,79,210
7,8,256.0,2.0,79,210
7,8,256.0,8.0,79,210
7,8,256.0,32.0,79,210
7,8,256.0,128.0,79,210
7,8,256.0,512.0,79,210
7,8,256.0,2048.0,79,210
7,8,256.0,8192.0,82,210
7,8,256.0,32768.0,105,210
7,8,1024.0,0.03125,78,210
7,8,1024.0,0.125,78,210
7,8,1024.0,0.5,78,210
7,8,1024.0,2.0,78,210
7,8,1024.0,8.0,78,210
7,8,1024.0,32.0,78,210
7,8,1024.0,128.0,78,210
7,8,1024.0,512.0,78,210
7,8,1024.0,2048.0,78,210
7,8,1024.0,8192.0,78,210
7,8,1024.0,32768.0,78,210
7,8,4096.0,0.03125,78,210
7,8,4096.0,0.125,78,210
7,8,4096.0,0.5,78,210
7,8,4096.0,2.0,78,210
7,8,4096.0,8.0,78,210
7,8,4096.0,32.0,78,210
7,8,4096.0,128.0,78,210
7,8,4096.0,512.0,78,210
7,8,4096.0,2048.0,78,210
7,8,4096.0,8192.0,78,210
7,8,4096.0,32768.0,78,210
7,8,16384.0,0.03125,78,210
7,8,16384.0,0.125,78,210
7,8,16384.0,0.5,78,210
7,8,16384.0,2.0,78,210
7,8,16384.0,8.0,78,210
7,8,16384.0,32.0,78,210
7,8,16384.0,128.0,78,210
7,8,16384.0,512.0,78,210
7,8,16384.0,2048.0,78,210
7,8,16384.0,8192.0,78,210
7,8,16384.0,32768.0,78,210
7,8,65536.0,0.03125,78,210
7,8,65536.0,0.125,78,210
7,8,65536.0,0.5,78,210
7,8,65536.0,2.0,78,210
7,8,65536.0,8.0,78,210
7,8,65536.0,32.0,78,210
7,8,65536.0,128.0,78,210
7,8,65536.0,512.0,78,210
7,8,65536.0,2048.0,78,210
7,8,65536.0,8192.0,78,210
7,8,65536.0,32768.0,78,210
7,9,0.000244140625,0.03125,169,210
7,9,0.000244140625,0.125,169,210
7,9,0.000244140625,0.5,169,210
7,9,0.000244140625,2.0,169,210
7,9,0.000244140625,8.0,169,210
7,9,0.000244140625,32.0,169,210
7,9,0.000244140625,128.0,169,210
7,9,0.000244140625,512.0,169,210
7,9,0.000244140625,2048.0,169,210
7,9,0.000244140625,8192.0,169,210
7,9,0.000244140625,32768.0,169,210
7,9,0.0009765625,0.03125,186,210
7,9,0.0009765625,0.125,186,210
7,9,0.0009765625,0.5,186,210
7,9,0.0009765625,2.0,186,210
7,9,0.0009765625,8.0,186,210
7,9,0.0009765625,32.0,186,210
7,9,0.0009765625,128.0,186,210
7,9,0.0009765625,512.0,186,210
7,9,0.0009765625,2048.0,186,210
7,9,0.0009765625,8192.0,186,210
7,9,0.0009765625,32768.0,186,210
7,9,0.00390625,0.03125,192,210
7,9,0.00390625,0.125,193,210
7,9,0.00390625,0.5,193,210
7,9,0.00390625,2.0,193,210
7,9,0.00390625,8.0,193,210
7,9,0.00390625,32.0,193,210
7,9,0.00390625,128.0,193,210
7,9,0.00390625,512.0,193,210
7,9,0.00390625,2048.0,193,210
7,9,0.00390625,8192.0,193,210
7,9,0.00390625,32768.0,193,210
7,9,0.015625,0.03125,197,210
7,9,0.015625,0.125,194,210
7,9,0.015625,0.5,193,210
7,9,0.015625,2.0,195,210
7,9,0.015625,8.0,195,210
7,9,0.015625,32.0,195,210
7,9,0.015625,128.0,195,210
7,9,0.015625,512.0,195,210
7,9,0.015625,2048.0,195,210
7,9,0.015625,8192.0,195,210
7,9,0.015625,32768.0,195,210
7,9,0.0625,0.03125,192,210
7,9,0.0625,0.125,197,210
7,9,0.0625,0.5,195,210
7,9,0.0625,2.0,192,210
7,9,0.0625,8.0,189,210
7,9,0.0625,32.0,190,210
7,9,0.0625,128.0,190,210
7,9,0.0625,512.0,190,210
7,9,0.0625,2048.0,190,210
7,9,0.0625,8192.0,190,210
7,9,0.0625,32768.0,190,210
7,9,0.25,0.03125,92,210
7,9,0.25,0.125,158,210
7,9,0.25,0.5,190,210
7,9,0.25,2.0,193,210
7,9,0.25,8.0,193,210
7,9,0.25,32.0,193,210
7,9,0.25,128.0,188,210
7,9,0.25,512.0,191,210
7,9,0.25,2048.0,191,210
7,9,0.25,8192.0,191,210
7,9,0.25,32768.0,191,210
7,9,1.0,0.03125,87,210
7,9,1.0,0.125,89,210
7,9,1.0,0.5,115,210
7,9,1.0,2.0,157,210
7,9,1.0,8.0,190,210
7,9,1.0,32.0,192,210
7,9,1.0,128.0,193,210
7,9,1.0,512.0,194,210
7,9,1.0,2048.0,190,210
7,9,1.0,8192.0,189,210
7,9,1.0,32768.0,189,210
7,9,4.0,0.03125,86,210
7,9,4.0,0.125,86,210
7,9,4.0,0.5,86,210
7,9,4.0,2.0,89,210
7,9,4.0,8.0,120,210
7,9,4.0,32.0,165,210
7,9,4.0,128.0,184,210
7,9,4.0,512.0,190,210
7,9,4.0,2048.0,194,210
7,9,4.0,8192.0,192,210
7,9,4.0,32768.0,191,210
7,9,16.0,0.03125,83,210
7,9,16.0,0.125,83,210
7,9,16.0,0.5,83,210
7,9,16.0,2.0,83,210
7,9,16.0,8.0,83,210
7,9,16.0,32.0,86,210
7,9,16.0,128.0,112,210
7,9,16.0,512.0,154,210
7,9,16.0,2048.0,178,210
7,9,16.0,8192.0,184,210
7,9,16.0,32768.0,191,210
7,9,64.0,0.03125,77,210
7,9,64.0,0.125,77,210
7,9,64.0,0.5,77,210
7,9,64.0,2.0,77,210
7,9,64.0,8.0,77,210
7,9,64.0,32.0,77,210
7,9,64.0,128.0,77,210
7,9,64.0,512.0,79,210
7,9,64.0,2048.0,103,210
7,9,64.0,8192.0,136,210
7,9,64.0,32768.0,159,210
7,9,256.0,0.03125,73,210
7,9,256.0,0.125,73,210
7,9,256.0,0.5,73,210
7,9,256.0,2.0,73,210
7,9,256.0,8.0,73,210
7,9,256.0,32.0,73,210
7,9,256.0,128.0,73,210
7,9,256.0,512.0,73,210
7,9,256.0,2048.0,73,210
7,9,256.0,8192.0,76,210
7,9,256.0,32768.0,99,210
7,9,1024.0,0.03125,73,210
7,9,1024.0,0.125,73,210
7,9,1024.0,0.5,73,210
7,9,1024.0,2.0,73,210
7,9,1024.0,8.0,73,210
7,9,1024.0,32.0,73,210
7,9,1024.0,128.0,73,210
7,9,1024.0,512.0,73,210
7,9,1024.0,2048.0,73,210
7,9,1024.0,8192.0,73,210
7,9,1024.0,32768.0,73,210
7,9,4096.0,0.03125,73,210
7,9,4096.0,0.125,73,210
7,9,4096.0,0.5,73,210
7,9,4096.0,2.0,73,210
7,9,4096.0,8.0,73,210
7,9,4096.0,32.0,73,210
7,9,4096.0,128.0,73,210
7,9,4096.0,512.0,73,210
7,9,4096.0,2048.0,73,210
7,9,4096.0,8192.0,73,210
7,9,4096.0,32768.0,73,210
7,9,16384.0,0.03125,73,210
7,9,16384.0,0.125,73,210
7,9,16384.0,0.5,73,210
7,9,16384.0,2.0,73,210
7,9,16384.0,8.0,73,210
7,9,16384.0,32.0,73,210
7,9,16384.0,128.0,73,210
7,9,16384.0,512.0,73,210
7,9,16384.0,2048.0,73,210
7,9,16384.0,8192.0,73,210
7,9,16384.0,32768.0,73,210
7,9,65536.0,0.03125,73,210
7,9,65536.0,0.125,73,210
7,9,65536.0,0.5,73,210
7,9,65536.0,2.0,73,210
7,9,65536.0,8.0,73,210
7,9,65536.0,32.0,73,210
7,9,65536.0,128.0,73,210
7,9,65536.0,512.0,73,210
7,9,65536.0,2048.0,73,210
7,9,65536.0,8192.0,73,210
7,9,65536.0,32768.0,73,210
7,10,0.000244140625,0.03125,169,210
7,10,0.000244140625,0.125,169,210
7,10,0.000244140625,0.5,169,210
7,10,0.000244140625,2.0,169,210
7,10,0.000244140625,8.0,169,210
7,10,0.000244140625,32.0,169,210
7,10,0.000244140625,128.0,169,210
7,10,0.000244140625,512.0,169,210
7,10,0.000244140625,2048.0,169,210
7,10,0.000244140625,8192.0,169,210
7,10,0.000244140625,32768.0,169,210
7,10,0.0009765625,0.03125,187,210
7,10,0.0009765625,0.125,187,210
7,10,0.0009765625,0.5,187,210
7,10,0.0009765625,2.0,187,210
7,10,0.0009765625,8.0,187,210
7,10,0.0009765625,32.0,187,210
7,10,0.0009765625,128.0,187,210
7,10,0.0009765625,512.0,187,210
7,10,0.0009765625,2048.0,187,210
7,10,0.0009765625,8192.0,187,210
7,10,0.0009765625,32768.0,187,210
7,10,0.00390625,0.03125,190,210
7,10,0.00390625,0.125,190,210
7,10,0.00390625,0.5,190,210
7,10,0.00390625,2.0,190,210
7,10,0.00390625,8.0,190,210
7,10,0.00390625,32.0,190,210
7,10,0.00390625,128.0,190,210
7,10,0.00390625,512.0,190,210
7,10,0.00390625,2048.0,190,210
7,10,0.00390625,8192.0,190,210
7,10,0.00390625,32768.0,190,210
7,10,0.015625,0.03125,197,210
7,10,0.015625,0.125,194,210
7,10,0.015625,0.5,192,210
7,10,0.015625,2.0,192,210
7,10,0.015625,8.0,192,210
7,10,0.015625,32.0,192,210
7,10,0.015625,128.0,192,210
7,10,0.015625,512.0,192,210
7,10,0.015625,2048.0,192,210
7,10,0.015625,8192.0,192,210
7,10,0.015625,32768.0,192,210
7,10,0.0625,0.03125,198,210
7,10,0.0625,0.125,198,210
7,10,0.0625,0.5,196,210
7,10,0.0625,2.0,194,210
7,10,0.0625,8.0,193,210
7,10,0.0625,32.0,191,210
7,10,0.0625,128.0,191,210
7,10,0.0625,512.0,191,210
7,10,0.0625,2048.0,191,210
7,10,0.0625,8192.0,191,210
7,10,0.0625,32768.0,191,210
7,10,0.25,0.03125,97,210
7,10,0.25,0.125,163,210
7,10,0.25,0.5,199,210
7,10,0.25,2.0,198,210
7,10,0.25,8.0,199,210
7,10,0.25,32.0,197,210
7,10,0.25,128.0,194,210
7,10,0.25,512.0,195,210
7,10,0.25,2048.0,195,210
7,10,0.25,8192.0,195,210
7,10,0.25,32768.0,195,210
7,10,1.0,0.03125,87,210
7,10,1.0,0.125,94,210
7,10,1.0,0.5,114,210
7,10,1.0,2.0,168,210
7,10,1.0,8.0,195,210
7,10,1.0,32.0,197,210
7,10,1.0,128.0,199,210
7,10,1.0,512.0,198,210
7,10,1.0,2048.0,196,210
7,10,1.0,8192.0,194,210
7,10,1.0,32768.0,194,210
7,10,4.0,0.03125,86,210
7,10,4.0,0.125,86,210
7,10,4.0,0.5,86,210
7,10,4.0,2.0,94,210
7,10,4.0,8.0,121,210
7,10,4.0,32.0,165,210
7,10,4.0,128.0,194,210
7,10,4.0,512.0,196,210
7,10,4.0,2048.0,196,210
7,10,4.0,8192.0,197,210
7,10,4.0,32768.0,195,210
7,10,16.0,0.03125,87,210
7,10,16.0,0.125,87,210
7,10,16.0,0.5,87,210
7,10,16.0,2.0,87,210
7,10,16.0,8.0,87,210
7,10,16.0,32.0,94,210
7,10,16.0,128.0,119,210
7,10,16.0,512.0,157,210
7,10,16.0,2048.0,184,210
7,10,16.0,8192.0,193,210
7,10,16.0,32768.0,192,210
7,10,64.0,0.03125,80,210
7,10,64.0,0.125,80,210
7,10,64.0,0.5,80,210
7,10,64.0,2.0,80,210
7,10,64.0,8.0,80,210
7,10,64.0,32.0,80,210
7,10,64.0,128.0,80,210
7,10,64.0,512.0,86,210
7,10,64.0,2048.0,110,210
7,10,64.0,8192.0,144,210
7,10,64.0,32768.0,163,210
7,10,256.0,0.03125,76,210
7,10,256.0,0.125,76,210
7,10,256.0,0.5,76,210
7,10,256.0,2.0,76,210
7,10,256.0,8.0,76,210
7,10,256.0,32.0,76,210
7,10,256.0,128.0,76,210
7,10,256.0,512.0,76,210
7,10,256.0,2048.0,76,210
7,10,256.0,8192.0,82,210
7,10,256.0,32768.0,107,210
7,10,1024.0,0.03125,75,210
7,10,1024.0,0.125,75,210
7,10,1024.0,0.5,75,210
7,10,1024.0,2.0,75,210
7,10,1024.0,8.0,75,210
7,10,1024.0,32.0,75,210
7,10,1024.0,128.0,75,210
7,10,1024.0,512.0,75,210
7,10,1024.0,2048.0,75,210
7,10,1024.0,8192.0,75,210
7,10,1024.0,32768.0,75,210
7,10,4096.0,0.03125,75,210
7,10,4096.0,0.125,75,210
7,10,4096.0,0.5,75,210
7,10,4096.0,2.0,75,210
7,10,4096.0,8.0,75,210
7,10,4096.0,32.0,75,210
7,10,4096.0,128.0,75,210
7,10,4096.0,512.0,75,210
7,10,4096.0,2048.0,75,210
7,10,4096.0,8192.0,75,210
7,10,4096.0,32768.0,75,210
7,10,16384.0,0.03125,75,210
7,10,16384.0,0.125,75,210
7,10,16384.0,0.5,75,210
7,10,16384.0,2.0,75,210
7,10,16384.0,8.0,75,210
7,10,16384.0,32.0,75,210
7,10,16384.0,128.0,75,210
7,10,16384.0,512.0,75,210
7,10,16384.0,2048.0,75,210
7,10,16384.0,8192.0,75,210
7,10,16384.0,32768.0,75,210
7,10,65536.0,0.03125,75,210
7,10,65536.0,0.125,75,210
7,10,65536.0,0.5,75,210
7,10,65536.0,2.0,75,210
7,10,65536.0,8.0,75,210
7,10,65536.0,32.0,75,210
7,10,65536.0,128.0,75,210
7,10,65536.0,512.0,75,210
7,10,65536.0,2048.0,75,210
7,10,65536.0,8192.0,75,210
7,10,65536.0,32768.0,75,210
8,1,0.000244140625,0.03125,192,210
8,1,0.000244140625,0.125,192,210
8,1,0.000244140625,0.5,192,210
8,1,0.000244140625,2.0,192,210
8,1,0.000244140625,8.0,192,210
8,1,0.000244140625,32.0,192,210
8,1,0.000244140625,128.0,192,210
8,1,0.000244140625,512.0,192,210
8,1,0.000244140625,2048.0,192,210
8,1,0.000244140625,8192.0,192,210
8,1,0.000244140625,32768.0,192,210
8,1,0.0009765625,0.03125,191,210
8,1,0.0009765625,0.125,191,210
8,1,0.0009765625,0.5,191,210
8,1,0.0009765625,2.0,191,210
8,1,0.0009765625,8.0,191,210
8,1,0.0009765625,32.0,191,210
8,1,0.0009765625,128.0,191,210
8,1,0.0009765625,512.0,191,210
8,1,0.0009765625,2048.0,191,210
8,1,0.0009765625,8192.0,191,210
8,1,0.0009765625,32768.0,191,210
8,1,0.00390625,0.03125,192,210
8,1,0.00390625,0.125,191,210
8,1,0.00390625,0.5,191,210
8,1,0.00390625,2.0,191,210
8,1,0.00390625,8.0,191,210
8,1,0.00390625,32.0,191,210
8,1,0.00390625,128.0,191,210
8,1,0.00390625,512.0,191,210
8,1,0.00390625,2048.0,191,210
8,1,0.00390625,8192.0,191,210
8,1,0.00390625,32768.0,191,210
8,1,0.015625,0.03125,192,210
8,1,0.015625,0.125,194,210
8,1,0.015625,0.5,192,210
8,1,0.015625,2.0,192,210
8,1,0.015625,8.0,190,210
8,1,0.015625,32.0,190,210
8,1,0.015625,128.0,190,210
8,1,0.015625,512.0,190,210
8,1,0.015625,2048.0,190,210
8,1,0.015625,8192.0,190,210
8,1,0.015625,32768.0,190,210
8,1,0.0625,0.03125,162,210
8,1,0.0625,0.125,193,210
8,1,0.0625,0.5,195,210
8,1,0.0625,2.0,192,210
8,1,0.0625,8.0,193,210
8,1,0.0625,32.0,192,210
8,1,0.0625,128.0,190,210
8,1,0.0625,512.0,190,210
8,1,0.0625,2048.0,190,210
8,1,0.0625,8192.0,190,210
8,1,0.0625,32768.0,190,210
8,1,0.25,0.03125,82,210
8,1,0.25,0.125,106,210
8,1,0.25,0.5,162,210
8,1,0.25,2.0,187,210
8,1,0.25,8.0,190,210
8,1,0.25,32.0,192,210
8,1,0.25,128.0,193,210
8,1,0.25,512.0,193,210
8,1,0.25,2048.0,189,210
8,1,0.25,8192.0,188,210
8,1,0.25,32768.0,188,210
8,1,1.0,0.03125,79,210
8,1,1.0,0.125,79,210
8,1,1.0,0.5,80,210
8,1,1.0,2.0,104,210
8,1,1.0,8.0,145,210
8,1,1.0,32.0,173,210
8,1,1.0,128.0,186,210
8,1,1.0,512.0,191,210
8,1,1.0,2048.0,194,210
8,1,1.0,8192.0,195,210
8,1,1.0,32768.0,193,210
8,1,4.0,0.03125,76,210
8,1,4.0,0.125,76,210
8,1,4.0,0.5,76,210
8,1,4.0,2.0,76,210
8,1,4.0,8.0,76,210
8,1,4.0,32.0,98,210
8,1,4.0,128.0,126,210
8,1,4.0,512.0,156,210
8,1,4.0,2048.0,175,210
8,1,4.0,8192.0,181,210
8,1,4.0,32768.0,192,210
8,1,16.0,0.03125,72,210
8,1,16.0,0.125,72,210
8,1,16.0,0.5,72,210
8,1,16.0,2.0,72,210
8,1,16.0,8.0,72,210
8,1,16.0,32.0,72,210
8,1,16.0,128.0,72,210
8,1,16.0,512.0,90,210
8,1,16.0,2048.0,117,210
8,1,16.0,8192.0,141,210
8,1,16.0,32768.0,161,210
8,1,64.0,0.03125,70,210
8,1,64.0,0.125,70,210
8,1,64.0,0.5,70,210
8,1,64.0,2.0,70,210
8,1,64.0,8.0,70,210
8,1,64.0,32.0,70,210
8,1,64.0,128.0,70,210
8,1,64.0,512.0,70,210
8,1,64.0,2048.0,70,210
8,1,64.0,8192.0,87,210
8,1,64.0,32768.0,113,210
8,1,256.0,0.03125,69,210
8,1,256.0,0.125,69,210
8,1,256.0,0.5,69,210
8,1,256.0,2.0,69,210
8,1,256.0,8.0,69,210
8,1,256.0,32.0,69,210
8,1,256.0,128.0,69,210
8,1,256.0,512.0,69,210
8,1,256.0,2048.0,69,210
8,1,256.0,8192.0,69,210
8,1,256.0,32768.0,69,210
8,1,1024.0,0.03125,66,210
8,1,1024.0,0.125,66,210
8,1,1024.0,0.5,66,210
8,1,1024.0,2.0,66,210
8,1,1024.0,8.0,66,210
8,1,1024.0,32.0,66,210
8,1,1024.0,128.0,66,210
8,1,1024.0,512.0,66,210
8,1,1024.0,2048.0,66,210
8,1,1024.0,8192.0,66,210
8,1,1024.0,32768.0,66,210
8,1,4096.0,0.03125,66,210
8,1,4096.0,0.125,66,210
8,1,4096.0,0.5,66,210
8,1,4096.0,2.0,66,210
8,1,4096.0,8.0,66,210
8,1,4096.0,32.0,66,210
8,1,4096.0,128.0,66,210
8,1,4096.0,512.0,66,210
8,1,4096.0,2048.0,66,210
8,1,4096.0,8192.0,66,210
8,1,4096.0,32768.0,66,210
8,1,16384.0,0.03125,66,210
8,1,16384.0,0.125,66,210
8,1,16384.0,0.5,66,210
8,1,16384.0,2.0,66,210
8,1,16384.0,8.0,66,210
8,1,16384.0,32.0,66,210
8,1,16384.0,128.0,66,210
8,1,16384.0,512.0,66,210
8,1,16384.0,2048.0,66,210
8,1,16384.0,8192.0,66,210
8,1,16384.0,32768.0,66,210
8,1,65536.0,0.03125,66,210
8,1,65536.0,0.125,66,210
8,1,65536.0,0.5,66,210
8,1,65536.0,2.0,66,210
8,1,65536.0,8.0,66,210
8,1,65536.0,32.0,66,210
8,1,65536.0,128.0,66,210
8,1,65536.0,512.0,66,210
8,1,65536.0,2048.0,66,210
8,1,65536.0,8192.0,66,210
8,1,65536.0,32768.0,66,210
8,2,0.000244140625,0.03125,186,210
8,2,0.000244140625,0.125,186,210
8,2,0.000244140625,0.5,186,210
8,2,0.000244140625,2.0,186,210
8,2,0.000244140625,8.0,186,210
8,2,0.000244140625,32.0,186,210
8,2,0.000244140625,128.0,186,210
8,2,0.000244140625,512.0,186,210
8,2,0.000244140625,2048.0,186,210
8,2,0.000244140625,8192.0,186,210
8,2,0.000244140625,32768.0,186,210
8,2,0.0009765625,0.03125,186,210
8,2,0.0009765625,0.125,186,210
8,2,0.0009765625,0.5,186,210
8,2,0.0009765625,2.0,186,210
8,2,0.0009765625,8.0,186,210
8,2,0.0009765625,32.0,186,210
8,2,0.0009765625,128.0,186,210
8,2,0.0009765625,512.0,186,210
8,2,0.0009765625,2048.0,186,210
8,2,0.0009765625,8192.0,186,210
8,2,0.0009765625,32768.0,186,210
8,2,0.00390625,0.03125,190,210
8,2,0.00390625,0.125,188,210
8,2,0.00390625,0.5,188,210
8,2,0.00390625,2.0,188,210
8,2,0.00390625,8.0,188,210
8,2,0.00390625,32.0,188,210
8,2,0.00390625,128.0,188,210
8,2,0.00390625,512.0,188,210
8,2,0.00390625,2048.0,188,210
8,2,0.00390625,8192.0,188,210
8,2,0.00390625,32768.0,188,210
8,2,0.015625,0.03125,192,210
8,2,0.015625,0.125,192,210
8,2,0.015625,0.5,186,210
8,2,0.015625,2.0,184,210
8,2,0.015625,8.0,182,210
8,2,0.015625,32.0,182,210
8,2,0.015625,128.0,182,210
8,2,0.015625,512.0,182,210
8,2,0.015625,2048.0,182,210
8,2,0.015625,8192.0,182,210
8,2,0.015625,32768.0,182,210
8,2,0.0625,0.03125,168,210
8,2,0.0625,0.125,193,210
8,2,0.0625,0.5,195,210
8,2,0.0625,2.0,190,210
8,2,0.0625,8.0,190,210
8,2,0.0625,32.0,192,210
8,2,0.0625,128.0,192,210
8,2,0.0625,512.0,192,210
8,2,0.0625,2048.0,192,210
8,2,0.0625,8192.0,192,210
8,2,0.0625,32768.0,192,210
8,2,0.25,0.03125,82,210
8,2,0.25,0.125,105,210
8,2,0.25,0.5,162,210
8,2,0.25,2.0,187,210
8,2,0.25,8.0,190,210
8,2,0.25,32.0,193,210
8,2,0.25,128.0,195,210
8,2,0.25,512.0,193,210
8,2,0.25,2048.0,190,210
8,2,0.25,8192.0,189,210
8,2,0.25,32768.0,189,210
8,2,1.0,0.03125,74,210
8,2,1.0,0.125,74,210
8,2,1.0,0.5,76,210
8,2,1.0,2.0,89,210
8,2,1.0,8.0,136,210
8,2,1.0,32.0,170,210
8,2,1.0,128.0,182,210
8,2,1.0,512.0,192,210
8,2,1.0,2048.0,197,210
8,2,1.0,8192.0,197,210
8,2,1.0,32768.0,195,210
8,2,4.0,0.03125,72,210
8,2,4.0,0.125,72,210
8,2,4.0,0.5,72,210
8,2,4.0,2.0,72,210
8,2,4.0,8.0,74,210
8,2,4.0,32.0,84,210
8,2,4.0,128.0,118,210
8,2,4.0,512.0,155,210
8,2,4.0,2048.0,176,210
8,2,4.0,8192.0,183,210
8,2,4.0,32768.0,195,210
8,2,16.0,0.03125,69,210
8,2,16.0,0.125,69,210
8,2,16.0,0.5,69,210
8,2,16.0,2.0,69,210
8,2,16.0,8.0,69,210
8,2,16.0,32.0,69,210
8,2,16.0,128.0,71,210
8,2,16.0,512.0,80,210
8,2,16.0,2048.0,108,210
8,2,16.0,8192.0,142,210
8,2,16.0,32768.0,163,210
8,2,64.0,0.03125,65,210
8,2,64.0,0.125,65,210
8,2,64.0,0.5,65,210
8,2,64.0,2.0,65,210
8,2,64.0,8.0,65,210
8,2,64.0,32.0,65,210
8,2,64.0,128.0,65,210
8,2,64.0,512.0,65,210
8,2,64.0,2048.0,67,210
8,2,64.0,8192.0,75,210
8,2,64.0,32768.0,100,210
8,2,256.0,0.03125,62,210
8,2,256.0,0.125,62,210
8,2,256.0,0.5,62,210
8,2,256.0,2.0,62,210
8,2,256.0,8.0,62,210
8,2,256.0,32.0,62,210
8,2,256.0,128.0,62,210
8,2,256.0,512.0,62,210
8,2,256.0,2048.0,62,210
8,2,256.0,8192.0,62,210
8,2,256.0,32768.0,64,210
8,2,1024.0,0.03125,62,210
8,2,1024.0,0.125,62,210
8,2,1024.0,0.5,62,210
8,2,1024.0,2.0,62,210
8,2,1024.0,8.0,62,210
8,2,1024.0,32.0,62,210
8,2,1024.0,128.0,62,210
8,2,1024.0,512.0,62,210
8,2,1024.0,2048.0,62,210
8,2,1024.0,8192.0,62,210
8,2,1024.0,32768.0,62,210
8,2,4096.0,0.03125,62,210
8,2,4096.0,0.125,62,210
8,2,4096.0,0.5,62,210
8,2,4096.0,2.0,62,210
8,2,4096.0,8.0,62,210
8,2,4096.0,32.0,62,210
8,2,4096.0,128.0,62,210
8,2,4096.0,512.0,62,210
8,2,4096.0,2048.0,62,210
8,2,4096.0,8192.0,62,210
8,2,4096.0,32768.0,62,210
8,2,16384.0,0.03125,62,210
8,2,16384.0,0.125,62,210
8,2,16384.0,0.5,62,210
8,2,16384.0,2.0,62,210
8,2,16384.0,8.0,62,210
8,2,16384.0,32.0,62,210
8,2,16384.0,128.0,62,210
8,2,16384.0,512.0,62,210
8,2,16384.0,2048.0,62,210
8,2,16384.0,8192.0,62,210
8,2,16384.0,32768.0,62,210
8,2,65536.0,0.03125,62,210
8,2,65536.0,0.125,62,210
8,2,65536.0,0.5,62,210
8,2,65536.0,2.0,62,210
8,2,65536.0,8.0,62,210
8,2,65536.0,32.0,62,210
8,2,65536.0,128.0,62,210
8,2,65536.0,512.0,62,210
8,2,65536.0,2048.0,62,210
8,2,65536.0,8192.0,62,210
8,2,65536.0,32768.0,62,210
8,3,0.000244140625,0.03125,187,210
8,3,0.000244140625,0.125,187,210
8,3,0.000244140625,0.5,187,210
8,3,0.000244140625,2.0,187,210
8,3,0.000244140625,8.0,187,210
8,3,0.000244140625,32.0,187,210
8,3,0.000244140625,128.0,187,210
8,3,0.000244140625,512.0,187,210
8,3,0.000244140625,2048.0,187,210
8,3,0.000244140625,8192.0,187,210
8,3,0.000244140625,32768.0,187,210
8,3,0.0009765625,0.03125,188,210
8,3,0.0009765625,0.125,188,210
8,3,0.0009765625,0.5,188,210
8,3,0.0009765625,2.0,188,210
8,3,0.0009765625,8.0,188,210
8,3,0.0009765625,32.0,188,210
8,3,0.0009765625,128.0,188,210
8,3,0.0009765625,512.0,188,210
8,3,0.0009765625,2048.0,188,210
8,3,0.0009765625,8192.0,188,210
8,3,0.0009765625,32768.0,188,210
8,3,0.00390625,0.03125,189,210
8,3,0.00390625,0.125,188,210
8,3,0.00390625,0.5,188,210
8,3,0.00390625,2.0,188,210
8,3,0.00390625,8.0,188,210
8,3,0.00390625,32.0,188,210
8,3,0.00390625,128.0,188,210
8,3,0.00390625,512.0,188,210
8,3,0.00390625,2048.0,188,210
8,3,0.00390625,8192.0,188,210
8,3,0.00390625,32768.0,188,210
8,3,0.015625,0.03125,191,210
8,3,0.015625,0.125,193,210
8,3,0.015625,0.5,186,210
8,3,0.015625,2.0,185,210
8,3,0.015625,8.0,182,210
8,3,0.015625,32.0,182,210
8,3,0.015625,128.0,182,210
8,3,0.015625,512.0,182,210
8,3,0.015625,2048.0,182,210
8,3,0.015625,8192.0,182,210
8,3,0.015625,32768.0,182,210
8,3,0.0625,0.03125,170,210
8,3,0.0625,0.125,194,210
8,3,0.0625,0.5,193,210
8,3,0.0625,2.0,194,210
8,3,0.0625,8.0,190,210
8,3,0.0625,32.0,186,210
8,3,0.0625,128.0,183,210
8,3,0.0625,512.0,182,210
8,3,0.0625,2048.0,182,210
8,3,0.0625,8192.0,182,210
8,3,0.0625,32768.0,182,210
8,3,0.25,0.03125,92,210
8,3,0.25,0.125,115,210
8,3,0.25,0.5,170,210
8,3,0.25,2.0,189,210
8,3,0.25,8.0,190,210
8,3,0.25,32.0,195,210
8,3,0.25,128.0,195,210
8,3,0.25,512.0,194,210
8,3,0.25,2048.0,192,210
8,3,0.25,8192.0,192,210
8,3,0.25,32768.0,189,210
8,3,1.0,0.03125,80,210
8,3,1.0,0.125,80,210
8,3,1.0,0.5,97,210
8,3,1.0,2.0,111,210
8,3,1.0,8.0,151,210
8,3,1.0,32.0,187,210
8,3,1.0,128.0,188,210
8,3,1.0,512.0,194,210
8,3,1.0,2048.0,195,210
8,3,1.0,8192.0,194,210
8,3,1.0,32768.0,194,210
8,3,4.0,0.03125,77,210
8,3,4.0,0.125,77,210
8,3,4.0,0.5,77,210
8,3,4.0,2.0,86,210
8,3,4.0,8.0,90,210
8,3,4.0,32.0,107,210
8,3,4.0,128.0,136,210
8,3,4.0,512.0,168,210
8,3,4.0,2048.0,182,210
8,3,4.0,8192.0,191,210
8,3,4.0,32768.0,193,210
8,3,16.0,0.03125,72,210
8,3,16.0,0.125,72,210
8,3,16.0,0.5,72,210
8,3,16.0,2.0,72,210
8,3,16.0,8.0,72,210
8,3,16.0,32.0,80,210
8,3,16.0,128.0,84,210
8,3,16.0,512.0,97,210
8,3,16.0,2048.0,126,210
8,3,16.0,8192.0,156,210
8,3,16.0,32768.0,172,210
8,3,64.0,0.03125,68,210
8,3,64.0,0.125,68,210
8,3,64.0,0.5,68,210
8,3,64.0,2.0,68,210
8,3,64.0,8.0,68,210
8,3,64.0,32.0,68,210
8,3,64.0,128.0,68,210
8,3,64.0,512.0,75,210
8,3,64.0,2048.0,79,210
8,3,64.0,8192.0,92,210
8,3,64.0,32768.0,114,210
8,3,256.0,0.03125,67,210
8,3,256.0,0.125,67,210
8,3,256.0,0.5,67,210
8,3,256.0,2.0,67,210
8,3,256.0,8.0,67,210
8,3,256.0,32.0,67,210
8,3,256.0,128.0,67,210
8,3,256.0,512.0,67,210
8,3,256.0,2048.0,67,210
8,3,256.0,8192.0,74,210
8,3,256.0,32768.0,78,210
8,3,1024.0,0.03125,67,210
8,3,1024.0,0.125,67,210
8,3,1024.0,0.5,67,210
8,3,1024.0,2.0,67,210
8,3,1024.0,8.0,67,210
8,3,1024.0,32.0,67,210
8,3,1024.0,128.0,67,210
8,3,1024.0,512.0,67,210
8,3,1024.0,2048.0,67,210
8,3,1024.0,8192.0,67,210
8,3,1024.0,32768.0,67,210
8,3,4096.0,0.03125,67,210
8,3,4096.0,0.125,67,210
8,3,4096.0,0.5,67,210
8,3,4096.0,2.0,67,210
8,3,4096.0,8.0,67,210
8,3,4096.0,32.0,67,210
8,3,4096.0,128.0,67,210
8,3,4096.0,512.0,67,210
8,3,4096.0,2048.0,67,210
8,3,4096.0,8192.0,67,210
8,3,4096.0,32768.0,67,210
8,3,16384.0,0.03125,67,210
8,3,16384.0,0.125,67,210
8,3,16384.0,0.5,67,210
8,3,16384.0,2.0,67,210
8,3,16384.0,8.0,67,210
8,3,16384.0,32.0,67,210
8,3,16384.0,128.0,67,210
8,3,16384.0,512.0,67,210
8,3,16384.0,2048.0,67,210
8,3,16384.0,8192.0,67,210
8,3,16384.0,32768.0,67,210
8,3,65536.0,0.03125,67,210
8,3,65536.0,0.125,67,210
8,3,65536.0,0.5,67,210
8,3,65536.0,2.0,67,210
8,3,65536.0,8.0,67,210
8,3,65536.0,32.0,67,210
8,3,65536.0,128.0,67,210
8,3,65536.0,512.0,67,210
8,3,65536.0,2048.0,67,210
8,3,65536.0,8192.0,67,210
8,3,65536.0,32768.0,67,210
8,4,0.000244140625,0.03125,184,210
8,4,0.000244140625,0.125,184,210
8,4,0.000244140625,0.5,184,210
8,4,0.000244140625,2.0,184,210
8,4,0.000244140625,8.0,184,210
8,4,0.000244140625,32.0,184,210
8,4,0.000244140625,128.0,184,210
8,4,0.000244140625,512.0,184,210
8,4,0.000244140625,2048.0,184,210
8,4,0.000244140625,8192.0,184,210
8,4,0.000244140625,32768.0,184,210
8,4,0.0009765625,0.03125,182,210
8,4,0.0009765625,0.125,182,210
8,4,0.0009765625,0.5,182,210
8,4,0.0009765625,2.0,182,210
8,4,0.0009765625,8.0,182,210
8,4,0.0009765625,32.0,182,210
8,4,0.0009765625,128.0,182,210
8,4,0.0009765625,512.0,182,210
8,4,0.0009765625,2048.0,182,210
8,4,0.0009765625,8192.0,182,210
8,4,0.0009765625,32768.0,182,210
8,4,0.00390625,0.03125,187,210
8,4,0.00390625,0.125,184,210
8,4,0.00390625,0.5,185,210
8,4,0.00390625,2.0,185,210
8,4,0.00390625,8.0,185,210
8,4,0.00390625,32.0,185,210
8,4,0.00390625,128.0,185,210
8,4,0.00390625,512.0,185,210
8,4,0.00390625,2048.0,185,210
8,4,0.00390625,8192.0,185,210
8,4,0.00390625,32768.0,185,210
8,4,0.015625,0.03125,187,210
8,4,0.015625,0.125,187,210
8,4,0.015625,0.5,183,210
8,4,0.015625,2.0,176,210
8,4,0.015625,8.0,174,210
8,4,0.015625,32.0,174,210
8,4,0.015625,128.0,174,210
8,4,0.015625,512.0,174,210
8,4,0.015625,2048.0,174,210
8,4,0.015625,8192.0,174,210
8,4,0.015625,32768.0,174,210
8,4,0.0625,0.03125,155,210
8,4,0.0625,0.125,185,210
8,4,0.0625,0.5,187,210
8,4,0.0625,2.0,187,210
8,4,0.0625,8.0,183,210
8,4,0.0625,32.0,178,210
8,4,0.0625,128.0,175,210
8,4,0.0625,512.0,175,210
8,4,0.0625,2048.0,175,210
8,4,0.0625,8192.0,175,210
8,4,0.0625,32768.0,175,210
8,4,0.25,0.03125,83,210
8,4,0.25,0.125,108,210
8,4,0.25,0.5,162,210
8,4,0.25,2.0,183,210
8,4,0.25,8.0,182,210
8,4,0.25,32.0,188,210
8,4,0.25,128.0,188,210
8,4,0.25,512.0,185,210
8,4,0.25,2048.0,182,210
8,4,0.25,8192.0,181,210
8,4,0.25,32768.0,181,210
8,4,1.0,0.03125,78,210
8,4,1.0,0.125,78,210
8,4,1.0,0.5,79,210
8,4,1.0,2.0,101,210
8,4,1.0,8.0,146,210
8,4,1.0,32.0,172,210
8,4,1.0,128.0,180,210
8,4,1.0,512.0,186,210
8,4,1.0,2048.0,190,210
8,4,1.0,8192.0,186,210
8,4,1.0,32768.0,189,210
8,4,4.0,0.03125,75,210
8,4,4.0,0.125,75,210
8,4,4.0,0.5,75,210
8,4,4.0,2.0,75,210
8,4,4.0,8.0,76,210
8,4,4.0,32.0,91,210
8,4,4.0,128.0,128,210
8,4,4.0,512.0,157,210
8,4,4.0,2048.0,169,210
8,4,4.0,8192.0,181,210
8,4,4.0,32768.0,189,210
8,4,16.0,0.03125,69,210
8,4,16.0,0.125,69,210
8,4,16.0,0.5,69,210
8,4,16.0,2.0,69,210
8,4,16.0,8.0,69,210
8,4,16.0,32.0,69,210
8,4,16.0,128.0,69,210
8,4,16.0,512.0,83,210
8,4,16.0,2048.0,116,210
8,4,16.0,8192.0,142,210
8,4,16.0,32768.0,160,210
8,4,64.0,0.03125,64,210
8,4,64.0,0.125,64,210
8,4,64.0,0.5,64,210
8,4,64.0,2.0,64,210
8,4,64.0,8.0,64,210
8,4,64.0,32.0,64,210
8,4,64.0,128.0,64,210
8,4,64.0,512.0,64,210
8,4,64.0,2048.0,64,210
8,4,64.0,8192.0,76,210
8,4,64.0,32768.0,110,210
8,4,256.0,0.03125,62,210
8,4,256.0,0.125,62,210
8,4,256.0,0.5,62,210
8,4,256.0,2.0,62,210
8,4,256.0,8.0,62,210
8,4,256.0,32.0,62,210
8,4,256.0,128.0,62,210
8,4,256.0,512.0,62,210
8,4,256.0,2048.0,62,210
8,4,256.0,8192.0,62,210
8,4,256.0,32768.0,62,210
8,4,1024.0,0.03125,62,210
8,4,1024.0,0.125,62,210
8,4,1024.0,0.5,62,210
8,4,1024.0,2.0,62,210
8,4,1024.0,8.0,62,210
8,4,1024.0,32.0,62,210
8,4,1024.0,128.0,62,210
8,4,1024.0,512.0,62,210
8,4,1024.0,2048.0,62,210
8,4,1024.0,8192.0,62,210
8,4,1024.0,32768.0,62,210
8,4,4096.0,0.03125,62,210
8,4,4096.0,0.125,62,210
8,4,4096.0,0.5,62,210
8,4,4096.0,2.0,62,210
8,4,4096.0,8.0,62,210
8,4,4096.0,32.0,62,210
8,4,4096.0,128.0,62,210
8,4,4096.0,512.0,62,210
8,4,4096.0,2048.0,62,210
8,4,4096.0,8192.0,62,210
8,4,4096.0,32768.0,62,210
8,4,16384.0,0.03125,62,210
8,4,16384.0,0.125,62,210
8,4,16384.0,0.5,62,210
8,4,16384.0,2.0,62,210
8,4,16384.0,8.0,62,210
8,4,16384.0,32.0,62,210
8,4,16384.0,128.0,62,210
8,4,16384.0,512.0,62,210
8,4,16384.0,2048.0,62,210
8,4,16384.0,8192.0,62,210
8,4,16384.0,32768.0,62,210
8,4,65536.0,0.03125,62,210
8,4,65536.0,0.125,62,210
8,4,65536.0,0.5,62,210
8,4,65536.0,2.0,62,210
8,4,65536.0,8.0,62,210
8,4,65536.0,32.0,62,210
8,4,65536.0,128.0,62,210
8,4,65536.0,512.0,62,210
8,4,65536.0,2048.0,62,210
8,4,65536.0,8192.0,62,210
8,4,65536.0,32768.0,62,210
8,5,0.000244140625,0.03125,185,210
8,5,0.000244140625,0.125,185,210
8,5,0.000244140625,0.5,185,210
8,5,0.000244140625,2.0,185,210
8,5,0.000244140625,8.0,185,210
8,5,0.000244140625,32.0,185,210
8,5,0.000244140625,128.0,185,210
8,5,0.000244140625,512.0,185,210
8,5,0.000244140625,2048.0,185,210
8,5,0.000244140625,8192.0,185,210
8,5,0.000244140625,32768.0,185,210
8,5,0.0009765625,0.03125,185,210
8,5,0.0009765625,0.125,185,210
8,5,0.0009765625,0.5,185,210
8,5,0.0009765625,2.0,185,210
8,5,0.0009765625,8.0,185,210
8,5,0.0009765625,32.0,185,210
8,5,0.0009765625,128.0,185,210
8,5,0.0009765625,512.0,185,210
8,5,0.0009765625,2048.0,185,210
8,5,0.0009765625,8192.0,185,210
8,5,0.0009765625,32768.0,185,210
8,5,0.00390625,0.03125,188,210
8,5,0.00390625,0.125,186,210
8,5,0.00390625,0.5,187,210
8,5,0.00390625,2.0,187,210
8,5,0.00390625,8.0,187,210
8,5,0.00390625,32.0,187,210
8,5,0.00390625,128.0,187,210
8,5,0.00390625,512.0,187,210
8,5,0.00390625,2048.0,187,210
8,5,0.00390625,8192.0,187,210
8,5,0.00390625,32768.0,187,210
8,5,0.015625,0.03125,188,210
8,5,0.015625,0.125,190,210
8,5,0.015625,0.5,189,210
8,5,0.015625,2.0,189,210
8,5,0.015625,8.0,189,210
8,5,0.015625,32.0,190,210
8,5,0.015625,128.0,190,210
8,5,0.015625,512.0,190,210
8,5,0.015625,2048.0,190,210
8,5,0.015625,8192.0,190,210
8,5,0.015625,32768.0,190,210
8,5,0.0625,0.03125,152,210
8,5,0.0625,0.125,192,210
8,5,0.0625,0.5,191,210
8,5,0.0625,2.0,188,210
8,5,0.0625,8.0,191,210
8,5,0.0625,32.0,190,210
8,5,0.0625,128.0,190,210
8,5,0.0625,512.0,188,210
8,5,0.0625,2048.0,188,210
8,5,0.0625,8192.0,188,210
8,5,0.0625,32768.0,188,210
8,5,0.25,0.03125,88,210
8,5,0.25,0.125,112,210
8,5,0.25,0.5,157,210
8,5,0.25,2.0,186,210
8,5,0.25,8.0,188,210
8,5,0.25,32.0,191,210
8,5,0.25,128.0,190,210
8,5,0.25,512.0,189,210
8,5,0.25,2048.0,186,210
8,5,0.25,8192.0,186,210
8,5,0.25,32768.0,185,210
8,5,1.0,0.03125,77,210
8,5,1.0,0.125,77,210
8,5,1.0,0.5,85,210
8,5,1.0,2.0,102,210
8,5,1.0,8.0,143,210
8,5,1.0,32.0,170,210
8,5,1.0,128.0,182,210
8,5,1.0,512.0,186,210
8,5,1.0,2048.0,192,210
8,5,1.0,8192.0,192,210
8,5,1.0,32768.0,191,210
8,5,4.0,0.03125,71,210
8,5,4.0,0.125,71,210
8,5,4.0,0.5,71,210
8,5,4.0,2.0,79,210
8,5,4.0,8.0,79,210
8,5,4.0,32.0,92,210
8,5,4.0,128.0,126,210
8,5,4.0,512.0,160,210
8,5,4.0,2048.0,171,210
8,5,4.0,8192.0,182,210
8,5,4.0,32768.0,189,210
8,5,16.0,0.03125,69,210
8,5,16.0,0.125,69,210
8,5,16.0,0.5,69,210
8,5,16.0,2.0,69,210
8,5,16.0,8.0,69,210
8,5,16.0,32.0,75,210
8,5,16.0,128.0,75,210
8,5,16.0,512.0,84,210
8,5,16.0,2048.0,116,210
8,5,16.0,8192.0,144,210
8,5,16.0,32768.0,159,210
8,5,64.0,0.03125,64,210
8,5,64.0,0.125,64,210
8,5,64.0,0.5,64,210
8,5,64.0,2.0,64,210
8,5,64.0,8.0,64,210
8,5,64.0,32.0,64,210
8,5,64.0,128.0,64,210
8,5,64.0,512.0,70,210
8,5,64.0,2048.0,70,210
8,5,64.0,8192.0,82,210
8,5,64.0,32768.0,108,210
8,5,256.0,0.03125,61,210
8,5,256.0,0.125,61,210
8,5,256.0,0.5,61,210
8,5,256.0,2.0,61,210
8,5,256.0,8.0,61,210
8,5,256.0,32.0,61,210
8,5,256.0,128.0,61,210
8,5,256.0,512.0,61,210
8,5,256.0,2048.0,61,210
8,5,256.0,8192.0,67,210
8,5,256.0,32768.0,67,210
8,5,1024.0,0.03125,60,210
8,5,1024.0,0.125,60,210
8,5,1024.0,0.5,60,210
8,5,1024.0,2.0,60,210
8,5,1024.0,8.0,60,210
8,5,1024.0,32.0,60,210
8,5,1024.0,128.0,60,210
8,5,1024.0,512.0,60,210
8,5,1024.0,2048.0,60,210
8,5,1024.0,8192.0,60,210
8,5,1024.0,32768.0,60,210
8,5,4096.0,0.03125,60,210
8,5,4096.0,0.125,60,210
8,5,4096.0,0.5,60,210
8,5,4096.0,2.0,60,210
8,5,4096.0,8.0,60,210
8,5,4096.0,32.0,60,210
8,5,4096.0,128.0,60,210
8,5,4096.0,512.0,60,210
8,5,4096.0,2048.0,60,210
8,5,4096.0,8192.0,60,210
8,5,4096.0,32768.0,60,210
8,5,16384.0,0.03125,60,210
8,5,16384.0,0.125,60,210
8,5,16384.0,0.5,60,210
8,5,16384.0,2.0,60,210
8,5,16384.0,8.0,60,210
8,5,16384.0,32.0,60,210
8,5,16384.0,128.0,60,210
8,5,16384.0,512.0,60,210
8,5,16384.0,2048.0,60,210
8,5,16384.0,8192.0,60,210
8,5,16384.0,32768.0,60,210
8,5,65536.0,0.03125,60,210
8,5,65536.0,0.125,60,210
8,5,65536.0,0.5,60,210
8,5,65536.0,2.0,60,210
8,5,65536.0,8.0,60,210
8,5,65536.0,32.0,60,210
8,5,65536.0,128.0,60,210
8,5,65536.0,512.0,60,210
8,5,65536.0,2048.0,60,210
8,5,65536.0,8192.0,60,210
8,5,65536.0,32768.0,60,210
8,6,0.000244140625,0.03125,187,210
8,6,0.000244140625,0.125,187,210
8,6,0.000244140625,0.5,187,210
8,6,0.000244140625,2.0,187,210
8,6,0.000244140625,8.0,187,210
8,6,0.000244140625,32.0,187,210
8,6,0.000244140625,128.0,187,210
8,6,0.000244140625,512.0,187,210
8,6,0.000244140625,2048.0,187,210
8,6,0.000244140625,8192.0,187,210
8,6,0.000244140625,32768.0,187,210
8,6,0.0009765625,0.03125,187,210
8,6,0.0009765625,0.125,187,210
8,6,0.0009765625,0.5,187,210
8,6,0.0009765625,2.0,187,210
8,6,0.0009765625,8.0,187,210
8,6,0.0009765625,32.0,187,210
8,6,0.0009765625,128.0,187,210
8,6,0.0009765625,512.0,187,210
8,6,0.0009765625,2048.0,187,210
8,6,0.0009765625,8192.0,187,210
8,6,0.0009765625,32768.0,187,210
8,6,0.00390625,0.03125,189,210
8,6,0.00390625,0.125,187,210
8,6,0.00390625,0.5,187,210
8,6,0.00390625,2.0,187,210
8,6,0.00390625,8.0,187,210
8,6,0.00390625,32.0,187,210
8,6,0.00390625,128.0,187,210
8,6,0.00390625,512.0,187,210
8,6,0.00390625,2048.0,187,210
8,6,0.00390625,8192.0,187,210
8,6,0.00390625,32768.0,187,210
8,6,0.015625,0.03125,192,210
8,6,0.015625,0.125,192,210
8,6,0.015625,0.5,184,210
8,6,0.015625,2.0,183,210
8,6,0.015625,8.0,183,210
8,6,0.015625,32.0,183,210
8,6,0.015625,128.0,183,210
8,6,0.015625,512.0,183,210
8,6,0.015625,2048.0,183,210
8,6,0.015625,8192.0,183,210
8,6,0.015625,32768.0,183,210
8,6,0.0625,0.03125,161,210
8,6,0.0625,0.125,192,210
8,6,0.0625,0.5,192,210
8,6,0.0625,2.0,186,210
8,6,0.0625,8.0,184,210
8,6,0.0625,32.0,185,210
8,6,0.0625,128.0,185,210
8,6,0.0625,512.0,185,210
8,6,0.0625,2048.0,185,210
8,6,0.0625,8192.0,185,210
8,6,0.0625,32768.0,185,210
8,6,0.25,0.03125,91,210
8,6,0.25,0.125,119,210
8,6,0.25,0.5,161,210
8,6,0.25,2.0,187,210
8,6,0.25,8.0,186,210
8,6,0.25,32.0,193,210
8,6,0.25,128.0,191,210
8,6,0.25,512.0,192,210
8,6,0.25,2048.0,190,210
8,6,0.25,8192.0,188,210
8,6,0.25,32768.0,188,210
8,6,1.0,0.03125,79,210
8,6,1.0,0.125,79,210
8,6,1.0,0.5,91,210
8,6,1.0,2.0,108,210
8,6,1.0,8.0,145,210
8,6,1.0,32.0,176,210
8,6,1.0,128.0,184,210
8,6,1.0,512.0,190,210
8,6,1.0,2048.0,195,210
8,6,1.0,8192.0,196,210
8,6,1.0,32768.0,193,210
8,6,4.0,0.03125,76,210
8,6,4.0,0.125,76,210
8,6,4.0,0.5,76,210
8,6,4.0,2.0,86,210
8,6,4.0,8.0,88,210
8,6,4.0,32.0,101,210
8,6,4.0,128.0,132,210
8,6,4.0,512.0,156,210
8,6,4.0,2048.0,174,210
8,6,4.0,8192.0,182,210
8,6,4.0,32768.0,189,210
8,6,16.0,0.03125,69,210
8,6,16.0,0.125,69,210
8,6,16.0,0.5,69,210
8,6,16.0,2.0,69,210
8,6,16.0,8.0,69,210
8,6,16.0,32.0,78,210
8,6,16.0,128.0,78,210
8,6,16.0,512.0,89,210
8,6,16.0,2048.0,121,210
8,6,16.0,8192.0,147,210
8,6,16.0,32768.0,159,210
8,6,64.0,0.03125,66,210
8,6,64.0,0.125,66,210
8,6,64.0,0.5,66,210
8,6,64.0,2.0,66,210
8,6,64.0,8.0,66,210
8,6,64.0,32.0,66,210
8,6,64.0,128.0,66,210
8,6,64.0,512.0,75,210
8,6,64.0,2048.0,75,210
8,6,64.0,8192.0,86,210
8,6,64.0,32768.0,116,210
8,6,256.0,0.03125,66,210
8,6,256.0,0.125,66,210
8,6,256.0,0.5,66,210
8,6,256.0,2.0,66,210
8,6,256.0,8.0,66,210
8,6,256.0,32.0,66,210
8,6,256.0,128.0,66,210
8,6,256.0,512.0,66,210
8,6,256.0,2048.0,66,210
8,6,256.0,8192.0,74,210
8,6,256.0,32768.0,74,210
8,6,1024.0,0.03125,66,210
8,6,1024.0,0.125,66,210
8,6,1024.0,0.5,66,210
8,6,1024.0,2.0,66,210
8,6,1024.0,8.0,66,210
8,6,1024.0,32.0,66,210
8,6,1024.0,128.0,66,210
8,6,1024.0,512.0,66,210
8,6,1024.0,2048.0,66,210
8,6,1024.0,8192.0,66,210
8,6,1024.0,32768.0,66,210
8,6,4096.0,0.03125,66,210
8,6,4096.0,0.125,66,210
8,6,4096.0,0.5,66,210
8,6,4096.0,2.0,66,210
8,6,4096.0,8.0,66,210
8,6,4096.0,32.0,66,210
8,6,4096.0,128.0,66,210
8,6,4096.0,512.0,66,210
8,6,4096.0,2048.0,66,210
8,6,4096.0,8192.0,66,210
8,6,4096.0,32768.0,66,210
8,6,16384.0,0.03125,66,210
8,6,16384.0,0.125,66,210
8,6,16384.0,0.5,66,210
8,6,16384.0,2.0,66,210
8,6,16384.0,8.0,66,210
8,6,16384.0,32.0,66,210
8,6,16384.0,128.0,66,210
8,6,16384.0,512.0,66,210
8,6,16384.0,2048.0,66,210
8,6,16384.0,8192.0,66,210
8,6,16384.0,32768.0,66,210
8,6,65536.0,0.03125,66,210
8,6,65536.0,0.125,66,210
8,6,65536.0,0.5,66,210
8,6,65536.0,2.0,66,210
8,6,65536.0,8.0,66,210
8,6,65536.0,32.0,66,210
8,6,65536.0,128.0,66,210
8,6,65536.0,512.0,66,210
8,6,65536.0,2048.0,66,210
8,6,65536.0,8192.0,66,210
8,6,65536.0,32768.0,66,210
8,7,0.000244140625,0.03125,191,210
8,7,0.000244140625,0.125,191,210
8,7,0.000244140625,0.5,191,210
8,7,0.000244140625,2.0,191,210
8,7,0.000244140625,8.0,191,210
8,7,0.000244140625,32.0,191,210
8,7,0.000244140625,128.0,191,210
8,7,0.000244140625,512.0,191,210
8,7,0.000244140625,2048.0,191,210
8,7,0.000244140625,8192.0,191,210
8,7,0.000244140625,32768.0,191,210
8,7,0.0009765625,0.03125,194,210
8,7,0.0009765625,0.125,194,210
8,7,0.0009765625,0.5,194,210
8,7,0.0009765625,2.0,194,210
8,7,0.0009765625,8.0,194,210
8,7,0.0009765625,32.0,194,210
8,7,0.0009765625,128.0,194,210
8,7,0.0009765625,512.0,194,210
8,7,0.0009765625,2048.0,194,210
8,7,0.0009765625,8192.0,194,210
8,7,0.0009765625,32768.0,194,210
8,7,0.00390625,0.03125,196,210
8,7,0.00390625,0.125,194,210
8,7,0.00390625,0.5,194,210
8,7,0.00390625,2.0,194,210
8,7,0.00390625,8.0,194,210
8,7,0.00390625,32.0,194,210
8,7,0.00390625,128.0,194,210
8,7,0.00390625,512.0,194,210
8,7,0.00390625,2048.0,194,210
8,7,0.00390625,8192.0,194,210
8,7,0.00390625,32768.0,194,210
8,7,0.015625,0.03125,194,210
8,7,0.015625,0.125,194,210
8,7,0.015625,0.5,192,210
8,7,0.015625,2.0,192,210
8,7,0.015625,8.0,192,210
8,7,0.015625,32.0,192,210
8,7,0.015625,128.0,192,210
8,7,0.015625,512.0,192,210
8,7,0.015625,2048.0,192,210
8,7,0.015625,8192.0,192,210
8,7,0.015625,32768.0,192,210
8,7,0.0625,0.03125,175,210
8,7,0.0625,0.125,195,210
8,7,0.0625,0.5,194,210
8,7,0.0625,2.0,193,210
8,7,0.0625,8.0,193,210
8,7,0.0625,32.0,192,210
8,7,0.0625,128.0,192,210
8,7,0.0625,512.0,192,210
8,7,0.0625,2048.0,192,210
8,7,0.0625,8192.0,192,210
8,7,0.0625,32768.0,192,210
8,7,0.25,0.03125,84,210
8,7,0.25,0.125,109,210
8,7,0.25,0.5,166,210
8,7,0.25,2.0,190,210
8,7,0.25,8.0,190,210
8,7,0.25,32.0,195,210
8,7,0.25,128.0,193,210
8,7,0.25,512.0,192,210
8,7,0.25,2048.0,192,210
8,7,0.25,8192.0,192,210
8,7,0.25,32768.0,192,210
8,7,1.0,0.03125,80,210
8,7,1.0,0.125,80,210
8,7,1.0,0.5,82,210
8,7,1.0,2.0,106,210
8,7,1.0,8.0,153,210
8,7,1.0,32.0,185,210
8,7,1.0,128.0,190,210
8,7,1.0,512.0,194,210
8,7,1.0,2048.0,196,210
8,7,1.0,8192.0,193,210
8,7,1.0,32768.0,193,210
8,7,4.0,0.03125,76,210
8,7,4.0,0.125,76,210
8,7,4.0,0.5,76,210
8,7,4.0,2.0,76,210
8,7,4.0,8.0,76,210
8,7,4.0,32.0,96,210
8,7,4.0,128.0,140,210
8,7,4.0,512.0,166,210
8,7,4.0,2048.0,182,210
8,7,4.0,8192.0,189,210
8,7,4.0,32768.0,194,210
8,7,16.0,0.03125,72,210
8,7,16.0,0.125,72,210
8,7,16.0,0.5,72,210
8,7,16.0,2.0,72,210
8,7,16.0,8.0,72,210
8,7,16.0,32.0,72,210
8,7,16.0,128.0,72,210
8,7,16.0,512.0,85,210
8,7,16.0,2048.0,128,210
8,7,16.0,8192.0,154,210
8,7,16.0,32768.0,168,210
8,7,64.0,0.03125,67,210
8,7,64.0,0.125,67,210
8,7,64.0,0.5,67,210
8,7,64.0,2.0,67,210
8,7,64.0,8.0,67,210
8,7,64.0,32.0,67,210
8,7,64.0,128.0,67,210
8,7,64.0,512.0,67,210
8,7,64.0,2048.0,67,210
8,7,64.0,8192.0,80,210
8,7,64.0,32768.0,119,210
8,7,256.0,0.03125,64,210
8,7,256.0,0.125,64,210
8,7,256.0,0.5,64,210
8,7,256.0,2.0,64,210
8,7,256.0,8.0,64,210
8,7,256.0,32.0,64,210
8,7,256.0,128.0,64,210
8,7,256.0,512.0,64,210
8,7,256.0,2048.0,64,210
8,7,256.0,8192.0,64,210
8,7,256.0,32768.0,64,210
8,7,1024.0,0.03125,64,210
8,7,1024.0,0.125,64,210
8,7,1024.0,0.5,64,210
8,7,1024.0,2.0,64,210
8,7,1024.0,8.0,64,210
8,7,1024.0,32.0,64,210
8,7,1024.0,128.0,64,210
8,7,1024.0,512.0,64,210
8,7,1024.0,2048.0,64,210
8,7,1024.0,8192.0,64,210
8,7,1024.0,32768.0,64,210
8,7,4096.0,0.03125,64,210
8,7,4096.0,0.125,64,210
8,7,4096.0,0.5,64,210
8,7,4096.0,2.0,64,210
8,7,4096.0,8.0,64,210
8,7,4096.0,32.0,64,210
8,7,4096.0,128.0,64,210
8,7,4096.0,512.0,64,210
8,7,4096.0,2048.0,64,210
8,7,4096.0,8192.0,64,210
8,7,4096.0,32768.0,64,210
8,7,16384.0,0.03125,64,210
8,7,16384.0,0.125,64,210
8,7,16384.0,0.5,64,210
8,7,16384.0,2.0,64,210
8,7,16384.0,8.0,64,210
8,7,16384.0,32.0,64,210
8,7,16384.0,128.0,64,210
8,7,16384.0,512.0,64,210
8,7,16384.0,2048.0,64,210
8,7,16384.0,8192.0,64,210
8,7,16384.0,32768.0,64,210
8,7,65536.0,0.03125,64,210
8,7,65536.0,0.125,64,210
8,7,65536.0,0.5,64,210
8,7,65536.0,2.0,64,210
8,7,65536.0,8.0,64,210
8,7,65536.0,32.0,64,210
8,7,65536.0,128.0,64,210
8,7,65536.0,512.0,64,210
8,7,65536.0,2048.0,64,210
8,7,65536.0,8192.0,64,210
8,7,65536.0,32768.0,64,210
8,8,0.000244140625,0.03125,190,210
8,8,0.000244140625,0.125,190,210
8,8,0.000244140625,0.5,190,210
8,8,0.000244140625,2.0,190,210
8,8,0.000244140625,8.0,190,210
8,8,0.000244140625,32.0,190,210
8,8,0.000244140625,128.0,190,210
8,8,0.000244140625,512.0,190,210
8,8,0.000244140625,2048.0,190,210
8,8,0.000244140625,8192.0,190,210
8,8,0.000244140625,32768.0,190,210
8,8,0.0009765625,0.03125,192,210
8,8,0.0009765625,0.125,192,210
8,8,0.0009765625,0.5,192,210
8,8,0.0009765625,2.0,192,210
8,8,0.0009765625,8.0,192,210
8,8,0.0009765625,32.0,192,210
8,8,0.0009765625,128.0,192,210
8,8,0.0009765625,512.0,192,210
8,8,0.0009765625,2048.0,192,210
8,8,0.0009765625,8192.0,192,210
8,8,0.0009765625,32768.0,192,210
8,8,0.00390625,0.03125,194,210
8,8,0.00390625,0.125,192,210
8,8,0.00390625,0.5,192,210
8,8,0.00390625,2.0,192,210
8,8,0.00390625,8.0,192,210
8,8,0.00390625,32.0,192,210
8,8,0.00390625,128.0,192,210
8,8,0.00390625,512.0,192,210
8,8,0.00390625,2048.0,192,210
8,8,0.00390625,8192.0,192,210
8,8,0.00390625,32768.0,192,210
8,8,0.015625,0.03125,195,210
8,8,0.015625,0.125,199,210
8,8,0.015625,0.5,193,210
8,8,0.015625,2.0,191,210
8,8,0.015625,8.0,189,210
8,8,0.015625,32.0,189,210
8,8,0.015625,128.0,189,210
8,8,0.015625,512.0,189,210
8,8,0.015625,2048.0,189,210
8,8,0.015625,8192.0,189,210
8,8,0.015625,32768.0,189,210
8,8,0.0625,0.03125,174,210
8,8,0.0625,0.125,195,210
8,8,0.0625,0.5,196,210
8,8,0.0625,2.0,194,210
8,8,0.0625,8.0,193,210
8,8,0.0625,32.0,192,210
8,8,0.0625,128.0,189,210
8,8,0.0625,512.0,189,210
8,8,0.0625,2048.0,189,210
8,8,0.0625,8192.0,189,210
8,8,0.0625,32768.0,189,210
8,8,0.25,0.03125,82,210
8,8,0.25,0.125,114,210
8,8,0.25,0.5,171,210
8,8,0.25,2.0,191,210
8,8,0.25,8.0,193,210
8,8,0.25,32.0,195,210
8,8,0.25,128.0,198,210
8,8,0.25,512.0,193,210
8,8,0.25,2048.0,193,210
8,8,0.25,8192.0,192,210
8,8,0.25,32768.0,192,210
8,8,1.0,0.03125,78,210
8,8,1.0,0.125,78,210
8,8,1.0,0.5,82,210
8,8,1.0,2.0,109,210
8,8,1.0,8.0,150,210
8,8,1.0,32.0,175,210
8,8,1.0,128.0,185,210
8,8,1.0,512.0,196,210
8,8,1.0,2048.0,196,210
8,8,1.0,8192.0,192,210
8,8,1.0,32768.0,194,210
8,8,4.0,0.03125,77,210
8,8,4.0,0.125,77,210
8,8,4.0,0.5,77,210
8,8,4.0,2.0,77,210
8,8,4.0,8.0,80,210
8,8,4.0,32.0,98,210
8,8,4.0,128.0,138,210
8,8,4.0,512.0,166,210
8,8,4.0,2048.0,177,210
8,8,4.0,8192.0,183,210
8,8,4.0,32768.0,193,210
8,8,16.0,0.03125,71,210
8,8,16.0,0.125,71,210
8,8,16.0,0.5,71,210
8,8,16.0,2.0,71,210
8,8,16.0,8.0,71,210
8,8,16.0,32.0,71,210
8,8,16.0,128.0,74,210
8,8,16.0,512.0,93,210
8,8,16.0,2048.0,129,210
8,8,16.0,8192.0,153,210
8,8,16.0,32768.0,170,210
8,8,64.0,0.03125,63,210
8,8,64.0,0.125,63,210
8,8,64.0,0.5,63,210
8,8,64.0,2.0,63,210
8,8,64.0,8.0,63,210
8,8,64.0,32.0,63,210
8,8,64.0,128.0,63,210
8,8,64.0,512.0,63,210
8,8,64.0,2048.0,66,210
8,8,64.0,8192.0,86,210
8,8,64.0,32768.0,124,210
8,8,256.0,0.03125,63,210
8,8,256.0,0.125,63,210
8,8,256.0,0.5,63,210
8,8,256.0,2.0,63,210
8,8,256.0,8.0,63,210
8,8,256.0,32.0,63,210
8,8,256.0,128.0,63,210
8,8,256.0,512.0,63,210
8,8,256.0,2048.0,63,210
8,8,256.0,8192.0,63,210
8,8,256.0,32768.0,66,210
8,8,1024.0,0.03125,63,210
8,8,1024.0,0.125,63,210
8,8,1024.0,0.5,63,210
8,8,1024.0,2.0,63,210
8,8,1024.0,8.0,63,210
8,8,1024.0,32.0,63,210
8,8,1024.0,128.0,63,210
8,8,1024.0,512.0,63,210
8,8,1024.0,2048.0,63,210
8,8,1024.0,8192.0,63,210
8,8,1024.0,32768.0,63,210
8,8,4096.0,0.03125,63,210
8,8,4096.0,0.125,63,210
8,8,4096.0,0.5,63,210
8,8,4096.0,2.0,63,210
8,8,4096.0,8.0,63,210
8,8,4096.0,32.0,63,210
8,8,4096.0,128.0,63,210
8,8,4096.0,512.0,63,210
8,8,4096.0,2048.0,63,210
8,8,4096.0,8192.0,63,210
8,8,4096.0,32768.0,63,210
8,8,16384.0,0.03125,63,210
8,8,16384.0,0.125,63,210
8,8,16384.0,0.5,63,210
8,8,16384.0,2.0,63,210
8,8,16384.0,8.0,63,210
8,8,16384.0,32.0,63,210
8,8,16384.0,128.0,63,210
8,8,16384.0,512.0,63,210
8,8,16384.0,2048.0,63,210
8,8,16384.0,8192.0,63,210
8,8,16384.0,32768.0,63,210
8,8,65536.0,0.03125,63,210
8,8,65536.0,0.125,63,210
8,8,65536.0,0.5,63,210
8,8,65536.0,2.0,63,210
8,8,65536.0,8.0,63,210
8,8,65536.0,32.0,63,210
8,8,65536.0,128.0,63,210
8,8,65536.0,512.0,63,210
8,8,65536.0,2048.0,63,210
8,8,65536.0,8192.0,63,210
8,8,65536.0,32768.0,63,210
8,9,0.000244140625,0.03125,187,210
8,9,0.000244140625,0.125,187,210
8,9,0.000244140625,0.5,187,210
8,9,0.000244140625,2.0,187,210
8,9,0.000244140625,8.0,187,210
8,9,0.000244140625,32.0,187,210
8,9,0.000244140625,128.0,187,210
8,9,0.000244140625,512.0,187,210
8,9,0.000244140625,2048.0,187,210
8,9,0.000244140625,8192.0,187,210
8,9,0.000244140625,32768.0,187,210
8,9,0.0009765625,0.03125,185,210
8,9,0.0009765625,0.125,185,210
8,9,0.0009765625,0.5,185,210
8,9,0.0009765625,2.0,185,210
8,9,0.0009765625,8.0,185,210
8,9,0.0009765625,32.0,185,210
8,9,0.0009765625,128.0,185,210
8,9,0.0009765625,512.0,185,210
8,9,0.0009765625,2048.0,185,210
8,9,0.0009765625,8192.0,185,210
8,9,0.0009765625,32768.0,185,210
8,9,0.00390625,0.03125,186,210
8,9,0.00390625,0.125,185,210
8,9,0.00390625,0.5,184,210
8,9,0.00390625,2.0,184,210
8,9,0.00390625,8.0,184,210
8,9,0.00390625,32.0,184,210
8,9,0.00390625,128.0,184,210
8,9,0.00390625,512.0,184,210
8,9,0.00390625,2048.0,184,210
8,9,0.00390625,8192.0,184,210
8,9,0.00390625,32768.0,184,210
8,9,0.015625,0.03125,186,210
8,9,0.015625,0.125,187,210
8,9,0.015625,0.5,182,210
8,9,0.015625,2.0,180,210
8,9,0.015625,8.0,180,210
8,9,0.015625,32.0,180,210
8,9,0.015625,128.0,180,210
8,9,0.015625,512.0,180,210
8,9,0.015625,2048.0,180,210
8,9,0.015625,8192.0,180,210
8,9,0.015625,32768.0,180,210
8,9,0.0625,0.03125,156,210
8,9,0.0625,0.125,191,210
8,9,0.0625,0.5,187,210
8,9,0.0625,2.0,185,210
8,9,0.0625,8.0,183,210
8,9,0.0625,32.0,180,210
8,9,0.0625,128.0,180,210
8,9,0.0625,512.0,182,210
8,9,0.0625,2048.0,181,210
8,9,0.0625,8192.0,181,210
8,9,0.0625,32768.0,181,210
8,9,0.25,0.03125,81,210
8,9,0.25,0.125,99,210
8,9,0.25,0.5,155,210
8,9,0.25,2.0,184,210
8,9,0.25,8.0,184,210
8,9,0.25,32.0,190,210
8,9,0.25,128.0,189,210
8,9,0.25,512.0,185,210
8,9,0.25,2048.0,182,210
8,9,0.25,8192.0,181,210
8,9,0.25,32768.0,180,210
8,9,1.0,0.03125,74,210
8,9,1.0,0.125,74,210
8,9,1.0,0.5,78,210
8,9,1.0,2.0,97,210
8,9,1.0,8.0,138,210
8,9,1.0,32.0,174,210
8,9,1.0,128.0,182,210
8,9,1.0,512.0,187,210
8,9,1.0,2048.0,190,210
8,9,1.0,8192.0,190,210
8,9,1.0,32768.0,190,210
8,9,4.0,0.03125,73,210
8,9,4.0,0.125,73,210
8,9,4.0,0.5,73,210
8,9,4.0,2.0,73,210
8,9,4.0,8.0,77,210
8,9,4.0,32.0,89,210
8,9,4.0,128.0,125,210
8,9,4.0,512.0,157,210
8,9,4.0,2048.0,170,210
8,9,4.0,8192.0,183,210
8,9,4.0,32768.0,189,210
8,9,16.0,0.03125,69,210
8,9,16.0,0.125,69,210
8,9,16.0,0.5,69,210
8,9,16.0,2.0,69,210
8,9,16.0,8.0,69,210
8,9,16.0,32.0,69,210
8,9,16.0,128.0,71,210
8,9,16.0,512.0,82,210
8,9,16.0,2048.0,115,210
8,9,16.0,8192.0,141,210
8,9,16.0,32768.0,159,210
8,9,64.0,0.03125,66,210
8,9,64.0,0.125,66,210
8,9,64.0,0.5,66,210
8,9,64.0,2.0,66,210
8,9,64.0,8.0,66,210
8,9,64.0,32.0,66,210
8,9,64.0,128.0,66,210
8,9,64.0,512.0,66,210
8,9,64.0,2048.0,70,210
8,9,64.0,8192.0,79,210
8,9,64.0,32768.0,109,210
8,9,256.0,0.03125,64,210
8,9,256.0,0.125,64,210
8,9,256.0,0.5,64,210
8,9,256.0,2.0,64,210
8,9,256.0,8.0,64,210
8,9,256.0,32.0,64,210
8,9,256.0,128.0,64,210
8,9,256.0,512.0,64,210
8,9,256.0,2048.0,64,210
8,9,256.0,8192.0,64,210
8,9,256.0,32768.0,68,210
8,9,1024.0,0.03125,64,210
8,9,1024.0,0.125,64,210
8,9,1024.0,0.5,64,210
8,9,1024.0,2.0,64,210
8,9,1024.0,8.0,64,210
8,9,1024.0,32.0,64,210
8,9,1024.0,128.0,64,210
8,9,1024.0,512.0,64,210
8,9,1024.0,2048.0,64,210
8,9,1024.0,8192.0,64,210
8,9,1024.0,32768.0,64,210
8,9,4096.0,0.03125,64,210
8,9,4096.0,0.125,64,210
8,9,4096.0,0.5,64,210
8,9,4096.0,2.0,64,210
8,9,4096.0,8.0,64,210
8,9,4096.0,32.0,64,210
8,9,4096.0,128.0,64,210
8,9,4096.0,512.0,64,210
8,9,4096.0,2048.0,64,210
8,9,4096.0,8192.0,64,210
8,9,4096.0,32768.0,64,210
8,9,16384.0,0.03125,64,210
8,9,16384.0,0.125,64,210
8,9,16384.0,0.5,64,210
8,9,16384.0,2.0,64,210
8,9,16384.0,8.0,64,210
8,9,16384.0,32.0,64,210
8,9,16384.0,128.0,64,210
8,9,16384.0,512.0,64,210
8,9,16384.0,2048.0,64,210
8,9,16384.0,8192.0,64,210
8,9,16384.0,32768.0,64,210
8,9,65536.0,0.03125,64,210
8,9,65536.0,0.125,64,210
8,9,65536.0,0.5,64,210
8,9,65536.0,2.0,64,210
8,9,65536.0,8.0,64,210
8,9,65536.0,32.0,64,210
8,9,65536.0,128.0,64,210
8,9,65536.0,512.0,64,210
8,9,65536.0,2048.0,64,210
8,9,65536.0,8192.0,64,210
8,9,65536.0,32768.0,64,210
8,10,0.000244140625,0.03125,188,210
8,10,0.000244140625,0.125,188,210
8,10,0.000244140625,0.5,188,210
8,10,0.000244140625,2.0,188,210
8,10,0.000244140625,8.0,188,210
8,10,0.000244140625,32.0,188,210
8,10,0.000244140625,128.0,188,210
8,10,0.000244140625,512.0,188,210
8,10,0.000244140625,2048.0,188,210
8,10,0.000244140625,8192.0,188,210
8,10,0.000244140625,32768.0,188,210
8,10,0.0009765625,0.03125,188,210
8,10,0.0009765625,0.125,188,210
8,10,0.0009765625,0.5,188,210
8,10,0.0009765625,2.0,188,210
8,10,0.0009765625,8.0,188,210
8,10,0.0009765625,32.0,188,210
8,10,0.0009765625,128.0,188,210
8,10,0.0009765625,512.0,188,210
8,10,0.0009765625,2048.0,188,210
8,10,0.0009765625,8192.0,188,210
8,10,0.0009765625,32768.0,188,210
8,10,0.00390625,0.03125,189,210
8,10,0.00390625,0.125,188,210
8,10,0.00390625,0.5,187,210
8,10,0.00390625,2.0,187,210
8,10,0.00390625,8.0,187,210
8,10,0.00390625,32.0,187,210
8,10,0.00390625,128.0,187,210
8,10,0.00390625,512.0,187,210
8,10,0.00390625,2048.0,187,210
8,10,0.00390625,8192.0,187,210
8,10,0.00390625,32768.0,187,210
8,10,0.015625,0.03125,192,210
8,10,0.015625,0.125,192,210
8,10,0.015625,0.5,191,210
8,10,0.015625,2.0,188,210
8,10,0.015625,8.0,188,210
8,10,0.015625,32.0,188,210
8,10,0.015625,128.0,188,210
8,10,0.015625,512.0,188,210
8,10,0.015625,2048.0,188,210
8,10,0.015625,8192.0,188,210
8,10,0.015625,32768.0,188,210
8,10,0.0625,0.03125,162,210
8,10,0.0625,0.125,194,210
8,10,0.0625,0.5,195,210
8,10,0.0625,2.0,194,210
8,10,0.0625,8.0,192,210
8,10,0.0625,32.0,188,210
8,10,0.0625,128.0,187,210
8,10,0.0625,512.0,188,210
8,10,0.0625,2048.0,188,210
8,10,0.0625,8192.0,188,210
8,10,0.0625,32768.0,188,210
8,10,0.25,0.03125,83,210
8,10,0.25,0.125,114,210
8,10,0.25,0.5,158,210
8,10,0.25,2.0,193,210
8,10,0.25,8.0,193,210
8,10,0.25,32.0,195,210
8,10,0.25,128.0,194,210
8,10,0.25,512.0,188,210
8,10,0.25,2048.0,188,210
8,10,0.25,8192.0,188,210
8,10,0.25,32768.0,187,210
8,10,1.0,0.03125,83,210
8,10,1.0,0.125,83,210
8,10,1.0,0.5,85,210
8,10,1.0,2.0,109,210
8,10,1.0,8.0,148,210
8,10,1.0,32.0,184,210
8,10,1.0,128.0,188,210
8,10,1.0,512.0,190,210
8,10,1.0,2048.0,193,210
8,10,1.0,8192.0,190,210
8,10,1.0,32768.0,189,210
8,10,4.0,0.03125,81,210
8,10,4.0,0.125,81,210
8,10,4.0,0.5,81,210
8,10,4.0,2.0,81,210
8,10,4.0,8.0,83,210
8,10,4.0,32.0,100,210
8,10,4.0,128.0,131,210
8,10,4.0,512.0,166,210
8,10,4.0,2048.0,174,210
8,10,4.0,8192.0,188,210
8,10,4.0,32768.0,190,210
8,10,16.0,0.03125,76,210
8,10,16.0,0.125,76,210
8,10,16.0,0.5,76,210
8,10,16.0,2.0,76,210
8,10,16.0,8.0,76,210
8,10,16.0,32.0,76,210
8,10,16.0,128.0,77,210
8,10,16.0,512.0,94,210
8,10,16.0,2048.0,121,210
8,10,16.0,8192.0,147,210
8,10,16.0,32768.0,164,210
8,10,64.0,0.03125,71,210
8,10,64.0,0.125,71,210
8,10,64.0,0.5,71,210
8,10,64.0,2.0,71,210
8,10,64.0,8.0,71,210
8,10,64.0,32.0,71,210
8,10,64.0,128.0,71,210
8,10,64.0,512.0,71,210
8,10,64.0,2048.0,73,210
8,10,64.0,8192.0,89,210
8,10,64.0,32768.0,113,210
8,10,256.0,0.03125,69,210
8,10,256.0,0.125,69,210
8,10,256.0,0.5,69,210
8,10,256.0,2.0,69,210
8,10,256.0,8.0,69,210
8,10,256.0,32.0,69,210
8,10,256.0,128.0,69,210
8,10,256.0,512.0,69,210
8,10,256.0,2048.0,69,210
8,10,256.0,8192.0,69,210
8,10,256.0,32768.0,71,210
8,10,1024.0,0.03125,69,210
8,10,1024.0,0.125,69,210
8,10,1024.0,0.5,69,210
8,10,1024.0,2.0,69,210
8,10,1024.0,8.0,69,210
8,10,1024.0,32.0,69,210
8,10,1024.0,128.0,69,210
8,10,1024.0,512.0,69,210
8,10,1024.0,2048.0,69,210
8,10,1024.0,8192.0,69,210
8,10,1024.0,32768.0,69,210
8,10,4096.0,0.03125,69,210
8,10,4096.0,0.125,69,210
8,10,4096.0,0.5,69,210
8,10,4096.0,2.0,69,210
8,10,4096.0,8.0,69,210
8,10,4096.0,32.0,69,210
8,10,4096.0,128.0,69,210
8,10,4096.0,512.0,69,210
8,10,4096.0,2048.0,69,210
8,10,4096.0,8192.0,69,210
8,10,4096.0,32768.0,69,210
8,10,16384.0,0.03125,69,210
8,10,16384.0,0.125,69,210
8,10,16384.0,0.5,69,210
8,10,16384.0,2.0,69,210
8,10,16384.0,8.0,69,210
8,10,16384.0,32.0,69,210
8,10,16384.0,128.0,69,210
8,10,16384.0,512.0,69,210
8,10,16384.0,2048.0,69,210
8,10,16384.0,8192.0,69,210
8,10,16384.0,32768.0,69,210
8,10,65536.0,0.03125,69,210
8,10,65536.0,0.125,69,210
8,10,65536.0,0.5,69,210
8,10,65536.0,2.0,69,210
8,10,65536.0,8.0,69,210
8,10,65536.0,32.0,69,210
8,10,65536.0,128.0,69,210
8,10,65536.0,512.0,69,210
8,10,65536.0,2048.0,69,210
8,10,65536.0,8192.0,69,210
8,10,65536.0,32768.0,69,210
9,1,0.000244140625,0.03125,182,210
9,1,0.000244140625,0.125,182,210
9,1,0.000244140625,0.5,182,210
9,1,0.000244140625,2.0,182,210
9,1,0.000244140625,8.0,182,210
9,1,0.000244140625,32.0,182,210
9,1,0.000244140625,128.0,182,210
9,1,0.000244140625,512.0,182,210
9,1,0.000244140625,2048.0,182,210
9,1,0.000244140625,8192.0,182,210
9,1,0.000244140625,32768.0,182,210
9,1,0.0009765625,0.03125,191,210
9,1,0.0009765625,0.125,188,210
9,1,0.0009765625,0.5,188,210
9,1,0.0009765625,2.0,188,210
9,1,0.0009765625,8.0,188,210
9,1,0.0009765625,32.0,188,210
9,1,0.0009765625,128.0,188,210
9,1,0.0009765625,512.0,188,210
9,1,0.0009765625,2048.0,188,210
9,1,0.0009765625,8192.0,188,210
9,1,0.0009765625,32768.0,188,210
9,1,0.00390625,0.03125,194,210
9,1,0.00390625,0.125,194,210
9,1,0.00390625,0.5,192,210
9,1,0.00390625,2.0,193,210
9,1,0.00390625,8.0,193,210
9,1,0.00390625,32.0,193,210
9,1,0.00390625,128.0,193,210
9,1,0.00390625,512.0,193,210
9,1,0.00390625,2048.0,193,210
9,1,0.00390625,8192.0,193,210
9,1,0.00390625,32768.0,193,210
9,1,0.015625,0.03125,147,210
9,1,0.015625,0.125,175,210
9,1,0.015625,0.5,196,210
9,1,0.015625,2.0,196,210
9,1,0.015625,8.0,197,210
9,1,0.015625,32.0,196,210
9,1,0.015625,128.0,196,210
9,1,0.015625,512.0,196,210
9,1,0.015625,2048.0,196,210
9,1,0.015625,8192.0,196,210
9,1,0.015625,32768.0,196,210
9,1,0.0625,0.03125,90,210
9,1,0.0625,0.125,130,210
9,1,0.0625,0.5,151,210
9,1,0.0625,2.0,168,210
9,1,0.0625,8.0,188,210
9,1,0.0625,32.0,196,210
9,1,0.0625,128.0,195,210
9,1,0.0625,512.0,194,210
9,1,0.0625,2048.0,195,210
9,1,0.0625,8192.0,195,210
9,1,0.0625,32768.0,195,210
9,1,0.25,0.03125,75,210
9,1,0.25,0.125,75,210
9,1,0.25,0.5,87,210
9,1,0.25,2.0,117,210
9,1,0.25,8.0,131,210
9,1,0.25,32.0,157,210
9,1,0.25,128.0,170,210
9,1,0.25,512.0,191,210
9,1,0.25,2048.0,197,210
9,1,0.25,8192.0,197,210
9,1,0.25,32768.0,198,210
9,1,1.0,0.03125,64,210
9,1,1.0,0.125,64,210
9,1,1.0,0.5,64,210
9,1,1.0,2.0,64,210
9,1,1.0,8.0,74,210
9,1,1.0,32.0,86,210
9,1,1.0,128.0,107,210
9,1,1.0,512.0,114,210
9,1,1.0,2048.0,147,210
9,1,1.0,8192.0,175,210
9,1,1.0,32768.0,185,210
9,1,4.0,0.03125,59,210
9,1,4.0,0.125,59,210
9,1,4.0,0.5,59,210
9,1,4.0,2.0,59,210
9,1,4.0,8.0,59,210
9,1,4.0,32.0,59,210
9,1,4.0,128.0,66,210
9,1,4.0,512.0,72,210
9,1,4.0,2048.0,87,210
9,1,4.0,8192.0,94,210
9,1,4.0,32768.0,110,210
9,1,16.0,0.03125,58,210
9,1,16.0,0.125,58,210
9,1,16.0,0.5,58,210
9,1,16.0,2.0,58,210
9,1,16.0,8.0,58,210
9,1,16.0,32.0,58,210
9,1,16.0,128.0,58,210
9,1,16.0,512.0,58,210
9,1,16.0,2048.0,63,210
9,1,16.0,8192.0,70,210
9,1,16.0,32768.0,80,210
9,1,64.0,0.03125,56,210
9,1,64.0,0.125,56,210
9,1,64.0,0.5,56,210
9,1,64.0,2.0,56,210
9,1,64.0,8.0,56,210
9,1,64.0,32.0,56,210
9,1,64.0,128.0,56,210
9,1,64.0,512.0,56,210
9,1,64.0,2048.0,56,210
9,1,64.0,8192.0,56,210
9,1,64.0,32768.0,62,210
9,1,256.0,0.03125,56,210
9,1,256.0,0.125,56,210
9,1,256.0,0.5,56,210
9,1,256.0,2.0,56,210
9,1,256.0,8.0,56,210
9,1,256.0,32.0,56,210
9,1,256.0,128.0,56,210
9,1,256.0,512.0,56,210
9,1,256.0,2048.0,56,210
9,1,256.0,8192.0,56,210
9,1,256.0,32768.0,56,210
9,1,1024.0,0.03125,56,210
9,1,1024.0,0.125,56,210
9,1,1024.0,0.5,56,210
9,1,1024.0,2.0,56,210
9,1,1024.0,8.0,56,210
9,1,1024.0,32.0,56,210
9,1,1024.0,128.0,56,210
9,1,1024.0,512.0,56,210
9,1,1024.0,2048.0,56,210
9,1,1024.0,8192.0,56,210
9,1,1024.0,32768.0,56,210
9,1,4096.0,0.03125,56,210
9,1,4096.0,0.125,56,210
9,1,4096.0,0.5,56,210
9,1,4096.0,2.0,56,210
9,1,4096.0,8.0,56,210
9,1,4096.0,32.0,56,210
9,1,4096.0,128.0,56,210
9,1,4096.0,512.0,56,210
9,1,4096.0,2048.0,56,210
9,1,4096.0,8192.0,56,210
9,1,4096.0,32768.0,56,210
9,1,16384.0,0.03125,56,210
9,1,16384.0,0.125,56,210
9,1,16384.0,0.5,56,210
9,1,16384.0,2.0,56,210
9,1,16384.0,8.0,56,210
9,1,16384.0,32.0,56,210
9,1,16384.0,128.0,56,210
9,1,16384.0,512.0,56,210
9,1,16384.0,2048.0,56,210
9,1,16384.0,8192.0,56,210
9,1,16384.0,32768.0,56,210
9,1,65536.0,0.03125,55,210
9,1,65536.0,0.125,55,210
9,1,65536.0,0.5,56,210
9,1,65536.0,2.0,56,210
9,1,65536.0,8.0,56,210
9,1,65536.0,32.0,56,210
9,1,65536.0,128.0,56,210
9,1,65536.0,512.0,56,210
9,1,65536.0,2048.0,56,210
9,1,65536.0,8192.0,56,210
9,1,65536.0,32768.0,56,210
9,2,0.000244140625,0.03125,183,210
9,2,0.000244140625,0.125,183,210
9,2,0.000244140625,0.5,183,210
9,2,0.000244140625,2.0,183,210
9,2,0.000244140625,8.0,183,210
9,2,0.000244140625,32.0,183,210
9,2,0.000244140625,128.0,183,210
9,2,0.000244140625,512.0,183,210
9,2,0.000244140625,2048.0,183,210
9,2,0.000244140625,8192.0,183,210
9,2,0.000244140625,32768.0,183,210
9,2,0.0009765625,0.03125,187,210
9,2,0.0009765625,0.125,186,210
9,2,0.0009765625,0.5,186,210
9,2,0.0009765625,2.0,186,210
9,2,0.0009765625,8.0,186,210
9,2,0.0009765625,32.0,186,210
9,2,0.0009765625,128.0,186,210
9,2,0.0009765625,512.0,186,210
9,2,0.0009765625,2048.0,186,210
9,2,0.0009765625,8192.0,186,210
9,2,0.0009765625,32768.0,186,210
9,2,0.00390625,0.03125,194,210
9,2,0.00390625,0.125,191,210
9,2,0.00390625,0.5,190,210
9,2,0.00390625,2.0,190,210
9,2,0.00390625,8.0,190,210
9,2,0.00390625,32.0,190,210
9,2,0.00390625,128.0,190,210
9,2,0.00390625,512.0,190,210
9,2,0.00390625,2048.0,190,210
9,2,0.00390625,8192.0,190,210
9,2,0.00390625,32768.0,190,210
9,2,0.015625,0.03125,145,210
9,2,0.015625,0.125,180,210
9,2,0.015625,0.5,193,210
9,2,0.015625,2.0,193,210
9,2,0.015625,8.0,194,210
9,2,0.015625,32.0,192,210
9,2,0.015625,128.0,192,210
9,2,0.015625,512.0,192,210
9,2,0.015625,2048.0,192,210
9,2,0.015625,8192.0,192,210
9,2,0.015625,32768.0,192,210
9,2,0.0625,0.03125,93,210
9,2,0.0625,0.125,128,210
9,2,0.0625,0.5,150,210
9,2,0.0625,2.0,164,210
9,2,0.0625,8.0,186,210
9,2,0.0625,32.0,194,210
9,2,0.0625,128.0,195,210
9,2,0.0625,512.0,197,210
9,2,0.0625,2048.0,196,210
9,2,0.0625,8192.0,196,210
9,2,0.0625,32768.0,196,210
9,2,0.25,0.03125,78,210
9,2,0.25,0.125,78,210
9,2,0.25,0.5,94,210
9,2,0.25,2.0,120,210
9,2,0.25,8.0,137,210
9,2,0.25,32.0,151,210
9,2,0.25,128.0,174,210
9,2,0.25,512.0,185,210
9,2,0.25,2048.0,194,210
9,2,0.25,8192.0,196,210
9,2,0.25,32768.0,198,210
9,2,1.0,0.03125,64,210
9,2,1.0,0.125,64,210
9,2,1.0,0.5,64,210
9,2,1.0,2.0,64,210
9,2,1.0,8.0,74,210
9,2,1.0,32.0,90,210
9,2,1.0,128.0,109,210
9,2,1.0,512.0,122,210
9,2,1.0,2048.0,142,210
9,2,1.0,8192.0,172,210
9,2,1.0,32768.0,182,210
9,2,4.0,0.03125,54,210
9,2,4.0,0.125,54,210
9,2,4.0,0.5,54,210
9,2,4.0,2.0,54,210
9,2,4.0,8.0,54,210
9,2,4.0,32.0,54,210
9,2,4.0,128.0,60,210
9,2,4.0,512.0,67,210
9,2,4.0,2048.0,82,210
9,2,4.0,8192.0,87,210
9,2,4.0,32768.0,99,210
9,2,16.0,0.03125,50,210
9,2,16.0,0.125,50,210
9,2,16.0,0.5,50,210
9,2,16.0,2.0,50,210
9,2,16.0,8.0,50,210
9,2,16.0,32.0,50,210
9,2,16.0,128.0,50,210
9,2,16.0,512.0,50,210
9,2,16.0,2048.0,54,210
9,2,16.0,8192.0,60,210
9,2,16.0,32768.0,67,210
9,2,64.0,0.03125,50,210
9,2,64.0,0.125,50,210
9,2,64.0,0.5,50,210
9,2,64.0,2.0,50,210
9,2,64.0,8.0,50,210
9,2,64.0,32.0,50,210
9,2,64.0,128.0,50,210
9,2,64.0,512.0,50,210
9,2,64.0,2048.0,50,210
9,2,64.0,8192.0,50,210
9,2,64.0,32768.0,54,210
9,2,256.0,0.03125,49,210
9,2,256.0,0.125,49,210
9,2,256.0,0.5,49,210
9,2,256.0,2.0,49,210
9,2,256.0,8.0,49,210
9,2,256.0,32.0,49,210
9,2,256.0,128.0,49,210
9,2,256.0,512.0,49,210
9,2,256.0,2048.0,49,210
9,2,256.0,8192.0,49,210
9,2,256.0,32768.0,49,210
9,2,1024.0,0.03125,49,210
9,2,1024.0,0.125,49,210
9,2,1024.0,0.5,49,210
9,2,1024.0,2.0,49,210
9,2,1024.0,8.0,49,210
9,2,1024.0,32.0,49,210
9,2,1024.0,128.0,49,210
9,2,1024.0,512.0,49,210
9,2,1024.0,2048.0,49,210
9,2,1024.0,8192.0,49,210
9,2,1024.0,32768.0,49,210
9,2,4096.0,0.03125,49,210
9,2,4096.0,0.125,49,210
9,2,4096.0,0.5,49,210
9,2,4096.0,2.0,49,210
9,2,4096.0,8.0,49,210
9,2,4096.0,32.0,49,210
9,2,4096.0,128.0,49,210
9,2,4096.0,512.0,49,210
9,2,4096.0,2048.0,49,210
9,2,4096.0,8192.0,49,210
9,2,4096.0,32768.0,49,210
9,2,16384.0,0.03125,49,210
9,2,16384.0,0.125,48,210
9,2,16384.0,0.5,49,210
9,2,16384.0,2.0,49,210
9,2,16384.0,8.0,49,210
9,2,16384.0,32.0,49,210
9,2,16384.0,128.0,49,210
9,2,16384.0,512.0,49,210
9,2,16384.0,2048.0,49,210
9,2,16384.0,8192.0,49,210
9,2,16384.0,32768.0,49,210
9,2,65536.0,0.03125,49,210
9,2,65536.0,0.125,46,210
9,2,65536.0,0.5,49,210
9,2,65536.0,2.0,48,210
9,2,65536.0,8.0,49,210
9,2,65536.0,32.0,49,210
9,2,65536.0,128.0,49,210
9,2,65536.0,512.0,49,210
9,2,65536.0,2048.0,49,210
9,2,65536.0,8192.0,49,210
9,2,65536.0,32768.0,49,210
9,3,0.000244140625,0.03125,181,210
9,3,0.000244140625,0.125,181,210
9,3,0.000244140625,0.5,181,210
9,3,0.000244140625,2.0,181,210
9,3,0.000244140625,8.0,181,210
9,3,0.000244140625,32.0,181,210
9,3,0.000244140625,128.0,181,210
9,3,0.000244140625,512.0,181,210
9,3,0.000244140625,2048.0,181,210
9,3,0.000244140625,8192.0,181,210
9,3,0.000244140625,32768.0,181,210
9,3,0.0009765625,0.03125,185,210
9,3,0.0009765625,0.125,186,210
9,3,0.0009765625,0.5,186,210
9,3,0.0009765625,2.0,186,210
9,3,0.0009765625,8.0,186,210
9,3,0.0009765625,32.0,186,210
9,3,0.0009765625,128.0,186,210
9,3,0.0009765625,512.0,186,210
9,3,0.0009765625,2048.0,186,210
9,3,0.0009765625,8192.0,186,210
9,3,0.0009765625,32768.0,186,210
9,3,0.00390625,0.03125,196,210
9,3,0.00390625,0.125,194,210
9,3,0.00390625,0.5,189,210
9,3,0.00390625,2.0,187,210
9,3,0.00390625,8.0,188,210
9,3,0.00390625,32.0,188,210
9,3,0.00390625,128.0,188,210
9,3,0.00390625,512.0,188,210
9,3,0.00390625,2048.0,188,210
9,3,0.00390625,8192.0,188,210
9,3,0.00390625,32768.0,188,210
9,3,0.015625,0.03125,151,210
9,3,0.015625,0.125,178,210
9,3,0.015625,0.5,195,210
9,3,0.015625,2.0,197,210
9,3,0.015625,8.0,196,210
9,3,0.015625,32.0,195,210
9,3,0.015625,128.0,191,210
9,3,0.015625,512.0,192,210
9,3,0.015625,2048.0,192,210
9,3,0.015625,8192.0,192,210
9,3,0.015625,32768.0,192,210
9,3,0.0625,0.03125,97,210
9,3,0.0625,0.125,123,210
9,3,0.0625,0.5,152,210
9,3,0.0625,2.0,164,210
9,3,0.0625,8.0,193,210
9,3,0.0625,32.0,195,210
9,3,0.0625,128.0,197,210
9,3,0.0625,512.0,198,210
9,3,0.0625,2048.0,196,210
9,3,0.0625,8192.0,196,210
9,3,0.0625,32768.0,194,210
9,3,0.25,0.03125,78,210
9,3,0.25,0.125,88,210
9,3,0.25,0.5,105,210
9,3,0.25,2.0,120,210
9,3,0.25,8.0,147,210
9,3,0.25,32.0,161,210
9,3,0.25,128.0,177,210
9,3,0.25,512.0,190,210
9,3,0.25,2048.0,198,210
9,3,0.25,8192.0,196,210
9,3,0.25,32768.0,197,210
9,3,1.0,0.03125,70,210
9,3,1.0,0.125,70,210
9,3,1.0,0.5,70,210
9,3,1.0,2.0,78,210
9,3,1.0,8.0,91,210
9,3,1.0,32.0,104,210
9,3,1.0,128.0,118,210
9,3,1.0,512.0,134,210
9,3,1.0,2048.0,149,210
9,3,1.0,8192.0,177,210
9,3,1.0,32768.0,187,210
9,3,4.0,0.03125,61,210
9,3,4.0,0.125,61,210
9,3,4.0,0.5,61,210
9,3,4.0,2.0,61,210
9,3,4.0,8.0,68,210
9,3,4.0,32.0,68,210
9,3,4.0,128.0,78,210
9,3,4.0,512.0,85,210
9,3,4.0,2048.0,102,210
9,3,4.0,8192.0,110,210
9,3,4.0,32768.0,120,210
9,3,16.0,0.03125,54,210
9,3,16.0,0.125,54,210
9,3,16.0,0.5,54,210
9,3,16.0,2.0,54,210
9,3,16.0,8.0,54,210
9,3,16.0,32.0,54,210
9,3,16.0,128.0,59,210
9,3,16.0,512.0,59,210
9,3,16.0,2048.0,70,210
9,3,16.0,8192.0,73,210
9,3,16.0,32768.0,87,210
9,3,64.0,0.03125,50,210
9,3,64.0,0.125,50,210
9,3,64.0,0.5,50,210
9,3,64.0,2.0,50,210
9,3,64.0,8.0,50,210
9,3,64.0,32.0,50,210
9,3,64.0,128.0,50,210
9,3,64.0,512.0,50,210
9,3,64.0,2048.0,55,210
9,3,64.0,8192.0,55,210
9,3,64.0,32768.0,67,210
9,3,256.0,0.03125,50,210
9,3,256.0,0.125,50,210
9,3,256.0,0.5,50,210
9,3,256.0,2.0,50,210
9,3,256.0,8.0,50,210
9,3,256.0,32.0,50,210
9,3,256.0,128.0,50,210
9,3,256.0,512.0,50,210
9,3,256.0,2048.0,50,210
9,3,256.0,8192.0,50,210
9,3,256.0,32768.0,55,210
9,3,1024.0,0.03125,50,210
9,3,1024.0,0.125,50,210
9,3,1024.0,0.5,50,210
9,3,1024.0,2.0,50,210
9,3,1024.0,8.0,50,210
9,3,1024.0,32.0,50,210
9,3,1024.0,128.0,50,210
9,3,1024.0,512.0,50,210
9,3,1024.0,2048.0,50,210
9,3,1024.0,8192.0,50,210
9,3,1024.0,32768.0,50,210
9,3,4096.0,0.03125,50,210
9,3,4096.0,0.125,50,210
9,3,4096.0,0.5,50,210
9,3,4096.0,2.0,50,210
9,3,4096.0,8.0,50,210
9,3,4096.0,32.0,50,210
9,3,4096.0,128.0,50,210
9,3,4096.0,512.0,50,210
9,3,4096.0,2048.0,50,210
9,3,4096.0,8192.0,50,210
9,3,4096.0,32768.0,50,210
9,3,16384.0,0.03125,50,210
9,3,16384.0,0.125,50,210
9,3,16384.0,0.5,50,210
9,3,16384.0,2.0,50,210
9,3,16384.0,8.0,50,210
9,3,16384.0,32.0,50,210
9,3,16384.0,128.0,50,210
9,3,16384.0,512.0,50,210
9,3,16384.0,2048.0,50,210
9,3,16384.0,8192.0,50,210
9,3,16384.0,32768.0,50,210
9,3,65536.0,0.03125,50,210
9,3,65536.0,0.125,50,210
9,3,65536.0,0.5,50,210
9,3,65536.0,2.0,50,210
9,3,65536.0,8.0,50,210
9,3,65536.0,32.0,50,210
9,3,65536.0,128.0,50,210
9,3,65536.0,512.0,50,210
9,3,65536.0,2048.0,50,210
9,3,65536.0,8192.0,50,210
9,3,65536.0,32768.0,50,210
9,4,0.000244140625,0.03125,168,210
9,4,0.000244140625,0.125,168,210
9,4,0.000244140625,0.5,168,210
9,4,0.000244140625,2.0,168,210
9,4,0.000244140625,8.0,168,210
9,4,0.000244140625,32.0,168,210
9,4,0.000244140625,128.0,168,210
9,4,0.000244140625,512.0,168,210
9,4,0.000244140625,2048.0,168,210
9,4,0.000244140625,8192.0,168,210
9,4,0.000244140625,32768.0,168,210
9,4,0.0009765625,0.03125,182,210
9,4,0.0009765625,0.125,181,210
9,4,0.0009765625,0.5,181,210
9,4,0.0009765625,2.0,181,210
9,4,0.0009765625,8.0,181,210
9,4,0.0009765625,32.0,181,210
9,4,0.0009765625,128.0,181,210
9,4,0.0009765625,512.0,181,210
9,4,0.0009765625,2048.0,181,210
9,4,0.0009765625,8192.0,181,210
9,4,0.0009765625,32768.0,181,210
9,4,0.00390625,0.03125,192,210
9,4,0.00390625,0.125,188,210
9,4,0.00390625,0.5,187,210
9,4,0.00390625,2.0,186,210
9,4,0.00390625,8.0,186,210
9,4,0.00390625,32.0,186,210
9,4,0.00390625,128.0,186,210
9,4,0.00390625,512.0,186,210
9,4,0.00390625,2048.0,186,210
9,4,0.00390625,8192.0,186,210
9,4,0.00390625,32768.0,186,210
9,4,0.015625,0.03125,140,210
9,4,0.015625,0.125,172,210
9,4,0.015625,0.5,190,210
9,4,0.015625,2.0,188,210
9,4,0.015625,8.0,187,210
9,4,0.015625,32.0,187,210
9,4,0.015625,128.0,183,210
9,4,0.015625,512.0,184,210
9,4,0.015625,2048.0,184,210
9,4,0.015625,8192.0,184,210
9,4,0.015625,32768.0,184,210
9,4,0.0625,0.03125,88,210
9,4,0.0625,0.125,121,210
9,4,0.0625,0.5,145,210
9,4,0.0625,2.0,168,210
9,4,0.0625,8.0,184,210
9,4,0.0625,32.0,192,210
9,4,0.0625,128.0,191,210
9,4,0.0625,512.0,188,210
9,4,0.0625,2048.0,188,210
9,4,0.0625,8192.0,187,210
9,4,0.0625,32768.0,185,210
9,4,0.25,0.03125,80,210
9,4,0.25,0.125,80,210
9,4,0.25,0.5,90,210
9,4,0.25,2.0,111,210
9,4,0.25,8.0,125,210
9,4,0.25,32.0,158,210
9,4,0.25,128.0,167,210
9,4,0.25,512.0,182,210
9,4,0.25,2048.0,190,210
9,4,0.25,8192.0,186,210
9,4,0.25,32768.0,186,210
9,4,1.0,0.03125,73,210
9,4,1.0,0.125,73,210
9,4,1.0,0.5,73,210
9,4,1.0,2.0,73,210
9,4,1.0,8.0,79,210
9,4,1.0,32.0,85,210
9,4,1.0,128.0,107,210
9,4,1.0,512.0,129,210
9,4,1.0,2048.0,151,210
9,4,1.0,8192.0,172,210
9,4,1.0,32768.0,183,210
9,4,4.0,0.03125,67,210
9,4,4.0,0.125,67,210
9,4,4.0,0.5,67,210
9,4,4.0,2.0,67,210
9,4,4.0,8.0,67,210
9,4,4.0,32.0,67,210
9,4,4.0,128.0,71,210
9,4,4.0,512.0,75,210
9,4,4.0,2048.0,81,210
9,4,4.0,8192.0,90,210
9,4,4.0,32768.0,118,210
9,4,16.0,0.03125,60,210
9,4,16.0,0.125,60,210
9,4,16.0,0.5,60,210
9,4,16.0,2.0,60,210
9,4,16.0,8.0,60,210
9,4,16.0,32.0,60,210
9,4,16.0,128.0,60,210
9,4,16.0,512.0,60,210
9,4,16.0,2048.0,63,210
9,4,16.0,8192.0,67,210
9,4,16.0,32768.0,71,210
9,4,64.0,0.03125,60,210
9,4,64.0,0.125,60,210
9,4,64.0,0.5,60,210
9,4,64.0,2.0,60,210
9,4,64.0,8.0,60,210
9,4,64.0,32.0,60,210
9,4,64.0,128.0,60,210
9,4,64.0,512.0,60,210
9,4,64.0,2048.0,60,210
9,4,64.0,8192.0,60,210
9,4,64.0,32768.0,63,210
9,4,256.0,0.03125,59,210
9,4,256.0,0.125,59,210
9,4,256.0,0.5,59,210
9,4,256.0,2.0,59,210
9,4,256.0,8.0,59,210
9,4,256.0,32.0,59,210
9,4,256.0,128.0,59,210
9,4,256.0,512.0,59,210
9,4,256.0,2048.0,59,210
9,4,256.0,8192.0,59,210
9,4,256.0,32768.0,59,210
9,4,1024.0,0.03125,59,210
9,4,1024.0,0.125,59,210
9,4,1024.0,0.5,59,210
9,4,1024.0,2.0,59,210
9,4,1024.0,8.0,59,210
9,4,1024.0,32.0,59,210
9,4,1024.0,128.0,59,210
9,4,1024.0,512.0,59,210
9,4,1024.0,2048.0,59,210
9,4,1024.0,8192.0,59,210
9,4,1024.0,32768.0,59,210
9,4,4096.0,0.03125,59,210
9,4,4096.0,0.125,59,210
9,4,4096.0,0.5,59,210
9,4,4096.0,2.0,59,210
9,4,4096.0,8.0,59,210
9,4,4096.0,32.0,59,210
9,4,4096.0,128.0,59,210
9,4,4096.0,512.0,59,210
9,4,4096.0,2048.0,59,210
9,4,4096.0,8192.0,59,210
9,4,4096.0,32768.0,59,210
9,4,16384.0,0.03125,59,210
9,4,16384.0,0.125,59,210
9,4,16384.0,0.5,59,210
9,4,16384.0,2.0,59,210
9,4,16384.0,8.0,59,210
9,4,16384.0,32.0,59,210
9,4,16384.0,128.0,59,210
9,4,16384.0,512.0,59,210
9,4,16384.0,2048.0,59,210
9,4,16384.0,8192.0,59,210
9,4,16384.0,32768.0,59,210
9,4,65536.0,0.03125,58,210
9,4,65536.0,0.125,58,210
9,4,65536.0,0.5,59,210
9,4,65536.0,2.0,59,210
9,4,65536.0,8.0,59,210
9,4,65536.0,32.0,59,210
9,4,65536.0,128.0,59,210
9,4,65536.0,512.0,59,210
9,4,65536.0,2048.0,59,210
9,4,65536.0,8192.0,59,210
9,4,65536.0,32768.0,59,210
9,5,0.000244140625,0.03125,172,210
9,5,0.000244140625,0.125,172,210
9,5,0.000244140625,0.5,172,210
9,5,0.000244140625,2.0,172,210
9,5,0.000244140625,8.0,172,210
9,5,0.000244140625,32.0,172,210
9,5,0.000244140625,128.0,172,210
9,5,0.000244140625,512.0,172,210
9,5,0.000244140625,2048.0,172,210
9,5,0.000244140625,8192.0,172,210
9,5,0.000244140625,32768.0,172,210
9,5,0.0009765625,0.03125,184,210
9,5,0.0009765625,0.125,181,210
9,5,0.0009765625,0.5,181,210
9,5,0.0009765625,2.0,181,210
9,5,0.0009765625,8.0,181,210
9,5,0.0009765625,32.0,181,210
9,5,0.0009765625,128.0,181,210
9,5,0.0009765625,512.0,181,210
9,5,0.0009765625,2048.0,181,210
9,5,0.0009765625,8192.0,181,210
9,5,0.0009765625,32768.0,181,210
9,5,0.00390625,0.03125,195,210
9,5,0.00390625,0.125,196,210
9,5,0.00390625,0.5,195,210
9,5,0.00390625,2.0,194,210
9,5,0.00390625,8.0,193,210
9,5,0.00390625,32.0,193,210
9,5,0.00390625,128.0,193,210
9,5,0.00390625,512.0,193,210
9,5,0.00390625,2048.0,193,210
9,5,0.00390625,8192.0,193,210
9,5,0.00390625,32768.0,193,210
9,5,0.015625,0.03125,152,210
9,5,0.015625,0.125,184,210
9,5,0.015625,0.5,197,210
9,5,0.015625,2.0,196,210
9,5,0.015625,8.0,197,210
9,5,0.015625,32.0,197,210
9,5,0.015625,128.0,195,210
9,5,0.015625,512.0,194,210
9,5,0.015625,2048.0,193,210
9,5,0.015625,8192.0,193,210
9,5,0.015625,32768.0,193,210
9,5,0.0625,0.03125,95,210
9,5,0.0625,0.125,130,210
9,5,0.0625,0.5,158,210
9,5,0.0625,2.0,175,210
9,5,0.0625,8.0,194,210
9,5,0.0625,32.0,196,210
9,5,0.0625,128.0,196,210
9,5,0.0625,512.0,195,210
9,5,0.0625,2048.0,195,210
9,5,0.0625,8192.0,195,210
9,5,0.0625,32768.0,193,210
9,5,0.25,0.03125,77,210
9,5,0.25,0.125,86,210
9,5,0.25,0.5,93,210
9,5,0.25,2.0,116,210
9,5,0.25,8.0,139,210
9,5,0.25,32.0,163,210
9,5,0.25,128.0,177,210
9,5,0.25,512.0,190,210
9,5,0.25,2048.0,193,210
9,5,0.25,8192.0,194,210
9,5,0.25,32768.0,193,210
9,5,1.0,0.03125,65,210
9,5,1.0,0.125,65,210
9,5,1.0,0.5,65,210
9,5,1.0,2.0,73,210
9,5,1.0,8.0,78,210
9,5,1.0,32.0,88,210
9,5,1.0,128.0,112,210
9,5,1.0,512.0,125,210
9,5,1.0,2048.0,154,210
9,5,1.0,8192.0,177,210
9,5,1.0,32768.0,187,210
9,5,4.0,0.03125,54,210
9,5,4.0,0.125,54,210
9,5,4.0,0.5,54,210
9,5,4.0,2.0,54,210
9,5,4.0,8.0,62,210
9,5,4.0,32.0,62,210
9,5,4.0,128.0,64,210
9,5,4.0,512.0,69,210
9,5,4.0,2048.0,92,210
9,5,4.0,8192.0,99,210
9,5,4.0,32768.0,107,210
9,5,16.0,0.03125,50,210
9,5,16.0,0.125,50,210
9,5,16.0,0.5,50,210
9,5,16.0,2.0,50,210
9,5,16.0,8.0,50,210
9,5,16.0,32.0,50,210
9,5,16.0,128.0,56,210
9,5,16.0,512.0,56,210
9,5,16.0,2048.0,58,210
9,5,16.0,8192.0,64,210
9,5,16.0,32768.0,80,210
9,5,64.0,0.03125,50,210
9,5,64.0,0.125,50,210
9,5,64.0,0.5,50,210
9,5,64.0,2.0,50,210
9,5,64.0,8.0,50,210
9,5,64.0,32.0,50,210
9,5,64.0,128.0,50,210
9,5,64.0,512.0,50,210
9,5,64.0,2048.0,56,210
9,5,64.0,8192.0,56,210
9,5,64.0,32768.0,58,210
9,5,256.0,0.03125,49,210
9,5,256.0,0.125,49,210
9,5,256.0,0.5,49,210
9,5,256.0,2.0,49,210
9,5,256.0,8.0,49,210
9,5,256.0,32.0,49,210
9,5,256.0,128.0,49,210
9,5,256.0,512.0,49,210
9,5,256.0,2048.0,49,210
9,5,256.0,8192.0,49,210
9,5,256.0,32768.0,55,210
9,5,1024.0,0.03125,49,210
9,5,1024.0,0.125,49,210
9,5,1024.0,0.5,49,210
9,5,1024.0,2.0,49,210
9,5,1024.0,8.0,49,210
9,5,1024.0,32.0,49,210
9,5,1024.0,128.0,49,210
9,5,1024.0,512.0,49,210
9,5,1024.0,2048.0,49,210
9,5,1024.0,8192.0,49,210
9,5,1024.0,32768.0,49,210
9,5,4096.0,0.03125,49,210
9,5,4096.0,0.125,49,210
9,5,4096.0,0.5,49,210
9,5,4096.0,2.0,49,210
9,5,4096.0,8.0,49,210
9,5,4096.0,32.0,49,210
9,5,4096.0,128.0,49,210
9,5,4096.0,512.0,49,210
9,5,4096.0,2048.0,49,210
9,5,4096.0,8192.0,49,210
9,5,4096.0,32768.0,49,210
9,5,16384.0,0.03125,49,210
9,5,16384.0,0.125,49,210
9,5,16384.0,0.5,49,210
9,5,16384.0,2.0,49,210
9,5,16384.0,8.0,49,210
9,5,16384.0,32.0,49,210
9,5,16384.0,128.0,49,210
9,5,16384.0,512.0,49,210
9,5,16384.0,2048.0,49,210
9,5,16384.0,8192.0,49,210
9,5,16384.0,32768.0,49,210
9,5,65536.0,0.03125,49,210
9,5,65536.0,0.125,49,210
9,5,65536.0,0.5,49,210
9,5,65536.0,2.0,49,210
9,5,65536.0,8.0,49,210
9,5,65536.0,32.0,49,210
9,5,65536.0,128.0,49,210
9,5,65536.0,512.0,49,210
9,5,65536.0,2048.0,49,210
9,5,65536.0,8192.0,49,210
9,5,65536.0,32768.0,49,210
9,6,0.000244140625,0.03125,180,210
9,6,0.000244140625,0.125,180,210
9,6,0.000244140625,0.5,180,210
9,6,0.000244140625,2.0,180,210
9,6,0.000244140625,8.0,180,210
9,6,0.000244140625,32.0,180,210
9,6,0.000244140625,128.0,180,210
9,6,0.000244140625,512.0,180,210
9,6,0.000244140625,2048.0,180,210
9,6,0.000244140625,8192.0,180,210
9,6,0.000244140625,32768.0,180,210
9,6,0.0009765625,0.03125,185,210
9,6,0.0009765625,0.125,180,210
9,6,0.0009765625,0.5,180,210
9,6,0.0009765625,2.0,180,210
9,6,0.0009765625,8.0,180,210
9,6,0.0009765625,32.0,180,210
9,6,0.0009765625,128.0,180,210
9,6,0.0009765625,512.0,180,210
9,6,0.0009765625,2048.0,180,210
9,6,0.0009765625,8192.0,180,210
9,6,0.0009765625,32768.0,180,210
9,6,0.00390625,0.03125,190,210
9,6,0.00390625,0.125,192,210
9,6,0.00390625,0.5,190,210
9,6,0.00390625,2.0,186,210
9,6,0.00390625,8.0,185,210
9,6,0.00390625,32.0,185,210
9,6,0.00390625,128.0,185,210
9,6,0.00390625,512.0,185,210
9,6,0.00390625,2048.0,185,210
9,6,0.00390625,8192.0,185,210
9,6,0.00390625,32768.0,185,210
9,6,0.015625,0.03125,154,210
9,6,0.015625,0.125,175,210
9,6,0.015625,0.5,191,210
9,6,0.015625,2.0,194,210
9,6,0.015625,8.0,193,210
9,6,0.015625,32.0,195,210
9,6,0.015625,128.0,195,210
9,6,0.015625,512.0,195,210
9,6,0.015625,2048.0,195,210
9,6,0.015625,8192.0,195,210
9,6,0.015625,32768.0,195,210
9,6,0.0625,0.03125,102,210
9,6,0.0625,0.125,127,210
9,6,0.0625,0.5,152,210
9,6,0.0625,2.0,169,210
9,6,0.0625,8.0,189,210
9,6,0.0625,32.0,194,210
9,6,0.0625,128.0,193,210
9,6,0.0625,512.0,194,210
9,6,0.0625,2048.0,195,210
9,6,0.0625,8192.0,196,210
9,6,0.0625,32768.0,196,210
9,6,0.25,0.03125,82,210
9,6,0.25,0.125,91,210
9,6,0.25,0.5,98,210
9,6,0.25,2.0,123,210
9,6,0.25,8.0,143,210
9,6,0.25,32.0,162,210
9,6,0.25,128.0,172,210
9,6,0.25,512.0,190,210
9,6,0.25,2048.0,193,210
9,6,0.25,8192.0,194,210
9,6,0.25,32768.0,193,210
9,6,1.0,0.03125,74,210
9,6,1.0,0.125,74,210
9,6,1.0,0.5,74,210
9,6,1.0,2.0,82,210
9,6,1.0,8.0,87,210
9,6,1.0,32.0,105,210
9,6,1.0,128.0,114,210
9,6,1.0,512.0,125,210
9,6,1.0,2048.0,142,210
9,6,1.0,8192.0,171,210
9,6,1.0,32768.0,188,210
9,6,4.0,0.03125,59,210
9,6,4.0,0.125,59,210
9,6,4.0,0.5,59,210
9,6,4.0,2.0,59,210
9,6,4.0,8.0,67,210
9,6,4.0,32.0,67,210
9,6,4.0,128.0,70,210
9,6,4.0,512.0,83,210
9,6,4.0,2048.0,97,210
9,6,4.0,8192.0,104,210
9,6,4.0,32768.0,111,210
9,6,16.0,0.03125,55,210
9,6,16.0,0.125,55,210
9,6,16.0,0.5,55,210
9,6,16.0,2.0,55,210
9,6,16.0,8.0,55,210
9,6,16.0,32.0,55,210
9,6,16.0,128.0,63,210
9,6,16.0,512.0,63,210
9,6,16.0,2048.0,66,210
9,6,16.0,8192.0,73,210
9,6,16.0,32768.0,85,210
9,6,64.0,0.03125,55,210
9,6,64.0,0.125,55,210
9,6,64.0,0.5,55,210
9,6,64.0,2.0,55,210
9,6,64.0,8.0,55,210
9,6,64.0,32.0,55,210
9,6,64.0,128.0,55,210
9,6,64.0,512.0,55,210
9,6,64.0,2048.0,63,210
9,6,64.0,8192.0,63,210
9,6,64.0,32768.0,66,210
9,6,256.0,0.03125,54,210
9,6,256.0,0.125,54,210
9,6,256.0,0.5,54,210
9,6,256.0,2.0,54,210
9,6,256.0,8.0,54,210
9,6,256.0,32.0,54,210
9,6,256.0,128.0,54,210
9,6,256.0,512.0,54,210
9,6,256.0,2048.0,54,210
9,6,256.0,8192.0,54,210
9,6,256.0,32768.0,61,210
9,6,1024.0,0.03125,54,210
9,6,1024.0,0.125,54,210
9,6,1024.0,0.5,54,210
9,6,1024.0,2.0,54,210
9,6,1024.0,8.0,54,210
9,6,1024.0,32.0,54,210
9,6,1024.0,128.0,54,210
9,6,1024.0,512.0,54,210
9,6,1024.0,2048.0,54,210
9,6,1024.0,8192.0,54,210
9,6,1024.0,32768.0,54,210
9,6,4096.0,0.03125,54,210
9,6,4096.0,0.125,54,210
9,6,4096.0,0.5,54,210
9,6,4096.0,2.0,54,210
9,6,4096.0,8.0,54,210
9,6,4096.0,32.0,54,210
9,6,4096.0,128.0,54,210
9,6,4096.0,512.0,54,210
9,6,4096.0,2048.0,54,210
9,6,4096.0,8192.0,54,210
9,6,4096.0,32768.0,54,210
9,6,16384.0,0.03125,54,210
9,6,16384.0,0.125,54,210
9,6,16384.0,0.5,54,210
9,6,16384.0,2.0,54,210
9,6,16384.0,8.0,54,210
9,6,16384.0,32.0,54,210
9,6,16384.0,128.0,54,210
9,6,16384.0,512.0,54,210
9,6,16384.0,2048.0,54,210
9,6,16384.0,8192.0,54,210
9,6,16384.0,32768.0,54,210
9,6,65536.0,0.03125,53,210
9,6,65536.0,0.125,53,210
9,6,65536.0,0.5,54,210
9,6,65536.0,2.0,54,210
9,6,65536.0,8.0,54,210
9,6,65536.0,32.0,54,210
9,6,65536.0,128.0,54,210
9,6,65536.0,512.0,54,210
9,6,65536.0,2048.0,54,210
9,6,65536.0,8192.0,54,210
9,6,65536.0,32768.0,54,210
9,7,0.000244140625,0.03125,184,210
9,7,0.000244140625,0.125,184,210
9,7,0.000244140625,0.5,184,210
9,7,0.000244140625,2.0,184,210
9,7,0.000244140625,8.0,184,210
9,7,0.000244140625,32.0,184,210
9,7,0.000244140625,128.0,184,210
9,7,0.000244140625,512.0,184,210
9,7,0.000244140625,2048.0,184,210
9,7,0.000244140625,8192.0,184,210
9,7,0.000244140625,32768.0,184,210
9,7,0.0009765625,0.03125,191,210
9,7,0.0009765625,0.125,191,210
9,7,0.0009765625,0.5,191,210
9,7,0.0009765625,2.0,191,210
9,7,0.0009765625,8.0,191,210
9,7,0.0009765625,32.0,191,210
9,7,0.0009765625,128.0,191,210
9,7,0.0009765625,512.0,191,210
9,7,0.0009765625,2048.0,191,210
9,7,0.0009765625,8192.0,191,210
9,7,0.0009765625,32768.0,191,210
9,7,0.00390625,0.03125,194,210
9,7,0.00390625,0.125,192,210
9,7,0.00390625,0.5,197,210
9,7,0.00390625,2.0,197,210
9,7,0.00390625,8.0,197,210
9,7,0.00390625,32.0,197,210
9,7,0.00390625,128.0,197,210
9,7,0.00390625,512.0,197,210
9,7,0.00390625,2048.0,197,210
9,7,0.00390625,8192.0,197,210
9,7,0.00390625,32768.0,197,210
9,7,0.015625,0.03125,153,210
9,7,0.015625,0.125,179,210
9,7,0.015625,0.5,193,210
9,7,0.015625,2.0,196,210
9,7,0.015625,8.0,199,210
9,7,0.015625,32.0,199,210
9,7,0.015625,128.0,199,210
9,7,0.015625,512.0,199,210
9,7,0.015625,2048.0,199,210
9,7,0.015625,8192.0,199,210
9,7,0.015625,32768.0,199,210
9,7,0.0625,0.03125,88,210
9,7,0.0625,0.125,133,210
9,7,0.0625,0.5,153,210
9,7,0.0625,2.0,172,210
9,7,0.0625,8.0,186,210
9,7,0.0625,32.0,198,210
9,7,0.0625,128.0,196,210
9,7,0.0625,512.0,197,210
9,7,0.0625,2048.0,197,210
9,7,0.0625,8192.0,197,210
9,7,0.0625,32768.0,197,210
9,7,0.25,0.03125,83,210
9,7,0.25,0.125,83,210
9,7,0.25,0.5,91,210
9,7,0.25,2.0,119,210
9,7,0.25,8.0,143,210
9,7,0.25,32.0,162,210
9,7,0.25,128.0,179,210
9,7,0.25,512.0,187,210
9,7,0.25,2048.0,196,210
9,7,0.25,8192.0,195,210
9,7,0.25,32768.0,196,210
9,7,1.0,0.03125,70,210
9,7,1.0,0.125,70,210
9,7,1.0,0.5,70,210
9,7,1.0,2.0,70,210
9,7,1.0,8.0,72,210
9,7,1.0,32.0,95,210
9,7,1.0,128.0,113,210
9,7,1.0,512.0,128,210
9,7,1.0,2048.0,157,210
9,7,1.0,8192.0,174,210
9,7,1.0,32768.0,187,210
9,7,4.0,0.03125,61,210
9,7,4.0,0.125,61,210
9,7,4.0,0.5,61,210
9,7,4.0,2.0,61,210
9,7,4.0,8.0,61,210
9,7,4.0,32.0,61,210
9,7,4.0,128.0,63,210
9,7,4.0,512.0,73,210
9,7,4.0,2048.0,89,210
9,7,4.0,8192.0,94,210
9,7,4.0,32768.0,105,210
9,7,16.0,0.03125,56,210
9,7,16.0,0.125,56,210
9,7,16.0,0.5,56,210
9,7,16.0,2.0,56,210
9,7,16.0,8.0,56,210
9,7,16.0,32.0,56,210
9,7,16.0,128.0,56,210
9,7,16.0,512.0,56,210
9,7,16.0,2048.0,58,210
9,7,16.0,8192.0,65,210
9,7,16.0,32768.0,74,210
9,7,64.0,0.03125,54,210
9,7,64.0,0.125,54,210
9,7,64.0,0.5,54,210
9,7,64.0,2.0,54,210
9,7,64.0,8.0,54,210
9,7,64.0,32.0,54,210
9,7,64.0,128.0,54,210
9,7,64.0,512.0,54,210
9,7,64.0,2048.0,54,210
9,7,64.0,8192.0,54,210
9,7,64.0,32768.0,56,210
9,7,256.0,0.03125,53,210
9,7,256.0,0.125,53,210
9,7,256.0,0.5,53,210
9,7,256.0,2.0,53,210
9,7,256.0,8.0,53,210
9,7,256.0,32.0,53,210
9,7,256.0,128.0,53,210
9,7,256.0,512.0,53,210
9,7,256.0,2048.0,53,210
9,7,256.0,8192.0,53,210
9,7,256.0,32768.0,53,210
9,7,1024.0,0.03125,53,210
9,7,1024.0,0.125,53,210
9,7,1024.0,0.5,53,210
9,7,1024.0,2.0,53,210
9,7,1024.0,8.0,53,210
9,7,1024.0,32.0,53,210
9,7,1024.0,128.0,53,210
9,7,1024.0,512.0,53,210
9,7,1024.0,2048.0,53,210
9,7,1024.0,8192.0,53,210
9,7,1024.0,32768.0,53,210
9,7,4096.0,0.03125,53,210
9,7,4096.0,0.125,53,210
9,7,4096.0,0.5,53,210
9,7,4096.0,2.0,53,210
9,7,4096.0,8.0,53,210
9,7,4096.0,32.0,53,210
9,7,4096.0,128.0,53,210
9,7,4096.0,512.0,53,210
9,7,4096.0,2048.0,53,210
9,7,4096.0,8192.0,53,210
9,7,4096.0,32768.0,53,210
9,7,16384.0,0.03125,53,210
9,7,16384.0,0.125,53,210
9,7,16384.0,0.5,53,210
9,7,16384.0,2.0,53,210
9,7,16384.0,8.0,53,210
9,7,16384.0,32.0,53,210
9,7,16384.0,128.0,53,210
9,7,16384.0,512.0,53,210
9,7,16384.0,2048.0,53,210
9,7,16384.0,8192.0,53,210
9,7,16384.0,32768.0,53,210
9,7,65536.0,0.03125,56,210
9,7,65536.0,0.125,56,210
9,7,65536.0,0.5,53,210
9,7,65536.0,2.0,53,210
9,7,65536.0,8.0,53,210
9,7,65536.0,32.0,53,210
9,7,65536.0,128.0,53,210
9,7,65536.0,512.0,53,210
9,7,65536.0,2048.0,53,210
9,7,65536.0,8192.0,53,210
9,7,65536.0,32768.0,53,210
9,8,0.000244140625,0.03125,183,210
9,8,0.000244140625,0.125,183,210
9,8,0.000244140625,0.5,183,210
9,8,0.000244140625,2.0,183,210
9,8,0.000244140625,8.0,183,210
9,8,0.000244140625,32.0,183,210
9,8,0.000244140625,128.0,183,210
9,8,0.000244140625,512.0,183,210
9,8,0.000244140625,2048.0,183,210
9,8,0.000244140625,8192.0,183,210
9,8,0.000244140625,32768.0,183,210
9,8,0.0009765625,0.03125,191,210
9,8,0.0009765625,0.125,190,210
9,8,0.0009765625,0.5,190,210
9,8,0.0009765625,2.0,190,210
9,8,0.0009765625,8.0,190,210
9,8,0.0009765625,32.0,190,210
9,8,0.0009765625,128.0,190,210
9,8,0.0009765625,512.0,190,210
9,8,0.0009765625,2048.0,190,210
9,8,0.0009765625,8192.0,190,210
9,8,0.0009765625,32768.0,190,210
9,8,0.00390625,0.03125,197,210
9,8,0.00390625,0.125,194,210
9,8,0.00390625,0.5,195,210
9,8,0.00390625,2.0,193,210
9,8,0.00390625,8.0,193,210
9,8,0.00390625,32.0,193,210
9,8,0.00390625,128.0,193,210
9,8,0.00390625,512.0,193,210
9,8,0.00390625,2048.0,193,210
9,8,0.00390625,8192.0,193,210
9,8,0.00390625,32768.0,193,210
9,8,0.015625,0.03125,153,210
9,8,0.015625,0.125,182,210
9,8,0.015625,0.5,196,210
9,8,0.015625,2.0,197,210
9,8,0.015625,8.0,197,210
9,8,0.015625,32.0,197,210
9,8,0.015625,128.0,196,210
9,8,0.015625,512.0,196,210
9,8,0.015625,2048.0,196,210
9,8,0.015625,8192.0,196,210
9,8,0.015625,32768.0,196,210
9,8,0.0625,0.03125,95,210
9,8,0.0625,0.125,134,210
9,8,0.0625,0.5,157,210
9,8,0.0625,2.0,176,210
9,8,0.0625,8.0,194,210
9,8,0.0625,32.0,199,210
9,8,0.0625,128.0,199,210
9,8,0.0625,512.0,199,210
9,8,0.0625,2048.0,199,210
9,8,0.0625,8192.0,198,210
9,8,0.0625,32768.0,198,210
9,8,0.25,0.03125,82,210
9,8,0.25,0.125,82,210
9,8,0.25,0.5,99,210
9,8,0.25,2.0,130,210
9,8,0.25,8.0,143,210
9,8,0.25,32.0,160,210
9,8,0.25,128.0,174,210
9,8,0.25,512.0,191,210
9,8,0.25,2048.0,197,210
9,8,0.25,8192.0,195,210
9,8,0.25,32768.0,195,210
9,8,1.0,0.03125,68,210
9,8,1.0,0.125,68,210
9,8,1.0,0.5,68,210
9,8,1.0,2.0,68,210
9,8,1.0,8.0,80,210
9,8,1.0,32.0,103,210
9,8,1.0,128.0,113,210
9,8,1.0,512.0,123,210
9,8,1.0,2048.0,151,210
9,8,1.0,8192.0,178,210
9,8,1.0,32768.0,188,210
9,8,4.0,0.03125,58,210
9,8,4.0,0.125,58,210
9,8,4.0,0.5,58,210
9,8,4.0,2.0,58,210
9,8,4.0,8.0,58,210
9,8,4.0,32.0,58,210
9,8,4.0,128.0,66,210
9,8,4.0,512.0,76,210
9,8,4.0,2048.0,89,210
9,8,4.0,8192.0,101,210
9,8,4.0,32768.0,113,210
9,8,16.0,0.03125,52,210
9,8,16.0,0.125,52,210
9,8,16.0,0.5,52,210
9,8,16.0,2.0,52,210
9,8,16.0,8.0,52,210
9,8,16.0,32.0,52,210
9,8,16.0,128.0,52,210
9,8,16.0,512.0,52,210
9,8,16.0,2048.0,59,210
9,8,16.0,8192.0,67,210
9,8,16.0,32768.0,79,210
9,8,64.0,0.03125,51,210
9,8,64.0,0.125,51,210
9,8,64.0,0.5,51,210
9,8,64.0,2.0,51,210
9,8,64.0,8.0,51,210
9,8,64.0,32.0,51,210
9,8,64.0,128.0,51,210
9,8,64.0,512.0,51,210
9,8,64.0,2048.0,51,210
9,8,64.0,8192.0,51,210
9,8,64.0,32768.0,58,210
9,8,256.0,0.03125,51,210
9,8,256.0,0.125,51,210
9,8,256.0,0.5,51,210
9,8,256.0,2.0,51,210
9,8,256.0,8.0,51,210
9,8,256.0,32.0,51,210
9,8,256.0,128.0,51,210
9,8,256.0,512.0,51,210
9,8,256.0,2048.0,51,210
9,8,256.0,8192.0,51,210
9,8,256.0,32768.0,51,210
9,8,1024.0,0.03125,51,210
9,8,1024.0,0.125,51,210
9,8,1024.0,0.5,51,210
9,8,1024.0,2.0,51,210
9,8,1024.0,8.0,51,210
9,8,1024.0,32.0,51,210
9,8,1024.0,128.0,51,210
9,8,1024.0,512.0,51,210
9,8,1024.0,2048.0,51,210
9,8,1024.0,8192.0,51,210
9,8,1024.0,32768.0,51,210
9,8,4096.0,0.03125,51,210
9,8,4096.0,0.125,51,210
9,8,4096.0,0.5,51,210
9,8,4096.0,2.0,51,210
9,8,4096.0,8.0,51,210
9,8,4096.0,32.0,51,210
9,8,4096.0,128.0,51,210
9,8,4096.0,512.0,51,210
9,8,4096.0,2048.0,51,210
9,8,4096.0,8192.0,51,210
9,8,4096.0,32768.0,51,210
9,8,16384.0,0.03125,51,210
9,8,16384.0,0.125,51,210
9,8,16384.0,0.5,51,210
9,8,16384.0,2.0,51,210
9,8,16384.0,8.0,51,210
9,8,16384.0,32.0,51,210
9,8,16384.0,128.0,51,210
9,8,16384.0,512.0,51,210
9,8,16384.0,2048.0,51,210
9,8,16384.0,8192.0,51,210
9,8,16384.0,32768.0,51,210
9,8,65536.0,0.03125,52,210
9,8,65536.0,0.125,51,210
9,8,65536.0,0.5,51,210
9,8,65536.0,2.0,51,210
9,8,65536.0,8.0,51,210
9,8,65536.0,32.0,51,210
9,8,65536.0,128.0,51,210
9,8,65536.0,512.0,51,210
9,8,65536.0,2048.0,51,210
9,8,65536.0,8192.0,51,210
9,8,65536.0,32768.0,51,210
9,9,0.000244140625,0.03125,167,210
9,9,0.000244140625,0.125,167,210
9,9,0.000244140625,0.5,167,210
9,9,0.000244140625,2.0,167,210
9,9,0.000244140625,8.0,167,210
9,9,0.000244140625,32.0,167,210
9,9,0.000244140625,128.0,167,210
9,9,0.000244140625,512.0,167,210
9,9,0.000244140625,2048.0,167,210
9,9,0.000244140625,8192.0,167,210
9,9,0.000244140625,32768.0,167,210
9,9,0.0009765625,0.03125,180,210
9,9,0.0009765625,0.125,177,210
9,9,0.0009765625,0.5,177,210
9,9,0.0009765625,2.0,177,210
9,9,0.0009765625,8.0,177,210
9,9,0.0009765625,32.0,177,210
9,9,0.0009765625,128.0,177,210
9,9,0.0009765625,512.0,177,210
9,9,0.0009765625,2048.0,177,210
9,9,0.0009765625,8192.0,177,210
9,9,0.0009765625,32768.0,177,210
9,9,0.00390625,0.03125,194,210
9,9,0.00390625,0.125,193,210
9,9,0.00390625,0.5,186,210
9,9,0.00390625,2.0,183,210
9,9,0.00390625,8.0,183,210
9,9,0.00390625,32.0,183,210
9,9,0.00390625,128.0,183,210
9,9,0.00390625,512.0,183,210
9,9,0.00390625,2048.0,183,210
9,9,0.00390625,8192.0,183,210
9,9,0.00390625,32768.0,183,210
9,9,0.015625,0.03125,143,210
9,9,0.015625,0.125,171,210
9,9,0.015625,0.5,191,210
9,9,0.015625,2.0,192,210
9,9,0.015625,8.0,192,210
9,9,0.015625,32.0,190,210
9,9,0.015625,128.0,188,210
9,9,0.015625,512.0,188,210
9,9,0.015625,2048.0,188,210
9,9,0.015625,8192.0,188,210
9,9,0.015625,32768.0,188,210
9,9,0.0625,0.03125,92,210
9,9,0.0625,0.125,123,210
9,9,0.0625,0.5,145,210
9,9,0.0625,2.0,159,210
9,9,0.0625,8.0,182,210
9,9,0.0625,32.0,193,210
9,9,0.0625,128.0,195,210
9,9,0.0625,512.0,191,210
9,9,0.0625,2048.0,190,210
9,9,0.0625,8192.0,188,210
9,9,0.0625,32768.0,186,210
9,9,0.25,0.03125,84,210
9,9,0.25,0.125,84,210
9,9,0.25,0.5,94,210
9,9,0.25,2.0,123,210
9,9,0.25,8.0,140,210
9,9,0.25,32.0,149,210
9,9,0.25,128.0,168,210
9,9,0.25,512.0,179,210
9,9,0.25,2048.0,193,210
9,9,0.25,8192.0,195,210
9,9,0.25,32768.0,194,210
9,9,1.0,0.03125,71,210
9,9,1.0,0.125,71,210
9,9,1.0,0.5,71,210
9,9,1.0,2.0,71,210
9,9,1.0,8.0,81,210
9,9,1.0,32.0,95,210
9,9,1.0,128.0,110,210
9,9,1.0,512.0,121,210
9,9,1.0,2048.0,144,210
9,9,1.0,8192.0,170,210
9,9,1.0,32768.0,178,210
9,9,4.0,0.03125,57,210
9,9,4.0,0.125,57,210
9,9,4.0,0.5,57,210
9,9,4.0,2.0,57,210
9,9,4.0,8.0,57,210
9,9,4.0,32.0,58,210
9,9,4.0,128.0,64,210
9,9,4.0,512.0,75,210
9,9,4.0,2048.0,90,210
9,9,4.0,8192.0,96,210
9,9,4.0,32768.0,112,210
9,9,16.0,0.03125,56,210
9,9,16.0,0.125,56,210
9,9,16.0,0.5,56,210
9,9,16.0,2.0,56,210
9,9,16.0,8.0,56,210
9,9,16.0,32.0,56,210
9,9,16.0,128.0,56,210
9,9,16.0,512.0,57,210
9,9,16.0,2048.0,63,210
9,9,16.0,8192.0,69,210
9,9,16.0,32768.0,79,210
9,9,64.0,0.03125,56,210
9,9,64.0,0.125,56,210
9,9,64.0,0.5,56,210
9,9,64.0,2.0,56,210
9,9,64.0,8.0,56,210
9,9,64.0,32.0,56,210
9,9,64.0,128.0,56,210
9,9,64.0,512.0,56,210
9,9,64.0,2048.0,56,210
9,9,64.0,8192.0,57,210
9,9,64.0,32768.0,63,210
9,9,256.0,0.03125,55,210
9,9,256.0,0.125,55,210
9,9,256.0,0.5,55,210
9,9,256.0,2.0,55,210
9,9,256.0,8.0,55,210
9,9,256.0,32.0,55,210
9,9,256.0,128.0,55,210
9,9,256.0,512.0,55,210
9,9,256.0,2048.0,55,210
9,9,256.0,8192.0,55,210
9,9,256.0,32768.0,55,210
9,9,1024.0,0.03125,54,210
9,9,1024.0,0.125,54,210
9,9,1024.0,0.5,54,210
9,9,1024.0,2.0,54,210
9,9,1024.0,8.0,54,210
9,9,1024.0,32.0,54,210
9,9,1024.0,128.0,54,210
9,9,1024.0,512.0,54,210
9,9,1024.0,2048.0,54,210
9,9,1024.0,8192.0,54,210
9,9,1024.0,32768.0,54,210
9,9,4096.0,0.03125,54,210
9,9,4096.0,0.125,54,210
9,9,4096.0,0.5,54,210
9,9,4096.0,2.0,54,210
9,9,4096.0,8.0,54,210
9,9,4096.0,32.0,54,210
9,9,4096.0,128.0,54,210
9,9,4096.0,512.0,54,210
9,9,4096.0,2048.0,54,210
9,9,4096.0,8192.0,54,210
9,9,4096.0,32768.0,54,210
9,9,16384.0,0.03125,55,210
9,9,16384.0,0.125,54,210
9,9,16384.0,0.5,54,210
9,9,16384.0,2.0,54,210
9,9,16384.0,8.0,54,210
9,9,16384.0,32.0,54,210
9,9,16384.0,128.0,54,210
9,9,16384.0,512.0,54,210
9,9,16384.0,2048.0,54,210
9,9,16384.0,8192.0,54,210
9,9,16384.0,32768.0,54,210
9,9,65536.0,0.03125,54,210
9,9,65536.0,0.125,54,210
9,9,65536.0,0.5,55,210
9,9,65536.0,2.0,54,210
9,9,65536.0,8.0,54,210
9,9,65536.0,32.0,54,210
9,9,65536.0,128.0,54,210
9,9,65536.0,512.0,54,210
9,9,65536.0,2048.0,54,210
9,9,65536.0,8192.0,54,210
9,9,65536.0,32768.0,54,210
9,10,0.000244140625,0.03125,172,210
9,10,0.000244140625,0.125,172,210
9,10,0.000244140625,0.5,172,210
9,10,0.000244140625,2.0,172,210
9,10,0.000244140625,8.0,172,210
9,10,0.000244140625,32.0,172,210
9,10,0.000244140625,128.0,172,210
9,10,0.000244140625,512.0,172,210
9,10,0.000244140625,2048.0,172,210
9,10,0.000244140625,8192.0,172,210
9,10,0.000244140625,32768.0,172,210
9,10,0.0009765625,0.03125,185,210
9,10,0.0009765625,0.125,182,210
9,10,0.0009765625,0.5,182,210
9,10,0.0009765625,2.0,182,210
9,10,0.0009765625,8.0,182,210
9,10,0.0009765625,32.0,182,210
9,10,0.0009765625,128.0,182,210
9,10,0.0009765625,512.0,182,210
9,10,0.0009765625,2048.0,182,210
9,10,0.0009765625,8192.0,182,210
9,10,0.0009765625,32768.0,182,210
9,10,0.00390625,0.03125,195,210
9,10,0.00390625,0.125,190,210
9,10,0.00390625,0.5,190,210
9,10,0.00390625,2.0,188,210
9,10,0.00390625,8.0,187,210
9,10,0.00390625,32.0,187,210
9,10,0.00390625,128.0,187,210
9,10,0.00390625,512.0,187,210
9,10,0.00390625,2048.0,187,210
9,10,0.00390625,8192.0,187,210
9,10,0.00390625,32768.0,187,210
9,10,0.015625,0.03125,144,210
9,10,0.015625,0.125,173,210
9,10,0.015625,0.5,191,210
9,10,0.015625,2.0,193,210
9,10,0.015625,8.0,194,210
9,10,0.015625,32.0,192,210
9,10,0.015625,128.0,190,210
9,10,0.015625,512.0,189,210
9,10,0.015625,2048.0,191,210
9,10,0.015625,8192.0,191,210
9,10,0.015625,32768.0,191,210
9,10,0.0625,0.03125,93,210
9,10,0.0625,0.125,125,210
9,10,0.0625,0.5,152,210
9,10,0.0625,2.0,169,210
9,10,0.0625,8.0,184,210
9,10,0.0625,32.0,196,210
9,10,0.0625,128.0,194,210
9,10,0.0625,512.0,195,210
9,10,0.0625,2048.0,194,210
9,10,0.0625,8192.0,192,210
9,10,0.0625,32768.0,190,210
9,10,0.25,0.03125,81,210
9,10,0.25,0.125,81,210
9,10,0.25,0.5,96,210
9,10,0.25,2.0,114,210
9,10,0.25,8.0,134,210
9,10,0.25,32.0,160,210
9,10,0.25,128.0,175,210
9,10,0.25,512.0,187,210
9,10,0.25,2048.0,195,210
9,10,0.25,8192.0,195,210
9,10,0.25,32768.0,195,210
9,10,1.0,0.03125,72,210
9,10,1.0,0.125,72,210
9,10,1.0,0.5,72,210
9,10,1.0,2.0,72,210
9,10,1.0,8.0,84,210
9,10,1.0,32.0,97,210
9,10,1.0,128.0,106,210
9,10,1.0,512.0,133,210
9,10,1.0,2048.0,154,210
9,10,1.0,8192.0,174,210
9,10,1.0,32768.0,184,210
9,10,4.0,0.03125,66,210
9,10,4.0,0.125,66,210
9,10,4.0,0.5,66,210
9,10,4.0,2.0,66,210
9,10,4.0,8.0,66,210
9,10,4.0,32.0,66,210
9,10,4.0,128.0,76,210
9,10,4.0,512.0,76,210
9,10,4.0,2048.0,91,210
9,10,4.0,8192.0,99,210
9,10,4.0,32768.0,114,210
9,10,16.0,0.03125,61,210
9,10,16.0,0.125,61,210
9,10,16.0,0.5,61,210
9,10,16.0,2.0,61,210
9,10,16.0,8.0,61,210
9,10,16.0,32.0,61,210
9,10,16.0,128.0,61,210
9,10,16.0,512.0,61,210
9,10,16.0,2048.0,71,210
9,10,16.0,8192.0,73,210
9,10,16.0,32768.0,85,210
9,10,64.0,0.03125,60,210
9,10,64.0,0.125,60,210
9,10,64.0,0.5,60,210
9,10,64.0,2.0,60,210
9,10,64.0,8.0,60,210
9,10,64.0,32.0,60,210
9,10,64.0,128.0,60,210
9,10,64.0,512.0,60,210
9,10,64.0,2048.0,60,210
9,10,64.0,8192.0,60,210
9,10,64.0,32768.0,69,210
9,10,256.0,0.03125,59,210
9,10,256.0,0.125,59,210
9,10,256.0,0.5,59,210
9,10,256.0,2.0,59,210
9,10,256.0,8.0,59,210
9,10,256.0,32.0,59,210
9,10,256.0,128.0,59,210
9,10,256.0,512.0,59,210
9,10,256.0,2048.0,59,210
9,10,256.0,8192.0,59,210
9,10,256.0,32768.0,59,210
9,10,1024.0,0.03125,59,210
9,10,1024.0,0.125,59,210
9,10,1024.0,0.5,59,210
9,10,1024.0,2.0,59,210
9,10,1024.0,8.0,59,210
9,10,1024.0,32.0,59,210
9,10,1024.0,128.0,59,210
9,10,1024.0,512.0,59,210
9,10,1024.0,2048.0,59,210
9,10,1024.0,8192.0,59,210
9,10,1024.0,32768.0,59,210
9,10,4096.0,0.03125,59,210
9,10,4096.0,0.125,59,210
9,10,4096.0,0.5,59,210
9,10,4096.0,2.0,59,210
9,10,4096.0,8.0,59,210
9,10,4096.0,32.0,59,210
9,10,4096.0,128.0,59,210
9,10,4096.0,512.0,59,210
9,10,4096.0,2048.0,59,210
9,10,4096.0,8192.0,59,210
9,10,4096.0,32768.0,59,210
9,10,16384.0,0.03125,59,210
9,10,16384.0,0.125,59,210
9,10,16384.0,0.5,59,210
9,10,16384.0,2.0,59,210
9,10,16384.0,8.0,59,210
9,10,16384.0,32.0,59,210
9,10,16384.0,128.0,59,210
9,10,16384.0,512.0,59,210
9,10,16384.0,2048.0,59,210
9,10,16384.0,8192.0,59,210
9,10,16384.0,32768.0,59,210
9,10,65536.0,0.03125,58,210
9,10,65536.0,0.125,59,210
9,10,65536.0,0.5,59,210
9,10,65536.0,2.0,59,210
9,10,65536.0,8.0,59,210
9,10,65536.0,32.0,59,210
9,10,65536.0,128.0,59,210
9,10,65536.0,512.0,59,210
9,10,65536.0,2048.0,59,210
9,10,65536.0,8192.0,59,210
9,10,65536.0,32768.0,59,210
10,1,0.000244140625,0.03125,147,210
10,1,0.000244140625,0.125,145,210
10,1,0.000244140625,0.5,145,210
10,1,0.000244140625,2.0,154,210
10,1,0.000244140625,8.0,171,210
10,1,0.000244140625,32.0,183,210
10,1,0.000244140625,128.0,181,210
10,1,0.000244140625,512.0,181,210
10,1,0.000244140625,2048.0,183,210
10,1,0.000244140625,8192.0,183,210
10,1,0.000244140625,32768.0,183,210
10,1,0.0009765625,0.03125,153,210
10,1,0.0009765625,0.125,155,210
10,1,0.0009765625,0.5,156,210
10,1,0.0009765625,2.0,156,210
10,1,0.0009765625,8.0,156,210
10,1,0.0009765625,32.0,168,210
10,1,0.0009765625,128.0,186,210
10,1,0.0009765625,512.0,188,210
10,1,0.0009765625,2048.0,191,210
10,1,0.0009765625,8192.0,190,210
10,1,0.0009765625,32768.0,193,210
10,1,0.00390625,0.03125,147,210
10,1,0.00390625,0.125,153,210
10,1,0.00390625,0.5,156,210
10,1,0.00390625,2.0,155,210
10,1,0.00390625,8.0,155,210
10,1,0.00390625,32.0,156,210
10,1,0.00390625,128.0,157,210
10,1,0.00390625,512.0,170,210
10,1,0.00390625,2048.0,192,210
10,1,0.00390625,8192.0,190,210
10,1,0.00390625,32768.0,193,210
10,1,0.015625,0.03125,88,210
10,1,0.015625,0.125,92,210
10,1,0.015625,0.5,113,210
10,1,0.015625,2.0,126,210
10,1,0.015625,8.0,141,210
10,1,0.015625,32.0,147,210
10,1,0.015625,128.0,149,210
10,1,0.015625,512.0,148,210
10,1,0.015625,2048.0,149,210
10,1,0.015625,8192.0,165,210
10,1,0.015625,32768.0,185,210
10,1,0.0625,0.03125,61,210
10,1,0.0625,0.125,61,210
10,1,0.0625,0.5,68,210
10,1,0.0625,2.0,76,210
10,1,0.0625,8.0,83,210
10,1,0.0625,32.0,102,210
10,1,0.0625,128.0,116,210
10,1,0.0625,512.0,132,210
10,1,0.0625,2048.0,135,210
10,1,0.0625,8192.0,142,210
10,1,0.0625,32768.0,146,210
10,1,0.25,0.03125,53,210
10,1,0.25,0.125,53,210
10,1,0.25,0.5,53,210
10,1,0.25,2.0,53,210
10,1,0.25,8.0,55,210
10,1,0.25,32.0,58,210
10,1,0.25,128.0,65,210
10,1,0.25,512.0,78,210
10,1,0.25,2048.0,92,210
10,1,0.25,8192.0,115,210
10,1,0.25,32768.0,124,210
10,1,1.0,0.03125,50,210
10,1,1.0,0.125,50,210
10,1,1.0,0.5,50,210
10,1,1.0,2.0,50,210
10,1,1.0,8.0,50,210
10,1,1.0,32.0,50,210
10,1,1.0,128.0,52,210
10,1,1.0,512.0,55,210
10,1,1.0,2048.0,57,210
10,1,1.0,8192.0,65,210
10,1,1.0,32768.0,78,210
10,1,4.0,0.03125,47,210
10,1,4.0,0.125,47,210
10,1,4.0,0.5,47,210
10,1,4.0,2.0,47,210
10,1,4.0,8.0,47,210
10,1,4.0,32.0,47,210
10,1,4.0,128.0,47,210
10,1,4.0,512.0,47,210
10,1,4.0,2048.0,49,210
10,1,4.0,8192.0,52,210
10,1,4.0,32768.0,53,210
10,1,16.0,0.03125,46,210
10,1,16.0,0.125,46,210
10,1,16.0,0.5,46,210
10,1,16.0,2.0,46,210
10,1,16.0,8.0,46,210
10,1,16.0,32.0,46,210
10,1,16.0,128.0,46,210
10,1,16.0,512.0,46,210
10,1,16.0,2048.0,46,210
10,1,16.0,8192.0,46,210
10,1,16.0,32768.0,47,210
10,1,64.0,0.03125,46,210
10,1,64.0,0.125,46,210
10,1,64.0,0.5,46,210
10,1,64.0,2.0,46,210
10,1,64.0,8.0,46,210
10,1,64.0,32.0,46,210
10,1,64.0,128.0,46,210
10,1,64.0,512.0,46,210
10,1,64.0,2048.0,46,210
10,1,64.0,8192.0,46,210
10,1,64.0,32768.0,46,210
10,1,256.0,0.03125,46,210
10,1,256.0,0.125,45,210
10,1,256.0,0.5,46,210
10,1,256.0,2.0,46,210
10,1,256.0,8.0,46,210
10,1,256.0,32.0,46,210
10,1,256.0,128.0,46,210
10,1,256.0,512.0,46,210
10,1,256.0,2048.0,46,210
10,1,256.0,8192.0,46,210
10,1,256.0,32768.0,46,210
10,1,1024.0,0.03125,44,210
10,1,1024.0,0.125,43,210
10,1,1024.0,0.5,45,210
10,1,1024.0,2.0,44,210
10,1,1024.0,8.0,45,210
10,1,1024.0,32.0,45,210
10,1,1024.0,128.0,45,210
10,1,1024.0,512.0,45,210
10,1,1024.0,2048.0,45,210
10,1,1024.0,8192.0,45,210
10,1,1024.0,32768.0,45,210
10,1,4096.0,0.03125,46,210
10,1,4096.0,0.125,47,210
10,1,4096.0,0.5,44,210
10,1,4096.0,2.0,43,210
10,1,4096.0,8.0,45,210
10,1,4096.0,32.0,44,210
10,1,4096.0,128.0,45,210
10,1,4096.0,512.0,45,210
10,1,4096.0,2048.0,45,210
10,1,4096.0,8192.0,45,210
10,1,4096.0,32768.0,45,210
10,1,16384.0,0.03125,46,210
10,1,16384.0,0.125,46,210
10,1,16384.0,0.5,46,210
10,1,16384.0,2.0,47,210
10,1,16384.0,8.0,44,210
10,1,16384.0,32.0,43,210
10,1,16384.0,128.0,45,210
10,1,16384.0,512.0,44,210
10,1,16384.0,2048.0,45,210
10,1,16384.0,8192.0,45,210
10,1,16384.0,32768.0,45,210
10,1,65536.0,0.03125,46,210
10,1,65536.0,0.125,45,210
10,1,65536.0,0.5,46,210
10,1,65536.0,2.0,46,210
10,1,65536.0,8.0,46,210
10,1,65536.0,32.0,47,210
10,1,65536.0,128.0,44,210
10,1,65536.0,512.0,43,210
10,1,65536.0,2048.0,45,210
10,1,65536.0,8192.0,44,210
10,1,65536.0,32768.0,45,210
10,2,0.000244140625,0.03125,146,210
10,2,0.000244140625,0.125,146,210
10,2,0.000244140625,0.5,146,210
10,2,0.000244140625,2.0,157,210
10,2,0.000244140625,8.0,172,210
10,2,0.000244140625,32.0,180,210
10,2,0.000244140625,128.0,183,210
10,2,0.000244140625,512.0,184,210
10,2,0.000244140625,2048.0,184,210
10,2,0.000244140625,8192.0,184,210
10,2,0.000244140625,32768.0,184,210
10,2,0.0009765625,0.03125,154,210
10,2,0.0009765625,0.125,156,210
10,2,0.0009765625,0.5,155,210
10,2,0.0009765625,2.0,156,210
10,2,0.0009765625,8.0,156,210
10,2,0.0009765625,32.0,171,210
10,2,0.0009765625,128.0,190,210
10,2,0.0009765625,512.0,194,210
10,2,0.0009765625,2048.0,196,210
10,2,0.0009765625,8192.0,196,210
10,2,0.0009765625,32768.0,196,210
10,2,0.00390625,0.03125,146,210
10,2,0.00390625,0.125,151,210
10,2,0.00390625,0.5,154,210
10,2,0.00390625,2.0,156,210
10,2,0.00390625,8.0,153,210
10,2,0.00390625,32.0,152,210
10,2,0.00390625,128.0,152,210
10,2,0.00390625,512.0,171,210
10,2,0.00390625,2048.0,187,210
10,2,0.00390625,8192.0,189,210
10,2,0.00390625,32768.0,190,210
10,2,0.015625,0.03125,90,210
10,2,0.015625,0.125,96,210
10,2,0.015625,0.5,116,210
10,2,0.015625,2.0,140,210
10,2,0.015625,8.0,145,210
10,2,0.015625,32.0,150,210
10,2,0.015625,128.0,152,210
10,2,0.015625,512.0,151,210
10,2,0.015625,2048.0,153,210
10,2,0.015625,8192.0,171,210
10,2,0.015625,32768.0,186,210
10,2,0.0625,0.03125,60,210
10,2,0.0625,0.125,60,210
10,2,0.0625,0.5,69,210
10,2,0.0625,2.0,79,210
10,2,0.0625,8.0,83,210
10,2,0.0625,32.0,108,210
10,2,0.0625,128.0,132,210
10,2,0.0625,512.0,137,210
10,2,0.0625,2048.0,144,210
10,2,0.0625,8192.0,147,210
10,2,0.0625,32768.0,147,210
10,2,0.25,0.03125,56,210
10,2,0.25,0.125,56,210
10,2,0.25,0.5,56,210
10,2,0.25,2.0,56,210
10,2,0.25,8.0,61,210
10,2,0.25,32.0,68,210
10,2,0.25,128.0,74,210
10,2,0.25,512.0,81,210
10,2,0.25,2048.0,99,210
10,2,0.25,8192.0,122,210
10,2,0.25,32768.0,132,210
10,2,1.0,0.03125,49,210
10,2,1.0,0.125,49,210
10,2,1.0,0.5,49,210
10,2,1.0,2.0,49,210
10,2,1.0,8.0,49,210
10,2,1.0,32.0,49,210
10,2,1.0,128.0,53,210
10,2,1.0,512.0,58,210
10,2,1.0,2048.0,64,210
10,2,1.0,8192.0,75,210
10,2,1.0,32768.0,86,210
10,2,4.0,0.03125,46,210
10,2,4.0,0.125,46,210
10,2,4.0,0.5,46,210
10,2,4.0,2.0,46,210
10,2,4.0,8.0,46,210
10,2,4.0,32.0,46,210
10,2,4.0,128.0,46,210
10,2,4.0,512.0,46,210
10,2,4.0,2048.0,48,210
10,2,4.0,8192.0,56,210
10,2,4.0,32768.0,62,210
10,2,16.0,0.03125,46,210
10,2,16.0,0.125,46,210
10,2,16.0,0.5,46,210
10,2,16.0,2.0,46,210
10,2,16.0,8.0,46,210
10,2,16.0,32.0,46,210
10,2,16.0,128.0,46,210
10,2,16.0,512.0,46,210
10,2,16.0,2048.0,46,210
10,2,16.0,8192.0,46,210
10,2,16.0,32768.0,48,210
10,2,64.0,0.03125,45,210
10,2,64.0,0.125,46,210
10,2,64.0,0.5,45,210
10,2,64.0,2.0,45,210
10,2,64.0,8.0,45,210
10,2,64.0,32.0,45,210
10,2,64.0,128.0,45,210
10,2,64.0,512.0,45,210
10,2,64.0,2048.0,45,210
10,2,64.0,8192.0,45,210
10,2,64.0,32768.0,45,210
10,2,256.0,0.03125,43,210
10,2,256.0,0.125,42,210
10,2,256.0,0.5,45,210
10,2,256.0,2.0,46,210
10,2,256.0,8.0,45,210
10,2,256.0,32.0,46,210
10,2,256.0,128.0,45,210
10,2,256.0,512.0,45,210
10,2,256.0,2048.0,45,210
10,2,256.0,8192.0,45,210
10,2,256.0,32768.0,45,210
10,2,1024.0,0.03125,37,210
10,2,1024.0,0.125,43,210
10,2,1024.0,0.5,43,210
10,2,1024.0,2.0,42,210
10,2,1024.0,8.0,42,210
10,2,1024.0,32.0,44,210
10,2,1024.0,128.0,45,210
10,2,1024.0,512.0,46,210
10,2,1024.0,2048.0,45,210
10,2,1024.0,8192.0,45,210
10,2,1024.0,32768.0,45,210
10,2,4096.0,0.03125,37,210
10,2,4096.0,0.125,40,210
10,2,4096.0,0.5,37,210
10,2,4096.0,2.0,43,210
10,2,4096.0,8.0,43,210
10,2,4096.0,32.0,42,210
10,2,4096.0,128.0,42,210
10,2,4096.0,512.0,42,210
10,2,4096.0,2048.0,45,210
10,2,4096.0,8192.0,46,210
10,2,4096.0,32768.0,45,210
10,2,16384.0,0.03125,37,210
10,2,16384.0,0.125,37,210
10,2,16384.0,0.5,37,210
10,2,16384.0,2.0,40,210
10,2,16384.0,8.0,37,210
10,2,16384.0,32.0,43,210
10,2,16384.0,128.0,43,210
10,2,16384.0,512.0,42,210
10,2,16384.0,2048.0,42,210
10,2,16384.0,8192.0,42,210
10,2,16384.0,32768.0,42,210
10,2,65536.0,0.03125,36,210
10,2,65536.0,0.125,37,210
10,2,65536.0,0.5,37,210
10,2,65536.0,2.0,37,210
10,2,65536.0,8.0,37,210
10,2,65536.0,32.0,40,210
10,2,65536.0,128.0,38,210
10,2,65536.0,512.0,43,210
10,2,65536.0,2048.0,43,210
10,2,65536.0,8192.0,44,210
10,2,65536.0,32768.0,42,210
10,3,0.000244140625,0.03125,150,210
10,3,0.000244140625,0.125,147,210
10,3,0.000244140625,0.5,148,210
10,3,0.000244140625,2.0,153,210
10,3,0.000244140625,8.0,167,210
10,3,0.000244140625,32.0,179,210
10,3,0.000244140625,128.0,180,210
10,3,0.000244140625,512.0,180,210
10,3,0.000244140625,2048.0,180,210
10,3,0.000244140625,8192.0,180,210
10,3,0.000244140625,32768.0,180,210
10,3,0.0009765625,0.03125,161,210
10,3,0.0009765625,0.125,159,210
10,3,0.0009765625,0.5,158,210
10,3,0.0009765625,2.0,158,210
10,3,0.0009765625,8.0,157,210
10,3,0.0009765625,32.0,162,210
10,3,0.0009765625,128.0,179,210
10,3,0.0009765625,512.0,189,210
10,3,0.0009765625,2048.0,189,210
10,3,0.0009765625,8192.0,190,210
10,3,0.0009765625,32768.0,190,210
10,3,0.00390625,0.03125,143,210
10,3,0.00390625,0.125,161,210
10,3,0.00390625,0.5,159,210
10,3,0.00390625,2.0,159,210
10,3,0.00390625,8.0,161,210
10,3,0.00390625,32.0,160,210
10,3,0.00390625,128.0,161,210
10,3,0.00390625,512.0,169,210
10,3,0.00390625,2048.0,190,210
10,3,0.00390625,8192.0,192,210
10,3,0.00390625,32768.0,191,210
10,3,0.015625,0.03125,102,210
10,3,0.015625,0.125,105,210
10,3,0.015625,0.5,126,210
10,3,0.015625,2.0,140,210
10,3,0.015625,8.0,152,210
10,3,0.015625,32.0,158,210
10,3,0.015625,128.0,159,210
10,3,0.015625,512.0,157,210
10,3,0.015625,2048.0,157,210
10,3,0.015625,8192.0,163,210
10,3,0.015625,32768.0,183,210
10,3,0.0625,0.03125,65,210
10,3,0.0625,0.125,65,210
10,3,0.0625,0.5,83,210
10,3,0.0625,2.0,90,210
10,3,0.0625,8.0,94,210
10,3,0.0625,32.0,113,210
10,3,0.0625,128.0,130,210
10,3,0.0625,512.0,141,210
10,3,0.0625,2048.0,153,210
10,3,0.0625,8192.0,156,210
10,3,0.0625,32768.0,155,210
10,3,0.25,0.03125,54,210
10,3,0.25,0.125,54,210
10,3,0.25,0.5,54,210
10,3,0.25,2.0,54,210
10,3,0.25,8.0,66,210
10,3,0.25,32.0,68,210
10,3,0.25,128.0,79,210
10,3,0.25,512.0,94,210
10,3,0.25,2048.0,101,210
10,3,0.25,8192.0,115,210
10,3,0.25,32768.0,135,210
10,3,1.0,0.03125,49,210
10,3,1.0,0.125,49,210
10,3,1.0,0.5,49,210
10,3,1.0,2.0,49,210
10,3,1.0,8.0,49,210
10,3,1.0,32.0,49,210
10,3,1.0,128.0,58,210
10,3,1.0,512.0,62,210
10,3,1.0,2048.0,68,210
10,3,1.0,8192.0,83,210
10,3,1.0,32768.0,89,210
10,3,4.0,0.03125,42,210
10,3,4.0,0.125,42,210
10,3,4.0,0.5,42,210
10,3,4.0,2.0,42,210
10,3,4.0,8.0,42,210
10,3,4.0,32.0,42,210
10,3,4.0,128.0,42,210
10,3,4.0,512.0,42,210
10,3,4.0,2048.0,49,210
10,3,4.0,8192.0,54,210
10,3,4.0,32768.0,59,210
10,3,16.0,0.03125,42,210
10,3,16.0,0.125,42,210
10,3,16.0,0.5,42,210
10,3,16.0,2.0,42,210
10,3,16.0,8.0,42,210
10,3,16.0,32.0,42,210
10,3,16.0,128.0,42,210
10,3,16.0,512.0,42,210
10,3,16.0,2048.0,42,210
10,3,16.0,8192.0,42,210
10,3,16.0,32768.0,49,210
10,3,64.0,0.03125,41,210
10,3,64.0,0.125,42,210
10,3,64.0,0.5,42,210
10,3,64.0,2.0,42,210
10,3,64.0,8.0,42,210
10,3,64.0,32.0,42,210
10,3,64.0,128.0,42,210
10,3,64.0,512.0,42,210
10,3,64.0,2048.0,42,210
10,3,64.0,8192.0,42,210
10,3,64.0,32768.0,42,210
10,3,256.0,0.03125,43,210
10,3,256.0,0.125,41,210
10,3,256.0,0.5,41,210
10,3,256.0,2.0,42,210
10,3,256.0,8.0,43,210
10,3,256.0,32.0,42,210
10,3,256.0,128.0,42,210
10,3,256.0,512.0,42,210
10,3,256.0,2048.0,42,210
10,3,256.0,8192.0,42,210
10,3,256.0,32768.0,42,210
10,3,1024.0,0.03125,42,210
10,3,1024.0,0.125,42,210
10,3,1024.0,0.5,43,210
10,3,1024.0,2.0,41,210
10,3,1024.0,8.0,42,210
10,3,1024.0,32.0,42,210
10,3,1024.0,128.0,43,210
10,3,1024.0,512.0,43,210
10,3,1024.0,2048.0,42,210
10,3,1024.0,8192.0,42,210
10,3,1024.0,32768.0,42,210
10,3,4096.0,0.03125,38,210
10,3,4096.0,0.125,39,210
10,3,4096.0,0.5,42,210
10,3,4096.0,2.0,42,210
10,3,4096.0,8.0,43,210
10,3,4096.0,32.0,41,210
10,3,4096.0,128.0,42,210
10,3,4096.0,512.0,42,210
10,3,4096.0,2048.0,43,210
10,3,4096.0,8192.0,41,210
10,3,4096.0,32768.0,43,210
10,3,16384.0,0.03125,38,210
10,3,16384.0,0.125,38,210
10,3,16384.0,0.5,38,210
10,3,16384.0,2.0,39,210
10,3,16384.0,8.0,42,210
10,3,16384.0,32.0,42,210
10,3,16384.0,128.0,43,210
10,3,16384.0,512.0,41,210
10,3,16384.0,2048.0,42,210
10,3,16384.0,8192.0,42,210
10,3,16384.0,32768.0,43,210
10,3,65536.0,0.03125,37,210
10,3,65536.0,0.125,38,210
10,3,65536.0,0.5,38,210
10,3,65536.0,2.0,38,210
10,3,65536.0,8.0,38,210
10,3,65536.0,32.0,39,210
10,3,65536.0,128.0,42,210
10,3,65536.0,512.0,42,210
10,3,65536.0,2048.0,43,210
10,3,65536.0,8192.0,41,210
10,3,65536.0,32768.0,42,210
10,4,0.000244140625,0.03125,141,210
10,4,0.000244140625,0.125,141,210
10,4,0.000244140625,0.5,141,210
10,4,0.000244140625,2.0,150,210
10,4,0.000244140625,8.0,166,210
10,4,0.000244140625,32.0,172,210
10,4,0.000244140625,128.0,174,210
10,4,0.000244140625,512.0,177,210
10,4,0.000244140625,2048.0,176,210
10,4,0.000244140625,8192.0,176,210
10,4,0.000244140625,32768.0,176,210
10,4,0.0009765625,0.03125,146,210
10,4,0.0009765625,0.125,147,210
10,4,0.0009765625,0.5,145,210
10,4,0.0009765625,2.0,145,210
10,4,0.0009765625,8.0,144,210
10,4,0.0009765625,32.0,159,210
10,4,0.0009765625,128.0,174,210
10,4,0.0009765625,512.0,181,210
10,4,0.0009765625,2048.0,182,210
10,4,0.0009765625,8192.0,184,210
10,4,0.0009765625,32768.0,184,210
10,4,0.00390625,0.03125,137,210
10,4,0.00390625,0.125,150,210
10,4,0.00390625,0.5,147,210
10,4,0.00390625,2.0,147,210
10,4,0.00390625,8.0,148,210
10,4,0.00390625,32.0,147,210
10,4,0.00390625,128.0,147,210
10,4,0.00390625,512.0,162,210
10,4,0.00390625,2048.0,177,210
10,4,0.00390625,8192.0,179,210
10,4,0.00390625,32768.0,182,210
10,4,0.015625,0.03125,83,210
10,4,0.015625,0.125,86,210
10,4,0.015625,0.5,114,210
10,4,0.015625,2.0,126,210
10,4,0.015625,8.0,147,210
10,4,0.015625,32.0,150,210
10,4,0.015625,128.0,145,210
10,4,0.015625,512.0,148,210
10,4,0.015625,2048.0,148,210
10,4,0.015625,8192.0,163,210
10,4,0.015625,32768.0,178,210
10,4,0.0625,0.03125,65,210
10,4,0.0625,0.125,65,210
10,4,0.0625,0.5,69,210
10,4,0.0625,2.0,77,210
10,4,0.0625,8.0,82,210
10,4,0.0625,32.0,98,210
10,4,0.0625,128.0,119,210
10,4,0.0625,512.0,134,210
10,4,0.0625,2048.0,142,210
10,4,0.0625,8192.0,146,210
10,4,0.0625,32768.0,146,210
10,4,0.25,0.03125,57,210
10,4,0.25,0.125,57,210
10,4,0.25,0.5,57,210
10,4,0.25,2.0,57,210
10,4,0.25,8.0,58,210
10,4,0.25,32.0,63,210
10,4,0.25,128.0,68,210
10,4,0.25,512.0,76,210
10,4,0.25,2048.0,93,210
10,4,0.25,8192.0,101,210
10,4,0.25,32768.0,122,210
10,4,1.0,0.03125,49,210
10,4,1.0,0.125,49,210
10,4,1.0,0.5,49,210
10,4,1.0,2.0,49,210
10,4,1.0,8.0,49,210
10,4,1.0,32.0,49,210
10,4,1.0,128.0,49,210
10,4,1.0,512.0,55,210
10,4,1.0,2048.0,58,210
10,4,1.0,8192.0,71,210
10,4,1.0,32768.0,76,210
10,4,4.0,0.03125,41,210
10,4,4.0,0.125,41,210
10,4,4.0,0.5,41,210
10,4,4.0,2.0,41,210
10,4,4.0,8.0,41,210
10,4,4.0,32.0,41,210
10,4,4.0,128.0,41,210
10,4,4.0,512.0,41,210
10,4,4.0,2048.0,41,210
10,4,4.0,8192.0,49,210
10,4,4.0,32768.0,54,210
10,4,16.0,0.03125,38,210
10,4,16.0,0.125,38,210
10,4,16.0,0.5,38,210
10,4,16.0,2.0,38,210
10,4,16.0,8.0,38,210
10,4,16.0,32.0,38,210
10,4,16.0,128.0,38,210
10,4,16.0,512.0,38,210
10,4,16.0,2048.0,38,210
10,4,16.0,8192.0,38,210
10,4,16.0,32768.0,38,210
10,4,64.0,0.03125,38,210
10,4,64.0,0.125,39,210
10,4,64.0,0.5,38,210
10,4,64.0,2.0,38,210
10,4,64.0,8.0,38,210
10,4,64.0,32.0,38,210
10,4,64.0,128.0,38,210
10,4,64.0,512.0,38,210
10,4,64.0,2048.0,38,210
10,4,64.0,8192.0,38,210
10,4,64.0,32768.0,38,210
10,4,256.0,0.03125,38,210
10,4,256.0,0.125,37,210
10,4,256.0,0.5,39,210
10,4,256.0,2.0,39,210
10,4,256.0,8.0,39,210
10,4,256.0,32.0,39,210
10,4,256.0,128.0,38,210
10,4,256.0,512.0,38,210
10,4,256.0,2048.0,38,210
10,4,256.0,8192.0,38,210
10,4,256.0,32768.0,38,210
10,4,1024.0,0.03125,40,210
10,4,1024.0,0.125,38,210
10,4,1024.0,0.5,38,210
10,4,1024.0,2.0,37,210
10,4,1024.0,8.0,39,210
10,4,1024.0,32.0,39,210
10,4,1024.0,128.0,37,210
10,4,1024.0,512.0,37,210
10,4,1024.0,2048.0,38,210
10,4,1024.0,8192.0,38,210
10,4,1024.0,32768.0,38,210
10,4,4096.0,0.03125,34,210
10,4,4096.0,0.125,37,210
10,4,4096.0,0.5,40,210
10,4,4096.0,2.0,38,210
10,4,4096.0,8.0,38,210
10,4,4096.0,32.0,37,210
10,4,4096.0,128.0,39,210
10,4,4096.0,512.0,39,210
10,4,4096.0,2048.0,37,210
10,4,4096.0,8192.0,37,210
10,4,4096.0,32768.0,38,210
10,4,16384.0,0.03125,34,210
10,4,16384.0,0.125,34,210
10,4,16384.0,0.5,34,210
10,4,16384.0,2.0,37,210
10,4,16384.0,8.0,40,210
10,4,16384.0,32.0,38,210
10,4,16384.0,128.0,38,210
10,4,16384.0,512.0,37,210
10,4,16384.0,2048.0,39,210
10,4,16384.0,8192.0,39,210
10,4,16384.0,32768.0,37,210
10,4,65536.0,0.03125,35,210
10,4,65536.0,0.125,34,210
10,4,65536.0,0.5,34,210
10,4,65536.0,2.0,34,210
10,4,65536.0,8.0,34,210
10,4,65536.0,32.0,37,210
10,4,65536.0,128.0,40,210
10,4,65536.0,512.0,38,210
10,4,65536.0,2048.0,38,210
10,4,65536.0,8192.0,37,210
10,4,65536.0,32768.0,39,210
10,5,0.000244140625,0.03125,152,210
10,5,0.000244140625,0.125,152,210
10,5,0.000244140625,0.5,153,210
10,5,0.000244140625,2.0,159,210
10,5,0.000244140625,8.0,166,210
10,5,0.000244140625,32.0,177,210
10,5,0.000244140625,128.0,180,210
10,5,0.000244140625,512.0,181,210
10,5,0.000244140625,2048.0,182,210
10,5,0.000244140625,8192.0,182,210
10,5,0.000244140625,32768.0,182,210
10,5,0.0009765625,0.03125,153,210
10,5,0.0009765625,0.125,153,210
10,5,0.0009765625,0.5,151,210
10,5,0.0009765625,2.0,151,210
10,5,0.0009765625,8.0,151,210
10,5,0.0009765625,32.0,160,210
10,5,0.0009765625,128.0,171,210
10,5,0.0009765625,512.0,178,210
10,5,0.0009765625,2048.0,180,210
10,5,0.0009765625,8192.0,184,210
10,5,0.0009765625,32768.0,184,210
10,5,0.00390625,0.03125,136,210
10,5,0.00390625,0.125,151,210
10,5,0.00390625,0.5,154,210
10,5,0.00390625,2.0,151,210
10,5,0.00390625,8.0,150,210
10,5,0.00390625,32.0,150,210
10,5,0.00390625,128.0,151,210
10,5,0.00390625,512.0,161,210
10,5,0.00390625,2048.0,178,210
10,5,0.00390625,8192.0,182,210
10,5,0.00390625,32768.0,184,210
10,5,0.015625,0.03125,82,210
10,5,0.015625,0.125,85,210
10,5,0.015625,0.5,109,210
10,5,0.015625,2.0,125,210
10,5,0.015625,8.0,141,210
10,5,0.015625,32.0,152,210
10,5,0.015625,128.0,152,210
10,5,0.015625,512.0,151,210
10,5,0.015625,2048.0,151,210
10,5,0.015625,8192.0,159,210
10,5,0.015625,32768.0,178,210
10,5,0.0625,0.03125,64,210
10,5,0.0625,0.125,64,210
10,5,0.0625,0.5,71,210
10,5,0.0625,2.0,75,210
10,5,0.0625,8.0,79,210
10,5,0.0625,32.0,87,210
10,5,0.0625,128.0,122,210
10,5,0.0625,512.0,138,210
10,5,0.0625,2048.0,145,210
10,5,0.0625,8192.0,151,210
10,5,0.0625,32768.0,150,210
10,5,0.25,0.03125,58,210
10,5,0.25,0.125,58,210
10,5,0.25,0.5,58,210
10,5,0.25,2.0,63,210
10,5,0.25,8.0,66,210
10,5,0.25,32.0,68,210
10,5,0.25,128.0,74,210
10,5,0.25,512.0,80,210
10,5,0.25,2048.0,92,210
10,5,0.25,8192.0,112,210
10,5,0.25,32768.0,131,210
10,5,1.0,0.03125,54,210
10,5,1.0,0.125,54,210
10,5,1.0,0.5,54,210
10,5,1.0,2.0,54,210
10,5,1.0,8.0,54,210
10,5,1.0,32.0,58,210
10,5,1.0,128.0,60,210
10,5,1.0,512.0,64,210
10,5,1.0,2048.0,63,210
10,5,1.0,8192.0,69,210
10,5,1.0,32768.0,80,210
10,5,4.0,0.03125,51,210
10,5,4.0,0.125,51,210
10,5,4.0,0.5,51,210
10,5,4.0,2.0,51,210
10,5,4.0,8.0,51,210
10,5,4.0,32.0,51,210
10,5,4.0,128.0,51,210
10,5,4.0,512.0,55,210
10,5,4.0,2048.0,55,210
10,5,4.0,8192.0,59,210
10,5,4.0,32768.0,61,210
10,5,16.0,0.03125,50,210
10,5,16.0,0.125,50,210
10,5,16.0,0.5,50,210
10,5,16.0,2.0,50,210
10,5,16.0,8.0,50,210
10,5,16.0,32.0,50,210
10,5,16.0,128.0,50,210
10,5,16.0,512.0,50,210
10,5,16.0,2048.0,50,210
10,5,16.0,8192.0,54,210
10,5,16.0,32768.0,55,210
10,5,64.0,0.03125,49,210
10,5,64.0,0.125,50,210
10,5,64.0,0.5,50,210
10,5,64.0,2.0,50,210
10,5,64.0,8.0,50,210
10,5,64.0,32.0,50,210
10,5,64.0,128.0,50,210
10,5,64.0,512.0,50,210
10,5,64.0,2048.0,50,210
10,5,64.0,8192.0,50,210
10,5,64.0,32768.0,50,210
10,5,256.0,0.03125,48,210
10,5,256.0,0.125,49,210
10,5,256.0,0.5,48,210
10,5,256.0,2.0,47,210
10,5,256.0,8.0,49,210
10,5,256.0,32.0,50,210
10,5,256.0,128.0,50,210
10,5,256.0,512.0,50,210
10,5,256.0,2048.0,50,210
10,5,256.0,8192.0,50,210
10,5,256.0,32768.0,50,210
10,5,1024.0,0.03125,48,210
10,5,1024.0,0.125,48,210
10,5,1024.0,0.5,48,210
10,5,1024.0,2.0,49,210
10,5,1024.0,8.0,47,210
10,5,1024.0,32.0,47,210
10,5,1024.0,128.0,49,210
10,5,1024.0,512.0,50,210
10,5,1024.0,2048.0,50,210
10,5,1024.0,8192.0,50,210
10,5,1024.0,32768.0,50,210
10,5,4096.0,0.03125,43,210
10,5,4096.0,0.125,46,210
10,5,4096.0,0.5,48,210
10,5,4096.0,2.0,48,210
10,5,4096.0,8.0,48,210
10,5,4096.0,32.0,49,210
10,5,4096.0,128.0,47,210
10,5,4096.0,512.0,47,210
10,5,4096.0,2048.0,49,210
10,5,4096.0,8192.0,48,210
10,5,4096.0,32768.0,50,210
10,5,16384.0,0.03125,43,210
10,5,16384.0,0.125,43,210
10,5,16384.0,0.5,43,210
10,5,16384.0,2.0,46,210
10,5,16384.0,8.0,48,210
10,5,16384.0,32.0,48,210
10,5,16384.0,128.0,48,210
10,5,16384.0,512.0,49,210
10,5,16384.0,2048.0,47,210
10,5,16384.0,8192.0,47,210
10,5,16384.0,32768.0,48,210
10,5,65536.0,0.03125,43,210
10,5,65536.0,0.125,43,210
10,5,65536.0,0.5,43,210
10,5,65536.0,2.0,43,210
10,5,65536.0,8.0,43,210
10,5,65536.0,32.0,46,210
10,5,65536.0,128.0,48,210
10,5,65536.0,512.0,48,210
10,5,65536.0,2048.0,48,210
10,5,65536.0,8192.0,49,210
10,5,65536.0,32768.0,47,210
10,6,0.000244140625,0.03125,154,210
10,6,0.000244140625,0.125,155,210
10,6,0.000244140625,0.5,155,210
10,6,0.000244140625,2.0,160,210
10,6,0.000244140625,8.0,171,210
10,6,0.000244140625,32.0,180,210
10,6,0.000244140625,128.0,181,210
10,6,0.000244140625,512.0,180,210
10,6,0.000244140625,2048.0,180,210
10,6,0.000244140625,8192.0,180,210
10,6,0.000244140625,32768.0,180,210
10,6,0.0009765625,0.03125,159,210
10,6,0.0009765625,0.125,158,210
10,6,0.0009765625,0.5,156,210
10,6,0.0009765625,2.0,157,210
10,6,0.0009765625,8.0,155,210
10,6,0.0009765625,32.0,161,210
10,6,0.0009765625,128.0,181,210
10,6,0.0009765625,512.0,186,210
10,6,0.0009765625,2048.0,189,210
10,6,0.0009765625,8192.0,188,210
10,6,0.0009765625,32768.0,188,210
10,6,0.00390625,0.03125,140,210
10,6,0.00390625,0.125,158,210
10,6,0.00390625,0.5,163,210
10,6,0.00390625,2.0,161,210
10,6,0.00390625,8.0,158,210
10,6,0.00390625,32.0,157,210
10,6,0.00390625,128.0,158,210
10,6,0.00390625,512.0,166,210
10,6,0.00390625,2048.0,185,210
10,6,0.00390625,8192.0,189,210
10,6,0.00390625,32768.0,189,210
10,6,0.015625,0.03125,90,210
10,6,0.015625,0.125,100,210
10,6,0.015625,0.5,120,210
10,6,0.015625,2.0,129,210
10,6,0.015625,8.0,144,210
10,6,0.015625,32.0,157,210
10,6,0.015625,128.0,160,210
10,6,0.015625,512.0,159,210
10,6,0.015625,2048.0,159,210
10,6,0.015625,8192.0,168,210
10,6,0.015625,32768.0,184,210
10,6,0.0625,0.03125,63,210
10,6,0.0625,0.125,63,210
10,6,0.0625,0.5,76,210
10,6,0.0625,2.0,81,210
10,6,0.0625,8.0,88,210
10,6,0.0625,32.0,98,210
10,6,0.0625,128.0,130,210
10,6,0.0625,512.0,142,210
10,6,0.0625,2048.0,147,210
10,6,0.0625,8192.0,153,210
10,6,0.0625,32768.0,159,210
10,6,0.25,0.03125,59,210
10,6,0.25,0.125,59,210
10,6,0.25,0.5,59,210
10,6,0.25,2.0,59,210
10,6,0.25,8.0,68,210
10,6,0.25,32.0,69,210
10,6,0.25,128.0,78,210
10,6,0.25,512.0,89,210
10,6,0.25,2048.0,95,210
10,6,0.25,8192.0,117,210
10,6,0.25,32768.0,134,210
10,6,1.0,0.03125,50,210
10,6,1.0,0.125,50,210
10,6,1.0,0.5,50,210
10,6,1.0,2.0,50,210
10,6,1.0,8.0,50,210
10,6,1.0,32.0,50,210
10,6,1.0,128.0,56,210
10,6,1.0,512.0,62,210
10,6,1.0,2048.0,64,210
10,6,1.0,8192.0,80,210
10,6,1.0,32768.0,85,210
10,6,4.0,0.03125,44,210
10,6,4.0,0.125,44,210
10,6,4.0,0.5,44,210
10,6,4.0,2.0,44,210
10,6,4.0,8.0,44,210
10,6,4.0,32.0,44,210
10,6,4.0,128.0,44,210
10,6,4.0,512.0,44,210
10,6,4.0,2048.0,51,210
10,6,4.0,8192.0,56,210
10,6,4.0,32768.0,58,210
10,6,16.0,0.03125,44,210
10,6,16.0,0.125,44,210
10,6,16.0,0.5,44,210
10,6,16.0,2.0,44,210
10,6,16.0,8.0,44,210
10,6,16.0,32.0,44,210
10,6,16.0,128.0,44,210
10,6,16.0,512.0,44,210
10,6,16.0,2048.0,44,210
10,6,16.0,8192.0,44,210
10,6,16.0,32768.0,51,210
10,6,64.0,0.03125,43,210
10,6,64.0,0.125,43,210
10,6,64.0,0.5,43,210
10,6,64.0,2.0,43,210
10,6,64.0,8.0,43,210
10,6,64.0,32.0,43,210
10,6,64.0,128.0,43,210
10,6,64.0,512.0,43,210
10,6,64.0,2048.0,43,210
10,6,64.0,8192.0,43,210
10,6,64.0,32768.0,43,210
10,6,256.0,0.03125,41,210
10,6,256.0,0.125,42,210
10,6,256.0,0.5,42,210
10,6,256.0,2.0,41,210
10,6,256.0,8.0,43,210
10,6,256.0,32.0,43,210
10,6,256.0,128.0,43,210
10,6,256.0,512.0,43,210
10,6,256.0,2048.0,43,210
10,6,256.0,8192.0,43,210
10,6,256.0,32768.0,43,210
10,6,1024.0,0.03125,41,210
10,6,1024.0,0.125,42,210
10,6,1024.0,0.5,41,210
10,6,1024.0,2.0,42,210
10,6,1024.0,8.0,42,210
10,6,1024.0,32.0,42,210
10,6,1024.0,128.0,43,210
10,6,1024.0,512.0,43,210
10,6,1024.0,2048.0,43,210
10,6,1024.0,8192.0,43,210
10,6,1024.0,32768.0,43,210
10,6,4096.0,0.03125,37,210
10,6,4096.0,0.125,39,210
10,6,4096.0,0.5,41,210
10,6,4096.0,2.0,42,210
10,6,4096.0,8.0,41,210
10,6,4096.0,32.0,42,210
10,6,4096.0,128.0,42,210
10,6,4096.0,512.0,42,210
10,6,4096.0,2048.0,42,210
10,6,4096.0,8192.0,42,210
10,6,4096.0,32768.0,43,210
10,6,16384.0,0.03125,37,210
10,6,16384.0,0.125,37,210
10,6,16384.0,0.5,37,210
10,6,16384.0,2.0,39,210
10,6,16384.0,8.0,41,210
10,6,16384.0,32.0,42,210
10,6,16384.0,128.0,41,210
10,6,16384.0,512.0,42,210
10,6,16384.0,2048.0,42,210
10,6,16384.0,8192.0,42,210
10,6,16384.0,32768.0,42,210
10,6,65536.0,0.03125,38,210
10,6,65536.0,0.125,36,210
10,6,65536.0,0.5,37,210
10,6,65536.0,2.0,37,210
10,6,65536.0,8.0,37,210
10,6,65536.0,32.0,39,210
10,6,65536.0,128.0,41,210
10,6,65536.0,512.0,42,210
10,6,65536.0,2048.0,41,210
10,6,65536.0,8192.0,42,210
10,6,65536.0,32768.0,42,210
10,7,0.000244140625,0.03125,148,210
10,7,0.000244140625,0.125,149,210
10,7,0.000244140625,0.5,149,210
10,7,0.000244140625,2.0,163,210
10,7,0.000244140625,8.0,171,210
10,7,0.000244140625,32.0,179,210
10,7,0.000244140625,128.0,180,210
10,7,0.000244140625,512.0,181,210
10,7,0.000244140625,2048.0,181,210
10,7,0.000244140625,8192.0,181,210
10,7,0.000244140625,32768.0,181,210
10,7,0.0009765625,0.03125,152,210
10,7,0.0009765625,0.125,150,210
10,7,0.0009765625,0.5,151,210
10,7,0.0009765625,2.0,151,210
10,7,0.0009765625,8.0,152,210
10,7,0.0009765625,32.0,168,210
10,7,0.0009765625,128.0,181,210
10,7,0.0009765625,512.0,185,210
10,7,0.0009765625,2048.0,187,210
10,7,0.0009765625,8192.0,189,210
10,7,0.0009765625,32768.0,189,210
10,7,0.00390625,0.03125,143,210
10,7,0.00390625,0.125,150,210
10,7,0.00390625,0.5,153,210
10,7,0.00390625,2.0,151,210
10,7,0.00390625,8.0,149,210
10,7,0.00390625,32.0,150,210
10,7,0.00390625,128.0,150,210
10,7,0.00390625,512.0,171,210
10,7,0.00390625,2048.0,184,210
10,7,0.00390625,8192.0,187,210
10,7,0.00390625,32768.0,187,210
10,7,0.015625,0.03125,85,210
10,7,0.015625,0.125,90,210
10,7,0.015625,0.5,114,210
10,7,0.015625,2.0,126,210
10,7,0.015625,8.0,142,210
10,7,0.015625,32.0,148,210
10,7,0.015625,128.0,149,210
10,7,0.015625,512.0,150,210
10,7,0.015625,2048.0,151,210
10,7,0.015625,8192.0,166,210
10,7,0.015625,32768.0,186,210
10,7,0.0625,0.03125,64,210
10,7,0.0625,0.125,64,210
10,7,0.0625,0.5,66,210
10,7,0.0625,2.0,76,210
10,7,0.0625,8.0,79,210
10,7,0.0625,32.0,99,210
10,7,0.0625,128.0,124,210
10,7,0.0625,512.0,133,210
10,7,0.0625,2048.0,141,210
10,7,0.0625,8192.0,146,210
10,7,0.0625,32768.0,148,210
10,7,0.25,0.03125,59,210
10,7,0.25,0.125,59,210
10,7,0.25,0.5,59,210
10,7,0.25,2.0,59,210
10,7,0.25,8.0,60,210
10,7,0.25,32.0,62,210
10,7,0.25,128.0,71,210
10,7,0.25,512.0,70,210
10,7,0.25,2048.0,95,210
10,7,0.25,8192.0,120,210
10,7,0.25,32768.0,127,210
10,7,1.0,0.03125,50,210
10,7,1.0,0.125,50,210
10,7,1.0,0.5,50,210
10,7,1.0,2.0,50,210
10,7,1.0,8.0,50,210
10,7,1.0,32.0,50,210
10,7,1.0,128.0,50,210
10,7,1.0,512.0,51,210
10,7,1.0,2048.0,58,210
10,7,1.0,8192.0,65,210
10,7,1.0,32768.0,69,210
10,7,4.0,0.03125,46,210
10,7,4.0,0.125,46,210
10,7,4.0,0.5,46,210
10,7,4.0,2.0,46,210
10,7,4.0,8.0,46,210
10,7,4.0,32.0,46,210
10,7,4.0,128.0,46,210
10,7,4.0,512.0,46,210
10,7,4.0,2048.0,46,210
10,7,4.0,8192.0,49,210
10,7,4.0,32768.0,52,210
10,7,16.0,0.03125,45,210
10,7,16.0,0.125,45,210
10,7,16.0,0.5,45,210
10,7,16.0,2.0,45,210
10,7,16.0,8.0,45,210
10,7,16.0,32.0,45,210
10,7,16.0,128.0,45,210
10,7,16.0,512.0,45,210
10,7,16.0,2048.0,45,210
10,7,16.0,8192.0,45,210
10,7,16.0,32768.0,45,210
10,7,64.0,0.03125,45,210
10,7,64.0,0.125,45,210
10,7,64.0,0.5,45,210
10,7,64.0,2.0,45,210
10,7,64.0,8.0,45,210
10,7,64.0,32.0,45,210
10,7,64.0,128.0,45,210
10,7,64.0,512.0,45,210
10,7,64.0,2048.0,45,210
10,7,64.0,8192.0,45,210
10,7,64.0,32768.0,45,210
10,7,256.0,0.03125,44,210
10,7,256.0,0.125,41,210
10,7,256.0,0.5,45,210
10,7,256.0,2.0,44,210
10,7,256.0,8.0,45,210
10,7,256.0,32.0,45,210
10,7,256.0,128.0,45,210
10,7,256.0,512.0,45,210
10,7,256.0,2048.0,45,210
10,7,256.0,8192.0,45,210
10,7,256.0,32768.0,45,210
10,7,1024.0,0.03125,41,210
10,7,1024.0,0.125,43,210
10,7,1024.0,0.5,44,210
10,7,1024.0,2.0,41,210
10,7,1024.0,8.0,44,210
10,7,1024.0,32.0,41,210
10,7,1024.0,128.0,45,210
10,7,1024.0,512.0,45,210
10,7,1024.0,2048.0,45,210
10,7,1024.0,8192.0,45,210
10,7,1024.0,32768.0,45,210
10,7,4096.0,0.03125,38,210
10,7,4096.0,0.125,39,210
10,7,4096.0,0.5,41,210
10,7,4096.0,2.0,43,210
10,7,4096.0,8.0,44,210
10,7,4096.0,32.0,41,210
10,7,4096.0,128.0,44,210
10,7,4096.0,512.0,41,210
10,7,4096.0,2048.0,44,210
10,7,4096.0,8192.0,42,210
10,7,4096.0,32768.0,44,210
10,7,16384.0,0.03125,38,210
10,7,16384.0,0.125,38,210
10,7,16384.0,0.5,38,210
10,7,16384.0,2.0,39,210
10,7,16384.0,8.0,41,210
10,7,16384.0,32.0,43,210
10,7,16384.0,128.0,44,210
10,7,16384.0,512.0,41,210
10,7,16384.0,2048.0,44,210
10,7,16384.0,8192.0,41,210
10,7,16384.0,32768.0,44,210
10,7,65536.0,0.03125,37,210
10,7,65536.0,0.125,37,210
10,7,65536.0,0.5,38,210
10,7,65536.0,2.0,38,210
10,7,65536.0,8.0,38,210
10,7,65536.0,32.0,39,210
10,7,65536.0,128.0,41,210
10,7,65536.0,512.0,43,210
10,7,65536.0,2048.0,44,210
10,7,65536.0,8192.0,41,210
10,7,65536.0,32768.0,44,210
10,8,0.000244140625,0.03125,144,210
10,8,0.000244140625,0.125,143,210
10,8,0.000244140625,0.5,143,210
10,8,0.000244140625,2.0,154,210
10,8,0.000244140625,8.0,162,210
10,8,0.000244140625,32.0,176,210
10,8,0.000244140625,128.0,179,210
10,8,0.000244140625,512.0,179,210
10,8,0.000244140625,2048.0,178,210
10,8,0.000244140625,8192.0,178,210
10,8,0.000244140625,32768.0,178,210
10,8,0.0009765625,0.03125,154,210
10,8,0.0009765625,0.125,154,210
10,8,0.0009765625,0.5,154,210
10,8,0.0009765625,2.0,150,210
10,8,0.0009765625,8.0,150,210
10,8,0.0009765625,32.0,163,210
10,8,0.0009765625,128.0,180,210
10,8,0.0009765625,512.0,187,210
10,8,0.0009765625,2048.0,187,210
10,8,0.0009765625,8192.0,188,210
10,8,0.0009765625,32768.0,189,210
10,8,0.00390625,0.03125,134,210
10,8,0.00390625,0.125,153,210
10,8,0.00390625,0.5,157,210
10,8,0.00390625,2.0,155,210
10,8,0.00390625,8.0,153,210
10,8,0.00390625,32.0,154,210
10,8,0.00390625,128.0,156,210
10,8,0.00390625,512.0,169,210
10,8,0.00390625,2048.0,186,210
10,8,0.00390625,8192.0,189,210
10,8,0.00390625,32768.0,191,210
10,8,0.015625,0.03125,83,210
10,8,0.015625,0.125,88,210
10,8,0.015625,0.5,116,210
10,8,0.015625,2.0,128,210
10,8,0.015625,8.0,138,210
10,8,0.015625,32.0,149,210
10,8,0.015625,128.0,147,210
10,8,0.015625,512.0,149,210
10,8,0.015625,2048.0,150,210
10,8,0.015625,8192.0,166,210
10,8,0.015625,32768.0,187,210
10,8,0.0625,0.03125,59,210
10,8,0.0625,0.125,60,210
10,8,0.0625,0.5,69,210
10,8,0.0625,2.0,77,210
10,8,0.0625,8.0,77,210
10,8,0.0625,32.0,102,210
10,8,0.0625,128.0,122,210
10,8,0.0625,512.0,135,210
10,8,0.0625,2048.0,139,210
10,8,0.0625,8192.0,147,210
10,8,0.0625,32768.0,145,210
10,8,0.25,0.03125,53,210
10,8,0.25,0.125,53,210
10,8,0.25,0.5,53,210
10,8,0.25,2.0,53,210
10,8,0.25,8.0,57,210
10,8,0.25,32.0,66,210
10,8,0.25,128.0,68,210
10,8,0.25,512.0,71,210
10,8,0.25,2048.0,89,210
10,8,0.25,8192.0,117,210
10,8,0.25,32768.0,130,210
10,8,1.0,0.03125,47,210
10,8,1.0,0.125,47,210
10,8,1.0,0.5,47,210
10,8,1.0,2.0,47,210
10,8,1.0,8.0,47,210
10,8,1.0,32.0,47,210
10,8,1.0,128.0,50,210
10,8,1.0,512.0,63,210
10,8,1.0,2048.0,64,210
10,8,1.0,8192.0,68,210
10,8,1.0,32768.0,71,210
10,8,4.0,0.03125,43,210
10,8,4.0,0.125,43,210
10,8,4.0,0.5,43,210
10,8,4.0,2.0,43,210
10,8,4.0,8.0,43,210
10,8,4.0,32.0,43,210
10,8,4.0,128.0,43,210
10,8,4.0,512.0,43,210
10,8,4.0,2048.0,43,210
10,8,4.0,8192.0,54,210
10,8,4.0,32768.0,57,210
10,8,16.0,0.03125,43,210
10,8,16.0,0.125,43,210
10,8,16.0,0.5,43,210
10,8,16.0,2.0,43,210
10,8,16.0,8.0,43,210
10,8,16.0,32.0,43,210
10,8,16.0,128.0,43,210
10,8,16.0,512.0,43,210
10,8,16.0,2048.0,43,210
10,8,16.0,8192.0,43,210
10,8,16.0,32768.0,43,210
10,8,64.0,0.03125,43,210
10,8,64.0,0.125,45,210
10,8,64.0,0.5,43,210
10,8,64.0,2.0,43,210
10,8,64.0,8.0,43,210
10,8,64.0,32.0,43,210
10,8,64.0,128.0,43,210
10,8,64.0,512.0,43,210
10,8,64.0,2048.0,43,210
10,8,64.0,8192.0,43,210
10,8,64.0,32768.0,43,210
10,8,256.0,0.03125,42,210
10,8,256.0,0.125,42,210
10,8,256.0,0.5,43,210
10,8,256.0,2.0,44,210
10,8,256.0,8.0,43,210
10,8,256.0,32.0,43,210
10,8,256.0,128.0,43,210
10,8,256.0,512.0,43,210
10,8,256.0,2048.0,43,210
10,8,256.0,8192.0,43,210
10,8,256.0,32768.0,43,210
10,8,1024.0,0.03125,42,210
10,8,1024.0,0.125,41,210
10,8,1024.0,0.5,42,210
10,8,1024.0,2.0,42,210
10,8,1024.0,8.0,43,210
10,8,1024.0,32.0,44,210
10,8,1024.0,128.0,43,210
10,8,1024.0,512.0,43,210
10,8,1024.0,2048.0,44,210
10,8,1024.0,8192.0,43,210
10,8,1024.0,32768.0,43,210
10,8,4096.0,0.03125,41,210
10,8,4096.0,0.125,43,210
10,8,4096.0,0.5,42,210
10,8,4096.0,2.0,41,210
10,8,4096.0,8.0,42,210
10,8,4096.0,32.0,42,210
10,8,4096.0,128.0,43,210
10,8,4096.0,512.0,44,210
10,8,4096.0,2048.0,42,210
10,8,4096.0,8192.0,43,210
10,8,4096.0,32768.0,44,210
10,8,16384.0,0.03125,41,210
10,8,16384.0,0.125,41,210
10,8,16384.0,0.5,41,210
10,8,16384.0,2.0,43,210
10,8,16384.0,8.0,42,210
10,8,16384.0,32.0,41,210
10,8,16384.0,128.0,42,210
10,8,16384.0,512.0,42,210
10,8,16384.0,2048.0,43,210
10,8,16384.0,8192.0,44,210
10,8,16384.0,32768.0,43,210
10,8,65536.0,0.03125,38,210
10,8,65536.0,0.125,38,210
10,8,65536.0,0.5,41,210
10,8,65536.0,2.0,41,210
10,8,65536.0,8.0,41,210
10,8,65536.0,32.0,43,210
10,8,65536.0,128.0,42,210
10,8,65536.0,512.0,41,210
10,8,65536.0,2048.0,42,210
10,8,65536.0,8192.0,42,210
10,8,65536.0,32768.0,43,210
10,9,0.000244140625,0.03125,144,210
10,9,0.000244140625,0.125,143,210
10,9,0.000244140625,0.5,143,210
10,9,0.000244140625,2.0,149,210
10,9,0.000244140625,8.0,166,210
10,9,0.000244140625,32.0,175,210
10,9,0.000244140625,128.0,178,210
10,9,0.000244140625,512.0,177,210
10,9,0.000244140625,2048.0,175,210
10,9,0.000244140625,8192.0,175,210
10,9,0.000244140625,32768.0,175,210
10,9,0.0009765625,0.03125,146,210
10,9,0.0009765625,0.125,144,210
10,9,0.0009765625,0.5,141,210
10,9,0.0009765625,2.0,143,210
10,9,0.0009765625,8.0,144,210
10,9,0.0009765625,32.0,153,210
10,9,0.0009765625,128.0,176,210
10,9,0.0009765625,512.0,180,210
10,9,0.0009765625,2048.0,182,210
10,9,0.0009765625,8192.0,183,210
10,9,0.0009765625,32768.0,181,210
10,9,0.00390625,0.03125,137,210
10,9,0.00390625,0.125,150,210
10,9,0.00390625,0.5,150,210
10,9,0.00390625,2.0,147,210
10,9,0.00390625,8.0,148,210
10,9,0.00390625,32.0,151,210
10,9,0.00390625,128.0,151,210
10,9,0.00390625,512.0,161,210
10,9,0.00390625,2048.0,184,210
10,9,0.00390625,8192.0,185,210
10,9,0.00390625,32768.0,186,210
10,9,0.015625,0.03125,88,210
10,9,0.015625,0.125,96,210
10,9,0.015625,0.5,114,210
10,9,0.015625,2.0,131,210
10,9,0.015625,8.0,144,210
10,9,0.015625,32.0,150,210
10,9,0.015625,128.0,144,210
10,9,0.015625,512.0,146,210
10,9,0.015625,2048.0,147,210
10,9,0.015625,8192.0,161,210
10,9,0.015625,32768.0,183,210
10,9,0.0625,0.03125,67,210
10,9,0.0625,0.125,67,210
10,9,0.0625,0.5,73,210
10,9,0.0625,2.0,83,210
10,9,0.0625,8.0,91,210
10,9,0.0625,32.0,104,210
10,9,0.0625,128.0,122,210
10,9,0.0625,512.0,134,210
10,9,0.0625,2048.0,143,210
10,9,0.0625,8192.0,145,210
10,9,0.0625,32768.0,144,210
10,9,0.25,0.03125,56,210
10,9,0.25,0.125,56,210
10,9,0.25,0.5,56,210
10,9,0.25,2.0,56,210
10,9,0.25,8.0,62,210
10,9,0.25,32.0,64,210
10,9,0.25,128.0,74,210
10,9,0.25,512.0,80,210
10,9,0.25,2048.0,95,210
10,9,0.25,8192.0,114,210
10,9,0.25,32768.0,124,210
10,9,1.0,0.03125,50,210
10,9,1.0,0.125,50,210
10,9,1.0,0.5,50,210
10,9,1.0,2.0,50,210
10,9,1.0,8.0,50,210
10,9,1.0,32.0,50,210
10,9,1.0,128.0,55,210
10,9,1.0,512.0,57,210
10,9,1.0,2048.0,67,210
10,9,1.0,8192.0,74,210
10,9,1.0,32768.0,79,210
10,9,4.0,0.03125,48,210
10,9,4.0,0.125,48,210
10,9,4.0,0.5,48,210
10,9,4.0,2.0,48,210
10,9,4.0,8.0,48,210
10,9,4.0,32.0,48,210
10,9,4.0,128.0,48,210
10,9,4.0,512.0,48,210
10,9,4.0,2048.0,53,210
10,9,4.0,8192.0,54,210
10,9,4.0,32768.0,61,210
10,9,16.0,0.03125,48,210
10,9,16.0,0.125,48,210
10,9,16.0,0.5,48,210
10,9,16.0,2.0,48,210
10,9,16.0,8.0,48,210
10,9,16.0,32.0,48,210
10,9,16.0,128.0,48,210
10,9,16.0,512.0,48,210
10,9,16.0,2048.0,48,210
10,9,16.0,8192.0,48,210
10,9,16.0,32768.0,53,210
10,9,64.0,0.03125,46,210
10,9,64.0,0.125,47,210
10,9,64.0,0.5,47,210
10,9,64.0,2.0,47,210
10,9,64.0,8.0,47,210
10,9,64.0,32.0,47,210
10,9,64.0,128.0,47,210
10,9,64.0,512.0,47,210
10,9,64.0,2048.0,47,210
10,9,64.0,8192.0,47,210
10,9,64.0,32768.0,47,210
10,9,256.0,0.03125,44,210
10,9,256.0,0.125,46,210
10,9,256.0,0.5,44,210
10,9,256.0,2.0,45,210
10,9,256.0,8.0,47,210
10,9,256.0,32.0,47,210
10,9,256.0,128.0,47,210
10,9,256.0,512.0,47,210
10,9,256.0,2048.0,47,210
10,9,256.0,8192.0,47,210
10,9,256.0,32768.0,47,210
10,9,1024.0,0.03125,41,210
10,9,1024.0,0.125,46,210
10,9,1024.0,0.5,44,210
10,9,1024.0,2.0,46,210
10,9,1024.0,8.0,44,210
10,9,1024.0,32.0,44,210
10,9,1024.0,128.0,47,210
10,9,1024.0,512.0,47,210
10,9,1024.0,2048.0,47,210
10,9,1024.0,8192.0,47,210
10,9,1024.0,32768.0,47,210
10,9,4096.0,0.03125,40,210
10,9,4096.0,0.125,44,210
10,9,4096.0,0.5,41,210
10,9,4096.0,2.0,46,210
10,9,4096.0,8.0,44,210
10,9,4096.0,32.0,46,210
10,9,4096.0,128.0,44,210
10,9,4096.0,512.0,44,210
10,9,4096.0,2048.0,46,210
10,9,4096.0,8192.0,47,210
10,9,4096.0,32768.0,47,210
10,9,16384.0,0.03125,39,210
10,9,16384.0,0.125,40,210
10,9,16384.0,0.5,40,210
10,9,16384.0,2.0,44,210
10,9,16384.0,8.0,41,210
10,9,16384.0,32.0,46,210
10,9,16384.0,128.0,44,210
10,9,16384.0,512.0,46,210
10,9,16384.0,2048.0,44,210
10,9,16384.0,8192.0,44,210
10,9,16384.0,32768.0,46,210
10,9,65536.0,0.03125,38,210
10,9,65536.0,0.125,40,210
10,9,65536.0,0.5,40,210
10,9,65536.0,2.0,40,210
10,9,65536.0,8.0,40,210
10,9,65536.0,32.0,44,210
10,9,65536.0,128.0,41,210
10,9,65536.0,512.0,46,210
10,9,65536.0,2048.0,44,210
10,9,65536.0,8192.0,46,210
10,9,65536.0,32768.0,44,210
10,10,0.000244140625,0.03125,148,210
10,10,0.000244140625,0.125,148,210
10,10,0.000244140625,0.5,147,210
10,10,0.000244140625,2.0,156,210
10,10,0.000244140625,8.0,173,210
10,10,0.000244140625,32.0,178,210
10,10,0.000244140625,128.0,180,210
10,10,0.000244140625,512.0,182,210
10,10,0.000244140625,2048.0,182,210
10,10,0.000244140625,8192.0,182,210
10,10,0.000244140625,32768.0,182,210
10,10,0.0009765625,0.03125,151,210
10,10,0.0009765625,0.125,150,210
10,10,0.0009765625,0.5,150,210
10,10,0.0009765625,2.0,148,210
10,10,0.0009765625,8.0,149,210
10,10,0.0009765625,32.0,161,210
10,10,0.0009765625,128.0,180,210
10,10,0.0009765625,512.0,184,210
10,10,0.0009765625,2048.0,184,210
10,10,0.0009765625,8192.0,187,210
10,10,0.0009765625,32768.0,187,210
10,10,0.00390625,0.03125,135,210
10,10,0.00390625,0.125,150,210
10,10,0.00390625,0.5,151,210
10,10,0.00390625,2.0,152,210
10,10,0.00390625,8.0,152,210
10,10,0.00390625,32.0,151,210
10,10,0.00390625,128.0,150,210
10,10,0.00390625,512.0,165,210
10,10,0.00390625,2048.0,182,210
10,10,0.00390625,8192.0,185,210
10,10,0.00390625,32768.0,186,210
10,10,0.015625,0.03125,91,210
10,10,0.015625,0.125,94,210
10,10,0.015625,0.5,112,210
10,10,0.015625,2.0,128,210
10,10,0.015625,8.0,145,210
10,10,0.015625,32.0,149,210
10,10,0.015625,128.0,150,210
10,10,0.015625,512.0,149,210
10,10,0.015625,2048.0,148,210
10,10,0.015625,8192.0,163,210
10,10,0.015625,32768.0,181,210
10,10,0.0625,0.03125,63,210
10,10,0.0625,0.125,63,210
10,10,0.0625,0.5,70,210
10,10,0.0625,2.0,77,210
10,10,0.0625,8.0,78,210
10,10,0.0625,32.0,93,210
10,10,0.0625,128.0,120,210
10,10,0.0625,512.0,131,210
10,10,0.0625,2048.0,136,210
10,10,0.0625,8192.0,146,210
10,10,0.0625,32768.0,145,210
10,10,0.25,0.03125,58,210
10,10,0.25,0.125,58,210
10,10,0.25,0.5,58,210
10,10,0.25,2.0,58,210
10,10,0.25,8.0,62,210
10,10,0.25,32.0,69,210
10,10,0.25,128.0,73,210
10,10,0.25,512.0,75,210
10,10,0.25,2048.0,81,210
10,10,0.25,8192.0,114,210
10,10,0.25,32768.0,128,210
10,10,1.0,0.03125,46,210
10,10,1.0,0.125,46,210
10,10,1.0,0.5,46,210
10,10,1.0,2.0,46,210
10,10,1.0,8.0,46,210
10,10,1.0,32.0,46,210
10,10,1.0,128.0,50,210
10,10,1.0,512.0,53,210
10,10,1.0,2048.0,56,210
10,10,1.0,8192.0,65,210
10,10,1.0,32768.0,67,210
10,10,4.0,0.03125,46,210
10,10,4.0,0.125,46,210
10,10,4.0,0.5,46,210
10,10,4.0,2.0,46,210
10,10,4.0,8.0,46,210
10,10,4.0,32.0,46,210
10,10,4.0,128.0,46,210
10,10,4.0,512.0,46,210
10,10,4.0,2048.0,49,210
10,10,4.0,8192.0,53,210
10,10,4.0,32768.0,55,210
10,10,16.0,0.03125,45,210
10,10,16.0,0.125,45,210
10,10,16.0,0.5,45,210
10,10,16.0,2.0,45,210
10,10,16.0,8.0,45,210
10,10,16.0,32.0,45,210
10,10,16.0,128.0,45,210
10,10,16.0,512.0,45,210
10,10,16.0,2048.0,45,210
10,10,16.0,8192.0,45,210
10,10,16.0,32768.0,48,210
10,10,64.0,0.03125,43,210
10,10,64.0,0.125,44,210
10,10,64.0,0.5,44,210
10,10,64.0,2.0,44,210
10,10,64.0,8.0,44,210
10,10,64.0,32.0,44,210
10,10,64.0,128.0,44,210
10,10,64.0,512.0,44,210
10,10,64.0,2048.0,44,210
10,10,64.0,8192.0,44,210
10,10,64.0,32768.0,44,210
10,10,256.0,0.03125,38,210
10,10,256.0,0.125,40,210
10,10,256.0,0.5,41,210
10,10,256.0,2.0,43,210
10,10,256.0,8.0,44,210
10,10,256.0,32.0,44,210
10,10,256.0,128.0,44,210
10,10,256.0,512.0,44,210
10,10,256.0,2048.0,44,210
10,10,256.0,8192.0,44,210
10,10,256.0,32768.0,44,210
10,10,1024.0,0.03125,41,210
10,10,1024.0,0.125,40,210
10,10,1024.0,0.5,38,210
10,10,1024.0,2.0,40,210
10,10,1024.0,8.0,40,210
10,10,1024.0,32.0,41,210
10,10,1024.0,128.0,43,210
10,10,1024.0,512.0,44,210
10,10,1024.0,2048.0,44,210
10,10,1024.0,8192.0,44,210
10,10,1024.0,32768.0,44,210
10,10,4096.0,0.03125,38,210
10,10,4096.0,0.125,40,210
10,10,4096.0,0.5,41,210
10,10,4096.0,2.0,40,210
10,10,4096.0,8.0,38,210
10,10,4096.0,32.0,40,210
10,10,4096.0,128.0,40,210
10,10,4096.0,512.0,40,210
10,10,4096.0,2048.0,41,210
10,10,4096.0,8192.0,43,210
10,10,4096.0,32768.0,44,210
10,10,16384.0,0.03125,38,210
10,10,16384.0,0.125,38,210
10,10,16384.0,0.5,38,210
10,10,16384.0,2.0,40,210
10,10,16384.0,8.0,41,210
10,10,16384.0,32.0,40,210
10,10,16384.0,128.0,38,210
10,10,16384.0,512.0,40,210
10,10,16384.0,2048.0,40,210
10,10,16384.0,8192.0,39,210
10,10,16384.0,32768.0,40,210
10,10,65536.0,0.03125,37,210
10,10,65536.0,0.125,37,210
10,10,65536.0,0.5,38,210
10,10,65536.0,2.0,38,210
10,10,65536.0,8.0,38,210
10,10,65536.0,32.0,40,210
10,10,65536.0,128.0,41,210
10,10,65536.0,512.0,40,210
10,10,65536.0,2048.0,38,210
10,10,65536.0,8192.0,40,210
10,10,65536.0,32768.0,40,210
