hks_index,repetition,shape_id,true_class,predicted_class
1,1,5,1,1
1,1,9,1,1
1,1,11,1,1
1,1,15,1,1
1,1,17,1,1
1,1,19,1,1
1,1,20,2,2
1,1,22,2,2
1,1,24,2,2
1,1,26,2,2
1,1,34,2,7
1,1,38,2,2
1,1,41,3,3
1,1,42,3,3
1,1,46,3,8
1,1,49,3,3
1,1,53,3,3
1,1,54,3,3
1,1,63,4,4
1,1,65,4,4
1,1,70,4,4
1,1,74,4,4
1,1,75,4,4
1,1,79,4,4
1,1,82,5,5
1,1,87,5,5
1,1,89,5,5
1,1,92,5,5
1,1,94,5,5
1,1,98,5,5
1,1,101,6,6
1,1,103,6,6
1,1,108,6,6
1,1,109,6,6
1,1,114,6,6
1,1,116,6,6
1,1,120,7,7
1,1,121,7,2
1,1,128,7,7
1,1,132,7,7
1,1,134,7,7
1,1,138,7,7
1,1,147,8,8
1,1,150,8,8
1,1,152,8,8
1,1,153,8,8
1,1,155,8,3
1,1,159,8,8
1,1,160,9,9
1,1,163,9,9
1,1,164,9,9
1,1,168,9,9
1,1,169,9,9
1,1,175,9,9
1,1,187,10,10
1,1,188,10,10
1,1,190,10,10
1,1,192,10,10
1,1,194,10,10
1,1,197,10,10
1,1,200,11,11
1,1,204,11,11
1,1,210,11,11
1,1,212,11,11
1,1,214,11,11
1,1,216,11,11
1,1,221,12,12
1,1,226,12,12
1,1,228,12,12
1,1,233,12,12
1,1,237,12,12
1,1,239,12,12
1,1,244,13,13
1,1,246,13,13
1,1,249,13,13
1,1,251,13,13
1,1,252,13,13
1,1,255,13,13
1,1,260,14,14
1,1,263,14,14
1,1,265,14,14
1,1,269,14,14
1,1,273,14,14
1,1,278,14,14
1,1,280,15,15
1,1,283,15,15
1,1,290,15,15
1,1,295,15,15
1,1,297,15,15
1,1,299,15,15
1,2,4,1,1
1,2,7,1,1
1,2,11,1,1
1,2,15,1,1
1,2,16,1,1
1,2,17,1,1
1,2,20,2,2
1,2,24,2,2
1,2,26,2,2
1,2,31,2,2
1,2,38,2,2
1,2,39,2,2
1,2,41,3,3
1,2,42,3,3
1,2,46,3,8
1,2,51,3,3
1,2,52,3,3
1,2,56,3,3
1,2,61,4,9
1,2,64,4,4
1,2,66,4,4
1,2,68,4,4
1,2,70,4,4
1,2,79,4,4
1,2,81,5,5
1,2,82,5,5
1,2,84,5,5
1,2,88,5,5
1,2,89,5,5
1,2,95,5,5
1,2,101,6,6
1,2,103,6,6
1,2,107,6,6
1,2,109,6,6
1,2,110,6,6
1,2,115,6,6
1,2,121,7,2
1,2,124,7,7
1,2,125,7,7
1,2,128,7,7
1,2,131,7,7
1,2,136,7,7
1,2,143,8,8
1,2,150,8,8
1,2,153,8,8
1,2,155,8,3
1,2,156,8,8
1,2,158,8,8
1,2,162,9,9
1,2,167,9,9
1,2,171,9,9
1,2,175,9,9
1,2,177,9,9
1,2,178,9,9
1,2,182,10,10
1,2,188,10,10
1,2,191,10,10
1,2,195,10,10
1,2,198,10,10
1,2,199,10,10
1,2,203,11,11
1,2,206,11,11
1,2,207,11,11
1,2,214,11,11
1,2,215,11,11
1,2,219,11,11
1,2,223,12,12
1,2,224,12,12
1,2,228,12,12
1,2,229,12,12
1,2,230,12,12
1,2,236,12,12
1,2,245,13,13
1,2,252,13,13
1,2,253,13,13
1,2,256,13,13
1,2,257,13,13
1,2,258,13,13
1,2,260,14,14
1,2,262,14,14
1,2,267,14,14
1,2,270,14,14
1,2,271,14,14
1,2,277,14,14
1,2,280,15,15
1,2,283,15,15
1,2,284,15,15
1,2,294,15,15
1,2,298,15,15
1,2,299,15,15
1,3,10,1,1
1,3,13,1,1
1,3,14,1,1
1,3,15,1,1
1,3,16,1,1
1,3,19,1,1
1,3,20,2,2
1,3,23,2,2
1,3,24,2,2
1,3,26,2,2
1,3,34,2,7
1,3,35,2,7
1,3,40,3,3
1,3,46,3,8
1,3,47,3,3
1,3,50,3,3
1,3,55,3,3
1,3,57,3,3
1,3,62,4,4
1,3,70,4,4
1,3,73,4,4
1,3,74,4,4
1,3,76,4,4
1,3,78,4,4
1,3,80,5,5
1,3,81,5,5
1,3,89,5,5
1,3,94,5,5
1,3,97,5,5
1,3,98,5,5
1,3,100,6,6
1,3,104,6,6
1,3,105,6,6
1,3,107,6,6
1,3,109,6,6
1,3,111,6,6
1,3,122,7,7
1,3,123,7,7
1,3,130,7,7
1,3,131,7,7
1,3,132,7,7
1,3,136,7,7
1,3,142,8,8
1,3,144,8,8
1,3,145,8,8
1,3,148,8,8
1,3,150,8,8
1,3,159,8,8
1,3,160,9,9
1,3,163,9,9
1,3,168,9,9
1,3,173,9,9
1,3,175,9,9
1,3,177,9,9
1,3,182,10,10
1,3,184,10,10
1,3,185,10,10
1,3,186,10,10
1,3,191,10,10
1,3,194,10,10
1,3,201,11,11
1,3,206,11,11
1,3,210,11,11
1,3,212,11,11
1,3,216,11,11
1,3,219,11,11
1,3,220,12,12
1,3,222,12,12
1,3,226,12,12
1,3,227,12,12
1,3,232,12,12
1,3,233,12,12
1,3,241,13,13
1,3,247,13,13
1,3,248,13,13
1,3,252,13,13
1,3,254,13,13
1,3,258,13,13
1,3,260,14,14
1,3,261,14,14
1,3,263,14,14
1,3,265,14,14
1,3,276,14,14
1,3,277,14,14
1,3,282,15,15
1,3,284,15,15
1,3,290,15,15
1,3,292,15,15
1,3,296,15,15
1,3,297,15,15
1,4,4,1,6
1,4,8,1,1
1,4,10,1,1
1,4,11,1,1
1,4,12,1,1
1,4,15,1,1
1,4,22,2,2
1,4,24,2,2
1,4,27,2,2
1,4,29,2,2
1,4,30,2,2
1,4,37,2,2
1,4,44,3,3
1,4,48,3,3
1,4,50,3,3
1,4,55,3,3
1,4,57,3,3
1,4,59,3,3
1,4,70,4,4
1,4,72,4,4
1,4,73,4,4
1,4,74,4,4
1,4,76,4,4
1,4,79,4,4
1,4,82,5,5
1,4,90,5,5
1,4,92,5,5
1,4,93,5,5
1,4,98,5,5
1,4,99,5,5
1,4,106,6,6
1,4,108,6,6
1,4,110,6,6
1,4,111,6,6
1,4,113,6,6
1,4,116,6,6
1,4,122,7,7
1,4,123,7,7
1,4,128,7,7
1,4,133,7,7
1,4,137,7,7
1,4,138,7,7
1,4,141,8,8
1,4,142,8,8
1,4,144,8,8
1,4,149,8,8
1,4,152,8,8
1,4,156,8,8
1,4,161,9,9
1,4,173,9,9
1,4,175,9,9
1,4,176,9,9
1,4,178,9,9
1,4,179,9,9
1,4,180,10,10
1,4,188,10,10
1,4,192,10,10
1,4,193,10,10
1,4,194,10,10
1,4,197,10,10
1,4,204,11,11
1,4,207,11,11
1,4,209,11,11
1,4,210,11,11
1,4,214,11,11
1,4,218,11,11
1,4,220,12,12
1,4,221,12,12
1,4,222,12,12
1,4,232,12,12
1,4,236,12,12
1,4,237,12,12
1,4,243,13,13
1,4,244,13,13
1,4,245,13,13
1,4,246,13,13
1,4,250,13,13
1,4,253,13,13
1,4,261,14,14
1,4,263,14,14
1,4,267,14,14
1,4,270,14,14
1,4,271,14,14
1,4,272,14,14
1,4,280,15,15
1,4,281,15,15
1,4,283,15,15
1,4,288,15,15
1,4,292,15,15
1,4,299,15,15
1,5,2,1,1
1,5,3,1,1
1,5,6,1,1
1,5,7,1,1
1,5,10,1,1
1,5,18,1,1
1,5,23,2,2
1,5,27,2,2
1,5,28,2,2
1,5,31,2,2
1,5,37,2,2
1,5,39,2,2
1,5,43,3,3
1,5,46,3,8
1,5,48,3,8
1,5,49,3,3
1,5,57,3,3
1,5,58,3,3
1,5,60,4,4
1,5,61,4,6
1,5,66,4,4
1,5,71,4,4
1,5,74,4,4
1,5,75,4,4
1,5,83,5,5
1,5,85,5,5
1,5,86,5,5
1,5,90,5,5
1,5,93,5,5
1,5,97,5,5
1,5,106,6,6
1,5,109,6,6
1,5,110,6,6
1,5,113,6,6
1,5,114,6,6
1,5,118,6,6
1,5,124,7,7
1,5,125,7,2
1,5,127,7,7
1,5,135,7,7
1,5,136,7,7
1,5,137,7,7
1,5,146,8,8
1,5,150,8,8
1,5,153,8,8
1,5,157,8,8
1,5,158,8,8
1,5,159,8,8
1,5,160,9,9
1,5,162,9,9
1,5,164,9,9
1,5,168,9,9
1,5,175,9,9
1,5,177,9,4
1,5,184,10,10
1,5,193,10,10
1,5,194,10,10
1,5,196,10,10
1,5,197,10,10
1,5,199,10,10
1,5,200,11,11
1,5,202,11,11
1,5,209,11,11
1,5,210,11,11
1,5,212,11,11
1,5,213,11,11
1,5,220,12,12
1,5,222,12,12
1,5,228,12,12
1,5,231,12,12
1,5,232,12,12
1,5,239,12,12
1,5,240,13,13
1,5,243,13,13
1,5,247,13,13
1,5,256,13,13
1,5,257,13,13
1,5,259,13,13
1,5,264,14,14
1,5,265,14,14
1,5,272,14,14
1,5,276,14,14
1,5,278,14,14
1,5,279,14,14
1,5,280,15,15
1,5,283,15,15
1,5,287,15,15
1,5,289,15,15
1,5,295,15,15
1,5,299,15,15
1,6,1,1,1
1,6,2,1,1
1,6,7,1,1
1,6,10,1,1
1,6,13,1,1
1,6,19,1,1
1,6,20,2,2
1,6,23,2,2
1,6,30,2,2
1,6,32,2,2
1,6,35,2,7
1,6,38,2,2
1,6,40,3,3
1,6,41,3,3
1,6,47,3,3
1,6,48,3,3
1,6,52,3,3
1,6,59,3,3
1,6,60,4,4
1,6,66,4,4
1,6,67,4,4
1,6,71,4,4
1,6,76,4,4
1,6,78,4,4
1,6,86,5,5
1,6,89,5,5
1,6,90,5,5
1,6,91,5,5
1,6,96,5,5
1,6,98,5,5
1,6,102,6,6
1,6,106,6,6
1,6,108,6,6
1,6,114,6,6
1,6,115,6,6
1,6,116,6,6
1,6,125,7,7
1,6,126,7,7
1,6,133,7,7
1,6,134,7,7
1,6,135,7,7
1,6,137,7,7
1,6,140,8,3
1,6,149,8,8
1,6,153,8,8
1,6,157,8,8
1,6,158,8,8
1,6,159,8,8
1,6,164,9,9
1,6,168,9,9
1,6,172,9,9
1,6,173,9,9
1,6,175,9,9
1,6,177,9,9
1,6,182,10,10
1,6,186,10,10
1,6,187,10,10
1,6,189,10,10
1,6,190,10,10
1,6,193,10,10
1,6,203,11,11
1,6,208,11,11
1,6,210,11,11
1,6,212,11,11
1,6,214,11,11
1,6,217,11,11
1,6,220,12,12
1,6,222,12,12
1,6,227,12,12
1,6,228,12,12
1,6,229,12,12
1,6,238,12,12
1,6,240,13,13
1,6,250,13,13
1,6,251,13,13
1,6,254,13,13
1,6,257,13,13
1,6,259,13,13
1,6,262,14,14
1,6,273,14,14
1,6,275,14,14
1,6,276,14,14
1,6,278,14,14
1,6,279,14,14
1,6,283,15,15
1,6,290,15,15
1,6,291,15,15
1,6,292,15,15
1,6,294,15,15
1,6,298,15,15
1,7,1,1,1
1,7,4,1,1
1,7,12,1,1
1,7,14,1,1
1,7,16,1,1
1,7,17,1,1
1,7,20,2,2
1,7,21,2,2
1,7,31,2,2
1,7,33,2,2
1,7,34,2,7
1,7,38,2,2
1,7,41,3,3
1,7,42,3,3
1,7,47,3,3
1,7,54,3,3
1,7,55,3,3
1,7,56,3,3
1,7,60,4,4
1,7,61,4,6
1,7,64,4,4
1,7,65,4,4
1,7,69,4,4
1,7,75,4,4
1,7,82,5,5
1,7,83,5,5
1,7,85,5,5
1,7,86,5,5
1,7,91,5,5
1,7,92,5,5
1,7,101,6,6
1,7,108,6,6
1,7,109,6,6
1,7,110,6,6
1,7,114,6,6
1,7,116,6,6
1,7,121,7,2
1,7,124,7,7
1,7,127,7,7
1,7,128,7,7
1,7,131,7,7
1,7,136,7,7
1,7,141,8,3
1,7,144,8,8
1,7,148,8,8
1,7,151,8,8
1,7,154,8,3
1,7,156,8,8
1,7,163,9,9
1,7,169,9,9
1,7,172,9,9
1,7,174,9,9
1,7,176,9,9
1,7,179,9,9
1,7,180,10,10
1,7,182,10,10
1,7,183,10,10
1,7,186,10,10
1,7,194,10,10
1,7,199,10,10
1,7,201,11,11
1,7,208,11,11
1,7,209,11,11
1,7,210,11,11
1,7,211,11,11
1,7,216,11,11
1,7,223,12,12
1,7,224,12,12
1,7,228,12,12
1,7,230,12,12
1,7,232,12,12
1,7,233,12,12
1,7,245,13,13
1,7,247,13,13
1,7,251,13,13
1,7,252,13,13
1,7,254,13,13
1,7,255,13,13
1,7,260,14,14
1,7,263,14,14
1,7,266,14,14
1,7,267,14,14
1,7,271,14,14
1,7,278,14,14
1,7,280,15,15
1,7,286,15,15
1,7,289,15,15
1,7,293,15,15
1,7,294,15,15
1,7,299,15,15
1,8,1,1,1
1,8,6,1,1
1,8,7,1,1
1,8,9,1,1
1,8,17,1,1
1,8,19,1,1
1,8,26,2,2
1,8,28,2,2
1,8,30,2,2
1,8,31,2,2
1,8,34,2,7
1,8,36,2,2
1,8,40,3,3
1,8,41,3,3
1,8,48,3,3
1,8,49,3,3
1,8,51,3,3
1,8,57,3,3
1,8,61,4,9
1,8,63,4,4
1,8,65,4,4
1,8,66,4,4
1,8,76,4,4
1,8,77,4,4
1,8,80,5,5
1,8,86,5,5
1,8,92,5,5
1,8,95,5,5
1,8,98,5,5
1,8,99,5,5
1,8,100,6,6
1,8,102,6,6
1,8,107,6,6
1,8,109,6,6
1,8,115,6,6
1,8,117,6,6
1,8,120,7,7
1,8,121,7,2
1,8,122,7,7
1,8,126,7,7
1,8,132,7,7
1,8,134,7,7
1,8,141,8,8
1,8,143,8,8
1,8,144,8,8
1,8,152,8,8
1,8,155,8,3
1,8,157,8,8
1,8,162,9,9
1,8,164,9,9
1,8,170,9,9
1,8,174,9,9
1,8,175,9,9
1,8,177,9,9
1,8,181,10,10
1,8,183,10,10
1,8,186,10,10
1,8,188,10,10
1,8,189,10,10
1,8,190,10,10
1,8,202,11,11
1,8,204,11,11
1,8,208,11,11
1,8,209,11,11
1,8,214,11,11
1,8,217,11,11
1,8,224,12,12
1,8,225,12,12
1,8,228,12,12
1,8,229,12,12
1,8,236,12,12
1,8,239,12,12
1,8,241,13,13
1,8,245,13,13
1,8,251,13,13
1,8,252,13,13
1,8,254,13,13
1,8,257,13,13
1,8,264,14,14
1,8,265,14,14
1,8,267,14,14
1,8,269,14,14
1,8,272,14,14
1,8,278,14,14
1,8,280,15,15
1,8,283,15,15
1,8,291,15,15
1,8,292,15,15
1,8,295,15,15
1,8,296,15,15
1,9,1,1,1
1,9,8,1,1
1,9,10,1,1
1,9,11,1,1
1,9,12,1,1
1,9,19,1,1
1,9,21,2,2
1,9,23,2,2
1,9,25,2,2
1,9,32,2,2
1,9,33,2,2
1,9,36,2,2
1,9,46,3,8
1,9,48,3,8
1,9,52,3,3
1,9,53,3,3
1,9,56,3,3
1,9,58,3,3
1,9,62,4,4
1,9,67,4,4
1,9,70,4,4
1,9,73,4,4
1,9,75,4,4
1,9,77,4,4
1,9,85,5,5
1,9,87,5,5
1,9,88,5,10
1,9,89,5,5
1,9,97,5,5
1,9,99,5,5
1,9,105,6,6
1,9,106,6,6
1,9,109,6,6
1,9,110,6,6
1,9,113,6,6
1,9,117,6,6
1,9,120,7,7
1,9,123,7,7
1,9,127,7,7
1,9,135,7,7
1,9,136,7,7
1,9,137,7,7
1,9,142,8,8
1,9,144,8,8
1,9,145,8,8
1,9,146,8,8
1,9,147,8,8
1,9,159,8,8
1,9,163,9,9
1,9,164,9,9
1,9,165,9,9
1,9,166,9,9
1,9,168,9,9
1,9,170,9,9
1,9,180,10,10
1,9,184,10,10
1,9,185,10,10
1,9,192,10,10
1,9,194,10,10
1,9,199,10,10
1,9,202,11,11
1,9,207,11,11
1,9,212,11,11
1,9,213,11,11
1,9,216,11,11
1,9,217,11,11
1,9,221,12,12
1,9,223,12,12
1,9,229,12,12
1,9,232,12,12
1,9,234,12,12
1,9,237,12,12
1,9,243,13,13
1,9,245,13,13
1,9,247,13,13
1,9,250,13,13
1,9,256,13,13
1,9,257,13,13
1,9,262,14,14
1,9,264,14,14
1,9,267,14,14
1,9,268,14,14
1,9,276,14,14
1,9,279,14,14
1,9,281,15,15
1,9,284,15,15
1,9,287,15,15
1,9,291,15,15
1,9,295,15,15
1,9,299,15,15
1,10,0,1,1
1,10,8,1,1
1,10,10,1,1
1,10,11,1,1
1,10,16,1,1
1,10,17,1,1
1,10,21,2,2
1,10,25,2,2
1,10,28,2,2
1,10,36,2,2
1,10,37,2,2
1,10,38,2,2
1,10,40,3,3
1,10,44,3,3
1,10,48,3,3
1,10,49,3,3
1,10,56,3,3
1,10,59,3,3
1,10,66,4,4
1,10,67,4,4
1,10,68,4,4
1,10,74,4,4
1,10,77,4,4
1,10,79,4,4
1,10,83,5,5
1,10,84,5,5
1,10,87,5,5
1,10,90,5,5
1,10,92,5,5
1,10,94,5,5
1,10,104,6,6
1,10,107,6,6
1,10,111,6,6
1,10,112,6,6
1,10,116,6,6
1,10,118,6,6
1,10,120,7,7
1,10,124,7,7
1,10,126,7,7
1,10,127,7,7
1,10,130,7,7
1,10,135,7,7
1,10,142,8,8
1,10,143,8,8
1,10,144,8,8
1,10,145,8,8
1,10,153,8,8
1,10,156,8,8
1,10,163,9,9
1,10,164,9,9
1,10,168,9,9
1,10,173,9,9
1,10,175,9,9
1,10,176,9,9
1,10,181,10,5
1,10,182,10,10
1,10,188,10,10
1,10,193,10,10
1,10,194,10,10
1,10,198,10,10
1,10,200,11,11
1,10,203,11,11
1,10,205,11,11
1,10,207,11,11
1,10,215,11,11
1,10,219,11,11
1,10,220,12,12
1,10,223,12,12
1,10,227,12,12
1,10,229,12,12
1,10,233,12,12
1,10,235,12,12
1,10,242,13,13
1,10,243,13,13
1,10,244,13,13
1,10,246,13,13
1,10,248,13,13
1,10,250,13,13
1,10,261,14,14
1,10,263,14,14
1,10,264,14,14
1,10,265,14,14
1,10,273,14,14
1,10,279,14,14
1,10,280,15,15
1,10,281,15,15
1,10,282,15,15
1,10,285,15,15
1,10,286,15,15
1,10,294,15,15
2,1,5,1,1
2,1,9,1,1
2,1,11,1,1
2,1,15,1,1
2,1,17,1,1
2,1,19,1,1
2,1,20,2,2
2,1,22,2,2
2,1,24,2,2
2,1,26,2,2
2,1,34,2,7
2,1,38,2,2
2,1,41,3,3
2,1,42,3,3
2,1,46,3,3
2,1,49,3,3
2,1,53,3,8
2,1,54,3,3
2,1,63,4,4
2,1,65,4,4
2,1,70,4,4
2,1,74,4,4
2,1,75,4,4
2,1,79,4,4
2,1,82,5,5
2,1,87,5,5
2,1,89,5,5
2,1,92,5,5
2,1,94,5,5
2,1,98,5,5
2,1,101,6,6
2,1,103,6,6
2,1,108,6,6
2,1,109,6,6
2,1,114,6,4
2,1,116,6,6
2,1,120,7,7
2,1,121,7,7
2,1,128,7,7
2,1,132,7,7
2,1,134,7,7
2,1,138,7,7
2,1,147,8,8
2,1,150,8,8
2,1,152,8,8
2,1,153,8,8
2,1,155,8,8
2,1,159,8,8
2,1,160,9,9
2,1,163,9,9
2,1,164,9,9
2,1,168,9,9
2,1,169,9,9
2,1,175,9,9
2,1,187,10,10
2,1,188,10,10
2,1,190,10,10
2,1,192,10,10
2,1,194,10,10
2,1,197,10,10
2,1,200,11,11
2,1,204,11,11
2,1,210,11,11
2,1,212,11,11
2,1,214,11,11
2,1,216,11,11
2,1,221,12,12
2,1,226,12,12
2,1,228,12,12
2,1,233,12,12
2,1,237,12,12
2,1,239,12,12
2,1,244,13,13
2,1,246,13,13
2,1,249,13,13
2,1,251,13,13
2,1,252,13,13
2,1,255,13,13
2,1,260,14,14
2,1,263,14,14
2,1,265,14,14
2,1,269,14,14
2,1,273,14,14
2,1,278,14,14
2,1,280,15,15
2,1,283,15,15
2,1,290,15,15
2,1,295,15,15
2,1,297,15,15
2,1,299,15,15
2,2,4,1,1
2,2,7,1,1
2,2,11,1,1
2,2,15,1,1
2,2,16,1,1
2,2,17,1,1
2,2,20,2,2
2,2,24,2,2
2,2,26,2,2
2,2,31,2,2
2,2,38,2,2
2,2,39,2,2
2,2,41,3,3
2,2,42,3,3
2,2,46,3,8
2,2,51,3,3
2,2,52,3,3
2,2,56,3,3
2,2,61,4,4
2,2,64,4,4
2,2,66,4,4
2,2,68,4,4
2,2,70,4,4
2,2,79,4,4
2,2,81,5,5
2,2,82,5,5
2,2,84,5,5
2,2,88,5,5
2,2,89,5,5
2,2,95,5,5
2,2,101,6,6
2,2,103,6,6
2,2,107,6,6
2,2,109,6,6
2,2,110,6,6
2,2,115,6,6
2,2,121,7,7
2,2,124,7,7
2,2,125,7,7
2,2,128,7,7
2,2,131,7,7
2,2,136,7,7
2,2,143,8,8
2,2,150,8,8
2,2,153,8,8
2,2,155,8,8
2,2,156,8,8
2,2,158,8,8
2,2,162,9,9
2,2,167,9,9
2,2,171,9,9
2,2,175,9,9
2,2,177,9,9
2,2,178,9,9
2,2,182,10,10
2,2,188,10,10
2,2,191,10,10
2,2,195,10,10
2,2,198,10,10
2,2,199,10,10
2,2,203,11,11
2,2,206,11,11
2,2,207,11,11
2,2,214,11,11
2,2,215,11,11
2,2,219,11,11
2,2,223,12,12
2,2,224,12,12
2,2,228,12,12
2,2,229,12,12
2,2,230,12,12
2,2,236,12,12
2,2,245,13,13
2,2,252,13,13
2,2,253,13,13
2,2,256,13,13
2,2,257,13,13
2,2,258,13,13
2,2,260,14,14
2,2,262,14,14
2,2,267,14,14
2,2,270,14,14
2,2,271,14,14
2,2,277,14,14
2,2,280,15,15
2,2,283,15,15
2,2,284,15,15
2,2,294,15,12
2,2,298,15,15
2,2,299,15,15
2,3,10,1,1
2,3,13,1,1
2,3,14,1,1
2,3,15,1,1
2,3,16,1,1
2,3,19,1,1
2,3,20,2,2
2,3,23,2,2
2,3,24,2,2
2,3,26,2,2
2,3,34,2,7
2,3,35,2,2
2,3,40,3,3
2,3,46,3,3
2,3,47,3,3
2,3,50,3,3
2,3,55,3,3
2,3,57,3,3
2,3,62,4,4
2,3,70,4,4
2,3,73,4,4
2,3,74,4,4
2,3,76,4,4
2,3,78,4,4
2,3,80,5,5
2,3,81,5,5
2,3,89,5,5
2,3,94,5,5
2,3,97,5,5
2,3,98,5,5
2,3,100,6,6
2,3,104,6,6
2,3,105,6,6
2,3,107,6,6
2,3,109,6,6
2,3,111,6,6
2,3,122,7,7
2,3,123,7,7
2,3,130,7,7
2,3,131,7,7
2,3,132,7,7
2,3,136,7,7
2,3,142,8,8
2,3,144,8,8
2,3,145,8,8
2,3,148,8,8
2,3,150,8,8
2,3,159,8,8
2,3,160,9,9
2,3,163,9,9
2,3,168,9,9
2,3,173,9,9
2,3,175,9,9
2,3,177,9,9
2,3,182,10,10
2,3,184,10,10
2,3,185,10,10
2,3,186,10,10
2,3,191,10,10
2,3,194,10,10
2,3,201,11,15
2,3,206,11,11
2,3,210,11,11
2,3,212,11,11
2,3,216,11,11
2,3,219,11,11
2,3,220,12,12
2,3,222,12,12
2,3,226,12,13
2,3,227,12,12
2,3,232,12,15
2,3,233,12,12
2,3,241,13,13
2,3,247,13,13
2,3,248,13,13
2,3,252,13,13
2,3,254,13,13
2,3,258,13,13
2,3,260,14,14
2,3,261,14,14
2,3,263,14,14
2,3,265,14,14
2,3,276,14,14
2,3,277,14,14
2,3,282,15,15
2,3,284,15,15
2,3,290,15,15
2,3,292,15,15
2,3,296,15,15
2,3,297,15,15
2,4,4,1,1
2,4,8,1,1
2,4,10,1,1
2,4,11,1,1
2,4,12,1,1
2,4,15,1,1
2,4,22,2,2
2,4,24,2,2
2,4,27,2,2
2,4,29,2,2
2,4,30,2,2
2,4,37,2,2
2,4,44,3,3
2,4,48,3,3
2,4,50,3,3
2,4,55,3,3
2,4,57,3,3
2,4,59,3,3
2,4,70,4,4
2,4,72,4,4
2,4,73,4,4
2,4,74,4,4
2,4,76,4,4
2,4,79,4,4
2,4,82,5,5
2,4,90,5,5
2,4,92,5,5
2,4,93,5,5
2,4,98,5,5
2,4,99,5,5
2,4,106,6,6
2,4,108,6,6
2,4,110,6,6
2,4,111,6,6
2,4,113,6,6
2,4,116,6,6
2,4,122,7,7
2,4,123,7,7
2,4,128,7,7
2,4,133,7,7
2,4,137,7,7
2,4,138,7,7
2,4,141,8,3
2,4,142,8,8
2,4,144,8,8
2,4,149,8,8
2,4,152,8,8
2,4,156,8,8
2,4,161,9,9
2,4,173,9,9
2,4,175,9,9
2,4,176,9,9
2,4,178,9,9
2,4,179,9,9
2,4,180,10,5
2,4,188,10,10
2,4,192,10,10
2,4,193,10,10
2,4,194,10,10
2,4,197,10,10
2,4,204,11,11
2,4,207,11,11
2,4,209,11,11
2,4,210,11,11
2,4,214,11,11
2,4,218,11,11
2,4,220,12,12
2,4,221,12,11
2,4,222,12,12
2,4,232,12,15
2,4,236,12,12
2,4,237,12,12
2,4,243,13,13
2,4,244,13,13
2,4,245,13,13
2,4,246,13,13
2,4,250,13,13
2,4,253,13,13
2,4,261,14,14
2,4,263,14,14
2,4,267,14,14
2,4,270,14,14
2,4,271,14,14
2,4,272,14,14
2,4,280,15,15
2,4,281,15,15
2,4,283,15,15
2,4,288,15,15
2,4,292,15,15
2,4,299,15,15
2,5,2,1,1
2,5,3,1,1
2,5,6,1,1
2,5,7,1,1
2,5,10,1,1
2,5,18,1,1
2,5,23,2,2
2,5,27,2,2
2,5,28,2,2
2,5,31,2,2
2,5,37,2,2
2,5,39,2,2
2,5,43,3,3
2,5,46,3,3
2,5,48,3,3
2,5,49,3,3
2,5,57,3,3
2,5,58,3,3
2,5,60,4,4
2,5,61,4,4
2,5,66,4,4
2,5,71,4,4
2,5,74,4,4
2,5,75,4,4
2,5,83,5,5
2,5,85,5,5
2,5,86,5,5
2,5,90,5,5
2,5,93,5,5
2,5,97,5,5
2,5,106,6,6
2,5,109,6,6
2,5,110,6,6
2,5,113,6,6
2,5,114,6,6
2,5,118,6,6
2,5,124,7,7
2,5,125,7,7
2,5,127,7,7
2,5,135,7,7
2,5,136,7,7
2,5,137,7,7
2,5,146,8,8
2,5,150,8,8
2,5,153,8,8
2,5,157,8,8
2,5,158,8,8
2,5,159,8,8
2,5,160,9,9
2,5,162,9,9
2,5,164,9,9
2,5,168,9,9
2,5,175,9,9
2,5,177,9,9
2,5,184,10,10
2,5,193,10,10
2,5,194,10,10
2,5,196,10,10
2,5,197,10,10
2,5,199,10,10
2,5,200,11,11
2,5,202,11,11
2,5,209,11,11
2,5,210,11,11
2,5,212,11,11
2,5,213,11,11
2,5,220,12,12
2,5,222,12,15
2,5,228,12,12
2,5,231,12,12
2,5,232,12,15
2,5,239,12,12
2,5,240,13,13
2,5,243,13,13
2,5,247,13,13
2,5,256,13,13
2,5,257,13,13
2,5,259,13,13
2,5,264,14,14
2,5,265,14,14
2,5,272,14,14
2,5,276,14,14
2,5,278,14,14
2,5,279,14,14
2,5,280,15,15
2,5,283,15,15
2,5,287,15,15
2,5,289,15,15
2,5,295,15,15
2,5,299,15,15
2,6,1,1,1
2,6,2,1,1
2,6,7,1,1
2,6,10,1,1
2,6,13,1,1
2,6,19,1,1
2,6,20,2,2
2,6,23,2,2
2,6,30,2,2
2,6,32,2,7
2,6,35,2,2
2,6,38,2,2
2,6,40,3,3
2,6,41,3,3
2,6,47,3,3
2,6,48,3,3
2,6,52,3,3
2,6,59,3,3
2,6,60,4,4
2,6,66,4,4
2,6,67,4,4
2,6,71,4,4
2,6,76,4,4
2,6,78,4,4
2,6,86,5,5
2,6,89,5,5
2,6,90,5,5
2,6,91,5,5
2,6,96,5,5
2,6,98,5,5
2,6,102,6,6
2,6,106,6,6
2,6,108,6,6
2,6,114,6,6
2,6,115,6,6
2,6,116,6,6
2,6,125,7,7
2,6,126,7,2
2,6,133,7,7
2,6,134,7,7
2,6,135,7,7
2,6,137,7,7
2,6,140,8,8
2,6,149,8,8
2,6,153,8,8
2,6,157,8,8
2,6,158,8,8
2,6,159,8,8
2,6,164,9,9
2,6,168,9,9
2,6,172,9,9
2,6,173,9,9
2,6,175,9,9
2,6,177,9,9
2,6,182,10,10
2,6,186,10,10
2,6,187,10,10
2,6,189,10,10
2,6,190,10,10
2,6,193,10,10
2,6,203,11,11
2,6,208,11,11
2,6,210,11,11
2,6,212,11,11
2,6,214,11,11
2,6,217,11,11
2,6,220,12,12
2,6,222,12,12
2,6,227,12,12
2,6,228,12,12
2,6,229,12,12
2,6,238,12,12
2,6,240,13,13
2,6,250,13,13
2,6,251,13,13
2,6,254,13,13
2,6,257,13,13
2,6,259,13,13
2,6,262,14,14
2,6,273,14,14
2,6,275,14,14
2,6,276,14,14
2,6,278,14,14
2,6,279,14,14
2,6,283,15,15
2,6,290,15,15
2,6,291,15,12
2,6,292,15,15
2,6,294,15,15
2,6,298,15,15
2,7,1,1,1
2,7,4,1,1
2,7,12,1,1
2,7,14,1,1
2,7,16,1,1
2,7,17,1,1
2,7,20,2,2
2,7,21,2,2
2,7,31,2,2
2,7,33,2,2
2,7,34,2,2
2,7,38,2,2
2,7,41,3,3
2,7,42,3,3
2,7,47,3,3
2,7,54,3,3
2,7,55,3,3
2,7,56,3,3
2,7,60,4,4
2,7,61,4,4
2,7,64,4,4
2,7,65,4,4
2,7,69,4,4
2,7,75,4,4
2,7,82,5,5
2,7,83,5,5
2,7,85,5,5
2,7,86,5,5
2,7,91,5,5
2,7,92,5,5
2,7,101,6,6
2,7,108,6,6
2,7,109,6,6
2,7,110,6,6
2,7,114,6,6
2,7,116,6,6
2,7,121,7,7
2,7,124,7,7
2,7,127,7,7
2,7,128,7,7
2,7,131,7,7
2,7,136,7,7
2,7,141,8,3
2,7,144,8,8
2,7,148,8,8
2,7,151,8,8
2,7,154,8,8
2,7,156,8,8
2,7,163,9,9
2,7,169,9,9
2,7,172,9,9
2,7,174,9,9
2,7,176,9,9
2,7,179,9,9
2,7,180,10,5
2,7,182,10,10
2,7,183,10,10
2,7,186,10,10
2,7,194,10,10
2,7,199,10,10
2,7,201,11,12
2,7,208,11,11
2,7,209,11,11
2,7,210,11,11
2,7,211,11,11
2,7,216,11,11
2,7,223,12,12
2,7,224,12,12
2,7,228,12,12
2,7,230,12,12
2,7,232,12,15
2,7,233,12,12
2,7,245,13,13
2,7,247,13,13
2,7,251,13,13
2,7,252,13,13
2,7,254,13,13
2,7,255,13,13
2,7,260,14,14
2,7,263,14,14
2,7,266,14,14
2,7,267,14,14
2,7,271,14,14
2,7,278,14,14
2,7,280,15,15
2,7,286,15,15
2,7,289,15,15
2,7,293,15,15
2,7,294,15,15
2,7,299,15,15
2,8,1,1,1
2,8,6,1,1
2,8,7,1,1
2,8,9,1,1
2,8,17,1,1
2,8,19,1,1
2,8,26,2,2
2,8,28,2,7
2,8,30,2,2
2,8,31,2,2
2,8,34,2,7
2,8,36,2,2
2,8,40,3,3
2,8,41,3,3
2,8,48,3,3
2,8,49,3,3
2,8,51,3,3
2,8,57,3,3
2,8,61,4,4
2,8,63,4,4
2,8,65,4,4
2,8,66,4,4
2,8,76,4,4
2,8,77,4,4
2,8,80,5,5
2,8,86,5,5
2,8,92,5,5
2,8,95,5,5
2,8,98,5,5
2,8,99,5,5
2,8,100,6,6
2,8,102,6,6
2,8,107,6,6
2,8,109,6,6
2,8,115,6,6
2,8,117,6,6
2,8,120,7,7
2,8,121,7,7
2,8,122,7,7
2,8,126,7,7
2,8,132,7,7
2,8,134,7,7
2,8,141,8,3
2,8,143,8,8
2,8,144,8,8
2,8,152,8,8
2,8,155,8,8
2,8,157,8,8
2,8,162,9,9
2,8,164,9,9
2,8,170,9,9
2,8,174,9,9
2,8,175,9,9
2,8,177,9,9
2,8,181,10,10
2,8,183,10,10
2,8,186,10,10
2,8,188,10,10
2,8,189,10,10
2,8,190,10,10
2,8,202,11,11
2,8,204,11,11
2,8,208,11,11
2,8,209,11,11
2,8,214,11,11
2,8,217,11,11
2,8,224,12,12
2,8,225,12,15
2,8,228,12,12
2,8,229,12,12
2,8,236,12,12
2,8,239,12,12
2,8,241,13,13
2,8,245,13,13
2,8,251,13,13
2,8,252,13,13
2,8,254,13,13
2,8,257,13,13
2,8,264,14,14
2,8,265,14,14
2,8,267,14,14
2,8,269,14,14
2,8,272,14,14
2,8,278,14,14
2,8,280,15,15
2,8,283,15,15
2,8,291,15,15
2,8,292,15,15
2,8,295,15,15
2,8,296,15,15
2,9,1,1,1
2,9,8,1,1
2,9,10,1,1
2,9,11,1,1
2,9,12,1,1
2,9,19,1,1
2,9,21,2,2
2,9,23,2,2
2,9,25,2,2
2,9,32,2,2
2,9,33,2,2
2,9,36,2,2
2,9,46,3,8
2,9,48,3,3
2,9,52,3,3
2,9,53,3,3
2,9,56,3,3
2,9,58,3,3
2,9,62,4,4
2,9,67,4,4
2,9,70,4,4
2,9,73,4,4
2,9,75,4,4
2,9,77,4,4
2,9,85,5,5
2,9,87,5,5
2,9,88,5,5
2,9,89,5,5
2,9,97,5,5
2,9,99,5,5
2,9,105,6,6
2,9,106,6,6
2,9,109,6,6
2,9,110,6,6
2,9,113,6,6
2,9,117,6,6
2,9,120,7,7
2,9,123,7,7
2,9,127,7,7
2,9,135,7,7
2,9,136,7,7
2,9,137,7,7
2,9,142,8,8
2,9,144,8,8
2,9,145,8,8
2,9,146,8,8
2,9,147,8,8
2,9,159,8,8
2,9,163,9,9
2,9,164,9,9
2,9,165,9,9
2,9,166,9,9
2,9,168,9,9
2,9,170,9,9
2,9,180,10,5
2,9,184,10,10
2,9,185,10,10
2,9,192,10,10
2,9,194,10,10
2,9,199,10,10
2,9,202,11,11
2,9,207,11,11
2,9,212,11,11
2,9,213,11,11
2,9,216,11,11
2,9,217,11,11
2,9,221,12,12
2,9,223,12,12
2,9,229,12,12
2,9,232,12,15
2,9,234,12,12
2,9,237,12,12
2,9,243,13,13
2,9,245,13,13
2,9,247,13,13
2,9,250,13,13
2,9,256,13,13
2,9,257,13,13
2,9,262,14,14
2,9,264,14,14
2,9,267,14,14
2,9,268,14,14
2,9,276,14,14
2,9,279,14,14
2,9,281,15,15
2,9,284,15,15
2,9,287,15,15
2,9,291,15,15
2,9,295,15,15
2,9,299,15,15
2,10,0,1,1
2,10,8,1,1
2,10,10,1,1
2,10,11,1,1
2,10,16,1,1
2,10,17,1,1
2,10,21,2,2
2,10,25,2,2
2,10,28,2,7
2,10,36,2,2
2,10,37,2,2
2,10,38,2,2
2,10,40,3,3
2,10,44,3,3
2,10,48,3,3
2,10,49,3,3
2,10,56,3,3
2,10,59,3,3
2,10,66,4,4
2,10,67,4,4
2,10,68,4,4
2,10,74,4,4
2,10,77,4,4
2,10,79,4,4
2,10,83,5,5
2,10,84,5,5
2,10,87,5,5
2,10,90,5,5
2,10,92,5,5
2,10,94,5,5
2,10,104,6,6
2,10,107,6,6
2,10,111,6,6
2,10,112,6,6
2,10,116,6,6
2,10,118,6,6
2,10,120,7,7
2,10,124,7,7
2,10,126,7,7
2,10,127,7,7
2,10,130,7,7
2,10,135,7,7
2,10,142,8,8
2,10,143,8,8
2,10,144,8,8
2,10,145,8,8
2,10,153,8,8
2,10,156,8,8
2,10,163,9,9
2,10,164,9,9
2,10,168,9,9
2,10,173,9,9
2,10,175,9,9
2,10,176,9,9
2,10,181,10,5
2,10,182,10,5
2,10,188,10,10
2,10,193,10,10
2,10,194,10,10
2,10,198,10,10
2,10,200,11,11
2,10,203,11,11
2,10,205,11,11
2,10,207,11,11
2,10,215,11,11
2,10,219,11,11
2,10,220,12,12
2,10,223,12,12
2,10,227,12,12
2,10,229,12,12
2,10,233,12,12
2,10,235,12,12
2,10,242,13,13
2,10,243,13,13
2,10,244,13,13
2,10,246,13,13
2,10,248,13,13
2,10,250,13,13
2,10,261,14,11
2,10,263,14,14
2,10,264,14,14
2,10,265,14,14
2,10,273,14,14
2,10,279,14,14
2,10,280,15,15
2,10,281,15,12
2,10,282,15,15
2,10,285,15,15
2,10,286,15,15
2,10,294,15,15
3,1,5,1,1
3,1,9,1,1
3,1,11,1,1
3,1,15,1,1
3,1,17,1,1
3,1,19,1,1
3,1,20,2,2
3,1,22,2,2
3,1,24,2,2
3,1,26,2,2
3,1,34,2,2
3,1,38,2,2
3,1,41,3,3
3,1,42,3,3
3,1,46,3,3
3,1,49,3,3
3,1,53,3,3
3,1,54,3,8
3,1,63,4,4
3,1,65,4,4
3,1,70,4,4
3,1,74,4,4
3,1,75,4,4
3,1,79,4,4
3,1,82,5,5
3,1,87,5,5
3,1,89,5,5
3,1,92,5,5
3,1,94,5,5
3,1,98,5,5
3,1,101,6,6
3,1,103,6,6
3,1,108,6,6
3,1,109,6,6
3,1,114,6,1
3,1,116,6,6
3,1,120,7,7
3,1,121,7,7
3,1,128,7,7
3,1,132,7,2
3,1,134,7,7
3,1,138,7,7
3,1,147,8,8
3,1,150,8,8
3,1,152,8,8
3,1,153,8,8
3,1,155,8,8
3,1,159,8,8
3,1,160,9,9
3,1,163,9,9
3,1,164,9,9
3,1,168,9,9
3,1,169,9,9
3,1,175,9,9
3,1,187,10,10
3,1,188,10,10
3,1,190,10,10
3,1,192,10,10
3,1,194,10,10
3,1,197,10,10
3,1,200,11,11
3,1,204,11,11
3,1,210,11,11
3,1,212,11,11
3,1,214,11,15
3,1,216,11,11
3,1,221,12,12
3,1,226,12,15
3,1,228,12,12
3,1,233,12,12
3,1,237,12,12
3,1,239,12,12
3,1,244,13,13
3,1,246,13,13
3,1,249,13,13
3,1,251,13,13
3,1,252,13,13
3,1,255,13,13
3,1,260,14,14
3,1,263,14,14
3,1,265,14,14
3,1,269,14,14
3,1,273,14,14
3,1,278,14,14
3,1,280,15,15
3,1,283,15,15
3,1,290,15,15
3,1,295,15,15
3,1,297,15,15
3,1,299,15,15
3,2,4,1,1
3,2,7,1,1
3,2,11,1,1
3,2,15,1,1
3,2,16,1,1
3,2,17,1,1
3,2,20,2,2
3,2,24,2,2
3,2,26,2,2
3,2,31,2,2
3,2,38,2,2
3,2,39,2,2
3,2,41,3,3
3,2,42,3,3
3,2,46,3,3
3,2,51,3,3
3,2,52,3,3
3,2,56,3,3
3,2,61,4,4
3,2,64,4,4
3,2,66,4,4
3,2,68,4,4
3,2,70,4,4
3,2,79,4,4
3,2,81,5,5
3,2,82,5,5
3,2,84,5,5
3,2,88,5,5
3,2,89,5,5
3,2,95,5,5
3,2,101,6,6
3,2,103,6,6
3,2,107,6,6
3,2,109,6,6
3,2,110,6,6
3,2,115,6,6
3,2,121,7,7
3,2,124,7,7
3,2,125,7,7
3,2,128,7,7
3,2,131,7,7
3,2,136,7,7
3,2,143,8,8
3,2,150,8,8
3,2,153,8,8
3,2,155,8,8
3,2,156,8,8
3,2,158,8,8
3,2,162,9,9
3,2,167,9,9
3,2,171,9,9
3,2,175,9,9
3,2,177,9,9
3,2,178,9,9
3,2,182,10,10
3,2,188,10,10
3,2,191,10,10
3,2,195,10,10
3,2,198,10,10
3,2,199,10,10
3,2,203,11,11
3,2,206,11,14
3,2,207,11,11
3,2,214,11,15
3,2,215,11,11
3,2,219,11,11
3,2,223,12,12
3,2,224,12,12
3,2,228,12,12
3,2,229,12,12
3,2,230,12,12
3,2,236,12,12
3,2,245,13,13
3,2,252,13,13
3,2,253,13,13
3,2,256,13,13
3,2,257,13,13
3,2,258,13,13
3,2,260,14,14
3,2,262,14,14
3,2,267,14,14
3,2,270,14,14
3,2,271,14,14
3,2,277,14,14
3,2,280,15,15
3,2,283,15,15
3,2,284,15,15
3,2,294,15,12
3,2,298,15,15
3,2,299,15,15
3,3,10,1,1
3,3,13,1,1
3,3,14,1,1
3,3,15,1,1
3,3,16,1,1
3,3,19,1,1
3,3,20,2,2
3,3,23,2,2
3,3,24,2,2
3,3,26,2,2
3,3,34,2,2
3,3,35,2,2
3,3,40,3,3
3,3,46,3,3
3,3,47,3,3
3,3,50,3,3
3,3,55,3,3
3,3,57,3,3
3,3,62,4,4
3,3,70,4,4
3,3,73,4,4
3,3,74,4,4
3,3,76,4,4
3,3,78,4,4
3,3,80,5,5
3,3,81,5,5
3,3,89,5,5
3,3,94,5,5
3,3,97,5,5
3,3,98,5,5
3,3,100,6,6
3,3,104,6,6
3,3,105,6,6
3,3,107,6,6
3,3,109,6,6
3,3,111,6,6
3,3,122,7,7
3,3,123,7,7
3,3,130,7,7
3,3,131,7,7
3,3,132,7,2
3,3,136,7,7
3,3,142,8,3
3,3,144,8,8
3,3,145,8,8
3,3,148,8,8
3,3,150,8,8
3,3,159,8,8
3,3,160,9,9
3,3,163,9,9
3,3,168,9,9
3,3,173,9,9
3,3,175,9,9
3,3,177,9,9
3,3,182,10,5
3,3,184,10,10
3,3,185,10,5
3,3,186,10,10
3,3,191,10,10
3,3,194,10,5
3,3,201,11,15
3,3,206,11,14
3,3,210,11,11
3,3,212,11,11
3,3,216,11,11
3,3,219,11,11
3,3,220,12,12
3,3,222,12,12
3,3,226,12,15
3,3,227,12,12
3,3,232,12,12
3,3,233,12,12
3,3,241,13,13
3,3,247,13,13
3,3,248,13,13
3,3,252,13,13
3,3,254,13,13
3,3,258,13,13
3,3,260,14,14
3,3,261,14,14
3,3,263,14,14
3,3,265,14,14
3,3,276,14,14
3,3,277,14,14
3,3,282,15,15
3,3,284,15,15
3,3,290,15,15
3,3,292,15,15
3,3,296,15,15
3,3,297,15,15
3,4,4,1,1
3,4,8,1,1
3,4,10,1,1
3,4,11,1,1
3,4,12,1,1
3,4,15,1,1
3,4,22,2,2
3,4,24,2,2
3,4,27,2,2
3,4,29,2,2
3,4,30,2,2
3,4,37,2,2
3,4,44,3,3
3,4,48,3,3
3,4,50,3,3
3,4,55,3,3
3,4,57,3,3
3,4,59,3,3
3,4,70,4,4
3,4,72,4,4
3,4,73,4,4
3,4,74,4,4
3,4,76,4,4
3,4,79,4,4
3,4,82,5,5
3,4,90,5,5
3,4,92,5,5
3,4,93,5,5
3,4,98,5,5
3,4,99,5,5
3,4,106,6,6
3,4,108,6,6
3,4,110,6,6
3,4,111,6,6
3,4,113,6,6
3,4,116,6,6
3,4,122,7,2
3,4,123,7,7
3,4,128,7,2
3,4,133,7,7
3,4,137,7,7
3,4,138,7,7
3,4,141,8,8
3,4,142,8,3
3,4,144,8,8
3,4,149,8,8
3,4,152,8,8
3,4,156,8,8
3,4,161,9,9
3,4,173,9,9
3,4,175,9,9
3,4,176,9,9
3,4,178,9,9
3,4,179,9,9
3,4,180,10,10
3,4,188,10,10
3,4,192,10,10
3,4,193,10,10
3,4,194,10,10
3,4,197,10,10
3,4,204,11,11
3,4,207,11,11
3,4,209,11,11
3,4,210,11,11
3,4,214,11,15
3,4,218,11,11
3,4,220,12,12
3,4,221,12,12
3,4,222,12,12
3,4,232,12,12
3,4,236,12,12
3,4,237,12,12
3,4,243,13,13
3,4,244,13,13
3,4,245,13,13
3,4,246,13,11
3,4,250,13,13
3,4,253,13,13
3,4,261,14,14
3,4,263,14,14
3,4,267,14,14
3,4,270,14,14
3,4,271,14,14
3,4,272,14,14
3,4,280,15,15
3,4,281,15,15
3,4,283,15,15
3,4,288,15,15
3,4,292,15,15
3,4,299,15,15
3,5,2,1,1
3,5,3,1,1
3,5,6,1,1
3,5,7,1,1
3,5,10,1,1
3,5,18,1,1
3,5,23,2,2
3,5,27,2,2
3,5,28,2,7
3,5,31,2,2
3,5,37,2,2
3,5,39,2,2
3,5,43,3,3
3,5,46,3,3
3,5,48,3,8
3,5,49,3,3
3,5,57,3,3
3,5,58,3,3
3,5,60,4,4
3,5,61,4,4
3,5,66,4,4
3,5,71,4,4
3,5,74,4,4
3,5,75,4,4
3,5,83,5,5
3,5,85,5,1
3,5,86,5,8
3,5,90,5,5
3,5,93,5,5
3,5,97,5,5
3,5,106,6,6
3,5,109,6,6
3,5,110,6,6
3,5,113,6,6
3,5,114,6,6
3,5,118,6,6
3,5,124,7,7
3,5,125,7,7
3,5,127,7,7
3,5,135,7,7
3,5,136,7,7
3,5,137,7,7
3,5,146,8,8
3,5,150,8,8
3,5,153,8,8
3,5,157,8,8
3,5,158,8,8
3,5,159,8,8
3,5,160,9,9
3,5,162,9,9
3,5,164,9,9
3,5,168,9,9
3,5,175,9,9
3,5,177,9,9
3,5,184,10,10
3,5,193,10,10
3,5,194,10,10
3,5,196,10,10
3,5,197,10,10
3,5,199,10,10
3,5,200,11,11
3,5,202,11,11
3,5,209,11,11
3,5,210,11,11
3,5,212,11,11
3,5,213,11,11
3,5,220,12,12
3,5,222,12,12
3,5,228,12,12
3,5,231,12,12
3,5,232,12,12
3,5,239,12,12
3,5,240,13,13
3,5,243,13,13
3,5,247,13,13
3,5,256,13,13
3,5,257,13,13
3,5,259,13,13
3,5,264,14,14
3,5,265,14,14
3,5,272,14,14
3,5,276,14,14
3,5,278,14,14
3,5,279,14,14
3,5,280,15,15
3,5,283,15,15
3,5,287,15,15
3,5,289,15,15
3,5,295,15,15
3,5,299,15,15
3,6,1,1,1
3,6,2,1,1
3,6,7,1,1
3,6,10,1,1
3,6,13,1,1
3,6,19,1,1
3,6,20,2,2
3,6,23,2,2
3,6,30,2,7
3,6,32,2,2
3,6,35,2,2
3,6,38,2,2
3,6,40,3,3
3,6,41,3,3
3,6,47,3,3
3,6,48,3,3
3,6,52,3,3
3,6,59,3,3
3,6,60,4,4
3,6,66,4,4
3,6,67,4,4
3,6,71,4,4
3,6,76,4,4
3,6,78,4,4
3,6,86,5,5
3,6,89,5,5
3,6,90,5,5
3,6,91,5,5
3,6,96,5,5
3,6,98,5,5
3,6,102,6,6
3,6,106,6,6
3,6,108,6,6
3,6,114,6,1
3,6,115,6,6
3,6,116,6,6
3,6,125,7,7
3,6,126,7,7
3,6,133,7,7
3,6,134,7,7
3,6,135,7,7
3,6,137,7,7
3,6,140,8,8
3,6,149,8,8
3,6,153,8,8
3,6,157,8,8
3,6,158,8,8
3,6,159,8,8
3,6,164,9,9
3,6,168,9,9
3,6,172,9,9
3,6,173,9,9
3,6,175,9,9
3,6,177,9,9
3,6,182,10,10
3,6,186,10,10
3,6,187,10,10
3,6,189,10,10
3,6,190,10,10
3,6,193,10,10
3,6,203,11,11
3,6,208,11,11
3,6,210,11,11
3,6,212,11,11
3,6,214,11,15
3,6,217,11,11
3,6,220,12,12
3,6,222,12,12
3,6,227,12,12
3,6,228,12,12
3,6,229,12,12
3,6,238,12,12
3,6,240,13,13
3,6,250,13,13
3,6,251,13,13
3,6,254,13,13
3,6,257,13,13
3,6,259,13,13
3,6,262,14,14
3,6,273,14,14
3,6,275,14,14
3,6,276,14,14
3,6,278,14,14
3,6,279,14,14
3,6,283,15,15
3,6,290,15,15
3,6,291,15,15
3,6,292,15,15
3,6,294,15,12
3,6,298,15,15
3,7,1,1,1
3,7,4,1,1
3,7,12,1,1
3,7,14,1,1
3,7,16,1,1
3,7,17,1,1
3,7,20,2,2
3,7,21,2,2
3,7,31,2,2
3,7,33,2,2
3,7,34,2,2
3,7,38,2,2
3,7,41,3,3
3,7,42,3,3
3,7,47,3,3
3,7,54,3,3
3,7,55,3,3
3,7,56,3,3
3,7,60,4,4
3,7,61,4,4
3,7,64,4,4
3,7,65,4,4
3,7,69,4,4
3,7,75,4,4
3,7,82,5,5
3,7,83,5,5
3,7,85,5,5
3,7,86,5,5
3,7,91,5,5
3,7,92,5,5
3,7,101,6,6
3,7,108,6,6
3,7,109,6,6
3,7,110,6,6
3,7,114,6,6
3,7,116,6,6
3,7,121,7,7
3,7,124,7,7
3,7,127,7,7
3,7,128,7,2
3,7,131,7,7
3,7,136,7,7
3,7,141,8,8
3,7,144,8,8
3,7,148,8,8
3,7,151,8,8
3,7,154,8,3
3,7,156,8,8
3,7,163,9,9
3,7,169,9,9
3,7,172,9,9
3,7,174,9,9
3,7,176,9,9
3,7,179,9,9
3,7,180,10,10
3,7,182,10,10
3,7,183,10,10
3,7,186,10,10
3,7,194,10,10
3,7,199,10,10
3,7,201,11,15
3,7,208,11,11
3,7,209,11,11
3,7,210,11,11
3,7,211,11,11
3,7,216,11,11
3,7,223,12,12
3,7,224,12,12
3,7,228,12,12
3,7,230,12,12
3,7,232,12,12
3,7,233,12,12
3,7,245,13,13
3,7,247,13,13
3,7,251,13,13
3,7,252,13,13
3,7,254,13,13
3,7,255,13,13
3,7,260,14,14
3,7,263,14,14
3,7,266,14,15
3,7,267,14,14
3,7,271,14,14
3,7,278,14,14
3,7,280,15,15
3,7,286,15,11
3,7,289,15,15
3,7,293,15,15
3,7,294,15,12
3,7,299,15,15
3,8,1,1,1
3,8,6,1,1
3,8,7,1,1
3,8,9,1,1
3,8,17,1,1
3,8,19,1,1
3,8,26,2,2
3,8,28,2,7
3,8,30,2,2
3,8,31,2,2
3,8,34,2,2
3,8,36,2,2
3,8,40,3,3
3,8,41,3,3
3,8,48,3,3
3,8,49,3,3
3,8,51,3,3
3,8,57,3,3
3,8,61,4,4
3,8,63,4,4
3,8,65,4,4
3,8,66,4,4
3,8,76,4,4
3,8,77,4,4
3,8,80,5,5
3,8,86,5,5
3,8,92,5,5
3,8,95,5,5
3,8,98,5,5
3,8,99,5,5
3,8,100,6,6
3,8,102,6,6
3,8,107,6,6
3,8,109,6,6
3,8,115,6,6
3,8,117,6,6
3,8,120,7,7
3,8,121,7,2
3,8,122,7,7
3,8,126,7,7
3,8,132,7,7
3,8,134,7,7
3,8,141,8,8
3,8,143,8,8
3,8,144,8,8
3,8,152,8,8
3,8,155,8,8
3,8,157,8,8
3,8,162,9,9
3,8,164,9,9
3,8,170,9,9
3,8,174,9,4
3,8,175,9,9
3,8,177,9,9
3,8,181,10,10
3,8,183,10,10
3,8,186,10,10
3,8,188,10,10
3,8,189,10,10
3,8,190,10,10
3,8,202,11,11
3,8,204,11,11
3,8,208,11,11
3,8,209,11,11
3,8,214,11,15
3,8,217,11,11
3,8,224,12,12
3,8,225,12,12
3,8,228,12,12
3,8,229,12,12
3,8,236,12,12
3,8,239,12,12
3,8,241,13,13
3,8,245,13,13
3,8,251,13,13
3,8,252,13,13
3,8,254,13,13
3,8,257,13,13
3,8,264,14,14
3,8,265,14,14
3,8,267,14,14
3,8,269,14,14
3,8,272,14,14
3,8,278,14,14
3,8,280,15,15
3,8,283,15,15
3,8,291,15,15
3,8,292,15,15
3,8,295,15,15
3,8,296,15,15
3,9,1,1,1
3,9,8,1,1
3,9,10,1,1
3,9,11,1,1
3,9,12,1,1
3,9,19,1,1
3,9,21,2,7
3,9,23,2,2
3,9,25,2,2
3,9,32,2,2
3,9,33,2,2
3,9,36,2,2
3,9,46,3,3
3,9,48,3,3
3,9,52,3,3
3,9,53,3,3
3,9,56,3,3
3,9,58,3,3
3,9,62,4,4
3,9,67,4,4
3,9,70,4,4
3,9,73,4,4
3,9,75,4,4
3,9,77,4,4
3,9,85,5,5
3,9,87,5,5
3,9,88,5,5
3,9,89,5,5
3,9,97,5,5
3,9,99,5,5
3,9,105,6,6
3,9,106,6,6
3,9,109,6,6
3,9,110,6,6
3,9,113,6,6
3,9,117,6,6
3,9,120,7,7
3,9,123,7,7
3,9,127,7,7
3,9,135,7,7
3,9,136,7,7
3,9,137,7,7
3,9,142,8,3
3,9,144,8,8
3,9,145,8,8
3,9,146,8,8
3,9,147,8,8
3,9,159,8,8
3,9,163,9,9
3,9,164,9,9
3,9,165,9,9
3,9,166,9,9
3,9,168,9,9
3,9,170,9,9
3,9,180,10,10
3,9,184,10,10
3,9,185,10,10
3,9,192,10,10
3,9,194,10,10
3,9,199,10,10
3,9,202,11,15
3,9,207,11,11
3,9,212,11,11
3,9,213,11,11
3,9,216,11,11
3,9,217,11,11
3,9,221,12,12
3,9,223,12,12
3,9,229,12,12
3,9,232,12,12
3,9,234,12,12
3,9,237,12,12
3,9,243,13,13
3,9,245,13,13
3,9,247,13,13
3,9,250,13,13
3,9,256,13,13
3,9,257,13,13
3,9,262,14,14
3,9,264,14,14
3,9,267,14,14
3,9,268,14,14
3,9,276,14,14
3,9,279,14,14
3,9,281,15,12
3,9,284,15,15
3,9,287,15,15
3,9,291,15,15
3,9,295,15,15
3,9,299,15,15
3,10,0,1,1
3,10,8,1,1
3,10,10,1,1
3,10,11,1,1
3,10,16,1,1
3,10,17,1,1
3,10,21,2,2
3,10,25,2,2
3,10,28,2,7
3,10,36,2,2
3,10,37,2,2
3,10,38,2,2
3,10,40,3,3
3,10,44,3,3
3,10,48,3,3
3,10,49,3,3
3,10,56,3,3
3,10,59,3,3
3,10,66,4,4
3,10,67,4,4
3,10,68,4,4
3,10,74,4,4
3,10,77,4,4
3,10,79,4,4
3,10,83,5,5
3,10,84,5,5
3,10,87,5,5
3,10,90,5,5
3,10,92,5,5
3,10,94,5,5
3,10,104,6,6
3,10,107,6,6
3,10,111,6,6
3,10,112,6,6
3,10,116,6,6
3,10,118,6,6
3,10,120,7,7
3,10,124,7,7
3,10,126,7,7
3,10,127,7,7
3,10,130,7,7
3,10,135,7,7
3,10,142,8,3
3,10,143,8,8
3,10,144,8,8
3,10,145,8,8
3,10,153,8,8
3,10,156,8,8
3,10,163,9,9
3,10,164,9,9
3,10,168,9,9
3,10,173,9,9
3,10,175,9,9
3,10,176,9,9
3,10,181,10,10
3,10,182,10,5
3,10,188,10,10
3,10,193,10,10
3,10,194,10,10
3,10,198,10,10
3,10,200,11,11
3,10,203,11,11
3,10,205,11,11
3,10,207,11,11
3,10,215,11,11
3,10,219,11,11
3,10,220,12,12
3,10,223,12,12
3,10,227,12,12
3,10,229,12,12
3,10,233,12,12
3,10,235,12,12
3,10,242,13,13
3,10,243,13,13
3,10,244,13,13
3,10,246,13,11
3,10,248,13,13
3,10,250,13,13
3,10,261,14,14
3,10,263,14,14
3,10,264,14,14
3,10,265,14,14
3,10,273,14,14
3,10,279,14,14
3,10,280,15,15
3,10,281,15,15
3,10,282,15,15
3,10,285,15,15
3,10,286,15,11
3,10,294,15,12
4,1,5,1,1
4,1,9,1,1
4,1,11,1,1
4,1,15,1,1
4,1,17,1,1
4,1,19,1,1
4,1,20,2,2
4,1,22,2,2
4,1,24,2,2
4,1,26,2,5
4,1,34,2,2
4,1,38,2,2
4,1,41,3,3
4,1,42,3,3
4,1,46,3,3
4,1,49,3,3
4,1,53,3,3
4,1,54,3,3
4,1,63,4,4
4,1,65,4,4
4,1,70,4,4
4,1,74,4,4
4,1,75,4,4
4,1,79,4,4
4,1,82,5,5
4,1,87,5,5
4,1,89,5,5
4,1,92,5,5
4,1,94,5,5
4,1,98,5,5
4,1,101,6,6
4,1,103,6,6
4,1,108,6,6
4,1,109,6,6
4,1,114,6,1
4,1,116,6,6
4,1,120,7,7
4,1,121,7,7
4,1,128,7,7
4,1,132,7,7
4,1,134,7,2
4,1,138,7,7
4,1,147,8,8
4,1,150,8,8
4,1,152,8,8
4,1,153,8,8
4,1,155,8,8
4,1,159,8,8
4,1,160,9,9
4,1,163,9,9
4,1,164,9,9
4,1,168,9,9
4,1,169,9,9
4,1,175,9,9
4,1,187,10,10
4,1,188,10,7
4,1,190,10,10
4,1,192,10,10
4,1,194,10,5
4,1,197,10,10
4,1,200,11,11
4,1,204,11,11
4,1,210,11,11
4,1,212,11,11
4,1,214,11,15
4,1,216,11,11
4,1,221,12,12
4,1,226,12,12
4,1,228,12,12
4,1,233,12,12
4,1,237,12,12
4,1,239,12,12
4,1,244,13,13
4,1,246,13,12
4,1,249,13,13
4,1,251,13,13
4,1,252,13,13
4,1,255,13,13
4,1,260,14,14
4,1,263,14,14
4,1,265,14,14
4,1,269,14,14
4,1,273,14,14
4,1,278,14,14
4,1,280,15,15
4,1,283,15,15
4,1,290,15,15
4,1,295,15,15
4,1,297,15,15
4,1,299,15,15
4,2,4,1,1
4,2,7,1,1
4,2,11,1,1
4,2,15,1,1
4,2,16,1,1
4,2,17,1,1
4,2,20,2,2
4,2,24,2,2
4,2,26,2,5
4,2,31,2,2
4,2,38,2,2
4,2,39,2,2
4,2,41,3,3
4,2,42,3,3
4,2,46,3,8
4,2,51,3,3
4,2,52,3,3
4,2,56,3,3
4,2,61,4,4
4,2,64,4,4
4,2,66,4,9
4,2,68,4,4
4,2,70,4,4
4,2,79,4,4
4,2,81,5,5
4,2,82,5,5
4,2,84,5,5
4,2,88,5,2
4,2,89,5,5
4,2,95,5,2
4,2,101,6,6
4,2,103,6,6
4,2,107,6,6
4,2,109,6,6
4,2,110,6,6
4,2,115,6,6
4,2,121,7,7
4,2,124,7,7
4,2,125,7,7
4,2,128,7,7
4,2,131,7,7
4,2,136,7,7
4,2,143,8,8
4,2,150,8,8
4,2,153,8,8
4,2,155,8,8
4,2,156,8,8
4,2,158,8,8
4,2,162,9,9
4,2,167,9,9
4,2,171,9,9
4,2,175,9,9
4,2,177,9,9
4,2,178,9,9
4,2,182,10,10
4,2,188,10,7
4,2,191,10,10
4,2,195,10,7
4,2,198,10,10
4,2,199,10,10
4,2,203,11,11
4,2,206,11,11
4,2,207,11,11
4,2,214,11,15
4,2,215,11,11
4,2,219,11,11
4,2,223,12,12
4,2,224,12,12
4,2,228,12,12
4,2,229,12,12
4,2,230,12,12
4,2,236,12,12
4,2,245,13,13
4,2,252,13,13
4,2,253,13,13
4,2,256,13,13
4,2,257,13,13
4,2,258,13,13
4,2,260,14,14
4,2,262,14,14
4,2,267,14,14
4,2,270,14,14
4,2,271,14,14
4,2,277,14,14
4,2,280,15,15
4,2,283,15,15
4,2,284,15,15
4,2,294,15,12
4,2,298,15,15
4,2,299,15,15
4,3,10,1,1
4,3,13,1,1
4,3,14,1,5
4,3,15,1,1
4,3,16,1,1
4,3,19,1,1
4,3,20,2,2
4,3,23,2,2
4,3,24,2,2
4,3,26,2,5
4,3,34,2,5
4,3,35,2,2
4,3,40,3,3
4,3,46,3,3
4,3,47,3,3
4,3,50,3,3
4,3,55,3,3
4,3,57,3,3
4,3,62,4,4
4,3,70,4,4
4,3,73,4,4
4,3,74,4,4
4,3,76,4,4
4,3,78,4,4
4,3,80,5,5
4,3,81,5,5
4,3,89,5,5
4,3,94,5,5
4,3,97,5,5
4,3,98,5,5
4,3,100,6,6
4,3,104,6,6
4,3,105,6,6
4,3,107,6,6
4,3,109,6,6
4,3,111,6,6
4,3,122,7,7
4,3,123,7,7
4,3,130,7,7
4,3,131,7,7
4,3,132,7,10
4,3,136,7,7
4,3,142,8,8
4,3,144,8,8
4,3,145,8,8
4,3,148,8,8
4,3,150,8,8
4,3,159,8,8
4,3,160,9,9
4,3,163,9,9
4,3,168,9,9
4,3,173,9,9
4,3,175,9,9
4,3,177,9,9
4,3,182,10,10
4,3,184,10,10
4,3,185,10,7
4,3,186,10,7
4,3,191,10,10
4,3,194,10,5
4,3,201,11,11
4,3,206,11,14
4,3,210,11,11
4,3,212,11,11
4,3,216,11,11
4,3,219,11,11
4,3,220,12,12
4,3,222,12,12
4,3,226,12,12
4,3,227,12,12
4,3,232,12,12
4,3,233,12,12
4,3,241,13,13
4,3,247,13,13
4,3,248,13,13
4,3,252,13,13
4,3,254,13,13
4,3,258,13,13
4,3,260,14,14
4,3,261,14,14
4,3,263,14,14
4,3,265,14,14
4,3,276,14,14
4,3,277,14,14
4,3,282,15,15
4,3,284,15,15
4,3,290,15,15
4,3,292,15,15
4,3,296,15,15
4,3,297,15,15
4,4,4,1,1
4,4,8,1,1
4,4,10,1,1
4,4,11,1,1
4,4,12,1,1
4,4,15,1,1
4,4,22,2,2
4,4,24,2,2
4,4,27,2,2
4,4,29,2,2
4,4,30,2,2
4,4,37,2,2
4,4,44,3,3
4,4,48,3,3
4,4,50,3,3
4,4,55,3,3
4,4,57,3,3
4,4,59,3,3
4,4,70,4,4
4,4,72,4,4
4,4,73,4,4
4,4,74,4,6
4,4,76,4,4
4,4,79,4,4
4,4,82,5,5
4,4,90,5,5
4,4,92,5,5
4,4,93,5,5
4,4,98,5,5
4,4,99,5,5
4,4,106,6,4
4,4,108,6,6
4,4,110,6,6
4,4,111,6,6
4,4,113,6,6
4,4,116,6,6
4,4,122,7,7
4,4,123,7,7
4,4,128,7,7
4,4,133,7,7
4,4,137,7,7
4,4,138,7,7
4,4,141,8,8
4,4,142,8,8
4,4,144,8,8
4,4,149,8,8
4,4,152,8,8
4,4,156,8,8
4,4,161,9,9
4,4,173,9,9
4,4,175,9,9
4,4,176,9,9
4,4,178,9,9
4,4,179,9,9
4,4,180,10,10
4,4,188,10,7
4,4,192,10,10
4,4,193,10,10
4,4,194,10,10
4,4,197,10,10
4,4,204,11,11
4,4,207,11,11
4,4,209,11,11
4,4,210,11,11
4,4,214,11,15
4,4,218,11,11
4,4,220,12,12
4,4,221,12,12
4,4,222,12,13
4,4,232,12,12
4,4,236,12,12
4,4,237,12,12
4,4,243,13,13
4,4,244,13,13
4,4,245,13,13
4,4,246,13,12
4,4,250,13,13
4,4,253,13,13
4,4,261,14,14
4,4,263,14,14
4,4,267,14,14
4,4,270,14,14
4,4,271,14,14
4,4,272,14,14
4,4,280,15,15
4,4,281,15,15
4,4,283,15,15
4,4,288,15,15
4,4,292,15,15
4,4,299,15,15
4,5,2,1,1
4,5,3,1,1
4,5,6,1,6
4,5,7,1,1
4,5,10,1,1
4,5,18,1,1
4,5,23,2,2
4,5,27,2,2
4,5,28,2,2
4,5,31,2,2
4,5,37,2,2
4,5,39,2,2
4,5,43,3,3
4,5,46,3,8
4,5,48,3,3
4,5,49,3,3
4,5,57,3,3
4,5,58,3,3
4,5,60,4,4
4,5,61,4,4
4,5,66,4,9
4,5,71,4,4
4,5,74,4,6
4,5,75,4,4
4,5,83,5,5
4,5,85,5,7
4,5,86,5,10
4,5,90,5,5
4,5,93,5,5
4,5,97,5,5
4,5,106,6,6
4,5,109,6,6
4,5,110,6,6
4,5,113,6,6
4,5,114,6,1
4,5,118,6,6
4,5,124,7,7
4,5,125,7,7
4,5,127,7,7
4,5,135,7,7
4,5,136,7,7
4,5,137,7,7
4,5,146,8,8
4,5,150,8,8
4,5,153,8,8
4,5,157,8,8
4,5,158,8,8
4,5,159,8,8
4,5,160,9,9
4,5,162,9,9
4,5,164,9,9
4,5,168,9,9
4,5,175,9,9
4,5,177,9,9
4,5,184,10,10
4,5,193,10,10
4,5,194,10,5
4,5,196,10,10
4,5,197,10,10
4,5,199,10,10
4,5,200,11,11
4,5,202,11,11
4,5,209,11,11
4,5,210,11,11
4,5,212,11,11
4,5,213,11,11
4,5,220,12,12
4,5,222,12,13
4,5,228,12,12
4,5,231,12,12
4,5,232,12,12
4,5,239,12,12
4,5,240,13,13
4,5,243,13,13
4,5,247,13,13
4,5,256,13,13
4,5,257,13,13
4,5,259,13,13
4,5,264,14,14
4,5,265,14,14
4,5,272,14,14
4,5,276,14,14
4,5,278,14,14
4,5,279,14,14
4,5,280,15,15
4,5,283,15,15
4,5,287,15,15
4,5,289,15,15
4,5,295,15,15
4,5,299,15,15
4,6,1,1,1
4,6,2,1,1
4,6,7,1,1
4,6,10,1,1
4,6,13,1,1
4,6,19,1,1
4,6,20,2,2
4,6,23,2,2
4,6,30,2,2
4,6,32,2,2
4,6,35,2,2
4,6,38,2,2
4,6,40,3,3
4,6,41,3,3
4,6,47,3,3
4,6,48,3,3
4,6,52,3,3
4,6,59,3,3
4,6,60,4,4
4,6,66,4,9
4,6,67,4,4
4,6,71,4,4
4,6,76,4,4
4,6,78,4,4
4,6,86,5,2
4,6,89,5,5
4,6,90,5,5
4,6,91,5,5
4,6,96,5,5
4,6,98,5,5
4,6,102,6,6
4,6,106,6,6
4,6,108,6,6
4,6,114,6,1
4,6,115,6,6
4,6,116,6,6
4,6,125,7,10
4,6,126,7,10
4,6,133,7,7
4,6,134,7,2
4,6,135,7,7
4,6,137,7,7
4,6,140,8,8
4,6,149,8,8
4,6,153,8,8
4,6,157,8,8
4,6,158,8,8
4,6,159,8,8
4,6,164,9,9
4,6,168,9,9
4,6,172,9,9
4,6,173,9,9
4,6,175,9,9
4,6,177,9,9
4,6,182,10,10
4,6,186,10,1
4,6,187,10,10
4,6,189,10,10
4,6,190,10,10
4,6,193,10,10
4,6,203,11,11
4,6,208,11,11
4,6,210,11,11
4,6,212,11,11
4,6,214,11,15
4,6,217,11,11
4,6,220,12,12
4,6,222,12,13
4,6,227,12,12
4,6,228,12,12
4,6,229,12,12
4,6,238,12,12
4,6,240,13,13
4,6,250,13,13
4,6,251,13,13
4,6,254,13,13
4,6,257,13,13
4,6,259,13,13
4,6,262,14,14
4,6,273,14,14
4,6,275,14,14
4,6,276,14,14
4,6,278,14,14
4,6,279,14,14
4,6,283,15,15
4,6,290,15,15
4,6,291,15,15
4,6,292,15,15
4,6,294,15,12
4,6,298,15,15
4,7,1,1,1
4,7,4,1,1
4,7,12,1,1
4,7,14,1,1
4,7,16,1,1
4,7,17,1,1
4,7,20,2,2
4,7,21,2,2
4,7,31,2,2
4,7,33,2,2
4,7,34,2,2
4,7,38,2,2
4,7,41,3,3
4,7,42,3,3
4,7,47,3,3
4,7,54,3,3
4,7,55,3,3
4,7,56,3,3
4,7,60,4,4
4,7,61,4,4
4,7,64,4,4
4,7,65,4,9
4,7,69,4,4
4,7,75,4,4
4,7,82,5,5
4,7,83,5,5
4,7,85,5,2
4,7,86,5,2
4,7,91,5,5
4,7,92,5,5
4,7,101,6,6
4,7,108,6,6
4,7,109,6,6
4,7,110,6,6
4,7,114,6,1
4,7,116,6,6
4,7,121,7,7
4,7,124,7,7
4,7,127,7,7
4,7,128,7,7
4,7,131,7,7
4,7,136,7,7
4,7,141,8,8
4,7,144,8,8
4,7,148,8,8
4,7,151,8,8
4,7,154,8,3
4,7,156,8,8
4,7,163,9,9
4,7,169,9,9
4,7,172,9,9
4,7,174,9,9
4,7,176,9,9
4,7,179,9,9
4,7,180,10,10
4,7,182,10,10
4,7,183,10,10
4,7,186,10,10
4,7,194,10,5
4,7,199,10,10
4,7,201,11,11
4,7,208,11,11
4,7,209,11,11
4,7,210,11,11
4,7,211,11,11
4,7,216,11,11
4,7,223,12,12
4,7,224,12,12
4,7,228,12,12
4,7,230,12,12
4,7,232,12,12
4,7,233,12,12
4,7,245,13,12
4,7,247,13,13
4,7,251,13,13
4,7,252,13,13
4,7,254,13,13
4,7,255,13,13
4,7,260,14,14
4,7,263,14,14
4,7,266,14,14
4,7,267,14,14
4,7,271,14,14
4,7,278,14,14
4,7,280,15,15
4,7,286,15,11
4,7,289,15,15
4,7,293,15,15
4,7,294,15,12
4,7,299,15,15
4,8,1,1,1
4,8,6,1,6
4,8,7,1,1
4,8,9,1,1
4,8,17,1,1
4,8,19,1,1
4,8,26,2,10
4,8,28,2,2
4,8,30,2,2
4,8,31,2,2
4,8,34,2,2
4,8,36,2,2
4,8,40,3,3
4,8,41,3,3
4,8,48,3,3
4,8,49,3,3
4,8,51,3,3
4,8,57,3,3
4,8,61,4,4
4,8,63,4,4
4,8,65,4,9
4,8,66,4,9
4,8,76,4,4
4,8,77,4,4
4,8,80,5,5
4,8,86,5,10
4,8,92,5,5
4,8,95,5,2
4,8,98,5,5
4,8,99,5,5
4,8,100,6,6
4,8,102,6,6
4,8,107,6,6
4,8,109,6,6
4,8,115,6,6
4,8,117,6,6
4,8,120,7,7
4,8,121,7,7
4,8,122,7,7
4,8,126,7,10
4,8,132,7,7
4,8,134,7,2
4,8,141,8,8
4,8,143,8,8
4,8,144,8,8
4,8,152,8,8
4,8,155,8,8
4,8,157,8,8
4,8,162,9,9
4,8,164,9,9
4,8,170,9,9
4,8,174,9,9
4,8,175,9,9
4,8,177,9,9
4,8,181,10,10
4,8,183,10,10
4,8,186,10,10
4,8,188,10,7
4,8,189,10,10
4,8,190,10,10
4,8,202,11,11
4,8,204,11,11
4,8,208,11,11
4,8,209,11,11
4,8,214,11,15
4,8,217,11,11
4,8,224,12,12
4,8,225,12,15
4,8,228,12,12
4,8,229,12,12
4,8,236,12,12
4,8,239,12,12
4,8,241,13,13
4,8,245,13,13
4,8,251,13,13
4,8,252,13,13
4,8,254,13,13
4,8,257,13,13
4,8,264,14,14
4,8,265,14,14
4,8,267,14,14
4,8,269,14,14
4,8,272,14,14
4,8,278,14,14
4,8,280,15,15
4,8,283,15,15
4,8,291,15,15
4,8,292,15,15
4,8,295,15,15
4,8,296,15,15
4,9,1,1,1
4,9,8,1,1
4,9,10,1,1
4,9,11,1,1
4,9,12,1,1
4,9,19,1,1
4,9,21,2,2
4,9,23,2,2
4,9,25,2,2
4,9,32,2,2
4,9,33,2,2
4,9,36,2,2
4,9,46,3,3
4,9,48,3,3
4,9,52,3,3
4,9,53,3,3
4,9,56,3,3
4,9,58,3,3
4,9,62,4,4
4,9,67,4,4
4,9,70,4,4
4,9,73,4,4
4,9,75,4,4
4,9,77,4,4
4,9,85,5,7
4,9,87,5,5
4,9,88,5,2
4,9,89,5,5
4,9,97,5,5
4,9,99,5,5
4,9,105,6,6
4,9,106,6,1
4,9,109,6,6
4,9,110,6,6
4,9,113,6,6
4,9,117,6,6
4,9,120,7,7
4,9,123,7,7
4,9,127,7,7
4,9,135,7,7
4,9,136,7,7
4,9,137,7,7
4,9,142,8,8
4,9,144,8,8
4,9,145,8,8
4,9,146,8,8
4,9,147,8,8
4,9,159,8,8
4,9,163,9,9
4,9,164,9,9
4,9,165,9,9
4,9,166,9,9
4,9,168,9,9
4,9,170,9,9
4,9,180,10,10
4,9,184,10,10
4,9,185,10,7
4,9,192,10,10
4,9,194,10,5
4,9,199,10,10
4,9,202,11,11
4,9,207,11,11
4,9,212,11,11
4,9,213,11,11
4,9,216,11,11
4,9,217,11,11
4,9,221,12,12
4,9,223,12,12
4,9,229,12,12
4,9,232,12,12
4,9,234,12,13
4,9,237,12,12
4,9,243,13,13
4,9,245,13,13
4,9,247,13,13
4,9,250,13,13
4,9,256,13,13
4,9,257,13,13
4,9,262,14,14
4,9,264,14,14
4,9,267,14,14
4,9,268,14,14
4,9,276,14,14
4,9,279,14,14
4,9,281,15,15
4,9,284,15,15
4,9,287,15,15
4,9,291,15,15
4,9,295,15,15
4,9,299,15,15
4,10,0,1,1
4,10,8,1,1
4,10,10,1,1
4,10,11,1,1
4,10,16,1,1
4,10,17,1,1
4,10,21,2,2
4,10,25,2,5
4,10,28,2,2
4,10,36,2,2
4,10,37,2,2
4,10,38,2,2
4,10,40,3,3
4,10,44,3,3
4,10,48,3,3
4,10,49,3,3
4,10,56,3,3
4,10,59,3,3
4,10,66,4,9
4,10,67,4,4
4,10,68,4,4
4,10,74,4,4
4,10,77,4,4
4,10,79,4,4
4,10,83,5,5
4,10,84,5,5
4,10,87,5,5
4,10,90,5,5
4,10,92,5,5
4,10,94,5,2
4,10,104,6,6
4,10,107,6,6
4,10,111,6,6
4,10,112,6,6
4,10,116,6,6
4,10,118,6,6
4,10,120,7,7
4,10,124,7,7
4,10,126,7,10
4,10,127,7,7
4,10,130,7,7
4,10,135,7,7
4,10,142,8,8
4,10,143,8,8
4,10,144,8,8
4,10,145,8,8
4,10,153,8,8
4,10,156,8,8
4,10,163,9,9
4,10,164,9,9
4,10,168,9,9
4,10,173,9,9
4,10,175,9,9
4,10,176,9,9
4,10,181,10,10
4,10,182,10,10
4,10,188,10,7
4,10,193,10,10
4,10,194,10,5
4,10,198,10,10
4,10,200,11,11
4,10,203,11,11
4,10,205,11,11
4,10,207,11,11
4,10,215,11,11
4,10,219,11,11
4,10,220,12,12
4,10,223,12,12
4,10,227,12,12
4,10,229,12,12
4,10,233,12,12
4,10,235,12,12
4,10,242,13,13
4,10,243,13,13
4,10,244,13,13
4,10,246,13,12
4,10,248,13,13
4,10,250,13,13
4,10,261,14,14
4,10,263,14,14
4,10,264,14,14
4,10,265,14,14
4,10,273,14,14
4,10,279,14,14
4,10,280,15,15
4,10,281,15,15
4,10,282,15,15
4,10,285,15,15
4,10,286,15,11
4,10,294,15,12
5,1,5,1,1
5,1,9,1,1
5,1,11,1,1
5,1,15,1,1
5,1,17,1,1
5,1,19,1,1
5,1,20,2,2
5,1,22,2,2
5,1,24,2,2
5,1,26,2,7
5,1,34,2,2
5,1,38,2,2
5,1,41,3,3
5,1,42,3,3
5,1,46,3,8
5,1,49,3,3
5,1,53,3,3
5,1,54,3,3
5,1,63,4,4
5,1,65,4,4
5,1,70,4,4
5,1,74,4,6
5,1,75,4,4
5,1,79,4,4
5,1,82,5,5
5,1,87,5,5
5,1,89,5,5
5,1,92,5,5
5,1,94,5,7
5,1,98,5,5
5,1,101,6,6
5,1,103,6,6
5,1,108,6,6
5,1,109,6,6
5,1,114,6,1
5,1,116,6,6
5,1,120,7,7
5,1,121,7,7
5,1,128,7,7
5,1,132,7,7
5,1,134,7,2
5,1,138,7,7
5,1,147,8,8
5,1,150,8,8
5,1,152,8,8
5,1,153,8,8
5,1,155,8,8
5,1,159,8,8
5,1,160,9,9
5,1,163,9,9
5,1,164,9,9
5,1,168,9,9
5,1,169,9,9
5,1,175,9,9
5,1,187,10,10
5,1,188,10,1
5,1,190,10,10
5,1,192,10,10
5,1,194,10,5
5,1,197,10,10
5,1,200,11,11
5,1,204,11,11
5,1,210,11,11
5,1,212,11,11
5,1,214,11,15
5,1,216,11,11
5,1,221,12,12
5,1,226,12,13
5,1,228,12,12
5,1,233,12,12
5,1,237,12,12
5,1,239,12,12
5,1,244,13,13
5,1,246,13,13
5,1,249,13,13
5,1,251,13,13
5,1,252,13,13
5,1,255,13,13
5,1,260,14,14
5,1,263,14,14
5,1,265,14,14
5,1,269,14,14
5,1,273,14,14
5,1,278,14,14
5,1,280,15,15
5,1,283,15,15
5,1,290,15,15
5,1,295,15,15
5,1,297,15,15
5,1,299,15,15
5,2,4,1,1
5,2,7,1,1
5,2,11,1,1
5,2,15,1,1
5,2,16,1,1
5,2,17,1,1
5,2,20,2,2
5,2,24,2,2
5,2,26,2,7
5,2,31,2,2
5,2,38,2,2
5,2,39,2,2
5,2,41,3,3
5,2,42,3,3
5,2,46,3,8
5,2,51,3,3
5,2,52,3,3
5,2,56,3,3
5,2,61,4,4
5,2,64,4,4
5,2,66,4,4
5,2,68,4,4
5,2,70,4,4
5,2,79,4,4
5,2,81,5,5
5,2,82,5,7
5,2,84,5,5
5,2,88,5,5
5,2,89,5,5
5,2,95,5,7
5,2,101,6,6
5,2,103,6,6
5,2,107,6,6
5,2,109,6,6
5,2,110,6,6
5,2,115,6,6
5,2,121,7,7
5,2,124,7,7
5,2,125,7,7
5,2,128,7,7
5,2,131,7,7
5,2,136,7,7
5,2,143,8,8
5,2,150,8,8
5,2,153,8,8
5,2,155,8,8
5,2,156,8,8
5,2,158,8,8
5,2,162,9,9
5,2,167,9,9
5,2,171,9,9
5,2,175,9,9
5,2,177,9,9
5,2,178,9,9
5,2,182,10,10
5,2,188,10,1
5,2,191,10,10
5,2,195,10,1
5,2,198,10,10
5,2,199,10,10
5,2,203,11,11
5,2,206,11,11
5,2,207,11,11
5,2,214,11,15
5,2,215,11,11
5,2,219,11,11
5,2,223,12,12
5,2,224,12,12
5,2,228,12,12
5,2,229,12,12
5,2,230,12,12
5,2,236,12,12
5,2,245,13,13
5,2,252,13,13
5,2,253,13,13
5,2,256,13,13
5,2,257,13,13
5,2,258,13,13
5,2,260,14,14
5,2,262,14,14
5,2,267,14,14
5,2,270,14,14
5,2,271,14,14
5,2,277,14,14
5,2,280,15,15
5,2,283,15,15
5,2,284,15,15
5,2,294,15,15
5,2,298,15,15
5,2,299,15,15
5,3,10,1,1
5,3,13,1,1
5,3,14,1,5
5,3,15,1,1
5,3,16,1,1
5,3,19,1,1
5,3,20,2,2
5,3,23,2,2
5,3,24,2,2
5,3,26,2,2
5,3,34,2,2
5,3,35,2,2
5,3,40,3,3
5,3,46,3,8
5,3,47,3,3
5,3,50,3,3
5,3,55,3,3
5,3,57,3,3
5,3,62,4,4
5,3,70,4,4
5,3,73,4,4
5,3,74,4,6
5,3,76,4,4
5,3,78,4,4
5,3,80,5,5
5,3,81,5,5
5,3,89,5,5
5,3,94,5,7
5,3,97,5,5
5,3,98,5,5
5,3,100,6,6
5,3,104,6,6
5,3,105,6,4
5,3,107,6,6
5,3,109,6,6
5,3,111,6,6
5,3,122,7,7
5,3,123,7,7
5,3,130,7,7
5,3,131,7,7
5,3,132,7,7
5,3,136,7,7
5,3,142,8,8
5,3,144,8,8
5,3,145,8,8
5,3,148,8,8
5,3,150,8,8
5,3,159,8,8
5,3,160,9,9
5,3,163,9,9
5,3,168,9,9
5,3,173,9,9
5,3,175,9,9
5,3,177,9,9
5,3,182,10,10
5,3,184,10,10
5,3,185,10,1
5,3,186,10,1
5,3,191,10,10
5,3,194,10,5
5,3,201,11,11
5,3,206,11,11
5,3,210,11,11
5,3,212,11,11
5,3,216,11,11
5,3,219,11,11
5,3,220,12,12
5,3,222,12,13
5,3,226,12,13
5,3,227,12,12
5,3,232,12,12
5,3,233,12,12
5,3,241,13,13
5,3,247,13,13
5,3,248,13,13
5,3,252,13,13
5,3,254,13,13
5,3,258,13,13
5,3,260,14,14
5,3,261,14,14
5,3,263,14,14
5,3,265,14,14
5,3,276,14,14
5,3,277,14,14
5,3,282,15,15
5,3,284,15,15
5,3,290,15,15
5,3,292,15,15
5,3,296,15,15
5,3,297,15,15
5,4,4,1,1
5,4,8,1,1
5,4,10,1,1
5,4,11,1,1
5,4,12,1,1
5,4,15,1,1
5,4,22,2,2
5,4,24,2,2
5,4,27,2,2
5,4,29,2,2
5,4,30,2,2
5,4,37,2,2
5,4,44,3,3
5,4,48,3,3
5,4,50,3,3
5,4,55,3,3
5,4,57,3,3
5,4,59,3,3
5,4,70,4,4
5,4,72,4,4
5,4,73,4,4
5,4,74,4,6
5,4,76,4,4
5,4,79,4,4
5,4,82,5,5
5,4,90,5,5
5,4,92,5,5
5,4,93,5,5
5,4,98,5,5
5,4,99,5,5
5,4,106,6,6
5,4,108,6,6
5,4,110,6,6
5,4,111,6,6
5,4,113,6,6
5,4,116,6,6
5,4,122,7,2
5,4,123,7,7
5,4,128,7,7
5,4,133,7,7
5,4,137,7,7
5,4,138,7,7
5,4,141,8,8
5,4,142,8,8
5,4,144,8,8
5,4,149,8,8
5,4,152,8,8
5,4,156,8,8
5,4,161,9,9
5,4,173,9,9
5,4,175,9,9
5,4,176,9,9
5,4,178,9,9
5,4,179,9,9
5,4,180,10,10
5,4,188,10,1
5,4,192,10,10
5,4,193,10,10
5,4,194,10,5
5,4,197,10,10
5,4,204,11,11
5,4,207,11,11
5,4,209,11,11
5,4,210,11,11
5,4,214,11,15
5,4,218,11,11
5,4,220,12,12
5,4,221,12,12
5,4,222,12,13
5,4,232,12,12
5,4,236,12,12
5,4,237,12,12
5,4,243,13,13
5,4,244,13,13
5,4,245,13,13
5,4,246,13,13
5,4,250,13,13
5,4,253,13,13
5,4,261,14,14
5,4,263,14,14
5,4,267,14,14
5,4,270,14,14
5,4,271,14,14
5,4,272,14,14
5,4,280,15,15
5,4,281,15,15
5,4,283,15,15
5,4,288,15,15
5,4,292,15,15
5,4,299,15,15
5,5,2,1,10
5,5,3,1,1
5,5,6,1,10
5,5,7,1,1
5,5,10,1,1
5,5,18,1,1
5,5,23,2,2
5,5,27,2,2
5,5,28,2,2
5,5,31,2,2
5,5,37,2,2
5,5,39,2,2
5,5,43,3,3
5,5,46,3,8
5,5,48,3,3
5,5,49,3,3
5,5,57,3,3
5,5,58,3,3
5,5,60,4,4
5,5,61,4,4
5,5,66,4,4
5,5,71,4,4
5,5,74,4,6
5,5,75,4,4
5,5,83,5,5
5,5,85,5,1
5,5,86,5,5
5,5,90,5,5
5,5,93,5,5
5,5,97,5,5
5,5,106,6,6
5,5,109,6,6
5,5,110,6,6
5,5,113,6,6
5,5,114,6,1
5,5,118,6,6
5,5,124,7,7
5,5,125,7,7
5,5,127,7,7
5,5,135,7,7
5,5,136,7,7
5,5,137,7,7
5,5,146,8,8
5,5,150,8,8
5,5,153,8,8
5,5,157,8,8
5,5,158,8,8
5,5,159,8,8
5,5,160,9,9
5,5,162,9,9
5,5,164,9,9
5,5,168,9,9
5,5,175,9,9
5,5,177,9,9
5,5,184,10,10
5,5,193,10,10
5,5,194,10,5
5,5,196,10,10
5,5,197,10,10
5,5,199,10,10
5,5,200,11,11
5,5,202,11,11
5,5,209,11,11
5,5,210,11,11
5,5,212,11,11
5,5,213,11,11
5,5,220,12,12
5,5,222,12,12
5,5,228,12,12
5,5,231,12,12
5,5,232,12,12
5,5,239,12,12
5,5,240,13,13
5,5,243,13,13
5,5,247,13,13
5,5,256,13,13
5,5,257,13,13
5,5,259,13,13
5,5,264,14,14
5,5,265,14,14
5,5,272,14,14
5,5,276,14,14
5,5,278,14,14
5,5,279,14,14
5,5,280,15,15
5,5,283,15,15
5,5,287,15,15
5,5,289,15,15
5,5,295,15,15
5,5,299,15,15
5,6,1,1,1
5,6,2,1,10
5,6,7,1,1
5,6,10,1,1
5,6,13,1,1
5,6,19,1,1
5,6,20,2,2
5,6,23,2,2
5,6,30,2,2
5,6,32,2,2
5,6,35,2,2
5,6,38,2,2
5,6,40,3,3
5,6,41,3,3
5,6,47,3,3
5,6,48,3,3
5,6,52,3,3
5,6,59,3,3
5,6,60,4,4
5,6,66,4,9
5,6,67,4,4
5,6,71,4,4
5,6,76,4,4
5,6,78,4,4
5,6,86,5,10
5,6,89,5,5
5,6,90,5,5
5,6,91,5,5
5,6,96,5,5
5,6,98,5,5
5,6,102,6,6
5,6,106,6,6
5,6,108,6,4
5,6,114,6,1
5,6,115,6,6
5,6,116,6,6
5,6,125,7,7
5,6,126,7,5
5,6,133,7,7
5,6,134,7,2
5,6,135,7,7
5,6,137,7,7
5,6,140,8,8
5,6,149,8,8
5,6,153,8,8
5,6,157,8,8
5,6,158,8,8
5,6,159,8,8
5,6,164,9,9
5,6,168,9,9
5,6,172,9,9
5,6,173,9,9
5,6,175,9,9
5,6,177,9,9
5,6,182,10,10
5,6,186,10,10
5,6,187,10,10
5,6,189,10,10
5,6,190,10,10
5,6,193,10,10
5,6,203,11,11
5,6,208,11,11
5,6,210,11,11
5,6,212,11,11
5,6,214,11,15
5,6,217,11,11
5,6,220,12,12
5,6,222,12,12
5,6,227,12,12
5,6,228,12,12
5,6,229,12,12
5,6,238,12,12
5,6,240,13,13
5,6,250,13,13
5,6,251,13,13
5,6,254,13,13
5,6,257,13,13
5,6,259,13,13
5,6,262,14,14
5,6,273,14,14
5,6,275,14,14
5,6,276,14,14
5,6,278,14,14
5,6,279,14,14
5,6,283,15,15
5,6,290,15,15
5,6,291,15,15
5,6,292,15,15
5,6,294,15,15
5,6,298,15,15
5,7,1,1,1
5,7,4,1,1
5,7,12,1,1
5,7,14,1,5
5,7,16,1,1
5,7,17,1,1
5,7,20,2,2
5,7,21,2,2
5,7,31,2,2
5,7,33,2,2
5,7,34,2,2
5,7,38,2,2
5,7,41,3,3
5,7,42,3,3
5,7,47,3,3
5,7,54,3,3
5,7,55,3,3
5,7,56,3,3
5,7,60,4,4
5,7,61,4,4
5,7,64,4,4
5,7,65,4,4
5,7,69,4,4
5,7,75,4,4
5,7,82,5,7
5,7,83,5,5
5,7,85,5,5
5,7,86,5,7
5,7,91,5,5
5,7,92,5,5
5,7,101,6,6
5,7,108,6,6
5,7,109,6,6
5,7,110,6,6
5,7,114,6,1
5,7,116,6,6
5,7,121,7,7
5,7,124,7,7
5,7,127,7,7
5,7,128,7,7
5,7,131,7,7
5,7,136,7,7
5,7,141,8,8
5,7,144,8,8
5,7,148,8,8
5,7,151,8,8
5,7,154,8,3
5,7,156,8,8
5,7,163,9,9
5,7,169,9,9
5,7,172,9,9
5,7,174,9,4
5,7,176,9,9
5,7,179,9,9
5,7,180,10,10
5,7,182,10,10
5,7,183,10,10
5,7,186,10,10
5,7,194,10,5
5,7,199,10,10
5,7,201,11,11
5,7,208,11,11
5,7,209,11,11
5,7,210,11,11
5,7,211,11,11
5,7,216,11,11
5,7,223,12,12
5,7,224,12,12
5,7,228,12,12
5,7,230,12,12
5,7,232,12,12
5,7,233,12,12
5,7,245,13,13
5,7,247,13,13
5,7,251,13,13
5,7,252,13,13
5,7,254,13,13
5,7,255,13,13
5,7,260,14,14
5,7,263,14,14
5,7,266,14,14
5,7,267,14,14
5,7,271,14,14
5,7,278,14,14
5,7,280,15,15
5,7,286,15,15
5,7,289,15,15
5,7,293,15,15
5,7,294,15,15
5,7,299,15,15
5,8,1,1,1
5,8,6,1,1
5,8,7,1,1
5,8,9,1,1
5,8,17,1,1
5,8,19,1,1
5,8,26,2,2
5,8,28,2,2
5,8,30,2,2
5,8,31,2,2
5,8,34,2,3
5,8,36,2,2
5,8,40,3,3
5,8,41,3,3
5,8,48,3,3
5,8,49,3,3
5,8,51,3,3
5,8,57,3,3
5,8,61,4,4
5,8,63,4,4
5,8,65,4,4
5,8,66,4,4
5,8,76,4,4
5,8,77,4,4
5,8,80,5,5
5,8,86,5,10
5,8,92,5,5
5,8,95,5,7
5,8,98,5,5
5,8,99,5,5
5,8,100,6,6
5,8,102,6,6
5,8,107,6,6
5,8,109,6,6
5,8,115,6,6
5,8,117,6,6
5,8,120,7,7
5,8,121,7,7
5,8,122,7,7
5,8,126,7,5
5,8,132,7,7
5,8,134,7,2
5,8,141,8,8
5,8,143,8,8
5,8,144,8,8
5,8,152,8,8
5,8,155,8,8
5,8,157,8,8
5,8,162,9,9
5,8,164,9,9
5,8,170,9,9
5,8,174,9,4
5,8,175,9,9
5,8,177,9,9
5,8,181,10,10
5,8,183,10,10
5,8,186,10,10
5,8,188,10,1
5,8,189,10,10
5,8,190,10,10
5,8,202,11,11
5,8,204,11,11
5,8,208,11,11
5,8,209,11,11
5,8,214,11,15
5,8,217,11,11
5,8,224,12,12
5,8,225,12,12
5,8,228,12,12
5,8,229,12,12
5,8,236,12,12
5,8,239,12,12
5,8,241,13,13
5,8,245,13,13
5,8,251,13,13
5,8,252,13,13
5,8,254,13,13
5,8,257,13,13
5,8,264,14,14
5,8,265,14,14
5,8,267,14,14
5,8,269,14,14
5,8,272,14,14
5,8,278,14,14
5,8,280,15,15
5,8,283,15,15
5,8,291,15,15
5,8,292,15,15
5,8,295,15,15
5,8,296,15,15
5,9,1,1,1
5,9,8,1,1
5,9,10,1,1
5,9,11,1,1
5,9,12,1,1
5,9,19,1,1
5,9,21,2,2
5,9,23,2,2
5,9,25,2,2
5,9,32,2,2
5,9,33,2,2
5,9,36,2,2
5,9,46,3,8
5,9,48,3,3
5,9,52,3,3
5,9,53,3,3
5,9,56,3,3
5,9,58,3,3
5,9,62,4,4
5,9,67,4,4
5,9,70,4,4
5,9,73,4,4
5,9,75,4,4
5,9,77,4,4
5,9,85,5,5
5,9,87,5,5
5,9,88,5,7
5,9,89,5,5
5,9,97,5,5
5,9,99,5,5
5,9,105,6,6
5,9,106,6,4
5,9,109,6,6
5,9,110,6,6
5,9,113,6,6
5,9,117,6,6
5,9,120,7,7
5,9,123,7,7
5,9,127,7,7
5,9,135,7,7
5,9,136,7,7
5,9,137,7,7
5,9,142,8,8
5,9,144,8,8
5,9,145,8,8
5,9,146,8,2
5,9,147,8,8
5,9,159,8,8
5,9,163,9,9
5,9,164,9,9
5,9,165,9,9
5,9,166,9,13
5,9,168,9,9
5,9,170,9,9
5,9,180,10,10
5,9,184,10,10
5,9,185,10,1
5,9,192,10,10
5,9,194,10,5
5,9,199,10,10
5,9,202,11,11
5,9,207,11,11
5,9,212,11,11
5,9,213,11,11
5,9,216,11,11
5,9,217,11,11
5,9,221,12,12
5,9,223,12,12
5,9,229,12,12
5,9,232,12,12
5,9,234,12,12
5,9,237,12,12
5,9,243,13,13
5,9,245,13,13
5,9,247,13,13
5,9,250,13,13
5,9,256,13,13
5,9,257,13,13
5,9,262,14,14
5,9,264,14,14
5,9,267,14,14
5,9,268,14,14
5,9,276,14,14
5,9,279,14,14
5,9,281,15,15
5,9,284,15,15
5,9,287,15,15
5,9,291,15,15
5,9,295,15,15
5,9,299,15,15
5,10,0,1,1
5,10,8,1,1
5,10,10,1,1
5,10,11,1,1
5,10,16,1,1
5,10,17,1,1
5,10,21,2,2
5,10,25,2,2
5,10,28,2,2
5,10,36,2,2
5,10,37,2,2
5,10,38,2,2
5,10,40,3,3
5,10,44,3,3
5,10,48,3,3
5,10,49,3,3
5,10,56,3,3
5,10,59,3,3
5,10,66,4,4
5,10,67,4,4
5,10,68,4,4
5,10,74,4,6
5,10,77,4,4
5,10,79,4,4
5,10,83,5,5
5,10,84,5,5
5,10,87,5,5
5,10,90,5,5
5,10,92,5,5
5,10,94,5,2
5,10,104,6,6
5,10,107,6,6
5,10,111,6,6
5,10,112,6,6
5,10,116,6,6
5,10,118,6,6
5,10,120,7,7
5,10,124,7,7
5,10,126,7,5
5,10,127,7,7
5,10,130,7,7
5,10,135,7,7
5,10,142,8,8
5,10,143,8,8
5,10,144,8,8
5,10,145,8,8
5,10,153,8,8
5,10,156,8,8
5,10,163,9,9
5,10,164,9,9
5,10,168,9,9
5,10,173,9,9
5,10,175,9,9
5,10,176,9,9
5,10,181,10,10
5,10,182,10,10
5,10,188,10,1
5,10,193,10,10
5,10,194,10,5
5,10,198,10,10
5,10,200,11,11
5,10,203,11,11
5,10,205,11,11
5,10,207,11,11
5,10,215,11,11
5,10,219,11,11
5,10,220,12,12
5,10,223,12,12
5,10,227,12,12
5,10,229,12,12
5,10,233,12,12
5,10,235,12,12
5,10,242,13,13
5,10,243,13,13
5,10,244,13,13
5,10,246,13,13
5,10,248,13,13
5,10,250,13,13
5,10,261,14,14
5,10,263,14,14
5,10,264,14,14
5,10,265,14,14
5,10,273,14,14
5,10,279,14,14
5,10,280,15,15
5,10,281,15,15
5,10,282,15,15
5,10,285,15,15
5,10,286,15,15
5,10,294,15,15
6,1,5,1,1
6,1,9,1,1
6,1,11,1,1
6,1,15,1,1
6,1,17,1,1
6,1,19,1,1
6,1,20,2,2
6,1,22,2,2
6,1,24,2,2
6,1,26,2,2
6,1,34,2,2
6,1,38,2,2
6,1,41,3,3
6,1,42,3,3
6,1,46,3,3
6,1,49,3,3
6,1,53,3,3
6,1,54,3,3
6,1,63,4,4
6,1,65,4,4
6,1,70,4,4
6,1,74,4,6
6,1,75,4,4
6,1,79,4,4
6,1,82,5,5
6,1,87,5,5
6,1,89,5,5
6,1,92,5,5
6,1,94,5,7
6,1,98,5,5
6,1,101,6,6
6,1,103,6,6
6,1,108,6,6
6,1,109,6,6
6,1,114,6,1
6,1,116,6,6
6,1,120,7,7
6,1,121,7,7
6,1,128,7,7
6,1,132,7,7
6,1,134,7,2
6,1,138,7,7
6,1,147,8,8
6,1,150,8,8
6,1,152,8,8
6,1,153,8,8
6,1,155,8,8
6,1,159,8,8
6,1,160,9,9
6,1,163,9,9
6,1,164,9,9
6,1,168,9,9
6,1,169,9,9
6,1,175,9,9
6,1,187,10,10
6,1,188,10,1
6,1,190,10,10
6,1,192,10,10
6,1,194,10,5
6,1,197,10,10
6,1,200,11,11
6,1,204,11,11
6,1,210,11,11
6,1,212,11,11
6,1,214,11,11
6,1,216,11,11
6,1,221,12,13
6,1,226,12,13
6,1,228,12,12
6,1,233,12,12
6,1,237,12,12
6,1,239,12,12
6,1,244,13,13
6,1,246,13,13
6,1,249,13,13
6,1,251,13,13
6,1,252,13,13
6,1,255,13,13
6,1,260,14,14
6,1,263,14,14
6,1,265,14,14
6,1,269,14,14
6,1,273,14,14
6,1,278,14,14
6,1,280,15,15
6,1,283,15,15
6,1,290,15,15
6,1,295,15,15
6,1,297,15,15
6,1,299,15,15
6,2,4,1,1
6,2,7,1,1
6,2,11,1,1
6,2,15,1,1
6,2,16,1,1
6,2,17,1,1
6,2,20,2,2
6,2,24,2,2
6,2,26,2,2
6,2,31,2,2
6,2,38,2,2
6,2,39,2,2
6,2,41,3,3
6,2,42,3,3
6,2,46,3,3
6,2,51,3,3
6,2,52,3,3
6,2,56,3,3
6,2,61,4,4
6,2,64,4,4
6,2,66,4,6
6,2,68,4,4
6,2,70,4,4
6,2,79,4,4
6,2,81,5,5
6,2,82,5,5
6,2,84,5,5
6,2,88,5,5
6,2,89,5,5
6,2,95,5,5
6,2,101,6,6
6,2,103,6,6
6,2,107,6,6
6,2,109,6,6
6,2,110,6,6
6,2,115,6,6
6,2,121,7,7
6,2,124,7,7
6,2,125,7,5
6,2,128,7,7
6,2,131,7,7
6,2,136,7,7
6,2,143,8,3
6,2,150,8,8
6,2,153,8,8
6,2,155,8,8
6,2,156,8,8
6,2,158,8,8
6,2,162,9,9
6,2,167,9,9
6,2,171,9,9
6,2,175,9,9
6,2,177,9,9
6,2,178,9,9
6,2,182,10,10
6,2,188,10,1
6,2,191,10,10
6,2,195,10,10
6,2,198,10,10
6,2,199,10,10
6,2,203,11,11
6,2,206,11,11
6,2,207,11,11
6,2,214,11,15
6,2,215,11,11
6,2,219,11,11
6,2,223,12,12
6,2,224,12,12
6,2,228,12,12
6,2,229,12,12
6,2,230,12,12
6,2,236,12,12
6,2,245,13,13
6,2,252,13,13
6,2,253,13,13
6,2,256,13,13
6,2,257,13,13
6,2,258,13,13
6,2,260,14,14
6,2,262,14,14
6,2,267,14,14
6,2,270,14,14
6,2,271,14,14
6,2,277,14,14
6,2,280,15,15
6,2,283,15,15
6,2,284,15,15
6,2,294,15,12
6,2,298,15,15
6,2,299,15,15
6,3,10,1,1
6,3,13,1,1
6,3,14,1,5
6,3,15,1,1
6,3,16,1,1
6,3,19,1,1
6,3,20,2,2
6,3,23,2,2
6,3,24,2,2
6,3,26,2,3
6,3,34,2,2
6,3,35,2,2
6,3,40,3,3
6,3,46,3,8
6,3,47,3,3
6,3,50,3,3
6,3,55,3,3
6,3,57,3,3
6,3,62,4,4
6,3,70,4,4
6,3,73,4,4
6,3,74,4,6
6,3,76,4,4
6,3,78,4,4
6,3,80,5,5
6,3,81,5,5
6,3,89,5,5
6,3,94,5,7
6,3,97,5,5
6,3,98,5,5
6,3,100,6,6
6,3,104,6,6
6,3,105,6,4
6,3,107,6,6
6,3,109,6,6
6,3,111,6,6
6,3,122,7,7
6,3,123,7,7
6,3,130,7,7
6,3,131,7,7
6,3,132,7,7
6,3,136,7,7
6,3,142,8,8
6,3,144,8,8
6,3,145,8,8
6,3,148,8,8
6,3,150,8,8
6,3,159,8,8
6,3,160,9,9
6,3,163,9,9
6,3,168,9,9
6,3,173,9,9
6,3,175,9,9
6,3,177,9,9
6,3,182,10,10
6,3,184,10,10
6,3,185,10,1
6,3,186,10,10
6,3,191,10,10
6,3,194,10,5
6,3,201,11,11
6,3,206,11,11
6,3,210,11,11
6,3,212,11,11
6,3,216,11,11
6,3,219,11,11
6,3,220,12,12
6,3,222,12,12
6,3,226,12,13
6,3,227,12,12
6,3,232,12,12
6,3,233,12,12
6,3,241,13,13
6,3,247,13,13
6,3,248,13,13
6,3,252,13,13
6,3,254,13,13
6,3,258,13,13
6,3,260,14,14
6,3,261,14,14
6,3,263,14,14
6,3,265,14,14
6,3,276,14,14
6,3,277,14,14
6,3,282,15,15
6,3,284,15,15
6,3,290,15,15
6,3,292,15,15
6,3,296,15,15
6,3,297,15,15
6,4,4,1,1
6,4,8,1,1
6,4,10,1,1
6,4,11,1,1
6,4,12,1,1
6,4,15,1,1
6,4,22,2,2
6,4,24,2,2
6,4,27,2,2
6,4,29,2,2
6,4,30,2,2
6,4,37,2,2
6,4,44,3,3
6,4,48,3,3
6,4,50,3,3
6,4,55,3,3
6,4,57,3,3
6,4,59,3,3
6,4,70,4,4
6,4,72,4,4
6,4,73,4,4
6,4,74,4,1
6,4,76,4,4
6,4,79,4,4
6,4,82,5,5
6,4,90,5,5
6,4,92,5,5
6,4,93,5,5
6,4,98,5,5
6,4,99,5,5
6,4,106,6,6
6,4,108,6,6
6,4,110,6,6
6,4,111,6,6
6,4,113,6,6
6,4,116,6,6
6,4,122,7,7
6,4,123,7,7
6,4,128,7,7
6,4,133,7,7
6,4,137,7,7
6,4,138,7,7
6,4,141,8,8
6,4,142,8,8
6,4,144,8,8
6,4,149,8,8
6,4,152,8,8
6,4,156,8,8
6,4,161,9,9
6,4,173,9,9
6,4,175,9,9
6,4,176,9,9
6,4,178,9,9
6,4,179,9,9
6,4,180,10,10
6,4,188,10,1
6,4,192,10,10
6,4,193,10,10
6,4,194,10,5
6,4,197,10,10
6,4,204,11,11
6,4,207,11,11
6,4,209,11,11
6,4,210,11,11
6,4,214,11,15
6,4,218,11,11
6,4,220,12,12
6,4,221,12,12
6,4,222,12,12
6,4,232,12,12
6,4,236,12,12
6,4,237,12,12
6,4,243,13,13
6,4,244,13,13
6,4,245,13,13
6,4,246,13,13
6,4,250,13,13
6,4,253,13,13
6,4,261,14,14
6,4,263,14,14
6,4,267,14,14
6,4,270,14,14
6,4,271,14,14
6,4,272,14,14
6,4,280,15,15
6,4,281,15,15
6,4,283,15,15
6,4,288,15,15
6,4,292,15,15
6,4,299,15,15
6,5,2,1,10
6,5,3,1,10
6,5,6,1,10
6,5,7,1,1
6,5,10,1,1
6,5,18,1,1
6,5,23,2,2
6,5,27,2,2
6,5,28,2,2
6,5,31,2,2
6,5,37,2,2
6,5,39,2,2
6,5,43,3,3
6,5,46,3,8
6,5,48,3,3
6,5,49,3,3
6,5,57,3,3
6,5,58,3,3
6,5,60,4,4
6,5,61,4,4
6,5,66,4,4
6,5,71,4,4
6,5,74,4,6
6,5,75,4,4
6,5,83,5,5
6,5,85,5,1
6,5,86,5,5
6,5,90,5,5
6,5,93,5,5
6,5,97,5,5
6,5,106,6,6
6,5,109,6,6
6,5,110,6,6
6,5,113,6,6
6,5,114,6,1
6,5,118,6,6
6,5,124,7,7
6,5,125,7,5
6,5,127,7,7
6,5,135,7,7
6,5,136,7,7
6,5,137,7,7
6,5,146,8,8
6,5,150,8,8
6,5,153,8,8
6,5,157,8,8
6,5,158,8,8
6,5,159,8,8
6,5,160,9,9
6,5,162,9,9
6,5,164,9,9
6,5,168,9,9
6,5,175,9,9
6,5,177,9,9
6,5,184,10,10
6,5,193,10,10
6,5,194,10,5
6,5,196,10,10
6,5,197,10,10
6,5,199,10,10
6,5,200,11,11
6,5,202,11,11
6,5,209,11,11
6,5,210,11,11
6,5,212,11,11
6,5,213,11,11
6,5,220,12,12
6,5,222,12,12
6,5,228,12,12
6,5,231,12,12
6,5,232,12,12
6,5,239,12,12
6,5,240,13,13
6,5,243,13,13
6,5,247,13,13
6,5,256,13,13
6,5,257,13,13
6,5,259,13,13
6,5,264,14,14
6,5,265,14,14
6,5,272,14,14
6,5,276,14,14
6,5,278,14,14
6,5,279,14,14
6,5,280,15,15
6,5,283,15,15
6,5,287,15,15
6,5,289,15,15
6,5,295,15,15
6,5,299,15,15
6,6,1,1,1
6,6,2,1,10
6,6,7,1,1
6,6,10,1,1
6,6,13,1,1
6,6,19,1,1
6,6,20,2,2
6,6,23,2,2
6,6,30,2,2
6,6,32,2,2
6,6,35,2,2
6,6,38,2,2
6,6,40,3,3
6,6,41,3,3
6,6,47,3,3
6,6,48,3,3
6,6,52,3,3
6,6,59,3,3
6,6,60,4,4
6,6,66,4,4
6,6,67,4,4
6,6,71,4,4
6,6,76,4,4
6,6,78,4,4
6,6,86,5,5
6,6,89,5,5
6,6,90,5,5
6,6,91,5,5
6,6,96,5,5
6,6,98,5,5
6,6,102,6,6
6,6,106,6,6
6,6,108,6,6
6,6,114,6,1
6,6,115,6,6
6,6,116,6,6
6,6,125,7,7
6,6,126,7,8
6,6,133,7,7
6,6,134,7,2
6,6,135,7,7
6,6,137,7,7
6,6,140,8,8
6,6,149,8,8
6,6,153,8,8
6,6,157,8,8
6,6,158,8,8
6,6,159,8,8
6,6,164,9,9
6,6,168,9,9
6,6,172,9,9
6,6,173,9,9
6,6,175,9,9
6,6,177,9,9
6,6,182,10,10
6,6,186,10,10
6,6,187,10,10
6,6,189,10,10
6,6,190,10,10
6,6,193,10,10
6,6,203,11,11
6,6,208,11,11
6,6,210,11,11
6,6,212,11,11
6,6,214,11,15
6,6,217,11,11
6,6,220,12,12
6,6,222,12,12
6,6,227,12,12
6,6,228,12,12
6,6,229,12,12
6,6,238,12,12
6,6,240,13,13
6,6,250,13,13
6,6,251,13,13
6,6,254,13,13
6,6,257,13,13
6,6,259,13,13
6,6,262,14,14
6,6,273,14,14
6,6,275,14,14
6,6,276,14,14
6,6,278,14,14
6,6,279,14,14
6,6,283,15,15
6,6,290,15,15
6,6,291,15,15
6,6,292,15,15
6,6,294,15,15
6,6,298,15,15
6,7,1,1,1
6,7,4,1,1
6,7,12,1,1
6,7,14,1,5
6,7,16,1,1
6,7,17,1,1
6,7,20,2,2
6,7,21,2,2
6,7,31,2,2
6,7,33,2,2
6,7,34,2,2
6,7,38,2,2
6,7,41,3,3
6,7,42,3,3
6,7,47,3,3
6,7,54,3,3
6,7,55,3,3
6,7,56,3,3
6,7,60,4,4
6,7,61,4,4
6,7,64,4,4
6,7,65,4,4
6,7,69,4,4
6,7,75,4,4
6,7,82,5,5
6,7,83,5,5
6,7,85,5,5
6,7,86,5,5
6,7,91,5,5
6,7,92,5,5
6,7,101,6,6
6,7,108,6,6
6,7,109,6,6
6,7,110,6,6
6,7,114,6,1
6,7,116,6,6
6,7,121,7,7
6,7,124,7,7
6,7,127,7,7
6,7,128,7,7
6,7,131,7,7
6,7,136,7,7
6,7,141,8,8
6,7,144,8,8
6,7,148,8,8
6,7,151,8,8
6,7,154,8,3
6,7,156,8,8
6,7,163,9,9
6,7,169,9,9
6,7,172,9,9
6,7,174,9,4
6,7,176,9,9
6,7,179,9,9
6,7,180,10,10
6,7,182,10,10
6,7,183,10,10
6,7,186,10,1
6,7,194,10,5
6,7,199,10,10
6,7,201,11,11
6,7,208,11,11
6,7,209,11,11
6,7,210,11,11
6,7,211,11,11
6,7,216,11,11
6,7,223,12,12
6,7,224,12,12
6,7,228,12,12
6,7,230,12,12
6,7,232,12,12
6,7,233,12,12
6,7,245,13,13
6,7,247,13,13
6,7,251,13,13
6,7,252,13,13
6,7,254,13,13
6,7,255,13,13
6,7,260,14,14
6,7,263,14,14
6,7,266,14,14
6,7,267,14,14
6,7,271,14,14
6,7,278,14,14
6,7,280,15,15
6,7,286,15,15
6,7,289,15,15
6,7,293,15,15
6,7,294,15,15
6,7,299,15,15
6,8,1,1,1
6,8,6,1,10
6,8,7,1,1
6,8,9,1,1
6,8,17,1,1
6,8,19,1,1
6,8,26,2,3
6,8,28,2,2
6,8,30,2,2
6,8,31,2,2
6,8,34,2,2
6,8,36,2,2
6,8,40,3,3
6,8,41,3,3
6,8,48,3,3
6,8,49,3,3
6,8,51,3,3
6,8,57,3,3
6,8,61,4,4
6,8,63,4,4
6,8,65,4,4
6,8,66,4,4
6,8,76,4,4
6,8,77,4,4
6,8,80,5,5
6,8,86,5,5
6,8,92,5,5
6,8,95,5,5
6,8,98,5,5
6,8,99,5,5
6,8,100,6,6
6,8,102,6,6
6,8,107,6,6
6,8,109,6,6
6,8,115,6,6
6,8,117,6,6
6,8,120,7,7
6,8,121,7,7
6,8,122,7,7
6,8,126,7,8
6,8,132,7,7
6,8,134,7,2
6,8,141,8,8
6,8,143,8,8
6,8,144,8,8
6,8,152,8,8
6,8,155,8,8
6,8,157,8,8
6,8,162,9,9
6,8,164,9,9
6,8,170,9,9
6,8,174,9,4
6,8,175,9,9
6,8,177,9,9
6,8,181,10,10
6,8,183,10,10
6,8,186,10,10
6,8,188,10,10
6,8,189,10,10
6,8,190,10,10
6,8,202,11,11
6,8,204,11,11
6,8,208,11,11
6,8,209,11,11
6,8,214,11,15
6,8,217,11,11
6,8,224,12,12
6,8,225,12,12
6,8,228,12,12
6,8,229,12,12
6,8,236,12,12
6,8,239,12,12
6,8,241,13,13
6,8,245,13,13
6,8,251,13,13
6,8,252,13,13
6,8,254,13,12
6,8,257,13,13
6,8,264,14,14
6,8,265,14,14
6,8,267,14,14
6,8,269,14,14
6,8,272,14,14
6,8,278,14,14
6,8,280,15,15
6,8,283,15,15
6,8,291,15,15
6,8,292,15,15
6,8,295,15,15
6,8,296,15,15
6,9,1,1,1
6,9,8,1,1
6,9,10,1,1
6,9,11,1,1
6,9,12,1,1
6,9,19,1,1
6,9,21,2,2
6,9,23,2,2
6,9,25,2,2
6,9,32,2,2
6,9,33,2,2
6,9,36,2,2
6,9,46,3,3
6,9,48,3,3
6,9,52,3,3
6,9,53,3,3
6,9,56,3,3
6,9,58,3,3
6,9,62,4,4
6,9,67,4,4
6,9,70,4,4
6,9,73,4,4
6,9,75,4,4
6,9,77,4,4
6,9,85,5,5
6,9,87,5,5
6,9,88,5,5
6,9,89,5,5
6,9,97,5,5
6,9,99,5,5
6,9,105,6,4
6,9,106,6,4
6,9,109,6,6
6,9,110,6,6
6,9,113,6,6
6,9,117,6,6
6,9,120,7,7
6,9,123,7,7
6,9,127,7,7
6,9,135,7,7
6,9,136,7,7
6,9,137,7,7
6,9,142,8,8
6,9,144,8,8
6,9,145,8,8
6,9,146,8,8
6,9,147,8,8
6,9,159,8,8
6,9,163,9,9
6,9,164,9,9
6,9,165,9,9
6,9,166,9,9
6,9,168,9,9
6,9,170,9,9
6,9,180,10,10
6,9,184,10,10
6,9,185,10,1
6,9,192,10,10
6,9,194,10,5
6,9,199,10,10
6,9,202,11,11
6,9,207,11,11
6,9,212,11,11
6,9,213,11,11
6,9,216,11,11
6,9,217,11,11
6,9,221,12,13
6,9,223,12,12
6,9,229,12,12
6,9,232,12,12
6,9,234,12,13
6,9,237,12,12
6,9,243,13,13
6,9,245,13,13
6,9,247,13,13
6,9,250,13,13
6,9,256,13,13
6,9,257,13,13
6,9,262,14,14
6,9,264,14,14
6,9,267,14,14
6,9,268,14,14
6,9,276,14,14
6,9,279,14,14
6,9,281,15,15
6,9,284,15,15
6,9,287,15,15
6,9,291,15,15
6,9,295,15,15
6,9,299,15,15
6,10,0,1,1
6,10,8,1,1
6,10,10,1,1
6,10,11,1,1
6,10,16,1,1
6,10,17,1,1
6,10,21,2,2
6,10,25,2,2
6,10,28,2,2
6,10,36,2,2
6,10,37,2,2
6,10,38,2,2
6,10,40,3,3
6,10,44,3,3
6,10,48,3,3
6,10,49,3,3
6,10,56,3,3
6,10,59,3,3
6,10,66,4,4
6,10,67,4,4
6,10,68,4,4
6,10,74,4,6
6,10,77,4,4
6,10,79,4,4
6,10,83,5,5
6,10,84,5,5
6,10,87,5,5
6,10,90,5,5
6,10,92,5,5
6,10,94,5,7
6,10,104,6,6
6,10,107,6,6
6,10,111,6,6
6,10,112,6,6
6,10,116,6,6
6,10,118,6,6
6,10,120,7,7
6,10,124,7,7
6,10,126,7,5
6,10,127,7,7
6,10,130,7,7
6,10,135,7,7
6,10,142,8,8
6,10,143,8,8
6,10,144,8,8
6,10,145,8,8
6,10,153,8,8
6,10,156,8,8
6,10,163,9,9
6,10,164,9,9
6,10,168,9,9
6,10,173,9,9
6,10,175,9,9
6,10,176,9,9
6,10,181,10,10
6,10,182,10,10
6,10,188,10,10
6,10,193,10,10
6,10,194,10,5
6,10,198,10,10
6,10,200,11,11
6,10,203,11,11
6,10,205,11,11
6,10,207,11,11
6,10,215,11,11
6,10,219,11,11
6,10,220,12,12
6,10,223,12,12
6,10,227,12,12
6,10,229,12,12
6,10,233,12,12
6,10,235,12,12
6,10,242,13,13
6,10,243,13,13
6,10,244,13,13
6,10,246,13,13
6,10,248,13,13
6,10,250,13,13
6,10,261,14,14
6,10,263,14,14
6,10,264,14,14
6,10,265,14,14
6,10,273,14,14
6,10,279,14,14
6,10,280,15,15
6,10,281,15,15
6,10,282,15,15
6,10,285,15,15
6,10,286,15,15
6,10,294,15,15
7,1,5,1,1
7,1,9,1,1
7,1,11,1,1
7,1,15,1,1
7,1,17,1,1
7,1,19,1,1
7,1,20,2,2
7,1,22,2,2
7,1,24,2,2
7,1,26,2,3
7,1,34,2,2
7,1,38,2,2
7,1,41,3,8
7,1,42,3,3
7,1,46,3,8
7,1,49,3,3
7,1,53,3,3
7,1,54,3,3
7,1,63,4,4
7,1,65,4,4
7,1,70,4,4
7,1,74,4,1
7,1,75,4,4
7,1,79,4,4
7,1,82,5,5
7,1,87,5,5
7,1,89,5,5
7,1,92,5,5
7,1,94,5,7
7,1,98,5,5
7,1,101,6,6
7,1,103,6,6
7,1,108,6,6
7,1,109,6,6
7,1,114,6,1
7,1,116,6,6
7,1,120,7,7
7,1,121,7,7
7,1,128,7,7
7,1,132,7,7
7,1,134,7,2
7,1,138,7,7
7,1,147,8,8
7,1,150,8,8
7,1,152,8,8
7,1,153,8,8
7,1,155,8,8
7,1,159,8,8
7,1,160,9,9
7,1,163,9,9
7,1,164,9,9
7,1,168,9,9
7,1,169,9,9
7,1,175,9,9
7,1,187,10,10
7,1,188,10,10
7,1,190,10,10
7,1,192,10,10
7,1,194,10,5
7,1,197,10,10
7,1,200,11,11
7,1,204,11,11
7,1,210,11,11
7,1,212,11,11
7,1,214,11,11
7,1,216,11,11
7,1,221,12,12
7,1,226,12,13
7,1,228,12,12
7,1,233,12,12
7,1,237,12,12
7,1,239,12,12
7,1,244,13,13
7,1,246,13,13
7,1,249,13,13
7,1,251,13,13
7,1,252,13,13
7,1,255,13,13
7,1,260,14,14
7,1,263,14,14
7,1,265,14,14
7,1,269,14,14
7,1,273,14,14
7,1,278,14,14
7,1,280,15,15
7,1,283,15,15
7,1,290,15,15
7,1,295,15,15
7,1,297,15,15
7,1,299,15,15
7,2,4,1,1
7,2,7,1,1
7,2,11,1,1
7,2,15,1,1
7,2,16,1,1
7,2,17,1,1
7,2,20,2,2
7,2,24,2,2
7,2,26,2,3
7,2,31,2,2
7,2,38,2,2
7,2,39,2,2
7,2,41,3,8
7,2,42,3,3
7,2,46,3,3
7,2,51,3,3
7,2,52,3,3
7,2,56,3,3
7,2,61,4,4
7,2,64,4,4
7,2,66,4,4
7,2,68,4,4
7,2,70,4,4
7,2,79,4,4
7,2,81,5,5
7,2,82,5,5
7,2,84,5,5
7,2,88,5,5
7,2,89,5,5
7,2,95,5,5
7,2,101,6,6
7,2,103,6,6
7,2,107,6,6
7,2,109,6,6
7,2,110,6,6
7,2,115,6,6
7,2,121,7,7
7,2,124,7,7
7,2,125,7,7
7,2,128,7,7
7,2,131,7,7
7,2,136,7,7
7,2,143,8,3
7,2,150,8,8
7,2,153,8,8
7,2,155,8,8
7,2,156,8,8
7,2,158,8,8
7,2,162,9,9
7,2,167,9,9
7,2,171,9,9
7,2,175,9,9
7,2,177,9,9
7,2,178,9,9
7,2,182,10,10
7,2,188,10,10
7,2,191,10,10
7,2,195,10,10
7,2,198,10,10
7,2,199,10,10
7,2,203,11,11
7,2,206,11,11
7,2,207,11,11
7,2,214,11,11
7,2,215,11,11
7,2,219,11,11
7,2,223,12,12
7,2,224,12,12
7,2,228,12,12
7,2,229,12,12
7,2,230,12,12
7,2,236,12,12
7,2,245,13,13
7,2,252,13,13
7,2,253,13,13
7,2,256,13,13
7,2,257,13,13
7,2,258,13,13
7,2,260,14,14
7,2,262,14,14
7,2,267,14,14
7,2,270,14,14
7,2,271,14,14
7,2,277,14,14
7,2,280,15,15
7,2,283,15,15
7,2,284,15,15
7,2,294,15,15
7,2,298,15,15
7,2,299,15,15
7,3,10,1,1
7,3,13,1,1
7,3,14,1,5
7,3,15,1,1
7,3,16,1,1
7,3,19,1,1
7,3,20,2,2
7,3,23,2,2
7,3,24,2,2
7,3,26,2,2
7,3,34,2,2
7,3,35,2,2
7,3,40,3,3
7,3,46,3,3
7,3,47,3,3
7,3,50,3,3
7,3,55,3,3
7,3,57,3,3
7,3,62,4,4
7,3,70,4,4
7,3,73,4,4
7,3,74,4,1
7,3,76,4,4
7,3,78,4,4
7,3,80,5,5
7,3,81,5,10
7,3,89,5,5
7,3,94,5,7
7,3,97,5,5
7,3,98,5,5
7,3,100,6,6
7,3,104,6,6
7,3,105,6,6
7,3,107,6,6
7,3,109,6,6
7,3,111,6,6
7,3,122,7,7
7,3,123,7,7
7,3,130,7,7
7,3,131,7,7
7,3,132,7,7
7,3,136,7,7
7,3,142,8,8
7,3,144,8,8
7,3,145,8,8
7,3,148,8,8
7,3,150,8,8
7,3,159,8,8
7,3,160,9,9
7,3,163,9,9
7,3,168,9,9
7,3,173,9,9
7,3,175,9,9
7,3,177,9,9
7,3,182,10,10
7,3,184,10,10
7,3,185,10,10
7,3,186,10,10
7,3,191,10,10
7,3,194,10,5
7,3,201,11,11
7,3,206,11,11
7,3,210,11,11
7,3,212,11,11
7,3,216,11,11
7,3,219,11,11
7,3,220,12,12
7,3,222,12,12
7,3,226,12,12
7,3,227,12,12
7,3,232,12,12
7,3,233,12,12
7,3,241,13,13
7,3,247,13,13
7,3,248,13,13
7,3,252,13,13
7,3,254,13,13
7,3,258,13,13
7,3,260,14,14
7,3,261,14,14
7,3,263,14,14
7,3,265,14,14
7,3,276,14,14
7,3,277,14,14
7,3,282,15,15
7,3,284,15,15
7,3,290,15,15
7,3,292,15,15
7,3,296,15,15
7,3,297,15,15
7,4,4,1,1
7,4,8,1,1
7,4,10,1,1
7,4,11,1,1
7,4,12,1,1
7,4,15,1,1
7,4,22,2,2
7,4,24,2,2
7,4,27,2,2
7,4,29,2,2
7,4,30,2,2
7,4,37,2,2
7,4,44,3,3
7,4,48,3,3
7,4,50,3,3
7,4,55,3,3
7,4,57,3,3
7,4,59,3,3
7,4,70,4,4
7,4,72,4,4
7,4,73,4,4
7,4,74,4,1
7,4,76,4,4
7,4,79,4,4
7,4,82,5,5
7,4,90,5,5
7,4,92,5,5
7,4,93,5,5
7,4,98,5,5
7,4,99,5,5
7,4,106,6,6
7,4,108,6,6
7,4,110,6,6
7,4,111,6,6
7,4,113,6,6
7,4,116,6,6
7,4,122,7,7
7,4,123,7,7
7,4,128,7,7
7,4,133,7,7
7,4,137,7,7
7,4,138,7,7
7,4,141,8,8
7,4,142,8,8
7,4,144,8,8
7,4,149,8,3
7,4,152,8,8
7,4,156,8,8
7,4,161,9,9
7,4,173,9,9
7,4,175,9,9
7,4,176,9,9
7,4,178,9,9
7,4,179,9,9
7,4,180,10,10
7,4,188,10,10
7,4,192,10,10
7,4,193,10,10
7,4,194,10,5
7,4,197,10,10
7,4,204,11,11
7,4,207,11,11
7,4,209,11,11
7,4,210,11,11
7,4,214,11,11
7,4,218,11,11
7,4,220,12,12
7,4,221,12,12
7,4,222,12,12
7,4,232,12,12
7,4,236,12,12
7,4,237,12,12
7,4,243,13,13
7,4,244,13,13
7,4,245,13,13
7,4,246,13,13
7,4,250,13,13
7,4,253,13,13
7,4,261,14,14
7,4,263,14,14
7,4,267,14,14
7,4,270,14,14
7,4,271,14,14
7,4,272,14,14
7,4,280,15,15
7,4,281,15,15
7,4,283,15,15
7,4,288,15,15
7,4,292,15,15
7,4,299,15,15
7,5,2,1,1
7,5,3,1,1
7,5,6,1,10
7,5,7,1,1
7,5,10,1,1
7,5,18,1,1
7,5,23,2,2
7,5,27,2,2
7,5,28,2,2
7,5,31,2,2
7,5,37,2,2
7,5,39,2,2
7,5,43,3,3
7,5,46,3,3
7,5,48,3,3
7,5,49,3,3
7,5,57,3,3
7,5,58,3,3
7,5,60,4,4
7,5,61,4,9
7,5,66,4,4
7,5,71,4,4
7,5,74,4,4
7,5,75,4,4
7,5,83,5,5
7,5,85,5,5
7,5,86,5,5
7,5,90,5,5
7,5,93,5,5
7,5,97,5,5
7,5,106,6,6
7,5,109,6,6
7,5,110,6,6
7,5,113,6,6
7,5,114,6,1
7,5,118,6,6
7,5,124,7,7
7,5,125,7,7
7,5,127,7,7
7,5,135,7,7
7,5,136,7,7
7,5,137,7,7
7,5,146,8,8
7,5,150,8,8
7,5,153,8,8
7,5,157,8,8
7,5,158,8,8
7,5,159,8,8
7,5,160,9,9
7,5,162,9,9
7,5,164,9,9
7,5,168,9,9
7,5,175,9,9
7,5,177,9,9
7,5,184,10,10
7,5,193,10,10
7,5,194,10,5
7,5,196,10,10
7,5,197,10,10
7,5,199,10,10
7,5,200,11,11
7,5,202,11,11
7,5,209,11,11
7,5,210,11,11
7,5,212,11,11
7,5,213,11,11
7,5,220,12,12
7,5,222,12,12
7,5,228,12,12
7,5,231,12,12
7,5,232,12,12
7,5,239,12,12
7,5,240,13,13
7,5,243,13,13
7,5,247,13,13
7,5,256,13,13
7,5,257,13,13
7,5,259,13,13
7,5,264,14,14
7,5,265,14,14
7,5,272,14,14
7,5,276,14,14
7,5,278,14,14
7,5,279,14,14
7,5,280,15,15
7,5,283,15,15
7,5,287,15,15
7,5,289,15,15
7,5,295,15,15
7,5,299,15,15
7,6,1,1,1
7,6,2,1,1
7,6,7,1,1
7,6,10,1,1
7,6,13,1,1
7,6,19,1,1
7,6,20,2,2
7,6,23,2,2
7,6,30,2,2
7,6,32,2,2
7,6,35,2,2
7,6,38,2,2
7,6,40,3,3
7,6,41,3,8
7,6,47,3,3
7,6,48,3,3
7,6,52,3,3
7,6,59,3,3
7,6,60,4,4
7,6,66,4,4
7,6,67,4,4
7,6,71,4,4
7,6,76,4,4
7,6,78,4,4
7,6,86,5,5
7,6,89,5,5
7,6,90,5,5
7,6,91,5,5
7,6,96,5,5
7,6,98,5,5
7,6,102,6,6
7,6,106,6,6
7,6,108,6,6
7,6,114,6,1
7,6,115,6,6
7,6,116,6,6
7,6,125,7,7
7,6,126,7,7
7,6,133,7,7
7,6,134,7,2
7,6,135,7,7
7,6,137,7,7
7,6,140,8,8
7,6,149,8,8
7,6,153,8,8
7,6,157,8,8
7,6,158,8,8
7,6,159,8,8
7,6,164,9,9
7,6,168,9,9
7,6,172,9,9
7,6,173,9,9
7,6,175,9,9
7,6,177,9,9
7,6,182,10,10
7,6,186,10,10
7,6,187,10,10
7,6,189,10,10
7,6,190,10,10
7,6,193,10,10
7,6,203,11,11
7,6,208,11,11
7,6,210,11,11
7,6,212,11,11
7,6,214,11,11
7,6,217,11,11
7,6,220,12,12
7,6,222,12,12
7,6,227,12,12
7,6,228,12,12
7,6,229,12,12
7,6,238,12,12
7,6,240,13,13
7,6,250,13,13
7,6,251,13,13
7,6,254,13,13
7,6,257,13,13
7,6,259,13,13
7,6,262,14,14
7,6,273,14,14
7,6,275,14,14
7,6,276,14,14
7,6,278,14,14
7,6,279,14,14
7,6,283,15,15
7,6,290,15,15
7,6,291,15,15
7,6,292,15,15
7,6,294,15,15
7,6,298,15,15
7,7,1,1,1
7,7,4,1,1
7,7,12,1,1
7,7,14,1,5
7,7,16,1,1
7,7,17,1,1
7,7,20,2,2
7,7,21,2,2
7,7,31,2,2
7,7,33,2,2
7,7,34,2,2
7,7,38,2,2
7,7,41,3,8
7,7,42,3,3
7,7,47,3,3
7,7,54,3,3
7,7,55,3,3
7,7,56,3,3
7,7,60,4,4
7,7,61,4,4
7,7,64,4,4
7,7,65,4,4
7,7,69,4,4
7,7,75,4,4
7,7,82,5,5
7,7,83,5,5
7,7,85,5,5
7,7,86,5,5
7,7,91,5,5
7,7,92,5,5
7,7,101,6,6
7,7,108,6,6
7,7,109,6,6
7,7,110,6,6
7,7,114,6,1
7,7,116,6,6
7,7,121,7,7
7,7,124,7,7
7,7,127,7,7
7,7,128,7,7
7,7,131,7,7
7,7,136,7,7
7,7,141,8,8
7,7,144,8,8
7,7,148,8,8
7,7,151,8,8
7,7,154,8,3
7,7,156,8,8
7,7,163,9,9
7,7,169,9,9
7,7,172,9,9
7,7,174,9,4
7,7,176,9,9
7,7,179,9,9
7,7,180,10,10
7,7,182,10,10
7,7,183,10,10
7,7,186,10,10
7,7,194,10,5
7,7,199,10,10
7,7,201,11,11
7,7,208,11,11
7,7,209,11,11
7,7,210,11,11
7,7,211,11,11
7,7,216,11,11
7,7,223,12,12
7,7,224,12,12
7,7,228,12,12
7,7,230,12,12
7,7,232,12,12
7,7,233,12,12
7,7,245,13,13
7,7,247,13,13
7,7,251,13,13
7,7,252,13,13
7,7,254,13,13
7,7,255,13,13
7,7,260,14,14
7,7,263,14,14
7,7,266,14,14
7,7,267,14,14
7,7,271,14,14
7,7,278,14,14
7,7,280,15,15
7,7,286,15,15
7,7,289,15,15
7,7,293,15,15
7,7,294,15,15
7,7,299,15,15
7,8,1,1,1
7,8,6,1,10
7,8,7,1,1
7,8,9,1,1
7,8,17,1,1
7,8,19,1,1
7,8,26,2,2
7,8,28,2,2
7,8,30,2,2
7,8,31,2,2
7,8,34,2,3
7,8,36,2,2
7,8,40,3,3
7,8,41,3,8
7,8,48,3,3
7,8,49,3,3
7,8,51,3,3
7,8,57,3,3
7,8,61,4,4
7,8,63,4,4
7,8,65,4,4
7,8,66,4,1
7,8,76,4,4
7,8,77,4,4
7,8,80,5,5
7,8,86,5,5
7,8,92,5,5
7,8,95,5,5
7,8,98,5,5
7,8,99,5,5
7,8,100,6,6
7,8,102,6,6
7,8,107,6,6
7,8,109,6,6
7,8,115,6,6
7,8,117,6,6
7,8,120,7,7
7,8,121,7,7
7,8,122,7,7
7,8,126,7,7
7,8,132,7,7
7,8,134,7,2
7,8,141,8,8
7,8,143,8,8
7,8,144,8,8
7,8,152,8,8
7,8,155,8,8
7,8,157,8,8
7,8,162,9,9
7,8,164,9,9
7,8,170,9,9
7,8,174,9,4
7,8,175,9,9
7,8,177,9,9
7,8,181,10,10
7,8,183,10,10
7,8,186,10,10
7,8,188,10,10
7,8,189,10,10
7,8,190,10,10
7,8,202,11,11
7,8,204,11,11
7,8,208,11,11
7,8,209,11,11
7,8,214,11,11
7,8,217,11,11
7,8,224,12,12
7,8,225,12,12
7,8,228,12,12
7,8,229,12,12
7,8,236,12,12
7,8,239,12,12
7,8,241,13,12
7,8,245,13,13
7,8,251,13,13
7,8,252,13,13
7,8,254,13,13
7,8,257,13,13
7,8,264,14,14
7,8,265,14,14
7,8,267,14,14
7,8,269,14,14
7,8,272,14,14
7,8,278,14,14
7,8,280,15,15
7,8,283,15,15
7,8,291,15,15
7,8,292,15,15
7,8,295,15,15
7,8,296,15,15
7,9,1,1,1
7,9,8,1,1
7,9,10,1,1
7,9,11,1,1
7,9,12,1,1
7,9,19,1,1
7,9,21,2,2
7,9,23,2,2
7,9,25,2,2
7,9,32,2,2
7,9,33,2,2
7,9,36,2,2
7,9,46,3,3
7,9,48,3,3
7,9,52,3,3
7,9,53,3,3
7,9,56,3,3
7,9,58,3,3
7,9,62,4,4
7,9,67,4,4
7,9,70,4,4
7,9,73,4,4
7,9,75,4,4
7,9,77,4,4
7,9,85,5,5
7,9,87,5,5
7,9,88,5,5
7,9,89,5,5
7,9,97,5,5
7,9,99,5,5
7,9,105,6,6
7,9,106,6,6
7,9,109,6,6
7,9,110,6,6
7,9,113,6,6
7,9,117,6,6
7,9,120,7,7
7,9,123,7,7
7,9,127,7,7
7,9,135,7,7
7,9,136,7,7
7,9,137,7,7
7,9,142,8,8
7,9,144,8,8
7,9,145,8,8
7,9,146,8,8
7,9,147,8,8
7,9,159,8,8
7,9,163,9,9
7,9,164,9,9
7,9,165,9,9
7,9,166,9,9
7,9,168,9,9
7,9,170,9,9
7,9,180,10,10
7,9,184,10,10
7,9,185,10,10
7,9,192,10,10
7,9,194,10,5
7,9,199,10,10
7,9,202,11,11
7,9,207,11,11
7,9,212,11,11
7,9,213,11,11
7,9,216,11,11
7,9,217,11,11
7,9,221,12,12
7,9,223,12,12
7,9,229,12,12
7,9,232,12,12
7,9,234,12,13
7,9,237,12,12
7,9,243,13,13
7,9,245,13,13
7,9,247,13,13
7,9,250,13,13
7,9,256,13,13
7,9,257,13,13
7,9,262,14,14
7,9,264,14,14
7,9,267,14,14
7,9,268,14,14
7,9,276,14,14
7,9,279,14,14
7,9,281,15,15
7,9,284,15,15
7,9,287,15,15
7,9,291,15,15
7,9,295,15,15
7,9,299,15,15
7,10,0,1,1
7,10,8,1,1
7,10,10,1,1
7,10,11,1,1
7,10,16,1,1
7,10,17,1,1
7,10,21,2,2
7,10,25,2,2
7,10,28,2,2
7,10,36,2,2
7,10,37,2,2
7,10,38,2,2
7,10,40,3,3
7,10,44,3,3
7,10,48,3,3
7,10,49,3,3
7,10,56,3,3
7,10,59,3,3
7,10,66,4,6
7,10,67,4,4
7,10,68,4,4
7,10,74,4,1
7,10,77,4,4
7,10,79,4,4
7,10,83,5,7
7,10,84,5,5
7,10,87,5,5
7,10,90,5,5
7,10,92,5,5
7,10,94,5,7
7,10,104,6,6
7,10,107,6,6
7,10,111,6,6
7,10,112,6,6
7,10,116,6,6
7,10,118,6,6
7,10,120,7,7
7,10,124,7,7
7,10,126,7,8
7,10,127,7,7
7,10,130,7,7
7,10,135,7,7
7,10,142,8,8
7,10,143,8,3
7,10,144,8,8
7,10,145,8,8
7,10,153,8,8
7,10,156,8,8
7,10,163,9,9
7,10,164,9,9
7,10,168,9,9
7,10,173,9,9
7,10,175,9,9
7,10,176,9,9
7,10,181,10,10
7,10,182,10,10
7,10,188,10,10
7,10,193,10,10
7,10,194,10,5
7,10,198,10,10
7,10,200,11,11
7,10,203,11,11
7,10,205,11,11
7,10,207,11,11
7,10,215,11,11
7,10,219,11,11
7,10,220,12,12
7,10,223,12,12
7,10,227,12,12
7,10,229,12,12
7,10,233,12,12
7,10,235,12,12
7,10,242,13,13
7,10,243,13,13
7,10,244,13,13
7,10,246,13,13
7,10,248,13,13
7,10,250,13,13
7,10,261,14,14
7,10,263,14,14
7,10,264,14,14
7,10,265,14,14
7,10,273,14,14
7,10,279,14,14
7,10,280,15,15
7,10,281,15,15
7,10,282,15,15
7,10,285,15,15
7,10,286,15,12
7,10,294,15,12
8,1,5,1,1
8,1,9,1,1
8,1,11,1,1
8,1,15,1,1
8,1,17,1,1
8,1,19,1,1
8,1,20,2,2
8,1,22,2,2
8,1,24,2,2
8,1,26,2,3
8,1,34,2,3
8,1,38,2,2
8,1,41,3,8
8,1,42,3,3
8,1,46,3,3
8,1,49,3,3
8,1,53,3,3
8,1,54,3,3
8,1,63,4,4
8,1,65,4,4
8,1,70,4,4
8,1,74,4,1
8,1,75,4,4
8,1,79,4,4
8,1,82,5,5
8,1,87,5,5
8,1,89,5,5
8,1,92,5,5
8,1,94,5,7
8,1,98,5,5
8,1,101,6,4
8,1,103,6,1
8,1,108,6,6
8,1,109,6,6
8,1,114,6,1
8,1,116,6,6
8,1,120,7,7
8,1,121,7,7
8,1,128,7,7
8,1,132,7,7
8,1,134,7,3
8,1,138,7,7
8,1,147,8,8
8,1,150,8,8
8,1,152,8,8
8,1,153,8,8
8,1,155,8,8
8,1,159,8,8
8,1,160,9,9
8,1,163,9,4
8,1,164,9,9
8,1,168,9,9
8,1,169,9,9
8,1,175,9,9
8,1,187,10,10
8,1,188,10,10
8,1,190,10,10
8,1,192,10,10
8,1,194,10,5
8,1,197,10,10
8,1,200,11,11
8,1,204,11,11
8,1,210,11,11
8,1,212,11,11
8,1,214,11,11
8,1,216,11,11
8,1,221,12,12
8,1,226,12,12
8,1,228,12,12
8,1,233,12,12
8,1,237,12,12
8,1,239,12,12
8,1,244,13,13
8,1,246,13,13
8,1,249,13,13
8,1,251,13,13
8,1,252,13,13
8,1,255,13,13
8,1,260,14,14
8,1,263,14,14
8,1,265,14,14
8,1,269,14,14
8,1,273,14,14
8,1,278,14,14
8,1,280,15,15
8,1,283,15,15
8,1,290,15,15
8,1,295,15,15
8,1,297,15,15
8,1,299,15,15
8,2,4,1,1
8,2,7,1,1
8,2,11,1,1
8,2,15,1,1
8,2,16,1,1
8,2,17,1,1
8,2,20,2,2
8,2,24,2,2
8,2,26,2,2
8,2,31,2,2
8,2,38,2,2
8,2,39,2,2
8,2,41,3,8
8,2,42,3,3
8,2,46,3,8
8,2,51,3,3
8,2,52,3,3
8,2,56,3,3
8,2,61,4,4
8,2,64,4,4
8,2,66,4,6
8,2,68,4,4
8,2,70,4,4
8,2,79,4,4
8,2,81,5,10
8,2,82,5,5
8,2,84,5,5
8,2,88,5,5
8,2,89,5,5
8,2,95,5,5
8,2,101,6,6
8,2,103,6,6
8,2,107,6,6
8,2,109,6,6
8,2,110,6,6
8,2,115,6,1
8,2,121,7,7
8,2,124,7,7
8,2,125,7,7
8,2,128,7,7
8,2,131,7,7
8,2,136,7,7
8,2,143,8,8
8,2,150,8,8
8,2,153,8,8
8,2,155,8,3
8,2,156,8,8
8,2,158,8,8
8,2,162,9,9
8,2,167,9,9
8,2,171,9,9
8,2,175,9,9
8,2,177,9,9
8,2,178,9,9
8,2,182,10,10
8,2,188,10,10
8,2,191,10,10
8,2,195,10,10
8,2,198,10,10
8,2,199,10,10
8,2,203,11,11
8,2,206,11,11
8,2,207,11,11
8,2,214,11,11
8,2,215,11,11
8,2,219,11,11
8,2,223,12,12
8,2,224,12,12
8,2,228,12,12
8,2,229,12,12
8,2,230,12,12
8,2,236,12,12
8,2,245,13,13
8,2,252,13,13
8,2,253,13,13
8,2,256,13,13
8,2,257,13,13
8,2,258,13,13
8,2,260,14,14
8,2,262,14,14
8,2,267,14,14
8,2,270,14,14
8,2,271,14,14
8,2,277,14,14
8,2,280,15,15
8,2,283,15,15
8,2,284,15,15
8,2,294,15,12
8,2,298,15,15
8,2,299,15,15
8,3,10,1,1
8,3,13,1,1
8,3,14,1,10
8,3,15,1,1
8,3,16,1,1
8,3,19,1,1
8,3,20,2,2
8,3,23,2,2
8,3,24,2,2
8,3,26,2,7
8,3,34,2,3
8,3,35,2,2
8,3,40,3,8
8,3,46,3,3
8,3,47,3,3
8,3,50,3,3
8,3,55,3,3
8,3,57,3,3
8,3,62,4,4
8,3,70,4,4
8,3,73,4,4
8,3,74,4,6
8,3,76,4,4
8,3,78,4,4
8,3,80,5,10
8,3,81,5,10
8,3,89,5,5
8,3,94,5,7
8,3,97,5,5
8,3,98,5,5
8,3,100,6,4
8,3,104,6,6
8,3,105,6,6
8,3,107,6,6
8,3,109,6,6
8,3,111,6,6
8,3,122,7,7
8,3,123,7,7
8,3,130,7,7
8,3,131,7,7
8,3,132,7,7
8,3,136,7,7
8,3,142,8,8
8,3,144,8,8
8,3,145,8,8
8,3,148,8,8
8,3,150,8,8
8,3,159,8,8
8,3,160,9,9
8,3,163,9,4
8,3,168,9,9
8,3,173,9,9
8,3,175,9,9
8,3,177,9,9
8,3,182,10,10
8,3,184,10,10
8,3,185,10,10
8,3,186,10,5
8,3,191,10,10
8,3,194,10,5
8,3,201,11,11
8,3,206,11,11
8,3,210,11,11
8,3,212,11,11
8,3,216,11,11
8,3,219,11,11
8,3,220,12,12
8,3,222,12,12
8,3,226,12,12
8,3,227,12,12
8,3,232,12,12
8,3,233,12,12
8,3,241,13,13
8,3,247,13,13
8,3,248,13,13
8,3,252,13,13
8,3,254,13,13
8,3,258,13,13
8,3,260,14,14
8,3,261,14,14
8,3,263,14,14
8,3,265,14,14
8,3,276,14,14
8,3,277,14,14
8,3,282,15,15
8,3,284,15,15
8,3,290,15,15
8,3,292,15,15
8,3,296,15,15
8,3,297,15,15
8,4,4,1,1
8,4,8,1,1
8,4,10,1,1
8,4,11,1,1
8,4,12,1,1
8,4,15,1,1
8,4,22,2,2
8,4,24,2,2
8,4,27,2,2
8,4,29,2,2
8,4,30,2,2
8,4,37,2,2
8,4,44,3,3
8,4,48,3,3
8,4,50,3,3
8,4,55,3,3
8,4,57,3,3
8,4,59,3,3
8,4,70,4,4
8,4,72,4,4
8,4,73,4,4
8,4,74,4,6
8,4,76,4,4
8,4,79,4,4
8,4,82,5,5
8,4,90,5,5
8,4,92,5,5
8,4,93,5,5
8,4,98,5,5
8,4,99,5,5
8,4,106,6,6
8,4,108,6,6
8,4,110,6,6
8,4,111,6,6
8,4,113,6,6
8,4,116,6,6
8,4,122,7,7
8,4,123,7,7
8,4,128,7,7
8,4,133,7,7
8,4,137,7,7
8,4,138,7,7
8,4,141,8,8
8,4,142,8,3
8,4,144,8,8
8,4,149,8,8
8,4,152,8,8
8,4,156,8,8
8,4,161,9,9
8,4,173,9,9
8,4,175,9,9
8,4,176,9,9
8,4,178,9,9
8,4,179,9,9
8,4,180,10,10
8,4,188,10,10
8,4,192,10,10
8,4,193,10,10
8,4,194,10,5
8,4,197,10,10
8,4,204,11,11
8,4,207,11,11
8,4,209,11,11
8,4,210,11,11
8,4,214,11,11
8,4,218,11,11
8,4,220,12,12
8,4,221,12,12
8,4,222,12,12
8,4,232,12,12
8,4,236,12,12
8,4,237,12,12
8,4,243,13,13
8,4,244,13,13
8,4,245,13,13
8,4,246,13,13
8,4,250,13,13
8,4,253,13,13
8,4,261,14,14
8,4,263,14,14
8,4,267,14,14
8,4,270,14,14
8,4,271,14,14
8,4,272,14,14
8,4,280,15,15
8,4,281,15,15
8,4,283,15,15
8,4,288,15,15
8,4,292,15,15
8,4,299,15,15
8,5,2,1,1
8,5,3,1,1
8,5,6,1,10
8,5,7,1,1
8,5,10,1,1
8,5,18,1,1
8,5,23,2,2
8,5,27,2,2
8,5,28,2,2
8,5,31,2,2
8,5,37,2,2
8,5,39,2,2
8,5,43,3,3
8,5,46,3,3
8,5,48,3,3
8,5,49,3,3
8,5,57,3,3
8,5,58,3,3
8,5,60,4,4
8,5,61,4,4
8,5,66,4,6
8,5,71,4,4
8,5,74,4,1
8,5,75,4,4
8,5,83,5,5
8,5,85,5,5
8,5,86,5,5
8,5,90,5,5
8,5,93,5,5
8,5,97,5,5
8,5,106,6,6
8,5,109,6,6
8,5,110,6,6
8,5,113,6,6
8,5,114,6,1
8,5,118,6,6
8,5,124,7,7
8,5,125,7,7
8,5,127,7,7
8,5,135,7,7
8,5,136,7,7
8,5,137,7,7
8,5,146,8,8
8,5,150,8,8
8,5,153,8,8
8,5,157,8,8
8,5,158,8,8
8,5,159,8,8
8,5,160,9,9
8,5,162,9,9
8,5,164,9,9
8,5,168,9,9
8,5,175,9,9
8,5,177,9,9
8,5,184,10,10
8,5,193,10,10
8,5,194,10,5
8,5,196,10,10
8,5,197,10,10
8,5,199,10,10
8,5,200,11,11
8,5,202,11,11
8,5,209,11,11
8,5,210,11,11
8,5,212,11,11
8,5,213,11,11
8,5,220,12,12
8,5,222,12,12
8,5,228,12,12
8,5,231,12,12
8,5,232,12,12
8,5,239,12,12
8,5,240,13,13
8,5,243,13,13
8,5,247,13,13
8,5,256,13,13
8,5,257,13,13
8,5,259,13,13
8,5,264,14,14
8,5,265,14,14
8,5,272,14,14
8,5,276,14,14
8,5,278,14,14
8,5,279,14,14
8,5,280,15,15
8,5,283,15,15
8,5,287,15,15
8,5,289,15,15
8,5,295,15,15
8,5,299,15,15
8,6,1,1,1
8,6,2,1,1
8,6,7,1,1
8,6,10,1,1
8,6,13,1,1
8,6,19,1,1
8,6,20,2,2
8,6,23,2,2
8,6,30,2,2
8,6,32,2,2
8,6,35,2,2
8,6,38,2,2
8,6,40,3,8
8,6,41,3,8
8,6,47,3,3
8,6,48,3,3
8,6,52,3,3
8,6,59,3,3
8,6,60,4,4
8,6,66,4,6
8,6,67,4,4
8,6,71,4,4
8,6,76,4,4
8,6,78,4,4
8,6,86,5,10
8,6,89,5,5
8,6,90,5,5
8,6,91,5,5
8,6,96,5,5
8,6,98,5,5
8,6,102,6,6
8,6,106,6,6
8,6,108,6,6
8,6,114,6,1
8,6,115,6,1
8,6,116,6,6
8,6,125,7,7
8,6,126,7,7
8,6,133,7,7
8,6,134,7,2
8,6,135,7,7
8,6,137,7,7
8,6,140,8,8
8,6,149,8,8
8,6,153,8,8
8,6,157,8,8
8,6,158,8,8
8,6,159,8,8
8,6,164,9,9
8,6,168,9,9
8,6,172,9,9
8,6,173,9,9
8,6,175,9,4
8,6,177,9,9
8,6,182,10,10
8,6,186,10,10
8,6,187,10,10
8,6,189,10,10
8,6,190,10,10
8,6,193,10,10
8,6,203,11,11
8,6,208,11,11
8,6,210,11,11
8,6,212,11,11
8,6,214,11,11
8,6,217,11,11
8,6,220,12,15
8,6,222,12,12
8,6,227,12,12
8,6,228,12,12
8,6,229,12,12
8,6,238,12,12
8,6,240,13,13
8,6,250,13,13
8,6,251,13,13
8,6,254,13,13
8,6,257,13,13
8,6,259,13,13
8,6,262,14,14
8,6,273,14,14
8,6,275,14,14
8,6,276,14,14
8,6,278,14,14
8,6,279,14,14
8,6,283,15,15
8,6,290,15,15
8,6,291,15,15
8,6,292,15,15
8,6,294,15,12
8,6,298,15,15
8,7,1,1,6
8,7,4,1,1
8,7,12,1,1
8,7,14,1,5
8,7,16,1,1
8,7,17,1,1
8,7,20,2,7
8,7,21,2,7
8,7,31,2,2
8,7,33,2,2
8,7,34,2,3
8,7,38,2,2
8,7,41,3,8
8,7,42,3,3
8,7,47,3,3
8,7,54,3,3
8,7,55,3,3
8,7,56,3,3
8,7,60,4,4
8,7,61,4,9
8,7,64,4,4
8,7,65,4,4
8,7,69,4,6
8,7,75,4,4
8,7,82,5,5
8,7,83,5,7
8,7,85,5,5
8,7,86,5,5
8,7,91,5,5
8,7,92,5,5
8,7,101,6,4
8,7,108,6,6
8,7,109,6,6
8,7,110,6,6
8,7,114,6,1
8,7,116,6,6
8,7,121,7,5
8,7,124,7,7
8,7,127,7,7
8,7,128,7,7
8,7,131,7,7
8,7,136,7,7
8,7,141,8,8
8,7,144,8,8
8,7,148,8,8
8,7,151,8,8
8,7,154,8,3
8,7,156,8,8
8,7,163,9,9
8,7,169,9,9
8,7,172,9,9
8,7,174,9,4
8,7,176,9,9
8,7,179,9,9
8,7,180,10,1
8,7,182,10,10
8,7,183,10,5
8,7,186,10,10
8,7,194,10,5
8,7,199,10,10
8,7,201,11,11
8,7,208,11,11
8,7,209,11,11
8,7,210,11,11
8,7,211,11,11
8,7,216,11,11
8,7,223,12,12
8,7,224,12,12
8,7,228,12,12
8,7,230,12,12
8,7,232,12,12
8,7,233,12,12
8,7,245,13,13
8,7,247,13,13
8,7,251,13,13
8,7,252,13,13
8,7,254,13,13
8,7,255,13,13
8,7,260,14,14
8,7,263,14,14
8,7,266,14,14
8,7,267,14,14
8,7,271,14,14
8,7,278,14,14
8,7,280,15,15
8,7,286,15,15
8,7,289,15,15
8,7,293,15,15
8,7,294,15,12
8,7,299,15,15
8,8,1,1,6
8,8,6,1,10
8,8,7,1,1
8,8,9,1,1
8,8,17,1,1
8,8,19,1,1
8,8,26,2,3
8,8,28,2,2
8,8,30,2,2
8,8,31,2,2
8,8,34,2,3
8,8,36,2,2
8,8,40,3,3
8,8,41,3,8
8,8,48,3,3
8,8,49,3,3
8,8,51,3,3
8,8,57,3,3
8,8,61,4,9
8,8,63,4,4
8,8,65,4,4
8,8,66,4,6
8,8,76,4,4
8,8,77,4,4
8,8,80,5,5
8,8,86,5,5
8,8,92,5,5
8,8,95,5,5
8,8,98,5,5
8,8,99,5,5
8,8,100,6,6
8,8,102,6,6
8,8,107,6,6
8,8,109,6,6
8,8,115,6,6
8,8,117,6,6
8,8,120,7,7
8,8,121,7,5
8,8,122,7,7
8,8,126,7,8
8,8,132,7,7
8,8,134,7,3
8,8,141,8,8
8,8,143,8,3
8,8,144,8,8
8,8,152,8,8
8,8,155,8,8
8,8,157,8,8
8,8,162,9,9
8,8,164,9,9
8,8,170,9,9
8,8,174,9,4
8,8,175,9,9
8,8,177,9,9
8,8,181,10,10
8,8,183,10,5
8,8,186,10,10
8,8,188,10,10
8,8,189,10,10
8,8,190,10,10
8,8,202,11,11
8,8,204,11,11
8,8,208,11,11
8,8,209,11,11
8,8,214,11,11
8,8,217,11,11
8,8,224,12,12
8,8,225,12,12
8,8,228,12,12
8,8,229,12,12
8,8,236,12,12
8,8,239,12,12
8,8,241,13,13
8,8,245,13,13
8,8,251,13,13
8,8,252,13,13
8,8,254,13,13
8,8,257,13,13
8,8,264,14,14
8,8,265,14,14
8,8,267,14,14
8,8,269,14,14
8,8,272,14,14
8,8,278,14,14
8,8,280,15,15
8,8,283,15,15
8,8,291,15,15
8,8,292,15,15
8,8,295,15,15
8,8,296,15,15
8,9,1,1,6
8,9,8,1,1
8,9,10,1,1
8,9,11,1,1
8,9,12,1,1
8,9,19,1,1
8,9,21,2,7
8,9,23,2,2
8,9,25,2,2
8,9,32,2,2
8,9,33,2,2
8,9,36,2,2
8,9,46,3,3
8,9,48,3,3
8,9,52,3,3
8,9,53,3,3
8,9,56,3,3
8,9,58,3,3
8,9,62,4,4
8,9,67,4,4
8,9,70,4,4
8,9,73,4,4
8,9,75,4,4
8,9,77,4,4
8,9,85,5,5
8,9,87,5,5
8,9,88,5,5
8,9,89,5,5
8,9,97,5,5
8,9,99,5,5
8,9,105,6,6
8,9,106,6,6
8,9,109,6,6
8,9,110,6,6
8,9,113,6,6
8,9,117,6,6
8,9,120,7,7
8,9,123,7,7
8,9,127,7,7
8,9,135,7,7
8,9,136,7,7
8,9,137,7,7
8,9,142,8,8
8,9,144,8,8
8,9,145,8,8
8,9,146,8,8
8,9,147,8,8
8,9,159,8,8
8,9,163,9,4
8,9,164,9,9
8,9,165,9,9
8,9,166,9,9
8,9,168,9,9
8,9,170,9,9
8,9,180,10,10
8,9,184,10,10
8,9,185,10,10
8,9,192,10,10
8,9,194,10,5
8,9,199,10,10
8,9,202,11,11
8,9,207,11,11
8,9,212,11,11
8,9,213,11,11
8,9,216,11,11
8,9,217,11,11
8,9,221,12,12
8,9,223,12,12
8,9,229,12,12
8,9,232,12,12
8,9,234,12,13
8,9,237,12,12
8,9,243,13,13
8,9,245,13,13
8,9,247,13,13
8,9,250,13,13
8,9,256,13,13
8,9,257,13,13
8,9,262,14,14
8,9,264,14,14
8,9,267,14,14
8,9,268,14,14
8,9,276,14,14
8,9,279,14,14
8,9,281,15,15
8,9,284,15,15
8,9,287,15,15
8,9,291,15,15
8,9,295,15,15
8,9,299,15,15
8,10,0,1,1
8,10,8,1,1
8,10,10,1,1
8,10,11,1,1
8,10,16,1,1
8,10,17,1,1
8,10,21,2,7
8,10,25,2,2
8,10,28,2,2
8,10,36,2,2
8,10,37,2,2
8,10,38,2,2
8,10,40,3,3
8,10,44,3,3
8,10,48,3,3
8,10,49,3,3
8,10,56,3,3
8,10,59,3,3
8,10,66,4,6
8,10,67,4,4
8,10,68,4,4
8,10,74,4,1
8,10,77,4,4
8,10,79,4,4
8,10,83,5,5
8,10,84,5,5
8,10,87,5,5
8,10,90,5,5
8,10,92,5,5
8,10,94,5,7
8,10,104,6,6
8,10,107,6,6
8,10,111,6,6
8,10,112,6,6
8,10,116,6,6
8,10,118,6,6
8,10,120,7,7
8,10,124,7,7
8,10,126,7,8
8,10,127,7,7
8,10,130,7,7
8,10,135,7,7
8,10,142,8,3
8,10,143,8,3
8,10,144,8,8
8,10,145,8,8
8,10,153,8,8
8,10,156,8,8
8,10,163,9,4
8,10,164,9,9
8,10,168,9,9
8,10,173,9,9
8,10,175,9,9
8,10,176,9,9
8,10,181,10,10
8,10,182,10,10
8,10,188,10,10
8,10,193,10,10
8,10,194,10,5
8,10,198,10,10
8,10,200,11,11
8,10,203,11,11
8,10,205,11,11
8,10,207,11,11
8,10,215,11,11
8,10,219,11,11
8,10,220,12,12
8,10,223,12,12
8,10,227,12,12
8,10,229,12,12
8,10,233,12,12
8,10,235,12,12
8,10,242,13,13
8,10,243,13,13
8,10,244,13,13
8,10,246,13,13
8,10,248,13,13
8,10,250,13,13
8,10,261,14,14
8,10,263,14,14
8,10,264,14,14
8,10,265,14,14
8,10,273,14,14
8,10,279,14,14
8,10,280,15,15
8,10,281,15,15
8,10,282,15,15
8,10,285,15,15
8,10,286,15,15
8,10,294,15,12
9,1,5,1,1
9,1,9,1,1
9,1,11,1,1
9,1,15,1,1
9,1,17,1,1
9,1,19,1,1
9,1,20,2,2
9,1,22,2,2
9,1,24,2,7
9,1,26,2,7
9,1,34,2,2
9,1,38,2,2
9,1,41,3,8
9,1,42,3,3
9,1,46,3,8
9,1,49,3,3
9,1,53,3,3
9,1,54,3,3
9,1,63,4,4
9,1,65,4,4
9,1,70,4,4
9,1,74,4,1
9,1,75,4,4
9,1,79,4,4
9,1,82,5,5
9,1,87,5,5
9,1,89,5,5
9,1,92,5,5
9,1,94,5,7
9,1,98,5,5
9,1,101,6,6
9,1,103,6,6
9,1,108,6,6
9,1,109,6,6
9,1,114,6,1
9,1,116,6,6
9,1,120,7,7
9,1,121,7,7
9,1,128,7,7
9,1,132,7,7
9,1,134,7,7
9,1,138,7,7
9,1,147,8,8
9,1,150,8,8
9,1,152,8,8
9,1,153,8,8
9,1,155,8,3
9,1,159,8,8
9,1,160,9,9
9,1,163,9,4
9,1,164,9,9
9,1,168,9,9
9,1,169,9,9
9,1,175,9,9
9,1,187,10,10
9,1,188,10,10
9,1,190,10,10
9,1,192,10,10
9,1,194,10,5
9,1,197,10,10
9,1,200,11,11
9,1,204,11,11
9,1,210,11,11
9,1,212,11,11
9,1,214,11,11
9,1,216,11,11
9,1,221,12,12
9,1,226,12,12
9,1,228,12,12
9,1,233,12,12
9,1,237,12,12
9,1,239,12,12
9,1,244,13,13
9,1,246,13,13
9,1,249,13,13
9,1,251,13,13
9,1,252,13,13
9,1,255,13,13
9,1,260,14,14
9,1,263,14,14
9,1,265,14,14
9,1,269,14,14
9,1,273,14,14
9,1,278,14,14
9,1,280,15,15
9,1,283,15,15
9,1,290,15,15
9,1,295,15,15
9,1,297,15,15
9,1,299,15,15
9,2,4,1,1
9,2,7,1,1
9,2,11,1,1
9,2,15,1,1
9,2,16,1,1
9,2,17,1,1
9,2,20,2,2
9,2,24,2,7
9,2,26,2,7
9,2,31,2,2
9,2,38,2,2
9,2,39,2,2
9,2,41,3,8
9,2,42,3,3
9,2,46,3,8
9,2,51,3,3
9,2,52,3,3
9,2,56,3,3
9,2,61,4,4
9,2,64,4,4
9,2,66,4,9
9,2,68,4,4
9,2,70,4,4
9,2,79,4,4
9,2,81,5,5
9,2,82,5,5
9,2,84,5,10
9,2,88,5,5
9,2,89,5,5
9,2,95,5,5
9,2,101,6,6
9,2,103,6,1
9,2,107,6,6
9,2,109,6,6
9,2,110,6,6
9,2,115,6,1
9,2,121,7,7
9,2,124,7,7
9,2,125,7,7
9,2,128,7,7
9,2,131,7,7
9,2,136,7,7
9,2,143,8,3
9,2,150,8,8
9,2,153,8,8
9,2,155,8,3
9,2,156,8,8
9,2,158,8,8
9,2,162,9,9
9,2,167,9,9
9,2,171,9,9
9,2,175,9,9
9,2,177,9,9
9,2,178,9,9
9,2,182,10,10
9,2,188,10,10
9,2,191,10,10
9,2,195,10,10
9,2,198,10,10
9,2,199,10,10
9,2,203,11,11
9,2,206,11,11
9,2,207,11,11
9,2,214,11,11
9,2,215,11,11
9,2,219,11,11
9,2,223,12,12
9,2,224,12,12
9,2,228,12,12
9,2,229,12,12
9,2,230,12,12
9,2,236,12,12
9,2,245,13,13
9,2,252,13,13
9,2,253,13,13
9,2,256,13,13
9,2,257,13,13
9,2,258,13,13
9,2,260,14,14
9,2,262,14,14
9,2,267,14,14
9,2,270,14,14
9,2,271,14,14
9,2,277,14,14
9,2,280,15,15
9,2,283,15,15
9,2,284,15,15
9,2,294,15,15
9,2,298,15,15
9,2,299,15,15
9,3,10,1,1
9,3,13,1,1
9,3,14,1,1
9,3,15,1,1
9,3,16,1,1
9,3,19,1,1
9,3,20,2,2
9,3,23,2,2
9,3,24,2,2
9,3,26,2,7
9,3,34,2,2
9,3,35,2,2
9,3,40,3,3
9,3,46,3,8
9,3,47,3,3
9,3,50,3,3
9,3,55,3,3
9,3,57,3,3
9,3,62,4,4
9,3,70,4,4
9,3,73,4,4
9,3,74,4,6
9,3,76,4,4
9,3,78,4,4
9,3,80,5,10
9,3,81,5,10
9,3,89,5,5
9,3,94,5,7
9,3,97,5,5
9,3,98,5,5
9,3,100,6,6
9,3,104,6,6
9,3,105,6,6
9,3,107,6,6
9,3,109,6,6
9,3,111,6,6
9,3,122,7,7
9,3,123,7,7
9,3,130,7,7
9,3,131,7,7
9,3,132,7,7
9,3,136,7,7
9,3,142,8,8
9,3,144,8,8
9,3,145,8,8
9,3,148,8,8
9,3,150,8,8
9,3,159,8,8
9,3,160,9,9
9,3,163,9,4
9,3,168,9,9
9,3,173,9,9
9,3,175,9,9
9,3,177,9,9
9,3,182,10,10
9,3,184,10,10
9,3,185,10,10
9,3,186,10,10
9,3,191,10,10
9,3,194,10,5
9,3,201,11,11
9,3,206,11,11
9,3,210,11,11
9,3,212,11,11
9,3,216,11,11
9,3,219,11,11
9,3,220,12,12
9,3,222,12,12
9,3,226,12,12
9,3,227,12,12
9,3,232,12,12
9,3,233,12,12
9,3,241,13,13
9,3,247,13,13
9,3,248,13,13
9,3,252,13,13
9,3,254,13,13
9,3,258,13,13
9,3,260,14,14
9,3,261,14,11
9,3,263,14,14
9,3,265,14,14
9,3,276,14,14
9,3,277,14,14
9,3,282,15,15
9,3,284,15,15
9,3,290,15,15
9,3,292,15,15
9,3,296,15,15
9,3,297,15,15
9,4,4,1,1
9,4,8,1,1
9,4,10,1,1
9,4,11,1,1
9,4,12,1,1
9,4,15,1,1
9,4,22,2,2
9,4,24,2,2
9,4,27,2,2
9,4,29,2,2
9,4,30,2,2
9,4,37,2,2
9,4,44,3,3
9,4,48,3,8
9,4,50,3,3
9,4,55,3,3
9,4,57,3,3
9,4,59,3,3
9,4,70,4,4
9,4,72,4,4
9,4,73,4,4
9,4,74,4,1
9,4,76,4,4
9,4,79,4,4
9,4,82,5,5
9,4,90,5,5
9,4,92,5,5
9,4,93,5,5
9,4,98,5,5
9,4,99,5,5
9,4,106,6,6
9,4,108,6,6
9,4,110,6,6
9,4,111,6,6
9,4,113,6,6
9,4,116,6,6
9,4,122,7,7
9,4,123,7,7
9,4,128,7,7
9,4,133,7,7
9,4,137,7,7
9,4,138,7,7
9,4,141,8,8
9,4,142,8,8
9,4,144,8,8
9,4,149,8,8
9,4,152,8,8
9,4,156,8,8
9,4,161,9,9
9,4,173,9,9
9,4,175,9,9
9,4,176,9,9
9,4,178,9,9
9,4,179,9,9
9,4,180,10,10
9,4,188,10,10
9,4,192,10,10
9,4,193,10,10
9,4,194,10,5
9,4,197,10,10
9,4,204,11,11
9,4,207,11,11
9,4,209,11,11
9,4,210,11,11
9,4,214,11,11
9,4,218,11,11
9,4,220,12,12
9,4,221,12,12
9,4,222,12,12
9,4,232,12,12
9,4,236,12,12
9,4,237,12,12
9,4,243,13,13
9,4,244,13,13
9,4,245,13,13
9,4,246,13,13
9,4,250,13,13
9,4,253,13,13
9,4,261,14,14
9,4,263,14,14
9,4,267,14,14
9,4,270,14,14
9,4,271,14,14
9,4,272,14,14
9,4,280,15,15
9,4,281,15,15
9,4,283,15,15
9,4,288,15,15
9,4,292,15,15
9,4,299,15,15
9,5,2,1,1
9,5,3,1,1
9,5,6,1,1
9,5,7,1,1
9,5,10,1,1
9,5,18,1,1
9,5,23,2,2
9,5,27,2,2
9,5,28,2,2
9,5,31,2,2
9,5,37,2,2
9,5,39,2,2
9,5,43,3,3
9,5,46,3,8
9,5,48,3,8
9,5,49,3,3
9,5,57,3,3
9,5,58,3,3
9,5,60,4,9
9,5,61,4,9
9,5,66,4,9
9,5,71,4,4
9,5,74,4,1
9,5,75,4,4
9,5,83,5,5
9,5,85,5,7
9,5,86,5,7
9,5,90,5,5
9,5,93,5,5
9,5,97,5,5
9,5,106,6,6
9,5,109,6,6
9,5,110,6,6
9,5,113,6,6
9,5,114,6,1
9,5,118,6,6
9,5,124,7,7
9,5,125,7,7
9,5,127,7,7
9,5,135,7,2
9,5,136,7,7
9,5,137,7,7
9,5,146,8,8
9,5,150,8,8
9,5,153,8,8
9,5,157,8,8
9,5,158,8,8
9,5,159,8,8
9,5,160,9,9
9,5,162,9,9
9,5,164,9,9
9,5,168,9,9
9,5,175,9,9
9,5,177,9,9
9,5,184,10,10
9,5,193,10,10
9,5,194,10,7
9,5,196,10,10
9,5,197,10,10
9,5,199,10,10
9,5,200,11,11
9,5,202,11,11
9,5,209,11,11
9,5,210,11,11
9,5,212,11,11
9,5,213,11,11
9,5,220,12,12
9,5,222,12,12
9,5,228,12,12
9,5,231,12,12
9,5,232,12,12
9,5,239,12,12
9,5,240,13,13
9,5,243,13,13
9,5,247,13,13
9,5,256,13,13
9,5,257,13,13
9,5,259,13,13
9,5,264,14,14
9,5,265,14,14
9,5,272,14,14
9,5,276,14,14
9,5,278,14,14
9,5,279,14,14
9,5,280,15,15
9,5,283,15,15
9,5,287,15,15
9,5,289,15,15
9,5,295,15,15
9,5,299,15,15
9,6,1,1,6
9,6,2,1,1
9,6,7,1,1
9,6,10,1,1
9,6,13,1,1
9,6,19,1,1
9,6,20,2,2
9,6,23,2,2
9,6,30,2,2
9,6,32,2,2
9,6,35,2,2
9,6,38,2,2
9,6,40,3,8
9,6,41,3,8
9,6,47,3,3
9,6,48,3,3
9,6,52,3,3
9,6,59,3,3
9,6,60,4,4
9,6,66,4,9
9,6,67,4,4
9,6,71,4,4
9,6,76,4,4
9,6,78,4,4
9,6,86,5,10
9,6,89,5,5
9,6,90,5,5
9,6,91,5,5
9,6,96,5,5
9,6,98,5,5
9,6,102,6,6
9,6,106,6,6
9,6,108,6,6
9,6,114,6,1
9,6,115,6,6
9,6,116,6,6
9,6,125,7,2
9,6,126,7,7
9,6,133,7,7
9,6,134,7,2
9,6,135,7,2
9,6,137,7,7
9,6,140,8,8
9,6,149,8,8
9,6,153,8,8
9,6,157,8,8
9,6,158,8,8
9,6,159,8,8
9,6,164,9,9
9,6,168,9,9
9,6,172,9,9
9,6,173,9,9
9,6,175,9,9
9,6,177,9,9
9,6,182,10,10
9,6,186,10,10
9,6,187,10,10
9,6,189,10,10
9,6,190,10,10
9,6,193,10,10
9,6,203,11,11
9,6,208,11,11
9,6,210,11,11
9,6,212,11,11
9,6,214,11,11
9,6,217,11,11
9,6,220,12,12
9,6,222,12,12
9,6,227,12,12
9,6,228,12,12
9,6,229,12,12
9,6,238,12,12
9,6,240,13,13
9,6,250,13,13
9,6,251,13,13
9,6,254,13,13
9,6,257,13,13
9,6,259,13,13
9,6,262,14,14
9,6,273,14,14
9,6,275,14,14
9,6,276,14,14
9,6,278,14,14
9,6,279,14,14
9,6,283,15,15
9,6,290,15,15
9,6,291,15,15
9,6,292,15,15
9,6,294,15,15
9,6,298,15,15
9,7,1,1,6
9,7,4,1,1
9,7,12,1,1
9,7,14,1,1
9,7,16,1,1
9,7,17,1,1
9,7,20,2,7
9,7,21,2,7
9,7,31,2,2
9,7,33,2,2
9,7,34,2,2
9,7,38,2,2
9,7,41,3,8
9,7,42,3,3
9,7,47,3,3
9,7,54,3,3
9,7,55,3,3
9,7,56,3,3
9,7,60,4,4
9,7,61,4,9
9,7,64,4,4
9,7,65,4,4
9,7,69,4,4
9,7,75,4,4
9,7,82,5,5
9,7,83,5,5
9,7,85,5,5
9,7,86,5,10
9,7,91,5,5
9,7,92,5,5
9,7,101,6,6
9,7,108,6,6
9,7,109,6,6
9,7,110,6,6
9,7,114,6,1
9,7,116,6,6
9,7,121,7,5
9,7,124,7,7
9,7,127,7,7
9,7,128,7,7
9,7,131,7,7
9,7,136,7,7
9,7,141,8,8
9,7,144,8,8
9,7,148,8,8
9,7,151,8,8
9,7,154,8,3
9,7,156,8,8
9,7,163,9,9
9,7,169,9,9
9,7,172,9,9
9,7,174,9,4
9,7,176,9,9
9,7,179,9,9
9,7,180,10,10
9,7,182,10,10
9,7,183,10,10
9,7,186,10,10
9,7,194,10,5
9,7,199,10,10
9,7,201,11,11
9,7,208,11,11
9,7,209,11,11
9,7,210,11,11
9,7,211,11,11
9,7,216,11,11
9,7,223,12,12
9,7,224,12,12
9,7,228,12,12
9,7,230,12,12
9,7,232,12,12
9,7,233,12,12
9,7,245,13,13
9,7,247,13,13
9,7,251,13,13
9,7,252,13,13
9,7,254,13,13
9,7,255,13,13
9,7,260,14,14
9,7,263,14,14
9,7,266,14,14
9,7,267,14,14
9,7,271,14,14
9,7,278,14,14
9,7,280,15,15
9,7,286,15,15
9,7,289,15,15
9,7,293,15,15
9,7,294,15,15
9,7,299,15,15
9,8,1,1,6
9,8,6,1,6
9,8,7,1,1
9,8,9,1,1
9,8,17,1,1
9,8,19,1,1
9,8,26,2,2
9,8,28,2,2
9,8,30,2,2
9,8,31,2,2
9,8,34,2,3
9,8,36,2,2
9,8,40,3,3
9,8,41,3,8
9,8,48,3,3
9,8,49,3,3
9,8,51,3,3
9,8,57,3,3
9,8,61,4,9
9,8,63,4,4
9,8,65,4,4
9,8,66,4,6
9,8,76,4,4
9,8,77,4,4
9,8,80,5,5
9,8,86,5,10
9,8,92,5,5
9,8,95,5,5
9,8,98,5,5
9,8,99,5,5
9,8,100,6,6
9,8,102,6,6
9,8,107,6,6
9,8,109,6,6
9,8,115,6,6
9,8,117,6,6
9,8,120,7,7
9,8,121,7,5
9,8,122,7,7
9,8,126,7,7
9,8,132,7,7
9,8,134,7,2
9,8,141,8,8
9,8,143,8,3
9,8,144,8,8
9,8,152,8,8
9,8,155,8,8
9,8,157,8,8
9,8,162,9,9
9,8,164,9,9
9,8,170,9,9
9,8,174,9,6
9,8,175,9,9
9,8,177,9,9
9,8,181,10,10
9,8,183,10,10
9,8,186,10,10
9,8,188,10,10
9,8,189,10,10
9,8,190,10,10
9,8,202,11,11
9,8,204,11,11
9,8,208,11,11
9,8,209,11,11
9,8,214,11,11
9,8,217,11,11
9,8,224,12,12
9,8,225,12,12
9,8,228,12,12
9,8,229,12,12
9,8,236,12,12
9,8,239,12,12
9,8,241,13,13
9,8,245,13,13
9,8,251,13,13
9,8,252,13,13
9,8,254,13,13
9,8,257,13,13
9,8,264,14,14
9,8,265,14,14
9,8,267,14,14
9,8,269,14,14
9,8,272,14,14
9,8,278,14,14
9,8,280,15,15
9,8,283,15,15
9,8,291,15,15
9,8,292,15,15
9,8,295,15,15
9,8,296,15,15
9,9,1,1,6
9,9,8,1,1
9,9,10,1,1
9,9,11,1,1
9,9,12,1,1
9,9,19,1,1
9,9,21,2,7
9,9,23,2,2
9,9,25,2,2
9,9,32,2,2
9,9,33,2,2
9,9,36,2,2
9,9,46,3,8
9,9,48,3,3
9,9,52,3,3
9,9,53,3,3
9,9,56,3,3
9,9,58,3,3
9,9,62,4,4
9,9,67,4,4
9,9,70,4,4
9,9,73,4,4
9,9,75,4,4
9,9,77,4,4
9,9,85,5,5
9,9,87,5,5
9,9,88,5,5
9,9,89,5,5
9,9,97,5,5
9,9,99,5,5
9,9,105,6,6
9,9,106,6,6
9,9,109,6,6
9,9,110,6,6
9,9,113,6,6
9,9,117,6,6
9,9,120,7,7
9,9,123,7,7
9,9,127,7,7
9,9,135,7,7
9,9,136,7,7
9,9,137,7,7
9,9,142,8,8
9,9,144,8,8
9,9,145,8,8
9,9,146,8,8
9,9,147,8,8
9,9,159,8,8
9,9,163,9,9
9,9,164,9,9
9,9,165,9,9
9,9,166,9,9
9,9,168,9,9
9,9,170,9,9
9,9,180,10,10
9,9,184,10,10
9,9,185,10,10
9,9,192,10,10
9,9,194,10,5
9,9,199,10,10
9,9,202,11,11
9,9,207,11,11
9,9,212,11,11
9,9,213,11,11
9,9,216,11,11
9,9,217,11,11
9,9,221,12,12
9,9,223,12,12
9,9,229,12,12
9,9,232,12,12
9,9,234,12,13
9,9,237,12,12
9,9,243,13,13
9,9,245,13,13
9,9,247,13,13
9,9,250,13,13
9,9,256,13,13
9,9,257,13,13
9,9,262,14,14
9,9,264,14,14
9,9,267,14,14
9,9,268,14,14
9,9,276,14,14
9,9,279,14,14
9,9,281,15,15
9,9,284,15,15
9,9,287,15,15
9,9,291,15,15
9,9,295,15,15
9,9,299,15,15
9,10,0,1,1
9,10,8,1,1
9,10,10,1,1
9,10,11,1,1
9,10,16,1,1
9,10,17,1,1
9,10,21,2,7
9,10,25,2,7
9,10,28,2,2
9,10,36,2,2
9,10,37,2,2
9,10,38,2,2
9,10,40,3,3
9,10,44,3,3
9,10,48,3,3
9,10,49,3,3
9,10,56,3,3
9,10,59,3,3
9,10,66,4,9
9,10,67,4,4
9,10,68,4,4
9,10,74,4,1
9,10,77,4,4
9,10,79,4,4
9,10,83,5,5
9,10,84,5,5
9,10,87,5,5
9,10,90,5,5
9,10,92,5,5
9,10,94,5,7
9,10,104,6,6
9,10,107,6,6
9,10,111,6,6
9,10,112,6,6
9,10,116,6,6
9,10,118,6,6
9,10,120,7,7
9,10,124,7,7
9,10,126,7,7
9,10,127,7,7
9,10,130,7,7
9,10,135,7,7
9,10,142,8,8
9,10,143,8,3
9,10,144,8,8
9,10,145,8,8
9,10,153,8,8
9,10,156,8,8
9,10,163,9,4
9,10,164,9,9
9,10,168,9,9
9,10,173,9,9
9,10,175,9,9
9,10,176,9,9
9,10,181,10,10
9,10,182,10,10
9,10,188,10,10
9,10,193,10,10
9,10,194,10,5
9,10,198,10,10
9,10,200,11,11
9,10,203,11,11
9,10,205,11,11
9,10,207,11,11
9,10,215,11,11
9,10,219,11,11
9,10,220,12,12
9,10,223,12,12
9,10,227,12,12
9,10,229,12,12
9,10,233,12,12
9,10,235,12,12
9,10,242,13,13
9,10,243,13,13
9,10,244,13,13
9,10,246,13,13
9,10,248,13,13
9,10,250,13,13
9,10,261,14,14
9,10,263,14,14
9,10,264,14,14
9,10,265,14,14
9,10,273,14,14
9,10,279,14,14
9,10,280,15,15
9,10,281,15,15
9,10,282,15,15
9,10,285,15,15
9,10,286,15,15
9,10,294,15,15
10,1,5,1,1
10,1,9,1,1
10,1,11,1,1
10,1,15,1,1
10,1,17,1,1
10,1,19,1,1
10,1,20,2,2
10,1,22,2,2
10,1,24,2,7
10,1,26,2,7
10,1,34,2,2
10,1,38,2,2
10,1,41,3,3
10,1,42,3,3
10,1,46,3,8
10,1,49,3,3
10,1,53,3,3
10,1,54,3,3
10,1,63,4,4
10,1,65,4,4
10,1,70,4,4
10,1,74,4,4
10,1,75,4,4
10,1,79,4,4
10,1,82,5,5
10,1,87,5,5
10,1,89,5,5
10,1,92,5,5
10,1,94,5,5
10,1,98,5,5
10,1,101,6,6
10,1,103,6,6
10,1,108,6,6
10,1,109,6,6
10,1,114,6,1
10,1,116,6,6
10,1,120,7,7
10,1,121,7,7
10,1,128,7,7
10,1,132,7,7
10,1,134,7,2
10,1,138,7,7
10,1,147,8,8
10,1,150,8,8
10,1,152,8,8
10,1,153,8,8
10,1,155,8,3
10,1,159,8,8
10,1,160,9,9
10,1,163,9,9
10,1,164,9,9
10,1,168,9,9
10,1,169,9,9
10,1,175,9,9
10,1,187,10,10
10,1,188,10,10
10,1,190,10,10
10,1,192,10,10
10,1,194,10,5
10,1,197,10,10
10,1,200,11,11
10,1,204,11,11
10,1,210,11,11
10,1,212,11,11
10,1,214,11,13
10,1,216,11,11
10,1,221,12,12
10,1,226,12,13
10,1,228,12,12
10,1,233,12,12
10,1,237,12,12
10,1,239,12,12
10,1,244,13,13
10,1,246,13,13
10,1,249,13,13
10,1,251,13,13
10,1,252,13,13
10,1,255,13,13
10,1,260,14,14
10,1,263,14,14
10,1,265,14,14
10,1,269,14,14
10,1,273,14,14
10,1,278,14,14
10,1,280,15,15
10,1,283,15,15
10,1,290,15,15
10,1,295,15,15
10,1,297,15,15
10,1,299,15,15
10,2,4,1,1
10,2,7,1,1
10,2,11,1,1
10,2,15,1,1
10,2,16,1,1
10,2,17,1,1
10,2,20,2,2
10,2,24,2,7
10,2,26,2,7
10,2,31,2,2
10,2,38,2,2
10,2,39,2,2
10,2,41,3,8
10,2,42,3,3
10,2,46,3,8
10,2,51,3,3
10,2,52,3,3
10,2,56,3,3
10,2,61,4,4
10,2,64,4,4
10,2,66,4,9
10,2,68,4,4
10,2,70,4,4
10,2,79,4,4
10,2,81,5,10
10,2,82,5,5
10,2,84,5,5
10,2,88,5,5
10,2,89,5,5
10,2,95,5,5
10,2,101,6,6
10,2,103,6,6
10,2,107,6,6
10,2,109,6,6
10,2,110,6,6
10,2,115,6,6
10,2,121,7,7
10,2,124,7,7
10,2,125,7,7
10,2,128,7,7
10,2,131,7,7
10,2,136,7,7
10,2,143,8,3
10,2,150,8,8
10,2,153,8,8
10,2,155,8,3
10,2,156,8,8
10,2,158,8,8
10,2,162,9,9
10,2,167,9,9
10,2,171,9,9
10,2,175,9,9
10,2,177,9,9
10,2,178,9,9
10,2,182,10,5
10,2,188,10,5
10,2,191,10,10
10,2,195,10,5
10,2,198,10,10
10,2,199,10,10
10,2,203,11,11
10,2,206,11,11
10,2,207,11,11
10,2,214,11,13
10,2,215,11,13
10,2,219,11,11
10,2,223,12,12
10,2,224,12,12
10,2,228,12,12
10,2,229,12,12
10,2,230,12,12
10,2,236,12,12
10,2,245,13,13
10,2,252,13,13
10,2,253,13,13
10,2,256,13,13
10,2,257,13,13
10,2,258,13,13
10,2,260,14,14
10,2,262,14,14
10,2,267,14,14
10,2,270,14,14
10,2,271,14,14
10,2,277,14,14
10,2,280,15,15
10,2,283,15,15
10,2,284,15,13
10,2,294,15,13
10,2,298,15,15
10,2,299,15,15
10,3,10,1,1
10,3,13,1,1
10,3,14,1,1
10,3,15,1,1
10,3,16,1,1
10,3,19,1,1
10,3,20,2,2
10,3,23,2,2
10,3,24,2,7
10,3,26,2,7
10,3,34,2,2
10,3,35,2,2
10,3,40,3,3
10,3,46,3,8
10,3,47,3,8
10,3,50,3,8
10,3,55,3,3
10,3,57,3,3
10,3,62,4,4
10,3,70,4,4
10,3,73,4,4
10,3,74,4,4
10,3,76,4,4
10,3,78,4,4
10,3,80,5,5
10,3,81,5,5
10,3,89,5,5
10,3,94,5,5
10,3,97,5,5
10,3,98,5,5
10,3,100,6,6
10,3,104,6,6
10,3,105,6,6
10,3,107,6,6
10,3,109,6,6
10,3,111,6,6
10,3,122,7,7
10,3,123,7,2
10,3,130,7,7
10,3,131,7,7
10,3,132,7,7
10,3,136,7,7
10,3,142,8,8
10,3,144,8,8
10,3,145,8,8
10,3,148,8,8
10,3,150,8,8
10,3,159,8,8
10,3,160,9,9
10,3,163,9,9
10,3,168,9,9
10,3,173,9,9
10,3,175,9,9
10,3,177,9,9
10,3,182,10,10
10,3,184,10,10
10,3,185,10,5
10,3,186,10,10
10,3,191,10,10
10,3,194,10,5
10,3,201,11,11
10,3,206,11,13
10,3,210,11,11
10,3,212,11,11
10,3,216,11,11
10,3,219,11,11
10,3,220,12,12
10,3,222,12,12
10,3,226,12,13
10,3,227,12,12
10,3,232,12,12
10,3,233,12,12
10,3,241,13,13
10,3,247,13,13
10,3,248,13,13
10,3,252,13,13
10,3,254,13,13
10,3,258,13,13
10,3,260,14,14
10,3,261,14,14
10,3,263,14,14
10,3,265,14,14
10,3,276,14,14
10,3,277,14,14
10,3,282,15,13
10,3,284,15,13
10,3,290,15,13
10,3,292,15,15
10,3,296,15,15
10,3,297,15,15
10,4,4,1,1
10,4,8,1,1
10,4,10,1,1
10,4,11,1,1
10,4,12,1,1
10,4,15,1,1
10,4,22,2,2
10,4,24,2,7
10,4,27,2,2
10,4,29,2,2
10,4,30,2,2
10,4,37,2,2
10,4,44,3,3
10,4,48,3,3
10,4,50,3,3
10,4,55,3,3
10,4,57,3,3
10,4,59,3,3
10,4,70,4,4
10,4,72,4,4
10,4,73,4,4
10,4,74,4,4
10,4,76,4,4
10,4,79,4,4
10,4,82,5,5
10,4,90,5,5
10,4,92,5,5
10,4,93,5,5
10,4,98,5,5
10,4,99,5,5
10,4,106,6,6
10,4,108,6,6
10,4,110,6,6
10,4,111,6,6
10,4,113,6,6
10,4,116,6,6
10,4,122,7,7
10,4,123,7,7
10,4,128,7,7
10,4,133,7,7
10,4,137,7,7
10,4,138,7,7
10,4,141,8,8
10,4,142,8,8
10,4,144,8,8
10,4,149,8,8
10,4,152,8,8
10,4,156,8,8
10,4,161,9,9
10,4,173,9,9
10,4,175,9,9
10,4,176,9,9
10,4,178,9,9
10,4,179,9,9
10,4,180,10,10
10,4,188,10,10
10,4,192,10,10
10,4,193,10,10
10,4,194,10,5
10,4,197,10,10
10,4,204,11,11
10,4,207,11,11
10,4,209,11,11
10,4,210,11,11
10,4,214,11,13
10,4,218,11,11
10,4,220,12,12
10,4,221,12,12
10,4,222,12,12
10,4,232,12,12
10,4,236,12,12
10,4,237,12,12
10,4,243,13,13
10,4,244,13,13
10,4,245,13,13
10,4,246,13,13
10,4,250,13,13
10,4,253,13,13
10,4,261,14,14
10,4,263,14,14
10,4,267,14,14
10,4,270,14,14
10,4,271,14,14
10,4,272,14,14
10,4,280,15,15
10,4,281,15,15
10,4,283,15,15
10,4,288,15,13
10,4,292,15,15
10,4,299,15,15
10,5,2,1,1
10,5,3,1,1
10,5,6,1,1
10,5,7,1,1
10,5,10,1,1
10,5,18,1,1
10,5,23,2,2
10,5,27,2,2
10,5,28,2,2
10,5,31,2,2
10,5,37,2,2
10,5,39,2,2
10,5,43,3,3
10,5,46,3,8
10,5,48,3,8
10,5,49,3,3
10,5,57,3,3
10,5,58,3,3
10,5,60,4,4
10,5,61,4,4
10,5,66,4,9
10,5,71,4,4
10,5,74,4,4
10,5,75,4,4
10,5,83,5,5
10,5,85,5,5
10,5,86,5,10
10,5,90,5,5
10,5,93,5,5
10,5,97,5,5
10,5,106,6,6
10,5,109,6,6
10,5,110,6,6
10,5,113,6,6
10,5,114,6,1
10,5,118,6,6
10,5,124,7,7
10,5,125,7,7
10,5,127,7,7
10,5,135,7,2
10,5,136,7,7
10,5,137,7,7
10,5,146,8,8
10,5,150,8,8
10,5,153,8,8
10,5,157,8,3
10,5,158,8,8
10,5,159,8,3
10,5,160,9,9
10,5,162,9,9
10,5,164,9,9
10,5,168,9,9
10,5,175,9,9
10,5,177,9,9
10,5,184,10,10
10,5,193,10,10
10,5,194,10,5
10,5,196,10,10
10,5,197,10,10
10,5,199,10,10
10,5,200,11,11
10,5,202,11,11
10,5,209,11,11
10,5,210,11,11
10,5,212,11,11
10,5,213,11,11
10,5,220,12,12
10,5,222,12,12
10,5,228,12,12
10,5,231,12,12
10,5,232,12,12
10,5,239,12,12
10,5,240,13,13
10,5,243,13,13
10,5,247,13,13
10,5,256,13,13
10,5,257,13,13
10,5,259,13,13
10,5,264,14,14
10,5,265,14,14
10,5,272,14,14
10,5,276,14,14
10,5,278,14,14
10,5,279,14,14
10,5,280,15,15
10,5,283,15,15
10,5,287,15,15
10,5,289,15,15
10,5,295,15,15
10,5,299,15,15
10,6,1,1,1
10,6,2,1,1
10,6,7,1,1
10,6,10,1,1
10,6,13,1,1
10,6,19,1,1
10,6,20,2,2
10,6,23,2,2
10,6,30,2,2
10,6,32,2,2
10,6,35,2,2
10,6,38,2,2
10,6,40,3,3
10,6,41,3,8
10,6,47,3,3
10,6,48,3,8
10,6,52,3,3
10,6,59,3,3
10,6,60,4,4
10,6,66,4,9
10,6,67,4,4
10,6,71,4,4
10,6,76,4,4
10,6,78,4,4
10,6,86,5,10
10,6,89,5,5
10,6,90,5,5
10,6,91,5,5
10,6,96,5,5
10,6,98,5,5
10,6,102,6,6
10,6,106,6,6
10,6,108,6,6
10,6,114,6,1
10,6,115,6,6
10,6,116,6,6
10,6,125,7,2
10,6,126,7,7
10,6,133,7,7
10,6,134,7,2
10,6,135,7,2
10,6,137,7,7
10,6,140,8,8
10,6,149,8,8
10,6,153,8,8
10,6,157,8,8
10,6,158,8,8
10,6,159,8,8
10,6,164,9,9
10,6,168,9,9
10,6,172,9,9
10,6,173,9,9
10,6,175,9,9
10,6,177,9,9
10,6,182,10,10
10,6,186,10,10
10,6,187,10,10
10,6,189,10,10
10,6,190,10,10
10,6,193,10,10
10,6,203,11,11
10,6,208,11,11
10,6,210,11,11
10,6,212,11,11
10,6,214,11,13
10,6,217,11,11
10,6,220,12,12
10,6,222,12,12
10,6,227,12,12
10,6,228,12,12
10,6,229,12,12
10,6,238,12,12
10,6,240,13,13
10,6,250,13,13
10,6,251,13,13
10,6,254,13,13
10,6,257,13,13
10,6,259,13,13
10,6,262,14,14
10,6,273,14,14
10,6,275,14,14
10,6,276,14,14
10,6,278,14,14
10,6,279,14,14
10,6,283,15,15
10,6,290,15,13
10,6,291,15,13
10,6,292,15,15
10,6,294,15,13
10,6,298,15,15
10,7,1,1,1
10,7,4,1,1
10,7,12,1,1
10,7,14,1,1
10,7,16,1,1
10,7,17,1,1
10,7,20,2,2
10,7,21,2,2
10,7,31,2,2
10,7,33,2,2
10,7,34,2,2
10,7,38,2,2
10,7,41,3,8
10,7,42,3,3
10,7,47,3,3
10,7,54,3,3
10,7,55,3,3
10,7,56,3,3
10,7,60,4,4
10,7,61,4,4
10,7,64,4,4
10,7,65,4,4
10,7,69,4,4
10,7,75,4,4
10,7,82,5,5
10,7,83,5,5
10,7,85,5,5
10,7,86,5,10
10,7,91,5,5
10,7,92,5,5
10,7,101,6,6
10,7,108,6,6
10,7,109,6,6
10,7,110,6,6
10,7,114,6,6
10,7,116,6,6
10,7,121,7,7
10,7,124,7,7
10,7,127,7,7
10,7,128,7,7
10,7,131,7,7
10,7,136,7,7
10,7,141,8,8
10,7,144,8,8
10,7,148,8,8
10,7,151,8,3
10,7,154,8,8
10,7,156,8,8
10,7,163,9,9
10,7,169,9,9
10,7,172,9,9
10,7,174,9,4
10,7,176,9,9
10,7,179,9,9
10,7,180,10,10
10,7,182,10,10
10,7,183,10,5
10,7,186,10,10
10,7,194,10,5
10,7,199,10,10
10,7,201,11,11
10,7,208,11,11
10,7,209,11,11
10,7,210,11,11
10,7,211,11,11
10,7,216,11,11
10,7,223,12,12
10,7,224,12,12
10,7,228,12,12
10,7,230,12,12
10,7,232,12,12
10,7,233,12,12
10,7,245,13,13
10,7,247,13,13
10,7,251,13,13
10,7,252,13,13
10,7,254,13,13
10,7,255,13,13
10,7,260,14,14
10,7,263,14,14
10,7,266,14,14
10,7,267,14,14
10,7,271,14,14
10,7,278,14,14
10,7,280,15,15
10,7,286,15,13
10,7,289,15,15
10,7,293,15,15
10,7,294,15,13
10,7,299,15,15
10,8,1,1,1
10,8,6,1,1
10,8,7,1,1
10,8,9,1,1
10,8,17,1,1
10,8,19,1,1
10,8,26,2,2
10,8,28,2,2
10,8,30,2,2
10,8,31,2,2
10,8,34,2,2
10,8,36,2,2
10,8,40,3,8
10,8,41,3,8
10,8,48,3,3
10,8,49,3,3
10,8,51,3,3
10,8,57,3,3
10,8,61,4,4
10,8,63,4,4
10,8,65,4,4
10,8,66,4,4
10,8,76,4,4
10,8,77,4,4
10,8,80,5,5
10,8,86,5,10
10,8,92,5,5
10,8,95,5,5
10,8,98,5,5
10,8,99,5,5
10,8,100,6,6
10,8,102,6,6
10,8,107,6,6
10,8,109,6,6
10,8,115,6,6
10,8,117,6,6
10,8,120,7,7
10,8,121,7,7
10,8,122,7,7
10,8,126,7,7
10,8,132,7,7
10,8,134,7,2
10,8,141,8,8
10,8,143,8,3
10,8,144,8,8
10,8,152,8,8
10,8,155,8,3
10,8,157,8,8
10,8,162,9,9
10,8,164,9,9
10,8,170,9,9
10,8,174,9,4
10,8,175,9,9
10,8,177,9,9
10,8,181,10,10
10,8,183,10,5
10,8,186,10,10
10,8,188,10,10
10,8,189,10,10
10,8,190,10,10
10,8,202,11,11
10,8,204,11,11
10,8,208,11,11
10,8,209,11,11
10,8,214,11,13
10,8,217,11,11
10,8,224,12,12
10,8,225,12,12
10,8,228,12,12
10,8,229,12,12
10,8,236,12,12
10,8,239,12,12
10,8,241,13,13
10,8,245,13,13
10,8,251,13,13
10,8,252,13,13
10,8,254,13,13
10,8,257,13,13
10,8,264,14,14
10,8,265,14,14
10,8,267,14,14
10,8,269,14,14
10,8,272,14,14
10,8,278,14,14
10,8,280,15,15
10,8,283,15,15
10,8,291,15,15
10,8,292,15,15
10,8,295,15,15
10,8,296,15,15
10,9,1,1,1
10,9,8,1,1
10,9,10,1,1
10,9,11,1,1
10,9,12,1,1
10,9,19,1,1
10,9,21,2,7
10,9,23,2,2
10,9,25,2,7
10,9,32,2,2
10,9,33,2,2
10,9,36,2,2
10,9,46,3,8
10,9,48,3,8
10,9,52,3,3
10,9,53,3,3
10,9,56,3,3
10,9,58,3,3
10,9,62,4,4
10,9,67,4,4
10,9,70,4,4
10,9,73,4,4
10,9,75,4,4
10,9,77,4,4
10,9,85,5,5
10,9,87,5,5
10,9,88,5,5
10,9,89,5,5
10,9,97,5,5
10,9,99,5,5
10,9,105,6,6
10,9,106,6,6
10,9,109,6,6
10,9,110,6,6
10,9,113,6,6
10,9,117,6,6
10,9,120,7,7
10,9,123,7,7
10,9,127,7,7
10,9,135,7,2
10,9,136,7,7
10,9,137,7,7
10,9,142,8,8
10,9,144,8,8
10,9,145,8,8
10,9,146,8,8
10,9,147,8,8
10,9,159,8,8
10,9,163,9,9
10,9,164,9,9
10,9,165,9,9
10,9,166,9,9
10,9,168,9,9
10,9,170,9,9
10,9,180,10,10
10,9,184,10,10
10,9,185,10,10
10,9,192,10,10
10,9,194,10,5
10,9,199,10,10
10,9,202,11,11
10,9,207,11,11
10,9,212,11,11
10,9,213,11,11
10,9,216,11,11
10,9,217,11,11
10,9,221,12,12
10,9,223,12,12
10,9,229,12,12
10,9,232,12,12
10,9,234,12,13
10,9,237,12,12
10,9,243,13,13
10,9,245,13,13
10,9,247,13,13
10,9,250,13,13
10,9,256,13,13
10,9,257,13,13
10,9,262,14,14
10,9,264,14,14
10,9,267,14,14
10,9,268,14,14
10,9,276,14,14
10,9,279,14,14
10,9,281,15,15
10,9,284,15,13
10,9,287,15,15
10,9,291,15,15
10,9,295,15,15
10,9,299,15,15
10,10,0,1,1
10,10,8,1,1
10,10,10,1,1
10,10,11,1,1
10,10,16,1,1
10,10,17,1,1
10,10,21,2,7
10,10,25,2,2
10,10,28,2,2
10,10,36,2,2
10,10,37,2,2
10,10,38,2,2
10,10,40,3,8
10,10,44,3,3
10,10,48,3,3
10,10,49,3,3
10,10,56,3,3
10,10,59,3,3
10,10,66,4,9
10,10,67,4,4
10,10,68,4,4
10,10,74,4,4
10,10,77,4,4
10,10,79,4,4
10,10,83,5,5
10,10,84,5,5
10,10,87,5,5
10,10,90,5,5
10,10,92,5,5
10,10,94,5,5
10,10,104,6,6
10,10,107,6,6
10,10,111,6,6
10,10,112,6,6
10,10,116,6,6
10,10,118,6,6
10,10,120,7,7
10,10,124,7,7
10,10,126,7,7
10,10,127,7,7
10,10,130,7,7
10,10,135,7,2
10,10,142,8,8
10,10,143,8,3
10,10,144,8,8
10,10,145,8,8
10,10,153,8,8
10,10,156,8,8
10,10,163,9,9
10,10,164,9,9
10,10,168,9,9
10,10,173,9,9
10,10,175,9,9
10,10,176,9,9
10,10,181,10,10
10,10,182,10,10
10,10,188,10,10
10,10,193,10,10
10,10,194,10,5
10,10,198,10,10
10,10,200,11,11
10,10,203,11,11
10,10,205,11,11
10,10,207,11,11
10,10,215,11,13
10,10,219,11,11
10,10,220,12,12
10,10,223,12,12
10,10,227,12,12
10,10,229,12,12
10,10,233,12,12
10,10,235,12,13
10,10,242,13,13
10,10,243,13,13
10,10,244,13,13
10,10,246,13,13
10,10,248,13,13
10,10,250,13,13
10,10,261,14,14
10,10,263,14,14
10,10,264,14,14
10,10,265,14,14
10,10,273,14,14
10,10,279,14,14
10,10,280,15,15
10,10,281,15,15
10,10,282,15,13
10,10,285,15,15
10,10,286,15,13
10,10,294,15,13
