hks_index,query_shape_id,neighbor_shape_id,true_class,neighbor_class,squared_distance
1,0,18,1,1,4.768035635871797
1,1,3,1,1,7.571079616767719
1,2,3,1,1,5.156156929232637
1,3,10,1,1,5.055573065314171
1,4,15,1,1,5.626385429246305
1,5,8,1,1,6.392965926986264
1,6,11,1,1,6.185857657091326
1,7,16,1,1,4.183729402972659
1,8,19,1,1,5.1338763867076835
1,9,16,1,1,4.502922269286842
1,10,3,1,1,5.055573065314171
1,11,6,1,1,6.185857657091326
1,12,9,1,1,5.562140096475332
1,13,7,1,1,6.0350343432265845
1,14,16,1,1,5.882538459137393
1,15,9,1,1,5.607858803133148
1,16,17,1,1,4.066851195329903
1,17,16,1,1,4.066851195329903
1,18,0,1,1,4.768035635871797
1,19,9,1,1,4.6246091363343
1,20,38,2,2,6.074809789302776
1,21,38,2,2,7.763651964896319
1,22,29,2,2,5.742592829656402
1,23,33,2,2,5.309444276147289
1,24,31,2,2,6.665918660473189
1,25,31,2,2,6.398253236548221
1,26,25,2,2,7.639998771259968
1,27,36,2,2,4.020602927310904
1,28,31,2,2,5.96518980818788
1,29,22,2,2,5.742592829656402
1,30,28,2,2,6.823146249064145
1,31,28,2,2,5.96518980818788
1,32,38,2,2,6.66990211870106
1,33,23,2,2,5.309444276147289
1,34,35,2,2,7.288162387166743
1,35,135,2,7,4.978356369728914
1,36,27,2,2,4.020602927310904
1,37,29,2,2,6.488289188556934
1,38,36,2,2,4.779712036066826
1,39,29,2,2,6.464354659749688
1,40,57,3,3,6.982355857913291
1,41,54,3,3,5.857080458417997
1,42,49,3,3,5.281197027322719
1,43,53,3,3,4.783136451605344
1,44,144,3,8,5.112400827711014
1,45,145,3,8,5.531577761673368
1,46,142,3,8,7.799569371551016
1,47,58,3,3,4.55853044313497
1,48,154,3,8,4.205216924375577
1,49,52,3,3,4.38339304553395
1,50,51,3,3,5.2252831872385315
1,51,151,3,8,4.676302303601673
1,52,49,3,3,4.38339304553395
1,53,157,3,8,4.226916457630352
1,54,55,3,3,5.797744053079683
1,55,155,3,8,4.469664480640532
1,56,57,3,3,5.070715149067638
1,57,58,3,3,3.9936185624585647
1,58,57,3,3,3.9936185624585647
1,59,52,3,3,5.8866487662943
1,60,78,4,4,9.364115367311328
1,61,161,4,9,6.30768292617104
1,62,78,4,4,5.638436508815893
1,63,70,4,4,5.2034825447153565
1,64,75,4,4,4.4359880788720645
1,65,165,4,9,4.5928840687463435
1,66,73,4,4,6.212823243781557
1,67,64,4,4,5.045626499645103
1,68,64,4,4,5.273561209895213
1,69,64,4,4,4.853606662054318
1,70,63,4,4,5.2034825447153565
1,71,64,4,4,5.018436960326305
1,72,69,4,4,6.24586969407985
1,73,77,4,4,5.097534840420167
1,74,64,4,4,6.313863436713689
1,75,64,4,4,4.4359880788720645
1,76,79,4,4,5.751031785846507
1,77,73,4,4,5.097534840420167
1,78,62,4,4,5.638436508815893
1,79,69,4,4,5.135145446428936
1,80,98,5,5,5.49453972028644
1,81,98,5,5,6.093688669898228
1,82,98,5,5,5.641263700719051
1,83,99,5,5,5.435902107900247
1,84,91,5,5,5.216211687924556
1,85,94,5,5,5.687603006907878
1,86,94,5,5,6.790660933828917
1,87,96,5,5,3.6657651219422434
1,88,94,5,5,4.953552129549848
1,89,99,5,5,5.459713666647502
1,90,87,5,5,7.350826871798077
1,91,95,5,5,5.073728306797449
1,92,82,5,5,6.129476694808588
1,93,96,5,5,6.1723157252611145
1,94,88,5,5,4.953552129549848
1,95,91,5,5,5.073728306797449
1,96,87,5,5,3.6657651219422434
1,97,87,5,5,4.587821489920543
1,98,87,5,5,4.609762494570305
1,99,96,5,5,4.529770607210196
1,100,101,6,6,5.1833350017546
1,101,100,6,6,5.1833350017546
1,102,118,6,6,6.787592351362129
1,103,118,6,6,5.532526194260349
1,104,112,6,6,4.904995373182899
1,105,108,6,6,5.586774061263185
1,106,111,6,6,6.047785273488621
1,107,117,6,6,4.399870909084882
1,108,115,6,6,5.1907013886879625
1,109,118,6,6,4.919438130232763
1,110,118,6,6,5.727453862064365
1,111,112,6,6,5.543948262004079
1,112,104,6,6,4.904995373182899
1,113,107,6,6,5.052665654180359
1,114,115,6,6,5.578340679143501
1,115,112,6,6,4.982401288841302
1,116,117,6,6,5.7482400739319175
1,117,107,6,6,4.399870909084882
1,118,109,6,6,4.919438130232763
1,119,109,6,6,5.739907130690142
1,120,138,7,7,6.030329442572821
1,121,138,7,7,6.07400973218779
1,122,123,7,7,5.429915953621972
1,123,122,7,7,5.429915953621972
1,124,129,7,7,5.835776396848544
1,125,25,7,2,7.151197241217922
1,126,130,7,7,9.08912926798746
1,127,137,7,7,4.548442525913785
1,128,139,7,7,6.43229026927731
1,129,124,7,7,5.835776396848544
1,130,136,7,7,5.7250188122584476
1,131,136,7,7,5.83636400397036
1,132,127,7,7,5.581733270645643
1,133,137,7,7,5.630840676539265
1,134,128,7,7,6.69033854512778
1,135,35,7,2,4.978356369728914
1,136,139,7,7,4.722551387327179
1,137,127,7,7,4.548442525913785
1,138,137,7,7,5.189859445438216
1,139,136,7,7,4.722551387327179
1,140,58,8,3,5.300844144106989
1,141,151,8,8,6.070750938603581
1,142,143,8,8,4.767595915448226
1,143,158,8,8,4.605763805747358
1,144,159,8,8,4.7845278092928964
1,145,45,8,3,5.531577761673368
1,146,153,8,8,6.732925218877412
1,147,153,8,8,4.8637054435373415
1,148,153,8,8,6.085416500444424
1,149,47,8,3,5.479968206267131
1,150,156,8,8,5.173048568089541
1,151,51,8,3,4.676302303601673
1,152,147,8,8,5.09565941266159
1,153,147,8,8,4.8637054435373415
1,154,48,8,3,4.205216924375577
1,155,55,8,3,4.469664480640532
1,156,150,8,8,5.173048568089541
1,157,53,8,3,4.226916457630352
1,158,143,8,8,4.605763805747358
1,159,144,8,8,4.7845278092928964
1,160,179,9,9,6.507831628476318
1,161,61,9,4,6.30768292617104
1,162,178,9,9,6.055433233994648
1,163,170,9,9,5.109986175709686
1,164,168,9,9,5.237043629873149
1,165,65,9,4,4.5928840687463435
1,166,167,9,9,5.9189344291012205
1,167,171,9,9,5.084008918983514
1,168,164,9,9,5.237043629873149
1,169,167,9,9,5.323997061175625
1,170,163,9,9,5.109986175709686
1,171,167,9,9,5.084008918983514
1,172,169,9,9,5.998045599734596
1,173,176,9,9,5.141144542063138
1,174,168,9,9,6.205617250255443
1,175,167,9,9,5.848168623182858
1,176,179,9,9,4.618374418945912
1,177,179,9,9,5.981188265338652
1,178,176,9,9,5.60354585947853
1,179,176,9,9,4.618374418945912
1,180,197,10,10,5.301428857256809
1,181,88,10,5,6.619384027670236
1,182,192,10,10,5.36513095746799
1,183,193,10,10,6.184875112810602
1,184,187,10,10,6.134474564754868
1,185,188,10,10,6.614857519804659
1,186,196,10,10,7.111218637725699
1,187,190,10,10,5.299503596218237
1,188,185,10,10,6.614857519804659
1,189,199,10,10,6.455761172622587
1,190,187,10,10,5.299503596218237
1,191,196,10,10,6.396334626790832
1,192,182,10,10,5.36513095746799
1,193,184,10,10,6.170994452321246
1,194,192,10,10,7.3267574592516524
1,195,196,10,10,6.376709571496853
1,196,198,10,10,6.022197222596567
1,197,180,10,10,5.301428857256809
1,198,192,10,10,5.634998706477646
1,199,196,10,10,6.300681141053005
1,200,217,11,11,3.957773370966768
1,201,202,11,11,4.073014579514745
1,202,218,11,11,3.5073413962646445
1,203,218,11,11,3.918396047630109
1,204,210,11,11,3.8586382621621436
1,205,214,11,11,4.960325317954455
1,206,211,11,11,5.071081918502406
1,207,216,11,11,3.1750024531545913
1,208,202,11,11,3.9869145472611143
1,209,218,11,11,3.5352186234781406
1,210,215,11,11,3.6452746995123633
1,211,219,11,11,3.2917127047048753
1,212,219,11,11,4.061420673507788
1,213,216,11,11,3.5575718997465637
1,214,211,11,11,4.309599950618567
1,215,210,11,11,3.6452746995123633
1,216,207,11,11,3.1750024531545913
1,217,207,11,11,3.2210596607825437
1,218,207,11,11,3.267936867970901
1,219,211,11,11,3.2917127047048753
1,220,238,12,12,4.5844780915486325
1,221,227,12,12,4.345698051669016
1,222,237,12,12,4.411207365696338
1,223,230,12,12,4.499809358010555
1,224,221,12,12,4.512210017539351
1,225,234,12,12,5.368413299184526
1,226,231,12,12,5.824016198386763
1,227,239,12,12,4.171490975685904
1,228,227,12,12,4.518730944082945
1,229,230,12,12,4.346202261217401
1,230,231,12,12,4.114772342179586
1,231,230,12,12,4.114772342179586
1,232,239,12,12,4.650363691068687
1,233,230,12,12,4.5558968177580965
1,234,235,12,12,5.120665980773712
1,235,230,12,12,4.6945635131392915
1,236,227,12,12,4.662065981173001
1,237,222,12,12,4.411207365696338
1,238,227,12,12,4.237645651463692
1,239,227,12,12,4.171490975685904
1,240,258,13,13,3.872781867042601
1,241,247,13,13,4.084517720801747
1,242,258,13,13,3.841628138072487
1,243,242,13,13,4.105930413556491
1,244,241,13,13,4.264310979987833
1,245,253,13,13,5.918383504692886
1,246,253,13,13,6.13216385351061
1,247,256,13,13,3.509504793978712
1,248,247,13,13,4.662308144439406
1,249,247,13,13,4.266077822418012
1,250,242,13,13,4.059696521089476
1,251,250,13,13,4.392587539954347
1,252,247,13,13,4.560539908769908
1,253,247,13,13,3.944884680394571
1,254,247,13,13,5.246415576927536
1,255,248,13,13,5.372681582225276
1,256,258,13,13,3.502212130160739
1,257,247,13,13,3.8083055334469513
1,258,256,13,13,3.502212130160739
1,259,242,13,13,3.972983352962384
1,260,277,14,14,3.192205279635381
1,261,276,14,14,4.609462093296492
1,262,264,14,14,3.618696614994806
1,263,276,14,14,4.546590726177529
1,264,262,14,14,3.618696614994806
1,265,274,14,14,4.483558505665439
1,266,272,14,14,5.9296233556155205
1,267,278,14,14,3.2497624519565367
1,268,278,14,14,3.8637111550249736
1,269,278,14,14,3.9751770383396696
1,270,275,14,14,3.8416604466296587
1,271,279,14,14,4.085943548721219
1,272,276,14,14,4.172349195605401
1,273,267,14,14,3.9568155726862484
1,274,275,14,14,4.369219709077481
1,275,262,14,14,3.807192637225312
1,276,267,14,14,3.797011962158696
1,277,260,14,14,3.192205279635381
1,278,267,14,14,3.2497624519565367
1,279,271,14,14,4.085943548721219
1,280,298,15,15,3.598906312282807
1,281,284,15,15,3.9041222209375697
1,282,284,15,15,3.6733955335407114
1,283,298,15,15,4.268795325595752
1,284,282,15,15,3.6733955335407114
1,285,295,15,15,2.4715565406813376
1,286,291,15,15,5.380885974610328
1,287,296,15,15,3.575280195588409
1,288,282,15,15,3.8189836406175246
1,289,298,15,15,4.198789180890989
1,290,284,15,15,3.7326167504000676
1,291,288,15,15,3.9752271120760536
1,292,284,15,15,4.0279437572497105
1,293,296,15,15,4.315167323777372
1,294,288,15,15,4.454459091920593
1,295,285,15,15,2.4715565406813376
1,296,287,15,15,3.575280195588409
1,297,280,15,15,4.213593655210561
1,298,280,15,15,3.598906312282807
1,299,296,15,15,3.9633172684153095
2,0,17,1,1,123.88166498266355
2,1,10,1,1,137.60412697962738
2,2,10,1,1,113.16200030943699
2,3,17,1,1,103.44313415990229
2,4,8,1,1,113.18531564653912
2,5,105,1,6,119.3568362509731
2,6,106,1,6,115.92165804424295
2,7,13,1,1,107.64695824892084
2,8,19,1,1,111.79765361261474
2,9,19,1,1,97.84398435447636
2,10,2,1,1,113.16200030943699
2,11,19,1,1,111.12392763139363
2,12,10,1,1,117.13233120366573
2,13,7,1,1,107.64695824892084
2,14,3,1,1,120.87853566854159
2,15,9,1,1,120.73983653901672
2,16,7,1,1,109.10825775863395
2,17,3,1,1,103.44313415990229
2,18,19,1,1,102.23181295650562
2,19,9,1,1,97.84398435447636
2,20,38,2,2,133.22103910023742
2,21,136,2,7,140.18189329190312
2,22,33,2,2,143.63107417677423
2,23,33,2,2,138.854406912615
2,24,124,2,7,143.1150957855832
2,25,28,2,2,143.10146447709957
2,26,30,2,2,143.0804740724056
2,27,38,2,2,117.50757904097185
2,28,128,2,7,105.13549200175527
2,29,129,2,7,121.55510841763356
2,30,31,2,2,136.4609356924002
2,31,30,2,2,136.4609356924002
2,32,136,2,7,135.56926681854287
2,33,37,2,2,117.1233289620672
2,34,28,2,2,124.64379855842213
2,35,28,2,2,118.60590570330947
2,36,33,2,2,125.94009266255227
2,37,33,2,2,117.1233289620672
2,38,27,2,2,117.50757904097185
2,39,37,2,2,132.70434248656005
2,40,49,3,3,135.58152719129055
2,41,55,3,3,110.07672586263283
2,42,142,3,8,121.30445710973726
2,43,59,3,3,107.74944148240286
2,44,51,3,3,122.96269987227288
2,45,55,3,3,153.1366141199564
2,46,146,3,8,125.46645171546851
2,47,156,3,8,122.82839415588836
2,48,148,3,8,118.38800207324442
2,49,56,3,3,117.70241221764695
2,50,141,3,8,148.95425007179836
2,51,55,3,3,114.89575816649995
2,52,43,3,3,114.23753208103676
2,53,153,3,8,116.4190918271247
2,54,53,3,3,141.23251385873988
2,55,41,3,3,110.07672586263283
2,56,58,3,3,113.16559965971805
2,57,40,3,3,149.69052574900456
2,58,158,3,8,101.67236862489938
2,59,43,3,3,107.74944148240286
2,60,77,4,4,121.43779795833734
2,61,78,4,4,113.65402650036208
2,62,61,4,4,120.95685547020025
2,63,78,4,4,99.69766261526081
2,64,72,4,4,109.1062516206579
2,65,68,4,4,114.16570999005637
2,66,67,4,4,147.66791427384618
2,67,73,4,4,94.80956783959397
2,68,72,4,4,104.25441948653719
2,69,71,4,4,103.93206279359191
2,70,75,4,4,111.18024645822192
2,71,72,4,4,99.98408909384841
2,72,71,4,4,99.98408909384841
2,73,67,4,4,94.80956783959397
2,74,72,4,4,142.74945771877654
2,75,69,4,4,109.86883740555689
2,76,77,4,4,107.48901794557054
2,77,76,4,4,107.48901794557054
2,78,63,4,4,99.69766261526081
2,79,72,4,4,103.13894607560218
2,80,98,5,5,135.80448948487458
2,81,83,5,5,116.17731838262802
2,82,90,5,5,104.28206180505941
2,83,98,5,5,107.62732514740662
2,84,2,5,1,140.95086208335005
2,85,185,5,10,131.59895914580702
2,86,95,5,5,127.39406336193366
2,87,96,5,5,103.63202167483621
2,88,99,5,5,117.61121644346963
2,89,97,5,5,123.10198181393878
2,90,82,5,5,104.28206180505941
2,91,96,5,5,130.04387132904787
2,92,98,5,5,115.59181266859247
2,93,87,5,5,117.02890236144356
2,94,88,5,5,128.00037582554012
2,95,82,5,5,106.6306984209453
2,96,87,5,5,103.63202167483621
2,97,89,5,5,123.10198181393878
2,98,83,5,5,107.62732514740662
2,99,98,5,5,110.82572441600337
2,100,117,6,6,112.24687244779676
2,101,110,6,6,98.72829542654839
2,102,110,6,6,109.48376858139972
2,103,110,6,6,102.29370853656559
2,104,110,6,6,107.97831774871707
2,105,113,6,6,114.04181610649513
2,106,6,6,1,115.92165804424295
2,107,117,6,6,108.74412919759635
2,108,115,6,6,104.85549120010523
2,109,111,6,6,117.57154432871764
2,110,115,6,6,96.34771488502253
2,111,112,6,6,103.52584951900553
2,112,111,6,6,103.52584951900553
2,113,119,6,6,98.02838492189917
2,114,64,6,4,130.17053332541923
2,115,110,6,6,96.34771488502253
2,116,119,6,6,113.15498399911303
2,117,107,6,6,108.74412919759635
2,118,110,6,6,96.86036642961304
2,119,113,6,6,98.02838492189917
2,120,138,7,7,131.74049757918465
2,121,136,7,7,138.8139728566286
2,122,131,7,7,127.28657928229774
2,123,136,7,7,146.8674350951813
2,124,182,7,10,142.89805076002153
2,125,34,7,2,146.88829997401282
2,126,131,7,7,135.44218719530238
2,127,132,7,7,120.4646787964723
2,128,28,7,2,105.13549200175527
2,129,29,7,2,121.55510841763356
2,130,122,7,7,135.16015207690526
2,131,122,7,7,127.28657928229774
2,132,127,7,7,120.4646787964723
2,133,34,7,2,135.02221828753977
2,134,34,7,2,137.68441299343374
2,135,131,7,7,134.07416634798568
2,136,139,7,7,117.57204957647343
2,137,138,7,7,124.20250082048642
2,138,137,7,7,124.20250082048642
2,139,136,7,7,117.57204957647343
2,140,158,8,8,117.33492738156406
2,141,43,8,3,108.21322558536048
2,142,42,8,3,121.30445710973726
2,143,158,8,8,103.69721696562067
2,144,143,8,8,120.54011486232491
2,145,45,8,3,153.1838054840065
2,146,46,8,3,125.46645171546851
2,147,156,8,8,103.03160321472217
2,148,48,8,3,118.38800207324442
2,149,143,8,8,121.89300500414151
2,150,55,8,3,120.49914082670335
2,151,51,8,3,118.76274526675718
2,152,147,8,8,123.07454672398973
2,153,53,8,3,116.4190918271247
2,154,53,8,3,135.53039223403823
2,155,151,8,8,123.551801678208
2,156,147,8,8,103.03160321472217
2,157,43,8,3,135.06087911670636
2,158,58,8,3,101.67236862489938
2,159,143,8,8,108.77502760966479
2,160,178,9,9,97.90672659393601
2,161,178,9,9,110.4802496784082
2,162,163,9,9,111.89254854569569
2,163,178,9,9,103.76173047592556
2,164,168,9,9,101.0992311515639
2,165,168,9,9,106.53631924984049
2,166,170,9,9,124.83517494971849
2,167,160,9,9,105.24570317677387
2,168,164,9,9,101.0992311515639
2,169,179,9,9,105.63245321518752
2,170,175,9,9,107.476225693668
2,171,71,9,4,119.70164170999828
2,172,168,9,9,113.19500960615001
2,173,176,9,9,119.91527437235573
2,174,168,9,9,105.68814199121769
2,175,170,9,9,107.476225693668
2,176,167,9,9,111.87840610074136
2,177,167,9,9,113.15301926079985
2,178,160,9,9,97.90672659393601
2,179,169,9,9,105.63245321518752
2,180,197,10,10,130.26573590827434
2,181,196,10,10,117.28897603416289
2,182,193,10,10,124.42815162283466
2,183,197,10,10,124.10632062712449
2,184,197,10,10,112.2584088066335
2,185,195,10,10,125.3243048202176
2,186,196,10,10,147.96721020221815
2,187,196,10,10,107.05132980606379
2,188,198,10,10,114.00223164205778
2,189,196,10,10,111.7540171039663
2,190,188,10,10,125.15090181594564
2,191,199,10,10,118.40191982806624
2,192,198,10,10,117.18199702601606
2,193,199,10,10,101.23421003197802
2,194,188,10,10,125.91209440876287
2,195,199,10,10,114.27761341622039
2,196,199,10,10,101.15928370158042
2,197,196,10,10,106.11566346177631
2,198,188,10,10,114.00223164205778
2,199,196,10,10,101.15928370158042
2,200,218,11,11,55.66416455017567
2,201,200,11,11,66.13474296517941
2,202,209,11,11,67.89654279170684
2,203,212,11,11,68.9756965951685
2,204,219,11,11,65.30078125526765
2,205,225,11,12,71.87165299796902
2,206,211,11,11,79.49930994021108
2,207,218,11,11,61.802463280543606
2,208,228,11,12,66.876730836462
2,209,216,11,11,58.92970208396673
2,210,216,11,11,65.40653281202859
2,211,231,11,12,58.30546369812827
2,212,216,11,11,64.14024287215975
2,213,217,11,11,65.34282023217892
2,214,215,11,11,68.42381373600136
2,215,278,11,14,63.30425202431694
2,216,209,11,11,58.92970208396673
2,217,219,11,11,62.59982296524068
2,218,200,11,11,55.66416455017567
2,219,200,11,11,58.69339959571845
2,220,239,12,12,58.3049629020027
2,221,236,12,12,71.07229789385728
2,222,202,12,11,70.21879894161768
2,223,229,12,12,81.77527443206567
2,224,222,12,12,72.93123777733214
2,225,275,12,14,64.37282652109572
2,226,231,12,12,83.48331881303277
2,227,236,12,12,64.4580956281537
2,228,208,12,11,66.876730836462
2,229,209,12,11,72.29612924479224
2,230,210,12,11,71.26772314820462
2,231,211,12,11,58.30546369812827
2,232,212,12,11,65.68925872956994
2,233,220,12,12,68.95752701019862
2,234,230,12,12,76.14657352955078
2,235,228,12,12,70.49390488831253
2,236,239,12,12,62.528405391869896
2,237,220,12,12,71.14210562954165
2,238,220,12,12,66.12424810742054
2,239,220,12,12,58.3049629020027
2,240,258,13,13,61.498688508926755
2,241,258,13,13,68.19011366740065
2,242,248,13,13,73.05708985272383
2,243,258,13,13,68.9676114789717
2,244,257,13,13,75.33319966730824
2,245,255,13,13,79.79376901481106
2,246,231,13,12,85.72649617644602
2,247,258,13,13,58.548862186405245
2,248,255,13,13,71.41399183158879
2,249,259,13,13,71.6442845394207
2,250,240,13,13,64.91607471645885
2,251,257,13,13,76.84949013785554
2,252,256,13,13,67.95196910933309
2,253,258,13,13,67.32027154727402
2,254,255,13,13,78.22514024140025
2,255,248,13,13,71.41399183158879
2,256,247,13,13,67.28360420709578
2,257,259,13,13,67.9598573629971
2,258,247,13,13,58.548862186405245
2,259,240,13,13,66.97442719885649
2,260,278,14,14,59.32892607784319
2,261,278,14,14,72.26803496937902
2,262,275,14,14,67.44587645142835
2,263,278,14,14,66.2309250946644
2,264,278,14,14,65.1262376181773
2,265,279,14,14,70.85183870254707
2,266,271,14,14,79.10529950645245
2,267,278,14,14,58.65524028343056
2,268,271,14,14,65.54707438601545
2,269,275,14,14,65.25103798327251
2,270,278,14,14,64.31982649959608
2,271,268,14,14,65.54707438601545
2,272,276,14,14,69.80818713902363
2,273,277,14,14,63.45691285738917
2,274,211,14,11,70.40495794059298
2,275,225,14,12,64.37282652109572
2,276,277,14,14,61.59887569675525
2,277,276,14,14,61.59887569675525
2,278,267,14,14,58.65524028343056
2,279,277,14,14,62.57930614402895
2,280,290,15,15,69.18611733269617
2,281,298,15,15,64.41431517788244
2,282,284,15,15,68.9141844408563
2,283,296,15,15,72.02134758891022
2,284,296,15,15,65.18614429656185
2,285,295,15,15,65.08616039188969
2,286,258,15,13,80.8738766793787
2,287,298,15,15,59.000562250522165
2,288,293,15,15,67.44844435345654
2,289,284,15,15,67.72281855689172
2,290,298,15,15,63.214418813129505
2,291,288,15,15,70.2316515064986
2,292,296,15,15,65.96175614213927
2,293,290,15,15,64.71191255934082
2,294,298,15,15,71.97794905465886
2,295,285,15,15,65.08616039188969
2,296,299,15,15,63.824699720150534
2,297,298,15,15,65.80133392787585
2,298,287,15,15,59.000562250522165
2,299,296,15,15,63.824699720150534
3,0,16,1,1,124.00062544480285
3,1,4,1,1,150.6486058652561
3,2,102,1,6,132.85392552655034
3,3,2,1,1,136.75643915905243
3,4,104,1,6,128.6985153801469
3,5,105,1,6,127.43645909456384
3,6,106,1,6,152.13215066142703
3,7,16,1,1,102.38758625074664
3,8,108,1,6,129.3109888223347
3,9,109,1,6,117.78922488556502
3,10,110,1,6,129.92149379427104
3,11,18,1,1,147.1625585237551
3,12,3,1,1,146.66547160812206
3,13,7,1,1,121.09395357200454
3,14,15,1,1,142.61239053441994
3,15,4,1,1,132.19220356852153
3,16,7,1,1,102.38758625074664
3,17,7,1,1,128.45244545092996
3,18,2,1,1,138.42011833066846
3,19,0,1,1,127.54816322006297
3,20,38,2,2,137.80801629085437
3,21,32,2,2,161.72777051935336
3,22,23,2,2,166.75174632071494
3,23,30,2,2,147.77954097972918
3,24,124,2,7,137.57237888248875
3,25,125,2,7,133.07879239002486
3,26,126,2,7,169.09256005931815
3,27,37,2,2,171.8453754094299
3,28,128,2,7,130.91594667087955
3,29,36,2,2,147.70298202950204
3,30,23,2,2,147.77954097972918
3,31,39,2,2,151.74430191151913
3,32,99,2,5,136.88495915470818
3,33,37,2,2,144.53619626862348
3,34,36,2,2,167.27181650875198
3,35,135,2,7,130.0873427467465
3,36,39,2,2,131.19083312179552
3,37,33,2,2,144.53619626862348
3,38,20,2,2,137.80801629085437
3,39,36,2,2,131.19083312179552
3,40,59,3,3,124.07299853456396
3,41,56,3,3,141.19846572930552
3,42,142,3,8,129.36191189501977
3,43,53,3,3,148.94739479990744
3,44,47,3,3,128.54442119664566
3,45,145,3,8,144.66543699002224
3,46,146,3,8,121.20283737074013
3,47,147,3,8,116.7272420112102
3,48,148,3,8,107.98841794523614
3,49,149,3,8,127.69218676432587
3,50,150,3,8,134.78818961112336
3,51,151,3,8,125.43990781326542
3,52,152,3,8,128.8626963853874
3,53,153,3,8,116.29623964104857
3,54,154,3,8,163.29560692369986
3,55,155,3,8,131.57501743936592
3,56,47,3,3,133.8918217912443
3,57,157,3,8,121.97714536749015
3,58,158,3,8,123.71853712255978
3,59,40,3,3,124.07299853456396
3,60,76,4,4,113.63950269701522
3,61,161,4,9,138.64226299914432
3,62,162,4,9,127.81494193754733
3,63,76,4,4,138.12542264412156
3,64,70,4,4,119.51693907650554
3,65,165,4,9,145.62164012819466
3,66,166,4,9,173.3053498138735
3,67,76,4,4,104.84064227839949
3,68,168,4,9,125.257424226296
3,69,169,4,9,138.78115809227302
3,70,64,4,4,119.51693907650554
3,71,171,4,9,125.44072961967957
3,72,172,4,9,125.94126649039694
3,73,77,4,4,127.68901676234208
3,74,174,4,9,144.42665209871134
3,75,68,4,4,129.34184715792873
3,76,67,4,4,104.84064227839949
3,77,67,4,4,123.90201014167924
3,78,67,4,4,114.80401185386714
3,79,76,4,4,132.7655535761354
3,80,98,5,5,144.97159949164998
3,81,181,5,10,145.0709567306829
3,82,182,5,10,110.94245486052539
3,83,183,5,10,143.96453083243554
3,84,87,5,5,126.29281031095104
3,85,185,5,10,137.32359403138918
3,86,186,5,10,185.47030336168925
3,87,84,5,5,126.29281031095104
3,88,95,5,5,125.79313343041272
3,89,96,5,5,153.6159917527227
3,90,84,5,5,127.1368156733414
3,91,191,5,10,124.02178813986302
3,92,99,5,5,134.0974498126351
3,93,99,5,5,129.1486550427713
3,94,88,5,5,146.41051201777833
3,95,88,5,5,125.79313343041272
3,96,87,5,5,132.69174680804795
3,97,98,5,5,133.10548304841322
3,98,99,5,5,117.4800708279189
3,99,98,5,5,117.4800708279189
3,100,117,6,6,145.84704232345283
3,101,118,6,6,145.83147105953924
3,102,104,6,6,126.62141139515525
3,103,110,6,6,137.42249836612916
3,104,102,6,6,126.62141139515525
3,105,5,6,1,127.43645909456384
3,106,6,6,1,152.13215066142703
3,107,116,6,6,113.55114672017845
3,108,8,6,1,129.3109888223347
3,109,9,6,1,117.78922488556502
3,110,10,6,1,129.92149379427104
3,111,257,6,13,150.27956875035403
3,112,116,6,6,150.56178215466937
3,113,117,6,6,133.7989624387358
3,114,115,6,6,143.26528937959347
3,115,108,6,6,136.3158426318364
3,116,107,6,6,113.55114672017845
3,117,118,6,6,121.44946739055138
3,118,117,6,6,121.44946739055138
3,119,116,6,6,137.87770653980033
3,120,138,7,7,153.32885639250338
3,121,21,7,2,169.57608927073127
3,122,124,7,7,159.2983391907312
3,123,23,7,2,169.06388893164205
3,124,24,7,2,137.57237888248875
3,125,25,7,2,133.07879239002486
3,126,26,7,2,169.09256005931815
3,127,136,7,7,164.38795452983672
3,128,28,7,2,130.91594667087955
3,129,29,7,2,148.8062621131739
3,130,30,7,2,163.54106762569933
3,131,31,7,2,158.40475997470242
3,132,32,7,2,145.89594805743369
3,133,139,7,7,148.29721176471276
3,134,28,7,2,172.21912348898468
3,135,35,7,2,130.0873427467465
3,136,139,7,7,115.29232421481123
3,137,138,7,7,158.04869715711294
3,138,139,7,7,142.71677183734545
3,139,136,7,7,115.29232421481123
3,140,158,8,8,131.69164897522876
3,141,150,8,8,133.14522915817776
3,142,42,8,3,129.36191189501977
3,143,158,8,8,132.84706712038835
3,144,149,8,8,135.18086176566882
3,145,45,8,3,144.66543699002224
3,146,46,8,3,121.20283737074013
3,147,156,8,8,108.08234424222294
3,148,48,8,3,107.98841794523614
3,149,49,8,3,127.69218676432587
3,150,141,8,8,133.14522915817776
3,151,51,8,3,125.43990781326542
3,152,52,8,3,128.8626963853874
3,153,53,8,3,116.29623964104857
3,154,54,8,3,163.29560692369986
3,155,55,8,3,131.57501743936592
3,156,147,8,8,108.08234424222294
3,157,57,8,3,121.97714536749015
3,158,58,8,3,123.71853712255978
3,159,156,8,8,129.6900029638245
3,160,176,9,9,111.24041837671922
3,161,61,9,4,138.64226299914432
3,162,164,9,9,127.14081085763202
3,163,178,9,9,135.20450801386627
3,164,64,9,4,121.29829281431084
3,165,175,9,9,145.59161534949874
3,166,66,9,4,173.3053498138735
3,167,177,9,9,109.6212397580404
3,168,68,9,4,125.257424226296
3,169,176,9,9,122.0300803901087
3,170,64,9,4,122.7009503910856
3,171,71,9,4,125.44072961967957
3,172,72,9,4,125.94126649039694
3,173,176,9,9,136.73896409911742
3,174,74,9,4,144.42665209871134
3,175,75,9,4,130.1076109957673
3,176,179,9,9,108.60728124633941
3,177,167,9,9,109.6212397580404
3,178,160,9,9,116.32861280582829
3,179,176,9,9,108.60728124633941
3,180,199,10,10,149.30776006554512
3,181,81,10,5,145.0709567306829
3,182,82,10,5,110.94245486052539
3,183,83,10,5,143.96453083243554
3,184,182,10,10,130.69254863932494
3,185,85,10,5,137.32359403138918
3,186,86,10,5,185.47030336168925
3,187,196,10,10,118.48460035416994
3,188,88,10,5,134.65301562579785
3,189,196,10,10,143.42982240947674
3,190,90,10,5,130.04209702237446
3,191,91,10,5,124.02178813986302
3,192,196,10,10,144.39868494342826
3,193,187,10,10,126.96437296179377
3,194,195,10,10,149.65544093718228
3,195,95,10,5,138.97530544268318
3,196,187,10,10,118.48460035416994
3,197,187,10,10,152.99250696521221
3,198,98,10,5,123.74258400314483
3,199,196,10,10,144.16055948520813
3,200,219,11,11,75.10533614011531
3,201,218,11,11,99.69724208556156
3,202,215,11,11,95.19009980261649
3,203,217,11,11,83.01201159225101
3,204,217,11,11,93.72419902017337
3,205,268,11,14,110.11724851371306
3,206,207,11,11,133.6373825935788
3,207,216,11,11,72.06714707140658
3,208,219,11,11,96.63818955361666
3,209,217,11,11,98.97557387656971
3,210,217,11,11,102.40699174162745
3,211,200,11,11,91.87295752400593
3,212,217,11,11,89.04683843988066
3,213,200,11,11,82.98969281974126
3,214,211,11,11,111.31172558218674
3,215,202,11,11,95.19009980261649
3,216,207,11,11,72.06714707140658
3,217,219,11,11,76.35493317936557
3,218,200,11,11,77.48195666254179
3,219,200,11,11,75.10533614011531
3,220,239,12,12,70.45593633290103
3,221,229,12,12,112.07569580663406
3,222,224,12,12,101.87357909311025
3,223,237,12,12,72.61734304549611
3,224,230,12,12,91.61340512889703
3,225,236,12,12,114.05959369438096
3,226,291,12,15,121.55530450598798
3,227,238,12,12,83.23407025092996
3,228,231,12,12,92.26507890593122
3,229,237,12,12,98.87941780442671
3,230,224,12,12,91.61340512889703
3,231,228,12,12,92.26507890593122
3,232,237,12,12,92.10104066474875
3,233,220,12,12,87.5423808493343
3,234,228,12,12,109.58640989661126
3,235,228,12,12,98.26114714930358
3,236,237,12,12,70.03318902870605
3,237,236,12,12,70.03318902870605
3,238,220,12,12,78.95926319316055
3,239,220,12,12,70.45593633290103
3,240,259,13,13,85.60610257268483
3,241,257,13,13,112.03481391597273
3,242,257,13,13,95.67029245711578
3,243,257,13,13,96.2430325131808
3,244,250,13,13,98.68341663355696
3,245,258,13,13,109.73454715103409
3,246,217,13,11,127.60283287029202
3,247,253,13,13,75.81438647584693
3,248,255,13,13,94.70211176188585
3,249,252,13,13,92.2522646749351
3,250,257,13,13,88.90076041939881
3,251,259,13,13,94.41621188719051
3,252,257,13,13,79.53624246146107
3,253,247,13,13,75.81438647584693
3,254,255,13,13,114.03479919135819
3,255,248,13,13,94.70211176188585
3,256,257,13,13,80.99898294673321
3,257,252,13,13,79.53624246146107
3,258,247,13,13,78.87351644379538
3,259,258,13,13,83.64302482363908
3,260,278,14,14,56.062022057398494
3,261,269,14,14,98.28789018576799
3,262,264,14,14,95.07701898886302
3,263,277,14,14,86.69289813123413
3,264,269,14,14,94.07132406455801
3,265,276,14,14,108.21149395411426
3,266,271,14,14,131.24201597430098
3,267,276,14,14,70.82850346443838
3,268,277,14,14,98.42318816607022
3,269,264,14,14,94.07132406455801
3,270,264,14,14,97.31538803070958
3,271,276,14,14,91.10484748022998
3,272,275,14,14,96.15508537425224
3,273,277,14,14,82.66491329737525
3,274,268,14,14,108.49158686452566
3,275,269,14,14,94.42878257533272
3,276,277,14,14,65.29519551989532
3,277,276,14,14,65.29519551989532
3,278,260,14,14,56.062022057398494
3,279,260,14,14,72.54278013918292
3,280,299,15,15,77.4495183398473
3,281,228,15,12,113.64461028679281
3,282,292,15,15,98.1004472055009
3,283,297,15,15,101.7599687184213
3,284,290,15,15,96.1110984869435
3,285,295,15,15,78.38135733531088
3,286,257,15,13,126.43201850261164
3,287,297,15,15,87.98442143013898
3,288,291,15,15,88.50400398593159
3,289,299,15,15,91.36276249110782
3,290,297,15,15,75.30916428480529
3,291,288,15,15,88.50400398593159
3,292,282,15,15,98.1004472055009
3,293,296,15,15,73.4700746545908
3,294,217,15,11,102.10198779879913
3,295,285,15,15,78.38135733531088
3,296,293,15,15,73.4700746545908
3,297,290,15,15,75.30916428480529
3,298,297,15,15,82.4986410806062
3,299,280,15,15,77.4495183398473
4,0,18,1,1,0.20324649574137332
4,1,19,1,1,1.702538623722905
4,2,12,1,1,0.9049203882186081
4,3,2,1,1,1.2249631126320608
4,4,10,1,1,0.9696343623037649
4,5,115,1,6,2.3152358260946517
4,6,106,1,6,3.004225036628174
4,7,16,1,1,0.4208653292676736
4,8,15,1,1,1.1587046923516944
4,9,16,1,1,0.785490390732086
4,10,17,1,1,0.9624367393237065
4,11,13,1,1,1.0360162555344932
4,12,16,1,1,0.6356443185201126
4,13,0,1,1,0.3182162693416206
4,14,15,1,1,1.8935155163258397
4,15,8,1,1,1.1587046923516944
4,16,7,1,1,0.4208653292676736
4,17,7,1,1,0.49474412602022966
4,18,0,1,1,0.20324649574137332
4,19,18,1,1,0.34885736610757334
4,20,39,2,2,0.2726517063697482
4,21,81,2,5,1.8272026210917325
4,22,37,2,2,1.325211222123034
4,23,30,2,2,1.016639390931168
4,24,30,2,2,1.2518250132739315
4,25,125,2,7,2.2003014114842934
4,26,126,2,7,2.585378547208167
4,27,36,2,2,0.4147509592522489
4,28,35,2,2,1.0918578999810524
4,29,27,2,2,0.5342031655535049
4,30,23,2,2,1.016639390931168
4,31,39,2,2,1.3849418446234445
4,32,27,2,2,0.9325703197427373
4,33,39,2,2,0.3445209010952137
4,34,35,2,2,2.4047514809427
4,35,28,2,2,1.0918578999810524
4,36,38,2,2,0.16801417175876132
4,37,27,2,2,0.6124187102349072
4,38,36,2,2,0.16801417175876132
4,39,20,2,2,0.2726517063697482
4,40,58,3,3,0.2953361269172863
4,41,59,3,3,1.5124033867247935
4,42,57,3,3,0.9639394162927761
4,43,42,3,3,1.4400127905307674
4,44,57,3,3,0.7578195141807686
4,45,145,3,8,1.7972850385911219
4,46,146,3,8,2.466054496343123
4,47,56,3,3,0.3488806937944169
4,48,148,3,8,0.8654564770982365
4,49,56,3,3,1.0221639270389975
4,50,57,3,3,1.1328061351701884
4,51,53,3,3,1.1570497649510258
4,52,56,3,3,1.0905016688795435
4,53,40,3,3,0.44984779217875115
4,54,55,3,3,1.4572661003474359
4,55,48,3,3,1.3261718376483618
4,56,47,3,3,0.3488806937944169
4,57,44,3,3,0.7578195141807686
4,58,40,3,3,0.2953361269172863
4,59,40,3,3,0.3737605559769914
4,60,78,4,4,0.19369949852096546
4,61,79,4,4,1.5878103921059061
4,62,72,4,4,0.8890625480033201
4,63,69,4,4,1.125141528942109
4,64,77,4,4,0.8403555647985446
4,65,71,4,4,2.5899170927093653
4,66,166,4,9,3.5295828518975068
4,67,76,4,4,0.45252295755723004
4,68,75,4,4,0.8409701116041646
4,69,67,4,4,1.0011275826641128
4,70,77,4,4,0.8181537919373874
4,71,79,4,4,1.2631567030276205
4,72,62,4,4,0.8890625480033201
4,73,60,4,4,0.25309589707994107
4,74,75,4,4,2.0601942804563294
4,75,68,4,4,0.8409701116041646
4,76,78,4,4,0.37013434281657
4,77,79,4,4,0.7202046419583361
4,78,60,4,4,0.19369949852096546
4,79,60,4,4,0.3384165614800949
4,80,98,5,5,0.210878520546963
4,81,31,5,2,1.5278084992929308
4,82,92,5,5,0.8369084591898606
4,83,90,5,5,1.1062085060594011
4,84,90,5,5,0.9236967984569109
4,85,135,5,7,1.8703366580275382
4,86,26,5,2,2.8402251499391493
4,87,96,5,5,0.372752401480712
4,88,188,5,10,1.3133479385082083
4,89,92,5,5,0.834522692075021
4,90,84,5,5,0.9236967984569109
4,91,93,5,5,1.1384661925778214
4,92,89,5,5,0.834522692075021
4,93,80,5,5,0.4279239211561201
4,94,95,5,5,1.8948441332750008
4,95,88,5,5,1.3394606223988657
4,96,87,5,5,0.372752401480712
4,97,87,5,5,0.49358999778938717
4,98,80,5,5,0.210878520546963
4,99,80,5,5,0.35263787197116514
4,100,119,6,6,0.38877065780259734
4,101,119,6,6,1.5699144091510107
4,102,112,6,6,0.627037574204488
4,103,109,6,6,1.1818501614193995
4,104,110,6,6,1.0602354317524547
4,105,111,6,6,2.5401703546267935
4,106,6,6,1,3.004225036628174
4,107,118,6,6,0.48603402313107047
4,108,115,6,6,1.3357869776011757
4,109,116,6,6,0.8339577755213039
4,110,104,6,6,1.0602354317524547
4,111,118,6,6,1.2967873249650257
4,112,102,6,6,0.627037574204488
4,113,100,6,6,0.40463972303245477
4,114,4,6,1,1.9784795689039676
4,115,108,6,6,1.3357869776011757
4,116,119,6,6,0.41956714389215755
4,117,113,6,6,0.6652149235739948
4,118,100,6,6,0.4054326840091811
4,119,100,6,6,0.38877065780259734
4,120,138,7,7,0.30263203984554465
4,121,38,7,2,1.9755169960584418
4,122,129,7,7,1.1457949888497367
4,123,130,7,7,0.6976106566252138
4,124,137,7,7,1.0413381633650864
4,125,25,7,2,2.2003014114842934
4,126,26,7,2,2.585378547208167
4,127,136,7,7,0.34827380737553426
4,128,28,7,2,1.1146397192832467
4,129,127,7,7,0.7283134977867416
4,130,123,7,7,0.6976106566252138
4,131,129,7,7,1.4700579318734093
4,132,127,7,7,0.986599790010807
4,133,120,7,7,0.3603025842045966
4,134,24,7,2,1.4203818409830227
4,135,128,7,7,1.4472990620041628
4,136,138,7,7,0.2753470334052537
4,137,127,7,7,0.7572290208704828
4,138,136,7,7,0.2753470334052537
4,139,136,7,7,0.317100582300629
4,140,158,8,8,0.22346841449159882
4,141,159,8,8,1.1759525418123715
4,142,157,8,8,0.8762303756155383
4,143,142,8,8,1.1605671735656848
4,144,157,8,8,1.0195153293330907
4,145,45,8,3,1.7972850385911219
4,146,46,8,3,2.466054496343123
4,147,156,8,8,0.31827857220244127
4,148,48,8,3,0.8654564770982365
4,149,142,8,8,1.0423775884630757
4,150,157,8,8,1.097451181291735
4,151,140,8,8,1.3496583642548856
4,152,142,8,8,1.0688838097011946
4,153,140,8,8,0.3909364804010238
4,154,155,8,8,1.7931714766860551
4,155,148,8,8,1.361591708020235
4,156,147,8,8,0.31827857220244127
4,157,159,8,8,0.8436584446484687
4,158,140,8,8,0.22346841449159882
4,159,140,8,8,0.40303645959630785
4,160,173,9,9,0.3121000182295912
4,161,179,9,9,1.745117442220888
4,162,172,9,9,0.5725024804556398
4,163,162,9,9,1.2081293615751711
4,164,170,9,9,0.7811732838794736
4,165,171,9,9,2.757124112566471
4,166,66,9,4,3.5295828518975068
4,167,178,9,9,0.3678688688159877
4,168,175,9,9,1.3577983344811582
4,169,179,9,9,0.7518059364935041
4,170,164,9,9,0.7811732838794736
4,171,179,9,9,1.3603682301323694
4,172,162,9,9,0.5725024804556398
4,173,160,9,9,0.3121000182295912
4,174,175,9,9,1.8005890830735058
4,175,168,9,9,1.3577983344811582
4,176,179,9,9,0.46989945001077693
4,177,167,9,9,0.42388965318248495
4,178,160,9,9,0.31282292350252483
4,179,176,9,9,0.46989945001077693
4,180,199,10,10,0.2946797260182681
4,181,180,10,10,1.7546809926009228
4,182,192,10,10,0.9136091365108356
4,183,182,10,10,1.1316761521066248
4,184,197,10,10,1.0412616668132468
4,185,15,10,1,2.0819510782687356
4,186,126,10,7,2.9329006497692323
4,187,196,10,10,0.39506591885993103
4,188,88,10,5,1.3133479385082083
4,189,196,10,10,0.7920203653194449
4,190,197,10,10,0.9804665830284467
4,191,199,10,10,1.2435117077457605
4,192,182,10,10,0.9136091365108356
4,193,198,10,10,0.5390595637232778
4,194,84,10,5,2.0048847199299136
4,195,188,10,10,1.3329620236563802
4,196,199,10,10,0.3422356835827518
4,197,187,10,10,0.6030680453061414
4,198,180,10,10,0.30423846208352323
4,199,180,10,10,0.2946797260182681
4,200,219,11,11,0.45688520917148523
4,201,213,11,11,1.303247594388118
4,202,203,11,11,0.8755218064649988
4,203,209,11,11,0.8206516953852052
4,204,209,11,11,1.2657959926041116
4,205,200,11,11,2.1660788414190932
4,206,274,11,14,2.432035538633368
4,207,217,11,11,0.2545855429058097
4,208,212,11,11,2.012880854626471
4,209,203,11,11,0.8206516953852052
4,210,217,11,11,1.1999733416129228
4,211,212,11,11,1.2411317332424012
4,212,209,11,11,1.214980577357573
4,213,200,11,11,0.987577689248333
4,214,295,11,15,1.5080198002296559
4,215,209,11,11,1.5087963787969478
4,216,218,11,11,0.09622655183231288
4,217,207,11,11,0.2545855429058097
4,218,216,11,11,0.09622655183231288
4,219,200,11,11,0.45688520917148523
4,220,236,12,12,0.4738933622421566
4,221,238,12,12,0.9079596900799949
4,222,246,12,13,2.0203033120032714
4,223,229,12,12,0.8885079452547906
4,224,223,12,12,1.1596750467077808
4,225,226,12,12,2.074916191924638
4,226,225,12,12,2.074916191924638
4,227,238,12,12,0.3635678158285174
4,228,235,12,12,2.5212831165519285
4,229,232,12,12,0.8300322113550695
4,230,237,12,12,1.424699311660678
4,231,232,12,12,0.7738565523786152
4,232,231,12,12,0.7738565523786152
4,233,238,12,12,0.9972847297887029
4,234,249,12,13,2.3063903570506143
4,235,224,12,12,2.0876036698490523
4,236,220,12,12,0.4738933622421566
4,237,220,12,12,0.5230673284989447
4,238,227,12,12,0.3635678158285174
4,239,220,12,12,0.579995519323516
4,240,259,13,13,0.4936768038079986
4,241,256,13,13,0.69186275099403
4,242,243,13,13,0.9992363197336598
4,243,249,13,13,0.8721684883672038
4,244,249,13,13,1.0877917947566553
4,245,251,13,13,2.1567892483521653
4,246,224,13,12,1.907279411148707
4,247,257,13,13,0.4039950041220344
4,248,244,13,13,1.3249605708753673
4,249,243,13,13,0.8721684883672038
4,250,244,13,13,1.345575600064894
4,251,252,13,13,0.87741326806335
4,252,256,13,13,0.8013780535308044
4,253,247,13,13,0.4851891256364187
4,254,248,13,13,3.8638326562459673
4,255,244,13,13,1.1057696896962836
4,256,258,13,13,0.17404068457260458
4,257,258,13,13,0.25157996163129326
4,258,256,13,13,0.17404068457260458
4,259,258,13,13,0.47569729845251807
4,260,277,14,14,0.24812342183628466
4,261,276,14,14,1.1468357698052625
4,262,263,14,14,0.7980356318347539
4,263,262,14,14,0.7980356318347539
4,264,269,14,14,1.3027348003358163
4,265,267,14,14,2.577206987823317
4,266,272,14,14,4.606124858460729
4,267,277,14,14,0.3448700190420215
4,268,272,14,14,1.623034431794145
4,269,263,14,14,0.865943244664555
4,270,278,14,14,1.0251436173662913
4,271,276,14,14,0.5664913244710696
4,272,276,14,14,1.1610537411573265
4,273,267,14,14,0.6254436232332612
4,274,206,14,11,2.432035538633368
4,275,269,14,14,1.3329527284435407
4,276,271,14,14,0.5664913244710696
4,277,260,14,14,0.24812342183628466
4,278,267,14,14,0.5145088194241847
4,279,260,14,14,0.48614738189400697
4,280,299,15,15,0.5438311959939686
4,281,293,15,15,0.9311416945452891
4,282,283,15,15,1.231744830493474
4,283,289,15,15,0.9461689630783532
4,284,289,15,15,1.496841004113536
4,285,295,15,15,0.10788774553681968
4,286,295,15,15,2.2292608799658424
4,287,297,15,15,0.3017237238092694
4,288,292,15,15,1.8398398438064554
4,289,283,15,15,0.9461689630783532
4,290,297,15,15,0.9618265923362657
4,291,293,15,15,1.3689676935354722
4,292,289,15,15,1.0424858943184931
4,293,281,15,15,0.9311416945452891
4,294,228,15,12,2.532246725636397
4,295,285,15,15,0.10788774553681968
4,296,298,15,15,0.2627402171380613
4,297,287,15,15,0.3017237238092694
4,298,296,15,15,0.2627402171380613
4,299,280,15,15,0.5438311959939686
5,0,13,1,1,0.002301270733379157
5,1,9,1,1,0.0043989100355077415
5,2,3,1,1,0.004194925892038737
5,3,9,1,1,0.002847656657503528
5,4,12,1,1,0.00846800587858354
5,5,114,1,6,0.029321092379833935
5,6,186,1,10,0.03817904185373311
5,7,16,1,1,0.00028646077756699917
5,8,15,1,1,0.007976912895818034
5,9,3,1,1,0.002847656657503528
5,10,12,1,1,0.004960676117795826
5,11,12,1,1,0.005362441255209127
5,12,19,1,1,0.0020483935232469275
5,13,0,1,1,0.002301270733379157
5,14,85,1,5,0.024186834706436455
5,15,8,1,1,0.007976912895818034
5,16,7,1,1,0.00028646077756699917
5,17,7,1,1,0.0014345349055397971
5,18,19,1,1,0.0015231894180445238
5,19,18,1,1,0.0015231894180445238
5,20,36,2,2,0.0010373039074986767
5,21,29,2,2,0.006176566205682521
5,22,23,2,2,0.010107856188450226
5,23,29,2,2,0.005134036402666409
5,24,28,2,2,0.005290762695016493
5,25,134,2,7,0.04818891198246522
5,26,82,2,5,0.056924481879972566
5,27,37,2,2,0.00110727157314372
5,28,24,2,2,0.005290762695016493
5,29,27,2,2,0.003264971985160514
5,30,32,2,2,0.0052055923523788294
5,31,21,2,2,0.00762696581960709
5,32,27,2,2,0.003510310059395172
5,33,20,2,2,0.004121284741069209
5,34,35,2,2,0.04792525889187371
5,35,28,2,2,0.007066737543448776
5,36,20,2,2,0.0010373039074986767
5,37,27,2,2,0.00110727157314372
5,38,20,2,2,0.0015552273116663518
5,39,20,2,2,0.003488230738793563
5,40,58,3,3,0.0005900853349489754
5,41,52,3,3,0.005034674430803521
5,42,43,3,3,0.007229282077180543
5,43,49,3,3,0.006129784218505185
5,44,50,3,3,0.009291861945405988
5,45,154,3,8,0.042544426679704817
5,46,146,3,8,0.052949019819284016
5,47,53,3,3,0.0014103328658795489
5,48,55,3,3,0.004762451202590778
5,49,57,3,3,0.004971296259448921
5,50,44,3,3,0.009291861945405988
5,51,41,3,3,0.008877946604875508
5,52,59,3,3,0.002234793261614243
5,53,47,3,3,0.0014103328658795489
5,54,55,3,3,0.026141133261395
5,55,48,3,3,0.004762451202590778
5,56,47,3,3,0.0015269170844804947
5,57,59,3,3,0.001974541339134439
5,58,40,3,3,0.0005900853349489754
5,59,57,3,3,0.001974541339134439
5,60,78,4,4,0.0017704652422154687
5,61,72,4,4,0.003291938122231608
5,62,63,4,4,0.005123451397659906
5,63,69,4,4,0.0023098147768851884
5,64,68,4,4,0.00631422627628675
5,65,174,4,9,0.03893391430252824
5,66,73,4,4,0.08887012702148223
5,67,76,4,4,0.0013977614221509782
5,68,75,4,4,0.005531297272051816
5,69,72,4,4,0.0010132708139234392
5,70,72,4,4,0.005250851718007654
5,71,61,4,4,0.004593715013393451
5,72,69,4,4,0.0010132708139234392
5,73,78,4,4,0.002241779740052241
5,74,105,4,6,0.02580746378563714
5,75,68,4,4,0.005531297272051816
5,76,67,4,4,0.0013977614221509782
5,77,79,4,4,0.002402767216721058
5,78,67,4,4,0.001677336503588256
5,79,77,4,4,0.002402767216721058
5,80,98,5,5,0.0007568869850311799
5,81,92,5,5,0.005417439622673159
5,82,83,5,5,0.004886027616405553
5,83,82,5,5,0.004886027616405553
5,84,88,5,5,0.009847780338022138
5,85,14,5,1,0.024186834706436455
5,86,126,5,7,0.02397339777709817
5,87,96,5,5,0.00047751899580372736
5,88,95,5,5,0.006556333729401009
5,89,92,5,5,0.003512419860442373
5,90,92,5,5,0.004809678717122345
5,91,81,5,5,0.008688745703647527
5,92,89,5,5,0.003512419860442373
5,93,87,5,5,0.0035873462909083997
5,94,135,5,7,0.02385293885656825
5,95,88,5,5,0.006556333729401009
5,96,87,5,5,0.00047751899580372736
5,97,87,5,5,0.0009553965577513424
5,98,80,5,5,0.0007568869850311799
5,99,96,5,5,0.0023539291896368386
5,100,118,6,6,0.0008123949958580567
5,101,109,6,6,0.0028825574702566747
5,102,103,6,6,0.004148309261411742
5,103,109,6,6,0.002758190160915497
5,104,110,6,6,0.009486226774392148
5,105,74,6,4,0.02580746378563714
5,106,113,6,6,0.10047853072704183
5,107,113,6,6,0.0006938156145792629
5,108,115,6,6,0.004878440159918673
5,109,112,6,6,0.0026689466416145446
5,110,112,6,6,0.004873042440487363
5,111,119,6,6,0.008322862068744552
5,112,116,6,6,0.001150987338497389
5,113,107,6,6,0.0006938156145792629
5,114,4,6,1,0.021208225759627997
5,115,108,6,6,0.004878440159918673
5,116,112,6,6,0.001150987338497389
5,117,100,6,6,0.0024020731637337533
5,118,100,6,6,0.0008123949958580567
5,119,116,6,6,0.0017041903171353123
5,120,136,7,7,0.0011986889502972886
5,121,127,7,7,0.004833153226152298
5,122,123,7,7,0.008075383580922857
5,123,129,7,7,0.004818091983504358
5,124,128,7,7,0.008875590701766356
5,125,85,7,5,0.03156489571144916
5,126,86,7,5,0.02397339777709817
5,127,138,7,7,0.001564109386630319
5,128,124,7,7,0.008875590701766356
5,129,127,7,7,0.002569927282510598
5,130,132,7,7,0.005242835561475534
5,131,132,7,7,0.008253753329461544
5,132,127,7,7,0.0027504019496336074
5,133,136,7,7,0.0035225464447932175
5,134,24,7,2,0.017821896909072876
5,135,128,7,7,0.009005760826242604
5,136,138,7,7,0.0005570076018379666
5,137,127,7,7,0.0022803230961794263
5,138,136,7,7,0.0005570076018379666
5,139,138,7,7,0.0025175319136150343
5,140,158,8,8,0.0005081030773733675
5,141,152,8,8,0.003504121475256805
5,142,143,8,8,0.008956150102809701
5,143,149,8,8,0.005509939477946202
5,144,150,8,8,0.01004089026014765
5,145,144,8,8,0.052769910078004134
5,146,46,8,3,0.052949019819284016
5,147,156,8,8,0.0011185812896499225
5,148,155,8,8,0.0037054197281659595
5,149,157,8,8,0.0037089194103341327
5,150,152,8,8,0.007786779558187407
5,151,141,8,8,0.010265830212562888
5,152,141,8,8,0.003504121475256805
5,153,147,8,8,0.0011556222705717545
5,154,51,8,3,0.023321511699422204
5,155,148,8,8,0.0037054197281659595
5,156,147,8,8,0.0011185812896499225
5,157,159,8,8,0.0019373045727616445
5,158,140,8,8,0.0005081030773733675
5,159,157,8,8,0.0019373045727616445
5,160,178,9,9,0.0008818041423661604
5,161,176,9,9,0.0037255204668897868
5,162,163,9,9,0.0037881325841840896
5,163,162,9,9,0.0037881325841840896
5,164,171,9,9,0.007506442689832027
5,165,168,9,9,0.0535404004338933
5,166,173,9,9,0.08668945228123004
5,167,178,9,9,0.0010229782138870824
5,168,175,9,9,0.00512781343972013
5,169,172,9,9,0.002618450122196303
5,170,172,9,9,0.003757180078808653
5,171,161,9,9,0.007396482774400859
5,172,176,9,9,0.0012062869930584696
5,173,178,9,9,0.0023564487002718515
5,174,71,9,4,0.029521903337234923
5,175,168,9,9,0.00512781343972013
5,176,172,9,9,0.0012062869930584696
5,177,167,9,9,0.0016840037168202038
5,178,160,9,9,0.0008818041423661604
5,179,176,9,9,0.0017283494884199335
5,180,198,10,10,0.00045502609419334483
5,181,189,10,10,0.004674136417587738
5,182,183,10,10,0.003246957677198292
5,183,182,10,10,0.003246957677198292
5,184,2,10,1,0.007219585374249826
5,185,114,10,6,0.02917856243970096
5,186,6,10,1,0.03817904185373311
5,187,196,10,10,0.0007341783922081291
5,188,195,10,10,0.0041676916836657085
5,189,192,10,10,0.002402102091425329
5,190,192,10,10,0.004761955616971014
5,191,192,10,10,0.010590795141125264
5,192,189,10,10,0.002402102091425329
5,193,180,10,10,0.0027873496399752895
5,194,84,10,5,0.0221904966201103
5,195,188,10,10,0.0041676916836657085
5,196,187,10,10,0.0007341783922081291
5,197,196,10,10,0.0016133729901068872
5,198,180,10,10,0.00045502609419334483
5,199,198,10,10,0.0005812953103117025
5,200,217,11,11,0.0036386454568528848
5,201,207,11,11,0.021644330474694495
5,202,203,11,11,0.025492708385445484
5,203,209,11,11,0.007614205943107577
5,204,209,11,11,0.0070855508721082705
5,205,219,11,11,0.004879466081018968
5,206,201,11,11,0.10331856599302713
5,207,217,11,11,0.002439999481514632
5,208,216,11,11,0.01428082391766572
5,209,204,11,11,0.0070855508721082705
5,210,216,11,11,0.003466424768036269
5,211,207,11,11,0.002514034295576839
5,212,216,11,11,0.008514508367785445
5,213,207,11,11,0.0032892289874635328
5,214,285,11,15,0.032181863170233416
5,215,204,11,11,0.014230485271984783
5,216,218,11,11,0.0021974942769605876
5,217,207,11,11,0.002439999481514632
5,218,216,11,11,0.0021974942769605876
5,219,205,11,11,0.004879466081018968
5,220,236,12,12,0.0020243089814184767
5,221,233,12,12,0.021717414953384195
5,222,223,12,12,0.016736869277131694
5,223,229,12,12,0.006198035804120705
5,224,229,12,12,0.0028623004777732497
5,225,239,12,12,0.004022700765546228
5,226,247,12,13,0.015943369371177463
5,227,237,12,12,0.001649361967550833
5,228,235,12,12,0.005741743705580227
5,229,224,12,12,0.0028623004777732497
5,230,238,12,12,0.0054839589123809596
5,231,227,12,12,0.0025584746495803667
5,232,238,12,12,0.005143686232518929
5,233,227,12,12,0.002077178785460987
5,234,223,12,12,0.06420439922976562
5,235,228,12,12,0.005741743705580227
5,236,220,12,12,0.0020243089814184767
5,237,227,12,12,0.001649361967550833
5,238,231,12,12,0.0037433024003497017
5,239,220,12,12,0.0035049632977059986
5,240,247,13,13,0.0029442353282502776
5,241,226,13,12,0.01677410706595317
5,242,252,13,13,0.022064133697396127
5,243,249,13,13,0.0052268118375119466
5,244,252,13,13,0.008519859245446404
5,245,259,13,13,0.009479123979158732
5,246,241,13,13,0.08421620212272918
5,247,240,13,13,0.0029442353282502776
5,248,255,13,13,0.01077766877206221
5,249,243,13,13,0.0052268118375119466
5,250,256,13,13,0.0033701187098172936
5,251,257,13,13,0.002429350361057292
5,252,256,13,13,0.00642408255457283
5,253,247,13,13,0.005514210079135662
5,254,249,13,13,0.032124792249041634
5,255,244,13,13,0.010254401419595771
5,256,258,13,13,0.0011076281092210483
5,257,251,13,13,0.002429350361057292
5,258,256,13,13,0.0011076281092210483
5,259,258,13,13,0.004074853686411362
5,260,277,14,14,0.0021798173640246166
5,261,273,14,14,0.012979904718333768
5,262,269,14,14,0.02705705470626585
5,263,269,14,14,0.012527704597394496
5,264,269,14,14,0.009117973528717238
5,265,260,14,14,0.0032360929176805664
5,266,261,14,14,0.12177085558701028
5,267,277,14,14,0.0016642840600105124
5,268,278,14,14,0.0124354772637284
5,269,264,14,14,0.009117973528717238
5,270,278,14,14,0.0037776413987170576
5,271,267,14,14,0.004055001657961244
5,272,276,14,14,0.006120465720023116
5,273,267,14,14,0.004482003580391414
5,274,205,14,11,0.03630088791462083
5,275,264,14,14,0.015787942372289088
5,276,272,14,14,0.006120465720023116
5,277,267,14,14,0.0016642840600105124
5,278,270,14,14,0.0037776413987170576
5,279,265,14,14,0.0037578100606731057
5,280,287,15,15,0.005039892363291165
5,281,293,15,15,0.021045909196803714
5,282,283,15,15,0.021075204944895565
5,283,289,15,15,0.006868135922843854
5,284,289,15,15,0.006721047221324494
5,285,295,15,15,0.0005935655658007022
5,286,281,15,15,0.10785434879551792
5,287,297,15,15,0.0021071358649875638
5,288,298,15,15,0.012336895328810549
5,289,284,15,15,0.006721047221324494
5,290,298,15,15,0.00379573615932971
5,291,297,15,15,0.0031331645330936464
5,292,284,15,15,0.010859805396841948
5,293,287,15,15,0.00399474269106781
5,294,283,15,15,0.07718553145116769
5,295,285,15,15,0.0005935655658007022
5,296,298,15,15,0.0014063343419858931
5,297,287,15,15,0.0021071358649875638
5,298,296,15,15,0.0014063343419858931
5,299,297,15,15,0.004833583376219974
6,0,19,1,1,2.344224196279554e-5
6,1,13,1,1,2.0004229642017757e-5
6,2,184,1,10,3.181528812346013e-5
6,3,2,1,1,3.726838133696897e-5
6,4,12,1,1,2.8006983478573444e-5
6,5,114,1,6,0.00015163565141573798
6,6,180,1,10,0.00010443606336005273
6,7,17,1,1,9.863840613855146e-6
6,8,19,1,1,6.661531820786881e-5
6,9,3,1,1,6.361958527870137e-5
6,10,17,1,1,2.7025952562986788e-5
6,11,19,1,1,6.9417924476455894e-6
6,12,18,1,1,1.1718322592613184e-5
6,13,7,1,1,1.057676670590535e-5
6,14,85,1,5,0.00022483649554785878
6,15,4,1,1,4.5717737567618766e-5
6,16,18,1,1,1.676237556447191e-5
6,17,7,1,1,9.863840613855146e-6
6,18,12,1,1,1.1718322592613184e-5
6,19,11,1,1,6.9417924476455894e-6
6,20,36,2,2,9.296400778985303e-6
6,21,38,2,2,2.0635482177178144e-5
6,22,23,2,2,6.325776854593235e-5
6,23,29,2,2,5.2207478869470414e-5
6,24,35,2,2,2.143828566339434e-5
6,25,135,2,7,8.864269638123035e-5
6,26,22,2,2,0.00013731973777672546
6,27,37,2,2,6.696881488271744e-6
6,28,31,2,2,2.4800971562544127e-5
6,29,23,2,2,5.2207478869470414e-5
6,30,37,2,2,2.3737349375857475e-5
6,31,39,2,2,1.1666374200247631e-5
6,32,38,2,2,4.705800067700272e-6
6,33,27,2,2,1.9972268379436775e-5
6,34,29,2,2,0.00010168107096197865
6,35,24,2,2,2.143828566339434e-5
6,36,20,2,2,9.296400778985303e-6
6,37,27,2,2,6.696881488271744e-6
6,38,32,2,2,4.705800067700272e-6
6,39,31,2,2,1.1666374200247631e-5
6,40,47,3,3,9.48356503913117e-6
6,41,58,3,3,4.345985664497287e-5
6,42,43,3,3,4.192036348499295e-5
6,43,42,3,3,4.192036348499295e-5
6,44,59,3,3,3.403124188625095e-5
6,45,22,3,2,0.0001798945460085022
6,46,42,3,3,0.000271808012906688
6,47,40,3,3,9.48356503913117e-6
6,48,51,3,3,5.671140685548082e-5
6,49,43,3,3,6.423463244342731e-5
6,50,57,3,3,3.582929221948583e-5
6,51,59,3,3,3.377444610985769e-5
6,52,56,3,3,6.131345234305918e-6
6,53,47,3,3,3.1987357507534675e-5
6,54,49,3,3,0.00019858884193663107
6,55,44,3,3,3.6453627419469337e-5
6,56,52,3,3,6.131345234305918e-6
6,57,58,3,3,1.1374636543409755e-5
6,58,47,3,3,9.671855323467593e-6
6,59,58,3,3,1.4358037109196697e-5
6,60,77,4,4,1.756597710569907e-5
6,61,78,4,4,1.215154152195419e-5
6,62,63,4,4,3.501608957762192e-5
6,63,62,4,4,3.501608957762192e-5
6,64,68,4,4,3.7815605403751507e-5
6,65,68,4,4,0.0001909537761238811
6,66,73,4,4,0.0004101015529719698
6,67,78,4,4,6.413108802921785e-6
6,68,64,4,4,3.7815605403751507e-5
6,69,76,4,4,2.615767064778618e-5
6,70,71,4,4,4.26926437045172e-5
6,71,79,4,4,1.2222494566394015e-5
6,72,76,4,4,6.277971893869916e-6
6,73,61,4,4,1.9087667493533633e-5
6,74,105,4,6,0.00037865199478992473
6,75,64,4,4,5.026409288455547e-5
6,76,72,4,4,6.277971893869916e-6
6,77,67,4,4,1.3543125549936308e-5
6,78,67,4,4,6.413108802921785e-6
6,79,71,4,4,1.2222494566394015e-5
6,80,99,5,5,2.057330566976323e-5
6,81,98,5,5,2.9345740684583177e-5
6,82,83,5,5,3.096820713396897e-5
6,83,82,5,5,3.096820713396897e-5
6,84,95,5,5,3.0358235621835705e-5
6,85,14,5,1,0.00022483649554785878
6,86,82,5,5,0.0002948980787636779
6,87,97,5,5,3.239827680440177e-6
6,88,84,5,5,6.075941268804397e-5
6,89,83,5,5,5.041435572841757e-5
6,90,97,5,5,3.226979603820901e-5
6,91,99,5,5,8.969108637568723e-6
6,92,96,5,5,7.32337962647267e-6
6,93,87,5,5,2.607015947220237e-5
6,94,128,5,7,0.0001178462119429402
6,95,84,5,5,3.0358235621835705e-5
6,96,92,5,5,7.32337962647267e-6
6,97,87,5,5,3.239827680440177e-6
6,98,87,5,5,8.561494747399978e-6
6,99,91,5,5,8.969108637568723e-6
6,100,107,6,6,1.3157600259910973e-5
6,101,118,6,6,1.0968228368990474e-5
6,102,103,6,6,6.151267809983985e-5
6,103,109,6,6,4.8508495540999785e-5
6,104,108,6,6,4.705216748845942e-5
6,105,63,6,4,4.0015872733306646e-5
6,106,113,6,6,0.0004702587102878575
6,107,117,6,6,1.1628833769150582e-5
6,108,104,6,6,4.705216748845942e-5
6,109,116,6,6,3.681729867685557e-5
6,110,112,6,6,4.6134600704156314e-5
6,111,119,6,6,1.0683117256715668e-5
6,112,116,6,6,1.3319883552270761e-5
6,113,107,6,6,1.51322847958546e-5
6,114,19,6,1,0.00013882060001288443
6,115,104,6,6,5.656521684244131e-5
6,116,112,6,6,1.3319883552270761e-5
6,117,107,6,6,1.1628833769150582e-5
6,118,101,6,6,1.0968228368990474e-5
6,119,111,6,6,1.0683117256715668e-5
6,120,139,7,7,1.6806652780643194e-5
6,121,138,7,7,2.202859377364863e-5
6,122,123,7,7,6.29978831997724e-5
6,123,129,7,7,5.7531674479499584e-5
6,124,135,7,7,2.286854145575057e-5
6,125,95,7,5,0.00012883647488565186
6,126,122,7,7,0.00021963263204194394
6,127,137,7,7,9.689819938374367e-6
6,128,131,7,7,4.337444247184963e-5
6,129,123,7,7,5.7531674479499584e-5
6,130,137,7,7,3.2077346712983124e-5
6,131,139,7,7,1.9107969426751525e-5
6,132,138,7,7,1.0534485306079588e-5
6,133,127,7,7,2.5934113080133825e-5
6,134,28,7,2,7.442985606884167e-5
6,135,124,7,7,2.286854145575057e-5
6,136,138,7,7,3.0588283938259853e-6
6,137,127,7,7,9.689819938374367e-6
6,138,136,7,7,3.0588283938259853e-6
6,139,120,7,7,1.6806652780643194e-5
6,140,147,8,8,6.3555863435427185e-6
6,141,140,8,8,3.7955584318627444e-5
6,142,143,8,8,6.469086275553981e-5
6,143,142,8,8,6.469086275553981e-5
6,144,155,8,8,3.929930817603289e-5
6,145,148,8,8,0.00019543882225106501
6,146,153,8,8,0.000342884185055653
6,147,140,8,8,6.3555863435427185e-6
6,148,144,8,8,4.200111255622807e-5
6,149,156,8,8,5.6379069945683424e-5
6,150,157,8,8,4.129638839234229e-5
6,151,159,8,8,2.9446620158579684e-5
6,152,156,8,8,9.514693111112305e-6
6,153,147,8,8,3.164044630801777e-5
6,154,48,8,3,9.422261232081008e-5
6,155,144,8,8,3.929930817603289e-5
6,156,152,8,8,9.514693111112305e-6
6,157,158,8,8,9.87096020860223e-6
6,158,140,8,8,8.875617117404255e-6
6,159,158,8,8,1.791794118846668e-5
6,160,167,9,9,1.6867068311901545e-5
6,161,178,9,9,1.606441801919878e-5
6,162,163,9,9,5.8880481505818594e-5
6,163,169,9,9,3.315643230164533e-5
6,164,172,9,9,3.131180483828544e-5
6,165,168,9,9,0.0001540760433447197
6,166,173,9,9,0.0004570852848874568
6,167,177,9,9,4.909670131766908e-6
6,168,164,9,9,4.371077018047731e-5
6,169,176,9,9,2.3340691232193178e-5
6,170,171,9,9,3.277177256819086e-5
6,171,179,9,9,6.783824969547325e-6
6,172,176,9,9,9.08496767179634e-6
6,173,161,9,9,1.893161984484193e-5
6,174,60,9,4,0.00015525443924813143
6,175,168,9,9,5.000401053112391e-5
6,176,172,9,9,9.08496767179634e-6
6,177,167,9,9,4.909670131766908e-6
6,178,167,9,9,6.771176194672601e-6
6,179,171,9,9,6.783824969547325e-6
6,180,197,10,10,1.6879114302897902e-5
6,181,193,10,10,2.662122221280816e-5
6,182,183,10,10,5.59147615507849e-5
6,183,182,10,10,5.59147615507849e-5
6,184,2,10,1,3.181528812346013e-5
6,185,0,10,1,4.719385588272673e-5
6,186,182,10,10,0.0004465866232795379
6,187,197,10,10,1.4330413681096221e-5
6,188,184,10,10,5.0550272534477525e-5
6,189,192,10,10,5.085357555037473e-5
6,190,197,10,10,4.3828082753577524e-5
6,191,199,10,10,1.583964084159173e-5
6,192,196,10,10,5.8844834777693755e-6
6,193,187,10,10,1.9503058304309873e-5
6,194,88,10,5,0.00010911690337780944
6,195,2,10,1,3.420277229154722e-5
6,196,192,10,10,5.8844834777693755e-6
6,197,198,10,10,1.4083475840864779e-5
6,198,197,10,10,1.4083475840864779e-5
6,199,191,10,10,1.583964084159173e-5
6,200,219,11,11,7.692734842584814e-5
6,201,205,11,11,0.0002696904407001599
6,202,204,11,11,0.00016029758438204644
6,203,204,11,11,9.114203729324033e-5
6,204,212,11,11,6.752427599041044e-5
6,205,211,11,11,6.675982769299704e-5
6,206,202,11,11,0.0018104951858060603
6,207,213,11,11,2.2935430698478587e-5
6,208,213,11,11,6.525091451894949e-5
6,209,215,11,11,6.337598046113335e-5
6,210,216,11,11,4.241254979736597e-5
6,211,205,11,11,6.675982769299704e-5
6,212,204,11,11,6.752427599041044e-5
6,213,216,11,11,1.5542693360987014e-5
6,214,202,11,11,0.0006992451003847988
6,215,209,11,11,6.337598046113335e-5
6,216,213,11,11,1.5542693360987014e-5
6,217,219,11,11,2.015879562819456e-5
6,218,216,11,11,1.7514217816733124e-5
6,219,217,11,11,2.015879562819456e-5
6,220,239,12,12,2.3921913489960422e-5
6,221,233,12,12,0.00014656846349708763
6,222,224,12,12,9.876488908161507e-5
6,223,230,12,12,6.111487779708602e-6
6,224,232,12,12,8.789864373229261e-5
6,225,231,12,12,1.6940212425209378e-5
6,226,244,12,13,0.00017722116241339347
6,227,238,12,12,2.3480127686992258e-5
6,228,231,12,12,1.5982176459483632e-5
6,229,233,12,12,1.053721190666379e-5
6,230,223,12,12,6.111487779708602e-6
6,231,228,12,12,1.5982176459483632e-5
6,232,231,12,12,7.731005928823809e-5
6,233,229,12,12,1.053721190666379e-5
6,234,249,12,13,0.00010196378515892057
6,235,229,12,12,3.278573737325319e-5
6,236,237,12,12,1.2922740950160883e-5
6,237,236,12,12,1.2922740950160883e-5
6,238,227,12,12,2.3480127686992258e-5
6,239,236,12,12,1.432054333747046e-5
6,240,257,13,13,4.528187220642632e-5
6,241,226,13,12,0.0002941307061150866
6,242,254,13,13,0.00012470886778981338
6,243,249,13,13,3.163979186565635e-5
6,244,252,13,13,1.089121427114148e-5
6,245,251,13,13,3.750863442472663e-5
6,246,242,13,13,0.0008541968292715141
6,247,256,13,13,4.0742225938222854e-5
6,248,251,13,13,6.018459697804124e-5
6,249,243,13,13,3.163979186565635e-5
6,250,255,13,13,2.8514339401902733e-5
6,251,245,13,13,3.750863442472663e-5
6,252,244,13,13,1.089121427114148e-5
6,253,256,13,13,2.8033279386024956e-5
6,254,242,13,13,0.00012470886778981338
6,255,250,13,13,2.8514339401902733e-5
6,256,258,13,13,1.8564753399535894e-5
6,257,259,13,13,1.647720296052424e-5
6,258,256,13,13,1.8564753399535894e-5
6,259,257,13,13,1.647720296052424e-5
6,260,279,14,14,6.166942045343626e-5
6,261,271,14,14,0.00020118834203888825
6,262,264,14,14,0.0001647659163485915
6,263,264,14,14,0.00012226724238076359
6,264,272,14,14,5.829964048945091e-5
6,265,271,14,14,0.00011825768037573847
6,266,265,14,14,0.002581894235348131
6,267,278,14,14,4.5638871141007176e-5
6,268,273,14,14,1.7602858265186594e-5
6,269,275,14,14,2.4613219164887346e-5
6,270,276,14,14,4.5790302454717935e-5
6,271,265,14,14,0.00011825768037573847
6,272,264,14,14,5.829964048945091e-5
6,273,268,14,14,1.7602858265186594e-5
6,274,200,14,11,0.00035611661259607463
6,275,269,14,14,2.4613219164887346e-5
6,276,268,14,14,2.3207848593526093e-5
6,277,279,14,14,1.5054769645111987e-5
6,278,267,14,14,4.5638871141007176e-5
6,279,277,14,14,1.5054769645111987e-5
6,280,299,15,15,5.538529352197563e-5
6,281,285,15,15,0.00037470692213034673
6,282,284,15,15,0.00019441149057525253
6,283,289,15,15,6.666729829221674e-5
6,284,292,15,15,5.093950516657508e-5
6,285,295,15,15,2.1703004267931147e-5
6,286,282,15,15,0.0015132214999505345
6,287,296,15,15,1.4605625143632173e-5
6,288,293,15,15,4.301103583734256e-5
6,289,283,15,15,6.666729829221674e-5
6,290,296,15,15,5.893252026181739e-5
6,291,295,15,15,2.6953984743893766e-5
6,292,284,15,15,5.093950516657508e-5
6,293,296,15,15,3.824694482948421e-5
6,294,282,15,15,0.00037306723498270467
6,295,285,15,15,2.1703004267931147e-5
6,296,287,15,15,1.4605625143632173e-5
6,297,299,15,15,1.8415392625564797e-5
6,298,296,15,15,1.7401340404843424e-5
6,299,297,15,15,1.8415392625564797e-5
7,0,5,1,1,0.0009341675358556234
7,1,114,1,6,0.0017002175755265192
7,2,9,1,1,0.004575220135606184
7,3,9,1,1,0.00573190684139413
7,4,16,1,1,0.0001703074525323256
7,5,19,1,1,0.0007669877237945766
7,6,180,1,10,0.0018669334845521357
7,7,13,1,1,0.00017317041457398652
7,8,18,1,1,0.0008442684995744187
7,9,15,1,1,0.0015701804303958067
7,10,18,1,1,0.0005661814979833757
7,11,7,1,1,0.0001877996268726534
7,12,16,1,1,0.00039331397690034464
7,13,7,1,1,0.00017317041457398652
7,14,3,1,1,0.006372260379407635
7,15,4,1,1,0.001543559927727145
7,16,4,1,1,0.0001703074525323256
7,17,7,1,1,0.00026136384080199804
7,18,11,1,1,0.0005453861077189259
7,19,17,1,1,0.00045120304456691684
7,20,39,2,2,0.000296869501875463
7,21,27,2,2,0.0009004590302719162
7,22,34,2,2,0.0010483289635676574
7,23,29,2,2,0.0006112156774924493
7,24,32,2,2,0.00043665461066955125
7,25,39,2,2,0.0002969321986172613
7,26,22,2,2,0.0011873161124489329
7,27,37,2,2,4.644298469735908e-5
7,28,31,2,2,0.00018515432362598006
7,29,23,2,2,0.0006112156774924493
7,30,38,2,2,0.0004971323362883417
7,31,36,2,2,0.00010446204228564682
7,32,35,2,2,0.0002695030455455161
7,33,38,2,2,0.00030749817458897155
7,34,22,2,2,0.0010483289635676574
7,35,32,2,2,0.0002695030455455161
7,36,27,2,2,7.506326649697748e-5
7,37,27,2,2,4.644298469735908e-5
7,38,28,2,2,0.0002515970026855108
7,39,20,2,2,0.000296869501875463
7,40,47,3,3,0.000628216030230222
7,41,149,3,8,0.0014025236718289147
7,42,43,3,3,0.0036020528297822096
7,43,54,3,3,0.001325022493538608
7,44,56,3,3,0.00018942503471808259
7,45,40,3,3,0.0015410310589465404
7,46,42,3,3,0.00797236287816272
7,47,57,3,3,0.00022690268919189904
7,48,59,3,3,0.00015982924285928846
7,49,43,3,3,0.0017574815879632943
7,50,58,3,3,0.0006934519650039217
7,51,58,3,3,0.0001066757425585152
7,52,56,3,3,0.00021346884236561614
7,53,154,3,8,0.0003039662548318667
7,54,43,3,3,0.001325022493538608
7,55,44,3,3,0.0006769993256408036
7,56,44,3,3,0.00018942503471808259
7,57,47,3,3,0.00022690268919189904
7,58,51,3,3,0.0001066757425585152
7,59,48,3,3,0.00015982924285928846
7,60,65,4,4,0.0015564973012236472
7,61,174,4,9,0.00021924775377657468
7,62,72,4,4,0.0036911286997611814
7,63,69,4,4,0.003843043264523116
7,64,72,4,4,0.0005138286674946091
7,65,77,4,4,0.0004711142238938981
7,66,100,4,6,0.008824058523714484
7,67,77,4,4,0.00017453702965386508
7,68,64,4,4,0.0017765443513722001
7,69,76,4,4,0.0008927509183205284
7,70,78,4,4,0.0006084431619550745
7,71,67,4,4,0.0003616385640766717
7,72,64,4,4,0.0005138286674946091
7,73,67,4,4,0.00047764122199178694
7,74,63,4,4,0.016706595921167633
7,75,69,4,4,0.001338142350652216
7,76,69,4,4,0.0008927509183205284
7,77,67,4,4,0.00017453702965386508
7,78,71,4,4,0.00046658413185429737
7,79,77,4,4,0.0005173984736626114
7,80,85,5,5,0.0013347950615059112
7,81,183,5,10,0.0015821939623339443
7,82,89,5,5,0.0037889359439107206
7,83,89,5,5,0.0030393816102964877
7,84,92,5,5,0.0003531708492021668
7,85,99,5,5,0.0012854546857832272
7,86,82,5,5,0.010113252613971335
7,87,97,5,5,0.00010472701349684144
7,88,98,5,5,0.0008675909152926486
7,89,84,5,5,0.0021813471189093825
7,90,98,5,5,0.0004807385117167051
7,91,97,5,5,0.0002488328070702206
7,92,96,5,5,0.0003123049658775301
7,93,194,5,10,0.00019194325267002377
7,94,125,5,7,0.0033828988895869827
7,95,84,5,5,0.0008069557931102977
7,96,92,5,5,0.0003123049658775301
7,97,87,5,5,0.00010472701349684144
7,98,91,5,5,0.00031077380435462487
7,99,97,5,5,0.0004515152611770379
7,100,105,6,6,0.0016146576713685912
7,101,100,6,6,0.003397170440900932
7,102,112,6,6,0.00460101424435333
7,103,109,6,6,0.003196088184733714
7,104,116,6,6,0.0004956091318167877
7,105,119,6,6,0.00042181240305827483
7,106,101,6,6,0.011111073557863671
7,107,113,6,6,0.00020473407735521754
7,108,112,6,6,0.001121813564005425
7,109,116,6,6,0.0011613422457721345
7,110,118,6,6,0.0008135704956757639
7,111,107,6,6,0.00024684730261570476
7,112,104,6,6,0.0005043163454482302
7,113,107,6,6,0.00020473407735521754
7,114,13,6,1,0.0005833850037930688
7,115,109,6,6,0.0014575480967147225
7,116,104,6,6,0.0004956091318167877
7,117,107,6,6,0.0002860918614721042
7,118,107,6,6,0.000421988991415545
7,119,105,6,6,0.00042181240305827483
7,120,139,7,7,0.00048551576478517156
7,121,133,7,7,0.0019000668213837724
7,122,123,7,7,0.002092317360094631
7,123,129,7,7,0.0009710135648945961
7,124,129,7,7,0.0003554268259993165
7,125,139,7,7,0.00030320375835946045
7,126,155,7,8,0.0024473176384782747
7,127,136,7,7,6.139692951045994e-5
7,128,136,7,7,0.00033793510502166946
7,129,124,7,7,0.0003554268259993165
7,130,138,7,7,0.0005473565178637507
7,131,136,7,7,0.00014309954225288912
7,132,138,7,7,0.00044162448147266886
7,133,132,7,7,0.0006005559338639888
7,134,36,7,2,0.0005264225933339084
7,135,132,7,7,0.0005717090979386885
7,136,127,7,7,6.139692951045994e-5
7,137,127,7,7,0.00012823766269720593
7,138,136,7,7,0.00016774592795565368
7,139,125,7,7,0.00030320375835946045
7,140,147,8,8,0.0003158215007901255
7,141,140,8,8,0.004084286318441599
7,142,152,8,8,0.0041903276429913205
7,143,47,8,3,0.001048393266014136
7,144,156,8,8,0.0002792195502239192
7,145,157,8,8,0.0014580153924330652
7,146,141,8,8,0.008257613638059547
7,147,140,8,8,0.0003158215007901255
7,148,159,8,8,0.00024832560530119174
7,149,40,8,3,0.0011934116918255189
7,150,158,8,8,0.0006210311775172173
7,151,158,8,8,0.00020699039673988118
7,152,156,8,8,5.954086568649153e-5
7,153,158,8,8,0.0006393543475147201
7,154,53,8,3,0.0003039662548318667
7,155,144,8,8,0.0006049340557536809
7,156,152,8,8,5.954086568649153e-5
7,157,151,8,8,0.00021675229702267096
7,158,151,8,8,0.00020699039673988118
7,159,148,8,8,0.00024832560530119174
7,160,165,9,9,0.001689949938431079
7,161,160,9,9,0.003082495375489991
7,162,164,9,9,0.004043540439279791
7,163,169,9,9,0.00239435049602299
7,164,172,9,9,0.0003278109490061354
7,165,177,9,9,0.00018367669641372597
7,166,161,9,9,0.01281666685471472
7,167,177,9,9,0.00011922530468011505
7,168,172,9,9,0.0009066452622140675
7,169,176,9,9,0.0010513325563782372
7,170,178,9,9,0.0005404656842279421
7,171,167,9,9,0.0003803851767035793
7,172,164,9,9,0.0003278109490061354
7,173,167,9,9,0.0005315377562903345
7,174,61,9,4,0.00021924775377657468
7,175,169,9,9,0.001390522964567542
7,176,169,9,9,0.0010513325563782372
7,177,167,9,9,0.00011922530468011505
7,178,167,9,9,0.00031974968670678283
7,179,178,9,9,0.0005958073750197412
7,180,187,10,10,0.001405400663660017
7,181,180,10,10,0.004641978279883663
7,182,192,10,10,0.00515450621754765
7,183,81,10,5,0.0015821939623339443
7,184,196,10,10,0.00033465642423702313
7,185,199,10,10,0.0006812186386320196
7,186,181,10,10,0.00985725181396524
7,187,197,10,10,0.00027873503744269
7,188,199,10,10,0.001288786904737993
7,189,184,10,10,0.0013774725153630207
7,190,198,10,10,0.0006261228075792324
7,191,197,10,10,0.00022375487081327528
7,192,196,10,10,0.00010897109956609086
7,193,187,10,10,0.00028071962346032375
7,194,93,10,5,0.00019194325267002377
7,195,189,10,10,0.0015280096901704177
7,196,192,10,10,0.00010897109956609086
7,197,191,10,10,0.00022375487081327528
7,198,191,10,10,0.000335967147433891
7,199,197,10,10,0.0005854561828022575
7,200,274,11,14,0.0010024568435571535
7,201,207,11,11,0.001202653069035886
7,202,212,11,11,0.0009191239469090728
7,203,209,11,11,0.0006786950353252497
7,204,202,11,11,0.0010357565890128928
7,205,202,11,11,0.004884383622101307
7,206,214,11,11,0.00559240912319825
7,207,216,11,11,0.00012453299866543865
7,208,215,11,11,0.0008644769058661073
7,209,203,11,11,0.0006786950353252497
7,210,209,11,11,0.0007685426485235514
7,211,203,11,11,0.0007936349768578044
7,212,202,11,11,0.0009191239469090728
7,213,207,11,11,0.00020890059084011092
7,214,206,11,11,0.00559240912319825
7,215,208,11,11,0.0008644769058661073
7,216,207,11,11,0.00012453299866543865
7,217,219,11,11,0.000305464932889965
7,218,216,11,11,0.00017167219728997374
7,219,217,11,11,0.000305464932889965
7,220,239,12,12,0.0007301716737888597
7,221,227,12,12,0.002010556224441684
7,222,232,12,12,0.0005060559294289835
7,223,229,12,12,0.0006699237507035161
7,224,222,12,12,0.0012962602745258955
7,225,228,12,12,0.0021280330167854355
7,226,234,12,12,0.0016858143298363881
7,227,229,12,12,7.908364070785545e-5
7,228,235,12,12,0.0010609910247079135
7,229,227,12,12,7.908364070785545e-5
7,230,233,12,12,0.0007324227838421127
7,231,235,12,12,0.0010396815103603796
7,232,222,12,12,0.0005060559294289835
7,233,227,12,12,0.0006389500039758467
7,234,253,12,13,0.001359480567123983
7,235,230,12,12,0.0008021852279214148
7,236,223,12,12,0.0007753418232505638
7,237,239,12,12,6.800798783657136e-5
7,238,229,12,12,0.0009485725257563082
7,239,237,12,12,6.800798783657136e-5
7,240,257,13,13,0.0010384321719323353
7,241,253,13,13,0.0012325009388767239
7,242,244,13,13,0.0004099653882627674
7,243,250,13,13,6.889081640459871e-5
7,244,252,13,13,0.00021770493950978853
7,245,255,13,13,0.001149909000241811
7,246,242,13,13,0.0033201377217029204
7,247,256,13,13,1.7217352749065995e-5
7,248,252,13,13,0.0015916110332285793
7,249,243,13,13,0.00020214974524535023
7,250,243,13,13,6.889081640459871e-5
7,251,250,13,13,0.00022888341076998664
7,252,244,13,13,0.00021770493950978853
7,253,258,13,13,5.665410806177107e-5
7,254,246,13,13,0.004319762184177733
7,255,251,13,13,0.00030121462834942214
7,256,247,13,13,1.7217352749065995e-5
7,257,240,13,13,0.0010384321719323353
7,258,253,13,13,5.665410806177107e-5
7,259,247,13,13,0.00020493144043243205
7,260,277,14,14,0.0022784107491755634
7,261,276,14,14,0.0017853892160484275
7,262,264,14,14,0.0009057875040572316
7,263,275,14,14,0.0008425545860839545
7,264,262,14,14,0.0009057875040572316
7,265,262,14,14,0.004549507966320032
7,266,274,14,14,0.013694682982456907
7,267,273,14,14,0.00037557235388185894
7,268,263,14,14,0.0012711511844829548
7,269,276,14,14,0.0004645655013901795
7,270,276,14,14,0.00073555950289661
7,271,263,14,14,0.0016733158272019821
7,272,262,14,14,0.0016733434428071181
7,273,267,14,14,0.00037557235388185894
7,274,200,14,11,0.0010024568435571535
7,275,263,14,14,0.0008425545860839545
7,276,269,14,14,0.0004645655013901795
7,277,279,14,14,0.00014841969567824798
7,278,267,14,14,0.00040805241232400036
7,279,277,14,14,0.00014841969567824798
7,280,297,15,15,0.0011864636782266125
7,281,293,15,15,0.0013100949772120174
7,282,284,15,15,0.0005071620475660676
7,283,290,15,15,0.00020877123740836723
7,284,282,15,15,0.0005071620475660676
7,285,295,15,15,0.0005535684827917553
7,286,220,15,12,0.00363194513182874
7,287,296,15,15,0.00013174050875908172
7,288,285,15,15,0.0015466694699390882
7,289,293,15,15,0.0002798555598284569
7,290,283,15,15,0.00020877123740836723
7,291,283,15,15,0.000417396702363515
7,292,282,15,15,0.0011325816416634105
7,293,289,15,15,0.0002798555598284569
7,294,236,15,12,0.002990444040827045
7,295,285,15,15,0.0005535684827917553
7,296,287,15,15,0.00013174050875908172
7,297,299,15,15,0.0003656816484416403
7,298,287,15,15,0.00015348822517080585
7,299,297,15,15,0.0003656816484416403
8,0,74,1,4,22.465607206548952
8,1,109,1,6,23.786589357122537
8,2,16,1,1,18.410571704525964
8,3,15,1,1,25.302447110531034
8,4,12,1,1,6.467803831212919
8,5,11,1,1,12.17040991335179
8,6,180,1,10,13.891546109738215
8,7,18,1,1,2.2476234621975664
8,8,10,1,1,18.92349389264325
8,9,15,1,1,15.427226210592636
8,10,7,1,1,2.9051453579338897
8,11,5,1,1,12.17040991335179
8,12,4,1,1,6.467803831212919
8,13,7,1,1,2.595019770431634
8,14,183,1,10,39.64712081380935
8,15,16,1,1,14.073046844187445
8,16,15,1,1,14.073046844187445
8,17,19,1,1,1.7541397575320445
8,18,17,1,1,2.048588230766228
8,19,17,1,1,1.7541397575320445
8,20,39,2,2,18.23691124333247
8,21,124,2,7,6.95217394192818
8,22,24,2,2,13.831433389246584
8,23,29,2,2,2.6448283999169178
8,24,32,2,2,5.609357485137082
8,25,31,2,2,18.262753631665035
8,26,134,2,7,16.748432093675746
8,27,36,2,2,1.3777085395922342
8,28,30,2,2,10.550615259603362
8,29,23,2,2,2.6448283999169178
8,30,33,2,2,3.6821111688797856
8,31,32,2,2,4.815056735136551
8,32,31,2,2,4.815056735136551
8,33,27,2,2,2.80218453463182
8,34,43,2,3,20.294826712746016
8,35,29,2,2,4.236690327458305
8,36,37,2,2,0.5960702745288557
8,37,36,2,2,0.5960702745288557
8,38,36,2,2,3.047879782072016
8,39,37,2,2,3.1666303562951867
8,40,149,3,8,14.0343185390889
8,41,151,3,8,9.579989897846119
8,42,44,3,3,18.47123148585925
8,43,49,3,3,9.543168284103757
8,44,52,3,3,3.4865917311510657
8,45,143,3,8,10.053234440297288
8,46,45,3,3,37.81101103559779
8,47,57,3,3,3.5650839798567375
8,48,55,3,3,18.389169506505837
8,49,43,3,3,9.543168284103757
8,50,53,3,3,4.021585026400089
8,51,53,3,3,4.954668265127225
8,52,44,3,3,3.4865917311510657
8,53,50,3,3,4.021585026400089
8,54,44,3,3,36.80619187309746
8,55,56,3,3,2.538566428820914
8,56,55,3,3,2.538566428820914
8,57,47,3,3,3.5650839798567375
8,58,50,3,3,5.372944281344402
8,59,56,3,3,8.845463717841227
8,60,61,4,4,41.90978584852195
8,61,163,4,9,16.01865903451187
8,62,64,4,4,19.816582095158935
8,63,75,4,4,25.80568710973347
8,64,72,4,4,7.9886458735892205
8,65,71,4,4,12.511359911746894
8,66,100,4,6,10.371233126639254
8,67,78,4,4,2.263587670386272
8,68,70,4,4,16.11525827579304
8,69,75,4,4,8.343568569699812
8,70,77,4,4,4.826871297752547
8,71,65,4,4,12.511359911746894
8,72,64,4,4,7.9886458735892205
8,73,67,4,4,3.322388800740981
8,74,0,4,1,22.465607206548952
8,75,69,4,4,8.343568569699812
8,76,62,4,4,22.51813670247209
8,77,78,4,4,1.5327389520253405
8,78,77,4,4,1.5327389520253405
8,79,77,4,4,2.6133976221122452
8,80,189,5,10,21.997634832867206
8,81,189,5,10,16.413940187836133
8,82,84,5,5,16.101991528689638
8,83,89,5,5,24.473767606140385
8,84,92,5,5,3.926719082860842
8,85,91,5,5,13.252122487557031
8,86,194,5,10,24.560826672253796
8,87,93,5,5,3.6008792222328054
8,88,90,5,5,16.55080787180985
8,89,95,5,5,6.922452955218986
8,90,87,5,5,5.503720943984902
8,91,93,5,5,6.544734740397033
8,92,84,5,5,3.926719082860842
8,93,87,5,5,3.6008792222328054
8,94,136,5,7,3.2526851940663164
8,95,89,5,5,6.922452955218986
8,96,95,5,5,11.216967372969634
8,97,99,5,5,3.5562652430794657
8,98,97,5,5,3.8039326294565683
8,99,97,5,5,3.5562652430794657
8,100,66,6,4,10.371233126639254
8,101,71,6,4,31.918727544278752
8,102,104,6,6,10.056563201553928
8,103,115,6,6,24.397405483253024
8,104,112,6,6,7.85697652542656
8,105,111,6,6,11.800159745590918
8,106,111,6,6,30.68908927199196
8,107,118,6,6,1.914625609292301
8,108,110,6,6,23.86326319403949
8,109,1,6,1,23.786589357122537
8,110,107,6,6,1.9990064303464692
8,111,105,6,6,11.800159745590918
8,112,104,6,6,7.85697652542656
8,113,107,6,6,4.728843876897827
8,114,6,6,1,14.821438100213129
8,115,116,6,6,18.87696257877741
8,116,115,6,6,18.87696257877741
8,117,119,6,6,1.1277534273328627
8,118,107,6,6,1.914625609292301
8,119,117,6,6,1.1277534273328627
8,120,139,7,7,20.87812065784027
8,121,89,7,5,29.15820767178282
8,122,124,7,7,17.289259675184326
8,123,129,7,7,2.5706312302647376
8,124,132,7,7,4.755143794273678
8,125,131,7,7,14.168662526951053
8,126,131,7,7,24.405496681149742
8,127,136,7,7,2.212149978401129
8,128,130,7,7,12.44888645009675
8,129,123,7,7,2.5706312302647376
8,130,136,7,7,2.8055756590839707
8,131,133,7,7,6.009412536944083
8,132,124,7,7,4.755143794273678
8,133,127,7,7,2.7827545393809885
8,134,58,7,3,13.204545888431895
8,135,129,7,7,3.7537302894779714
8,136,137,7,7,0.8658675956821185
8,137,136,7,7,0.8658675956821185
8,138,136,7,7,1.7929096268271962
8,139,137,7,7,2.4738217820367225
8,140,147,8,8,26.885719421722413
8,141,91,8,5,30.90544298239135
8,142,144,8,8,19.42091356671059
8,143,53,8,3,6.016909746477282
8,144,152,8,8,1.4059737786897273
8,145,151,8,8,11.922956666926893
8,146,153,8,8,32.95328070739045
8,147,153,8,8,4.455591897086265
8,148,155,8,8,18.900148814064607
8,149,40,8,3,14.0343185390889
8,150,153,8,8,5.291023544288265
8,151,153,8,8,4.570306560503923
8,152,144,8,8,1.4059737786897273
8,153,147,8,8,4.455591897086265
8,154,51,8,3,22.2058114699566
8,155,156,8,8,2.4731080389021116
8,156,155,8,8,2.4731080389021116
8,157,158,8,8,4.404585467315854
8,158,157,8,8,4.404585467315854
8,159,157,8,8,10.973738403025806
8,160,161,9,9,67.16981533815172
8,161,160,9,9,67.16981533815172
8,162,172,9,9,20.577799800181623
8,163,61,9,4,16.01865903451187
8,164,172,9,9,12.398166956174066
8,165,171,9,9,12.677875667814874
8,166,171,9,9,29.796125219505427
8,167,178,9,9,1.4453126771004463
8,168,170,9,9,17.607822936725256
8,169,175,9,9,5.443614448440542
8,170,167,9,9,4.164110919166717
8,171,165,9,9,12.677875667814874
8,172,164,9,9,12.398166956174066
8,173,167,9,9,4.846136107610363
8,174,65,9,4,16.747414000382378
8,175,169,9,9,5.443614448440542
8,176,162,9,9,23.403548825363956
8,177,179,9,9,2.5761107317738094
8,178,167,9,9,1.4453126771004463
8,179,177,9,9,2.5761107317738094
8,180,6,10,1,13.891546109738215
8,181,11,10,1,34.35327571082168
8,182,196,10,10,16.488414018966864
8,183,88,10,5,22.394913450291824
8,184,192,10,10,3.2155623843116103
8,185,191,10,10,11.254523508863258
8,186,191,10,10,29.52369364265087
8,187,193,10,10,3.6501950278594393
8,188,190,10,10,16.494885871649473
8,189,195,10,10,13.688242504829446
8,190,187,10,10,4.095834782525628
8,191,193,10,10,7.3877430141555465
8,192,184,10,10,3.2155623843116103
8,193,187,10,10,3.6501950278594393
8,194,86,10,5,24.560826672253796
8,195,189,10,10,13.688242504829446
8,196,182,10,10,16.488414018966864
8,197,198,10,10,3.0144205412163387
8,198,197,10,10,3.0144205412163387
8,199,197,10,10,3.8007984936254786
8,200,217,11,11,5.1567483368799145
8,201,208,11,11,8.776258027484104
8,202,208,11,11,6.3598637759136665
8,203,210,11,11,2.7218788575193003
8,204,212,11,11,5.290711985239383
8,205,206,11,11,8.508039011155674
8,206,205,11,11,8.508039011155674
8,207,213,11,11,0.3837243378718256
8,208,202,11,11,6.3598637759136665
8,209,216,11,11,0.2786920320542947
8,210,203,11,11,2.7218788575193003
8,211,212,11,11,3.373889555795401
8,212,211,11,11,3.373889555795401
8,213,207,11,11,0.3837243378718256
8,214,205,11,11,11.223396687525735
8,215,210,11,11,3.31589732251814
8,216,209,11,11,0.2786920320542947
8,217,219,11,11,0.5319191494154438
8,218,219,11,11,0.2656730743466085
8,219,218,11,11,0.2656730743466085
8,220,239,12,12,4.733789725013409
8,221,222,12,12,7.654223910517686
8,222,230,12,12,3.4529504051010207
8,223,230,12,12,2.415859836394759
8,224,232,12,12,1.6453583522541777
8,225,235,12,12,6.659035424733432
8,226,235,12,12,10.28410384731643
8,227,233,12,12,0.1544298148273242
8,228,235,12,12,3.756824777981194
8,229,236,12,12,0.2142763153276377
8,230,233,12,12,2.3920762591042006
8,231,232,12,12,2.089925229204127
8,232,224,12,12,1.6453583522541777
8,233,227,12,12,0.1544298148273242
8,234,225,12,12,11.528006329788724
8,235,228,12,12,3.756824777981194
8,236,229,12,12,0.2142763153276377
8,237,238,12,12,0.11503885482261467
8,238,237,12,12,0.11503885482261467
8,239,237,12,12,0.24558935358156475
8,240,258,13,13,3.606909739593249
8,241,247,13,13,5.249658859635559
8,242,248,13,13,1.4245367772843593
8,243,250,13,13,0.35791591958781055
8,244,252,13,13,0.5356786308007315
8,245,255,13,13,0.8415575296368161
8,246,244,13,13,12.24314879808911
8,247,256,13,13,0.06471978326388239
8,248,242,13,13,1.4245367772843593
8,249,243,13,13,0.9177631490681648
8,250,243,13,13,0.35791591958781055
8,251,243,13,13,2.8731137372447506
8,252,244,13,13,0.5356786308007315
8,253,247,13,13,0.2465512012491473
8,254,245,13,13,21.999877784059734
8,255,245,13,13,0.8415575296368161
8,256,247,13,13,0.06471978326388239
8,257,259,13,13,0.8417628567677724
8,258,259,13,13,0.7403403768654613
8,259,258,13,13,0.7403403768654613
8,260,277,14,14,6.427747433908152
8,261,262,14,14,14.048326064170901
8,262,270,14,14,7.68359992170852
8,263,270,14,14,3.666758099481612
8,264,272,14,14,5.919839730149988
8,265,266,14,14,10.372888863450399
8,266,271,14,14,8.829792056306161
8,267,273,14,14,0.3335847745975826
8,268,262,14,14,9.107617980423484
8,269,276,14,14,0.8568775889455367
8,270,263,14,14,3.666758099481612
8,271,272,14,14,7.93585565083832
8,272,264,14,14,5.919839730149988
8,273,267,14,14,0.3335847745975826
8,274,265,14,14,14.561099154201273
8,275,270,14,14,5.04519672362197
8,276,269,14,14,0.8568775889455367
8,277,279,14,14,0.45535317366774564
8,278,279,14,14,0.3097755636113959
8,279,278,14,14,0.3097755636113959
8,280,297,15,15,2.9840637787834794
8,281,288,15,15,6.0254360897120165
8,282,288,15,15,2.4951307375313263
8,283,290,15,15,0.9891206493047378
8,284,292,15,15,4.096779036121049
8,285,295,15,15,0.28128491725223626
8,286,291,15,15,11.499548009393038
8,287,293,15,15,0.13577563742731513
8,288,282,15,15,2.4951307375313263
8,289,296,15,15,0.10763336359731568
8,290,283,15,15,0.9891206493047378
8,291,292,15,15,1.767868426910951
8,292,291,15,15,1.767868426910951
8,293,287,15,15,0.13577563742731513
8,294,221,15,12,11.288413680689601
8,295,285,15,15,0.28128491725223626
8,296,289,15,15,0.10763336359731568
8,297,299,15,15,0.39937413948432265
8,298,299,15,15,0.10123970640543689
8,299,298,15,15,0.10123970640543689
9,0,18,1,1,3.0927556213105944
9,1,112,1,6,1.8368210387462227
9,2,8,1,1,1.099894164009818
9,3,15,1,1,1.6432700902294357
9,4,12,1,1,0.9846272296079022
9,5,6,1,1,2.2253796753206387
9,6,114,1,6,0.7171976952850301
9,7,10,1,1,0.33095631438974493
9,8,2,1,1,1.099894164009818
9,9,16,1,1,0.2507336282463939
9,10,7,1,1,0.33095631438974493
9,11,4,1,1,2.0371618530776416
9,12,4,1,1,0.9846272296079022
9,13,7,1,1,0.35622113322005333
9,14,80,1,5,10.926273395099393
9,15,3,1,1,1.6432700902294357
9,16,9,1,1,0.2507336282463939
9,17,19,1,1,0.04306540652543589
9,18,17,1,1,0.19715603084520694
9,19,17,1,1,0.04306540652543589
9,20,38,2,2,1.3511544450360589
9,21,131,2,7,1.377237624184346
9,22,28,2,2,0.7001892548818205
9,23,29,2,2,0.16567285397152176
9,24,31,2,2,0.48370047077098377
9,25,26,2,2,1.6812239930476807
9,26,134,2,7,0.8166644261983222
9,27,36,2,2,0.08420074147066003
9,28,22,2,2,0.7001892548818205
9,29,23,2,2,0.16567285397152176
9,30,33,2,2,0.08404485287272223
9,31,32,2,2,0.2272769901593179
9,32,31,2,2,0.2272769901593179
9,33,30,2,2,0.08404485287272223
9,34,56,2,3,2.8436440755684274
9,35,32,2,2,0.8797714073061798
9,36,27,2,2,0.08420074147066003
9,37,39,2,2,0.02272048607208177
9,38,37,2,2,0.06052129735867595
9,39,37,2,2,0.02272048607208177
9,40,57,3,3,1.5443513485100837
9,41,148,3,8,2.796167198941589
9,42,48,3,3,1.0667886845450525
9,43,49,3,3,0.34315791565947507
9,44,52,3,3,0.25023471018368326
9,45,48,3,3,1.8903834549077985
9,46,154,3,8,1.146575163972372
9,47,53,3,3,0.1109077576738784
9,48,42,3,3,1.0667886845450525
9,49,56,3,3,0.18780771642083494
9,50,53,3,3,0.18763901588378928
9,51,52,3,3,0.8263349708062506
9,52,44,3,3,0.25023471018368326
9,53,47,3,3,0.1109077576738784
9,54,154,3,8,4.25062684146193
9,55,43,3,3,1.297787208734519
9,56,49,3,3,0.18780771642083494
9,57,58,3,3,0.30068451131236884
9,58,57,3,3,0.30068451131236884
9,59,57,3,3,0.32550549424127695
9,60,78,4,4,5.012874621722844
9,61,175,4,9,2.7219318941922026
9,62,68,4,4,1.7521062072851734
9,63,75,4,4,1.7809542332913821
9,64,72,4,4,1.6123073389040101
9,65,66,4,4,3.0765079955371775
9,66,174,4,9,0.4520870263710748
9,67,73,4,4,0.39014044451514707
9,68,62,4,4,1.7521062072851734
9,69,76,4,4,0.5080334518539615
9,70,73,4,4,0.5747398538581194
9,71,64,4,4,3.100462709758041
9,72,64,4,4,1.6123073389040101
9,73,67,4,4,0.39014044451514707
9,74,0,4,1,5.517557067370362
9,75,63,4,4,1.7809542332913821
9,76,69,4,4,0.5080334518539615
9,77,79,4,4,0.11196541921189862
9,78,77,4,4,0.13537767003330003
9,79,77,4,4,0.11196541921189862
9,80,97,5,5,3.0398703208866067
9,81,191,5,10,1.2085913389452756
9,82,88,5,5,0.9016155808090005
9,83,89,5,5,1.1647868907671963
9,84,92,5,5,0.6236390084971575
9,85,86,5,5,3.016811942271225
9,86,194,5,10,0.5653539248226309
9,87,93,5,5,0.18573297686143775
9,88,82,5,5,0.9016155808090005
9,89,96,5,5,0.06823594162539592
9,90,93,5,5,0.2563035950133852
9,91,92,5,5,1.0225437127316468
9,92,84,5,5,0.6236390084971575
9,93,87,5,5,0.18573297686143775
9,94,128,5,7,2.211402554657049
9,95,83,5,5,1.3801035047557093
9,96,89,5,5,0.06823594162539592
9,97,99,5,5,0.10466205537917972
9,98,97,5,5,0.21262640448758674
9,99,97,5,5,0.10466205537917972
9,100,118,6,6,4.436509530464967
9,101,108,6,6,14.716996288508248
9,102,108,6,6,1.0960147688744968
9,103,115,6,6,1.6906470255630879
9,104,112,6,6,0.8507266223127772
9,105,106,6,6,1.4750130340071053
9,106,105,6,6,1.4750130340071053
9,107,110,6,6,0.39332926247082867
9,108,102,6,6,1.0960147688744968
9,109,116,6,6,0.39388625548041034
9,110,113,6,6,0.35466918760667454
9,111,104,6,6,1.7422436093741567
9,112,104,6,6,0.8507266223127772
9,113,110,6,6,0.35466918760667454
9,114,6,6,1,0.7171976952850301
9,115,103,6,6,1.6906470255630879
9,116,109,6,6,0.39388625548041034
9,117,119,6,6,0.0834282175601615
9,118,117,6,6,0.15133698241159976
9,119,117,6,6,0.0834282175601615
9,120,138,7,7,1.4386338199714075
9,121,86,7,5,3.6016055324508613
9,122,128,7,7,0.7361056988069237
9,123,129,7,7,0.10097666769733138
9,124,132,7,7,0.3629444420578025
9,125,126,7,7,1.3119580235593489
9,126,125,7,7,1.3119580235593489
9,127,130,7,7,0.14259813158536616
9,128,122,7,7,0.7361056988069237
9,129,123,7,7,0.10097666769733138
9,130,127,7,7,0.14259813158536616
9,131,132,7,7,0.33117719147245595
9,132,131,7,7,0.33117719147245595
9,133,130,7,7,0.14386106095515316
9,134,26,7,2,0.8166644261983222
9,135,132,7,7,1.4433110405809373
9,136,138,7,7,0.14945964337028528
9,137,139,7,7,0.034927264693045856
9,138,137,7,7,0.1202651099113865
9,139,137,7,7,0.034927264693045856
9,140,157,8,8,1.8425305226275697
9,141,41,8,3,7.794729838657105
9,142,148,8,8,1.1567998211882795
9,143,53,8,3,0.786335262217527
9,144,152,8,8,0.30327570095879963
9,145,148,8,8,2.0947721740352563
9,146,145,8,8,5.85238783192905
9,147,153,8,8,0.08022758149798648
9,148,142,8,8,1.1567998211882795
9,149,156,8,8,0.0754179716618566
9,150,153,8,8,0.38079548510355465
9,151,150,8,8,0.5654373603949665
9,152,144,8,8,0.30327570095879963
9,153,147,8,8,0.08022758149798648
9,154,46,8,3,1.146575163972372
9,155,152,8,8,1.252240093611988
9,156,149,8,8,0.0754179716618566
9,157,158,8,8,0.20197345176944737
9,158,157,8,8,0.20197345176944737
9,159,157,8,8,0.3809439428242385
9,160,178,9,9,5.409328468307997
9,161,162,9,9,15.679772180593083
9,162,168,9,9,1.5178513266498186
9,163,175,9,9,1.8992082856564565
9,164,172,9,9,0.8729185384689515
9,165,166,9,9,2.914133091028205
9,166,165,9,9,2.914133091028205
9,167,173,9,9,0.45562855519814605
9,168,162,9,9,1.5178513266498186
9,169,176,9,9,0.8844345016269557
9,170,173,9,9,0.4363599892297856
9,171,164,9,9,3.795510983793399
9,172,164,9,9,0.8729185384689515
9,173,170,9,9,0.4363599892297856
9,174,66,9,4,0.4520870263710748
9,175,163,9,9,1.8992082856564565
9,176,169,9,9,0.8844345016269557
9,177,178,9,9,0.08951290179946625
9,178,177,9,9,0.08951290179946625
9,179,177,9,9,0.11435495101889614
9,180,198,10,10,3.5920614381326246
9,181,188,10,10,10.584435417103776
9,182,188,10,10,0.9207111570224669
9,183,189,10,10,1.1492220089286889
9,184,192,10,10,0.4202684377581747
9,185,186,10,10,2.1665338557970983
9,186,185,10,10,2.1665338557970983
9,187,193,10,10,0.212440896082164
9,188,182,10,10,0.9207111570224669
9,189,196,10,10,0.18218303615306297
9,190,193,10,10,0.2659432534482278
9,191,192,10,10,1.0427462619368768
9,192,184,10,10,0.4202684377581747
9,193,187,10,10,0.212440896082164
9,194,86,10,5,0.5653539248226309
9,195,183,10,10,1.4617377020417308
9,196,189,10,10,0.18218303615306297
9,197,199,10,10,0.11339692619706909
9,198,197,10,10,0.2583668891705031
9,199,197,10,10,0.11339692619706909
9,200,217,11,11,0.04652263027805148
9,201,203,11,11,0.11385654078259577
9,202,212,11,11,0.0011830374994503678
9,203,201,11,11,0.11385654078259577
9,204,215,11,11,0.11542061966327344
9,205,214,11,11,0.09634080232853237
9,206,215,11,11,0.016536870972450046
9,207,217,11,11,0.0029439253314835767
9,208,202,11,11,0.0013778734387583924
9,209,219,11,11,0.005942037907135322
9,210,211,11,11,0.028436887417848666
9,211,208,11,11,0.0015854928124094947
9,212,202,11,11,0.0011830374994503678
9,213,216,11,11,0.0029920022946763325
9,214,205,11,11,0.09634080232853237
9,215,206,11,11,0.016536870972450046
9,216,213,11,11,0.0029920022946763325
9,217,207,11,11,0.0029439253314835767
9,218,213,11,11,0.003470562790830023
9,219,207,11,11,0.0029741145094916988
9,220,239,12,12,0.04343060480271532
9,221,223,12,12,0.09569527733202765
9,222,232,12,12,0.005847196315224457
9,223,221,12,12,0.09569527733202765
9,224,232,12,12,0.02970941772624447
9,225,234,12,12,0.07144292415733355
9,226,235,12,12,0.0003517165060604732
9,227,229,12,12,0.0035406677783664797
9,228,231,12,12,0.010318293944556522
9,229,227,12,12,0.0035406677783664797
9,230,231,12,12,0.005463759450385242
9,231,230,12,12,0.005463759450385242
9,232,222,12,12,0.005847196315224457
9,233,236,12,12,0.0009199804005266543
9,234,225,12,12,0.07144292415733355
9,235,226,12,12,0.0003517165060604732
9,236,233,12,12,0.0009199804005266543
9,237,238,12,12,0.0037031006126064803
9,238,237,12,12,0.0037031006126064803
9,239,237,12,12,0.005779764235921636
9,240,258,13,13,0.018186794726468003
9,241,249,13,13,0.02718856687655591
9,242,252,13,13,0.001428094361027421
9,243,249,13,13,0.004680597234217876
9,244,242,13,13,0.003106256466061108
9,245,255,13,13,0.0020984294497623512
9,246,242,13,13,0.010452572469520693
9,247,259,13,13,0.0008937273719987759
9,248,250,13,13,0.0041623765269444
9,249,243,13,13,0.004680597234217876
9,250,248,13,13,0.0041623765269444
9,251,243,13,13,0.012295436951455185
9,252,242,13,13,0.001428094361027421
9,253,257,13,13,0.0017694115420405776
9,254,245,13,13,0.0629721178443034
9,255,245,13,13,0.0020984294497623512
9,256,259,13,13,0.0001816306704239823
9,257,253,13,13,0.0017694115420405776
9,258,259,13,13,0.004772074532362169
9,259,256,13,13,0.0001816306704239823
9,260,273,14,14,0.07026217076229635
9,261,263,14,14,0.2748155861876054
9,262,268,14,14,0.005807286807111289
9,263,261,14,14,0.2748155861876054
9,264,275,14,14,0.16944948063377563
9,265,271,14,14,0.09514729945476574
9,266,275,14,14,0.022065608413586624
9,267,279,14,14,0.01665193635179829
9,268,272,14,14,0.0023276696646572503
9,269,276,14,14,0.012378263577053517
9,270,271,14,14,0.06855436972500328
9,271,262,14,14,0.014603128214261574
9,272,268,14,14,0.0023276696646572503
9,273,279,14,14,0.000839847676856742
9,274,265,14,14,0.13401214742387646
9,275,266,14,14,0.022065608413586624
9,276,279,14,14,0.005623209596369527
9,277,278,14,14,0.0021385093215302575
9,278,277,14,14,0.0021385093215302575
9,279,273,14,14,0.000839847676856742
9,280,297,15,15,0.024499283562806173
9,281,283,15,15,0.09902169573342245
9,282,292,15,15,0.001559609765044545
9,283,290,15,15,0.04171150179135363
9,284,282,15,15,0.04969875281899716
9,285,295,15,15,0.00031552762142483815
9,286,282,15,15,0.0479022461309605
9,287,289,15,15,0.0014640903526164095
9,288,292,15,15,0.0037094029381063987
9,289,287,15,15,0.0014640903526164095
9,290,291,15,15,0.0031459728583334012
9,291,290,15,15,0.0031459728583334012
9,292,282,15,15,0.001559609765044545
9,293,298,15,15,1.6384853353201834e-5
9,294,295,15,15,0.053841746487516606
9,295,285,15,15,0.00031552762142483815
9,296,289,15,15,0.0021211261987093
9,297,293,15,15,0.0013306435862308064
9,298,293,15,15,1.6384853353201834e-5
9,299,297,15,15,0.0023501447677714005
10,0,18,1,1,17.640359654943154
10,1,2,1,1,141.55682463881408
10,2,15,1,1,47.90667542795734
10,3,10,1,1,14.918479751803488
10,4,11,1,1,31.88376387018343
10,5,6,1,1,57.21860797289162
10,6,114,1,6,44.045618774981335
10,7,13,1,1,6.287218073976192
10,8,15,1,1,53.47377495716091
10,9,7,1,1,11.082789015348112
10,10,3,1,1,14.918479751803488
10,11,4,1,1,31.88376387018343
10,12,15,1,1,33.65968989242151
10,13,7,1,1,6.287218073976192
10,14,5,1,1,67.90584770238229
10,15,12,1,1,33.65968989242151
10,16,7,1,1,8.461521729097285
10,17,19,1,1,0.44039327367079295
10,18,16,1,1,9.039101908505813
10,19,17,1,1,0.44039327367079295
10,20,37,2,2,11.342224878043453
10,21,28,2,2,58.48927096994976
10,22,35,2,2,8.983980244168265
10,23,30,2,2,9.964205297360877
10,24,135,2,7,12.312078238859954
10,25,34,2,2,30.182271710951
10,26,125,2,7,22.104485364448465
10,27,33,2,2,3.286270061889695
10,28,22,2,2,16.419421282002304
10,29,27,2,2,6.289740903391248
10,30,33,2,2,3.504942330606241
10,31,32,2,2,10.45572650828467
10,32,31,2,2,10.45572650828467
10,33,27,2,2,3.286270061889695
10,34,25,2,2,30.182271710951
10,35,22,2,2,8.983980244168265
10,36,27,2,2,3.415014764185571
10,37,39,2,2,2.4046940799868253
10,38,39,2,2,1.7288885673312961
10,39,38,2,2,1.7288885673312961
10,40,58,3,3,8.839158558341069
10,41,48,3,3,26.18460476724306
10,42,44,3,3,9.789694518726606
10,43,50,3,3,3.9622060398481835
10,44,52,3,3,4.528451256318704
10,45,145,3,8,19.81531139340916
10,46,145,3,8,33.509092550360265
10,47,53,3,3,2.296483624307143
10,48,155,3,8,22.266973155973233
10,49,43,3,3,7.19875864946107
10,50,43,3,3,3.9622060398481835
10,51,52,3,3,8.105632916636864
10,52,44,3,3,4.528451256318704
10,53,47,3,3,2.296483624307143
10,54,154,3,8,79.99461046481451
10,55,155,3,8,58.08226630485581
10,56,47,3,3,3.190026766985625
10,57,59,3,3,1.5335119977875138
10,58,59,3,3,3.3429966359218497
10,59,57,3,3,1.5335119977875138
10,60,78,4,4,20.76885414682681
10,61,62,4,4,173.66896760076895
10,62,72,4,4,48.36855754207181
10,63,70,4,4,24.129792108501192
10,64,71,4,4,72.89839461523331
10,65,66,4,4,55.362784728783595
10,66,174,4,9,16.583502667911375
10,67,69,4,4,8.750152797923192
10,68,75,4,4,49.496525393830325
10,69,67,4,4,8.750152797923192
10,70,63,4,4,24.129792108501192
10,71,64,4,4,72.89839461523331
10,72,62,4,4,48.36855754207181
10,73,69,4,4,20.893486635202066
10,74,65,4,4,110.20555629443356
10,75,68,4,4,49.496525393830325
10,76,69,4,4,12.114189474127329
10,77,79,4,4,2.5250495544718206
10,78,60,4,4,20.76885414682681
10,79,77,4,4,2.5250495544718206
10,80,98,5,5,9.572321291473031
10,81,85,5,5,68.38061474759627
10,82,95,5,5,18.54234618581097
10,83,90,5,5,6.002507505149083
10,84,192,5,10,15.38099572400165
10,85,94,5,5,22.726568870426718
10,86,194,5,10,21.99411375841032
10,87,93,5,5,2.9799791624776617
10,88,82,5,5,23.793872696410403
10,89,87,5,5,5.5283986803825655
10,90,83,5,5,6.002507505149083
10,91,92,5,5,12.744651216117859
10,92,91,5,5,12.744651216117859
10,93,87,5,5,2.9799791624776617
10,94,85,5,5,22.726568870426718
10,95,82,5,5,18.54234618581097
10,96,98,5,5,4.425160223815396
10,97,89,5,5,14.999420803531507
10,98,99,5,5,2.846513152421835
10,99,98,5,5,2.846513152421835
10,100,119,6,6,31.038259511126626
10,101,105,6,6,128.83376224915116
10,102,112,6,6,31.519552993162506
10,103,110,6,6,17.27434026576975
10,104,111,6,6,73.40553085125043
10,105,106,6,6,42.077668677379506
10,106,105,6,6,42.077668677379506
10,107,113,6,6,6.3494228504896455
10,108,102,6,6,44.67520270089517
10,109,116,6,6,11.917922453461074
10,110,103,6,6,17.27434026576975
10,111,112,6,6,35.609455547856214
10,112,102,6,6,31.519552993162506
10,113,107,6,6,6.3494228504896455
10,114,6,6,1,44.045618774981335
10,115,102,6,6,43.135320221625875
10,116,107,6,6,8.490645710306694
10,117,119,6,6,8.731742651082413
10,118,116,6,6,14.465857803935137
10,119,117,6,6,8.731742651082413
10,120,137,7,7,10.420751072210805
10,121,128,7,7,52.71109077599431
10,122,135,7,7,12.155344954315524
10,123,130,7,7,6.469703269724846
10,124,132,7,7,15.856042713834313
10,125,134,7,7,21.063065492511896
10,126,128,7,7,44.50139685931276
10,127,133,7,7,1.5370256961037967
10,128,122,7,7,18.905700219593427
10,129,139,7,7,6.745171659153925
10,130,133,7,7,6.11104110116878
10,131,132,7,7,5.475935624147382
10,132,131,7,7,5.475935624147382
10,133,127,7,7,1.5370256961037967
10,134,125,7,7,21.063065492511896
10,135,122,7,7,12.155344954315524
10,136,127,7,7,1.793133443414149
10,137,139,7,7,8.279173909127508
10,138,139,7,7,3.858251919614645
10,139,138,7,7,3.858251919614645
10,140,157,8,8,5.058919553284682
10,141,148,8,8,33.911146021440345
10,142,144,8,8,10.70960414566423
10,143,150,8,8,6.615084432630056
10,144,152,8,8,4.280629404913157
10,145,45,8,3,19.81531139340916
10,146,148,8,8,38.913507727764
10,147,153,8,8,2.077522877507363
10,148,142,8,8,20.455125595281856
10,149,143,8,8,7.14199800539734
10,150,143,8,8,6.615084432630056
10,151,150,8,8,7.789148376965727
10,152,144,8,8,4.280629404913157
10,153,147,8,8,2.077522877507363
10,154,45,8,3,51.95801284562788
10,155,48,8,3,22.266973155973233
10,156,159,8,8,3.320959513777325
10,157,158,8,8,2.734604290485322
10,158,157,8,8,2.734604290485322
10,159,156,8,8,3.320959513777325
10,160,178,9,9,25.872730239638713
10,161,165,9,9,233.00154711569576
10,162,172,9,9,59.184100364125584
10,163,170,9,9,34.25534785119089
10,164,171,9,9,75.60351851299151
10,165,166,9,9,20.638635271929843
10,166,165,9,9,20.638635271929843
10,167,173,9,9,16.37095400943963
10,168,162,9,9,65.07472089113207
10,169,176,9,9,8.566481240298003
10,170,176,9,9,23.583665066953472
10,171,172,9,9,69.0395401113484
10,172,162,9,9,59.184100364125584
10,173,167,9,9,16.37095400943963
10,174,66,9,4,16.583502667911375
10,175,176,9,9,57.236675841085116
10,176,169,9,9,8.566481240298003
10,177,179,9,9,7.862349598735477
10,178,179,9,9,16.08453395344418
10,179,177,9,9,7.862349598735477
10,180,198,10,10,15.76797038503014
10,181,188,10,10,108.28207281376899
10,182,190,10,10,14.823007721299973
10,183,190,10,10,10.249904570640297
10,184,193,10,10,51.8960258019257
10,185,194,10,10,20.42392744055951
10,186,188,10,10,70.90110841819933
10,187,193,10,10,3.5729925846794686
10,188,182,10,10,21.892057953718222
10,189,196,10,10,3.6823481769303044
10,190,183,10,10,10.249904570640297
10,191,192,10,10,1.399721006273694
10,192,191,10,10,1.399721006273694
10,193,187,10,10,3.5729925846794686
10,194,185,10,10,20.42392744055951
10,195,182,10,10,19.82226616655089
10,196,189,10,10,3.6823481769303044
10,197,199,10,10,8.291591990674647
10,198,196,10,10,4.418000152664263
10,199,196,10,10,7.6966873917530165
10,200,219,11,11,2.792276251240705e-5
10,201,203,11,11,0.007932336393011427
10,202,216,11,11,0.00022169149675807
10,203,205,11,11,0.0037044746692480764
10,204,206,11,11,0.004559045027432619
10,205,210,11,11,0.0017019721400968989
10,206,208,11,11,0.00042492975962758403
10,207,200,11,11,0.00014662963044501445
10,208,211,11,11,5.3008463742774004e-5
10,209,212,11,11,0.00033416131786613047
10,210,205,11,11,0.0017019721400968989
10,211,208,11,11,5.3008463742774004e-5
10,212,216,11,11,8.460167610017076e-5
10,213,216,11,11,0.00028240323594876104
10,214,215,11,11,0.0
10,215,214,11,11,0.0
10,216,212,11,11,8.460167610017076e-5
10,217,212,11,11,0.00023751610698522288
10,218,213,11,11,0.0009397101116312978
10,219,200,11,11,2.792276251240705e-5
10,220,232,12,12,0.0005713615287024753
10,221,223,12,12,0.005154365599012603
10,222,237,12,12,3.8666134359339327e-7
10,223,225,12,12,0.00012755423443944723
10,224,220,12,12,0.0009167503268117392
10,225,223,12,12,0.00012755423443944723
10,226,214,12,11,0.0
10,227,238,12,12,9.113002507211802e-5
10,228,230,12,12,0.00031926844523721704
10,229,231,12,12,0.000167641372210496
10,230,233,12,12,5.6998585756763784e-5
10,231,229,12,12,0.000167641372210496
10,232,220,12,12,0.0005713615287024753
10,233,230,12,12,5.6998585756763784e-5
10,234,214,12,11,0.0
10,235,214,12,11,0.0
10,236,227,12,12,0.0008334438012864293
10,237,222,12,12,3.8666134359339327e-7
10,238,227,12,12,9.113002507211802e-5
10,239,229,12,12,0.00018086049053536116
10,240,259,13,13,0.0014002227228610683
10,241,248,13,13,0.00022279761227628724
10,242,214,13,11,0.0
10,243,249,13,13,0.00024248709249656542
10,244,214,13,11,0.0
10,245,214,13,11,0.0
10,246,214,13,11,0.0
10,247,253,13,13,0.0001925154410212463
10,248,241,13,13,0.00022279761227628724
10,249,255,13,13,0.00019959631079061364
10,250,214,13,11,0.0
10,251,243,13,13,0.0013664549530069481
10,252,214,13,11,0.0002086071893888598
10,253,247,13,13,0.0001925154410212463
10,254,214,13,11,0.0
10,255,249,13,13,0.00019959631079061364
10,256,214,13,11,0.0
10,257,241,13,13,0.0016975403905694735
10,258,214,13,11,0.0
10,259,247,13,13,0.0008707828780328206
10,260,279,14,14,0.000398061171629667
10,261,263,14,14,0.021343466554853655
10,262,268,14,14,0.00040519093858356475
10,263,274,14,14,0.017150562285996332
10,264,266,14,14,0.006701560709676082
10,265,271,14,14,8.747354919246345e-5
10,266,275,14,14,0.00021384278554064176
10,267,260,14,14,0.0007603582594744029
10,268,272,14,14,0.000217606310765988
10,269,276,14,14,0.000690054297908485
10,270,265,14,14,0.0015403818672648298
10,271,265,14,14,8.747354919246345e-5
10,272,268,14,14,0.000217606310765988
10,273,276,14,14,0.0011983786982960667
10,274,270,14,14,0.002183046381046754
10,275,266,14,14,0.00021384278554064176
10,276,277,14,14,0.0003192878224857962
10,277,276,14,14,0.0003192878224857962
10,278,277,14,14,0.0004212572445625798
10,279,260,14,14,0.000398061171629667
10,280,299,15,15,0.0008875466168915443
10,281,295,15,15,0.000895164055302421
10,282,214,15,11,0.0
10,283,285,15,15,0.00041885888822881237
10,284,214,15,11,0.0002086071893907126
10,285,283,15,15,0.00041885888822881237
10,286,214,15,11,0.0
10,287,297,15,15,2.6623934013529638e-5
10,288,214,15,11,0.0
10,289,287,15,15,0.00022354782038241146
10,290,291,15,15,1.3572173125968529e-6
10,291,290,15,15,1.3572173125968529e-6
10,292,298,15,15,3.572643930661954e-5
10,293,298,15,15,1.3592875699186546e-6
10,294,214,15,11,0.0
10,295,283,15,15,0.0005131806675747813
10,296,292,15,15,7.01021464657196e-5
10,297,287,15,15,2.6623934013529638e-5
10,298,293,15,15,1.3592875699186546e-6
10,299,293,15,15,0.00019716194623810648
