hks_index,query_shape_id,neighbor_shape_id,true_class,neighbor_class,squared_distance
1,0,18,1,1,12.066717848432944
1,1,3,1,1,18.657953790155148
1,2,3,1,1,13.426237142984519
1,3,10,1,1,12.771727319669722
1,4,15,1,1,14.956573193183317
1,5,8,1,1,15.40728336298109
1,6,11,1,1,15.369105805211504
1,7,19,1,1,11.454164179146673
1,8,19,1,1,12.970652228531378
1,9,19,1,1,11.148802771591107
1,10,3,1,1,12.771727319669722
1,11,9,1,1,14.407266696359656
1,12,9,1,1,13.932985962620634
1,13,7,1,1,17.327389292149377
1,14,16,1,1,15.679761184849696
1,15,4,1,1,14.956573193183317
1,16,17,1,1,10.890947862121124
1,17,16,1,1,10.890947862121124
1,18,0,1,1,12.066717848432944
1,19,9,1,1,11.148802771591107
1,20,38,2,2,14.821678557469099
1,21,36,2,2,21.77397494802473
1,22,29,2,2,16.782850946380066
1,23,33,2,2,12.814085528030503
1,24,31,2,2,16.04288451577972
1,25,36,2,2,16.010096596502635
1,26,25,2,2,17.7745700580368
1,27,36,2,2,11.507991297041471
1,28,31,2,2,15.295672241015424
1,29,23,2,2,14.049443140215075
1,30,36,2,2,17.95048639220758
1,31,33,2,2,15.287548101646891
1,32,38,2,2,15.896175357851646
1,33,23,2,2,12.814085528030503
1,34,35,2,2,17.07290973815992
1,35,135,2,7,14.938556845029638
1,36,27,2,2,11.507991297041471
1,37,29,2,2,16.374087817814257
1,38,36,2,2,13.204200511639371
1,39,29,2,2,15.95174591903907
1,40,57,3,3,18.1362068420556
1,41,55,3,3,14.420663596552487
1,42,51,3,3,13.701391768307332
1,43,48,3,3,13.564194485372411
1,44,144,3,8,14.852559056004338
1,45,145,3,8,14.987863628207506
1,46,142,3,8,22.668856189816267
1,47,58,3,3,13.487015700649096
1,48,154,3,8,11.865968532370402
1,49,52,3,3,11.805871675654856
1,50,51,3,3,13.530573275002908
1,51,50,3,3,13.530573275002908
1,52,49,3,3,11.805871675654856
1,53,157,3,8,11.077167986676614
1,54,154,3,8,14.386516410246514
1,55,155,3,8,11.7969657889642
1,56,57,3,3,14.258073922776731
1,57,58,3,3,11.12317920680502
1,58,57,3,3,11.12317920680502
1,59,140,3,8,14.138194390644742
1,60,76,4,4,21.269302375159356
1,61,161,4,9,18.359925176599162
1,62,70,4,4,13.825481415593089
1,63,70,4,4,12.474236553728247
1,64,68,4,4,12.796629739274081
1,65,165,4,9,13.930272195749197
1,66,73,4,4,16.34842301978169
1,67,68,4,4,12.610608896429298
1,68,67,4,4,12.610608896429298
1,69,79,4,4,12.68267595077424
1,70,63,4,4,12.474236553728247
1,71,67,4,4,13.183054208036651
1,72,69,4,4,14.889644178456308
1,73,77,4,4,14.298533681708307
1,74,75,4,4,15.31858508829552
1,75,64,4,4,13.046735061850455
1,76,79,4,4,14.602328293270759
1,77,73,4,4,14.298533681708307
1,78,62,4,4,15.942998219759886
1,79,69,4,4,12.68267595077424
1,80,96,5,5,14.290411445157503
1,81,98,5,5,14.854381493924166
1,82,98,5,5,14.919974735673662
1,83,99,5,5,14.754161052325884
1,84,91,5,5,13.281866514243916
1,85,94,5,5,15.131468041163373
1,86,94,5,5,16.458007643874552
1,87,96,5,5,10.429702867204213
1,88,94,5,5,12.998356144862
1,89,99,5,5,16.89416718870382
1,90,98,5,5,16.763332323981572
1,91,95,5,5,12.521641657161183
1,92,98,5,5,15.407559907770462
1,93,83,5,5,14.978374291214863
1,94,88,5,5,12.998356144862
1,95,91,5,5,12.521641657161183
1,96,87,5,5,10.429702867204213
1,97,96,5,5,15.225144341505228
1,98,96,5,5,12.102327285393898
1,99,96,5,5,11.895987121750466
1,100,101,6,6,14.600717763970735
1,101,100,6,6,14.600717763970735
1,102,110,6,6,17.134144059950785
1,103,118,6,6,13.678239491231793
1,104,115,6,6,14.518774449295293
1,105,108,6,6,14.457701717433736
1,106,115,6,6,15.563251293518178
1,107,117,6,6,11.145082795033233
1,108,115,6,6,13.828790885986734
1,109,118,6,6,11.952653681354406
1,110,118,6,6,13.329341545661578
1,111,112,6,6,13.013352140476485
1,112,115,6,6,12.77237172261242
1,113,107,6,6,12.757523806212077
1,114,115,6,6,15.31278236460696
1,115,112,6,6,12.77237172261242
1,116,117,6,6,15.658750240928569
1,117,107,6,6,11.145082795033233
1,118,109,6,6,11.952653681354406
1,119,109,6,6,14.609419324708227
1,120,138,7,7,16.67395555962692
1,121,138,7,7,16.901052241055325
1,122,123,7,7,13.411330492937566
1,123,122,7,7,13.411330492937566
1,124,129,7,7,17.390982110193548
1,125,25,7,2,17.977763537815534
1,126,130,7,7,19.65590842157289
1,127,137,7,7,12.833889245584615
1,128,127,7,7,16.22653971379644
1,129,132,7,7,16.086045702022247
1,130,136,7,7,15.249889634983589
1,131,135,7,7,16.29718422054256
1,132,127,7,7,14.747828860113216
1,133,136,7,7,15.645901862055197
1,134,135,7,7,18.22694532077854
1,135,35,7,2,14.938556845029638
1,136,127,7,7,13.080714908482861
1,137,127,7,7,12.833889245584615
1,138,137,7,7,14.349299399598877
1,139,136,7,7,13.466015165539517
1,140,157,8,8,12.254307849559808
1,141,49,8,3,14.502218569236533
1,142,143,8,8,12.753290851797686
1,143,142,8,8,12.753290851797686
1,144,159,8,8,13.791310908239836
1,145,45,8,3,14.987863628207506
1,146,153,8,8,15.883734872727842
1,147,152,8,8,14.272844848044855
1,148,153,8,8,14.738732951335749
1,149,58,8,3,13.846605552140915
1,150,156,8,8,15.394811774437116
1,151,48,8,3,13.419253884304197
1,152,153,8,8,13.369911653336004
1,153,152,8,8,13.369911653336004
1,154,48,8,3,11.865968532370402
1,155,55,8,3,11.7969657889642
1,156,150,8,8,15.394811774437116
1,157,53,8,3,11.077167986676614
1,158,142,8,8,12.802238256955377
1,159,144,8,8,13.791310908239836
1,160,179,9,9,14.692724199102926
1,161,107,9,6,17.334796402891115
1,162,172,9,9,14.936720375531777
1,163,170,9,9,13.341328788305248
1,164,168,9,9,13.636437490551018
1,165,65,9,4,13.930272195749197
1,166,171,9,9,14.064180838433401
1,167,171,9,9,13.32701206642956
1,168,171,9,9,13.636316948371686
1,169,179,9,9,14.6086396335958
1,170,163,9,9,13.341328788305248
1,171,167,9,9,13.32701206642956
1,172,178,9,9,14.279596552381676
1,173,179,9,9,14.224856973662824
1,174,164,9,9,15.998853326118223
1,175,167,9,9,15.77171767208489
1,176,179,9,9,12.867097429546334
1,177,179,9,9,15.342654147767448
1,178,172,9,9,14.279596552381676
1,179,176,9,9,12.867097429546334
1,180,197,10,10,14.945484791563501
1,181,190,10,10,15.90710877257213
1,182,195,10,10,14.928282416371758
1,183,193,10,10,14.826145712674233
1,184,187,10,10,14.773161929082548
1,185,195,10,10,15.605404949935718
1,186,195,10,10,17.42369142208591
1,187,190,10,10,14.188033593696332
1,188,194,10,10,16.334699555494367
1,189,199,10,10,14.980922289165733
1,190,187,10,10,14.188033593696332
1,191,190,10,10,15.854617470729906
1,192,198,10,10,13.279382267404372
1,193,183,10,10,14.826145712674233
1,194,192,10,10,15.637137495397681
1,195,182,10,10,14.928282416371758
1,196,198,10,10,14.911245263105982
1,197,180,10,10,14.945484791563501
1,198,192,10,10,13.279382267404372
1,199,189,10,10,14.980922289165733
1,200,207,11,11,10.381013160586654
1,201,202,11,11,9.261745714183567
1,202,218,11,11,9.037363495156098
1,203,218,11,11,9.432228438181687
1,204,210,11,11,9.709359929294475
1,205,214,11,11,11.13025731308369
1,206,210,11,11,11.615099659925718
1,207,217,11,11,7.711219742284879
1,208,218,11,11,9.213515271982436
1,209,218,11,11,8.743830061313945
1,210,215,11,11,8.572937939909611
1,211,219,11,11,8.451003524640187
1,212,219,11,11,9.451674309542884
1,213,218,11,11,8.608242402528754
1,214,215,11,11,9.989316774754911
1,215,210,11,11,8.572937939909611
1,216,207,11,11,8.105671315820207
1,217,207,11,11,7.711219742284879
1,218,217,11,11,8.112578918969943
1,219,211,11,11,8.451003524640187
1,220,227,12,12,11.648302158063757
1,221,232,12,12,10.93455255927337
1,222,227,12,12,10.712214752617445
1,223,230,12,12,10.369820627456033
1,224,230,12,12,11.075047647120805
1,225,234,12,12,13.179895994616267
1,226,224,12,12,12.751107257161507
1,227,239,12,12,9.933460241503667
1,228,227,12,12,10.23363287455605
1,229,230,12,12,9.934744112597372
1,230,231,12,12,9.685508916392259
1,231,230,12,12,9.685508916392259
1,232,221,12,12,10.93455255927337
1,233,230,12,12,10.412828658440546
1,234,235,12,12,11.98800722845877
1,235,227,12,12,11.436072667525512
1,236,230,12,12,11.39497390298715
1,237,222,12,12,10.955411550547673
1,238,227,12,12,10.128779180291463
1,239,227,12,12,9.933460241503667
1,240,258,13,13,12.334911705994212
1,241,247,13,13,10.013397608789933
1,242,258,13,13,9.503597326481518
1,243,242,13,13,10.20801858375216
1,244,241,13,13,10.280172557936346
1,245,253,13,13,13.055521298769367
1,246,291,13,15,13.86253507592327
1,247,256,13,13,9.300469835824355
1,248,247,13,13,11.171738810924829
1,249,247,13,13,9.660163579503084
1,250,251,13,13,10.020328705371483
1,251,250,13,13,10.020328705371483
1,252,247,13,13,11.723918327865263
1,253,256,13,13,9.691659204822315
1,254,247,13,13,12.153952819669005
1,255,248,13,13,12.110327208298195
1,256,258,13,13,8.99890660103641
1,257,247,13,13,10.264840213053223
1,258,256,13,13,8.99890660103641
1,259,242,13,13,9.797830189023642
1,260,277,14,14,7.967384559315178
1,261,276,14,14,10.347586212594832
1,262,278,14,14,9.039394211846977
1,263,276,14,14,10.047409405448365
1,264,262,14,14,9.379434885824809
1,265,274,14,14,10.091821454186842
1,266,272,14,14,12.755714666664868
1,267,278,14,14,7.720406922398732
1,268,278,14,14,9.641649865628054
1,269,278,14,14,9.059510620926165
1,270,275,14,14,9.041926495150308
1,271,262,14,14,9.33585759601055
1,272,276,14,14,9.65424095929169
1,273,271,14,14,9.55944608106908
1,274,265,14,14,10.091821454186842
1,275,270,14,14,9.041926495150308
1,276,267,14,14,9.190994923090642
1,277,260,14,14,7.967384559315178
1,278,267,14,14,7.720406922398732
1,279,272,14,14,9.868174573162568
1,280,298,15,15,9.19350031785746
1,281,284,15,15,10.442357172386075
1,282,284,15,15,9.38708535379314
1,283,282,15,15,9.874471862572793
1,284,282,15,15,9.38708535379314
1,285,295,15,15,6.891280002991666
1,286,291,15,15,12.676927621726989
1,287,296,15,15,9.806365457563082
1,288,282,15,15,9.446092185119202
1,289,298,15,15,10.46517207923911
1,290,284,15,15,9.456918020513914
1,291,284,15,15,9.743831865161367
1,292,284,15,15,9.886328631582066
1,293,298,15,15,10.317244174536441
1,294,282,15,15,10.803832740347513
1,295,285,15,15,6.891280002991666
1,296,287,15,15,9.806365457563082
1,297,283,15,15,10.64365681823315
1,298,280,15,15,9.19350031785746
1,299,296,15,15,10.226097017928396
2,0,17,1,1,49.55086829626475
2,1,12,1,1,52.61668151668286
2,2,102,1,6,46.41156261508415
2,3,17,1,1,43.14357753674835
2,4,19,1,1,49.98268440535574
2,5,105,1,6,49.526843858947615
2,6,106,1,6,46.936798669826715
2,7,13,1,1,42.12852241787496
2,8,19,1,1,44.95210148493726
2,9,19,1,1,43.401338649526764
2,10,110,1,6,47.912896877570404
2,11,19,1,1,45.4296499830555
2,12,11,1,1,49.6930494217477
2,13,7,1,1,42.12852241787496
2,14,13,1,1,54.297046219234346
2,15,8,1,1,45.96463875119534
2,16,7,1,1,42.14611842618089
2,17,3,1,1,43.14357753674835
2,18,19,1,1,40.22417101449332
2,19,18,1,1,40.22417101449332
2,20,38,2,2,55.82937588519428
2,21,136,2,7,62.219541915740706
2,22,35,2,2,54.728456134280805
2,23,33,2,2,57.15211972316703
2,24,124,2,7,57.31981235271667
2,25,28,2,2,62.676041824494376
2,26,31,2,2,66.85763333139955
2,27,38,2,2,48.17217463574735
2,28,128,2,7,35.44281614684121
2,29,129,2,7,50.04852170597496
2,30,31,2,2,53.53975943781276
2,31,30,2,2,53.53975943781276
2,32,132,2,7,56.18966230053377
2,33,37,2,2,48.57541088124793
2,34,28,2,2,52.767035878497154
2,35,28,2,2,49.76608280259981
2,36,27,2,2,49.06189062878411
2,37,33,2,2,48.57541088124793
2,38,27,2,2,48.17217463574735
2,39,37,2,2,51.64326098930411
2,40,57,3,3,49.0012219807125
2,41,49,3,3,45.6009605277153
2,42,142,3,8,46.221376023270096
2,43,143,3,8,42.92443804249257
2,44,51,3,3,51.44282284142491
2,45,145,3,8,61.01368068746223
2,46,56,3,3,50.774729817606385
2,47,56,3,3,50.95185805937501
2,48,55,3,3,46.35009061911569
2,49,41,3,3,45.6009605277153
2,50,55,3,3,62.79189923333274
2,51,55,3,3,44.543222970534146
2,52,43,3,3,45.84263003631986
2,53,153,3,8,48.33911364682092
2,54,154,3,8,55.059551834511126
2,55,51,3,3,44.543222970534146
2,56,58,3,3,44.9703632802474
2,57,40,3,3,49.0012219807125
2,58,158,3,8,39.869591528796605
2,59,58,3,3,43.460671187448156
2,60,77,4,4,54.9006113905175
2,61,161,4,9,41.02821224704877
2,62,162,4,9,48.6103568948848
2,63,78,4,4,42.18682520291313
2,64,75,4,4,43.442074639667055
2,65,165,4,9,39.45537454738577
2,66,73,4,4,62.84389142929359
2,67,73,4,4,37.633599627446756
2,68,72,4,4,44.14739950299412
2,69,71,4,4,42.07776192242676
2,70,75,4,4,44.296050136053466
2,71,72,4,4,40.843008188569485
2,72,71,4,4,40.843008188569485
2,73,67,4,4,37.633599627446756
2,74,68,4,4,59.5948646991601
2,75,64,4,4,43.442074639667055
2,76,67,4,4,38.96981388678063
2,77,76,4,4,44.66511519915065
2,78,63,4,4,42.18682520291313
2,79,72,4,4,42.90837182605438
2,80,98,5,5,52.73159193164554
2,81,83,5,5,49.52303262376779
2,82,90,5,5,44.57104066381211
2,83,98,5,5,44.452556977496556
2,84,89,5,5,59.75743993421861
2,85,185,5,10,53.864042660603275
2,86,95,5,5,58.2179053153194
2,87,96,5,5,40.74976638489227
2,88,99,5,5,50.00296988975458
2,89,81,5,5,53.93321724708301
2,90,82,5,5,44.57104066381211
2,91,96,5,5,52.0291713231652
2,92,98,5,5,48.3510086106225
2,93,87,5,5,49.796450662749635
2,94,88,5,5,55.19277793180288
2,95,195,5,10,44.07291743240623
2,96,87,5,5,40.74976638489227
2,97,89,5,5,54.66978438497421
2,98,83,5,5,44.452556977496556
2,99,98,5,5,45.6956922890418
2,100,117,6,6,43.794558879878366
2,101,110,6,6,43.24146874640488
2,102,2,6,1,46.41156261508415
2,103,110,6,6,42.60694345784205
2,104,115,6,6,42.54835514494631
2,105,5,6,1,49.526843858947615
2,106,6,6,1,46.936798669826715
2,107,117,6,6,44.88524183666283
2,108,115,6,6,41.82481846762144
2,109,111,6,6,47.75382499204099
2,110,115,6,6,41.11771379503509
2,111,112,6,6,44.82347741406073
2,112,111,6,6,44.82347741406073
2,113,119,6,6,40.70562351613583
2,114,64,6,4,53.49175359072021
2,115,110,6,6,41.11771379503509
2,116,119,6,6,44.18294305370978
2,117,100,6,6,43.794558879878366
2,118,110,6,6,45.15958039095719
2,119,113,6,6,40.70562351613583
2,120,138,7,7,52.024285225093706
2,121,136,7,7,57.9219866217272
2,122,131,7,7,53.38312802780203
2,123,136,7,7,55.7566103292458
2,124,24,7,2,57.31981235271667
2,125,128,7,7,68.61730093921038
2,126,131,7,7,57.839148889509374
2,127,132,7,7,48.74994646655321
2,128,28,7,2,35.44281614684121
2,129,29,7,2,50.04852170597496
2,130,122,7,7,55.78416824714276
2,131,135,7,7,49.871098439234544
2,132,127,7,7,48.74994646655321
2,133,128,7,7,56.05818378634061
2,134,34,7,2,56.84779211911146
2,135,131,7,7,49.871098439234544
2,136,139,7,7,49.094746531952836
2,137,138,7,7,48.25782539653946
2,138,137,7,7,48.25782539653946
2,139,136,7,7,49.094746531952836
2,140,158,8,8,46.41485140588583
2,141,43,8,3,45.19630567634093
2,142,42,8,3,46.221376023270096
2,143,158,8,8,37.37614009551373
2,144,143,8,8,50.236942585370855
2,145,45,8,3,61.01368068746223
2,146,46,8,3,51.98869054440996
2,147,156,8,8,37.71125220616187
2,148,48,8,3,47.30159241028596
2,149,143,8,8,51.596218134040726
2,150,151,8,8,48.638089831180054
2,151,51,8,3,48.24350363413882
2,152,52,8,3,46.62551173224239
2,153,56,8,3,46.668494915286885
2,154,53,8,3,54.09607060291421
2,155,55,8,3,50.58711988335392
2,156,147,8,8,37.71125220616187
2,157,43,8,3,52.08126321606488
2,158,143,8,8,37.37614009551373
2,159,143,8,8,41.00425166605788
2,160,178,9,9,41.7857867201439
2,161,61,9,4,41.02821224704877
2,162,163,9,9,45.73263974959448
2,163,178,9,9,42.279248809488735
2,164,168,9,9,41.061085314583664
2,165,65,9,4,39.45537454738577
2,166,165,9,9,55.62152145329344
2,167,176,9,9,41.03346782520967
2,168,164,9,9,41.061085314583664
2,169,179,9,9,42.10023727802154
2,170,175,9,9,43.49040518619637
2,171,179,9,9,45.966521832666984
2,172,164,9,9,49.37504460831239
2,173,172,9,9,51.90075644239748
2,174,168,9,9,44.323337622482526
2,175,170,9,9,43.49040518619637
2,176,167,9,9,41.03346782520967
2,177,77,9,4,46.39873705556471
2,178,160,9,9,41.7857867201439
2,179,169,9,9,42.10023727802154
2,180,181,10,10,55.648847354653356
2,181,183,10,10,49.160001949092305
2,182,193,10,10,49.503355877962576
2,183,181,10,10,49.160001949092305
2,184,187,10,10,52.62455800237234
2,185,195,10,10,51.973868741687795
2,186,196,10,10,64.48954913587531
2,187,196,10,10,45.43875601417906
2,188,198,10,10,48.34103547326194
2,189,196,10,10,46.37474265802555
2,190,195,10,10,56.08568895943
2,191,199,10,10,48.47747386402651
2,192,198,10,10,49.81003878171643
2,193,199,10,10,43.37381591481065
2,194,188,10,10,50.32135876486009
2,195,95,10,5,44.07291743240623
2,196,199,10,10,42.589304788996
2,197,196,10,10,45.84485690442233
2,198,188,10,10,48.34103547326194
2,199,196,10,10,42.589304788996
2,200,218,11,11,23.16666921211413
2,201,218,11,11,30.62480647771442
2,202,222,11,12,30.19058865942254
2,203,204,11,11,32.41687793237685
2,204,210,11,11,28.687825823917777
2,205,225,11,12,33.18185657809019
2,206,211,11,11,38.384696586109875
2,207,218,11,11,24.85699717329671
2,208,228,11,12,28.729716571676867
2,209,216,11,11,25.827341671455898
2,210,216,11,11,28.593787377914676
2,211,231,11,12,25.511751237625997
2,212,232,11,12,28.029956222423372
2,213,218,11,11,27.695816281900235
2,214,215,11,11,30.649008877533582
2,215,210,11,11,28.939991013099945
2,216,209,11,11,25.827341671455898
2,217,216,11,11,27.39178611482956
2,218,200,11,11,23.16666921211413
2,219,200,11,11,25.030040358316327
2,220,239,12,12,24.84926757286285
2,221,281,12,15,32.35682762039872
2,222,202,12,11,30.19058865942254
2,223,283,12,15,36.49066049189584
2,224,222,12,12,30.684328789743283
2,225,275,12,14,29.52993691237456
2,226,255,12,13,38.46360980971626
2,227,236,12,12,27.50636971767537
2,228,208,12,11,28.729716571676867
2,229,209,12,11,30.73422913744382
2,230,224,12,12,31.07061702496737
2,231,211,12,11,25.511751237625997
2,232,212,12,11,28.029956222423372
2,233,239,12,12,31.159316058205413
2,234,294,12,15,34.445843202253805
2,235,215,12,11,30.796098843254214
2,236,239,12,12,25.814936898639566
2,237,230,12,12,31.811736766372526
2,238,239,12,12,28.35380359135982
2,239,220,12,12,24.84926757286285
2,240,258,13,13,25.51191675282488
2,241,258,13,13,29.608581083347964
2,242,243,13,13,33.890616359657805
2,243,247,13,13,30.414155938582724
2,244,257,13,13,32.55743625945686
2,245,255,13,13,36.39912256848993
2,246,231,13,12,40.40677833597008
2,247,258,13,13,23.720461263738564
2,248,255,13,13,31.821394470498365
2,249,259,13,13,30.60760629605827
2,250,257,13,13,29.518990045545152
2,251,257,13,13,33.09523546152657
2,252,256,13,13,29.70840349737133
2,253,258,13,13,29.541798700914928
2,254,255,13,13,33.569811636401795
2,255,248,13,13,31.821394470498365
2,256,247,13,13,26.40937887049966
2,257,259,13,13,28.0911379859091
2,258,247,13,13,23.720461263738564
2,259,240,13,13,27.312779599544484
2,260,278,14,14,23.850860374977106
2,261,278,14,14,34.342092646762794
2,262,275,14,14,30.087277291717562
2,263,276,14,14,31.425141809144385
2,264,278,14,14,28.34123778365583
2,265,279,14,14,32.702551160509536
2,266,271,14,14,38.17079234568701
2,267,278,14,14,25.129553213186544
2,268,275,14,14,28.332068284156158
2,269,275,14,14,31.54924236935425
2,270,278,14,14,28.92291874096799
2,271,268,14,14,29.417819977031378
2,272,276,14,14,30.095992402670284
2,273,277,14,14,26.5526386376415
2,274,275,14,14,31.835639112050465
2,275,268,14,14,28.332068284156158
2,276,277,14,14,26.01318947424549
2,277,278,14,14,25.288453405701773
2,278,260,14,14,23.850860374977106
2,279,277,14,14,27.397965559964504
2,280,298,15,15,30.48959114719225
2,281,298,15,15,28.761689531641288
2,282,284,15,15,30.621985490063658
2,283,296,15,15,32.71008079416075
2,284,290,15,15,28.745705359144374
2,285,295,15,15,23.98402159564376
2,286,258,15,13,37.556012926180514
2,287,298,15,15,25.85783174863017
2,288,293,15,15,29.92000750103424
2,289,284,15,15,29.411948338528816
2,290,293,15,15,28.575897353112996
2,291,288,15,15,31.24473311485218
2,292,296,15,15,28.22332258582511
2,293,290,15,15,28.575897353112996
2,294,284,15,15,33.02988879349552
2,295,285,15,15,23.98402159564376
2,296,299,15,15,27.010149678152384
2,297,290,15,15,29.13882032929767
2,298,287,15,15,25.85783174863017
2,299,296,15,15,27.010149678152384
3,0,16,1,1,124.00062544480285
3,1,4,1,1,150.6486058652561
3,2,102,1,6,132.85392552655034
3,3,2,1,1,136.75643915905243
3,4,104,1,6,128.6985153801469
3,5,105,1,6,127.43645909456384
3,6,106,1,6,152.13215066142703
3,7,16,1,1,102.38758625074664
3,8,108,1,6,129.3109888223347
3,9,109,1,6,117.78922488556502
3,10,110,1,6,129.92149379427104
3,11,18,1,1,147.1625585237551
3,12,3,1,1,146.66547160812206
3,13,7,1,1,121.09395357200454
3,14,15,1,1,142.61239053441994
3,15,4,1,1,132.19220356852153
3,16,7,1,1,102.38758625074664
3,17,7,1,1,128.45244545092996
3,18,2,1,1,138.42011833066846
3,19,0,1,1,127.54816322006297
3,20,38,2,2,137.80801629085437
3,21,32,2,2,161.72777051935336
3,22,23,2,2,166.75174632071494
3,23,30,2,2,147.77954097972918
3,24,124,2,7,137.57237888248875
3,25,125,2,7,133.07879239002486
3,26,126,2,7,169.09256005931815
3,27,37,2,2,171.8453754094299
3,28,128,2,7,130.91594667087955
3,29,36,2,2,147.70298202950204
3,30,23,2,2,147.77954097972918
3,31,39,2,2,151.74430191151913
3,32,99,2,5,136.88495915470818
3,33,37,2,2,144.53619626862348
3,34,36,2,2,167.27181650875198
3,35,135,2,7,130.0873427467465
3,36,39,2,2,131.19083312179552
3,37,33,2,2,144.53619626862348
3,38,20,2,2,137.80801629085437
3,39,36,2,2,131.19083312179552
3,40,59,3,3,124.07299853456396
3,41,56,3,3,141.19846572930552
3,42,142,3,8,129.36191189501977
3,43,53,3,3,148.94739479990744
3,44,47,3,3,128.54442119664566
3,45,145,3,8,144.66543699002224
3,46,146,3,8,121.20283737074013
3,47,147,3,8,116.7272420112102
3,48,148,3,8,107.98841794523614
3,49,149,3,8,127.69218676432587
3,50,150,3,8,134.78818961112336
3,51,151,3,8,125.43990781326542
3,52,152,3,8,128.8626963853874
3,53,153,3,8,116.29623964104857
3,54,154,3,8,163.29560692369986
3,55,155,3,8,131.57501743936592
3,56,47,3,3,133.8918217912443
3,57,157,3,8,121.97714536749015
3,58,158,3,8,123.71853712255978
3,59,40,3,3,124.07299853456396
3,60,76,4,4,113.63950269701522
3,61,161,4,9,138.64226299914432
3,62,162,4,9,127.81494193754733
3,63,76,4,4,138.12542264412156
3,64,70,4,4,119.51693907650554
3,65,165,4,9,145.62164012819466
3,66,166,4,9,173.3053498138735
3,67,76,4,4,104.84064227839949
3,68,168,4,9,125.257424226296
3,69,169,4,9,138.78115809227302
3,70,64,4,4,119.51693907650554
3,71,171,4,9,125.44072961967957
3,72,172,4,9,125.94126649039694
3,73,77,4,4,127.68901676234208
3,74,174,4,9,144.42665209871134
3,75,68,4,4,129.34184715792873
3,76,67,4,4,104.84064227839949
3,77,67,4,4,123.90201014167924
3,78,67,4,4,114.80401185386714
3,79,76,4,4,132.7655535761354
3,80,98,5,5,144.97159949164998
3,81,181,5,10,145.0709567306829
3,82,182,5,10,110.94245486052539
3,83,183,5,10,143.96453083243554
3,84,87,5,5,126.29281031095104
3,85,185,5,10,137.32359403138918
3,86,186,5,10,185.47030336168925
3,87,84,5,5,126.29281031095104
3,88,95,5,5,125.79313343041272
3,89,96,5,5,153.6159917527227
3,90,84,5,5,127.1368156733414
3,91,191,5,10,124.02178813986302
3,92,99,5,5,134.0974498126351
3,93,99,5,5,129.1486550427713
3,94,88,5,5,146.41051201777833
3,95,88,5,5,125.79313343041272
3,96,87,5,5,132.69174680804795
3,97,98,5,5,133.10548304841322
3,98,99,5,5,117.4800708279189
3,99,98,5,5,117.4800708279189
3,100,117,6,6,145.84704232345283
3,101,118,6,6,145.83147105953924
3,102,104,6,6,126.62141139515525
3,103,110,6,6,137.42249836612916
3,104,102,6,6,126.62141139515525
3,105,5,6,1,127.43645909456384
3,106,6,6,1,152.13215066142703
3,107,116,6,6,113.55114672017845
3,108,8,6,1,129.3109888223347
3,109,9,6,1,117.78922488556502
3,110,10,6,1,129.92149379427104
3,111,257,6,13,150.27956875035403
3,112,116,6,6,150.56178215466937
3,113,117,6,6,133.7989624387358
3,114,115,6,6,143.26528937959347
3,115,108,6,6,136.3158426318364
3,116,107,6,6,113.55114672017845
3,117,118,6,6,121.44946739055138
3,118,117,6,6,121.44946739055138
3,119,116,6,6,137.87770653980033
3,120,138,7,7,153.32885639250338
3,121,21,7,2,169.57608927073127
3,122,124,7,7,159.2983391907312
3,123,23,7,2,169.06388893164205
3,124,24,7,2,137.57237888248875
3,125,25,7,2,133.07879239002486
3,126,26,7,2,169.09256005931815
3,127,136,7,7,164.38795452983672
3,128,28,7,2,130.91594667087955
3,129,29,7,2,148.8062621131739
3,130,30,7,2,163.54106762569933
3,131,31,7,2,158.40475997470242
3,132,32,7,2,145.89594805743369
3,133,139,7,7,148.29721176471276
3,134,28,7,2,172.21912348898468
3,135,35,7,2,130.0873427467465
3,136,139,7,7,115.29232421481123
3,137,138,7,7,158.04869715711294
3,138,139,7,7,142.71677183734545
3,139,136,7,7,115.29232421481123
3,140,158,8,8,131.69164897522876
3,141,150,8,8,133.14522915817776
3,142,42,8,3,129.36191189501977
3,143,158,8,8,132.84706712038835
3,144,149,8,8,135.18086176566882
3,145,45,8,3,144.66543699002224
3,146,46,8,3,121.20283737074013
3,147,156,8,8,108.08234424222294
3,148,48,8,3,107.98841794523614
3,149,49,8,3,127.69218676432587
3,150,141,8,8,133.14522915817776
3,151,51,8,3,125.43990781326542
3,152,52,8,3,128.8626963853874
3,153,53,8,3,116.29623964104857
3,154,54,8,3,163.29560692369986
3,155,55,8,3,131.57501743936592
3,156,147,8,8,108.08234424222294
3,157,57,8,3,121.97714536749015
3,158,58,8,3,123.71853712255978
3,159,156,8,8,129.6900029638245
3,160,176,9,9,111.24041837671922
3,161,61,9,4,138.64226299914432
3,162,164,9,9,127.14081085763202
3,163,178,9,9,135.20450801386627
3,164,64,9,4,121.29829281431084
3,165,175,9,9,145.59161534949874
3,166,66,9,4,173.3053498138735
3,167,177,9,9,109.6212397580404
3,168,68,9,4,125.257424226296
3,169,176,9,9,122.0300803901087
3,170,64,9,4,122.7009503910856
3,171,71,9,4,125.44072961967957
3,172,72,9,4,125.94126649039694
3,173,176,9,9,136.73896409911742
3,174,74,9,4,144.42665209871134
3,175,75,9,4,130.1076109957673
3,176,179,9,9,108.60728124633941
3,177,167,9,9,109.6212397580404
3,178,160,9,9,116.32861280582829
3,179,176,9,9,108.60728124633941
3,180,199,10,10,149.30776006554512
3,181,81,10,5,145.0709567306829
3,182,82,10,5,110.94245486052539
3,183,83,10,5,143.96453083243554
3,184,182,10,10,130.69254863932494
3,185,85,10,5,137.32359403138918
3,186,86,10,5,185.47030336168925
3,187,196,10,10,118.48460035416994
3,188,88,10,5,134.65301562579785
3,189,196,10,10,143.42982240947674
3,190,90,10,5,130.04209702237446
3,191,91,10,5,124.02178813986302
3,192,196,10,10,144.39868494342826
3,193,187,10,10,126.96437296179377
3,194,195,10,10,149.65544093718228
3,195,95,10,5,138.97530544268318
3,196,187,10,10,118.48460035416994
3,197,187,10,10,152.99250696521221
3,198,98,10,5,123.74258400314483
3,199,196,10,10,144.16055948520813
3,200,219,11,11,75.10533614011531
3,201,218,11,11,99.69724208556156
3,202,215,11,11,95.19009980261649
3,203,217,11,11,83.01201159225101
3,204,217,11,11,93.72419902017337
3,205,268,11,14,110.11724851371306
3,206,207,11,11,133.6373825935788
3,207,216,11,11,72.06714707140658
3,208,219,11,11,96.63818955361666
3,209,217,11,11,98.97557387656971
3,210,217,11,11,102.40699174162745
3,211,200,11,11,91.87295752400593
3,212,217,11,11,89.04683843988066
3,213,200,11,11,82.98969281974126
3,214,211,11,11,111.31172558218674
3,215,202,11,11,95.19009980261649
3,216,207,11,11,72.06714707140658
3,217,219,11,11,76.35493317936557
3,218,200,11,11,77.48195666254179
3,219,200,11,11,75.10533614011531
3,220,239,12,12,70.45593633290103
3,221,229,12,12,112.07569580663406
3,222,224,12,12,101.87357909311025
3,223,237,12,12,72.61734304549611
3,224,230,12,12,91.61340512889703
3,225,236,12,12,114.05959369438096
3,226,291,12,15,121.55530450598798
3,227,238,12,12,83.23407025092996
3,228,231,12,12,92.26507890593122
3,229,237,12,12,98.87941780442671
3,230,224,12,12,91.61340512889703
3,231,228,12,12,92.26507890593122
3,232,237,12,12,92.10104066474875
3,233,220,12,12,87.5423808493343
3,234,228,12,12,109.58640989661126
3,235,228,12,12,98.26114714930358
3,236,237,12,12,70.03318902870605
3,237,236,12,12,70.03318902870605
3,238,220,12,12,78.95926319316055
3,239,220,12,12,70.45593633290103
3,240,259,13,13,85.60610257268483
3,241,257,13,13,112.03481391597273
3,242,257,13,13,95.67029245711578
3,243,257,13,13,96.2430325131808
3,244,250,13,13,98.68341663355696
3,245,258,13,13,109.73454715103409
3,246,217,13,11,127.60283287029202
3,247,253,13,13,75.81438647584693
3,248,255,13,13,94.70211176188585
3,249,252,13,13,92.2522646749351
3,250,257,13,13,88.90076041939881
3,251,259,13,13,94.41621188719051
3,252,257,13,13,79.53624246146107
3,253,247,13,13,75.81438647584693
3,254,255,13,13,114.03479919135819
3,255,248,13,13,94.70211176188585
3,256,257,13,13,80.99898294673321
3,257,252,13,13,79.53624246146107
3,258,247,13,13,78.87351644379538
3,259,258,13,13,83.64302482363908
3,260,278,14,14,56.062022057398494
3,261,269,14,14,98.28789018576799
3,262,264,14,14,95.07701898886302
3,263,277,14,14,86.69289813123413
3,264,269,14,14,94.07132406455801
3,265,276,14,14,108.21149395411426
3,266,271,14,14,131.24201597430098
3,267,276,14,14,70.82850346443838
3,268,277,14,14,98.42318816607022
3,269,264,14,14,94.07132406455801
3,270,264,14,14,97.31538803070958
3,271,276,14,14,91.10484748022998
3,272,275,14,14,96.15508537425224
3,273,277,14,14,82.66491329737525
3,274,268,14,14,108.49158686452566
3,275,269,14,14,94.42878257533272
3,276,277,14,14,65.29519551989532
3,277,276,14,14,65.29519551989532
3,278,260,14,14,56.062022057398494
3,279,260,14,14,72.54278013918292
3,280,299,15,15,77.4495183398473
3,281,228,15,12,113.64461028679281
3,282,292,15,15,98.1004472055009
3,283,297,15,15,101.7599687184213
3,284,290,15,15,96.1110984869435
3,285,295,15,15,78.38135733531088
3,286,257,15,13,126.43201850261164
3,287,297,15,15,87.98442143013898
3,288,291,15,15,88.50400398593159
3,289,299,15,15,91.36276249110782
3,290,297,15,15,75.30916428480529
3,291,288,15,15,88.50400398593159
3,292,282,15,15,98.1004472055009
3,293,296,15,15,73.4700746545908
3,294,217,15,11,102.10198779879913
3,295,285,15,15,78.38135733531088
3,296,293,15,15,73.4700746545908
3,297,290,15,15,75.30916428480529
3,298,297,15,15,82.4986410806062
3,299,280,15,15,77.4495183398473
4,0,18,1,1,0.20324649574137332
4,1,19,1,1,1.702538623722905
4,2,12,1,1,0.9049203882186081
4,3,2,1,1,1.2249631126320608
4,4,10,1,1,0.9696343623037649
4,5,115,1,6,2.3152358260946517
4,6,106,1,6,3.004225036628174
4,7,16,1,1,0.4208653292676736
4,8,15,1,1,1.1587046923516944
4,9,16,1,1,0.785490390732086
4,10,17,1,1,0.9624367393237065
4,11,13,1,1,1.0360162555344932
4,12,16,1,1,0.6356443185201126
4,13,0,1,1,0.3182162693416206
4,14,15,1,1,1.8935155163258397
4,15,8,1,1,1.1587046923516944
4,16,7,1,1,0.4208653292676736
4,17,7,1,1,0.49474412602022966
4,18,0,1,1,0.20324649574137332
4,19,18,1,1,0.34885736610757334
4,20,39,2,2,0.2726517063697482
4,21,81,2,5,1.8272026210917325
4,22,37,2,2,1.325211222123034
4,23,30,2,2,1.016639390931168
4,24,30,2,2,1.2518250132739315
4,25,125,2,7,2.2003014114842934
4,26,126,2,7,2.585378547208167
4,27,36,2,2,0.4147509592522489
4,28,35,2,2,1.0918578999810524
4,29,27,2,2,0.5342031655535049
4,30,23,2,2,1.016639390931168
4,31,39,2,2,1.3849418446234445
4,32,27,2,2,0.9325703197427373
4,33,39,2,2,0.3445209010952137
4,34,35,2,2,2.4047514809427
4,35,28,2,2,1.0918578999810524
4,36,38,2,2,0.16801417175876132
4,37,27,2,2,0.6124187102349072
4,38,36,2,2,0.16801417175876132
4,39,20,2,2,0.2726517063697482
4,40,58,3,3,0.2953361269172863
4,41,59,3,3,1.5124033867247935
4,42,57,3,3,0.9639394162927761
4,43,42,3,3,1.4400127905307674
4,44,57,3,3,0.7578195141807686
4,45,145,3,8,1.7972850385911219
4,46,146,3,8,2.466054496343123
4,47,56,3,3,0.3488806937944169
4,48,148,3,8,0.8654564770982365
4,49,56,3,3,1.0221639270389975
4,50,57,3,3,1.1328061351701884
4,51,53,3,3,1.1570497649510258
4,52,56,3,3,1.0905016688795435
4,53,40,3,3,0.44984779217875115
4,54,55,3,3,1.4572661003474359
4,55,48,3,3,1.3261718376483618
4,56,47,3,3,0.3488806937944169
4,57,44,3,3,0.7578195141807686
4,58,40,3,3,0.2953361269172863
4,59,40,3,3,0.3737605559769914
4,60,78,4,4,0.19369949852096546
4,61,79,4,4,1.5878103921059061
4,62,72,4,4,0.8890625480033201
4,63,69,4,4,1.125141528942109
4,64,77,4,4,0.8403555647985446
4,65,71,4,4,2.5899170927093653
4,66,166,4,9,3.5295828518975068
4,67,76,4,4,0.45252295755723004
4,68,75,4,4,0.8409701116041646
4,69,67,4,4,1.0011275826641128
4,70,77,4,4,0.8181537919373874
4,71,79,4,4,1.2631567030276205
4,72,62,4,4,0.8890625480033201
4,73,60,4,4,0.25309589707994107
4,74,75,4,4,2.0601942804563294
4,75,68,4,4,0.8409701116041646
4,76,78,4,4,0.37013434281657
4,77,79,4,4,0.7202046419583361
4,78,60,4,4,0.19369949852096546
4,79,60,4,4,0.3384165614800949
4,80,98,5,5,0.210878520546963
4,81,31,5,2,1.5278084992929308
4,82,92,5,5,0.8369084591898606
4,83,90,5,5,1.1062085060594011
4,84,90,5,5,0.9236967984569109
4,85,135,5,7,1.8703366580275382
4,86,26,5,2,2.8402251499391493
4,87,96,5,5,0.372752401480712
4,88,188,5,10,1.3133479385082083
4,89,92,5,5,0.834522692075021
4,90,84,5,5,0.9236967984569109
4,91,93,5,5,1.1384661925778214
4,92,89,5,5,0.834522692075021
4,93,80,5,5,0.4279239211561201
4,94,95,5,5,1.8948441332750008
4,95,88,5,5,1.3394606223988657
4,96,87,5,5,0.372752401480712
4,97,87,5,5,0.49358999778938717
4,98,80,5,5,0.210878520546963
4,99,80,5,5,0.35263787197116514
4,100,119,6,6,0.38877065780259734
4,101,119,6,6,1.5699144091510107
4,102,112,6,6,0.627037574204488
4,103,109,6,6,1.1818501614193995
4,104,110,6,6,1.0602354317524547
4,105,111,6,6,2.5401703546267935
4,106,6,6,1,3.004225036628174
4,107,118,6,6,0.48603402313107047
4,108,115,6,6,1.3357869776011757
4,109,116,6,6,0.8339577755213039
4,110,104,6,6,1.0602354317524547
4,111,118,6,6,1.2967873249650257
4,112,102,6,6,0.627037574204488
4,113,100,6,6,0.40463972303245477
4,114,4,6,1,1.9784795689039676
4,115,108,6,6,1.3357869776011757
4,116,119,6,6,0.41956714389215755
4,117,113,6,6,0.6652149235739948
4,118,100,6,6,0.4054326840091811
4,119,100,6,6,0.38877065780259734
4,120,138,7,7,0.30263203984554465
4,121,38,7,2,1.9755169960584418
4,122,129,7,7,1.1457949888497367
4,123,130,7,7,0.6976106566252138
4,124,137,7,7,1.0413381633650864
4,125,25,7,2,2.2003014114842934
4,126,26,7,2,2.585378547208167
4,127,136,7,7,0.34827380737553426
4,128,28,7,2,1.1146397192832467
4,129,127,7,7,0.7283134977867416
4,130,123,7,7,0.6976106566252138
4,131,129,7,7,1.4700579318734093
4,132,127,7,7,0.986599790010807
4,133,120,7,7,0.3603025842045966
4,134,24,7,2,1.4203818409830227
4,135,128,7,7,1.4472990620041628
4,136,138,7,7,0.2753470334052537
4,137,127,7,7,0.7572290208704828
4,138,136,7,7,0.2753470334052537
4,139,136,7,7,0.317100582300629
4,140,158,8,8,0.22346841449159882
4,141,159,8,8,1.1759525418123715
4,142,157,8,8,0.8762303756155383
4,143,142,8,8,1.1605671735656848
4,144,157,8,8,1.0195153293330907
4,145,45,8,3,1.7972850385911219
4,146,46,8,3,2.466054496343123
4,147,156,8,8,0.31827857220244127
4,148,48,8,3,0.8654564770982365
4,149,142,8,8,1.0423775884630757
4,150,157,8,8,1.097451181291735
4,151,140,8,8,1.3496583642548856
4,152,142,8,8,1.0688838097011946
4,153,140,8,8,0.3909364804010238
4,154,155,8,8,1.7931714766860551
4,155,148,8,8,1.361591708020235
4,156,147,8,8,0.31827857220244127
4,157,159,8,8,0.8436584446484687
4,158,140,8,8,0.22346841449159882
4,159,140,8,8,0.40303645959630785
4,160,173,9,9,0.3121000182295912
4,161,179,9,9,1.745117442220888
4,162,172,9,9,0.5725024804556398
4,163,162,9,9,1.2081293615751711
4,164,170,9,9,0.7811732838794736
4,165,171,9,9,2.757124112566471
4,166,66,9,4,3.5295828518975068
4,167,178,9,9,0.3678688688159877
4,168,175,9,9,1.3577983344811582
4,169,179,9,9,0.7518059364935041
4,170,164,9,9,0.7811732838794736
4,171,179,9,9,1.3603682301323694
4,172,162,9,9,0.5725024804556398
4,173,160,9,9,0.3121000182295912
4,174,175,9,9,1.8005890830735058
4,175,168,9,9,1.3577983344811582
4,176,179,9,9,0.46989945001077693
4,177,167,9,9,0.42388965318248495
4,178,160,9,9,0.31282292350252483
4,179,176,9,9,0.46989945001077693
4,180,199,10,10,0.2946797260182681
4,181,180,10,10,1.7546809926009228
4,182,192,10,10,0.9136091365108356
4,183,182,10,10,1.1316761521066248
4,184,197,10,10,1.0412616668132468
4,185,15,10,1,2.0819510782687356
4,186,126,10,7,2.9329006497692323
4,187,196,10,10,0.39506591885993103
4,188,88,10,5,1.3133479385082083
4,189,196,10,10,0.7920203653194449
4,190,197,10,10,0.9804665830284467
4,191,199,10,10,1.2435117077457605
4,192,182,10,10,0.9136091365108356
4,193,198,10,10,0.5390595637232778
4,194,84,10,5,2.0048847199299136
4,195,188,10,10,1.3329620236563802
4,196,199,10,10,0.3422356835827518
4,197,187,10,10,0.6030680453061414
4,198,180,10,10,0.30423846208352323
4,199,180,10,10,0.2946797260182681
4,200,219,11,11,0.45688520917148523
4,201,213,11,11,1.303247594388118
4,202,203,11,11,0.8755218064649988
4,203,209,11,11,0.8206516953852052
4,204,209,11,11,1.2657959926041116
4,205,200,11,11,2.1660788414190932
4,206,274,11,14,2.432035538633368
4,207,217,11,11,0.2545855429058097
4,208,212,11,11,2.012880854626471
4,209,203,11,11,0.8206516953852052
4,210,217,11,11,1.1999733416129228
4,211,212,11,11,1.2411317332424012
4,212,209,11,11,1.214980577357573
4,213,200,11,11,0.987577689248333
4,214,295,11,15,1.5080198002296559
4,215,209,11,11,1.5087963787969478
4,216,218,11,11,0.09622655183231288
4,217,207,11,11,0.2545855429058097
4,218,216,11,11,0.09622655183231288
4,219,200,11,11,0.45688520917148523
4,220,236,12,12,0.4738933622421566
4,221,238,12,12,0.9079596900799949
4,222,246,12,13,2.0203033120032714
4,223,229,12,12,0.8885079452547906
4,224,223,12,12,1.1596750467077808
4,225,226,12,12,2.074916191924638
4,226,225,12,12,2.074916191924638
4,227,238,12,12,0.3635678158285174
4,228,235,12,12,2.5212831165519285
4,229,232,12,12,0.8300322113550695
4,230,237,12,12,1.424699311660678
4,231,232,12,12,0.7738565523786152
4,232,231,12,12,0.7738565523786152
4,233,238,12,12,0.9972847297887029
4,234,249,12,13,2.3063903570506143
4,235,224,12,12,2.0876036698490523
4,236,220,12,12,0.4738933622421566
4,237,220,12,12,0.5230673284989447
4,238,227,12,12,0.3635678158285174
4,239,220,12,12,0.579995519323516
4,240,259,13,13,0.4936768038079986
4,241,256,13,13,0.69186275099403
4,242,243,13,13,0.9992363197336598
4,243,249,13,13,0.8721684883672038
4,244,249,13,13,1.0877917947566553
4,245,251,13,13,2.1567892483521653
4,246,224,13,12,1.907279411148707
4,247,257,13,13,0.4039950041220344
4,248,244,13,13,1.3249605708753673
4,249,243,13,13,0.8721684883672038
4,250,244,13,13,1.345575600064894
4,251,252,13,13,0.87741326806335
4,252,256,13,13,0.8013780535308044
4,253,247,13,13,0.4851891256364187
4,254,248,13,13,3.8638326562459673
4,255,244,13,13,1.1057696896962836
4,256,258,13,13,0.17404068457260458
4,257,258,13,13,0.25157996163129326
4,258,256,13,13,0.17404068457260458
4,259,258,13,13,0.47569729845251807
4,260,277,14,14,0.24812342183628466
4,261,276,14,14,1.1468357698052625
4,262,263,14,14,0.7980356318347539
4,263,262,14,14,0.7980356318347539
4,264,269,14,14,1.3027348003358163
4,265,267,14,14,2.577206987823317
4,266,272,14,14,4.606124858460729
4,267,277,14,14,0.3448700190420215
4,268,272,14,14,1.623034431794145
4,269,263,14,14,0.865943244664555
4,270,278,14,14,1.0251436173662913
4,271,276,14,14,0.5664913244710696
4,272,276,14,14,1.1610537411573265
4,273,267,14,14,0.6254436232332612
4,274,206,14,11,2.432035538633368
4,275,269,14,14,1.3329527284435407
4,276,271,14,14,0.5664913244710696
4,277,260,14,14,0.24812342183628466
4,278,267,14,14,0.5145088194241847
4,279,260,14,14,0.48614738189400697
4,280,299,15,15,0.5438311959939686
4,281,293,15,15,0.9311416945452891
4,282,283,15,15,1.231744830493474
4,283,289,15,15,0.9461689630783532
4,284,289,15,15,1.496841004113536
4,285,295,15,15,0.10788774553681968
4,286,295,15,15,2.2292608799658424
4,287,297,15,15,0.3017237238092694
4,288,292,15,15,1.8398398438064554
4,289,283,15,15,0.9461689630783532
4,290,297,15,15,0.9618265923362657
4,291,293,15,15,1.3689676935354722
4,292,289,15,15,1.0424858943184931
4,293,281,15,15,0.9311416945452891
4,294,228,15,12,2.532246725636397
4,295,285,15,15,0.10788774553681968
4,296,298,15,15,0.2627402171380613
4,297,287,15,15,0.3017237238092694
4,298,296,15,15,0.2627402171380613
4,299,280,15,15,0.5438311959939686
5,0,13,1,1,0.004960102862568538
5,1,9,1,1,0.009307213452113494
5,2,192,1,10,0.009286685064615163
5,3,9,1,1,0.004962845393428061
5,4,12,1,1,0.01714607911286503
5,5,114,1,6,0.06252612619863296
5,6,186,1,10,0.08730653224902585
5,7,16,1,1,0.0005690046053989928
5,8,15,1,1,0.018630292603555754
5,9,3,1,1,0.004962845393428061
5,10,12,1,1,0.008436714200520168
5,11,12,1,1,0.012546318578787963
5,12,18,1,1,0.00420293026840679
5,13,0,1,1,0.004960102862568538
5,14,85,1,5,0.04490670755281778
5,15,8,1,1,0.018630292603555754
5,16,7,1,1,0.0005690046053989928
5,17,7,1,1,0.002856403545420383
5,18,16,1,1,0.0032199157691719105
5,19,18,1,1,0.003384018277083234
5,20,36,2,2,0.002333910806256778
5,21,29,2,2,0.012822265221892781
5,22,23,2,2,0.023554480505557418
5,23,29,2,2,0.009521399879231174
5,24,28,2,2,0.015348508138726569
5,25,134,2,7,0.092094955220833
5,26,122,2,7,0.12387424125493318
5,27,37,2,2,0.002190618596165539
5,28,24,2,2,0.015348508138726569
5,29,27,2,2,0.007005185077244125
5,30,32,2,2,0.009255279057738264
5,31,39,2,2,0.01654688676502003
5,32,29,2,2,0.007700932797573223
5,33,20,2,2,0.00927999859917028
5,34,35,2,2,0.10346339208982913
5,35,28,2,2,0.015648623849065846
5,36,20,2,2,0.002333910806256778
5,37,27,2,2,0.002190618596165539
5,38,20,2,2,0.003247340454505032
5,39,20,2,2,0.007651897103042149
5,40,58,3,3,0.0012445369862388311
5,41,52,3,3,0.01055598689051207
5,42,43,3,3,0.01406514576729756
5,43,49,3,3,0.011793801181293473
5,44,50,3,3,0.018242439685242307
5,45,154,3,8,0.08470952530934772
5,46,146,3,8,0.12044960513550218
5,47,53,3,3,0.002976392314510079
5,48,55,3,3,0.009876832094347865
5,49,57,3,3,0.011129336059656936
5,50,52,3,3,0.01776450205897051
5,51,52,3,3,0.020557634612450526
5,52,59,3,3,0.004310277857657807
5,53,47,3,3,0.002976392314510079
5,54,55,3,3,0.054360560178727146
5,55,48,3,3,0.009876832094347865
5,56,47,3,3,0.003265277456869553
5,57,59,3,3,0.0035852720852311837
5,58,40,3,3,0.0012445369862388311
5,59,57,3,3,0.0035852720852311837
5,60,78,4,4,0.0038465502200859536
5,61,72,4,4,0.0069622363098622575
5,62,63,4,4,0.011859085687836002
5,63,69,4,4,0.004539836369907846
5,64,68,4,4,0.013756901600632254
5,65,174,4,9,0.08270920383751346
5,66,73,4,4,0.18123719278613626
5,67,76,4,4,0.0030035654734041906
5,68,75,4,4,0.01223302581995811
5,69,72,4,4,0.002355899242207471
5,70,72,4,4,0.00970199252794135
5,71,61,4,4,0.010339502802348743
5,72,69,4,4,0.002355899242207471
5,73,78,4,4,0.004650731385453133
5,74,105,4,6,0.05889688454719666
5,75,68,4,4,0.01223302581995811
5,76,67,4,4,0.0030035654734041906
5,77,79,4,4,0.004572300995517864
5,78,67,4,4,0.003400074771617634
5,79,77,4,4,0.004572300995517864
5,80,98,5,5,0.0016958412532728229
5,81,92,5,5,0.01163459513614229
5,82,83,5,5,0.010975504952065451
5,83,89,5,5,0.009892512861082725
5,84,88,5,5,0.02158871437108001
5,85,14,5,1,0.04490670755281778
5,86,126,5,7,0.05399311507880089
5,87,96,5,5,0.0009720343339492121
5,88,95,5,5,0.015310618474277948
5,89,92,5,5,0.008213001218320137
5,90,92,5,5,0.008345351636142473
5,91,99,5,5,0.019117232646177706
5,92,89,5,5,0.008213001218320137
5,93,87,5,5,0.007270624163311146
5,94,135,5,7,0.04751243113573489
5,95,88,5,5,0.015310618474277948
5,96,87,5,5,0.0009720343339492121
5,97,87,5,5,0.001906545010425198
5,98,80,5,5,0.0016958412532728229
5,99,96,5,5,0.004966755452329608
5,100,118,6,6,0.0017069677093597413
5,101,109,6,6,0.006025087724615075
5,102,103,6,6,0.009003803693079293
5,103,109,6,6,0.004900913014828978
5,104,110,6,6,0.018880923176081588
5,105,74,6,4,0.05889688454719666
5,106,113,6,6,0.20445054638152715
5,107,113,6,6,0.001885876126026309
5,108,115,6,6,0.011064001316162031
5,109,103,6,6,0.004900913014828978
5,110,112,6,6,0.008479295529699726
5,111,119,6,6,0.01788329617945461
5,112,116,6,6,0.002454803555864915
5,113,107,6,6,0.001885876126026309
5,114,4,6,1,0.04444226933547113
5,115,108,6,6,0.011064001316162031
5,116,112,6,6,0.002454803555864915
5,117,100,6,6,0.004361880831508458
5,118,100,6,6,0.0017069677093597413
5,119,112,6,6,0.0037292047382042615
5,120,136,7,7,0.00251748433101473
5,121,129,7,7,0.01094557879925917
5,122,123,7,7,0.01908077948523834
5,123,129,7,7,0.008865863992235656
5,124,95,7,5,0.02220476722469744
5,125,85,7,5,0.07183669820685967
5,126,86,7,5,0.05399311507880089
5,127,138,7,7,0.0031219385960448154
5,128,135,7,7,0.0219921925089408
5,129,127,7,7,0.005993861790439814
5,130,132,7,7,0.008774931980017442
5,131,132,7,7,0.016592944939542997
5,132,127,7,7,0.0055502974469161526
5,133,136,7,7,0.007872605356020301
5,134,24,7,2,0.033295541312450716
5,135,128,7,7,0.0219921925089408
5,136,138,7,7,0.0011997892550097422
5,137,127,7,7,0.004495574802686919
5,138,136,7,7,0.0011997892550097422
5,139,138,7,7,0.005219197979563939
5,140,158,8,8,0.001013506183983548
5,141,152,8,8,0.007081474916192265
5,142,143,8,8,0.01733465803923573
5,143,149,8,8,0.010632160565880122
5,144,150,8,8,0.020090822434668754
5,145,144,8,8,0.10405888381936612
5,146,46,8,3,0.12044960513550218
5,147,156,8,8,0.0023918061014243097
5,148,155,8,8,0.007453433099578577
5,149,157,8,8,0.008255592016364499
5,150,152,8,8,0.01385000899348432
5,151,141,8,8,0.02261393809763601
5,152,141,8,8,0.007081474916192265
5,153,147,8,8,0.0026236168765545465
5,154,51,8,3,0.04565815969219478
5,155,148,8,8,0.007453433099578577
5,156,147,8,8,0.0023918061014243097
5,157,156,8,8,0.0035314138297464215
5,158,140,8,8,0.001013506183983548
5,159,157,8,8,0.003688640330492765
5,160,178,9,9,0.0018881937102142032
5,161,176,9,9,0.0078841563261014
5,162,169,9,9,0.008374257184019962
5,163,162,9,9,0.008426981469651817
5,164,170,9,9,0.015228901729095412
5,165,168,9,9,0.1135366042578001
5,166,173,9,9,0.18131129730336926
5,167,178,9,9,0.00199347669792882
5,168,175,9,9,0.011866103003236095
5,169,172,9,9,0.0058572109313415055
5,170,172,9,9,0.007397672160862401
5,171,164,9,9,0.01580236768683152
5,172,176,9,9,0.002674988517439969
5,173,178,9,9,0.0049736165884355366
5,174,79,9,4,0.06233687696476875
5,175,168,9,9,0.011866103003236095
5,176,172,9,9,0.002674988517439969
5,177,167,9,9,0.0033523989986352642
5,178,160,9,9,0.0018881937102142032
5,179,176,9,9,0.003918832509013592
5,180,198,10,10,0.0009719642988157418
5,181,189,10,10,0.009156406739545986
5,182,183,10,10,0.0072764059152068405
5,183,189,10,10,0.006773587913005752
5,184,2,10,1,0.01509868111650925
5,185,114,10,6,0.05549436803484631
5,186,6,10,1,0.08730653224902585
5,187,196,10,10,0.001543877085319334
5,188,195,10,10,0.009310327649440175
5,189,192,10,10,0.005235858449614383
5,190,192,10,10,0.008178815281965957
5,191,192,10,10,0.02211454007958502
5,192,189,10,10,0.005235858449614383
5,193,180,10,10,0.0056811112855850165
5,194,84,10,5,0.045414618653302874
5,195,188,10,10,0.009310327649440175
5,196,187,10,10,0.001543877085319334
5,197,196,10,10,0.0031269929420389975
5,198,180,10,10,0.0009719642988157418
5,199,198,10,10,0.001349485642122561
5,200,217,11,11,0.007603369567634299
5,201,207,11,11,0.042589695155451635
5,202,203,11,11,0.047589427935387896
5,203,209,11,11,0.015550885201832454
5,204,209,11,11,0.018997235966140558
5,205,200,11,11,0.010595609446336196
5,206,201,11,11,0.17335551490681267
5,207,217,11,11,0.004825281785091784
5,208,216,11,11,0.03052707836485613
5,209,203,11,11,0.015550885201832454
5,210,216,11,11,0.008084227376014441
5,211,207,11,11,0.005338735341196665
5,212,216,11,11,0.021552360873673404
5,213,207,11,11,0.008169358256710835
5,214,285,11,15,0.059277463873137926
5,215,204,11,11,0.029842218991677605
5,216,218,11,11,0.005676221743396326
5,217,207,11,11,0.004825281785091784
5,218,216,11,11,0.005676221743396326
5,219,217,11,11,0.010630345613608982
5,220,236,12,12,0.0041703895985973904
5,221,236,12,12,0.04494806542187613
5,222,223,12,12,0.030186448950852096
5,223,229,12,12,0.011165217697816976
5,224,229,12,12,0.00687918977570523
5,225,239,12,12,0.0072863782026117985
5,226,247,12,13,0.03254480806970084
5,227,237,12,12,0.003387447189845183
5,228,235,12,12,0.013169907138598669
5,229,224,12,12,0.00687918977570523
5,230,238,12,12,0.00972736291579257
5,231,227,12,12,0.005665828999597444
5,232,238,12,12,0.012010580940573279
5,233,227,12,12,0.005450817076487979
5,234,223,12,12,0.14829351208031705
5,235,228,12,12,0.013169907138598669
5,236,220,12,12,0.0041703895985973904
5,237,227,12,12,0.003387447189845183
5,238,231,12,12,0.008201747421789252
5,239,225,12,12,0.0072863782026117985
5,240,247,13,13,0.006482553967336324
5,241,226,13,12,0.0384070633439928
5,242,252,13,13,0.041250633681930604
5,243,249,13,13,0.010059012993863803
5,244,252,13,13,0.015947144773416966
5,245,259,13,13,0.021519749116032605
5,246,241,13,13,0.15046669340662855
5,247,257,13,13,0.005692853465866232
5,248,258,13,13,0.023454337589961405
5,249,243,13,13,0.010059012993863803
5,250,256,13,13,0.006875399292821438
5,251,257,13,13,0.005010147848189428
5,252,256,13,13,0.015883937956604033
5,253,251,13,13,0.012346890432237467
5,254,249,13,13,0.07108804952769399
5,255,244,13,13,0.021766372403116074
5,256,258,13,13,0.002746805337098257
5,257,251,13,13,0.005010147848189428
5,258,256,13,13,0.002746805337098257
5,259,257,13,13,0.009870339929596295
5,260,277,14,14,0.004383400004511762
5,261,273,14,14,0.026413397448223686
5,262,269,14,14,0.04856894490280639
5,263,269,14,14,0.027018817675145357
5,264,272,14,14,0.02175415097302502
5,265,260,14,14,0.006456605174792074
5,266,261,14,14,0.21056817795988625
5,267,277,14,14,0.0036591340948439743
5,268,278,14,14,0.024795779712825317
5,269,264,14,14,0.02282344542702952
5,270,278,14,14,0.006695021647596944
5,271,267,14,14,0.008685545932336725
5,272,276,14,14,0.014065778997447653
5,273,267,14,14,0.010428686493701989
5,274,205,14,11,0.07850185911307905
5,275,269,14,14,0.031511651754150716
5,276,272,14,14,0.014065778997447653
5,277,267,14,14,0.0036591340948439743
5,278,270,14,14,0.006695021647596944
5,279,265,14,14,0.008575571177362962
5,280,297,15,15,0.011188364139315121
5,281,293,15,15,0.04326218678232596
5,282,283,15,15,0.03838602337122876
5,283,289,15,15,0.012947497186013068
5,284,289,15,15,0.017222489490119175
5,285,295,15,15,0.0015123882346637085
5,286,281,15,15,0.18334571538263345
5,287,297,15,15,0.004187377177697682
5,288,298,15,15,0.024558839669575283
5,289,283,15,15,0.012947497186013068
5,290,298,15,15,0.006619857460917311
5,291,297,15,15,0.006792882580480386
5,292,284,15,15,0.021655106347958197
5,293,287,15,15,0.009736210210193663
5,294,283,15,15,0.16650592086169635
5,295,285,15,15,0.0015123882346637085
5,296,298,15,15,0.0033594569306316657
5,297,287,15,15,0.004187377177697682
5,298,296,15,15,0.0033594569306316657
5,299,297,15,15,0.009129031270185273
6,0,19,1,1,3.980801654743238e-6
6,1,18,1,1,4.784794845780205e-6
6,2,3,1,1,5.470454914835443e-6
6,3,2,1,1,5.470454914835443e-6
6,4,12,1,1,5.240081534824137e-6
6,5,114,1,6,3.3603808767102006e-5
6,6,180,1,10,2.2335880712417988e-5
6,7,13,1,1,1.8780549868452345e-6
6,8,19,1,1,1.0176895921712448e-5
6,9,188,1,10,1.640665810487274e-5
6,10,17,1,1,4.941951867176719e-6
6,11,19,1,1,1.5102898901497852e-6
6,12,18,1,1,1.853520545935794e-6
6,13,7,1,1,1.8780549868452345e-6
6,14,9,1,1,5.2965396034485024e-5
6,15,4,1,1,1.0657912009118253e-5
6,16,18,1,1,4.6892676110882325e-6
6,17,7,1,1,2.604272345482772e-6
6,18,12,1,1,1.853520545935794e-6
6,19,11,1,1,1.5102898901497852e-6
6,20,36,2,2,2.096366508483327e-6
6,21,38,2,2,5.6292983945521735e-6
6,22,23,2,2,1.3202478384072291e-5
6,23,22,2,2,1.3202478384072291e-5
6,24,35,2,2,6.177293202375145e-6
6,25,135,2,7,1.071999227218734e-5
6,26,23,2,2,2.2686756350850934e-5
6,27,32,2,2,1.531941948462734e-6
6,28,39,2,2,5.229164806247466e-6
6,29,33,2,2,1.2872387540413532e-5
6,30,37,2,2,4.53216123763589e-6
6,31,39,2,2,2.1665469524811964e-6
6,32,38,2,2,8.599829616345867e-7
6,33,27,2,2,4.160209324782782e-6
6,34,29,2,2,2.2599422844465922e-5
6,35,24,2,2,6.177293202375145e-6
6,36,20,2,2,2.096366508483327e-6
6,37,27,2,2,1.8710793749099341e-6
6,38,32,2,2,8.599829616345867e-7
6,39,31,2,2,2.1665469524811964e-6
6,40,58,3,3,1.5447083406838757e-6
6,41,58,3,3,1.0732734636961783e-5
6,42,43,3,3,6.906938451872735e-6
6,43,42,3,3,6.906938451872735e-6
6,44,59,3,3,5.488198009648282e-6
6,45,155,3,8,2.5143975712918487e-5
6,46,42,3,3,4.529018820441377e-5
6,47,58,3,3,1.4027698758689588e-6
6,48,51,3,3,1.1615648647517185e-5
6,49,42,3,3,1.5602522460467227e-5
6,50,57,3,3,6.49134806877949e-6
6,51,40,3,3,7.927763619491879e-6
6,52,56,3,3,1.405218830408117e-6
6,53,56,3,3,4.3565533319883665e-6
6,54,49,3,3,4.3587708969047845e-5
6,55,44,3,3,9.134174810729312e-6
6,56,52,3,3,1.405218830408117e-6
6,57,47,3,3,2.0623133135250216e-6
6,58,47,3,3,1.4027698758689588e-6
6,59,58,3,3,2.5040588998020974e-6
6,60,77,4,4,3.7789471599436464e-6
6,61,78,4,4,3.107516647893327e-6
6,62,63,4,4,5.012599014461716e-6
6,63,62,4,4,5.012599014461716e-6
6,64,75,4,4,9.399219198361064e-6
6,65,174,4,9,3.147289548249832e-5
6,66,73,4,4,8.156708577643224e-5
6,67,78,4,4,1.0498577184825386e-6
6,68,64,4,4,9.743247632643115e-6
6,69,76,4,4,8.313682235888686e-6
6,70,77,4,4,8.785706916342173e-6
6,71,79,4,4,2.4992804882745245e-6
6,72,76,4,4,1.4694691712752173e-6
6,73,61,4,4,4.412556196889406e-6
6,74,105,4,6,5.956451663098605e-5
6,75,64,4,4,9.399219198361064e-6
6,76,72,4,4,1.4694691712752173e-6
6,77,60,4,4,3.7789471599436464e-6
6,78,67,4,4,1.0498577184825386e-6
6,79,71,4,4,2.4992804882745245e-6
6,80,99,5,5,3.3458897394506026e-6
6,81,98,5,5,7.789746880079718e-6
6,82,83,5,5,4.623456828375949e-6
6,83,82,5,5,4.623456828375949e-6
6,84,95,5,5,7.883881434925244e-6
6,85,195,5,10,3.843342435026764e-5
6,86,82,5,5,4.5220067283732734e-5
6,87,97,5,5,6.983126841914045e-7
6,88,91,5,5,1.1030834512953946e-5
6,89,82,5,5,1.4255195847523439e-5
6,90,97,5,5,5.578940878644967e-6
6,91,99,5,5,2.3768954328234893e-6
6,92,96,5,5,1.0966835907177952e-6
6,93,96,5,5,5.516154563206532e-6
6,94,128,5,7,2.32306033401547e-5
6,95,84,5,5,7.883881434925244e-6
6,96,92,5,5,1.0966835907177952e-6
6,97,87,5,5,6.983126841914045e-7
6,98,87,5,5,1.501084247401696e-6
6,99,91,5,5,2.3768954328234893e-6
6,100,107,6,6,4.121525959244199e-6
6,101,118,6,6,3.178401488432292e-6
6,102,103,6,6,9.097488340353843e-6
6,103,102,6,6,9.097488340353843e-6
6,104,112,6,6,1.0493394834068526e-5
6,105,63,6,4,7.938312708621886e-6
6,106,102,6,6,7.691617423145891e-5
6,107,118,6,6,2.0821012755301016e-6
6,108,104,6,6,1.1277762020783788e-5
6,109,116,6,6,1.0308513757315008e-5
6,110,117,6,6,1.0081092826005889e-5
6,111,119,6,6,2.906022361234828e-6
6,112,116,6,6,3.1992355396109895e-6
6,113,107,6,6,4.567466909022322e-6
6,114,8,6,1,2.7604676443193643e-5
6,115,104,6,6,1.1724560491324643e-5
6,116,112,6,6,3.1992355396109895e-6
6,117,107,6,6,2.85109471125089e-6
6,118,107,6,6,2.0821012755301016e-6
6,119,111,6,6,2.906022361234828e-6
6,120,139,7,7,3.793675736982194e-6
6,121,138,7,7,5.580106067035184e-6
6,122,123,7,7,1.3917748056133106e-5
6,123,122,7,7,1.3917748056133106e-5
6,124,132,7,7,4.811064266016518e-6
6,125,95,7,5,2.020743063452235e-5
6,126,123,7,7,3.7066329252780084e-5
6,127,137,7,7,2.6467220934772717e-6
6,128,139,7,7,8.671436229221174e-6
6,129,123,7,7,1.4551829400924476e-5
6,130,137,7,7,6.094935337874752e-6
6,131,139,7,7,3.0084165441729427e-6
6,132,136,7,7,1.581870315431333e-6
6,133,127,7,7,4.675138619208985e-6
6,134,28,7,2,1.4721208623044713e-5
6,135,124,7,7,6.48671100132725e-6
6,136,138,7,7,5.35379552205062e-7
6,137,136,7,7,2.5764487920770796e-6
6,138,136,7,7,5.35379552205062e-7
6,139,131,7,7,3.0084165441729427e-6
6,140,158,8,8,1.4016336321726053e-6
6,141,158,8,8,9.636528381276599e-6
6,142,143,8,8,1.0727522670408995e-5
6,143,47,8,3,8.719867136144921e-6
6,144,159,8,8,7.127408427065607e-6
6,145,148,8,8,4.842250543382609e-5
6,146,142,8,8,6.319287115089112e-5
6,147,158,8,8,1.589138125882017e-6
6,148,144,8,8,1.1408144348135085e-5
6,149,156,8,8,1.3339105056367484e-5
6,150,157,8,8,6.446432420675885e-6
6,151,159,8,8,8.867631320005898e-6
6,152,156,8,8,1.7881966450361553e-6
6,153,156,8,8,6.6032786588260395e-6
6,154,48,8,3,1.910192114128184e-5
6,155,144,8,8,1.0365563655287402e-5
6,156,152,8,8,1.7881966450361553e-6
6,157,147,8,8,2.1692821017965658e-6
6,158,140,8,8,1.4016336321726053e-6
6,159,158,8,8,3.0951124723038737e-6
6,160,167,9,9,3.854612092485388e-6
6,161,173,9,9,4.321686613392717e-6
6,162,163,9,9,9.556517439016088e-6
6,163,162,9,9,9.556517439016088e-6
6,164,172,9,9,7.654391615208311e-6
6,165,168,9,9,4.9686817607780265e-5
6,166,173,9,9,8.839289637796455e-5
6,167,178,9,9,1.3075760894459831e-6
6,168,164,9,9,9.966247427953268e-6
6,169,176,9,9,7.67228067817538e-6
6,170,177,9,9,8.048152162126732e-6
6,171,179,9,9,1.3203300637115722e-6
6,172,176,9,9,2.450835214759528e-6
6,173,161,9,9,4.321686613392717e-6
6,174,65,9,4,3.147289548249832e-5
6,175,164,9,9,1.15129745990733e-5
6,176,172,9,9,2.450835214759528e-6
6,177,167,9,9,1.4928359884092135e-6
6,178,167,9,9,1.3075760894459831e-6
6,179,171,9,9,1.3203300637115722e-6
6,180,199,10,10,3.3929968918378073e-6
6,181,193,10,10,7.183438435809375e-6
6,182,183,10,10,8.365007758456833e-6
6,183,182,10,10,8.365007758456833e-6
6,184,2,10,1,7.972683167656314e-6
6,185,17,10,1,1.0563053938192346e-5
6,186,182,10,10,7.149791373300962e-5
6,187,198,10,10,3.607470307989691e-6
6,188,184,10,10,1.2765823217228411e-5
6,189,196,10,10,1.4173773126888167e-5
6,190,197,10,10,7.78893371210232e-6
6,191,199,10,10,3.1152711205961747e-6
6,192,196,10,10,8.607395987764166e-7
6,193,187,10,10,3.73714994553187e-6
6,194,88,10,5,1.9518426217293716e-5
6,195,3,10,1,7.588930425267426e-6
6,196,192,10,10,8.607395987764166e-7
6,197,198,10,10,3.3353788315149124e-6
6,198,197,10,10,3.3353788315149124e-6
6,199,191,10,10,3.1152711205961747e-6
6,200,219,11,11,1.570600348976825e-5
6,201,205,11,11,5.906298717783809e-5
6,202,204,11,11,4.024838045500745e-5
6,203,204,11,11,1.1996572662723026e-5
6,204,203,11,11,1.1996572662723026e-5
6,205,211,11,11,1.7438759440699392e-5
6,206,214,11,11,0.00029623073420716184
6,207,216,11,11,4.870164162812385e-6
6,208,215,11,11,1.240031552761367e-5
6,209,215,11,11,1.529765073153555e-5
6,210,216,11,11,1.2065086120810475e-5
6,211,205,11,11,1.7438759440699392e-5
6,212,209,11,11,1.5783836111657457e-5
6,213,216,11,11,3.0403244590804235e-6
6,214,202,11,11,0.0001687547397703354
6,215,208,11,11,1.240031552761367e-5
6,216,213,11,11,3.0403244590804235e-6
6,217,219,11,11,4.8732197455853e-6
6,218,216,11,11,4.480821805541435e-6
6,219,217,11,11,4.8732197455853e-6
6,220,239,12,12,5.036773427599672e-6
6,221,233,12,12,3.1487655779649515e-5
6,222,224,12,12,2.4905318779688823e-5
6,223,230,12,12,1.2195080014709703e-6
6,224,232,12,12,1.9537870807245783e-5
6,225,231,12,12,3.3155374465493326e-6
6,226,244,12,13,3.8476707671000754e-5
6,227,238,12,12,4.316084715405566e-6
6,228,233,12,12,2.740554160080011e-6
6,229,233,12,12,2.8057330037772887e-6
6,230,223,12,12,1.2195080014709703e-6
6,231,225,12,12,3.3155374465493326e-6
6,232,231,12,12,1.7548524514618413e-5
6,233,228,12,12,2.740554160080011e-6
6,234,249,12,13,3.0561166663584105e-5
6,235,229,12,12,6.4730096047405095e-6
6,236,237,12,12,2.737936825078502e-6
6,237,236,12,12,2.737936825078502e-6
6,238,227,12,12,4.316084715405566e-6
6,239,236,12,12,3.746913700294896e-6
6,240,257,13,13,1.2947429040954805e-5
6,241,226,13,12,5.860054716130825e-5
6,242,254,13,13,2.2314422552016655e-5
6,243,252,13,13,5.297434570561421e-6
6,244,252,13,13,2.1045931043323085e-6
6,245,251,13,13,7.895582214173524e-6
6,246,242,13,13,0.00013410276063038906
6,247,259,13,13,7.612719416932867e-6
6,248,249,13,13,1.3318619464866566e-5
6,249,243,13,13,8.960235667876404e-6
6,250,255,13,13,6.4527471459185914e-6
6,251,255,13,13,6.15137338193239e-6
6,252,244,13,13,2.1045931043323085e-6
6,253,258,13,13,5.560375867227907e-6
6,254,242,13,13,2.2314422552016655e-5
6,255,251,13,13,6.15137338193239e-6
6,256,258,13,13,3.881707770769793e-6
6,257,259,13,13,3.4219430395526773e-6
6,258,256,13,13,3.881707770769793e-6
6,259,257,13,13,3.4219430395526773e-6
6,260,279,14,14,1.2579910651969173e-5
6,261,271,14,14,4.365285562007992e-5
6,262,264,14,14,4.21471383861699e-5
6,263,264,14,14,1.6956062853415443e-5
6,264,272,14,14,1.5964970590337524e-5
6,265,271,14,14,3.0964023792157125e-5
6,266,262,14,14,0.0005398255860964152
6,267,278,14,14,7.542763939341612e-6
6,268,273,14,14,3.168152370641719e-6
6,269,275,14,14,5.654476111255358e-6
6,270,276,14,14,1.1835151951522516e-5
6,271,265,14,14,3.0964023792157125e-5
6,272,269,14,14,1.239779053494039e-5
6,273,268,14,14,3.168152370641719e-6
6,274,200,14,11,9.359493093026583e-5
6,275,269,14,14,5.654476111255358e-6
6,276,268,14,14,3.969911015297423e-6
6,277,279,14,14,3.530029724974071e-6
6,278,267,14,14,7.542763939341612e-6
6,279,277,14,14,3.530029724974071e-6
6,280,299,15,15,1.0835383808874277e-5
6,281,293,15,15,6.623861250998342e-5
6,282,284,15,15,4.7423135257171345e-5
6,283,292,15,15,9.107701056151885e-6
6,284,292,15,15,1.1698387622646744e-5
6,285,295,15,15,5.284078048506391e-6
6,286,282,15,15,0.0002495478041019822
6,287,296,15,15,2.41132332319538e-6
6,288,293,15,15,8.841105664597615e-6
6,289,288,15,15,1.2877885105705422e-5
6,290,291,15,15,1.0685104507399124e-5
6,291,285,15,15,5.844084775025182e-6
6,292,283,15,15,9.107701056151885e-6
6,293,288,15,15,8.841105664597615e-6
6,294,282,15,15,8.579740227196431e-5
6,295,285,15,15,5.284078048506391e-6
6,296,287,15,15,2.41132332319538e-6
6,297,299,15,15,4.332979219034971e-6
6,298,296,15,15,3.8003204328451723e-6
6,299,297,15,15,4.332979219034971e-6
7,0,5,1,1,0.0009341675358556234
7,1,114,1,6,0.0017002175755265192
7,2,9,1,1,0.004575220135606184
7,3,9,1,1,0.00573190684139413
7,4,16,1,1,0.0001703074525323256
7,5,19,1,1,0.0007669877237945766
7,6,180,1,10,0.0018669334845521357
7,7,13,1,1,0.00017317041457398652
7,8,18,1,1,0.0008442684995744187
7,9,15,1,1,0.0015701804303958067
7,10,18,1,1,0.0005661814979833757
7,11,7,1,1,0.0001877996268726534
7,12,16,1,1,0.00039331397690034464
7,13,7,1,1,0.00017317041457398652
7,14,3,1,1,0.006372260379407635
7,15,4,1,1,0.001543559927727145
7,16,4,1,1,0.0001703074525323256
7,17,7,1,1,0.00026136384080199804
7,18,11,1,1,0.0005453861077189259
7,19,17,1,1,0.00045120304456691684
7,20,39,2,2,0.000296869501875463
7,21,27,2,2,0.0009004590302719162
7,22,34,2,2,0.0010483289635676574
7,23,29,2,2,0.0006112156774924493
7,24,32,2,2,0.00043665461066955125
7,25,39,2,2,0.0002969321986172613
7,26,22,2,2,0.0011873161124489329
7,27,37,2,2,4.644298469735908e-5
7,28,31,2,2,0.00018515432362598006
7,29,23,2,2,0.0006112156774924493
7,30,38,2,2,0.0004971323362883417
7,31,36,2,2,0.00010446204228564682
7,32,35,2,2,0.0002695030455455161
7,33,38,2,2,0.00030749817458897155
7,34,22,2,2,0.0010483289635676574
7,35,32,2,2,0.0002695030455455161
7,36,27,2,2,7.506326649697748e-5
7,37,27,2,2,4.644298469735908e-5
7,38,28,2,2,0.0002515970026855108
7,39,20,2,2,0.000296869501875463
7,40,47,3,3,0.000628216030230222
7,41,149,3,8,0.0014025236718289147
7,42,43,3,3,0.0036020528297822096
7,43,54,3,3,0.001325022493538608
7,44,56,3,3,0.00018942503471808259
7,45,40,3,3,0.0015410310589465404
7,46,42,3,3,0.00797236287816272
7,47,57,3,3,0.00022690268919189904
7,48,59,3,3,0.00015982924285928846
7,49,43,3,3,0.0017574815879632943
7,50,58,3,3,0.0006934519650039217
7,51,58,3,3,0.0001066757425585152
7,52,56,3,3,0.00021346884236561614
7,53,154,3,8,0.0003039662548318667
7,54,43,3,3,0.001325022493538608
7,55,44,3,3,0.0006769993256408036
7,56,44,3,3,0.00018942503471808259
7,57,47,3,3,0.00022690268919189904
7,58,51,3,3,0.0001066757425585152
7,59,48,3,3,0.00015982924285928846
7,60,65,4,4,0.0015564973012236472
7,61,174,4,9,0.00021924775377657468
7,62,72,4,4,0.0036911286997611814
7,63,69,4,4,0.003843043264523116
7,64,72,4,4,0.0005138286674946091
7,65,77,4,4,0.0004711142238938981
7,66,100,4,6,0.008824058523714484
7,67,77,4,4,0.00017453702965386508
7,68,64,4,4,0.0017765443513722001
7,69,76,4,4,0.0008927509183205284
7,70,78,4,4,0.0006084431619550745
7,71,67,4,4,0.0003616385640766717
7,72,64,4,4,0.0005138286674946091
7,73,67,4,4,0.00047764122199178694
7,74,63,4,4,0.016706595921167633
7,75,69,4,4,0.001338142350652216
7,76,69,4,4,0.0008927509183205284
7,77,67,4,4,0.00017453702965386508
7,78,71,4,4,0.00046658413185429737
7,79,77,4,4,0.0005173984736626114
7,80,85,5,5,0.0013347950615059112
7,81,183,5,10,0.0015821939623339443
7,82,89,5,5,0.0037889359439107206
7,83,89,5,5,0.0030393816102964877
7,84,92,5,5,0.0003531708492021668
7,85,99,5,5,0.0012854546857832272
7,86,82,5,5,0.010113252613971335
7,87,97,5,5,0.00010472701349684144
7,88,98,5,5,0.0008675909152926486
7,89,84,5,5,0.0021813471189093825
7,90,98,5,5,0.0004807385117167051
7,91,97,5,5,0.0002488328070702206
7,92,96,5,5,0.0003123049658775301
7,93,194,5,10,0.00019194325267002377
7,94,125,5,7,0.0033828988895869827
7,95,84,5,5,0.0008069557931102977
7,96,92,5,5,0.0003123049658775301
7,97,87,5,5,0.00010472701349684144
7,98,91,5,5,0.00031077380435462487
7,99,97,5,5,0.0004515152611770379
7,100,105,6,6,0.0016146576713685912
7,101,100,6,6,0.003397170440900932
7,102,112,6,6,0.00460101424435333
7,103,109,6,6,0.003196088184733714
7,104,116,6,6,0.0004956091318167877
7,105,119,6,6,0.00042181240305827483
7,106,101,6,6,0.011111073557863671
7,107,113,6,6,0.00020473407735521754
7,108,112,6,6,0.001121813564005425
7,109,116,6,6,0.0011613422457721345
7,110,118,6,6,0.0008135704956757639
7,111,107,6,6,0.00024684730261570476
7,112,104,6,6,0.0005043163454482302
7,113,107,6,6,0.00020473407735521754
7,114,13,6,1,0.0005833850037930688
7,115,109,6,6,0.0014575480967147225
7,116,104,6,6,0.0004956091318167877
7,117,107,6,6,0.0002860918614721042
7,118,107,6,6,0.000421988991415545
7,119,105,6,6,0.00042181240305827483
7,120,139,7,7,0.00048551576478517156
7,121,133,7,7,0.0019000668213837724
7,122,123,7,7,0.002092317360094631
7,123,129,7,7,0.0009710135648945961
7,124,129,7,7,0.0003554268259993165
7,125,139,7,7,0.00030320375835946045
7,126,155,7,8,0.0024473176384782747
7,127,136,7,7,6.139692951045994e-5
7,128,136,7,7,0.00033793510502166946
7,129,124,7,7,0.0003554268259993165
7,130,138,7,7,0.0005473565178637507
7,131,136,7,7,0.00014309954225288912
7,132,138,7,7,0.00044162448147266886
7,133,132,7,7,0.0006005559338639888
7,134,36,7,2,0.0005264225933339084
7,135,132,7,7,0.0005717090979386885
7,136,127,7,7,6.139692951045994e-5
7,137,127,7,7,0.00012823766269720593
7,138,136,7,7,0.00016774592795565368
7,139,125,7,7,0.00030320375835946045
7,140,147,8,8,0.0003158215007901255
7,141,140,8,8,0.004084286318441599
7,142,152,8,8,0.0041903276429913205
7,143,47,8,3,0.001048393266014136
7,144,156,8,8,0.0002792195502239192
7,145,157,8,8,0.0014580153924330652
7,146,141,8,8,0.008257613638059547
7,147,140,8,8,0.0003158215007901255
7,148,159,8,8,0.00024832560530119174
7,149,40,8,3,0.0011934116918255189
7,150,158,8,8,0.0006210311775172173
7,151,158,8,8,0.00020699039673988118
7,152,156,8,8,5.954086568649153e-5
7,153,158,8,8,0.0006393543475147201
7,154,53,8,3,0.0003039662548318667
7,155,144,8,8,0.0006049340557536809
7,156,152,8,8,5.954086568649153e-5
7,157,151,8,8,0.00021675229702267096
7,158,151,8,8,0.00020699039673988118
7,159,148,8,8,0.00024832560530119174
7,160,165,9,9,0.001689949938431079
7,161,160,9,9,0.003082495375489991
7,162,164,9,9,0.004043540439279791
7,163,169,9,9,0.00239435049602299
7,164,172,9,9,0.0003278109490061354
7,165,177,9,9,0.00018367669641372597
7,166,161,9,9,0.01281666685471472
7,167,177,9,9,0.00011922530468011505
7,168,172,9,9,0.0009066452622140675
7,169,176,9,9,0.0010513325563782372
7,170,178,9,9,0.0005404656842279421
7,171,167,9,9,0.0003803851767035793
7,172,164,9,9,0.0003278109490061354
7,173,167,9,9,0.0005315377562903345
7,174,61,9,4,0.00021924775377657468
7,175,169,9,9,0.001390522964567542
7,176,169,9,9,0.0010513325563782372
7,177,167,9,9,0.00011922530468011505
7,178,167,9,9,0.00031974968670678283
7,179,178,9,9,0.0005958073750197412
7,180,187,10,10,0.001405400663660017
7,181,180,10,10,0.004641978279883663
7,182,192,10,10,0.00515450621754765
7,183,81,10,5,0.0015821939623339443
7,184,196,10,10,0.00033465642423702313
7,185,199,10,10,0.0006812186386320196
7,186,181,10,10,0.00985725181396524
7,187,197,10,10,0.00027873503744269
7,188,199,10,10,0.001288786904737993
7,189,184,10,10,0.0013774725153630207
7,190,198,10,10,0.0006261228075792324
7,191,197,10,10,0.00022375487081327528
7,192,196,10,10,0.00010897109956609086
7,193,187,10,10,0.00028071962346032375
7,194,93,10,5,0.00019194325267002377
7,195,189,10,10,0.0015280096901704177
7,196,192,10,10,0.00010897109956609086
7,197,191,10,10,0.00022375487081327528
7,198,191,10,10,0.000335967147433891
7,199,197,10,10,0.0005854561828022575
7,200,274,11,14,0.0010024568435571535
7,201,207,11,11,0.001202653069035886
7,202,212,11,11,0.0009191239469090728
7,203,209,11,11,0.0006786950353252497
7,204,202,11,11,0.0010357565890128928
7,205,202,11,11,0.004884383622101307
7,206,214,11,11,0.00559240912319825
7,207,216,11,11,0.00012453299866543865
7,208,215,11,11,0.0008644769058661073
7,209,203,11,11,0.0006786950353252497
7,210,209,11,11,0.0007685426485235514
7,211,203,11,11,0.0007936349768578044
7,212,202,11,11,0.0009191239469090728
7,213,207,11,11,0.00020890059084011092
7,214,206,11,11,0.00559240912319825
7,215,208,11,11,0.0008644769058661073
7,216,207,11,11,0.00012453299866543865
7,217,219,11,11,0.000305464932889965
7,218,216,11,11,0.00017167219728997374
7,219,217,11,11,0.000305464932889965
7,220,239,12,12,0.0007301716737888597
7,221,227,12,12,0.002010556224441684
7,222,232,12,12,0.0005060559294289835
7,223,229,12,12,0.0006699237507035161
7,224,222,12,12,0.0012962602745258955
7,225,228,12,12,0.0021280330167854355
7,226,234,12,12,0.0016858143298363881
7,227,229,12,12,7.908364070785545e-5
7,228,235,12,12,0.0010609910247079135
7,229,227,12,12,7.908364070785545e-5
7,230,233,12,12,0.0007324227838421127
7,231,235,12,12,0.0010396815103603796
7,232,222,12,12,0.0005060559294289835
7,233,227,12,12,0.0006389500039758467
7,234,253,12,13,0.001359480567123983
7,235,230,12,12,0.0008021852279214148
7,236,223,12,12,0.0007753418232505638
7,237,239,12,12,6.800798783657136e-5
7,238,229,12,12,0.0009485725257563082
7,239,237,12,12,6.800798783657136e-5
7,240,257,13,13,0.0010384321719323353
7,241,253,13,13,0.0012325009388767239
7,242,244,13,13,0.0004099653882627674
7,243,250,13,13,6.889081640459871e-5
7,244,252,13,13,0.00021770493950978853
7,245,255,13,13,0.001149909000241811
7,246,242,13,13,0.0033201377217029204
7,247,256,13,13,1.7217352749065995e-5
7,248,252,13,13,0.0015916110332285793
7,249,243,13,13,0.00020214974524535023
7,250,243,13,13,6.889081640459871e-5
7,251,250,13,13,0.00022888341076998664
7,252,244,13,13,0.00021770493950978853
7,253,258,13,13,5.665410806177107e-5
7,254,246,13,13,0.004319762184177733
7,255,251,13,13,0.00030121462834942214
7,256,247,13,13,1.7217352749065995e-5
7,257,240,13,13,0.0010384321719323353
7,258,253,13,13,5.665410806177107e-5
7,259,247,13,13,0.00020493144043243205
7,260,277,14,14,0.0022784107491755634
7,261,276,14,14,0.0017853892160484275
7,262,264,14,14,0.0009057875040572316
7,263,275,14,14,0.0008425545860839545
7,264,262,14,14,0.0009057875040572316
7,265,262,14,14,0.004549507966320032
7,266,274,14,14,0.013694682982456907
7,267,273,14,14,0.00037557235388185894
7,268,263,14,14,0.0012711511844829548
7,269,276,14,14,0.0004645655013901795
7,270,276,14,14,0.00073555950289661
7,271,263,14,14,0.0016733158272019821
7,272,262,14,14,0.0016733434428071181
7,273,267,14,14,0.00037557235388185894
7,274,200,14,11,0.0010024568435571535
7,275,263,14,14,0.0008425545860839545
7,276,269,14,14,0.0004645655013901795
7,277,279,14,14,0.00014841969567824798
7,278,267,14,14,0.00040805241232400036
7,279,277,14,14,0.00014841969567824798
7,280,297,15,15,0.0011864636782266125
7,281,293,15,15,0.0013100949772120174
7,282,284,15,15,0.0005071620475660676
7,283,290,15,15,0.00020877123740836723
7,284,282,15,15,0.0005071620475660676
7,285,295,15,15,0.0005535684827917553
7,286,220,15,12,0.00363194513182874
7,287,296,15,15,0.00013174050875908172
7,288,285,15,15,0.0015466694699390882
7,289,293,15,15,0.0002798555598284569
7,290,283,15,15,0.00020877123740836723
7,291,283,15,15,0.000417396702363515
7,292,282,15,15,0.0011325816416634105
7,293,289,15,15,0.0002798555598284569
7,294,236,15,12,0.002990444040827045
7,295,285,15,15,0.0005535684827917553
7,296,287,15,15,0.00013174050875908172
7,297,299,15,15,0.0003656816484416403
7,298,287,15,15,0.00015348822517080585
7,299,297,15,15,0.0003656816484416403
8,0,74,1,4,6.9301841943605424
8,1,109,1,6,7.759787223567258
8,2,12,1,1,4.758591959052673
8,3,15,1,1,8.416633554435698
8,4,12,1,1,1.2342666121356203
8,5,11,1,1,4.579108756491472
8,6,114,1,6,3.2381455715828054
8,7,13,1,1,0.5257833075457015
8,8,10,1,1,4.040145388801008
8,9,15,1,1,3.0665522227952025
8,10,7,1,1,0.6229659112422183
8,11,13,1,1,3.322414937095651
8,12,4,1,1,1.2342666121356203
8,13,7,1,1,0.5257833075457015
8,14,97,1,5,15.345738235645143
8,15,9,1,1,3.0665522227952025
8,16,15,1,1,3.0950889811397815
8,17,19,1,1,0.3505342020185864
8,18,17,1,1,0.4013427360518591
8,19,17,1,1,0.3505342020185864
8,20,39,2,2,4.39344955991816
8,21,124,2,7,1.5852533865559764
8,22,32,2,2,3.136927780476263
8,23,29,2,2,0.5212590311963297
8,24,32,2,2,1.5331393596758005
8,25,59,2,3,5.336875717836584
8,26,134,2,7,3.5994320536114373
8,27,36,2,2,0.27939316867263386
8,28,30,2,2,1.8254740265457556
8,29,23,2,2,0.5212590311963297
8,30,33,2,2,0.7653337675550915
8,31,32,2,2,1.1485778474768367
8,32,31,2,2,1.1485778474768367
8,33,27,2,2,0.671316584289265
8,34,43,2,3,4.98557289213975
8,35,29,2,2,0.982186458077436
8,36,37,2,2,0.13769800323625248
8,37,36,2,2,0.13769800323625248
8,38,36,2,2,0.6412590438932781
8,39,37,2,2,0.5119107996561851
8,40,149,3,8,3.507256211711457
8,41,151,3,8,2.4027404877225322
8,42,44,3,3,4.5874118651290345
8,43,49,3,3,2.051428382674267
8,44,52,3,3,0.8141159355576661
8,45,143,3,8,2.767800768520523
8,46,154,3,8,9.861190800867725
8,47,57,3,3,0.9158202352297238
8,48,55,3,3,4.806774402730987
8,49,43,3,3,2.051428382674267
8,50,53,3,3,0.7754168765921321
8,51,53,3,3,0.9782946722823596
8,52,44,3,3,0.8141159355576661
8,53,50,3,3,0.7754168765921321
8,54,42,3,3,11.562636232001672
8,55,56,3,3,0.575332144234558
8,56,55,3,3,0.575332144234558
8,57,47,3,3,0.9158202352297238
8,58,50,3,3,1.185175595284079
8,59,58,3,3,2.0207376664858003
8,60,61,4,4,10.810979825596888
8,61,163,4,9,3.259683591760222
8,62,72,4,4,4.893709887244981
8,63,75,4,4,8.206921020479797
8,64,72,4,4,1.7332240774366454
8,65,174,4,9,5.124277821770647
8,66,100,4,6,2.1618824844679665
8,67,78,4,4,0.5265460969409332
8,68,70,4,4,4.095991050796272
8,69,75,4,4,1.624878338179009
8,70,67,4,4,0.9813288309966879
8,71,73,4,4,3.1427599456124966
8,72,64,4,4,1.7332240774366454
8,73,67,4,4,0.7796212519981367
8,74,0,4,1,6.9301841943605424
8,75,69,4,4,1.624878338179009
8,76,62,4,4,6.978088512498566
8,77,78,4,4,0.2713835987390212
8,78,77,4,4,0.2713835987390212
8,79,77,4,4,0.4872562788737156
8,80,189,5,10,5.915242781291255
8,81,189,5,10,4.624715834449134
8,82,92,5,5,3.7509268828536264
8,83,89,5,5,6.385058773167813
8,84,92,5,5,0.6112829393467507
8,85,91,5,5,4.519685740775138
8,86,194,5,10,5.109524779852464
8,87,93,5,5,0.7113139454502004
8,88,90,5,5,3.40933759280032
8,89,95,5,5,1.5328771019605512
8,90,93,5,5,0.9583246825226084
8,91,93,5,5,1.697804459504269
8,92,84,5,5,0.6112829393467507
8,93,87,5,5,0.7113139454502004
8,94,136,5,7,0.7613281669874539
8,95,89,5,5,1.5328771019605512
8,96,95,5,5,2.3565807053293
8,97,99,5,5,0.6391265678291802
8,98,97,5,5,0.7757865411416276
8,99,97,5,5,0.6391265678291802
8,100,66,6,4,2.1618824844679665
8,101,71,6,4,13.543901368208914
8,102,104,6,6,2.9564513218338817
8,103,115,6,6,7.30587228130873
8,104,112,6,6,1.5819771612539313
8,105,111,6,6,4.544393280193589
8,106,105,6,6,10.953648949936522
8,107,118,6,6,0.4150480575383142
8,108,110,6,6,5.441916723934796
8,109,115,6,6,6.0967019246201914
8,110,107,6,6,0.4433999404056408
8,111,113,6,6,3.2502665490307123
8,112,104,6,6,1.5819771612539313
8,113,107,6,6,0.7717659584573511
8,114,6,6,1,3.2381455715828054
8,115,116,6,6,4.231270740335773
8,116,115,6,6,4.231270740335773
8,117,119,6,6,0.30929418092229355
8,118,107,6,6,0.4150480575383142
8,119,117,6,6,0.30929418092229355
8,120,139,7,7,4.9947135997116305
8,121,140,7,8,9.891759243136804
8,122,124,7,7,3.769341744471035
8,123,129,7,7,0.6494116614851748
8,124,132,7,7,1.075190267958206
8,125,131,7,7,4.69791001587987
8,126,41,7,3,5.722561660230063
8,127,136,7,7,0.4540488322366798
8,128,130,7,7,2.373622536371805
8,129,123,7,7,0.6494116614851748
8,130,127,7,7,0.7222418747263504
8,131,133,7,7,1.3610930317701744
8,132,124,7,7,1.075190267958206
8,133,127,7,7,0.7005761305763727
8,134,58,7,3,3.478809369315954
8,135,129,7,7,0.8875833212781998
8,136,137,7,7,0.19320028644027332
8,137,136,7,7,0.19320028644027332
8,138,136,7,7,0.35000849556809754
8,139,137,7,7,0.4990769572826679
8,140,147,8,8,6.656074397617395
8,141,86,8,5,13.6086619274677
8,142,144,8,8,4.557544112799292
8,143,53,8,3,1.4732113457393936
8,144,152,8,8,0.3325952948637152
8,145,151,8,8,3.5130339862371116
8,146,142,8,8,11.04900059594656
8,147,157,8,8,1.1563532515202581
8,148,155,8,8,3.8522645486636264
8,149,47,8,3,3.469718255308784
8,150,153,8,8,0.9966608897995712
8,151,153,8,8,1.1280522536507291
8,152,144,8,8,0.3325952948637152
8,153,150,8,8,0.9966608897995712
8,154,45,8,3,7.629161438638455
8,155,156,8,8,0.6426304087513088
8,156,155,8,8,0.6426304087513088
8,157,158,8,8,0.9154586196301935
8,158,157,8,8,0.9154586196301935
8,159,157,8,8,2.329993353159715
8,160,177,9,9,19.635426979095058
8,161,160,9,9,20.557377255593913
8,162,172,9,9,4.174559142374953
8,163,61,9,4,3.259683591760222
8,164,172,9,9,2.6297884040645627
8,165,171,9,9,5.129395742899568
8,166,171,9,9,10.990246926013043
8,167,178,9,9,0.30279454452552557
8,168,170,9,9,4.095225084947067
8,169,175,9,9,1.0190902156391672
8,170,167,9,9,0.8975803735806807
8,171,173,9,9,5.004636339079539
8,172,164,9,9,2.6297884040645627
8,173,167,9,9,0.9590958232163729
8,174,65,9,4,5.124277821770647
8,175,169,9,9,1.0190902156391672
8,176,162,9,9,7.178135021386161
8,177,179,9,9,0.6233156520296319
8,178,167,9,9,0.30279454452552557
8,179,177,9,9,0.6233156520296319
8,180,6,10,1,3.4343350569345716
8,181,11,10,1,13.302752734046827
8,182,184,10,10,4.022413941601172
8,183,93,10,5,6.280870845438756
8,184,192,10,10,0.7022849757492935
8,185,191,10,10,3.8920687122440825
8,186,191,10,10,11.594161726946673
8,187,198,10,10,0.6795773806550045
8,188,190,10,10,3.8251436608757103
8,189,195,10,10,2.4057140278913067
8,190,193,10,10,0.7950561839195132
8,191,193,10,10,1.5473312055991357
8,192,184,10,10,0.7022849757492935
8,193,190,10,10,0.7950561839195132
8,194,86,10,5,5.109524779852464
8,195,189,10,10,2.4057140278913067
8,196,195,10,10,4.047703612213354
8,197,198,10,10,0.6655525202780126
8,198,197,10,10,0.6655525202780126
8,199,197,10,10,0.8140924644466736
8,200,217,11,11,1.125336660663379
8,201,208,11,11,2.3037912342809292
8,202,210,11,11,0.932483506874874
8,203,210,11,11,0.748301869533833
8,204,212,11,11,1.5204165783476569
8,205,206,11,11,2.132057160627994
8,206,205,11,11,2.132057160627994
8,207,213,11,11,0.09018234832560523
8,208,202,11,11,1.5395698664977147
8,209,216,11,11,0.05054147740683135
8,210,203,11,11,0.748301869533833
8,211,212,11,11,0.6931034356877319
8,212,211,11,11,0.6931034356877319
8,213,207,11,11,0.09018234832560523
8,214,205,11,11,4.273229257110174
8,215,210,11,11,1.0008810412017297
8,216,209,11,11,0.05054147740683135
8,217,219,11,11,0.1122650207103888
8,218,219,11,11,0.0649660892669317
8,219,218,11,11,0.0649660892669317
8,220,239,12,12,1.038494964251207
8,221,222,12,12,2.5790059211044465
8,222,230,12,12,0.5749001182500777
8,223,230,12,12,0.4827756367922902
8,224,232,12,12,0.4570948978458915
8,225,235,12,12,1.9793322908355222
8,226,235,12,12,2.861198411394014
8,227,233,12,12,0.033051079197448985
8,228,235,12,12,0.5059693494733182
8,229,236,12,12,0.04158900279420408
8,230,229,12,12,0.47670536208957515
8,231,232,12,12,0.5996902060052847
8,232,224,12,12,0.4570948978458915
8,233,227,12,12,0.033051079197448985
8,234,225,12,12,3.5675838241557756
8,235,228,12,12,0.5059693494733182
8,236,229,12,12,0.04158900279420408
8,237,238,12,12,0.021470415846899016
8,238,237,12,12,0.021470415846899016
8,239,237,12,12,0.05625972081979569
8,240,258,13,13,1.2266337663983649
8,241,247,13,13,0.8970105069049481
8,242,248,13,13,0.3930770849052294
8,243,250,13,13,0.048620913901281426
8,244,252,13,13,0.10379451102095771
8,245,255,13,13,0.29905916637335395
8,246,248,13,13,3.134424789580976
8,247,256,13,13,0.01158105224945416
8,248,242,13,13,0.3930770849052294
8,249,250,13,13,0.22718555301900523
8,250,243,13,13,0.048620913901281426
8,251,248,13,13,0.7682005325226697
8,252,244,13,13,0.10379451102095771
8,253,256,13,13,0.046573965976193676
8,254,245,13,13,6.927039467660947
8,255,245,13,13,0.29905916637335395
8,256,247,13,13,0.01158105224945416
8,257,259,13,13,0.20613503103252384
8,258,259,13,13,0.18674787813089466
8,259,258,13,13,0.18674787813089466
8,260,277,14,14,1.5337765850085887
8,261,268,14,14,4.00919269384277
8,262,270,14,14,1.4651458550553542
8,263,270,14,14,1.0852468102643584
8,264,272,14,14,1.6101954446040878
8,265,266,14,14,2.5898492486060434
8,266,265,14,14,2.5898492486060434
8,267,273,14,14,0.07024639465804228
8,268,275,14,14,2.3752198783907588
8,269,276,14,14,0.25163408740051096
8,270,269,14,14,0.7538385454103391
8,271,272,14,14,1.4980628661668405
8,272,271,14,14,1.4980628661668405
8,273,267,14,14,0.07024639465804228
8,274,265,14,14,5.1987901314050475
8,275,270,14,14,1.2446337449214937
8,276,278,14,14,0.2111608744906448
8,277,278,14,14,0.12349793199809511
8,278,279,14,14,0.07579409729816433
8,279,278,14,14,0.07579409729816433
8,280,297,15,15,0.7566375326010686
8,281,288,15,15,2.3773567612013053
8,282,288,15,15,0.5988317264048035
8,283,290,15,15,0.1489222526688394
8,284,292,15,15,1.1624863148490618
8,285,295,15,15,0.06747222872526493
8,286,285,15,15,4.160072371173982
8,287,293,15,15,0.03053640113328271
8,288,282,15,15,0.5988317264048035
8,289,296,15,15,0.022331567329281654
8,290,283,15,15,0.1489222526688394
8,291,292,15,15,0.5101545720247813
8,292,291,15,15,0.5101545720247813
8,293,287,15,15,0.03053640113328271
8,294,221,15,12,3.8194408211086994
8,295,285,15,15,0.06747222872526493
8,296,289,15,15,0.022331567329281654
8,297,299,15,15,0.07584592265080659
8,298,299,15,15,0.017836820565094058
8,299,298,15,15,0.017836820565094058
9,0,18,1,1,1.5293959113514006
9,1,112,1,6,1.0122303457417914
9,2,8,1,1,0.47522548685320487
9,3,15,1,1,0.8019411525567861
9,4,12,1,1,0.5095828166079528
9,5,6,1,1,1.0671980764165596
9,6,114,1,6,0.3379277036014514
9,7,10,1,1,0.1581860259967769
9,8,2,1,1,0.47522548685320487
9,9,16,1,1,0.11735365226323324
9,10,7,1,1,0.1581860259967769
9,11,4,1,1,1.04186604176288
9,12,4,1,1,0.5095828166079528
9,13,7,1,1,0.17900646450075897
9,14,80,1,5,5.674412905505612
9,15,3,1,1,0.8019411525567861
9,16,9,1,1,0.11735365226323324
9,17,19,1,1,0.02139574052851856
9,18,17,1,1,0.09885329443604007
9,19,17,1,1,0.02139574052851856
9,20,38,2,2,0.6691590472741211
9,21,131,2,7,0.6298125731215549
9,22,28,2,2,0.29387089722550996
9,23,29,2,2,0.0838585073316267
9,24,31,2,2,0.24930696253997553
9,25,26,2,2,0.8213521989088903
9,26,134,2,7,0.433867255542026
9,27,36,2,2,0.041184038787271504
9,28,22,2,2,0.29387089722550996
9,29,23,2,2,0.0838585073316267
9,30,33,2,2,0.039588254711425463
9,31,32,2,2,0.10992690754590484
9,32,31,2,2,0.10992690754590484
9,33,30,2,2,0.039588254711425463
9,34,56,2,3,1.4450402781190448
9,35,32,2,2,0.39432077246082997
9,36,27,2,2,0.041184038787271504
9,37,39,2,2,0.008052851056696397
9,38,37,2,2,0.03123498618887055
9,39,37,2,2,0.008052851056696397
9,40,57,3,3,0.7649884082624041
9,41,148,3,8,1.2174197485570843
9,42,48,3,3,0.5322438258616629
9,43,49,3,3,0.17072930889324311
9,44,52,3,3,0.13363106934944824
9,45,48,3,3,0.7345671781286853
9,46,154,3,8,0.604700321573695
9,47,53,3,3,0.05003983580024851
9,48,42,3,3,0.5322438258616629
9,49,56,3,3,0.09245986113262461
9,50,53,3,3,0.08977371548758839
9,51,50,3,3,0.32407939841551325
9,52,44,3,3,0.13363106934944824
9,53,47,3,3,0.05003983580024851
9,54,154,3,8,2.3023495208077946
9,55,52,3,3,0.6119858732677557
9,56,49,3,3,0.09245986113262461
9,57,58,3,3,0.145153420347107
9,58,57,3,3,0.145153420347107
9,59,57,3,3,0.15740770793343017
9,60,78,4,4,2.485253582454412
9,61,175,4,9,1.4246191751787833
9,62,68,4,4,0.8048557400932523
9,63,75,4,4,0.8716849074894029
9,64,72,4,4,0.851469337687945
9,65,66,4,4,1.5106106718090828
9,66,174,4,9,0.23475669766958873
9,67,73,4,4,0.19534086396738815
9,68,62,4,4,0.8048557400932523
9,69,76,4,4,0.2065894075646355
9,70,73,4,4,0.2699391838835936
9,71,64,4,4,1.6508155690839104
9,72,64,4,4,0.851469337687945
9,73,67,4,4,0.19534086396738815
9,74,0,4,1,2.8325189911290636
9,75,63,4,4,0.8716849074894029
9,76,69,4,4,0.2065894075646355
9,77,79,4,4,0.055477338120304864
9,78,77,4,4,0.0675961093348505
9,79,77,4,4,0.055477338120304864
9,80,97,5,5,1.523073769487965
9,81,191,5,10,0.6263168465301305
9,82,88,5,5,0.40076945395956187
9,83,89,5,5,0.585633396065667
9,84,92,5,5,0.3395136905407554
9,85,86,5,5,1.4858657560054453
9,86,194,5,10,0.24231376352998524
9,87,93,5,5,0.0948463734710785
9,88,82,5,5,0.40076945395956187
9,89,96,5,5,0.03371273638462213
9,90,93,5,5,0.11404941529379187
9,91,92,5,5,0.5402375485725699
9,92,84,5,5,0.3395136905407554
9,93,87,5,5,0.0948463734710785
9,94,128,5,7,0.9932489217153488
9,95,92,5,5,0.6535028378594419
9,96,89,5,5,0.03371273638462213
9,97,99,5,5,0.049756576107711226
9,98,97,5,5,0.10649078684140534
9,99,97,5,5,0.049756576107711226
9,100,118,6,6,2.104430262152981
9,101,108,6,6,7.863235306083411
9,102,108,6,6,0.482982801609495
9,103,115,6,6,0.8539933562500224
9,104,112,6,6,0.4101492545527705
9,105,106,6,6,0.7674774094849823
9,106,105,6,6,0.7674774094849823
9,107,110,6,6,0.19746145867971165
9,108,102,6,6,0.482982801609495
9,109,116,6,6,0.14592557707894116
9,110,113,6,6,0.164470991389841
9,111,104,6,6,0.8576155960235923
9,112,104,6,6,0.4101492545527705
9,113,110,6,6,0.164470991389841
9,114,6,6,1,0.3379277036014514
9,115,103,6,6,0.8539933562500224
9,116,109,6,6,0.14592557707894116
9,117,119,6,6,0.04223055435272727
9,118,117,6,6,0.07608401653523345
9,119,117,6,6,0.04223055435272727
9,120,138,7,7,0.7008737081210228
9,121,86,7,5,1.7406867625551286
9,122,128,7,7,0.3353591102883513
9,123,129,7,7,0.05128889500723233
9,124,132,7,7,0.19218272269799996
9,125,126,7,7,0.600819350244187
9,126,125,7,7,0.600819350244187
9,127,130,7,7,0.06702066301242127
9,128,122,7,7,0.3353591102883513
9,129,123,7,7,0.05128889500723233
9,130,133,7,7,0.06391933847776698
9,131,132,7,7,0.17632452406400034
9,132,131,7,7,0.17632452406400034
9,133,130,7,7,0.06391933847776698
9,134,26,7,2,0.433867255542026
9,135,132,7,7,0.6770969928254473
9,136,138,7,7,0.06906990640639066
9,137,139,7,7,0.015444593793624506
9,138,137,7,7,0.06164399657047426
9,139,137,7,7,0.015444593793624506
9,140,157,8,8,0.899059366886874
9,141,41,8,3,4.033294712763102
9,142,148,8,8,0.5973786963625685
9,143,53,8,3,0.3847260571744755
9,144,152,8,8,0.15317795443021254
9,145,148,8,8,0.981229597411378
9,146,145,8,8,2.9955097662639716
9,147,153,8,8,0.03867615433416205
9,148,142,8,8,0.5973786963625685
9,149,156,8,8,0.030969444713910832
9,150,153,8,8,0.1891943736269397
9,151,150,8,8,0.22754449745123395
9,152,144,8,8,0.15317795443021254
9,153,147,8,8,0.03867615433416205
9,154,46,8,3,0.604700321573695
9,155,152,8,8,0.5742912546691628
9,156,149,8,8,0.030969444713910832
9,157,158,8,8,0.09351597989424931
9,158,157,8,8,0.09351597989424931
9,159,157,8,8,0.18252179895745968
9,160,178,9,9,2.5794665203895093
9,161,168,9,9,8.5292026185733
9,162,168,9,9,0.6814620361612072
9,163,176,9,9,0.9679081347860787
9,164,172,9,9,0.4205797139071734
9,165,166,9,9,1.5835427152301875
9,166,165,9,9,1.5835427152301875
9,167,173,9,9,0.23744717490467337
9,168,162,9,9,0.6814620361612072
9,169,176,9,9,0.34712459013417885
9,170,173,9,9,0.18832350922006924
9,171,164,9,9,1.9165752990061904
9,172,164,9,9,0.4205797139071734
9,173,170,9,9,0.18832350922006924
9,174,66,9,4,0.23475669766958873
9,175,169,9,9,0.8688482204068535
9,176,169,9,9,0.34712459013417885
9,177,178,9,9,0.04498986754187939
9,178,177,9,9,0.04498986754187939
9,179,177,9,9,0.056095825423099654
9,180,198,10,10,1.6747330578905988
9,181,188,10,10,5.653365643187904
9,182,188,10,10,0.4330898755124224
9,183,189,10,10,0.5724713104355956
9,184,192,10,10,0.21475465757472278
9,185,186,10,10,1.114818633023333
9,186,185,10,10,1.114818633023333
9,187,193,10,10,0.11058779090966908
9,188,182,10,10,0.4330898755124224
9,189,196,10,10,0.07623614889308072
9,190,193,10,10,0.11889453485029122
9,191,184,10,10,0.49972293793027944
9,192,184,10,10,0.21475465757472278
9,193,187,10,10,0.11058779090966908
9,194,86,10,5,0.24231376352998524
9,195,183,10,10,0.7740824459950915
9,196,189,10,10,0.07623614889308072
9,197,199,10,10,0.05920420628089573
9,198,197,10,10,0.133496932942883
9,199,197,10,10,0.05920420628089573
9,200,217,11,11,0.022156318766509475
9,201,203,11,11,0.05634243633090197
9,202,212,11,11,0.0004772236624437376
9,203,201,11,11,0.05634243633090197
9,204,215,11,11,0.046769718569480645
9,205,214,11,11,0.04810050582089265
9,206,215,11,11,0.006160962684187532
9,207,219,11,11,0.0010780019793412698
9,208,202,11,11,0.0004956648409901732
9,209,219,11,11,0.0028851091284538555
9,210,211,11,11,0.012087524572227837
9,211,208,11,11,0.000555279842600731
9,212,202,11,11,0.0004772236624437376
9,213,216,11,11,0.0014333575171359136
9,214,205,11,11,0.04810050582089265
9,215,206,11,11,0.006160962684187532
9,216,213,11,11,0.0014333575171359136
9,217,207,11,11,0.0014978918881545233
9,218,213,11,11,0.0017604973525706669
9,219,207,11,11,0.0010780019793412698
9,220,239,12,12,0.019526420793944732
9,221,223,12,12,0.04161540067011371
9,222,232,12,12,0.0020824325646018327
9,223,221,12,12,0.04161540067011371
9,224,232,12,12,0.011241622080317093
9,225,228,12,12,0.02812846704533989
9,226,235,12,12,0.00017208219387843116
9,227,237,12,12,0.00150800580419852
9,228,231,12,12,0.003771315488788063
9,229,227,12,12,0.0018027966437932363
9,230,231,12,12,0.002714823395465138
9,231,230,12,12,0.002714823395465138
9,232,222,12,12,0.0020824325646018327
9,233,236,12,12,0.000365462715880005
9,234,225,12,12,0.03585486988609349
9,235,226,12,12,0.00017208219387843116
9,236,233,12,12,0.000365462715880005
9,237,227,12,12,0.00150800580419852
9,238,227,12,12,0.0017100508061738129
9,239,237,12,12,0.002226438589272961
9,240,258,13,13,0.008576388970707338
9,241,253,13,13,0.013123709112407123
9,242,252,13,13,0.000515640961250452
9,243,249,13,13,0.0018219437433151242
9,244,252,13,13,0.0015550249721232312
9,245,255,13,13,0.001052285298937139
9,246,242,13,13,0.005246313113243167
9,247,259,13,13,0.00035099821139389364
9,248,250,13,13,0.002007646084812187
9,249,243,13,13,0.0018219437433151242
9,250,248,13,13,0.002007646084812187
9,251,243,13,13,0.004477807610194895
9,252,242,13,13,0.000515640961250452
9,253,257,13,13,0.0008464751058081532
9,254,245,13,13,0.022771035898120573
9,255,245,13,13,0.001052285298937139
9,256,259,13,13,8.760964864978904e-5
9,257,253,13,13,0.0008464751058081532
9,258,259,13,13,0.0016921784578203813
9,259,256,13,13,8.760964864978904e-5
9,260,273,14,14,0.03410861998214365
9,261,263,14,14,0.11602883030437017
9,262,268,14,14,0.0020994987626092865
9,263,270,14,14,0.11260896601234371
9,264,275,14,14,0.06560456910596812
9,265,271,14,14,0.04785600325132311
9,266,275,14,14,0.01112463778204309
9,267,279,14,14,0.006182974328212687
9,268,272,14,14,0.0008630629962103065
9,269,276,14,14,0.004812587185142547
9,270,271,14,14,0.029320512766629392
9,271,262,14,14,0.005254470957751334
9,272,268,14,14,0.0008630629962103065
9,273,279,14,14,0.00041894137093168027
9,274,265,14,14,0.06035879591444937
9,275,266,14,14,0.01112463778204309
9,276,279,14,14,0.0020755341068934285
9,277,278,14,14,0.0010002203152450484
9,278,277,14,14,0.0010002203152450484
9,279,273,14,14,0.00041894137093168027
9,280,297,15,15,0.0115027852506695
9,281,283,15,15,0.048814256458626026
9,282,292,15,15,0.0007416378672858714
9,283,290,15,15,0.01711252644602168
9,284,282,15,15,0.018098393163312188
9,285,295,15,15,0.00013852282260862214
9,286,284,15,15,0.0224821916915941
9,287,289,15,15,0.000593878900330802
9,288,292,15,15,0.0013241008977870061
9,289,287,15,15,0.000593878900330802
9,290,291,15,15,0.001528495246223116
9,291,290,15,15,0.001528495246223116
9,292,282,15,15,0.0007416378672858714
9,293,298,15,15,6.874129706346821e-6
9,294,295,15,15,0.02679614922129142
9,295,285,15,15,0.00013852282260862214
9,296,289,15,15,0.0008007097275057884
9,297,293,15,15,0.0004928238636148219
9,298,293,15,15,6.874129706346821e-6
9,299,297,15,15,0.0011181172939833672
10,0,18,1,1,8.187057749161113
10,1,5,1,1,71.93406948021516
10,2,15,1,1,24.030282970617122
10,3,10,1,1,7.105226190938083
10,4,11,1,1,17.423619686349298
10,5,14,1,1,26.28704102841982
10,6,114,1,6,23.073211305683913
10,7,13,1,1,3.2640721514082998
10,8,15,1,1,26.73839180867992
10,9,7,1,1,5.461368425623277
10,10,3,1,1,7.105226190938083
10,11,4,1,1,17.423619686349298
10,12,15,1,1,16.31115535361073
10,13,7,1,1,3.2640721514082998
10,14,5,1,1,26.28704102841982
10,15,12,1,1,16.31115535361073
10,16,18,1,1,3.976661928966223
10,17,19,1,1,0.21761952396207107
10,18,16,1,1,3.976661928966223
10,19,17,1,1,0.21761952396207107
10,20,37,2,2,4.928496443853078
10,21,28,2,2,30.399347602684543
10,22,35,2,2,4.345113056549906
10,23,30,2,2,5.037531478896426
10,24,135,2,7,5.54938457985736
10,25,34,2,2,11.477259864891607
10,26,125,2,7,11.487529511075422
10,27,36,2,2,1.5820323121373576
10,28,22,2,2,8.915875445777829
10,29,27,2,2,3.151497464047452
10,30,33,2,2,1.4916121928004031
10,31,32,2,2,5.04642696800164
10,32,31,2,2,5.04642696800164
10,33,30,2,2,1.4916121928004031
10,34,25,2,2,11.477259864891607
10,35,22,2,2,4.345113056549906
10,36,27,2,2,1.5820323121373576
10,37,39,2,2,1.1115710455574117
10,38,39,2,2,0.7628961917497463
10,39,38,2,2,0.7628961917497463
10,40,58,3,3,3.3412905826708084
10,41,48,3,3,12.497389305537695
10,42,44,3,3,3.9096268062361332
10,43,50,3,3,2.165460565107878
10,44,52,3,3,2.4901142604500137
10,45,145,3,8,9.197347155965986
10,46,145,3,8,16.653047137418298
10,47,53,3,3,1.1535883947434513
10,48,155,3,8,10.002743582608332
10,49,43,3,3,2.9848946069830617
10,50,43,3,3,2.165460565107878
10,51,50,3,3,4.030871596991574
10,52,44,3,3,2.4901142604500137
10,53,47,3,3,1.1535883947434513
10,54,154,3,8,38.96454492442433
10,55,155,3,8,28.09471491711679
10,56,47,3,3,1.8222456921621415
10,57,59,3,3,0.7146066732544796
10,58,59,3,3,1.661993802110942
10,59,57,3,3,0.7146066732544796
10,60,78,4,4,10.048434893486956
10,61,62,4,4,97.79507748345424
10,62,72,4,4,24.355252745948064
10,63,70,4,4,11.453309345726211
10,64,71,4,4,39.065749756665866
10,65,66,4,4,29.054875867651504
10,66,174,4,9,8.967094933976
10,67,69,4,4,4.1771266125788316
10,68,75,4,4,23.7090407547538
10,69,67,4,4,4.1771266125788316
10,70,63,4,4,11.453309345726211
10,71,64,4,4,39.065749756665866
10,72,62,4,4,24.355252745948064
10,73,69,4,4,10.129548677898924
10,74,65,4,4,49.593390038567804
10,75,68,4,4,23.7090407547538
10,76,69,4,4,6.084372395960486
10,77,79,4,4,1.247537106521122
10,78,60,4,4,10.048434893486956
10,79,77,4,4,1.247537106521122
10,80,98,5,5,3.8472527969141765
10,81,85,5,5,27.08810944735808
10,82,95,5,5,9.420900969000854
10,83,90,5,5,3.433022565802389
10,84,192,5,10,7.116302226494554
10,85,94,5,5,9.25116599720593
10,86,194,5,10,11.68133612558131
10,87,93,5,5,1.6138675967314384
10,88,82,5,5,13.337512465291184
10,89,87,5,5,3.060579746197618
10,90,83,5,5,3.433022565802389
10,91,92,5,5,6.096548841462777
10,92,91,5,5,6.096548841462777
10,93,87,5,5,1.6138675967314384
10,94,85,5,5,9.25116599720593
10,95,90,5,5,8.856822312989607
10,96,98,5,5,1.6335323846694791
10,97,89,5,5,6.682295402303453
10,98,99,5,5,1.5192310659133454
10,99,98,5,5,1.5192310659133454
10,100,119,6,6,14.149517695025452
10,101,105,6,6,73.65822750206144
10,102,110,6,6,13.724788173335924
10,103,110,6,6,8.888350585802414
10,104,113,6,6,39.485073379034134
10,105,106,6,6,22.85701556172603
10,106,105,6,6,22.85701556172603
10,107,113,6,6,3.523351497757517
10,108,102,6,6,24.773408074745817
10,109,116,6,6,6.138883993494574
10,110,103,6,6,8.888350585802414
10,111,112,6,6,17.91300452311566
10,112,102,6,6,15.591906276754571
10,113,107,6,6,3.523351497757517
10,114,6,6,1,23.073211305683913
10,115,103,6,6,20.51508263750418
10,116,107,6,6,4.598682107050763
10,117,119,6,6,4.475345195257432
10,118,116,6,6,6.116621690400166
10,119,117,6,6,4.475345195257432
10,120,137,7,7,4.626459038752614
10,121,128,7,7,23.49460903879276
10,122,135,7,7,5.125575947132347
10,123,130,7,7,3.4147089968531645
10,124,132,7,7,8.356780912448812
10,125,134,7,7,9.784532815991156
10,126,128,7,7,23.91315154243
10,127,133,7,7,0.813656419282097
10,128,122,7,7,9.875766875308841
10,129,139,7,7,3.2712343857780297
10,130,133,7,7,2.781775441992295
10,131,132,7,7,2.7719583753759025
10,132,131,7,7,2.7719583753759025
10,133,127,7,7,0.813656419282097
10,134,125,7,7,9.784532815991156
10,135,122,7,7,5.125575947132347
10,136,127,7,7,0.9564869325162135
10,137,139,7,7,3.9831372626292705
10,138,136,7,7,1.5778571127029863
10,139,138,7,7,1.9596461040124495
10,140,158,8,8,2.070368134618093
10,141,148,8,8,17.52230306698152
10,142,144,8,8,3.851989350205372
10,143,149,8,8,2.9627741540623447
10,144,152,8,8,2.297928317424976
10,145,45,8,3,9.197347155965986
10,146,148,8,8,18.103575597219674
10,147,153,8,8,1.1272973917449463
10,148,142,8,8,10.932312615874821
10,149,143,8,8,2.9627741540623447
10,150,143,8,8,3.503080368610881
10,151,150,8,8,3.5117579629314832
10,152,144,8,8,2.297928317424976
10,153,147,8,8,1.1272973917449463
10,154,45,8,3,27.245388739031227
10,155,48,8,3,10.002743582608332
10,156,159,8,8,1.5623929505297838
10,157,158,8,8,1.3411757682702046
10,158,157,8,8,1.3411757682702046
10,159,156,8,8,1.5623929505297838
10,160,178,9,9,12.565322175100846
10,161,165,9,9,137.3949931152482
10,162,172,9,9,30.35784565891265
10,163,170,9,9,18.06700453682572
10,164,171,9,9,42.639106987682226
10,165,166,9,9,11.144321658843296
10,166,165,9,9,11.144321658843296
10,167,173,9,9,8.263716358654847
10,168,162,9,9,36.38555045421356
10,169,176,9,9,4.378296524657458
10,170,176,9,9,12.398982449639107
10,171,172,9,9,37.461220522534745
10,172,170,9,9,29.5716215479697
10,173,167,9,9,8.263716358654847
10,174,66,9,4,8.967094933976
10,175,169,9,9,25.66241580126814
10,176,169,9,9,4.378296524657458
10,177,179,9,9,3.926400029123215
10,178,179,9,9,8.099835099789175
10,179,177,9,9,3.926400029123215
10,180,198,10,10,6.08649966955295
10,181,188,10,10,51.648125002076654
10,182,190,10,10,5.953073389591168
10,183,190,10,10,5.130705324229325
10,184,193,10,10,25.305390767458334
10,185,194,10,10,11.176652647078754
10,186,86,10,5,35.297856700176794
10,187,193,10,10,1.8688457094913247
10,188,182,10,10,11.584480140278743
10,189,196,10,10,1.914087740875516
10,190,183,10,10,5.130705324229325
10,191,192,10,10,0.5633722743274348
10,192,191,10,10,0.5633722743274348
10,193,187,10,10,1.8688457094913247
10,194,185,10,10,11.176652647078754
10,195,182,10,10,8.24575586007927
10,196,198,10,10,1.7296807409510393
10,197,199,10,10,4.170321941855832
10,198,196,10,10,1.7296807409510393
10,199,196,10,10,3.389110040387436
10,200,219,11,11,9.873748342754604e-6
10,201,203,11,11,0.0035795477291513944
10,202,216,11,11,0.00010893037839674463
10,203,205,11,11,0.0014639332149532338
10,204,206,11,11,0.0020173041622520123
10,205,210,11,11,0.0006420236500561151
10,206,208,11,11,0.0001817911027039538
10,207,200,11,11,5.188344750389068e-5
10,208,211,11,11,1.8780328644281852e-5
10,209,212,11,11,0.00011853290549886531
10,210,205,11,11,0.0006420236500561151
10,211,208,11,11,1.8780328644281852e-5
10,212,216,11,11,2.9936078902655615e-5
10,213,216,11,11,0.00013041074034534327
10,214,215,11,11,0.0
10,215,214,11,11,0.0
10,216,212,11,11,2.9936078902655615e-5
10,217,212,11,11,0.00011452701421300025
10,218,213,11,11,0.000454459277524806
10,219,200,11,11,9.873748342754604e-6
10,220,232,12,12,0.00023338920892708882
10,221,223,12,12,0.002324757963466019
10,222,237,12,12,1.367076626077393e-7
10,223,225,12,12,4.522457517706002e-5
10,224,220,12,12,0.0003310587990755917
10,225,223,12,12,4.522457517706002e-5
10,226,214,12,11,0.0
10,227,238,12,12,3.2248095557806805e-5
10,228,230,12,12,0.00011433829348412704
10,229,231,12,12,6.0182204525160684e-5
10,230,233,12,12,2.0197176530584648e-5
10,231,229,12,12,6.0182204525160684e-5
10,232,220,12,12,0.00023338920892708882
10,233,230,12,12,2.0197176530584648e-5
10,234,214,12,11,0.0
10,235,214,12,11,0.0
10,236,227,12,12,0.0003268680394626633
10,237,222,12,12,1.367076626077393e-7
10,238,227,12,12,3.2248095557806805e-5
10,239,229,12,12,6.500929692965652e-5
10,240,259,13,13,0.0005118278704633644
10,241,248,13,13,0.00010932280982784912
10,242,214,13,11,0.0
10,243,249,13,13,0.00011635451160617213
10,244,214,13,11,0.0
10,245,214,13,11,0.0
10,246,214,13,11,0.0
10,247,253,13,13,6.927564568111821e-5
10,248,241,13,13,0.00010932280982784912
10,249,255,13,13,7.694675556588928e-5
10,250,214,13,11,0.0
10,251,243,13,13,0.0006100377029600362
10,252,249,13,13,8.867618489181204e-5
10,253,247,13,13,6.927564568111821e-5
10,254,214,13,11,0.0
10,255,249,13,13,7.694675556588928e-5
10,256,214,13,11,0.0
10,257,241,13,13,0.0006456580659386243
10,258,214,13,11,0.0
10,259,247,13,13,0.0004300883280239612
10,260,279,14,14,0.0001713481684293451
10,261,263,14,14,0.008101332975068612
10,262,268,14,14,0.0001740489022196293
10,263,274,14,14,0.007724448617220538
10,264,266,14,14,0.002771855654995387
10,265,271,14,14,3.095310991994577e-5
10,266,275,14,14,0.00010615499735853236
10,267,260,14,14,0.0002998007781483021
10,268,272,14,14,0.00010748566569872709
10,269,276,14,14,0.0002749242003831035
10,270,265,14,14,0.0005805787942003097
10,271,265,14,14,3.095310991994577e-5
10,272,268,14,14,0.00010748566569872709
10,273,277,14,14,0.00045892645286848763
10,274,270,14,14,0.0010471912538986133
10,275,266,14,14,0.00010615499735853236
10,276,277,14,14,0.0001434523358372075
10,277,276,14,14,0.0001434523358372075
10,278,277,14,14,0.00017953850082506884
10,279,260,14,14,0.0001713481684293451
10,280,299,15,15,0.0004360092512594614
10,281,295,15,15,0.0004387069403263095
10,282,214,15,11,0.0
10,283,285,15,15,0.00017958808168199716
10,284,214,15,11,0.0001043036499964158
10,285,283,15,15,0.00017958808168199716
10,286,214,15,11,0.0
10,287,297,15,15,9.42279794153276e-6
10,288,214,15,11,0.0
10,289,287,15,15,0.00010959059776560385
10,290,291,15,15,4.800779570016892e-7
10,291,290,15,15,4.800779570016892e-7
10,292,298,15,15,1.2641143405979667e-5
10,293,298,15,15,4.805956967737779e-7
10,294,214,15,11,0.0
10,295,283,15,15,0.00021297217317517913
10,296,292,15,15,2.4823155198328787e-5
10,297,287,15,15,9.42279794153276e-6
10,298,293,15,15,4.805956967737779e-7
10,299,293,15,15,7.001272550059834e-5
